餐廳名稱,留言者,留言者身分,留言時間,星級評等,評論內容
花園夜市,謝政諺,在地嚮導 · 5 則評論 · 35 張相片,24 分鐘前,5 顆星,東東拔絲地瓜！好吃又便宜.來花園夜市一定要去買來吃的.邊走邊吃逛夜市才有逛夜市的感覺.
花園夜市,吳冠臻,3 則評論 · 7 張相片,3 小時前,2 顆星,
花園夜市,黃金龍,在地嚮導 · 15 則評論 · 3 張相片,4 小時前,3 顆星,
花園夜市,宮﨑英之（らくだねこ）,1 則評論 · 6 張相片,6 小時前,4 顆星,"當地活力令人驚嘆
食物和飲料都很棒"
花園夜市,Tsurara Oikawa,在地嚮導 · 68 則評論 · 95 張相片,13 小時前,4 顆星,"人很多，停車等很久
碳烤雞排超好吃（檸檬梅子口味）"
花園夜市,Ferry Kurniawan,在地嚮導 · 8 則評論 · 17 張相片,14 小時前,5 顆星,
花園夜市,恩霈,在地嚮導 · 17 則評論 · 9 張相片,14 小時前,5 顆星,
花園夜市,吳宇平,在地嚮導 · 29 則評論 · 2 張相片,21 小時前,5 顆星,
花園夜市,Blaise Chen,在地嚮導 · 127 則評論 · 341 張相片,22 小時前,5 顆星,
花園夜市,王裕（WANG YU）,在地嚮導 · 58 則評論 · 79 張相片,1 天前,5 顆星,大部分食物都不錯，區域非常大很多樣，遊戲多元但也不便宜😂😂😂 …
花園夜市,王元宏,在地嚮導 · 39 則評論 · 3 張相片,1 天前,5 顆星,
花園夜市,邱千珍,14 則評論 · 4 張相片,1 天前,5 顆星,讚
花園夜市,在地上爬,2 則評論,1 天前,5 顆星,
花園夜市,人面花,在地嚮導 · 137 則評論 · 21 張相片,1 天前,3 顆星,大地標但沒什麼太大差異
花園夜市,蔡鴨子,在地嚮導 · 3 則評論,1 天前,4 顆星,
花園夜市,家華,在地嚮導 · 47 則評論 · 119 張相片,2 天前,1 顆星,"整體來說，推薦酵素臭豆腐，烤魚沒吃但看起來不錯，還有現烤麵包，阿嬤坐旁邊抹著香蒜醬，很香但我沒買不知道好不好吃，玩的很多，很好停機車，騎車有夜市免費的，但應該都被商家停滿，附近一次$150，推薦大東夜市，比較找得到好吃的東西。
吃了
1. 飲8呼爽$36：古早味紅茶35，忘記調甜度，甜到會起痰，順口不澀還ok
2京典酵素臭豆腐$70：真的很好吃，內用先入座找位子後點餐，外層的炸皮很特別，有密集氣泡感，內層豆腐很軟嫩吸飽醬汁，超好吃，泡菜偏鹹，不喜歡，感覺單吃臭豆腐本人就很好吃了吧，可以不搭泡菜！
3. 新宿章魚小丸子$50：沒吃過這麼難吃的章魚燒，章魚小塊就算了，裡面還有點空心，沒有什麼麵糊，醬料很閒，很重口味，不知道在吃什麼，很痛苦。
4. 碳烤雞排$80 ：競爭激烈的碳烤雞排都在同排，我買旁邊有拉線要排隊的那家，看到傳統雞排很大炸過刷醬烤，感覺就很好吃，結果買了肉比皮還薄，皮超鹹超硬，很像買炸物冷藏一晚後再拿出來氣炸的口感，吃一口後不想吃皮只想吃肉，也找不到肉，都是皮，一片80，賣這樣，真沒道德。"
花園夜市,Hamusuta,7 則評論 · 1 張相片,2 天前,5 顆星,很多好吃的東西
花園夜市,蘇玉華,,2 天前,5 顆星,
花園夜市,仙茶坊 中和興南店,在地嚮導 · 19 則評論 · 15 張相片,2 天前,5 顆星,👍 值得來訪 …
花園夜市,Tony Xu,在地嚮導 · 33 則評論 · 38 張相片,2 天前,3 顆星,那裡的食物還可以。
花園夜市,洄瀾,2 則評論,2 天前,5 顆星,吃的與遊戲分類清楚，值得一逛
花園夜市,D avid,5 則評論 · 10 張相片,2 天前,4 顆星,
花園夜市,C Erica,在地嚮導 · 66 則評論 · 48 張相片,2 天前,5 顆星,"看到人很多跟著排就對了！
雖然有點貴不過份量很多
美祿口味ㄉ推推"
花園夜市,chynsb,在地嚮導 · 15 則評論 · 10 張相片,2 天前,5 顆星,"花園夜市吃喝玩樂全包了，各式美食與各項商品應有盡有，就連3C產品與寵物服飾都找的到.
最棒的是還有提供停車場供使用，不管是騎車或開車來都非常方便."
花園夜市,Daniel Chang,9 則評論 · 3 張相片,2 天前,4 顆星,好多店重複逛到有點無聊
花園夜市,qubeley yeung,在地嚮導 · 7 則評論 · 22 張相片,3 天前,5 顆星,
花園夜市,志勇林,在地嚮導 · 13 則評論 · 45 張相片,3 天前,5 顆星,
花園夜市,RINKO,在地嚮導 · 218 則評論 · 304 張相片,3 天前,4 顆星,我認為廁所裡沒有紙。
花園夜市,YL Z,在地嚮導 · 16 則評論 · 6 張相片,3 天前,5 顆星,整潔乾淨 台南最大夜市了 東西很多 可以逛蠻久的 推推濃五吉拿棒 每次去必買
花園夜市,KANGMIN LEE,在地嚮導 · 46 則評論 · 253 張相片,3 天前,5 顆星,這是很少韓國人見過的當地夜市。開放日期已定，所以去之前請先檢查一下。
花園夜市,林錦宏,在地嚮導 · 41 則評論,3 天前,4 顆星,免費停車的車位有限，另外雖然有收費停車場但是我們是從高雄出發前去逛夜市的，油錢、過路費、停車費、這些額外的費用太多會影響我們去花園夜市的意願，所以我個人比較偏向武聖夜市
花園夜市,羅盛謙,在地嚮導 · 18 則評論 · 14 張相片,3 天前,5 顆星,
花園夜市,Ying Yao (Ying Yao),1 則評論 · 1 張相片,3 天前,5 顆星,
花園夜市,Tuna Fish,在地嚮導 · 56 則評論 · 16 張相片,4 天前,5 顆星,夜市規模相當大，有各種各樣的東西
花園夜市,劉國隆,1 則評論 · 16 張相片,4 天前,4 顆星,
花園夜市,洪菁華,在地嚮導 · 2 則評論 · 2 張相片,4 天前,5 顆星,
花園夜市,Ronny Ch,在地嚮導 · 27 則評論 · 77 張相片,4 天前,5 顆星,晚上很忙
花園夜市,Martin Chan,在地嚮導 · 104 則評論 · 218 張相片,4 天前,5 顆星,擠不進去，停車不方便。
花園夜市,謝東穎,,4 天前,4 顆星,
花園夜市,魂魂,2 則評論,4 天前,1 顆星,男廁沒有大號的 請問去旁邊樹下拉嗎?
花園夜市,J,在地嚮導 · 225 則評論 · 160 張相片,4 天前,5 顆星,東西好吃 😋 …
花園夜市,Cathy chiu,"在地嚮導 · 292 則評論 · 1,930 張相片",4 天前,5 顆星,攤位很多，好吃又好玩，種類也很多，來台南必逛
花園夜市,Ivan Gladkov,在地嚮導 · 76 則評論 · 28 張相片,5 天前,5 顆星,
花園夜市,Frieda Huang,在地嚮導 · 36 則評論 · 94 張相片,5 天前,3 顆星,"夜市總共有四個出入口，也有提供汽機車停車格，在2號（？不太確定是幾號）出口旁設有廁所以及垃圾桶，規劃的非常好👍

❶東西都蠻便宜實惠的👍
❷感覺有分區域規劃：遊戲區基本上就沒有賣食物的攤販，食物區也只會有飲料和小吃，沒有混雜的情況。
❸花園夜市腹地大、又是方形規劃，讓人有種無從下手的感覺，像無頭蒼蠅般的逛，感覺沒辦法澈底的逛到100%
❹機車停車場空間狹窄+沒有動線規劃，以致會與對向來車狹路相逢，不憂。

整體而言，價格以及規劃都很優秀，但氛圍以及沒有動線規劃導致不會想來第二次"
花園夜市,adhipati thosa karanggumenggeng,"在地嚮導 · 48 則評論 · 1,130 張相片",5 天前,5 顆星,
花園夜市,Shinya Mukai,"在地嚮導 · 1,847 則評論 · 14,741 張相片",5 天前,5 顆星,晚餐後他們帶我來。很有趣！我買了一些水果就回家了。
花園夜市,張智華,7 則評論 · 8 張相片,5 天前,5 顆星,
花園夜市,踏雪,在地嚮導 · 19 則評論 · 18 張相片,5 天前,5 顆星,好玩好逛
花園夜市,Chung,在地嚮導 · 18 則評論,5 天前,4 顆星,
花園夜市,張毓婷,在地嚮導 · 27 張相片,5 天前,5 顆星,
花園夜市,Stanley,"在地嚮導 · 2 則評論 · 1,709 張相片",5 天前,5 顆星,
花園夜市,林聖博,在地嚮導 · 26 則評論 · 8 張相片,5 天前,3 顆星,停車場位子有點少
花園夜市,陳彥廷,在地嚮導 · 192 則評論 · 162 張相片,5 天前,5 顆星,花園夜市真的超熱鬧！一走進去就是人山人海，整個氣氛超級熱血。美食多到讓人眼花撩亂，像是炭烤雞排、炸魷魚、大腸包小腸，每攤都讓我想停下來買。尤其那家現打果汁，芒果汁冰冰涼涼的，喝下去真的好滿足。雖然人多到有點擠，有時候還要排隊排很久，但那種和朋友邊走邊吃、邊聊天的感覺，真的很棒。有幾攤小遊戲也很有趣，像是射氣球、套圈圈，雖然沒贏什麼獎品，但玩得超開心。整體來說，花園夜市是一個能吃、能玩、又能放鬆心情的好地方，每次來都覺得這裡充滿活力。真的超推薦給沒來過的人，一定要親自來體驗看看！
花園夜市,Hung,在地嚮導 · 101 則評論 · 1 張相片,5 天前,3 顆星,普通
花園夜市,柴柴,在地嚮導 · 22 則評論 · 4 張相片,5 天前,5 顆星,
花園夜市,Jane,在地嚮導 · 93 則評論 · 104 張相片,5 天前,4 顆星,
花園夜市,iqbal ikromi,"在地嚮導 · 328 則評論 · 2,706 張相片",6 天前,5 顆星,迷人的！
花園夜市,天花板,"在地嚮導 · 85 則評論 · 1,404 張相片",6 天前,5 顆星,
花園夜市,Duc Bui Duy,在地嚮導 · 47 則評論 · 9 張相片,6 天前,5 顆星,放鬆和尋找當地美食的好地方。夏天這個地方會非常擁擠和炎熱。
花園夜市,呂宗文,在地嚮導 · 16 則評論 · 31 張相片,6 天前,4 顆星,
花園夜市,阮建霖,在地嚮導 · 11 則評論 · 97 張相片,6 天前,5 顆星,
花園夜市,黃靖雅,13 則評論 · 3 張相片,6 天前,5 顆星,
花園夜市,poki liang,在地嚮導 · 114 則評論 · 74 張相片,1 週前,4 顆星,好多人。好多吃的。好擠
花園夜市,Wayne Wong,1 則評論 · 7 張相片,1 週前,4 顆星,
花園夜市,智智,在地嚮導 · 1 則評論 · 1 張相片,1 週前,4 顆星,
花園夜市,Sunny_Sun,在地嚮導 · 32 則評論 · 14 張相片,1 週前,5 顆星,
花園夜市,Jennah Jennah,在地嚮導 · 16 則評論 · 24 張相片,1 週前,5 顆星,我喜歡這個夜市，因為它有很多食物。
花園夜市,林駿瑜,在地嚮導 · 14 則評論,1 週前,5 顆星,
花園夜市,劉昱恩,在地嚮導 · 17 則評論 · 90 張相片,1 週前,4 顆星,
花園夜市,jo di Chen,在地嚮導 · 17 則評論 · 67 張相片,1 週前,5 顆星,
花園夜市,Ethan Ong Wee Tiong,在地嚮導 · 99 則評論 · 336 張相片,1 週前,5 顆星,可能是台南（甚至全台灣）最大的夜市。這個地方真的非常非常大，一晚根本走不完整個夜市。人潮同樣非常龐大。超級打包。
花園夜市,張宇君,1 則評論 · 14 張相片,1 週前,5 顆星,
花園夜市,張庭瑋,4 則評論,1 週前,5 顆星,
花園夜市,peter chang,在地嚮導,1 週前,5 顆星,
花園夜市,一路的小姊姊,在地嚮導 · 78 則評論 · 16 張相片,1 週前,5 顆星,好大
花園夜市,Kai Bin Chen,在地嚮導 · 14 則評論 · 51 張相片,1 週前,4 顆星,
花園夜市,林林,在地嚮導 · 60 則評論 · 45 張相片,1 週前,5 顆星,當天下午有下雨  很多攤沒開
花園夜市,林美幸,3 則評論,1 週前,5 顆星,
花園夜市,ing t,在地嚮導 · 29 則評論 · 18 張相片,1 週前,5 顆星,
花園夜市,23-張筱蔚,在地嚮導 · 15 則評論 · 9 張相片,1 週前,5 顆星,二師兄滷味真的太好吃啦😋 …
花園夜市,林欣怡,在地嚮導 · 1 則評論 · 24 張相片,1 週前,5 顆星,
花園夜市,Jia Liu,"在地嚮導 · 498 則評論 · 3,542 張相片",1 週前,4 顆星,😎 …
花園夜市,駝駱,在地嚮導 · 7 則評論 · 4 張相片,1 週前,4 顆星,
花園夜市,Pei,在地嚮導 · 55 則評論 · 387 張相片,1 週前,4 顆星,
花園夜市,Alin Weng,4 則評論,1 週前,5 顆星,
花園夜市,MAX WEI,在地嚮導 · 16 則評論 · 14 張相片,1 週前,5 顆星,
花園夜市,Man LING,2 則評論 · 1 張相片,1 週前,5 顆星,花園夜市太好玩了 各位來台南 必須來這裡 食物多地方大
花園夜市,柔（餓魚）,在地嚮導 · 144 則評論 · 280 張相片,1 週前,4 顆星,
花園夜市,龔柏瑋,在地嚮導 · 24 則評論 · 79 張相片,1 週前,5 顆星,
花園夜市,yaren lee,在地嚮導 · 37 則評論 · 68 張相片,1 週前,5 顆星,超好玩
花園夜市,P P,在地嚮導,1 週前,4 顆星,
花園夜市,俊良陳,2 則評論 · 4 張相片,1 週前,5 顆星,
花園夜市,盧秉松,在地嚮導 · 1 張相片,1 週前,3 顆星,
花園夜市,HUNG YI TSAI,在地嚮導 · 4 則評論 · 3 張相片,1 週前,5 顆星,
花園夜市,PETER JIN,在地嚮導 · 196 則評論 · 176 張相片,1 週前,4 顆星,同質性食品攤位稍多，應加強多樣化以增加營業績效。
花園夜市,吳鈞揚,在地嚮導 · 141 則評論 · 88 張相片,1 週前,1 顆星,價格貴得嚇人，連台南人都不太去逛，去一般的夜市買個鳳螺才100～120，這裡少說要160以上，走一趟吃個晚餐沒1000元不太可能，且行走的通道太小，為了多收一些攤費，多塞爆一堆攤子，逛起來只有肩膀磨肩膀的擁擠，一點都不舒適與便利⋯超不舒服也不推
花園夜市,張偉昇,在地嚮導 · 24 則評論 · 6 張相片,1 週前,4 顆星,
花園夜市,歐宇,14 則評論 · 1 張相片,1 週前,5 顆星,
花園夜市,tinh nguyen van,,1 週前,5 顆星,
花園夜市,張薰文,在地嚮導 · 21 則評論 · 9 張相片,1 週前,5 顆星,"聽說台南的夜市很有名 一定要來朝聖
攤販很多 也超熱鬧 唯一不足的美食的地方
每條路都超小條 但很好吃也很好逛
我才是久久來一次就好 我很怕人擠人☺️"
花園夜市,喜歡尹,在地嚮導 · 12 則評論 · 45 張相片,1 週前,5 顆星,
花園夜市,Wanda Yang,15 則評論 · 2 張相片,1 週前,5 顆星,
花園夜市,Sam Sam耳光,6 則評論 · 8 張相片,1 週前,5 顆星,
花園夜市,Porn Kanett,在地嚮導 · 36 則評論 · 26 張相片,1 週前,5 顆星,都很美味我喜歡所有的菜單
花園夜市,邱家棋,在地嚮導 · 72 則評論 · 28 張相片,1 週前,5 顆星,
花園夜市,sea chen,12 則評論,1 週前,5 顆星,小吃多
花園夜市,vanessa woesteland,在地嚮導 · 164 則評論 · 391 張相片,1 週前,4 顆星,很多食物和遊戲
花園夜市,Yi-liang Chen,"在地嚮導 · 735 則評論 · 1,015 張相片",1 週前,4 顆星,
花園夜市,M,在地嚮導 · 141 則評論 · 33 張相片,1 週前,3 顆星,就...整體來說 還好 一開始進去還覺得不錯 踩了幾攤的雷後就覺得還好了..
花園夜市,梁琬媜,在地嚮導 · 22 則評論 · 65 張相片,1 週前,5 顆星,
花園夜市,YunFeng Lu,在地嚮導 · 26 則評論 · 25 張相片,1 週前,4 顆星,每樣吃的美食攤都超多人。。。。
花園夜市,Vukile Masango,在地嚮導 · 16 則評論 · 16 張相片,1 週前,5 顆星,
花園夜市,被房務耽誤的美食評論員,在地嚮導 · 12 則評論 · 14 張相片,1 週前,5 顆星,
花園夜市,陳勁偉,1 則評論 · 1 張相片,1 週前,5 顆星,
花園夜市,魏育山,"在地嚮導 · 44 則評論 · 1,465 張相片",1 週前,5 顆星,
花園夜市,Frank Hsu,在地嚮導 · 140 則評論 · 458 張相片,1 週前,5 顆星,快十年沒來還是很好逛，不過價格確實有比之前高，畢竟這幾年物價上漲，之後再找機會來走走。
花園夜市,210 25陳宥澄,在地嚮導 · 51 則評論 · 373 張相片,1 週前,5 顆星,
花園夜市,Architecture Jing,在地嚮導 · 33 則評論 · 19 張相片,1 週前,4 顆星,
花園夜市,鄭合傑,13 則評論 · 3 張相片,1 週前,3 顆星,
花園夜市,許瓊文,在地嚮導 · 22 則評論,1 週前,5 顆星,免費停車超佛！
花園夜市,Simon Tu,11 則評論 · 2 張相片,1 週前,2 顆星,沒停車位，沒捷運，交通不便，空間不足太擠，
花園夜市,小E,在地嚮導 · 15 則評論 · 7 張相片,1 週前,4 顆星,"人多
攤販賣的東西都大同小異
有些偏貴..."
花園夜市,吳佳蓉,在地嚮導 · 30 則評論 · 7 張相片,1 週前,5 顆星,很棒很好吃
花園夜市,楊芷庭,在地嚮導 · 11 則評論 · 2 張相片,1 週前,5 顆星,
花園夜市,邱詠瑄,4 則評論 · 2 張相片,1 週前,5 顆星,
花園夜市,Don Lau,在地嚮導 · 9 則評論 · 14 張相片,2 週前,5 顆星,"這個夜市星期四，六，日開放
很熱鬧，食物好味"
花園夜市,david opp,"在地嚮導 · 789 則評論 · 2,821 張相片",2 週前,2 顆星,"過譽的夜市，東西很普通啊……入口處很臭
只有‘’金甲好球‘’還不錯，其他都……。不會想要再來了"
花園夜市,潘文凱,在地嚮導 · 3 則評論,2 週前,5 顆星,
花園夜市,周大為,在地嚮導 · 83 則評論 · 4 張相片,2 週前,3 顆星,繞了一圈，沒啥特別想吃的，觀光性夜市感覺大同小異
花園夜市,邱榮華,6 則評論,2 週前,5 顆星,滿棒的夜市
花園夜市,J.R Wu,在地嚮導 · 32 則評論 · 73 張相片,2 週前,5 顆星,難免有點堵，不過逛起來很舒服，每條逛的路很寬敞。會再來。
花園夜市,林承恆,3 則評論 · 1 張相片,2 週前,5 顆星,
花園夜市,企鵝鵝,在地嚮導 · 31 則評論 · 14 張相片,2 週前,5 顆星,好好逛
花園夜市,WeiWei Sign H,6 則評論,2 週前,5 顆星,各式各樣的攤位都有
花園夜市,健榮高,在地嚮導 · 19 則評論 · 3 張相片,2 週前,5 顆星,
花園夜市,陳嘎豪,在地嚮導 · 1 則評論,2 週前,3 顆星,
花園夜市,明天,9 則評論 · 4 張相片,2 週前,4 顆星,人好多~~
花園夜市,金貝貝,4 則評論,2 週前,5 顆星,好玩
花園夜市,黃先生,1 則評論,2 週前,3 顆星,
花園夜市,愛麗絲唷,"在地嚮導 · 266 則評論 · 1,571 張相片",2 週前,4 顆星,很熱鬧的夜市，賣的小吃不那麼像觀光夜市都一樣，可惜外圈很多人抽菸，都是煙味
花園夜市,李金珠,在地嚮導 · 11 則評論 · 101 張相片,2 週前,5 顆星,"果然夜市我第一名的牛排全壘打好吃
黃家烤魚跟蒜頭蛤ㄚ湯 真的天下無敵"
花園夜市,JL,在地嚮導 · 72 則評論 · 49 張相片,2 週前,4 顆星,攤位多，但是有些擁擠。
花園夜市,楊酒窩,在地嚮導 · 478 則評論 · 104 張相片,2 週前,5 顆星,台南必來景點
花園夜市,謝孝宗,"在地嚮導 · 233 則評論 · 1,529 張相片",2 週前,5 顆星,很多好吃的攤位、值得一逛
花園夜市,BRooke Lin,在地嚮導 · 308 則評論 · 754 張相片,2 週前,5 顆星,太多好吃的了，讚
花園夜市,王國祐,在地嚮導 · 9 則評論 · 2 張相片,2 週前,5 顆星,很熱鬧 很多好吃的
花園夜市,Lz,3 則評論,2 週前,3 顆星,
花園夜市,Chaisakura Sakura,2 則評論 · 4 張相片,2 週前,5 顆星,
花園夜市,Ho trung thanh Nguyen,,2 週前,5 顆星,
花園夜市,黃科傑,在地嚮導 · 13 則評論 · 10 張相片,2 週前,5 顆星,
花園夜市,郭彥宏,在地嚮導 · 40 則評論 · 18 張相片,2 週前,5 顆星,
花園夜市,孫芯,3 則評論 · 2 張相片,2 週前,5 顆星,
花園夜市,木木凡,在地嚮導 · 22 則評論 · 13 張相片,2 週前,5 顆星,
花園夜市,Joyce Chang,在地嚮導 · 28 則評論 · 4 張相片,2 週前,5 顆星,
花園夜市,Ben Xiao,在地嚮導 · 36 則評論 · 30 張相片,2 週前,5 顆星,
花園夜市,Balwel The Rain,在地嚮導 · 13 則評論 · 36 張相片,2 週前,5 顆星,
花園夜市,sato,5 則評論 · 2 張相片,2 週前,5 顆星,
花園夜市,李夏菁,在地嚮導 · 35 則評論 · 27 張相片,2 週前,5 顆星,
花園夜市,WEI YU (YU WEI),7 則評論 · 2 張相片,2 週前,5 顆星,
花園夜市,蟾蜍一隻,9 張相片,2 週前,3 顆星,
花園夜市,秉濬,8 則評論 · 8 張相片,2 週前,5 顆星,
花園夜市,蔡傑修,,2 週前,5 顆星,
花園夜市,Xiang Ling,4 則評論,2 週前,5 顆星,
花園夜市,蔡小胖,在地嚮導 · 12 則評論 · 179 張相片,2 週前,5 顆星,
花園夜市,海皇,在地嚮導 · 13 則評論 · 7 張相片,2 週前,5 顆星,酵素的臭豆腐好吃
花園夜市,Russell Lo,在地嚮導 · 412 則評論 · 352 張相片,2 週前,4 顆星,
花園夜市,杜嫻靜,1 則評論 · 8 張相片,2 週前,4 顆星,
花園夜市,朱順福,"在地嚮導 · 78 則評論 · 1,171 張相片",2 週前,4 顆星,
花園夜市,Ben Tsai,在地嚮導 · 73 則評論,2 週前,5 顆星,每攤都很有特色，也都不錯吃。
花園夜市,謝松甫,在地嚮導 · 103 則評論 · 203 張相片,2 週前,4 顆星,"停車建議停遠點較不用排隊等車位   走路5～10鐘剛好
好吃好玩種類又多
3個大人逛一逛吃吃喝喝應該是夠用的 好吃的東西可真不少 自行發掘囉 可慢慢解鎖花園夜市各項小吃。"
花園夜市,Tina Chong,在地嚮導 · 91 則評論 · 310 張相片,2 週前,2 顆星,"是不是叫花園夜市都不好吃
以前去過輔大花園夜市也是貴又難吃
怎麼台南花園夜市 吃完也是同樣感覺 …"
花園夜市,游順翔,在地嚮導 · 43 則評論 · 9 張相片,2 週前,5 顆星,
花園夜市,周沭銓,在地嚮導 · 29 則評論 · 52 張相片,2 週前,5 顆星,在地夜市，烤魚、蚵仔充滿台南特色
花園夜市,Angela Chang,在地嚮導 · 36 則評論 · 80 張相片,2 週前,2 顆星,吃的東西偏貴，重複性高，照片中這攤東山鴨頭很不好吃，顏色深但完全沒味道
花園夜市,王詠順,1 則評論,2 週前,4 顆星,
花園夜市,鄭小文,在地嚮導 · 17 則評論 · 2 張相片,2 週前,4 顆星,
花園夜市,shih Bin Houng,在地嚮導 · 125 則評論 · 312 張相片,2 週前,5 顆星,很多美食的地方
花園夜市,David,"在地嚮導 · 1,857 則評論 · 8,917 張相片",2 週前,3 顆星,"台南人既然不吃（地瓜球），
都沒生意。 …"
花園夜市,Ralph Chou,在地嚮導 · 13 則評論 · 4 張相片,2 週前,5 顆星,
花園夜市,謝詠筑,51 則評論,2 週前,5 顆星,久久逛一次
花園夜市,Li顯,在地嚮導 · 15 則評論 · 8 張相片,2 週前,5 顆星,
花園夜市,Vicky Shie,在地嚮導 · 242 則評論 · 538 張相片,2 週前,4 顆星,真的爆多人，但是太多重覆性，玩的小孩倒是喜歡💕 …
花園夜市,Shuren Lin,"在地嚮導 · 645 則評論 · 3,779 張相片",2 週前,5 顆星,許多攤位出售美味的食物和標準的夜市遊戲
花園夜市,Asher li,12 則評論 · 4 張相片,2 週前,4 顆星,
花園夜市,Zhang Yucheng,在地嚮導 · 14 則評論 · 4 張相片,2 週前,4 顆星,停車太貴
花園夜市,王永祥,在地嚮導 · 12 則評論 · 5 張相片,2 週前,5 顆星,
花園夜市,張木源,在地嚮導 · 12 則評論 · 25 張相片,2 週前,5 顆星,
花園夜市,Jyuan,在地嚮導 · 32 則評論 · 3 張相片,2 週前,5 顆星,台南很有代表的夜市，人潮非常多，吃了炸皮蛋，也吃了鹹水雞和其他小吃，覺得是不錯的體驗。
花園夜市,王馨卉,12 則評論 · 4 張相片,2 週前,4 顆星,
花園夜市,古孟庭,在地嚮導 · 5 則評論 · 131 張相片,2 週前,5 顆星,停車位不好找
花園夜市,鄭昇富,"在地嚮導 · 23 則評論 · 1,942 張相片",2 週前,4 顆星,
花園夜市,隆,在地嚮導 · 34 則評論 · 2 張相片,2 週前,4 顆星,
花園夜市,洪永霖,2 則評論 · 13 張相片,2 週前,5 顆星,
花園夜市,拎老兄,9 則評論 · 15 張相片,2 週前,4 顆星,人潮真的太擁擠了 產品價格偏高
花園夜市,黃勁維,在地嚮導 · 154 則評論 · 413 張相片,2 週前,5 顆星,"第一次參訪
還好飲食部分
沒有很大的吸引力（對我來說，因人而異）"
花園夜市,Marcus Chang,在地嚮導 · 411 則評論 · 284 張相片,2 週前,5 顆星,吃喝玩樂的好地方～讚！
花園夜市,許家睿,4 則評論 · 3 張相片,2 週前,5 顆星,
花園夜市,Ivy,在地嚮導 · 47 則評論 · 204 張相片,2 週前,4 顆星,好多好吃的食物
花園夜市,黃甄蓁,3 則評論 · 2 張相片,2 週前,5 顆星,
花園夜市,Lim Guan Heng,在地嚮導 · 29 則評論 · 12 張相片,2 週前,5 顆星,一晚不肥死才怪
花園夜市,Kim,在地嚮導 · 6 則評論 · 15 張相片,2 週前,3 顆星,
花園夜市,jeanne enfantin,2 則評論 · 1 張相片,2 週前,5 顆星,
花園夜市,劉城輔,在地嚮導 · 7 則評論 · 25 張相片,2 週前,4 顆星,
花園夜市,陳peter,在地嚮導 · 4 則評論 · 35 張相片,2 週前,5 顆星,
花園夜市,Jie Jie,在地嚮導 · 79 則評論 · 35 張相片,2 週前,5 顆星,
花園夜市,Marcus Chang,在地嚮導 · 407 則評論 · 307 張相片,2 週前,5 顆星,台南晚上吃吃喝喝的好地方，但最重要，就是在還沒夜市開始前，要提早去停好汽車（放在停車位），這樣，才不會浪費時間等停車位喔！
花園夜市,蘇政賢,在地嚮導 · 9 則評論 · 10 張相片,2 週前,5 顆星,人很多美食讚
花園夜市,林育丞,"在地嚮導 · 1,196 則評論 · 848 張相片",2 週前,5 顆星,讚讚好吃
花園夜市,Liting Chiou,3 則評論,2 週前,3 顆星,
花園夜市,泰倫斯,在地嚮導 · 13 則評論 · 23 張相片,2 週前,4 顆星,好多人，人多
花園夜市,廖淑華,在地嚮導 · 48 則評論 · 56 張相片,2 週前,5 顆星,
花園夜市,吳怡芬,1 則評論 · 2 張相片,2 週前,5 顆星,
花園夜市,Terry,6 則評論 · 4 張相片,2 週前,5 顆星,
花園夜市,王Wade,在地嚮導 · 44 則評論 · 43 張相片,2 週前,5 顆星,
花園夜市,王勁宏,7 則評論,2 週前,5 顆星,很棒超級棒！
花園夜市,Y Q L,在地嚮導 · 22 則評論,2 週前,1 顆星,"不要去手飾攤逛，不良業者會誤導你可以試戴飾品，結果手環是壞掉的（故意栽贓是你弄壞）硬要強迫你購買，價格隨便亂喊要求你買單。有些服裝配件最好不要試戴試穿，因為都是爛貨一碰就壞 會被強迫購買，這種惡意碰瓷很缺德。
詛咒那個黑心業者會有報應"
花園夜市,蔡小姐,在地嚮導 · 320 則評論 · 212 張相片,2 週前,3 顆星,"最新台南夜市口訣-「大東大東東大東大東東武花大東大東東武武花花 」

台南大東夜市：一、二、五

台南大東東夜市：一、二、五

台南武聖夜市：三、五、六

台南花園夜市：四、六、日

台南小北夜市：二、五"
花園夜市,Sandora YU,在地嚮導 · 79 則評論 · 30 張相片,2 週前,5 顆星,相較於台中的旱溪夜市，花園夜市規模更大且攤販多樣不重複，服飾、小吃、日常用品皆有劃分區域，井然有序，稍稍可惜的是動線，建議可以明確表示入口處，也當然理解可能管委會不想要受限，每個出入口都可以進出，個人觀點僅供參考
花園夜市,李宥萲,9 則評論 · 2 張相片,2 週前,5 顆星,很多好吃的食物
花園夜市,Chia Chen Wu,在地嚮導 · 5 則評論 · 29 張相片,2 週前,4 顆星,
花園夜市,徐啊派,在地嚮導 · 124 則評論 · 71 張相片,2 週前,5 顆星,規劃不錯的夜市
花園夜市,淡藍的心,"在地嚮導 · 315 則評論 · 2,379 張相片",2 週前,5 顆星,
花園夜市,陳日揚,在地嚮導 · 57 則評論 · 5 張相片,2 週前,3 顆星,
花園夜市,黃泉,5 則評論 · 2 張相片,2 週前,5 顆星,因該是我目前逛過最大的夜市了，台南象徵指標之一，很多好吃的攤販，至少都會逛2個小時，有去台南必去的點。
花園夜市,Tom Tom,在地嚮導 · 84 則評論 · 69 張相片,2 週前,1 顆星,夜市賺那麼多錢，垃圾桶都不願意提供，真的太扯了
花園夜市,yu Chen,在地嚮導 · 22 則評論 · 4 張相片,2 週前,5 顆星,
花園夜市,GY H,在地嚮導 · 166 則評論 · 581 張相片,2 週前,4 顆星,"人多攤販多。
📍小上海：冷掉，雞塊偏小，粿粉片狀偏多。
📍大上海：現炸，雞塊大，粿粉顆粒明顯，有點孜然味。
📍豆乳雞：冷掉，吃起來潤潤，口感肉少炸粉多。
膳品排骨酥：現炸，肉條有醃過，粿粉比吳家硬，肉條也比較有口感。
📍吳家排骨酥：現炸，無骨好吃，胡椒粉👍"
花園夜市,辰,6 則評論,2 週前,5 顆星,
花園夜市,"Peggie Tai, (小紫)",在地嚮導 · 25 則評論 · 7 張相片,2 週前,5 顆星,台南優質夜市👍 …
花園夜市,YM,在地嚮導 · 57 則評論 · 11 張相片,2 週前,5 顆星,好吃好玩
花園夜市,Tzeng SHU-YU,在地嚮導 · 59 則評論 · 44 張相片,3 週前,3 顆星,人太多了
花園夜市,粉圓麻糬,在地嚮導 · 11 則評論 · 26 張相片,3 週前,5 顆星,"花園夜市停車方便
附近住宿也很多
進入的入口1前面三排都是吃的居多，假日或連假人潮擁擠。 …"
花園夜市,Chiachi Yang,在地嚮導 · 33 則評論 · 227 張相片,3 週前,4 顆星,美食選項多很棒，但停車位太少了，提早開賣前半小時，只剩不到三個位置.
花園夜市,YuHui Hsieh,在地嚮導 · 113 則評論 · 181 張相片,3 週前,1 顆星,人太多，食物沒特色，不會再來。
花園夜市,竹林公主,在地嚮導 · 18 則評論 · 19 張相片,3 週前,5 顆星,
花園夜市,李弦儒,在地嚮導 · 2 則評論 · 7 張相片,3 週前,5 顆星,
花園夜市,萱萱,9 則評論 · 1 張相片,3 週前,5 顆星,
花園夜市,蘇米可,在地嚮導 · 138 則評論 · 928 張相片,3 週前,5 顆星,"品項豐富
值得造訪"
花園夜市,耀德黃,"在地嚮導 · 69 則評論 · 1,043 張相片",3 週前,5 顆星,
花園夜市,楊仁吉,2 則評論,3 週前,5 顆星,歡慶11周年，我要抽iPhone
花園夜市,王志翔,在地嚮導 · 4 則評論 · 64 張相片,3 週前,5 顆星,
花園夜市,賴宥君,在地嚮導 · 16 則評論 · 8 張相片,3 週前,5 顆星,歡慶11周年我要抽iPhone
花園夜市,阮暐恩,在地嚮導 · 102 則評論 · 8 張相片,3 週前,5 顆星,人有點多 盡量早點來
花園夜市,fang baba.ck,3 則評論 · 1 張相片,3 週前,5 顆星,好的
花園夜市,張庭禎,在地嚮導 · 39 則評論 · 27 張相片,3 週前,5 顆星,
花園夜市,Mia Huang,94 則評論 · 146 張相片,3 週前,5 顆星,好吃！湯頭很棒
花園夜市,T LY,在地嚮導 · 138 則評論 · 40 張相片,3 週前,5 顆星,
花園夜市,Formosa,"在地嚮導 · 1,596 則評論 · 31,557 張相片",3 週前,3 顆星,真的好擠
花園夜市,吱吱,在地嚮導 · 93 則評論 · 29 張相片,3 週前,3 顆星,人多，有些東西會踩雷～～
花園夜市,志豪,6 則評論 · 1 張相片,3 週前,5 顆星,來過很多次 每次都不讓人失望
花園夜市,角金魚,11 則評論 · 8 張相片,3 週前,5 顆星,人多，會遇到素質差的人，還有人邊逛邊抽菸，很臭，不知羞恥
花園夜市,黃意凌,在地嚮導 · 28 則評論 · 151 張相片,3 週前,5 顆星,
花園夜市,吳紫綾,3 則評論 · 2 張相片,3 週前,5 顆星,
花園夜市,黃笙浩,"在地嚮導 · 587 則評論 · 5,418 張相片",3 週前,5 顆星,平常日才會去，假日人多到沒辦法好好逛，好多人喔
花園夜市,黃俊銘,5 則評論 · 1 張相片,3 週前,5 顆星,無話可說
花園夜市,吳嘉軒,8 則評論 · 4 張相片,3 週前,5 顆星,食物多
花園夜市,袁小銘,"在地嚮導 · 7 則評論 · 1,179 張相片",3 週前,4 顆星,
花園夜市,Hong Zhang Wong,7 則評論 · 2 張相片,3 週前,5 顆星,
花園夜市,lpha A,7 則評論 · 2 張相片,3 週前,5 顆星,
花園夜市,Longer Wu,7 則評論 · 1 張相片,3 週前,5 顆星,
花園夜市,Ivo Lin,3 則評論 · 2 張相片,3 週前,5 顆星,
花園夜市,Yeung3481 Rozu,1 則評論 · 3 張相片,3 週前,4 顆星,
花園夜市,Jing Jing,在地嚮導 · 6 則評論 · 8 張相片,3 週前,5 顆星,
花園夜市,高雄洗水管 洗水管 洗水塔水星潔管淨水,在地嚮導 · 33 則評論 · 7 張相片,3 週前,5 顆星,
花園夜市,Kuoyuan Ling 3,在地嚮導 · 32 則評論 · 198 張相片,3 週前,5 顆星,
花園夜市,KC WU,"在地嚮導 · 8 則評論 · 2,329 張相片",3 週前,4 顆星,
花園夜市,陳隆輝,在地嚮導 · 23 則評論 · 20 張相片,3 週前,5 顆星,
花園夜市,Jhen,在地嚮導 · 33 則評論 · 14 張相片,3 週前,5 顆星,"點了應該有十樣，沒有雷！超級棒！
何佳佳好吃到爆炸，比我在其他縣市吃的還好吃！
香腸炒米腸，以前奶奶開的時候就很好吃，是我男友讀書時的愛店，但漲價有點兇，雖然現在沒有以前奶奶弄得這麼好吃了，但還是美味。
卡士達雞蛋糕：熱熱的好吃！
陳記麻辣鴨血：點了肥腸加鴨血，好吃！
還點了很多東西，無法一一贅述，但花園夜市真的很棒，是夜市控的我最喜歡的夜市！"
花園夜市,shiou ying chen,在地嚮導 · 340 則評論 · 146 張相片,3 週前,4 顆星,冬天平日去人不多，逛起來舒服很多，遊戲攤位增加很多，不過試玩了入口直走第一排的彈珠打香腸，看釘子排列方式覺得蠻騙的。
花園夜市,李震軒,在地嚮導 · 163 則評論 · 139 張相片,3 週前,5 顆星,"第一次去 發現有重機友善停車格！
離門口超近 ～
餐點都還不錯 只有一攤芭樂 100$超貴 超少"
花園夜市,張雅婷,5 則評論 · 7 張相片,3 週前,5 顆星,
花園夜市,洪阿德,在地嚮導 · 137 則評論 · 834 張相片,3 週前,5 顆星,
花園夜市,CHE-HSUAN Lin,9 則評論 · 9 張相片,3 週前,5 顆星,
花園夜市,Benson Chen,5 則評論 · 2 張相片,3 週前,5 顆星,
花園夜市,李婕,4 則評論 · 3 張相片,3 週前,5 顆星,
花園夜市,許淑玲,在地嚮導 · 28 則評論 · 6 張相片,3 週前,5 顆星,空間大 舒適
花園夜市,王茂文,在地嚮導 · 11 則評論 · 5 張相片,3 週前,5 顆星,選項多樣化
花園夜市,張承瀚,1 則評論 · 11 張相片,3 週前,5 顆星,
花園夜市,Terry,在地嚮導 · 23 則評論 · 5 張相片,3 週前,5 顆星,好吃的章魚燒
花園夜市,翁小貓,在地嚮導 · 9 則評論 · 6 張相片,3 週前,5 顆星,
花園夜市,王文成,在地嚮導 · 21 則評論 · 23 張相片,3 週前,5 顆星,
花園夜市,陳瑄瑄,在地嚮導 · 17 則評論 · 17 張相片,3 週前,5 顆星,人很多，燈塔花園夜市也很漂亮🤩，好多小吃好吃還有小孩愛玩的跟物品在這買到不錯的，還看到很稀有罕見的龍貓，小孩都說喜歡來這玩 …
花園夜市,Amir Ben Cohen,在地嚮導 · 22 則評論,3 週前,5 顆星,
花園夜市,Simon Oei,在地嚮導 · 67 則評論 · 336 張相片,3 週前,3 顆星,非常擁擠。  但是這個夜市沒有很多我喜歡的美食。 :(。沒有牡蠣麵。沒有豬肉燴飯。
花園夜市,branch,在地嚮導 · 52 則評論 · 17 張相片,3 週前,5 顆星,
花園夜市,victor Feng,在地嚮導 · 9 則評論 · 10 張相片,3 週前,5 顆星,
花園夜市,Vegetarian DOM,在地嚮導 · 29 則評論 · 3 張相片,3 週前,5 顆星,
花園夜市,林冠宏,3 則評論 · 1 張相片,3 週前,2 顆星,2025/3/30，大約晚上11點，因為突然想吃甘草芭樂，於是急忙忙的趕到花園夜市看看還有沒有攤販在，結果在橫向的第一條看到一家在賣燕巢的甘草芭樂攤販，（抱歉…真的忘記叫什麼名字），回到家離開後發現…大份100小份60，我覺得我真的買了一個寂寞，小份60的甘草芭樂，份量竟然不到一顆正常的芭樂！真的是騙人沒吃過芭樂🙄🙄🙄以後也不會想再去花園消費了 …
花園夜市,黃威,在地嚮導 · 26 則評論 · 7 張相片,3 週前,5 顆星,
花園夜市,ADVAN ASSEN,在地嚮導 · 604 則評論 · 211 張相片,3 週前,5 顆星,環境良好
花園夜市,陳敬堯,"在地嚮導 · 194 則評論 · 2,601 張相片",3 週前,5 顆星,
花園夜市,皮卡卡,2 則評論 · 1 張相片,3 週前,5 顆星,1號  服務好
花園夜市,鄭光炎,"在地嚮導 · 305 則評論 · 1,220 張相片",3 週前,4 顆星,汽車停車排好久，但想吃的這都有。
花園夜市,CHIEH-KENG HSIAO,在地嚮導 · 42 則評論 · 4 張相片,3 週前,4 顆星,發現很多新口味的小吃
花園夜市,to fu,在地嚮導 · 26 則評論 · 153 張相片,3 週前,5 顆星,"濃五吉拿棒：莓果口味酥脆好吃😋酸甜解膩感🍓
主體稍微偏油 再更脫油會更好～
（靠停車場倒數第三排）
雅淳水果茶：熱金桔茶超好喝🤤酸的很夠味～夜市解膩必備👍🏾（靠停車場最後一排）"
花園夜市,段先生,12 則評論 · 1 張相片,3 週前,4 顆星,假日買吃的人擠人小吃美食不錯吃
花園夜市,Zoe TUAN,在地嚮導 · 46 則評論 · 32 張相片,3 週前,5 顆星,"美食集中地
久久來逛一次
幾個固定攤位
還是一樣好吃"
花園夜市,Hoo Woo,在地嚮導 · 95 則評論 · 123 張相片,3 週前,5 顆星,地方大，好逛，假日來停車場都是爆滿
花園夜市,鄭志鵬,在地嚮導 · 49 則評論 · 22 張相片,3 週前,4 顆星,
花園夜市,王河善（半糖玄米茶）,14 則評論 · 3 張相片,3 週前,5 顆星,裡面有很多好吃跟好玩，特別是吊蝦，方法抓到的話，可以大吊特吊🤣 …
花園夜市,臺銀安南職場教保服務中心-吳春幸,在地嚮導 · 7 則評論 · 6 張相片,3 週前,5 顆星,
花園夜市,Wan Yu Chang,"在地嚮導 · 61 則評論 · 1,067 張相片",3 週前,5 顆星,很好逛，小吃的種類很多，在這吃到很棒的京典酵素臭豆腐、陳家阿嬤拔絲地瓜～
花園夜市,保爺,7 則評論 · 16 張相片,3 週前,5 顆星,花園夜市真不愧是台南超有名的地方，所有想吃想喝想買想玩的都有，整體規劃又很方正，好逛又好吃，想要吃喜歡的東西，就從高雄騎1小時的機車來一趟。滿足後就回家休息，真是超讚！！
花園夜市,HC Y,在地嚮導 · 79 則評論 · 7 張相片,3 週前,4 顆星,太多人啦
花園夜市,François de Sulauze,在地嚮導 · 60 則評論 · 54 張相片,3 週前,3 顆星,充滿歷史的漂亮小寺廟，市中心美麗的小花園
花園夜市,謝Amy,3 則評論,3 週前,5 顆星,
花園夜市,Jie,在地嚮導 · 22 則評論 · 98 張相片,3 週前,5 顆星,
花園夜市,佳紀片岡,"在地嚮導 · 25 則評論 · 3,166 張相片",3 週前,2 顆星,"至少週末的餐飲區，我覺得制度和人流不太匹配，措施不夠。
說實話，我看不出它有什麼好處，比在人群中被推擠更有好處。"
花園夜市,Yu ting Huang,在地嚮導 · 61 則評論 · 24 張相片,3 週前,4 顆星,好多好吃的，就是人太多😊 …
花園夜市,Jacky Ku,在地嚮導 · 68 則評論 · 285 張相片,3 週前,3 顆星,很大的台南花園夜市.人潮很多.各種美食.
花園夜市,小柚子,在地嚮導 · 22 則評論 · 72 張相片,3 週前,5 顆星,
花園夜市,太陽,13 則評論 · 1 張相片,3 週前,5 顆星,人好多
花園夜市,Keng Min Chen,在地嚮導 · 121 則評論 · 461 張相片,3 週前,5 顆星,
花園夜市,陳MiMi,在地嚮導 · 81 則評論 · 6 張相片,3 週前,5 顆星,人好多唷..
花園夜市,Lien Lee,在地嚮導 · 117 則評論 · 16 張相片,3 週前,4 顆星,
花園夜市,SingRing Shyy,在地嚮導 · 11 則評論 · 31 張相片,3 週前,5 顆星,
花園夜市,沈瑞璋,在地嚮導 · 843 則評論 · 247 張相片,3 週前,3 顆星,
花園夜市,杜冠璋,在地嚮導 · 21 則評論 · 9 張相片,3 週前,5 顆星,
花園夜市,Nick Chang,在地嚮導 · 21 則評論 · 1 張相片,3 週前,5 顆星,
花園夜市,Johnny,8 則評論,3 週前,5 顆星,
花園夜市,Aaron Chen,97 則評論,4 週前,4 顆星,
花園夜市,只是貓,在地嚮導 · 53 則評論 · 5 張相片,4 週前,1 顆星,裡面有攤賣雞腳皮ㄧ份小份180，，價格表還寫的小小放後面，怎不光命正大寫大字ㄧ點，那家千萬別買，那個泡過不該泡的東西，有什麼泰式酸辣、什麼椒麻的，吃的當下有點不科學
花園夜市,Lillian Chen,在地嚮導 · 19 則評論 · 1 張相片,4 週前,4 顆星,人多，走路困難，停車難排，建議花園夜市距離200公尺的停車場比較好停
花園夜市,王資鈞,在地嚮導 · 26 則評論 · 23 張相片,4 週前,4 顆星,
花園夜市,Sharon Lee,在地嚮導 · 30 則評論 · 54 張相片,4 週前,4 顆星,好熱鬧
花園夜市,Anmol Nigam,在地嚮導,4 週前,5 顆星,
花園夜市,林筱雲,12 則評論 · 1 張相片,4 週前,5 顆星,食物好吃又便宜
花園夜市,豚海,4 則評論,4 週前,5 顆星,
花園夜市,wei jian,2 則評論 · 1 張相片,4 週前,5 顆星,
花園夜市,羅廣芳,在地嚮導 · 16 則評論 · 6 張相片,4 週前,5 顆星,
花園夜市,Mutiara Dear,6 則評論,4 週前,5 顆星,這個地方很乾淨，非常繁忙。
花園夜市,翔什麼??,在地嚮導 · 54 則評論 · 106 張相片,4 週前,4 顆星,
花園夜市,黃富子,在地嚮導 · 18 則評論 · 7 張相片,4 週前,5 顆星,"找到喜歡的小吃
覺得幸福😊開心🥳 …"
花園夜市,Muntazir Abrar,在地嚮導 · 21 則評論 · 23 張相片,4 週前,4 顆星,
花園夜市,Linda,在地嚮導 · 13 則評論 · 12 張相片,4 週前,3 顆星,
花園夜市,林靖偉,在地嚮導 · 16 則評論 · 3 張相片,4 週前,3 顆星,
花園夜市,cinnamon cinnamon,在地嚮導,4 週前,5 顆星,
花園夜市,ax M,在地嚮導 · 19 則評論 · 2 張相片,4 週前,5 顆星,夜市很大，攤位很多，機車停車位很足（只騎過機車去過），但人很多會很擠，有公共廁所🚾 …
花園夜市,Katrina,在地嚮導 · 43 則評論 · 8 張相片,4 週前,4 顆星,
花園夜市,VT,在地嚮導 · 89 則評論 · 184 張相片,4 週前,5 顆星,
花園夜市,Chu Rocky,"在地嚮導 · 1,221 則評論 · 6,138 張相片",4 週前,5 顆星,從在台南讀大學，畢業到現在都過了20年，來到台南有機會還是會來花園夜市逛一下。主要逛的是回憶，有些店家還是不錯吃的喔
花園夜市,林錒蓁,在地嚮導 · 120 則評論 · 56 張相片,4 週前,1 顆星,"雖然過了好幾個月 我還是很想說 很不甘心被一個射飛鏢的攤子坑3200 老闆不停話術我們 「再給你一次機會 再給你一次機會」
沒有想到也是要算錢的  很不甘心的付錢了
去夜市吃東西的預算直接沒有了 直接回家 …"
花園夜市,王語彤,7 則評論 · 1 張相片,4 週前,5 顆星,
花園夜市,Vivian li,在地嚮導 · 29 則評論 · 101 張相片,4 週前,5 顆星,很熱鬧 不錯逛
花園夜市,Cloud,,4 週前,5 顆星,
花園夜市,許宏仁,在地嚮導 · 3 則評論 · 9 張相片,4 週前,5 顆星,
花園夜市,流口水,在地嚮導 · 16 則評論 · 4 張相片,4 週前,5 顆星,
花園夜市,Ellin,在地嚮導 · 37 則評論 · 46 張相片,4 週前,5 顆星,
花園夜市,ka pou wan,3 則評論 · 1 張相片,1 個月前,5 顆星,
花園夜市,Yj “Yj Wang” wang,"在地嚮導 · 267 則評論 · 2,623 張相片",1 個月前,1 顆星,和緯路停放機車的地方，路面破損很難走，小心跌倒，設了很多路障不利輪椅族通行
花園夜市,高富帥,在地嚮導 · 16 則評論 · 5 張相片,1 個月前,5 顆星,
花園夜市,張友民,在地嚮導 · 13 則評論 · 6 張相片,1 個月前,4 顆星,
花園夜市,查理王,在地嚮導 · 44 則評論 · 66 張相片,1 個月前,5 顆星,
花園夜市,chen CoCo,在地嚮導 · 37 則評論 · 11 張相片,1 個月前,3 顆星,"吃的東西越來越「貴」了！ 人還是很多,而且是越來越多, 我家3人只有覺得沒有逛的慾望，只有買一樣吃的，就快速離開了！"
花園夜市,Aneita Hsaio,在地嚮導 · 92 則評論 · 340 張相片,1 個月前,4 顆星,
花園夜市,黃小崳,在地嚮導 · 79 則評論 · 38 張相片,1 個月前,5 顆星,美食吃不完⋯舒芙蕾第一次嚐鮮，珍珠不愛太軟，ozer 口味不錯！一年來一次必來聖地！
花園夜市,管紹堂,6 則評論,1 個月前,3 顆星,
花園夜市,張時聖,在地嚮導 · 123 則評論 · 96 張相片,1 個月前,5 顆星,
花園夜市,許添宏,在地嚮導 · 9 則評論 · 1 張相片,1 個月前,4 顆星,
花園夜市,克里斯,在地嚮導 · 16 則評論,1 個月前,5 顆星,
花園夜市,打醬油,在地嚮導 · 31 則評論 · 5 張相片,1 個月前,4 顆星,外國人很多，人擠人
花園夜市,113827 yu,在地嚮導 · 43 則評論 · 11 張相片,1 個月前,3 顆星,附近停車不太方便，不然就是一次性150的高消費停車場
花園夜市,Stéphane Kerjose,11 張相片,1 個月前,5 顆星,
花園夜市,Chloe wang,在地嚮導 · 26 則評論 · 2 張相片,1 個月前,4 顆星,
花園夜市,Saturday Pie,在地嚮導 · 417 則評論 · 645 張相片,1 個月前,4 顆星,人很多 停車稍微不方便
花園夜市,張芬芳,"在地嚮導 · 1,460 則評論 · 14,120 張相片",1 個月前,4 顆星,"非常繁盛的夜市
台南number one"
花園夜市,4MIN,在地嚮導 · 328 則評論 · 19 張相片,1 個月前,2 顆星,除了二師兄品質比較穩定  很多連鎖的攤位都有點走味
花園夜市,Jason Chen,在地嚮導 · 13 則評論 · 18 張相片,1 個月前,5 顆星,好吃又好玩比想像中的大一定要來吃陳阿婆拔絲地瓜
花園夜市,戴安安,在地嚮導 · 2 則評論,1 個月前,5 顆星,
花園夜市,나뭉이,2 則評論 · 3 張相片,1 個月前,5 顆星,看的東西很多，吃的東西很多，人也很多，本來抱著很大的期待去的，但是一進門就被一股臭豆腐的味道沒了胃口。我估計我還沒打開臭豆腐的門，但是吉牌蠔煎餅什麼的都很好吃！
花園夜市,泥瞅啥（庫巴蝦餃）,在地嚮導 · 19 則評論 · 14 張相片,1 個月前,5 顆星,
花園夜市,許展,在地嚮導 · 128 則評論 · 45 張相片,1 個月前,5 顆星,讚
花園夜市,王瀚輝,在地嚮導 · 2 則評論,1 個月前,4 顆星,
花園夜市,Joe Sicat,在地嚮導 · 52 則評論 · 42 張相片,1 個月前,3 顆星,它不像其他夜市那麼好。
花園夜市,Joyce Liu,在地嚮導 · 20 則評論 · 239 張相片,1 個月前,1 顆星,
花園夜市,郭慧媚,在地嚮導 · 74 則評論,1 個月前,4 顆星,攤位多東西也都不錯
花園夜市,兵天賜,1 則評論 · 2 張相片,1 個月前,5 顆星,
花園夜市,李舜哲,在地嚮導 · 3 則評論 · 4 張相片,1 個月前,5 顆星,
花園夜市,三代爺（三代鬼徹）,在地嚮導,1 個月前,5 顆星,
花園夜市,郝明儒,在地嚮導 · 67 則評論 · 35 張相片,1 個月前,5 顆星,很好逛的地方，超多人
花園夜市,水果,在地嚮導 · 226 則評論 · 254 張相片,1 個月前,4 顆星,
花園夜市,Gen Chen,在地嚮導 · 368 則評論 · 744 張相片,1 個月前,4 顆星,
花園夜市,蔡春菊,在地嚮導 · 94 則評論 · 218 張相片,1 個月前,5 顆星,
花園夜市,Alvin Lee,"在地嚮導 · 241 則評論 · 6,872 張相片",1 個月前,5 顆星,
花園夜市,小含含,在地嚮導 · 52 則評論 · 32 張相片,1 個月前,3 顆星,"遊客必訪！
就只是遊客必訪，當地人應該大多不喜歡來人擠人的一個夜市。"
花園夜市,阿拉蕾,在地嚮導 · 164 則評論 · 158 張相片,1 個月前,2 顆星,賣吃的攤販集中在前3.4排 人潮擠到根本走不動
花園夜市,冠伯,13 則評論 · 5 張相片,1 個月前,5 顆星,
花園夜市,yu uei Lee,在地嚮導 · 7 則評論 · 263 張相片,1 個月前,4 顆星,
花園夜市,張家瑋,在地嚮導 · 194 則評論 · 346 張相片,1 個月前,5 顆星,人擠人東西不錯吃丼飯推一個
花園夜市,陳致憲,"在地嚮導 · 451 則評論 · 5,796 張相片",1 個月前,5 顆星,
花園夜市,Siou huei Lin,8 則評論 · 3 張相片,1 個月前,5 顆星,
花園夜市,梁誌華,在地嚮導 · 165 則評論 · 382 張相片,1 個月前,3 顆星,感覺同質性的攤位蠻多的，整體感覺尚可，但是賣雞排的視覺上看著雖然很大片，實際上都是厚厚一層的地瓜粉，有種被騙的感覺，建議夜市能改善一下，另外買了一份炸魷魚，應該是前一日沒賣完的，又再過油炸過，不新鮮也不好吃
花園夜市,陳冠延,在地嚮導 · 16 則評論 · 1 張相片,1 個月前,5 顆星,
花園夜市,Lanko,4 則評論 · 3 張相片,1 個月前,5 顆星,罐罐烤奶，適合女生喝的熱飲👍🏻 …
花園夜市,Ling -Yo Chien,在地嚮導 · 10 則評論 · 2 張相片,1 個月前,5 顆星,
花園夜市,Mr. Vic,8 則評論 · 3 張相片,1 個月前,5 顆星,
花園夜市,方立朋,在地嚮導 · 17 則評論 · 1 張相片,1 個月前,5 顆星,
花園夜市,옹아범,"在地嚮導 · 331 則評論 · 2,206 張相片",1 個月前,5 顆星,"我認為夜市是完美的旅遊目的地。
我先逛了一下吳松夜市。
我認為華院夜市也賣同樣的東西。
但
路徑之間的距離稍寬一些。
看來投機遊戲有點多了。

如果你沒有時間
我覺得你只要根據開市日期去一個地方就可以了。
如果你時間充裕，就趁機把第一次沒吃完的東西吃掉。

令人驚訝的是，在吳松看到的店主竟然有很多家。

台南的海外遊客不多。
其中99%似乎都是台灣人。

韓國人只有兩個。
外國人不到10人。

感覺和台北夜市不一樣。
這是一次很好的經歷"
花園夜市,CHIA WEI TSAI,在地嚮導 · 16 則評論 · 7 張相片,1 個月前,5 顆星,
花園夜市,cher Liu,"在地嚮導 · 138 則評論 · 1,480 張相片",1 個月前,5 顆星,"隔了3年再次來逛花園夜市，終於可以自由自在的走路逛逛街，比起3年前擠的水泄不通，真是舒服多了...
這個香蕉餅，好好吃喔😋 …"
花園夜市,王文斌,5 則評論,1 個月前,5 顆星,
花園夜市,蔡崇豐,在地嚮導 · 43 則評論 · 22 張相片,1 個月前,3 顆星,
花園夜市,松本晃佳,"1,430 則評論",1 個月前,5 顆星,請注意，它僅在周四、週六和周日開放。
花園夜市,Jocob J,在地嚮導 · 21 則評論 · 6 張相片,1 個月前,5 顆星,有免費停車位
花園夜市,Lawrance Goh,5 則評論 · 11 張相片,1 個月前,5 顆星,靠近夜市
花園夜市,林渝凌,在地嚮導 · 23 則評論 · 13 張相片,1 個月前,4 顆星,太大了，有選擇障礙。
花園夜市,Tsai,在地嚮導 · 26 則評論 · 20 張相片,1 個月前,5 顆星,
花園夜市,黃凱琳,3 則評論 · 1 張相片,1 個月前,5 顆星,
花園夜市,黃小胖,在地嚮導 · 3 則評論 · 36 張相片,1 個月前,4 顆星,
花園夜市,蚊子,在地嚮導 · 11 則評論 · 1 張相片,1 個月前,4 顆星,
花園夜市,Ronald,9 則評論 · 2 張相片,1 個月前,5 顆星,
花園夜市,簡立德,在地嚮導 · 50 則評論 · 60 張相片,1 個月前,5 顆星,攤位數量很多選擇性還不錯，人潮擁擠動線不太流暢，烤魚不錯吃，烤玉米不太行，酥炸肉條還不錯，舒芙蕾也不錯吃，每個人喜歡的不一樣，但是我覺得這裡選擇性還蠻好的到台南還是可以去走走吃吃
花園夜市,卓訓德,在地嚮導 · 80 則評論 · 324 張相片,1 個月前,5 顆星,
花園夜市,黃紫惠Melike,"在地嚮導 · 256 則評論 · 1,344 張相片",1 個月前,4 顆星,攤位很多，很好逛👍🏻 …
花園夜市,Nozomu Yoshimura,在地嚮導 · 51 則評論,1 個月前,4 顆星,是台灣典型的夜市之一。每週舉行兩次。話說回來，金蝦店的老大爺給了我150，雖然我只點了50台幣（笑） 附錄：可能是潮流吧，不過我並沒有在這個鎮上看到那些隨處可見的不合群的青蛙人物商品。我感覺安心了（笑）
花園夜市,錢阿水,在地嚮導 · 83 則評論 · 137 張相片,1 個月前,5 顆星,
花園夜市,Juno,在地嚮導 · 38 則評論 · 112 張相片,1 個月前,5 顆星,地方不大，提供的食物種類也不多，但值得一遊。番石榴和地瓜球很好吃哈哈
花園夜市,杏華張,在地嚮導 · 17 則評論 · 32 張相片,1 個月前,5 顆星,
花園夜市,不老騎士,在地嚮導 · 10 則評論 · 1 張相片,1 個月前,5 顆星,
花園夜市,林英如,7 則評論 · 3 張相片,1 個月前,3 顆星,
花園夜市,芙夕,2 則評論,1 個月前,5 顆星,
花園夜市,賴韋彤,14 則評論 · 10 張相片,1 個月前,2 顆星,只有一攤臭豆腐真的好吃，第一排的碳烤雞排，粉非常厚，沒有什麼肉，有賣黃色烤玉米的攤，玉米像是水煮過塗上醬料而已，夜市沒什麼台南特色美食，第一次逛滿心期待，卻滿失望的。
花園夜市,王致炫,在地嚮導 · 1 則評論,1 個月前,5 顆星,
花園夜市,咩咩,在地嚮導 · 26 則評論 · 1 張相片,1 個月前,5 顆星,董家麻吉冰超好吃
花園夜市,stchinan,在地嚮導 · 42 則評論 · 204 張相片,1 個月前,5 顆星,
花園夜市,Dckoyot,在地嚮導 · 86 則評論 · 10 張相片,1 個月前,5 顆星,
花園夜市,Ting Lu,4 則評論 · 1 張相片,1 個月前,5 顆星,
花園夜市,Emily Lu,在地嚮導 · 14 則評論 · 61 張相片,1 個月前,5 顆星,很多好吃的
花園夜市,Jessie Lai,"在地嚮導 · 1,478 則評論 · 17,265 張相片",1 個月前,4 顆星,
花園夜市,林汶,在地嚮導 · 7 則評論 · 6 張相片,1 個月前,5 顆星,
花園夜市,mai,在地嚮導 · 1 則評論 · 12 張相片,1 個月前,4 顆星,
花園夜市,舒舒,在地嚮導 · 429 則評論 · 533 張相片,1 個月前,5 顆星,"到現在還是很熱鬧的夜市
人非常多 場地很大
有玩樂、衣服首飾、各種小吃
好逛🥹 …"
花園夜市,陳哲瑋,在地嚮導 · 15 則評論 · 3 張相片,1 個月前,5 顆星,
花園夜市,余雅琳,9 則評論 · 8 張相片,1 個月前,3 顆星,
花園夜市,Arviyan Wisnu,在地嚮導 · 8 則評論 · 20 張相片,1 個月前,5 顆星,
花園夜市,白振財,"在地嚮導 · 241 則評論 · 77,904 張相片",1 個月前,5 顆星,攤位豐富多元，好逛好買👍👍 …
花園夜市,0611 emilyanney,在地嚮導 · 33 則評論 · 11 張相片,1 個月前,5 顆星,
花園夜市,任梓李,在地嚮導 · 66 則評論 · 7 張相片,1 個月前,5 顆星,"假日人擠人
推櫥窗滷味.靠近最左側的碳烤雞排"
花園夜市,加薪,在地嚮導 · 9 則評論 · 3 張相片,1 個月前,5 顆星,
花園夜市,蔡永霖,在地嚮導 · 8 則評論 · 6 張相片,1 個月前,5 顆星,
花園夜市,戴國峰,在地嚮導 · 16 則評論 · 26 張相片,1 個月前,4 顆星,
花園夜市,Eva,在地嚮導 · 21 則評論 · 18 張相片,1 個月前,5 顆星,
花園夜市,味噌0,在地嚮導 · 52 則評論 · 5 張相片,1 個月前,5 顆星,
花園夜市,恐龍恐龍,在地嚮導 · 34 則評論 · 7 張相片,1 個月前,5 顆星,第二條鳥蛋攤位旁邊吉拿棒很好吃，不是炸的，是用烤的，吃起來不油膩
花園夜市,李俊德,1 張相片,1 個月前,1 顆星,
花園夜市,冠傑王,2 則評論,1 個月前,5 顆星,
花園夜市,陳昱達,在地嚮導 · 74 則評論 · 18 張相片,1 個月前,5 顆星,
花園夜市,陳小少,4 則評論 · 1 張相片,1 個月前,5 顆星,
花園夜市,胡峻瑋,在地嚮導 · 56 則評論 · 83 張相片,1 個月前,3 顆星,
花園夜市,Arie Tal,"在地嚮導 · 332 則評論 · 2,514 張相片",1 個月前,5 顆星,很棒的夜市，有很棒的食物（烤魚很棒！）。只要確保合法停車如果您帶著踏板車/移動平板車來，否則他們會拖走它，而且標誌非常不清楚（換句話說，乘坐優步/出租車去那裡）
花園夜市,蕭景珆,在地嚮導 · 28 則評論 · 35 張相片,1 個月前,5 顆星,好吃的東西很多，現烤的魚、烤蝦，非常新鮮，價格實惠，衣服、手機相關配件也都很多，是個好吃好玩好買的夜市
花園夜市,張柏勛,,1 個月前,5 顆星,
花園夜市,Jeff Wu,在地嚮導 · 76 則評論 · 23 張相片,1 個月前,3 顆星,動線太擠 尤其是美食區
花園夜市,張瑜,在地嚮導 · 11 則評論 · 1 張相片,1 個月前,4 顆星,
花園夜市,張宸熙,在地嚮導 · 28 則評論 · 638 張相片,1 個月前,5 顆星,"人潮很多
動線規劃很流暢"
花園夜市,Wang,在地嚮導 · 14 則評論 · 2 張相片,1 個月前,5 顆星,建議早一點或晚一點再逛，避開尖峰時段，可以逛的更舒適。
花園夜市,Eddie Huang,197 則評論 · 147 張相片,1 個月前,4 顆星,給觀光客去的夜市，佔地不大 但攤位密集高。機車停車位也被塞爆
花園夜市,寒蟬鳴泣之時,在地嚮導 · 101 則評論 · 411 張相片,1 個月前,5 顆星,鄰近武聖夜市，也可以一同前往
花園夜市,真無言,在地嚮導 · 25 則評論 · 10 張相片,1 個月前,5 顆星,逛逛夜市，夜市逛逛！ 😁 …
花園夜市,Flower Peng (阿花),在地嚮導 · 55 則評論 · 20 張相片,1 個月前,1 顆星,停車附近都要150元 夜市內東西量少又貴 不值得去了!!
花園夜市,鄭雅尹,5 則評論 · 1 張相片,1 個月前,5 顆星,
花園夜市,Sunny Chuang,在地嚮導 · 162 則評論 · 281 張相片,1 個月前,4 顆星,"約8訪
廁所很乾淨管理很好 …"
花園夜市,Tak,在地嚮導 · 21 則評論 · 26 張相片,1 個月前,5 顆星,這裡真的很大。有很多吃的
花園夜市,吳宗穎,在地嚮導 · 23 則評論 · 27 張相片,1 個月前,5 顆星,攤商超多，態度也很好，秩序管制的也好
花園夜市,Stantly,在地嚮導 · 24 則評論 · 36 張相片,1 個月前,5 顆星,闆娘很好，我買一籃1000給小孩一起玩，結束後，除了送幾罐汽水小孩一人一隻中小型布偶。
花園夜市,王閎達,在地嚮導 · 8 則評論 · 2 張相片,1 個月前,4 顆星,
花園夜市,Alex Shen,5 則評論 · 3 張相片,1 個月前,5 顆星,
花園夜市,Cheng Louis,"在地嚮導 · 55 則評論 · 1,524 張相片",1 個月前,5 顆星,"花園夜市是台南最大的夜市。
已經過了兩個地方了。
就在海安路附近。 …"
花園夜市,Venus H,在地嚮導 · 37 則評論 · 28 張相片,1 個月前,5 顆星,"花園夜市有一攤賣鹽烤吳郭魚的，超級好吃、超級鮮甜。大推推推推～～
唯一一攤在公廁附近很好找！喜歡烤魚的可以試試看"
花園夜市,徐隆鈞,35 則評論,1 個月前,5 顆星,
花園夜市,黃偉銘,在地嚮導 · 1 則評論,1 個月前,4 顆星,
花園夜市,鬼神游,在地嚮導 · 9 則評論 · 38 張相片,1 個月前,5 顆星,
花園夜市,vu3 yl3,,1 個月前,5 顆星,
花園夜市,王俊凱,"在地嚮導 · 216 則評論 · 1,026 張相片",1 個月前,5 顆星,連續假日去的話，最好要有人擠人的打算🤣🤣，東西都還可以！ …
花園夜市,謝雨桐,10 則評論,1 個月前,3 顆星,交通混亂
花園夜市,向日葵,在地嚮導 · 267 則評論 · 529 張相片,1 個月前,3 顆星,裡面的攤販非常多，但是動線不是很好，進去了，要出來很困難，變成要人擠人繞一大圈，附近也很難停車，要靠運氣，很多攤販的價格都偏貴，份量也很少
花園夜市,천상현,12 則評論 · 11 張相片,1 個月前,4 顆星,"我周四訪問過
大部分都是當地人，裡面很寬敞，有很多東西值得一看，我真的很推薦這裡的烤玉米、蔥油年糕、臭豆腐！"
花園夜市,小工人,在地嚮導 · 45 則評論 · 36 張相片,1 個月前,5 顆星,
花園夜市,Amber Good,在地嚮導 · 42 則評論 · 10 張相片,1 個月前,5 顆星,還不錯 想吃什麼好像都能看到 我點的是鹽烤魚不錯吃
花園夜市,葉仁奇,在地嚮導 · 72 則評論 · 6 張相片,1 個月前,4 顆星,不錯逛，但很難找到停車位
花園夜市,Erwin,在地嚮導 · 7 則評論 · 9 張相片,1 個月前,5 顆星,
花園夜市,謝佳樺,2 則評論,1 個月前,5 顆星,
花園夜市,Eason Liu,在地嚮導 · 122 則評論 · 392 張相片,1 個月前,5 顆星,夜市內容越來越豐富
花園夜市,YouSheng Lin,在地嚮導 · 81 則評論 · 205 張相片,1 個月前,4 顆星,不太好停車
花園夜市,林芸羽,2 則評論 · 1 張相片,1 個月前,4 顆星,
花園夜市,張秋蘭,在地嚮導 · 30 則評論 · 6 張相片,1 個月前,5 顆星,二師兄滷味每次來必買
花園夜市,小草莓yoyo,"在地嚮導 · 69 則評論 · 1,054 張相片",1 個月前,5 顆星,好玩又好逛，超多美食😋 …
花園夜市,Lee Zhuang,在地嚮導 · 382 則評論 · 291 張相片,1 個月前,3 顆星,"太擁擠了～～
根本逛不到什麼
就是人擠人"
花園夜市,劉坤麟,5 張相片,1 個月前,4 顆星,
花園夜市,阿鎮,在地嚮導 · 11 則評論 · 6 張相片,1 個月前,5 顆星,好吃好玩
花園夜市,王百壽,15 則評論,1 個月前,4 顆星,東西很多
花園夜市,Yane Cheung,在地嚮導 · 72 則評論 · 182 張相片,1 個月前,5 顆星,很熱鬧
花園夜市,Sun Lei,在地嚮導 · 41 則評論 · 61 張相片,1 個月前,5 顆星,
花園夜市,YuCing Jhang,在地嚮導 · 8 則評論 · 1 張相片,1 個月前,4 顆星,
花園夜市,Aurthur Huang,"在地嚮導 · 314 則評論 · 3,353 張相片",1 個月前,5 顆星,花園夜市是台灣最具魅力的夜市之一，不僅規模龐大，攤位多樣，還融合了美食、購物，無論是經典的小吃如蚵仔煎、鹽酥雞，還是創意十足的特色料理，都能滿足各種味蕾。夜市內琳瑯滿目的小物、遊戲攤位和熱鬧的人潮，展現了台南的在地風情與熱情，是每位遊客不可錯過的美食與文化體驗
花園夜市,潘國美,在地嚮導 · 10 則評論 · 37 張相片,1 個月前,5 顆星,好逛好買
花園夜市,Chuck,在地嚮導 · 29 則評論 · 75 張相片,1 個月前,4 顆星,
花園夜市,葉生活 X EVEN日記,"在地嚮導 · 248 則評論 · 1,216 張相片",1 個月前,5 顆星,
花園夜市,徐茂展,在地嚮導 · 51 則評論 · 151 張相片,1 個月前,3 顆星,還可以！
花園夜市,彥宸陳,在地嚮導 · 65 則評論 · 28 張相片,1 個月前,5 顆星,
花園夜市,陳姿嫣,在地嚮導 · 2 則評論,1 個月前,4 顆星,
花園夜市,Edward Yango,在地嚮導 · 125 則評論 · 401 張相片,1 個月前,5 顆星,如果您週四、週六或週日晚上在台南，一定要來參觀。您可以充分體驗當地街頭美食和遊戲。一定要早點到那裡去逛小吃攤。停車可能是一個挑戰。
花園夜市,風無息,1 則評論,1 個月前,5 顆星,
花園夜市,張綺恩,在地嚮導 · 247 則評論 · 33 張相片,1 個月前,4 顆星,
花園夜市,林小星,在地嚮導 · 29 則評論 · 35 張相片,1 個月前,5 顆星,素食偏少🥺 …
花園夜市,Chloe Li,41 則評論 · 23 張相片,1 個月前,5 顆星,
花園夜市,F.C.,3 則評論 · 11 張相片,1 個月前,5 顆星,
花園夜市,王依琳,"在地嚮導 · 84 則評論 · 4,902 張相片",1 個月前,3 顆星,
花園夜市,劉軒,5 則評論 · 1 張相片,1 個月前,5 顆星,小杜身體不舒服還來上班😂辛苦了 …
花園夜市,胡文彥,在地嚮導 · 8 則評論 · 1 張相片,1 個月前,5 顆星,
花園夜市,Chris,在地嚮導 · 61 則評論 · 27 張相片,1 個月前,5 顆星,
花園夜市,馬九方,"在地嚮導 · 119 則評論 · 1,691 張相片",1 個月前,4 顆星,
花園夜市,林永挺,在地嚮導 · 16 則評論,1 個月前,4 顆星,吃的玩的很多
花園夜市,劉虹美,在地嚮導 · 16 則評論 · 8 張相片,1 個月前,5 顆星,
花園夜市,Yen Winnie,"在地嚮導 · 237 則評論 · 4,832 張相片",1 個月前,4 顆星,
花園夜市,蔡家昌,3 則評論,1 個月前,5 顆星,
花園夜市,郭子萓,1 則評論,1 個月前,5 顆星,
花園夜市,Zhao Hui Feng,在地嚮導 · 8 則評論 · 4 張相片,1 個月前,5 顆星,
花園夜市,cherry ko,在地嚮導 · 8 則評論,1 個月前,1 顆星,"停車規劃非常之爛，身為台南人真的是蒙羞!
某次逛完夜市出來後發現停車場空位非常多
我們當下還心想怎麼可能@@？ …"
花園夜市,A T,"在地嚮導 · 668 則評論 · 3,970 張相片",1 個月前,4 顆星,很多東西就像跳蚤市場一樣。品質根據價格。
花園夜市,白黎安,"在地嚮導 · 363 則評論 · 1,929 張相片",1 個月前,2 顆星,"🌯雖然夜市很大
🌭琳瑯滿目的攤販
🌮吸引購買的攤販卻寥寥無幾
🫔停車$150
🥙二師兄$300、烤玉米$70、烤魚$250"
花園夜市,Tanan Tran,4 則評論,1 個月前,1 顆星,非常好
花園夜市,金田木杉,"在地嚮導 · 34 則評論 · 1,703 張相片",1 個月前,5 顆星,
花園夜市,藍智輝,在地嚮導 · 25 則評論 · 2 張相片,1 個月前,5 顆星,英國皇家 港奶 一生推
花園夜市,Wu hao,在地嚮導 · 20 則評論 · 3 張相片,1 個月前,5 顆星,
花園夜市,郭俊宏,3 則評論 · 4 張相片,1 個月前,5 顆星,
花園夜市,Iris,在地嚮導 · 145 則評論 · 86 張相片,1 個月前,5 顆星,"食物多樣好逛～
而且好大….
真的吃得很開心🥳 …"
花園夜市,Leon Willems,在地嚮導 · 90 則評論 · 15 張相片,1 個月前,3 顆星,恕我直言，非常忙碌並且被高估了。其他街頭市場更有趣、更舒適
花園夜市,Gavin,17 則評論 · 3 張相片,1 個月前,5 顆星,
花園夜市,長谷紗里奈,1 則評論,1 個月前,5 顆星,
花園夜市,蔡秉勳,5 則評論 · 1 張相片,1 個月前,5 顆星,
花園夜市,小瞱,在地嚮導 · 23 則評論 · 10 張相片,1 個月前,5 顆星,讚
花園夜市,徐明敬,4 則評論,1 個月前,4 顆星,停車位不足，18：00 就沒有車位
花園夜市,許智為,在地嚮導 · 14 則評論 · 196 張相片,1 個月前,5 顆星,
花園夜市,Julio Ting,在地嚮導 · 17 則評論 · 362 張相片,1 個月前,4 顆星,
花園夜市,5 加1,在地嚮導 · 64 則評論 · 85 張相片,1 個月前,5 顆星,很多人
花園夜市,巫婆奶奶,在地嚮導 · 9 則評論 · 50 張相片,1 個月前,5 顆星,
花園夜市,陳榮翔,7 則評論 · 2 張相片,1 個月前,5 顆星,小吃的部分應有盡有
花園夜市,楊富宇,在地嚮導 · 1 則評論,1 個月前,4 顆星,
花園夜市,吳維彬,在地嚮導 · 145 則評論 · 1 張相片,1 個月前,5 顆星,第一次體會到，三位停車場阿伯的熱情
花園夜市,施漢強,7 則評論 · 3 張相片,1 個月前,5 顆星,
花園夜市,Deny Feng,在地嚮導 · 93 則評論 · 444 張相片,1 個月前,5 顆星,攤位超多
花園夜市,洪Jerry,在地嚮導 · 51 則評論 · 11 張相片,1 個月前,5 顆星,
花園夜市,Kusnadi Lim,在地嚮導 · 273 則評論 · 309 張相片,1 個月前,5 顆星,
花園夜市,孝國陳,4 則評論,1 個月前,5 顆星,
花園夜市,黃動感,在地嚮導 · 120 則評論 · 43 張相片,1 個月前,3 顆星,
花園夜市,源,在地嚮導 · 56 則評論 · 12 張相片,1 個月前,5 顆星,很好逛的夜市 管理的也不錯
花園夜市,Yun Tsai,在地嚮導 · 21 則評論 · 14 張相片,1 個月前,4 顆星,
花園夜市,張靖婉,在地嚮導 · 25 則評論 · 12 張相片,1 個月前,5 顆星,
花園夜市,余文凱,3 則評論 · 1 張相片,1 個月前,4 顆星,
花園夜市,陳如雲,在地嚮導 · 21 則評論 · 7 張相片,1 個月前,4 顆星,
花園夜市,楊筱琪,在地嚮導 · 11 則評論 · 14 張相片,1 個月前,5 顆星,
花園夜市,陳亮亮,在地嚮導 · 12 則評論 · 19 張相片,1 個月前,4 顆星,人超多，車超多，就停車位超少🤣 …
花園夜市,Keelung K,在地嚮導 · 3 則評論 · 44 張相片,1 個月前,5 顆星,
花園夜市,郭鳳如,在地嚮導 · 63 則評論 · 5 張相片,1 個月前,5 顆星,各式各樣吃的玩的都有難怪每次去的時候都是好多人
花園夜市,Theresa Ting,在地嚮導 · 14 則評論 · 20 張相片,1 個月前,5 顆星,在台南的時候偶然發現了這個夜市。非常乾淨而且井井有條（與台北相比）。選擇是無窮無盡的（但要準備好在某些攤位上加倍）。有些地方允許您使用 LinePay，以防您現金不足，這很方便。
花園夜市,Kevin Yu HYC,在地嚮導 · 102 則評論 · 118 張相片,1 個月前,5 顆星,
花園夜市,鍾建勳,在地嚮導 · 15 則評論 · 8 張相片,1 個月前,4 顆星,"2/28造訪
人潮擁擠 網紅攤位皆排隊"
花園夜市,Isabel Yang,在地嚮導 · 109 則評論 · 140 張相片,1 個月前,5 顆星,來台南玩一定會去的夜市 主要來這邊玩遊戲的 回憶童年回憶 也有很多小吃差異不大 建議可以貨比三家
花園夜市,沈文信,在地嚮導 · 50 則評論 · 310 張相片,1 個月前,4 顆星,17:30到  就已經快沒停車位
花園夜市,O K,11 則評論,1 個月前,5 顆星,
花園夜市,周君威,3 則評論,1 個月前,5 顆星,
花園夜市,YU-HSIANG Hsu,在地嚮導 · 180 則評論 · 301 張相片,1 個月前,4 顆星,
花園夜市,lynn wang,在地嚮導 · 16 則評論 · 1 張相片,1 個月前,5 顆星,
花園夜市,高幕韓,在地嚮導 · 37 則評論 · 6 張相片,1 個月前,5 顆星,
花園夜市,杜采瓴,在地嚮導 · 39 則評論 · 17 張相片,1 個月前,4 顆星,建議早點去，6點過後人潮就非常多。
花園夜市,淨原（林仙淨原）,在地嚮導 · 12 則評論 · 218 張相片,1 個月前,5 顆星,好逛好玩好吃的觀光夜市
花園夜市,Klara Tauber,在地嚮導 · 36 則評論 · 34 張相片,1 個月前,5 顆星,
花園夜市,郭,在地嚮導 · 70 則評論 · 12 張相片,1 個月前,5 顆星,
花園夜市,莊博亦,在地嚮導 · 24 則評論 · 20 張相片,1 個月前,5 顆星,
花園夜市,Aaron Wang,在地嚮導 · 19 則評論 · 4 張相片,1 個月前,4 顆星,就一般的夜市，該有的都有，沒吃到特別有印象的小吃
花園夜市,柯皮皮,在地嚮導 · 71 則評論 · 2 張相片,1 個月前,4 顆星,"停車位好像不算多 路線規劃不好
但攤很豐富"
花園夜市,Daniel L,4 則評論,1 個月前,4 顆星,"優點：無需韓國人也能體驗當地的熱門地點。
缺點：如果你不懂中文，一切都很難。  天氣太熱了，人太多了"
花園夜市,Raccoon桑,在地嚮導 · 49 則評論 · 48 張相片,1 個月前,5 顆星,
花園夜市,吳俊宏,在地嚮導 · 31 則評論 · 81 張相片,1 個月前,5 顆星,台南最好逛夜市
花園夜市,Paladin Tai,在地嚮導 · 5 則評論 · 131 張相片,1 個月前,5 顆星,
花園夜市,桃子,在地嚮導 · 18 則評論 · 17 張相片,1 個月前,5 顆星,
花園夜市,陳世峰,在地嚮導 · 58 則評論 · 515 張相片,1 個月前,4 顆星,
花園夜市,昌輝,在地嚮導 · 171 則評論 · 134 張相片,1 個月前,4 顆星,
花園夜市,Yang Acer,在地嚮導 · 180 則評論 · 49 張相片,1 個月前,4 顆星,跟大東東比起來個人還是比較喜歡大東東，花園純粹是好奇去走走。
花園夜市,Crown into Hou,在地嚮導 · 3 則評論 · 48 張相片,1 個月前,5 顆星,
花園夜市,江俊賢,2 則評論,1 個月前,5 顆星,
花園夜市,天權,在地嚮導 · 29 則評論 · 4 張相片,1 個月前,5 顆星,鴨血 小上海香酥雞 好ㄘ
花園夜市,Luis Chou,在地嚮導 · 36 則評論 · 19 張相片,1 個月前,5 顆星,不知道要吃什麼（非正餐）就來逛逛的好地方
花園夜市,Johnson Chiang,在地嚮導 · 257 則評論 · 668 張相片,1 個月前,5 顆星,
花園夜市,Yu-Ting Wu,"在地嚮導 · 256 則評論 · 2,189 張相片",1 個月前,5 顆星,
花園夜市,CWC,在地嚮導 · 38 則評論 · 71 張相片,1 個月前,5 顆星,
花園夜市,梁芋頭,"在地嚮導 · 269 則評論 · 3,356 張相片",1 個月前,4 顆星,滿滿的人滿滿的年輕人，東西多樣吃的好吃唷但要排隊玩的好玩要排隊，好像沒人排隊就不好的樣子很怪吧？
花園夜市,Johnson Chang,在地嚮導 · 65 則評論 · 101 張相片,1 個月前,5 顆星,"夜市王粉絲來探店

禮拜五人有點太多 台南只有花園開 太擁擠

木櫥滷味很好吃
阿三哥蚵仔煎偏酥、甜
四草蚵仔煎醬料太像番茄醬 雖然較大份，但⋯比較推阿三哥
魷皇駕到的價格偏貴 但很好吃 夜市內其他家$150會覺得少，相較起來這家的$200又大份又好吃
香煎小籠包還行 很餓的話再吃就好
麻薯叔叔還不錯"
花園夜市,張書偉,,1 個月前,5 顆星,
花園夜市,Claire Chen,4 則評論 · 5 張相片,1 個月前,2 顆星,
花園夜市,耀文,在地嚮導 · 25 則評論 · 10 張相片,1 個月前,1 顆星,車位少 ，吃的價格比一般貴三分之一
花園夜市,呂正鈞,在地嚮導 · 7 則評論 · 3 張相片,1 個月前,5 顆星,
花園夜市,夢惜兒,在地嚮導 · 182 則評論 · 114 張相片,1 個月前,3 顆星,"喜歡熱鬧氣氛逛個夜市還不錯
非本地人來台南觀光可以踩點
住台南後去過幾次後不會再特別專程跑去 …"
花園夜市,梁哲浩,7 則評論,1 個月前,5 顆星,人潮擁擠，食物眾多。
花園夜市,林殊,在地嚮導 · 39 則評論 · 685 張相片,1 個月前,5 顆星,
花園夜市,阿靖,10 則評論,1 個月前,5 顆星,
花園夜市,笛布斯顗賚,"在地嚮導 · 1,084 則評論 · 11,977 張相片",1 個月前,3 顆星,花蓮東大門夜市真的比較好走又乾淨，東西差不多。
花園夜市,Liu Jenin,5 則評論 · 8 張相片,1 個月前,5 顆星,
花園夜市,Wuㄚ暉,在地嚮導 · 25 則評論 · 2 張相片,1 個月前,3 顆星,台南數一數二的大型夜市
花園夜市,Roger H.,"在地嚮導 · 873 則評論 · 6,161 張相片",1 個月前,4 顆星,人很多，動線都還可以。
花園夜市,柯基龍,在地嚮導 · 33 則評論 · 40 張相片,1 個月前,5 顆星,
花園夜市,Emma Chang,"在地嚮導 · 288 則評論 · 1,693 張相片",1 個月前,5 顆星,台南美食好吃好逛又好買
花園夜市,xia0 yun,在地嚮導 · 10 則評論 · 1 張相片,1 個月前,5 顆星,"除了難停車,其他都很好"
花園夜市,MilkTea Chen (阿月),在地嚮導 · 88 則評論 · 21 張相片,1 個月前,5 顆星,每次一定會來
花園夜市,張婷,在地嚮導 · 19 則評論 · 6 張相片,1 個月前,5 顆星,
花園夜市,david lin,7 則評論 · 1 張相片,1 個月前,5 顆星,
花園夜市,丁之正,在地嚮導 · 34 則評論 · 200 張相片,1 個月前,5 顆星,
花園夜市,thuc buithe,,1 個月前,5 顆星,
花園夜市,秦渝庭,6 則評論 · 1 張相片,1 個月前,5 顆星,
花園夜市,Cindy ChiangHsieh,"在地嚮導 · 10 則評論 · 2,371 張相片",1 個月前,5 顆星,
花園夜市,Yixiong Kang,在地嚮導 · 10 則評論 · 33 張相片,1 個月前,5 顆星,非常接地氣的夜市，很熱鬧，感覺超好。
花園夜市,J Cheng,在地嚮導 · 39 則評論 · 810 張相片,1 個月前,5 顆星,
花園夜市,贾一楠,5 則評論 · 8 張相片,1 個月前,5 顆星,
花園夜市,徐震遠（Sunny）,"在地嚮導 · 203 則評論 · 3,977 張相片",1 個月前,3 顆星,夜市，攤位眾多，美食豐盛，客人擁擠，人潮洶湧，價格一般。
花園夜市,Kai,10 則評論 · 7 張相片,1 個月前,5 顆星,
花園夜市,ゆめこ,4 則評論 · 1 張相片,1 個月前,5 顆星,
花園夜市,暱稱真的好難取,"在地嚮導 · 328 則評論 · 1,087 張相片",1 個月前,5 顆星,一樣好逛 幾十年了始就如一
花園夜市,康小峻,12 則評論 · 2 張相片,1 個月前,5 顆星,真的不用多說什麼，從大學到現在，一如既往的好吃！真的是太棒太懷念了！
花園夜市,김명훈,在地嚮導 · 49 則評論 · 10 張相片,1 個月前,4 顆星,
花園夜市,小玉,18 則評論 · 1 張相片,1 個月前,5 顆星,"逛起來還不錯
但就是有一間提拉米蘇不要買！
價位不便宜！價位已經可以跟店面咖啡廳比價了
看起來也還不錯！
但吃起來就是超級傻眼
內餡竟然是海綿蛋糕！？？？
沒吃過這種欸⋯"
花園夜市,邱小,在地嚮導 · 19 則評論 · 40 張相片,1 個月前,3 顆星,"停車相當的不方便
每次去夜市的停車場每次去每次滿
都還要再花個錢停別的地方"
花園夜市,林志嘉,3 則評論,1 個月前,5 顆星,
花園夜市,Francesco Vanoncini,在地嚮導 · 193 則評論 · 34 張相片,1 個月前,5 顆星,
花園夜市,葉欣儀,2 則評論,1 個月前,5 顆星,
花園夜市,Chen Suan,在地嚮導 · 251 則評論 · 842 張相片,1 個月前,5 顆星,台南最好吃好逛的夜市
花園夜市,雨晞,在地嚮導 · 16 則評論 · 1 張相片,1 個月前,5 顆星,各式小吃很不錯
花園夜市,coofootra,"在地嚮導 · 445 則評論 · 10,594 張相片",1 個月前,5 顆星,打彈珠的老闆人超好
花園夜市,Irene T,在地嚮導 · 37 則評論 · 35 張相片,1 個月前,5 顆星,
花園夜市,Zuzukor,在地嚮導 · 3 則評論 · 2 張相片,1 個月前,5 顆星,
花園夜市,夏芸,1 則評論,1 個月前,5 顆星,
花園夜市,妮妮,在地嚮導 · 31 則評論 · 7 張相片,1 個月前,5 顆星,
花園夜市,李東東,在地嚮導 · 13 則評論,1 個月前,5 顆星,
花園夜市,菓子（Mesia）,在地嚮導 · 21 則評論 · 25 張相片,1 個月前,5 顆星,
花園夜市,辜婉禎,5 則評論 · 4 張相片,1 個月前,4 顆星,食物那區超爆擠，覺得食物普通，蠻大的夜市，有時間可以逛逛，但覺得附近食物應該也蠻多選擇，不一定要的夜市吃！！（附上在附近吃的湯包，讚讚。）
花園夜市,黃冠雄,2 則評論,1 個月前,5 顆星,
花園夜市,羅淯聖,在地嚮導 · 81 則評論 · 162 張相片,1 個月前,4 顆星,停車很難停
花園夜市,Lin Yon,在地嚮導 · 427 則評論 · 563 張相片,1 個月前,5 顆星,好吃
花園夜市,許嘉倫,在地嚮導 · 5 則評論,1 個月前,5 顆星,
花園夜市,邱永慶,在地嚮導 · 518 則評論 · 81 張相片,1 個月前,5 顆星,腹地廣大，美食、商品及娛樂應有盡有
花園夜市,Hsieh wen-jin,在地嚮導 · 974 則評論 · 669 張相片,1 個月前,3 顆星,小吃攤位多 素食者攤位些許 冷風閒逛 冷
花園夜市,樂洛米,在地嚮導 · 326 則評論 · 129 張相片,1 個月前,5 顆星,
花園夜市,山豬哥哥,在地嚮導 · 25 則評論,1 個月前,4 顆星,
花園夜市,iris,在地嚮導 · 21 則評論 · 87 張相片,1 個月前,5 顆星,超級好吃的吉拿棒～大推！
花園夜市,伍拾元,在地嚮導 · 3 則評論 · 2 張相片,1 個月前,5 顆星,
花園夜市,謝岳璇,在地嚮導 · 40 則評論 · 29 張相片,1 個月前,5 顆星,"在地人，可是偶爾才去
東西非常多樣化，可是人太多了😅
帶小孩不方便，6：00去人不多
這個時間最棒了 …"
花園夜市,Kuanwei Li,在地嚮導 · 1 則評論,2 個月前,4 顆星,
花園夜市,大良,在地嚮導 · 100 則評論 · 29 張相片,2 個月前,4 顆星,跟5年前一樣都沒變化
花園夜市,謝亞,在地嚮導 · 16 則評論 · 3 張相片,2 個月前,5 顆星,
花園夜市,Lo suyun,在地嚮導 · 147 則評論 · 566 張相片,2 個月前,5 顆星,越晚人潮越多 美食超多
花園夜市,布魯克河松,13 則評論 · 2 張相片,2 個月前,5 顆星,讚👍 …
花園夜市,Sam “The Worker” Huang,在地嚮導 · 18 則評論 · 806 張相片,2 個月前,5 顆星,
花園夜市,Jenny,"在地嚮導 · 48 則評論 · 1,083 張相片",2 個月前,5 顆星,
花園夜市,Shan,在地嚮導 · 33 則評論 · 269 張相片,2 個月前,5 顆星,從台北到台中台南的夜市都去一遍 台南花園夜市是星期四開檔 不得不說這裡實在太棒了 價格比北中要便宜 吃食也很多 最喜歡姜家的厚切日式魷魚！還有瓦罐熱烤奶，玫瑰茉莉料超足，喝完可以找老闆續熱紅茶，暖暖的！還有一家銅鑼燒（老闆有貼紙送）餡料很密實，後悔買太少，實在吃不下了。鮮橙檸檬的美女老闆建議我兩匙檸檬，確實好喝，緩解了大台南食物的甜…還有很多家我沒有記住名字，總之好吃的我都拍照咯，麻煩嘴饞的朋友一定要試試。遊戲區基本上都是花錢就有禮物，這讓人很開心，本來就是塗個開開心心，老闆們都非常好，沒有任何的不愉快，旅行的關係，只能去一晚，下次還要去！嘻嘻
花園夜市,阿瑋,在地嚮導 · 16 則評論 · 7 張相片,2 個月前,5 顆星,
花園夜市,Luna,11 則評論 · 5 張相片,2 個月前,5 顆星,集結好吃好玩又開心🥳 …
花園夜市,楊玠原,在地嚮導,2 個月前,1 顆星,
花園夜市,benben liang,在地嚮導 · 13 則評論 · 6 張相片,2 個月前,5 顆星,
花園夜市,Graham Tung,在地嚮導 · 11 則評論 · 4 張相片,2 個月前,5 顆星,
花園夜市,陳柏恩,,2 個月前,5 顆星,
花園夜市,An Li,在地嚮導 · 461 則評論 · 651 張相片,2 個月前,2 顆星,真的太多人太擠了😥很難行走，所以根本不太能邊走邊吃，還會一直被撞⋯雖然攤位很多但重複性也很高，不是很建議到這裡覓食 …
花園夜市,B 2,"在地嚮導 · 106 則評論 · 1,108 張相片",2 個月前,2 顆星,只能平日去
花園夜市,meiya Fang,"在地嚮導 · 345 則評論 · 2,242 張相片",2 個月前,5 顆星,週六前往人爆炸多 根本貼著走路，廣林燒肉好好吃 ，買一次吃完 要回家再補一次小貴，但阿嬤很客氣，銅鑼燒就吃個嚐鮮，吃不到餅皮的香只有餡料的味道而已，
花園夜市,黃家豐,在地嚮導 · 136 則評論 · 377 張相片,2 個月前,4 顆星,好玩好吃
花園夜市,劉怡琳,8 則評論 · 3 張相片,2 個月前,5 顆星,
花園夜市,楊曜銘,"在地嚮導 · 35 則評論 · 1,334 張相片",2 個月前,5 顆星,
花園夜市,林小國,在地嚮導 · 288 則評論 · 519 張相片,2 個月前,5 顆星,非假日一樣多人，但至少還不會人擠人，可以慢慢逛
花園夜市,MORRIS LIN,在地嚮導 · 57 則評論 · 9 張相片,2 個月前,5 顆星,他的東西很多然後又很好吃
花園夜市,Hao Tan,"在地嚮導 · 777 則評論 · 6,167 張相片",2 個月前,4 顆星,這是我們迄今為止在台灣參觀過的最大的夜市。有很多小吃攤。許多提供餐飲設施。它很擁擠，停車場也擠滿了人。幸運的是我們沒有選擇開車來這裡。這裡有很多老牌攤位。食物很好尤其是臭豆腐。我們是在冬季參觀的，因此在人群中行走是流汗的。
花園夜市,Shin Shin,5 則評論,2 個月前,5 顆星,"請問百貨區最後一條有賣女生牛仔褲,請問有人知道她的聯絡方式嗎？想再買牛仔褲。"
花園夜市,姚文修,2 則評論,2 個月前,4 顆星,"人很多,食物好吃但是價格偏高,重復的攤位也不少"
花園夜市,許喬,在地嚮導 · 73 則評論 · 293 張相片,2 個月前,5 顆星,吃的很多夜市
花園夜市,林亭儀,在地嚮導 · 5 則評論 · 20 張相片,2 個月前,4 顆星,這裡雖然人很多，但想的到的都有
花園夜市,jhgjhtee,12 則評論 · 6 張相片,2 個月前,2 顆星,"人超級多  不好停車, 小心粉筆出動"
花園夜市,黃怡芳,2 則評論,2 個月前,5 顆星,
花園夜市,陳泰泰,在地嚮導 · 22 則評論,2 個月前,5 顆星,
花園夜市,CHIA YU,11 則評論,2 個月前,2 顆星,"人多又擠又難逛，攤販也沒什麼很特別的，最誇張的是地上到處都垃圾，我很難相信這是台灣，髒成這樣，居然沒有清掃人員隨是清垃圾，跟曼谷的夜市差太多，曼谷的夜市漂亮又乾淨，雖然人也多但不會擠，因為通道很寬，攤位間隔大
台灣真的快比東南亞國家還落後了，慘~"
花園夜市,布丁奶凍,11 則評論,2 個月前,5 顆星,
花園夜市,Cal Young,在地嚮導 · 36 則評論 · 67 張相片,2 個月前,4 顆星,
花園夜市,呂小霖,在地嚮導 · 35 則評論 · 114 張相片,2 個月前,5 顆星,
花園夜市,黃阿潔,在地嚮導 · 93 則評論 · 349 張相片,2 個月前,5 顆星,來夜市玩遊戲，拿到3個玩偶，很開心覺得很容易獲得，有機會來台南還要再來啊～
花園夜市,Yun,在地嚮導 · 39 則評論 · 140 張相片,2 個月前,2 顆星,"車位動線不佳，人車都擠在一起，
攤位擁擠，稍逛一下就無力繼續，
還是去周邊尋找美食比較實在。"
花園夜市,李家維,"在地嚮導 · 473 則評論 · 4,250 張相片",2 個月前,5 顆星,
花園夜市,Shao-Lun Hsu,在地嚮導 · 24 則評論 · 19 張相片,2 個月前,4 顆星,很熱鬧的夜市，不過人太多了
花園夜市,陳政德,在地嚮導 · 7 則評論 · 11 張相片,2 個月前,4 顆星,
花園夜市,楊紫卉,1 則評論,2 個月前,5 顆星,
花園夜市,陳俊龍,3 則評論 · 1 張相片,2 個月前,5 顆星,夜市小吃選擇多，場地大
花園夜市,yaping yang,"在地嚮導 · 8 則評論 · 11,253 張相片",2 個月前,5 顆星,
花園夜市,zaukop,在地嚮導 · 9 則評論 · 3 張相片,2 個月前,4 顆星,
花園夜市,014冠逸,在地嚮導 · 56 則評論 · 31 張相片,2 個月前,5 顆星,非常好逛👍 …
花園夜市,黃加冠,在地嚮導 · 13 則評論 · 2 張相片,2 個月前,4 顆星,
花園夜市,侯鉻峰,在地嚮導 · 6 則評論 · 9 張相片,2 個月前,5 顆星,
花園夜市,張芳瑜,6 則評論 · 1 張相片,2 個月前,5 顆星,
花園夜市,郭冠廷,3 則評論,2 個月前,5 顆星,店鋪有很多，是台南晚上遊玩的好地方
花園夜市,Peculiar音樂,在地嚮導 · 380 則評論 · 943 張相片,2 個月前,5 顆星,夜市王來的，阿三哥蚵仔煎，普通，沒有驚為天人的感覺，但也不難吃！全壘打牛排，還特別點了369的嫩肩，結果也沒比較好吃，肉有點柴，點雞腿排應該比較好！第三名的延記臭豆腐，比蚵仔煎和牛排好吃，油溫夠高有夠酥，也有入味！濃五吉拿棒，ㄧ口一個，也超酥脆好吃！黃家乾燒蛤仔湯，有夠鮮又好喝，鳳螺也超多顆好吃！山水凍檸茶的玫瑰花茶也好好喝！
花園夜市,Lina Chang,在地嚮導 · 47 則評論 · 42 張相片,2 個月前,4 顆星,
花園夜市,Tsai Bella,10 則評論 · 3 張相片,2 個月前,5 顆星,
花園夜市,Delphine Chen,"在地嚮導 · 613 則評論 · 5,957 張相片",2 個月前,4 顆星,"星期四的六點左右人比較少，比較不會人擠人，但是攤位有些都還沒開好。

—————
重複性頗高"
花園夜市,我檔案呢,1 則評論,2 個月前,5 顆星,
花園夜市,River,在地嚮導 · 39 則評論 · 25 張相片,2 個月前,5 顆星,
花園夜市,姬英傑,在地嚮導 · 104 則評論 · 54 張相片,2 個月前,5 顆星,
花園夜市,Neko Sheng,在地嚮導 · 27 則評論 · 46 張相片,2 個月前,5 顆星,好多小吃～好多人🤣🤣 …
花園夜市,漂泊人,在地嚮導 · 44 則評論 · 65 張相片,2 個月前,1 顆星,"夜市規劃有夠爛
之前聽說停車規劃很爛，很多人停車排隊要到的時候就被趕走，我也是遇到排很久要到了被趕走，後面那台又可以停是怎樣規劃有問題？乾脆把停車場取消就好浪費人時間"
花園夜市,陳沂萱,1 則評論,2 個月前,5 顆星,
花園夜市,陳小玲,在地嚮導 · 2 則評論,2 個月前,5 顆星,
花園夜市,張逸薰,在地嚮導 · 47 則評論 · 113 張相片,2 個月前,5 顆星,
花園夜市,Lee1945 Kf14,在地嚮導 · 43 則評論 · 309 張相片,2 個月前,5 顆星,
花園夜市,Habik Unji (Hank),13 則評論 · 3 張相片,2 個月前,5 顆星,
花園夜市,yi shao,4 則評論 · 1 張相片,2 個月前,4 顆星,
花園夜市,紀政任,7 則評論,2 個月前,5 顆星,
花園夜市,邱茶童,9 則評論 · 5 張相片,2 個月前,4 顆星,
花園夜市,蔡宛如,10 則評論 · 13 張相片,2 個月前,5 顆星,
花園夜市,林佑軒,30 則評論 · 18 張相片,2 個月前,5 顆星,
花園夜市,吳翊宏,在地嚮導 · 14 則評論 · 208 張相片,2 個月前,4 顆星,
花園夜市,呵顆顆,在地嚮導 · 21 則評論 · 5 張相片,2 個月前,5 顆星,
花園夜市,楊文建,在地嚮導 · 16 則評論,2 個月前,3 顆星,
花園夜市,Gary,在地嚮導 · 12 則評論 · 251 張相片,2 個月前,5 顆星,
花園夜市,黑澤,在地嚮導 · 2 則評論 · 363 張相片,2 個月前,5 顆星,
花園夜市,benhockey97,在地嚮導 · 176 則評論 · 3 張相片,2 個月前,5 顆星,這可能是我在台灣最喜歡的夜市了。攤位很多，排列整齊，方便查看。停車場附近的一些隔間、浴室和一些較低的牆壁上都有座位，任何人都可以坐在上面。食物種類繁多，還有很多遊戲，走來走去看看人們玩也很有趣。
花園夜市,Luke Hu,2 則評論,2 個月前,5 顆星,
花園夜市,紀宏維,4 則評論 · 3 張相片,2 個月前,5 顆星,
花園夜市,桃花兒島主,在地嚮導 · 23 則評論 · 26 張相片,2 個月前,4 顆星,
花園夜市,Flora,在地嚮導 · 5 則評論 · 2 張相片,2 個月前,5 顆星,
花園夜市,洪安志,1 張相片,2 個月前,5 顆星,
花園夜市,Tina Huang,6 則評論 · 9 張相片,2 個月前,5 顆星,
花園夜市,馮健芳,1 則評論,2 個月前,5 顆星,
花園夜市,Matt.C,在地嚮導 · 79 則評論 · 67 張相片,2 個月前,5 顆星,好玩又好逛的夜市，讚
花園夜市,Dorian W,在地嚮導 · 17 則評論 · 11 張相片,2 個月前,5 顆星,
花園夜市,靈貓,在地嚮導 · 89 則評論 · 129 張相片,2 個月前,5 顆星,人山人海，很多好吃的
花園夜市,Ca,在地嚮導 · 27 則評論 · 12 張相片,2 個月前,4 顆星,碳烤攤，其中一攤很雷，買時，沒有另外再烤過，沒醬，重點肉也沒熟，超難吃的！這攤也沒看到其他人買！！
花園夜市,林博偉,在地嚮導 · 2 則評論 · 51 張相片,2 個月前,5 顆星,
花園夜市,李巧凡,在地嚮導 · 6 則評論 · 34 張相片,2 個月前,1 顆星,
花園夜市,11,在地嚮導 · 15 則評論 · 8 張相片,2 個月前,5 顆星,
花園夜市,H wang,13 則評論 · 1 張相片,2 個月前,5 顆星,花園夜市充滿了食衣玩樂，真不愧是台南夜市翹楚！
花園夜市,Joy Hsieh,"在地嚮導 · 534 則評論 · 1,281 張相片",2 個月前,5 顆星,台南最大夜市
花園夜市,鄭吉清鄭吉清,在地嚮導 · 35 則評論 · 42 張相片,2 個月前,4 顆星,
花園夜市,童,在地嚮導 · 135 則評論 · 109 張相片,2 個月前,4 顆星,
花園夜市,曾俊賢,在地嚮導 · 12 則評論 · 4 張相片,2 個月前,1 顆星,黃家烤魚 服務態度差勁👎 …
花園夜市,張靜怡,在地嚮導 · 38 則評論 · 9 張相片,2 個月前,5 顆星,
花園夜市,吧啦吧啦,在地嚮導 · 220 則評論 · 117 張相片,2 個月前,4 顆星,白糖粿一定要點巧克力口味，是苦甜的，要排隊但蠻快的
花園夜市,n Ha,在地嚮導 · 19 則評論 · 2 張相片,2 個月前,5 顆星,
花園夜市,周威丞,2 則評論 · 2 張相片,2 個月前,5 顆星,店員超親切的！！
花園夜市,張文正,12 則評論,2 個月前,5 顆星,
花園夜市,H,在地嚮導 · 140 則評論 · 86 張相片,2 個月前,4 顆星,回台南帶朋友逛可以
花園夜市,Roger Lylykorpi (おおぬき),在地嚮導 · 16 則評論 · 9 張相片,2 個月前,5 顆星,非常擁擠的夜市。可能是因為每年這個時候，當地人都很多，氣氛也不錯。不僅有美味的食物，還有打靶等很多遊戲，氣氛非常懷舊。
花園夜市,King Ho Ip,"在地嚮導 · 490 則評論 · 5,684 張相片",2 個月前,4 顆星,
花園夜市,陳瑞林,在地嚮導,2 個月前,4 顆星,
花園夜市,Mark Shessel,在地嚮導 · 46 則評論 · 35 張相片,2 個月前,5 顆星,我在市場玩得很開心。  他們是我在台南去過的最大最好的一家。令人驚嘆的臭豆腐，蜜餞地瓜，爆米花雞肉，還有黑糖和木薯粉牛奶。有很多遊戲和商品攤位。  我一定會回去。
花園夜市,Ping Hung Yeh,在地嚮導 · 87 則評論 · 179 張相片,2 個月前,5 顆星,很熱鬧，美食很多，蠻好逛的！
花園夜市,和泉新太（Izumi）,在地嚮導 · 13 則評論 · 11 張相片,2 個月前,5 顆星,
花園夜市,鄭竹君,在地嚮導 · 182 則評論 · 552 張相片,2 個月前,5 顆星,"攤位選擇很多，很好逛，有得吃有得買有得玩，應有盡有，不過停車位要找
個人最愛統大碳烤雞排、米血、魷魚，大推"
花園夜市,Hsing Yu,"在地嚮導 · 99 則評論 · 1,053 張相片",2 個月前,5 顆星,絕對不要過年來 擠死根本不知道在逛什麼！！！！但其他日子來是蠻不錯的因為很多攤～
花園夜市,高佳會,在地嚮導 · 29 則評論 · 91 張相片,2 個月前,5 顆星,最愛的兩攤必吃，週六人潮爆多，可能只比過年少一點，還是吃得很滿足，值得高雄人開車一小時😍 …
花園夜市,duke wong,"在地嚮導 · 411 則評論 · 1,544 張相片",2 個月前,4 顆星,假日就是這樣，擠滿了人，累了
花園夜市,陳昱瑋,在地嚮導 · 25 則評論 · 12 張相片,2 個月前,1 顆星,爛又貴
花園夜市,郭小慶,"在地嚮導 · 604 則評論 · 16,641 張相片",2 個月前,4 顆星,早一點到比較不用人擠人
花園夜市,陳一,,2 個月前,5 顆星,
花園夜市,口愛小熊,7 則評論 · 21 張相片,2 個月前,4 顆星,食物區的地方特別的擠，但，遊戲區的人還怪少，這次逛了1個小時！
花園夜市,Li XiaoHui,11 則評論 · 2 張相片,2 個月前,5 顆星,
花園夜市,Patrick Wang,"在地嚮導 · 756 則評論 · 6,584 張相片",2 個月前,5 顆星,台南最具有代表性的知名觀光夜市，佔地非常廣攤位數很多，販售的餐點也不盡相同，有傳統料理也有較新的創意的料理，大部分店家都會有一支高高的旗幟方便顧客尋找，逛的人潮非常多基本上前後被人夾著往前推著走是常態。 …
花園夜市,王安,3 則評論,2 個月前,5 顆星,
花園夜市,王小乖,在地嚮導 · 161 則評論 · 883 張相片,2 個月前,4 顆星,下班後美食小吃聚餐的好所在！
花園夜市,要命的小方,"在地嚮導 · 347 則評論 · 2,334 張相片",2 個月前,5 顆星,非常大型的夜市，很多好吃的東西😀 …
花園夜市,夏本強 Ben 歐群科技 OCEAN,在地嚮導 · 114 則評論 · 66 張相片,2 個月前,5 顆星,人太多了…無法好好享用美食
花園夜市,小屁孩,在地嚮導 · 15 則評論 · 6 張相片,2 個月前,5 顆星,還是一樣很多好吃的，還有特色就是台灣少數大的夜市，讚讚！
花園夜市,瑄,在地嚮導 · 56 則評論 · 42 張相片,2 個月前,5 顆星,選擇多 但是逛得完 有時人多到走不動
花園夜市,Jasmine,4 則評論,2 個月前,4 顆星,
花園夜市,Jerry Hsu,在地嚮導 · 16 則評論 · 4 張相片,2 個月前,3 顆星,今天造訪攤位剩不到10攤覺得可惜
花園夜市,mike Kuo,2 則評論,2 個月前,5 顆星,
花園夜市,Kayla Trisa,,2 個月前,5 顆星,
花園夜市,Yu-Shuang Lee,在地嚮導 · 16 則評論 · 27 張相片,2 個月前,5 顆星,
花園夜市,Justin Pan,在地嚮導 · 130 則評論 · 60 張相片,2 個月前,4 顆星,
花園夜市,李緯榮,2 則評論 · 1 張相片,2 個月前,4 顆星,
花園夜市,李立德,在地嚮導 · 14 則評論 · 29 張相片,2 個月前,5 顆星,
花園夜市,lu steven,在地嚮導 · 16 則評論 · 27 張相片,2 個月前,4 顆星,
花園夜市,F L,在地嚮導 · 314 則評論 · 711 張相片,2 個月前,4 顆星,就是夜市
花園夜市,陳勇翔,12 則評論 · 1 張相片,2 個月前,4 顆星,還不錯，攤販多樣
花園夜市,歐小猴,4 則評論,2 個月前,5 顆星,
花園夜市,andy lin,在地嚮導 · 45 則評論 · 1 張相片,2 個月前,5 顆星,
花園夜市,Osman Arslan,3 則評論 · 2 張相片,2 個月前,5 顆星,
花園夜市,日本海（日本海）,在地嚮導 · 176 則評論 · 767 張相片,2 個月前,5 顆星,"花園夜市
在這個人山人海的地方
我感覺這是台南人聚集在一起熱鬧生活的地方。 …"
花園夜市,Sung Fu,2 則評論 · 1 張相片,2 個月前,5 顆星,
花園夜市,簡建裕,3 則評論 · 32 張相片,2 個月前,5 顆星,好吃好買
花園夜市,Tiffany Zhan,11 則評論 · 4 張相片,2 個月前,5 顆星,
花園夜市,阿良,1 則評論 · 2 張相片,2 個月前,5 顆星,
花園夜市,YC Lo,在地嚮導 · 190 則評論 · 15 張相片,2 個月前,4 顆星,"京品臭豆腐好吃！
停車場有人引導不算太難排"
花園夜市,曾宇朋,在地嚮導 · 37 則評論 · 1 張相片,2 個月前,4 顆星,
花園夜市,維股利,在地嚮導 · 16 則評論 · 29 張相片,2 個月前,5 顆星,
花園夜市,Pao Li,11 則評論 · 5 張相片,2 個月前,5 顆星,
花園夜市,Zhaoliang Gou (Y良),在地嚮導 · 5 則評論 · 3 張相片,2 個月前,4 顆星,
花園夜市,林湘樺,在地嚮導 · 20 則評論 · 27 張相片,2 個月前,5 顆星,"好吃、好玩又好逛 買買買 吃吃吃 大豐收
下次有機會還會想到花園夜市吃喝娛樂❣️"
花園夜市,YC Super,在地嚮導 · 16 則評論 · 16 張相片,2 個月前,5 顆星,
花園夜市,ze Chen,1 則評論,2 個月前,4 顆星,
花園夜市,陳辰鈺,在地嚮導 · 70 則評論 · 82 張相片,2 個月前,5 顆星,體驗完整 民主聖地其實很歡樂的
花園夜市,許良華,在地嚮導 · 17 則評論 · 5 張相片,2 個月前,5 顆星,人超多的，台南有名的夜市，可以來逛逛唷
花園夜市,周欣鴻,在地嚮導 · 15 則評論 · 16 張相片,2 個月前,1 顆星,東西好難吃
花園夜市,李祿從,3 則評論,2 個月前,5 顆星,好吃又便宜
花園夜市,Liu Kiri,在地嚮導 · 336 則評論 · 39 張相片,2 個月前,5 顆星,台南必逛的夜市
花園夜市,jones lu,"在地嚮導 · 187 則評論 · 1,317 張相片",2 個月前,4 顆星,夜市最缺的就是停車位，而機車是最好停車。來花園夜市大致分為最多人的熱食區與不開火的零售和遊戲二大塊，現場沒有垃圾桶，不知在何處就是了。在熱食區真的很熱鬧，超多好吃跟有趣的熟食，真的飽到隔天早上。
花園夜市,Kevin TU,2 則評論,2 個月前,5 顆星,
花園夜市,信融,在地嚮導 · 54 則評論 · 36 張相片,2 個月前,5 顆星,動線不錯  阿富師必吃
花園夜市,侯明松,2 則評論,2 個月前,4 顆星,吃吃喝喝玩玩樂樂的好地方
花園夜市,廖家昌,1 則評論,2 個月前,5 顆星,
花園夜市,nna A,在地嚮導 · 8 則評論 · 27 張相片,2 個月前,5 顆星,
花園夜市,普普吃吃,在地嚮導 · 66 則評論 · 31 張相片,2 個月前,5 顆星,真的很好逛
花園夜市,陳泳銘,在地嚮導 · 27 則評論 · 2 張相片,2 個月前,5 顆星,
花園夜市,Louis Chuang,在地嚮導 · 13 則評論 · 31 張相片,2 個月前,5 顆星,
花園夜市,林璇,在地嚮導 · 21 則評論 · 4 張相片,2 個月前,5 顆星,
花園夜市,barry Lin,"在地嚮導 · 28 則評論 · 2,933 張相片",2 個月前,4 顆星,
花園夜市,符鹿,在地嚮導 · 59 則評論 · 88 張相片,2 個月前,5 顆星,我愛台南
花園夜市,尊嘟假嘟,在地嚮導 · 12 則評論 · 3 張相片,2 個月前,5 顆星,
花園夜市,喝茶吃魚,在地嚮導 · 32 則評論 · 14 張相片,2 個月前,5 顆星,
花園夜市,夏米慧,在地嚮導 · 97 則評論 · 107 張相片,2 個月前,5 顆星,觀光夜市，小吃美食一應俱全
花園夜市,Winnie Han,在地嚮導 · 262 則評論 · 232 張相片,2 個月前,5 顆星,"各式各樣美食
生活用品
到台南必逛"
花園夜市,江紳睿,在地嚮導 · 1 則評論,2 個月前,3 顆星,
花園夜市,葉玉梅,在地嚮導 · 11 則評論 · 85 張相片,2 個月前,3 顆星,"人潮和攤位都很多，只是相較十多年前，大小少一半？！
僅拍攝購買的攤位。"
花園夜市,端容許,在地嚮導 · 57 則評論 · 525 張相片,2 個月前,4 顆星,"台南逛夜市口訣
“大大武花大武花”
星期一.二.五 是大東夜市 …"
花園夜市,Hao,14 則評論,2 個月前,5 顆星,
花園夜市,小白,2 則評論 · 1 張相片,2 個月前,5 顆星,
花園夜市,小周教練,在地嚮導 · 23 則評論,2 個月前,3 顆星,
花園夜市,許富翔（Fred）,2 則評論,2 個月前,5 顆星,
花園夜市,張子晏（晏子慢慢）,"在地嚮導 · 87 則評論 · 1,030 張相片",2 個月前,4 顆星,越來越小，越來越貴，特色越來越少，小吃只有冷滷味可推。
花園夜市,孫家慧,在地嚮導 · 27 則評論 · 8 張相片,2 個月前,3 顆星,
花園夜市,國佑一頁書（一頁書）,在地嚮導 · 17 則評論 · 147 張相片,2 個月前,5 顆星,好多人
花園夜市,黃松彬,在地嚮導 · 160 則評論 · 83 張相片,2 個月前,1 顆星,東西變貴變難吃
花園夜市,Vincnet Chen,在地嚮導 · 160 則評論 · 589 張相片,2 個月前,5 顆星,好久沒來了，停車有人管制很好
花園夜市,倫倫,在地嚮導 · 18 則評論,2 個月前,5 顆星,好逛，美食真好吃。每攤都想吃。沒地雷。超讚的
花園夜市,ss s,3 則評論 · 5 張相片,2 個月前,5 顆星,
花園夜市,連振安,7 則評論,2 個月前,4 顆星,品相多，廁所品質還可。缺點就是停車不方便，一下就爆了
花園夜市,宇蓓姬婭芮絲,在地嚮導 · 11 則評論 · 1 張相片,2 個月前,4 顆星,
花園夜市,黃琮銘,在地嚮導 · 120 則評論 · 21 張相片,2 個月前,5 顆星,好吃好玩好逛
花園夜市,Leon WOONg,"在地嚮導 · 215 則評論 · 2,287 張相片",2 個月前,3 顆星,人潮多，攤位多。
花園夜市,蔡東原,2 則評論 · 1 張相片,2 個月前,5 顆星,
花園夜市,Yu Lin,7 則評論 · 3 張相片,2 個月前,5 顆星,
花園夜市,楊雅翗,在地嚮導 · 93 則評論 · 279 張相片,2 個月前,5 顆星,"很多好吃的食物
今天買的攤位都沒踩雷😋
忘記拍照了😅 …"
花園夜市,IVY,在地嚮導 · 20 則評論 · 32 張相片,2 個月前,5 顆星,
花園夜市,何俊龍,在地嚮導 · 3 則評論 · 254 張相片,2 個月前,4 顆星,
花園夜市,paris huang,在地嚮導 · 22 則評論 · 6 張相片,2 個月前,5 顆星,
花園夜市,蘇育輝,在地嚮導 · 63 則評論 · 372 張相片,2 個月前,5 顆星,真的很大可以逛很久
花園夜市,王淑靜,在地嚮導 · 15 則評論 · 7 張相片,2 個月前,5 顆星,
花園夜市,李舒涵,2 則評論,2 個月前,1 顆星,夜市海鮮盡量別吃…吃了一攤賣烤蛤蠣、烤魚跟烤蚵仔的攤販跟一攤蚵仔煎，直接送醫院打針…
花園夜市,黃天才,在地嚮導 · 24 則評論 · 126 張相片,2 個月前,4 顆星,
花園夜市,張勝源,"在地嚮導 · 605 則評論 · 9,276 張相片",2 個月前,5 顆星,"一個胖子的吃喝旅遊記事，我只是個貪吃的10級嚮導...

🔴消費日期：2025/1/19 …"
花園夜市,陳平方,在地嚮導 · 58 則評論 · 20 張相片,2 個月前,5 顆星,
花園夜市,湯阿甘,在地嚮導 · 51 則評論 · 25 張相片,2 個月前,5 顆星,好吃好玩好逛的夜市，80%以上食物很好吃！
花園夜市,蔡書生（蔡書生）,在地嚮導 · 134 則評論 · 235 張相片,2 個月前,5 顆星,
花園夜市,陳佑丞,4 則評論 · 1 張相片,2 個月前,5 顆星,
花園夜市,可麗蜜,在地嚮導 · 9 則評論 · 23 張相片,2 個月前,4 顆星,
花園夜市,David Liao,"在地嚮導 · 2,047 則評論 · 27,441 張相片",2 個月前,4 顆星,"114/1
台南地區的知名夜市之一，附近的收費停車場不少，基本費用大多是每次150元，雖然有免費停車場，但通常被停滿，夜市滿大的，遊樂、衣物、小吃區均有區別，必逛的知名夜市，有經過的朋友可以去逛逛。夜市營業日及時間為每週四、六、日，17:00-24：00，攤位大概有400個，是台南地區最大的夜市，服務電話為06-3583867。
花園夜市有臉書專頁，想前往逛逛的朋友可以先上臉書看一下相關資訊。"
花園夜市,DJ-Ting,在地嚮導 · 11 則評論 · 21 張相片,2 個月前,5 顆星,
花園夜市,Lina H,在地嚮導 · 21 則評論 · 12 張相片,2 個月前,5 顆星,食物普通但很好玩 可以釣蝦 也有很多穿戴甲店！
花園夜市,Bertram Zhou,在地嚮導 · 72 則評論 · 16 張相片,2 個月前,5 顆星,情侶約會好去處
花園夜市,曾瓊慧,在地嚮導 · 4 則評論 · 10 張相片,2 個月前,4 顆星,
花園夜市,阿竣,4 則評論 · 1 張相片,2 個月前,3 顆星,
花園夜市,Shan Shan,8 則評論 · 1 張相片,2 個月前,5 顆星,
花園夜市,劉志民（豆）,"在地嚮導 · 9 則評論 · 2,201 張相片",2 個月前,5 顆星,
花園夜市,Arita Tsai,在地嚮導 · 19 則評論 · 22 張相片,2 個月前,5 顆星,好吃好玩。停車方便
花園夜市,陳世杰,在地嚮導 · 22 則評論 · 202 張相片,2 個月前,5 顆星,火鍋天堂。。🤤 …
花園夜市,EN FU LIU,在地嚮導 · 50 則評論 · 120 張相片,2 個月前,5 顆星,攤位很多，東西好吃，但假日盡量不要開車來，車位要等很久
花園夜市,",,",在地嚮導 · 19 則評論 · 7 張相片,2 個月前,1 顆星,"平日人超多超擠 無法想像假日來
動線極度不佳 怎麼會一邊全是吃的另一邊是用品遊戲呢？一個知名觀光夜市還不會分散客源 ？所有人都擠在同一邊 寸步難行，另一邊商家生意慘淡
食物攤販都大同小異
垃圾桶只有入口有"
花園夜市,Badtz,在地嚮導 · 71 則評論 · 190 張相片,2 個月前,5 顆星,多元化美食，是台南最大的夜市
花園夜市,Annie,在地嚮導 · 8 則評論 · 65 張相片,2 個月前,4 顆星,
花園夜市,郭昶廷,在地嚮導 · 34 則評論 · 53 張相片,2 個月前,5 顆星,超讚的夜市👍🏻 …
花園夜市,翁永生,在地嚮導 · 169 則評論 · 59 張相片,2 個月前,5 顆星,人潮洶湧
花園夜市,吳倩,在地嚮導 · 148 則評論 · 190 張相片,2 個月前,5 顆星,
花園夜市,黃啟文,在地嚮導 · 5 則評論,2 個月前,4 顆星,
花園夜市,Dong DingDing,8 則評論 · 1 張相片,2 個月前,4 顆星,
花園夜市,Jia-You Cai,在地嚮導 · 4 則評論 · 7 張相片,2 個月前,4 顆星,
花園夜市,Tommi Lai,1 則評論,2 個月前,5 顆星,
花園夜市,BOYA,2 則評論,2 個月前,4 顆星,
花園夜市,Alice Chung,在地嚮導 · 13 則評論 · 11 張相片,2 個月前,3 顆星,人潮車潮湧入，完全找不到停車空間，建議不要開車前往
花園夜市,Tian Valen,在地嚮導 · 7 則評論 · 18 張相片,2 個月前,5 顆星,
花園夜市,CHEN CHOU,在地嚮導 · 24 則評論 · 19 張相片,2 個月前,5 顆星,規劃的還不錯，人超級多要注意推擠安全
花園夜市,維翎,7 則評論 · 4 張相片,2 個月前,1 顆星,我去我倒霉，此生不會再去
花園夜市,Ma. Elena Gonzales,2 則評論 · 2 張相片,2 個月前,5 顆星,我對這些食物感到驚訝，因為這是我第一次。我喜歡臭豆腐、魷魚和糖葫蘆。你一定要來這個地方。
花園夜市,梁家銘,在地嚮導 · 99 則評論 · 36 張相片,2 個月前,5 顆星,很不錯的夜市，東西多又整齊乾淨
花園夜市,_Tara Kia,在地嚮導 · 21 則評論 · 2 張相片,2 個月前,5 顆星,還不錯的停車場動線
花園夜市,Zhaoliang Gou,在地嚮導 · 196 則評論 · 46 張相片,2 個月前,4 顆星,
花園夜市,Chris Huang,"在地嚮導 · 390 則評論 · 6,715 張相片",2 個月前,5 顆星,台南在地非常著名的觀光夜市，夜市本身備有超大的停車場，停車非常方便，各式各樣的不同風味美食小吃，都盡在其中。
花園夜市,游智涵,在地嚮導 · 15 則評論 · 18 張相片,2 個月前,1 顆星,人太多⋯路太小，人擠人的
花園夜市,阿西愛溜浪,"在地嚮導 · 116 則評論 · 2,427 張相片",2 個月前,4 顆星,
花園夜市,陳雅妤,在地嚮導 · 104 則評論 · 361 張相片,2 個月前,5 顆星,春節去逛爆多人的，不過很值得去
花園夜市,ChengShien Tsai,在地嚮導 · 22 則評論 · 46 張相片,2 個月前,5 顆星,
花園夜市,湯家權,在地嚮導 · 237 則評論 · 902 張相片,2 個月前,5 顆星,小吃的種類繁多，現在開始流行烤魚，還不錯的料理
花園夜市,Yungmao Wang,2 則評論,2 個月前,5 顆星,美食夜市，台南最有名氣的夜市。
花園夜市,吳俊緯,在地嚮導 · 47 則評論 · 995 張相片,2 個月前,5 顆星,好吃好逛的夜市，經營得很不錯，很多外國遊客
花園夜市,吳家妤,在地嚮導 · 10 則評論 · 5 張相片,2 個月前,5 顆星,
花園夜市,Aaron Hsu 俊源,在地嚮導 · 107 則評論 · 301 張相片,2 個月前,5 顆星,好吃好玩好所在
花園夜市,Leaf Chen,在地嚮導 · 160 則評論 · 54 張相片,2 個月前,1 顆星,2/1到夜市吃麻辣冷串，隔天睡醒就上吐下瀉了..
花園夜市,Steven Wang,在地嚮導 · 26 則評論 · 19 張相片,2 個月前,4 顆星,
花園夜市,黃崇泉,在地嚮導 · 3 則評論,2 個月前,5 顆星,
花園夜市,Miss莞芮,在地嚮導 · 65 則評論 · 130 張相片,2 個月前,4 顆星,假日真的好多人，大部分的人看到嬰兒推車都沒有在禮讓，不是說一定要人禮讓，但推擠插隊的人很多
花園夜市,meimei weng,在地嚮導 · 228 則評論 · 515 張相片,2 個月前,4 顆星,
花園夜市,Lacey Tsai,在地嚮導 · 275 則評論 · 901 張相片,2 個月前,4 顆星,"假日去蠻多人的，停車比較不方便
買了拔絲地瓜還蠻好吃的，玩遊戲的店家都很有人情味
老闆看我們沒投中球，還多送我們一籃😂
射飛鏢跟打鐵錘送的娃娃蠻有誠意的 …"
花園夜市,謝嘉成,3 則評論,2 個月前,5 顆星,
花園夜市,張志成,在地嚮導 · 47 則評論 · 884 張相片,2 個月前,3 顆星,
花園夜市,鄭Joe,在地嚮導 · 13 則評論 · 9 張相片,2 個月前,4 顆星,
花園夜市,逮丸,7 則評論 · 4 張相片,2 個月前,5 顆星,
花園夜市,Arvin Chen,在地嚮導 · 19 則評論 · 3 張相片,2 個月前,5 顆星,
花園夜市,巫宗威（小巫）,在地嚮導 · 4 則評論 · 28 張相片,2 個月前,5 顆星,
花園夜市,李佳芸,在地嚮導,2 個月前,5 顆星,
花園夜市,min Ding,在地嚮導 · 16 則評論 · 1 張相片,2 個月前,4 顆星,
花園夜市,洪健得,在地嚮導 · 60 張相片,2 個月前,5 顆星,
花園夜市,劉宇航,在地嚮導 · 22 則評論 · 2 張相片,2 個月前,4 顆星,
花園夜市,宋小敏,在地嚮導 · 1 則評論,2 個月前,4 顆星,
花園夜市,Dora chuang,在地嚮導 · 37 則評論 · 123 張相片,2 個月前,5 顆星,
花園夜市,Sam Hsieh,"在地嚮導 · 1,151 則評論",2 個月前,4 顆星,台南的知名夜市，禮拜天晚上人潮洶湧，走路都有點困惱，二師兄滷味最知名，蠻入味好吃的，夜市附有汽機車停車場，但位置有限，晚來的只能停馬路對面的收費停車場，但一次要150元
花園夜市,Tqian,"1,852 則評論",2 個月前,4 顆星,"2025/2 延記臭豆腐一份$70 小貴但蠻好吃

2023/1 過年期間 夜市人潮眾多 …"
花園夜市,Chien,在地嚮導 · 140 則評論 · 41 張相片,2 個月前,5 顆星,
花園夜市,JiaJia,在地嚮導 · 47 則評論 · 57 張相片,2 個月前,3 顆星,
花園夜市,Zhe T.,在地嚮導 · 176 則評論 · 31 張相片,2 個月前,5 顆星,相隔了十幾年來吃，炸虱目魚真的是超棒
花園夜市,沈暄培,在地嚮導 · 15 則評論 · 158 張相片,2 個月前,4 顆星,
花園夜市,喝醉後的小潔,在地嚮導 · 18 則評論 · 28 張相片,2 個月前,3 顆星,"有很多條但攤販重複率很高
遊戲比武勝夜市難度更高
激推烤魚！"
花園夜市,黃明輝,在地嚮導 · 253 則評論 · 118 張相片,2 個月前,3 顆星,
花園夜市,Kok Wui Teo,"在地嚮導 · 983 則評論 · 4,368 張相片",2 個月前,5 顆星,很大很漂亮
花園夜市,Melvin Koh,在地嚮導 · 178 則評論 · 8 張相片,2 個月前,5 顆星,參觀的好地方..有很多食物和遊戲..
花園夜市,Rock The,3 則評論,2 個月前,4 顆星,
花園夜市,鴻麟,3 則評論 · 1 張相片,2 個月前,5 顆星,
花園夜市,陳汶瑄,在地嚮導 · 25 則評論 · 27 張相片,2 個月前,3 顆星,重複性很高的地方
花園夜市,yinlong2010,在地嚮導 · 105 則評論 · 25 張相片,2 個月前,5 顆星,很大很多元，逛不完
花園夜市,吳盈萱,在地嚮導 · 12 則評論 · 23 張相片,2 個月前,5 顆星,
花園夜市,Rong Chen,在地嚮導 · 17 則評論 · 12 張相片,2 個月前,5 顆星,
花園夜市,郭介一,1 則評論,2 個月前,5 顆星,
花園夜市,劉國驊,"在地嚮導 · 833 則評論 · 5,061 張相片",2 個月前,4 顆星,超大的夜市，值得來逛。
花園夜市,宏章,在地嚮導 · 164 則評論 · 600 張相片,2 個月前,5 顆星,環境優、餐點品質不錯、家常味道，店家服務親切，停車方便，假日人潮擁擠！
花園夜市,黃珊珊,在地嚮導 · 11 則評論 · 9 張相片,2 個月前,5 顆星,
花園夜市,保羅森,在地嚮導 · 71 則評論 · 5 張相片,2 個月前,4 顆星,
花園夜市,賴薇伊,在地嚮導 · 20 則評論 · 107 張相片,2 個月前,4 顆星,
花園夜市,張閎源,在地嚮導 · 14 則評論 · 21 張相片,2 個月前,4 顆星,"到處都有 日出極光  ，會迷路🤔。
墨西哥捲餅 老闆很親和，本日MVP~ …"
花園夜市,鍾淳羽,在地嚮導 · 15 則評論 · 12 張相片,2 個月前,5 顆星,
花園夜市,沈柏儒,1 則評論 · 1 張相片,2 個月前,5 顆星,
花園夜市,鄭聯輝,2 則評論 · 6 張相片,2 個月前,5 顆星,
花園夜市,賴儀郡（Polina）,在地嚮導 · 11 則評論 · 19 張相片,2 個月前,5 顆星,東西都很好吃
花園夜市,洋哥,12 則評論 · 5 張相片,2 個月前,5 顆星,
花園夜市,容,6 則評論,2 個月前,5 顆星,
花園夜市,boss lau,在地嚮導 · 95 則評論 · 116 張相片,2 個月前,5 顆星,
花園夜市,Weii Liu,2 則評論 · 1 張相片,2 個月前,5 顆星,
花園夜市,黃俊傑,在地嚮導 · 35 則評論,2 個月前,5 顆星,
花園夜市,Yuni Chang,在地嚮導 · 35 則評論 · 76 張相片,2 個月前,4 顆星,口味都很不錯，但有些攤位是重複，若門口能多增設垃圾桶會更佳。白玉烤梨推薦
花園夜市,Irene Lin,在地嚮導 · 103 則評論 · 148 張相片,2 個月前,3 顆星,"買了一堆吃的。
只有海鮮粥跟水果茶好吃。
一堆雷 …"
花園夜市,黃阮祥,在地嚮導 · 17 則評論 · 186 張相片,2 個月前,3 顆星,
花園夜市,林筑妃,在地嚮導 · 33 則評論 · 20 張相片,2 個月前,5 顆星,過年期間人潮超多，但吃喝玩樂都有，停車有人指輝
花園夜市,許哲仁,5 則評論 · 10 張相片,2 個月前,5 顆星,
花園夜市,Ronald Tseng,17 則評論 · 3 張相片,2 個月前,4 顆星,可以住在夜市附近的家新大飯店，走路就可以到花園夜市，二師傅滷味、藥燉排骨、烤魷魚體驗滿滿的夜市生活
花園夜市,riva jojo,在地嚮導 · 68 則評論 · 62 張相片,2 個月前,2 顆星,人太多了 有人跌倒就會被踩死的程度
花園夜市,張仁寶,在地嚮導 · 54 則評論 · 53 張相片,2 個月前,5 顆星,
花園夜市,吳敏誠,在地嚮導 · 17 則評論 · 33 張相片,2 個月前,5 顆星,
花園夜市,ken Ting,在地嚮導 · 174 則評論 · 483 張相片,2 個月前,5 顆星,知名夜市、但一周只開幾天、記得先查詢
花園夜市,蘇建銘,8 則評論,2 個月前,5 顆星,
花園夜市,愛潛水的YuAn,在地嚮導 · 70 則評論 · 57 張相片,2 個月前,5 顆星,人潮擁擠  遇到一隻會拜年的狗勾
花園夜市,Wendy Wu,在地嚮導 · 70 則評論 · 40 張相片,2 個月前,4 顆星,有很多好吃小吃 停車場免費雖然不大但是輪替也很快！
花園夜市,PC Game Player,在地嚮導 · 23 則評論 · 1 張相片,2 個月前,5 顆星,東西算便宜了
花園夜市,葉家蓁,在地嚮導 · 32 則評論 · 247 張相片,2 個月前,5 顆星,
花園夜市,顏永宸,在地嚮導 · 106 則評論 · 183 張相片,2 個月前,5 顆星,
花園夜市,bobdog Qbao,在地嚮導 · 18 則評論 · 5 張相片,2 個月前,5 顆星,身為台南人卻好久沒逛花園，趁著過年來人擠人，摸摸麻將，換了一隻lububu，
花園夜市,潘建宇,在地嚮導 · 14 則評論 · 47 張相片,2 個月前,4 顆星,
花園夜市,啊姆,在地嚮導 · 157 則評論 · 167 張相片,2 個月前,1 顆星,這麼小的觀光夜市，南部賣的比中部價位貴就算了，竟然沒有提供垃圾桶服務，動線差（應該是刻意讓外來觀光客第一次迷失感覺夜市大）失敗的管理，可惜
花園夜市,林義峰,6 則評論,2 個月前,1 顆星,"路口處的何佳佳蔥油餅
過年期間漲5塊，都排好隊了要買一份
才告知最少買半張！！
為何就不直接張貼不賣一份，只賣半張和整張。 強迫消費"
花園夜市,Yo萱,在地嚮導 · 45 則評論 · 57 張相片,2 個月前,5 顆星,烤魚必吃
花園夜市,賴慧萍,在地嚮導 · 30 則評論 · 959 張相片,2 個月前,4 顆星,
花園夜市,Tommy Tan,9 則評論,2 個月前,5 顆星,
花園夜市,王德釧,3 則評論 · 4 張相片,2 個月前,5 顆星,
花園夜市,蘇妍溱,5 則評論 · 5 張相片,2 個月前,5 顆星,台南美食好吃
花園夜市,林姍姍,在地嚮導 · 19 則評論 · 1 張相片,2 個月前,5 顆星,超多好吃的夜市美食😋 …
花園夜市,Jaco / 家杭 Li,5 則評論 · 3 張相片,2 個月前,5 顆星,好吃
花園夜市,石元智,在地嚮導 · 92 則評論 · 555 張相片,2 個月前,5 顆星,"有吃有玩～
人潮太壯觀了～"
花園夜市,紫星,在地嚮導 · 6 則評論 · 7 張相片,2 個月前,3 顆星,就是人擠人，人山人海。就是夜市。問我不準。
花園夜市,宇軒,8 則評論 · 1 張相片,2 個月前,2 顆星,攤位太多導致走道空間太小假日人擠人給跟本沒逛夜市的樂趣，去一次就夠了，東西好吃也沒用，下次不會去了
花園夜市,瓶Secret,1 則評論,2 個月前,5 顆星,
花園夜市,陳玉絲,在地嚮導 · 44 則評論 · 19 張相片,2 個月前,4 顆星,花園夜市年假營業連9天喔！
花園夜市,MAW CHERNG CHIOU,在地嚮導 · 242 則評論 · 136 張相片,2 個月前,3 顆星,還好...
花園夜市,lo lo,14 則評論 · 5 張相片,2 個月前,5 顆星,
花園夜市,Alice -,在地嚮導 · 47 則評論 · 5 張相片,2 個月前,5 顆星,"美食很多～
推二師兄滷味
德聖碳烤雞排也很讚"
花園夜市,楊盛博,"在地嚮導 · 160 則評論 · 1,047 張相片",2 個月前,5 顆星,"買了小上海
大腸麵線
水煮玉米🌽都超好吃😋 …"
花園夜市,謝錦隆,6 則評論,2 個月前,5 顆星,
花園夜市,郭俊良,在地嚮導 · 21 則評論 · 4 張相片,2 個月前,3 顆星,集合各式美食及小吃！但動線不佳(無通行方向指示牌)，人行通道狹窄加上店家前排隊更顯擁擠，讓人興趣大減🥴🥴 …
花園夜市,吳嘉芸,在地嚮導 · 33 則評論 · 40 張相片,2 個月前,5 顆星,
花園夜市,許明晛,在地嚮導 · 26 則評論 · 2 張相片,2 個月前,5 顆星,
花園夜市,Wen Lee,5 則評論 · 1 張相片,2 個月前,5 顆星,
花園夜市,Yingjen Chen,1 則評論 · 3 張相片,2 個月前,4 顆星,
花園夜市,Grabbit Chiou,2 則評論 · 3 張相片,2 個月前,1 顆星,二號入口第一攤魚蛋鴨血標價80，點單2碗變1碗100元，與標價不符令人失望！
花園夜市,黃靖茹,在地嚮導 · 5 則評論 · 4 張相片,2 個月前,5 顆星,人超多的
花園夜市,Maxwall Lin,"在地嚮導 · 196 則評論 · 1,063 張相片",2 個月前,4 顆星,台南花園夜市評論 …
花園夜市,鄭宏輝（andy.cheng）,在地嚮導 · 8 則評論 · 4 張相片,2 個月前,5 顆星,
花園夜市,Ate Yen,在地嚮導 · 21 則評論 · 82 張相片,2 個月前,5 顆星,"好逛
要早一點來才有停車位置"
花園夜市,Hung-Chia Chen,在地嚮導 · 2 則評論 · 346 張相片,2 個月前,4 顆星,
花園夜市,Will Hsu,在地嚮導 · 1 則評論 · 2 張相片,2 個月前,5 顆星,
花園夜市,俊英（VodkaWu）,在地嚮導 · 3 則評論 · 25 張相片,2 個月前,5 顆星,
花園夜市,蘇倫倫,在地嚮導 · 7 則評論 · 33 張相片,2 個月前,5 顆星,
花園夜市,Đức Quốc Xã,在地嚮導 · 9 則評論 · 29 張相片,2 個月前,5 顆星,春節第一天我就去了這個夜市。非常擁擠。食物非常豐富。整體來說還是值得來的
花園夜市,Sebastian Astor曾世淯（阿斯）,在地嚮導 · 53 則評論 · 81 張相片,2 個月前,4 顆星,
花園夜市,Ulfi Yanti,,2 個月前,5 顆星,
花園夜市,林進隆,在地嚮導 · 10 則評論 · 30 張相片,2 個月前,5 顆星,夜市很大，吃好玩好，過年期間連續都有擺攤
花園夜市,鵟鷹志華,"在地嚮導 · 629 則評論 · 3,085 張相片",2 個月前,5 顆星,好買好逛食物衣服都有
花園夜市,林至宸,2 則評論 · 1 張相片,2 個月前,5 顆星,
花園夜市,Loyiso Latha,10 則評論 · 3 張相片,2 個月前,5 顆星,
花園夜市,鈺展邱,在地嚮導 · 10 則評論 · 1 張相片,2 個月前,5 顆星,
花園夜市,孫穎真,在地嚮導 · 20 則評論 · 8 張相片,2 個月前,5 顆星,👍👍👍 …
花園夜市,許詠婷,"在地嚮導 · 1,004 則評論 · 1,852 張相片",2 個月前,5 顆星,國慶連假的台南夜晚很精彩，都12點人潮還是很多，來花園還是得吃阿美，吃麻辣魚丸，炸杏鮑菇，地瓜球，還有今天發現的這家蚵仔煎好吃，最後來杯西瓜汁，完美
花園夜市,阿尼,"在地嚮導 · 11 則評論 · 2,831 張相片",2 個月前,4 顆星,
花園夜市,冷夜軒,在地嚮導 · 12 則評論,2 個月前,3 顆星,重覆性質高 消費偏高
花園夜市,MrTtvs1234,在地嚮導 · 40 則評論 · 2 張相片,2 個月前,5 顆星,
花園夜市,呂小飛,"在地嚮導 · 62 則評論 · 1,524 張相片",2 個月前,5 顆星,
花園夜市,涂劍平,在地嚮導 · 31 則評論 · 127 張相片,2 個月前,5 顆星,
花園夜市,張恒嘉,在地嚮導 · 92 則評論 · 356 張相片,2 個月前,5 顆星,東西好吃
花園夜市,heng heng,在地嚮導 · 63 則評論 · 21 張相片,2 個月前,4 顆星,
花園夜市,Cheng Gordon (嚕米醬),在地嚮導 · 165 則評論 · 791 張相片,2 個月前,3 顆星,東西朝向觀光夜市 整體還不錯 但是找不到半個垃圾桶
花園夜市,Luke Wang,在地嚮導 · 20 則評論 · 635 張相片,2 個月前,3 顆星,
花園夜市,Dick Wang,"在地嚮導 · 13 則評論 · 2,353 張相片",2 個月前,4 顆星,
花園夜市,Lulu Hung,在地嚮導 · 17 則評論 · 8 張相片,2 個月前,5 顆星,
花園夜市,Ray,在地嚮導 · 55 則評論 · 25 張相片,2 個月前,5 顆星,
花園夜市,楊政基,在地嚮導 · 30 則評論 · 14 張相片,2 個月前,4 顆星,
花園夜市,冠冠,在地嚮導 · 21 則評論 · 2 張相片,2 個月前,5 顆星,
花園夜市,四維軍者,"在地嚮導 · 752 則評論 · 6,314 張相片",2 個月前,4 顆星,有停車場，吃的東西觀光夜市來說價錢算合理，給4.0
花園夜市,Yu Hsiang Tseng,3 則評論 · 4 張相片,2 個月前,4 顆星,
花園夜市,Andie Yang,10 則評論 · 5 張相片,2 個月前,5 顆星,
花園夜市,YinYin伊伊,在地嚮導 · 61 則評論 · 135 張相片,2 個月前,5 顆星,"這次吃到覺得神奇的「墨魚起士米熱狗」
不像一般麵皮，外皮有米香很特別
起士吃會牽絲的程度，味道濃郁 …"
花園夜市,金嘉厚,在地嚮導 · 94 則評論 · 294 張相片,2 個月前,3 顆星,只是台灣眾多一個夜市，沒亮點
花園夜市,葬心,9 則評論 · 2 張相片,2 個月前,5 顆星,
花園夜市,Louis Wu,在地嚮導 · 47 則評論 · 86 張相片,2 個月前,4 顆星,人山人海
花園夜市,SBTC B e a r,7 則評論 · 11 張相片,2 個月前,4 顆星,當你第一眼看到市場時，首先看到的就是它的寬敞。說實話，這是我去過的台灣最大、攤位最多的夜市。值得一去^^
花園夜市,建年蔡,在地嚮導 · 8 則評論 · 31 張相片,2 個月前,4 顆星,
花園夜市,謝喬瀅,在地嚮導 · 14 則評論 · 12 張相片,2 個月前,5 顆星,"每次到台南必逛的夜市
真的要早點到，一旦晚到，找停車位真是一位難求！（有時候連收費的停車場也是要等）"
花園夜市,譯,在地嚮導 · 22 則評論 · 5 張相片,2 個月前,4 顆星,
花園夜市,Rahul Aditya,在地嚮導 · 17 則評論 · 9 張相片,2 個月前,3 顆星,今年農曆新年人潮太多
花園夜市,陳瑞清,在地嚮導 · 14 則評論 · 47 張相片,2 個月前,5 顆星,
花園夜市,安安,,2 個月前,5 顆星,
花園夜市,曼曼蒂,在地嚮導 · 171 則評論 · 439 張相片,2 個月前,4 顆星,"很大很好逛，但是人太多,買東西很不方便，排隊排很久，停車方便.
偶爾逛逛還不錯."
花園夜市,Durand D'souza,在地嚮導 · 65 則評論 · 44 張相片,2 個月前,5 顆星,規模令人印象深刻，有許多不同的食品攤販。台南必去的地方，雖然步行不太方便。
花園夜市,吳樂樂,在地嚮導 · 153 則評論 · 19 張相片,2 個月前,4 顆星,
花園夜市,弘智,在地嚮導 · 16 則評論 · 6 張相片,2 個月前,4 顆星,裡面很大，但很擠建議吃過再來逛
花園夜市,茶米飯,6 則評論 · 21 張相片,2 個月前,5 顆星,
花園夜市,Wei-Po Huang,5 則評論,2 個月前,5 顆星,
花園夜市,風火輪,"在地嚮導 · 763 則評論 · 6,252 張相片",2 個月前,4 顆星,"還不錯逛
很多好吃好玩的
但停車場排隊動線很鳥
還浪費很好幾個可以停的路邊停車格"
花園夜市,AQ (AQcG),2 則評論,2 個月前,5 顆星,
花園夜市,Nini Chan,在地嚮導 · 145 則評論 · 44 張相片,2 個月前,4 顆星,
花園夜市,王Andalu,在地嚮導 · 118 則評論 · 88 張相片,2 個月前,4 顆星,
花園夜市,林TH,在地嚮導 · 213 則評論 · 288 張相片,2 個月前,5 顆星,"著名觀光夜市
攤位多
停車一位難求"
花園夜市,李京穎,在地嚮導 · 13 則評論 · 10 張相片,2 個月前,5 顆星,很好逛小吃很好吃
花園夜市,謝小妹,6 則評論,2 個月前,5 顆星,
花園夜市,Bryan Lee,在地嚮導 · 466 則評論 · 647 張相片,2 個月前,5 顆星,有免費停車，雖然要排一下，不過流動速度還算快。夜市的內涵量跟選擇很多、很不錯。
花園夜市,黃怡倩,在地嚮導 · 41 則評論 · 43 張相片,2 個月前,4 顆星,"很大.人很多動線清楚
有得吃又有得玩
建議垃圾桶可以多設置一點"
花園夜市,Karen,16 則評論 · 1 張相片,2 個月前,1 顆星,"不-要-來
假日人多根本無法逛，動線可以再改善😐 …"
花園夜市,許攸鳳,在地嚮導 · 10 則評論 · 10 張相片,2 個月前,5 顆星,
花園夜市,小魚陳婉瑜,8 則評論 · 9 張相片,2 個月前,5 顆星,
花園夜市,田志豪,"在地嚮導 · 928 則評論 · 2,142 張相片",2 個月前,5 顆星,台南最大最有名的夜市.裡面賣的東西應有盡有~
花園夜市,For0704 Chen,在地嚮導 · 104 則評論 · 67 張相片,2 個月前,4 顆星,
花園夜市,林明柔（Ada）,在地嚮導 · 24 則評論 · 5 張相片,2 個月前,5 顆星,
花園夜市,Ruby H,在地嚮導 · 160 則評論 · 117 張相片,2 個月前,3 顆星,攤位吃喝玩樂都有
花園夜市,An Hong Jheng,在地嚮導 · 18 則評論 · 9 張相片,2 個月前,5 顆星,很多攤位可以逛！種類也非常多！
花園夜市,G.X G,1 則評論,2 個月前,5 顆星,
花園夜市,鄭欣恩,5 則評論 · 1 張相片,2 個月前,5 顆星,
花園夜市,A CHUN,在地嚮導 · 157 則評論 · 86 張相片,2 個月前,5 顆星,"這是一個很大的夜市！
我想吃的幾乎都有了😁
這裡有很多商店，而且非常擁擠！ …"
花園夜市,陳政安,在地嚮導 · 9 則評論 · 25 張相片,2 個月前,3 顆星,
花園夜市,黃孝源,在地嚮導 · 8 則評論 · 35 張相片,2 個月前,5 顆星,
花園夜市,吳亮穎,11 則評論 · 15 張相片,2 個月前,3 顆星,
花園夜市,ching fang wu,在地嚮導 · 28 則評論 · 14 張相片,2 個月前,5 顆星,好吃又好玩  停車場很滿
花園夜市,Kelly Chen,"在地嚮導 · 444 則評論 · 1,549 張相片",2 個月前,3 顆星,重覆的攤位太多，逛起來很擁擠，不是很舒適。
花園夜市,愛體態x極度放鬆（運動整復專門店）,在地嚮導 · 442 則評論 · 576 張相片,2 個月前,5 顆星,
花園夜市,史瑞克（波音飛行員）,在地嚮導 · 5 則評論 · 111 張相片,2 個月前,4 顆星,
花園夜市,Kenny Liao,在地嚮導 · 14 則評論 · 10 張相片,3 個月前,5 顆星,
花園夜市,Rock SHAO,在地嚮導 · 129 則評論 · 41 張相片,3 個月前,5 顆星,人很多，攤販多，遊樂的場子多，但很多攤販有重複
花園夜市,Evelyn Huang,在地嚮導 · 65 則評論 · 162 張相片,3 個月前,4 顆星,"土生土長台灣人
停車費方便50見仁見智～
啊三個蚵仔煎現烤馬鈴薯僅有這家 …"
花園夜市,趙云楓,在地嚮導 · 19 則評論 · 9 張相片,3 個月前,5 顆星,蜜地瓜好吃
花園夜市,陸卡斯,在地嚮導 · 341 張相片,3 個月前,4 顆星,
花園夜市,Doris Yeh,在地嚮導 · 98 則評論 · 73 張相片,3 個月前,5 顆星,
花園夜市,派克特,在地嚮導 · 18 則評論 · 1 張相片,3 個月前,4 顆星,
花園夜市,林大帥,在地嚮導 · 14 則評論 · 4 張相片,3 個月前,5 顆星,
花園夜市,JY,在地嚮導 · 27 則評論 · 65 張相片,3 個月前,4 顆星,"傍晚5點半左右還有停車位
1. 統大碳烤雞排排隊很長但雞排雞肉無味都是炸粉，以目前吃過的雞排中算墊底，烤魷魚也都是炸粉且無味，只有甜不辣還可以
2. 山藥餅一片40片偏貴 …"
花園夜市,Casey Lee (KC),在地嚮導 · 117 則評論 · 282 張相片,3 個月前,5 顆星,來玩套圈圈⭕️
花園夜市,黃庭偉,3 則評論 · 1 張相片,3 個月前,4 顆星,
花園夜市,張舒茜,在地嚮導 · 180 則評論 · 3 張相片,3 個月前,5 顆星,美食不錯吃，但是5點過後人變多，好擠
花園夜市,Alison Yen,在地嚮導 · 149 則評論 · 760 張相片,3 個月前,1 顆星,"人真的太多了，但是酵素臭豆腐真的好吃

停車場外的管理員態度很差，
很像8+9"
花園夜市,朱郁芬,在地嚮導 · 106 則評論 · 227 張相片,3 個月前,5 顆星,
花園夜市,Wong Woei gian,2 則評論,3 個月前,5 顆星,
花園夜市,吳建國,"在地嚮導 · 82 則評論 · 3,556 張相片",3 個月前,4 顆星,
花園夜市,Ling Jhih,在地嚮導 · 49 則評論 · 22 張相片,3 個月前,3 顆星,
花園夜市,Jenny Chien,"在地嚮導 · 659 則評論 · 2,440 張相片",3 個月前,4 顆星,夜市招牌醒目，店家旗幟飛揚，整體範圍很大，很好逛，有吃有喝有玩，但一樣要人擠人，而且會被人潮擠到不知道哪一條
花園夜市,gula lee,在地嚮導 · 58 則評論 · 37 張相片,3 個月前,5 顆星,
花園夜市,Ikeayo,在地嚮導 · 34 則評論 · 108 張相片,3 個月前,2 顆星,商店很多，所以選擇也很多，但是食物不好吃。去了一家評價不錯的餐廳很久了，期待很高，但肉很難嚼，味道也不好。我真的很失望。
花園夜市,Zhi Chen,2 則評論 · 1 張相片,3 個月前,5 顆星,
花園夜市,董煌德,"在地嚮導 · 459 則評論 · 1,361 張相片",3 個月前,5 顆星,人擠人，停車需等很久
花園夜市,林娘老掰掰,在地嚮導 · 21 則評論 · 1 張相片,3 個月前,1 顆星,玩10塊錢的骰子機賭香腸 中五支輸不起說不算 幫我投10塊錢重玩  輸不起不要開  夜市門口進去右邊直走那間 一個阿姨
花園夜市,水瓶獅子,在地嚮導 · 361 則評論 · 104 張相片,3 個月前,3 顆星,🤔🤤 …
花園夜市,老葛,在地嚮導 · 25 則評論 · 7 張相片,3 個月前,5 顆星,
花園夜市,Pushin Lin,在地嚮導 · 108 則評論 · 345 張相片,3 個月前,5 顆星,"✅入口處的陳大民麻辣綜合（鴨血、魚蛋、肥腸）：湯頭入味、鴨血和肥腸也有入味👍🏻
✅自己來紅茶鮮乳：可以自己調甜度、冷熱皆可，還可以試喝👍🏻
✅雪的冰：雪綿冰冬瓜茶 好喝👍🏻冬瓜茶夠甜，很像雪淇冰的味道。 …"
花園夜市,龍刃,在地嚮導 · 256 則評論 · 18 張相片,3 個月前,4 顆星,好吃的東西多到不知道該吃什麼的夜市😆 …
花園夜市,SH T,在地嚮導 · 31 則評論 · 21 張相片,3 個月前,5 顆星,
花園夜市,黃羽葳,7 則評論 · 12 張相片,3 個月前,5 顆星,
花園夜市,江若琳,在地嚮導 · 27 則評論 · 32 張相片,3 個月前,3 顆星,
花園夜市,Toy Wang,在地嚮導 · 73 則評論 · 32 張相片,3 個月前,3 顆星,很乾淨東西不錯吃
花園夜市,Vina WU,在地嚮導 · 50 則評論 · 193 張相片,3 個月前,5 顆星,
花園夜市,鄭詠心,在地嚮導 · 127 則評論 · 254 張相片,3 個月前,5 顆星,還是很多攤販！台南的夜市真的特別好逛的感覺⋯，我覺得那種小夜市（在道路兩邊擺攤中間沒有封起來的），比較不好逛一點，我比較喜歡這種整塊都是夜市的大夜市！而且有吃的有玩的～基本上不太會有找不到的東西！
花園夜市,PLEASE,"在地嚮導 · 689 則評論 · 1,660 張相片",3 個月前,5 顆星,"標準的觀光夜市 入口意象漂亮 很大 吃的玩的穿的應有盡有
提醒一下 Google搜尋「花園夜市 美食」 上面的店評論都滿慘的 各位自己斟酌"
花園夜市,羅莎,2 則評論 · 1 張相片,3 個月前,5 顆星,
花園夜市,楊東諴,在地嚮導 · 29 則評論 · 311 張相片,3 個月前,4 顆星,
花園夜市,余采穎,1 則評論 · 2 張相片,3 個月前,5 顆星,
花園夜市,CoCo Lin,8 則評論 · 7 張相片,3 個月前,5 顆星,"有一家Enter的襪子🧦一雙才39，
每次來台南必買，花樣更深又很快，
超推～ …"
花園夜市,Pheba Chen,在地嚮導 · 26 則評論 · 1 張相片,3 個月前,5 顆星,
花園夜市,侯登耀,在地嚮導 · 56 則評論 · 1 張相片,3 個月前,5 顆星,
花園夜市,王威傑,9 則評論 · 1 張相片,3 個月前,5 顆星,過年期間週五有開嗎？
花園夜市,簡提米,在地嚮導 · 21 則評論 · 17 張相片,3 個月前,5 顆星,
花園夜市,Benos Wanli,在地嚮導 · 312 則評論 · 123 張相片,3 個月前,5 顆星,"台南夜市！幾乎所有的台灣傳統美食都可以在這裡找到。
這裡有許多不同種類的油炸食品、飲料、火鍋、麵條、甜點…
當然，這個地方非常適合旅遊，所以有時有些價格比其他地方高，夜市也比較小，但它是一個探索、吃、喝、玩的好地方。"
花園夜市,ex Al,在地嚮導 · 24 則評論 · 5 張相片,3 個月前,5 顆星,
花園夜市,阿山哥,8 則評論 · 3 張相片,3 個月前,3 顆星,"沒有很特別，走道擁擠
。"
花園夜市,吳季恩,在地嚮導 · 17 則評論 · 2 張相片,3 個月前,5 顆星,好吃好逛好多人
花園夜市,Bowen,在地嚮導 · 28 則評論,3 個月前,5 顆星,
花園夜市,劉書宏,4 則評論,3 個月前,5 顆星,攤販很多，好玩
花園夜市,头头,在地嚮導 · 130 則評論 · 376 張相片,3 個月前,5 顆星,鹽水雞啊啊啊啊啊啊 還有加了甘梅粉的甜美水果 我會永遠愛這個地方 超級推薦
花園夜市,Yen賽門,在地嚮導 · 27 則評論 · 2 張相片,3 個月前,5 顆星,
花園夜市,WaWa,在地嚮導 · 22 則評論 · 7 張相片,3 個月前,5 顆星,
花園夜市,CHI AN CHEN (美國嘻哈大神),在地嚮導 · 15 則評論 · 4 張相片,3 個月前,5 顆星,
花園夜市,張婷,在地嚮導 · 44 則評論 · 114 張相片,3 個月前,5 顆星,
花園夜市,楊麗娟,9 則評論 · 2 張相片,3 個月前,5 顆星,超多好吃的美食
花園夜市,空閑bb,3 則評論,3 個月前,5 顆星,美食好吃
花園夜市,s8888spower,"在地嚮導 · 848 則評論 · 11,975 張相片",3 個月前,3 顆星,沒什麼特別的，品相重複的也不少，給分的重點是廁所乾淨又方便，然後停車位不足，若停在附近對面的停車位一次$150元，因為餐點大部分都是普通等級的，沒有特別的好吃，有的真的是很難吃，所以不會讓我有想要再去消費的意願。
花園夜市,張清松,"在地嚮導 · 758 則評論 · 1,906 張相片",3 個月前,4 顆星,吃的喝的玩的衣服飾品什麼都有吃飽吃巧都有，又有專屬免費停車場。
花園夜市,Andy Tsai,在地嚮導 · 9 則評論 · 23 張相片,3 個月前,4 顆星,
花園夜市,KK,在地嚮導 · 13 則評論 · 1 張相片,3 個月前,5 顆星,
花園夜市,Anna R.,在地嚮導 · 129 則評論 · 135 張相片,3 個月前,5 顆星,"📍延記臭豆腐🌟🌟🌟🌟🌟$100
酥脆多汁 但臭度普通 …"
花園夜市,光之劍,在地嚮導 · 97 則評論 · 68 張相片,3 個月前,4 顆星,食物種類多，很好選擇，大部分不錯，但有些還是雷的。
花園夜市,李哲源,在地嚮導 · 60 則評論 · 7 張相片,3 個月前,5 顆星,廁所、垃圾桶和停車位先加80分，食物價錢和品質一般般算是蠻好逛的
花園夜市,茂藤木,在地嚮導 · 29 則評論 · 2 張相片,3 個月前,5 顆星,只要有予予的地方，什麼都很好
花園夜市,charles han,6 則評論,3 個月前,5 顆星,
花園夜市,Gary Lim,在地嚮導 · 16 則評論 · 40 張相片,3 個月前,5 顆星,
花園夜市,嚴宗緯,在地嚮導 · 14 則評論 · 340 張相片,3 個月前,5 顆星,
花園夜市,สรศักดิ์ จันดา,"在地嚮導 · 258 則評論 · 2,081 張相片",3 個月前,5 顆星,去市場買菜，吃火鍋，玩遊戲，不過這幾天冷了。
花園夜市,陳玉瑋,在地嚮導 · 18 則評論 · 155 張相片,3 個月前,5 顆星,
花園夜市,sato,在地嚮導 · 169 則評論 · 827 張相片,3 個月前,4 顆星,
花園夜市,黑翼白羽,在地嚮導 · 59 則評論 · 19 張相片,3 個月前,5 顆星,
花園夜市,YIRU CHEN,"在地嚮導 · 40 則評論 · 7,856 張相片",3 個月前,5 顆星,"有超多選擇性的餐點
周邊停車便利"
花園夜市,冰菁黑杰克,"在地嚮導 · 1,013 則評論 · 5,107 張相片",3 個月前,5 顆星,"若評論有用心有幫助
拜託隨手點讚一下啦
傳說中的南部最大夜市 …"
花園夜市,劉柏薰（佐佐）,6 則評論 · 3 張相片,3 個月前,5 顆星,東西多很好逛👍 …
花園夜市,YUNTING TSAI,在地嚮導 · 21 則評論 · 42 張相片,3 個月前,5 顆星,"好吃好逛✨✨
🍛🍣🥟🍜🍲🍝🍦🍿🍩🍰🧋 …"
花園夜市,Linda Lin (อินางแพรสาวไต้หวัน),在地嚮導 · 50 則評論 · 277 張相片,3 個月前,5 顆星,好多東西吃，可是那談好多人排隊。
花園夜市,Huang Red,在地嚮導 · 41 則評論 · 49 張相片,3 個月前,5 顆星,"每次到台南都會逛的夜市，主要原因如下：
1.攤位動線規劃很適合第一次去的觀光客，因為可以S型逛到全部的攤位。
2.有幾間店家每次去都會回訪，例如：泰國青木瓜絲（家人喜歡）、酵素臭豆腐（家人跟本人都喜歡）、日式章魚燒（媽媽超愛） …"
花園夜市,王家郁,8 則評論 · 5 張相片,3 個月前,5 顆星,
花園夜市,李靜瑩,4 則評論 · 1 張相片,3 個月前,3 顆星,
花園夜市,鄭富名,在地嚮導 · 59 則評論 · 305 張相片,3 個月前,5 顆星,
花園夜市,An,在地嚮導 · 52 則評論 · 358 張相片,3 個月前,5 顆星,發現一個很酷的大腸包小腸，他的香腸比一般的都大都好吃，有來逛夜市的一定要吃一下
花園夜市,張喩鈞,在地嚮導 · 60 則評論 · 5 張相片,3 個月前,5 顆星,
花園夜市,Kai Chun Chang,在地嚮導 · 26 則評論 · 231 張相片,3 個月前,4 顆星,
花園夜市,黃宏斌,在地嚮導 · 20 則評論 · 99 張相片,3 個月前,4 顆星,
花園夜市,洧成,在地嚮導 · 33 則評論 · 202 張相片,3 個月前,5 顆星,便宜
花園夜市,李佩菁,14 則評論 · 7 張相片,3 個月前,5 顆星,人潮很多，攤商也多
花園夜市,張凱閎（チョウカイホン）,在地嚮導 · 7 則評論 · 390 張相片,3 個月前,5 顆星,
花園夜市,rogeranan,在地嚮導 · 11 則評論 · 28 張相片,3 個月前,5 顆星,
花園夜市,无梦,5 則評論 · 6 張相片,3 個月前,5 顆星,
花園夜市,Irene Chen,在地嚮導 · 29 則評論 · 1 張相片,3 個月前,5 顆星,
花園夜市,喵喵,在地嚮導 · 65 則評論 · 48 張相片,3 個月前,5 顆星,"很久沒來逛了
覺得還是很好逛
來台南必逛夜市、東西也都不錯吃喔！"
花園夜市,陳弘展,在地嚮導 · 11 則評論 · 1 張相片,3 個月前,5 顆星,
花園夜市,Sheng Kuo,3 則評論 · 1 張相片,3 個月前,5 顆星,
花園夜市,劉庭瑋,在地嚮導 · 15 則評論 · 23 張相片,3 個月前,5 顆星,
花園夜市,phil su,在地嚮導 · 207 則評論 · 587 張相片,3 個月前,5 顆星,台南花園夜市是台南最具代表性的夜市之一，以其多元的美食、熱鬧的氛圍和豐富的文化特色吸引了大量的遊客和當地居民。首先，這裡的美食種類繁多，無論是台灣小吃、海鮮、還是異國風味的料理，都能在這裡找到。從熱騰騰的鹽酥雞、蚵仔煎，到口感獨特的芋頭冰，花園夜市幾乎囊括了所有台灣街頭美食的精華，令人垂涎欲滴。 …
花園夜市,一隻ㄇ,在地嚮導 · 16 則評論 · 9 張相片,3 個月前,5 顆星,
花園夜市,KONNIE Fan,在地嚮導 · 16 則評論 · 61 張相片,3 個月前,4 顆星,
花園夜市,劉芷怡,在地嚮導 · 42 則評論 · 15 張相片,3 個月前,5 顆星,好吃的東西很多
花園夜市,徐世泊,2 則評論,3 個月前,5 顆星,
花園夜市,W W,7 則評論,3 個月前,5 顆星,好吃好玩。每個月都可以去一次。
花園夜市,H LY,在地嚮導 · 20 則評論 · 10 張相片,3 個月前,3 顆星,重複性東西太多，價格偏高。
花園夜市,李小霈,在地嚮導 · 24 則評論 · 2 張相片,3 個月前,5 顆星,"小吃都很美味，臭豆腐大推👍外酥內嫩，蚵仔煎也不容錯過，外表煎的香脆，超好吃！
唯一美中不足的是動線有點亂😅 …"
花園夜市,Chipa Chuuu,1 張相片,3 個月前,5 顆星,
花園夜市,Lucas,"在地嚮導 · 43 則評論 · 8,249 張相片",3 個月前,4 顆星,
花園夜市,陳筱芸,在地嚮導 · 3 則評論 · 51 張相片,3 個月前,4 顆星,
花園夜市,林草莓,13 則評論 · 3 張相片,3 個月前,5 顆星,
花園夜市,Zephyr,12 則評論 · 4 張相片,3 個月前,5 顆星,台南必逛！
花園夜市,魏敏翔,在地嚮導 · 26 則評論 · 79 張相片,3 個月前,5 顆星,
花園夜市,Shouchiku Lin,7 則評論 · 1 張相片,3 個月前,5 顆星,
花園夜市,Ylenia Colanzi,在地嚮導 · 26 則評論 · 80 張相片,3 個月前,4 顆星,在 Google 地圖上查看開放日期。週六晚上營業到午夜，人真的很多。是享受典型台南風味的好地方。還有很多素食選擇。
花園夜市,林宗勲,"在地嚮導 · 179 則評論 · 1,225 張相片",3 個月前,2 顆星,跟其它夜市相比，多數攤位口味真不怎樣...
花園夜市,Petty,"在地嚮導 · 237 則評論 · 1,746 張相片",3 個月前,5 顆星,下午五點提早來才是最好停車的，而且還不用停車費，先去四草蚵仔煎吃碗魚肉粥後就差不多天黑了，趁著人潮不多的時候速速逛完回家！
花園夜市,張乃文,在地嚮導 · 50 則評論 · 12 張相片,3 個月前,3 顆星,
花園夜市,Miin K,在地嚮導 · 199 則評論 · 351 張相片,3 個月前,4 顆星,算是有特色的夜市，但感覺沒以前去的那種驚豔感，只能說台灣現在同質化太嚴重了
花園夜市,聶奕程,"在地嚮導 · 321 則評論 · 1,161 張相片",3 個月前,5 顆星,"台南最值得造訪的夜市
應有盡有
滿滿的台灣與異國美食 …"
花園夜市,田文祺,8 則評論 · 1 張相片,3 個月前,4 顆星,不錯逛的夜市。
花園夜市,黃吉雄,在地嚮導 · 2 則評論 · 328 張相片,3 個月前,5 顆星,
花園夜市,蕭羽,9 則評論,3 個月前,1 顆星,
花園夜市,李玉如,在地嚮導 · 20 則評論 · 3 張相片,3 個月前,5 顆星,
花園夜市,潘少君（少少）,5 則評論 · 2 張相片,3 個月前,5 顆星,
花園夜市,草本混合化學系.,1 則評論,3 個月前,5 顆星,好逛的夜市停車方便
花園夜市,柏欽,3 則評論,3 個月前,5 顆星,你好今年春節開幾天
花園夜市,林敬倫,在地嚮導 · 1 則評論,3 個月前,5 顆星,
花園夜市,郭順博,在地嚮導 · 25 則評論 · 18 張相片,3 個月前,5 顆星,
花園夜市,W T,在地嚮導 · 94 則評論 · 309 張相片,3 個月前,5 顆星,巨大的！有很多食物選擇和遊戲。在這裡度過了很多時間，非常愉快。
花園夜市,SuNa Park,在地嚮導 · 21 則評論 · 68 張相片,3 個月前,1 顆星,
花園夜市,Jennifer Lee,"在地嚮導 · 139 則評論 · 1,188 張相片",3 個月前,5 顆星,
花園夜市,P Wong,在地嚮導 · 29 則評論 · 17 張相片,3 個月前,5 顆星,必吃酵素臭豆腐🥹🥹🥹心心念念 每次來都要吃 …
花園夜市,蕭佩蘭,在地嚮導 · 25 則評論 · 2 張相片,3 個月前,5 顆星,非常熱鬧！有許多好吃的美食！可以來逛逛，吃特色美食！
花園夜市,Ling Yuan,在地嚮導 · 53 則評論 · 542 張相片,3 個月前,4 顆星,
花園夜市,熊厚,在地嚮導 · 35 則評論 · 39 張相片,3 個月前,5 顆星,
花園夜市,YI-WEI LIN,在地嚮導 · 16 則評論 · 5 張相片,3 個月前,5 顆星,
花園夜市,塗敏宏,在地嚮導 · 2 則評論,3 個月前,5 顆星,
花園夜市,Chen嘉,在地嚮導 · 70 則評論 · 166 張相片,3 個月前,5 顆星,
花園夜市,Yan W,在地嚮導 · 16 則評論 · 7 張相片,3 個月前,5 顆星,喜歡人多擁擠的建議來這裡逛逛 小小吃很多價格鄉民 反正你都要來了 你也不會不捨得花
花園夜市,Yu-Tung Lin,在地嚮導 · 11 則評論 · 2 張相片,3 個月前,4 顆星,
花園夜市,均寧,在地嚮導 · 117 則評論 · 80 張相片,3 個月前,5 顆星,
花園夜市,謝其展,在地嚮導 · 11 則評論,3 個月前,5 顆星,
花園夜市,Jummmp,"在地嚮導 · 1,218 則評論 · 5,551 張相片",3 個月前,5 顆星,"裡面有許多免費機車格
整體夜市蠻大動線有規畫，吃與遊戲區、雜貨區都有分開，甚至還有算命"
花園夜市,Ball.NTP,在地嚮導 · 18 則評論 · 38 張相片,3 個月前,5 顆星,"非常熱鬧的市場
食物非常多樣化而且美味"
花園夜市,YKHome,"在地嚮導 · 633 則評論 · 1,664 張相片",3 個月前,5 顆星,"台南最大型的夜市！
留意：只在星期四、六、日開放"
花園夜市,Jason Shih,在地嚮導 · 42 則評論 · 15 張相片,3 個月前,3 顆星,
花園夜市,Evan Tsai,"在地嚮導 · 344 則評論 · 1,270 張相片",3 個月前,5 顆星,
花園夜市,林宏俊,2 張相片,3 個月前,3 顆星,
花園夜市,H Huang,在地嚮導 · 74 則評論 · 45 張相片,3 個月前,5 顆星,
花園夜市,邱Qiu,8 則評論,3 個月前,5 顆星,
花園夜市,eric ndktpe lin,4 則評論 · 10 張相片,3 個月前,5 顆星,
花園夜市,ディアルーグ,5 則評論,3 個月前,5 顆星,很多好吃的
花園夜市,Eddy Hong,7 則評論 · 9 張相片,3 個月前,4 顆星,
花園夜市,裘裘,2 則評論,3 個月前,5 顆星,
花園夜市,賴良樺,在地嚮導 · 128 則評論 · 14 張相片,3 個月前,5 顆星,種類多選擇
花園夜市,譚小寓,在地嚮導 · 91 則評論 · 75 張相片,3 個月前,5 顆星,逛起乃
花園夜市,許福晟,,3 個月前,5 顆星,
花園夜市,柯丸子（丸子）,"在地嚮導 · 659 則評論 · 5,785 張相片",3 個月前,5 顆星,"這應該是南部最大的夜市了吧
有吃有喝有玩，攤位數超過400個
非常大場很好逛，也不會過度擁擠 …"
花園夜市,Richard Yeh,在地嚮導 · 36 則評論,3 個月前,5 顆星,大型夜市，有各種嘉年華遊戲和各種美食，從傳統的台灣街頭小吃到國際美食。   我們喜歡台南才有的圓形果凍球甜點。  我們也總是買臭豆腐、珍珠飲料和燒烤玉米棒。
花園夜市,Lucas Kuo,"在地嚮導 · 28 則評論 · 2,496 張相片",3 個月前,4 顆星,
花園夜市,Cathy chen,6 則評論,3 個月前,5 顆星,
花園夜市,曾靖婷,在地嚮導 · 16 則評論 · 16 張相片,3 個月前,5 顆星,讚👍但是假日真的人超多 …
花園夜市,李高熊（做工的人）,在地嚮導 · 371 則評論 · 99 張相片,3 個月前,5 顆星,假日去人真的爆多，好在繞一圈後停車場又有位子開放了，廁所附近的炒米粉，鴨肉飯，大腸豬血湯及隔壁的麻辣魚丸都不錯吃。後面遊戲攤老闆娘也很親切，買120元的大盒彈珠台送小盒的射擊遊戲比較划算，還有2000點可以換玩具，換了一個西瓜迷你吉他小朋友蠻喜歡的
花園夜市,吳家豪,在地嚮導 · 24 則評論 · 8 張相片,3 個月前,3 顆星,東西很香但是 價格有點不香 假日的時候個人覺得有點太擠 不喜歡人擠人的不推薦來 個人推薦荖濃烤玉米 木櫥滷味剩下的就讓你們自己探索囉
花園夜市,該用戶未設置暱稱,5 則評論 · 4 張相片,3 個月前,5 顆星,吃的蠻多的
花園夜市,黃冠璋,在地嚮導 · 29 則評論 · 467 張相片,3 個月前,5 顆星,東西好吃又便宜
花園夜市,DXHBKRKOY2J,在地嚮導 · 2 則評論,3 個月前,5 顆星,
花園夜市,蔡錕榮,7 則評論,3 個月前,4 顆星,美食眾多
花園夜市,Tan Theam Huat,在地嚮導 · 190 則評論 · 603 張相片,3 個月前,5 顆星,我去過的最大的夜市之一。我可以看到這個地方分為兩個部分，一個是食物部分，另一個是服裝、遊戲和配件部分。確實，小吃攤太多了，一晚就吃不完。我還注意到大東夜市的一些攤位也在這裡。
花園夜市,何倩佩,在地嚮導 · 28 則評論 · 1 張相片,3 個月前,5 顆星,
花園夜市,Ryan Taka,在地嚮導 · 30 則評論 · 11 張相片,3 個月前,4 顆星,
花園夜市,Tzu,在地嚮導 · 27 則評論 · 314 張相片,3 個月前,4 顆星,
花園夜市,SHIANN,在地嚮導 · 35 則評論 · 3 張相片,3 個月前,1 顆星,"停車一次150真的太貴了！
BB槍遇到一個戴帽子約60歲的阿伯老闆，這家槍第一發一定脫軌。 …"
花園夜市,August Yang,在地嚮導 · 165 則評論 · 343 張相片,3 個月前,3 顆星,
花園夜市,郭根安,在地嚮導 · 13 則評論 · 15 張相片,3 個月前,5 顆星,時隔近二十年，環境改變超多，但依舊好逛
花園夜市,陳瑩珊,在地嚮導 · 17 則評論 · 3 張相片,3 個月前,5 顆星,
花園夜市,Wen Chen,在地嚮導 · 63 則評論 · 6 張相片,3 個月前,1 顆星,東西..貴小份..不好吃
花園夜市,K Morita,在地嚮導 · 208 則評論 · 700 張相片,3 個月前,5 顆星,"距離市中心稍遠的一個夜市。反正很寬敞。商店很多，人也很多。就我個人而言，我喜歡它，因為它很熱鬧，而且食物輪換得很好，不需要提前準備。
雞肉餃子、小籠包、烤肉串、大福、鴨血、蚵仔煎、鐵板燒、烤串、木薯飲料等各種美食，吃起來很有趣。
雞肉餃子不是日本唐人街流行的無骨肉，而是大塊的油炸帶骨肉，配上甜醬。天氣很熱，老實說讓我想喝啤酒（但他們不賣）。 …"
花園夜市,余小男,在地嚮導 · 42 則評論 · 16 張相片,3 個月前,5 顆星,好逛
花園夜市,May Yeung,在地嚮導 · 50 則評論 · 1 張相片,3 個月前,5 顆星,夜市很多，相當不錯。食物的選擇很好，我在這裡發現了相當不錯的臭豆腐。 ☺️
花園夜市,Sue Lee,在地嚮導 · 57 則評論 · 18 張相片,3 個月前,5 顆星,人很多，值得至少停下來一次
花園夜市,杰神尚惠玩,"在地嚮導 · 404 則評論 · 4,105 張相片",3 個月前,4 顆星,台南有幾個知名的夜市，但花園夜市還是最多人想去的夜市，雖然這夜市有停車場，但很多的攤商早就停了進去，想要停真實的很難，夜市裡的美食眾多但重複性的也很多，來這不怕買不到自己喜歡的食物，這裡越晚人潮會越多，許多知名的人氣美食還是會需要排隊等候。
花園夜市,Zooey,12 則評論,3 個月前,1 顆星,"汽車停車場爛死了
之前都是排隊等有位子警衛就會放車進去停
現在排隊警衛只會一直揮手叫你往前不給進去說客滿 …"
花園夜市,chou henyi,在地嚮導 · 12 則評論 · 13 張相片,3 個月前,4 顆星,
花園夜市,哲哲哲,在地嚮導 · 53 則評論 · 60 張相片,3 個月前,3 顆星,隔了一年多沒去，吃了五間有三間覺得很雷，是不是生意一直太好影響商家素質，還是我不會挑？
花園夜市,謝孟儒,在地嚮導 · 7 則評論 · 595 張相片,3 個月前,5 顆星,
花園夜市,t.c.i,在地嚮導 · 115 則評論 · 523 張相片,3 個月前,5 顆星,已購買，下到剛吃食幼兒，上到阿公阿嬤都喜歡
花園夜市,林小峰,"在地嚮導 · 97 則評論 · 1,247 張相片",3 個月前,4 顆星,很多美食，觀光客愛來
花園夜市,Tu Michael,在地嚮導 · 50 則評論 · 20 張相片,3 個月前,5 顆星,平日來很友善，人不多，除了玉米，其它不用排隊。
花園夜市,吳柏樺,3 則評論 · 8 張相片,3 個月前,4 顆星,蠻好吃的，價格還可以接受，平日人不會很多
花園夜市,宜家廖,在地嚮導 · 8 則評論,3 個月前,4 顆星,
花園夜市,Miku Y,12 則評論 · 5 張相片,3 個月前,2 顆星,"帶國外朋友來花園夜市結果有點失望：
延大雞排： 雞排都是先炸好，點了之後回溫還不夠熱。雞排刷的醬是甜的。
全壘打牛排： 牛排都是筋還以為在吃牛肉乾。然後鐵板麵的麵條也使軟軟的沒嚼勁。 …"
花園夜市,抓鬼欸,10 則評論 · 4 張相片,3 個月前,5 顆星,
花園夜市,邱炳龍,在地嚮導 · 52 則評論 · 38 張相片,3 個月前,5 顆星,
花園夜市,林士豪,在地嚮導 · 4 則評論 · 6 張相片,3 個月前,5 顆星,
花園夜市,謝東海,在地嚮導 · 138 張相片,3 個月前,5 顆星,
花園夜市,祥爺,11 則評論 · 1 張相片,3 個月前,5 顆星,
花園夜市,Kou Mi,在地嚮導 · 86 則評論 · 127 張相片,3 個月前,5 顆星,觀光夜市
花園夜市,Hiền Hoàng,,3 個月前,5 顆星,
花園夜市,馮天德,,3 個月前,5 顆星,
花園夜市,Kosuke Hayashi,在地嚮導 · 78 則評論 · 60 張相片,3 個月前,5 顆星,
花園夜市,Lucas Kuo,"在地嚮導 · 5 則評論 · 1,984 張相片",3 個月前,4 顆星,
花園夜市,陳志銘,在地嚮導 · 157 則評論 · 269 張相片,3 個月前,5 顆星,
花園夜市,希丁寶,在地嚮導 · 91 則評論 · 69 張相片,3 個月前,5 顆星,
花園夜市,Tayi Lin,1 張相片,3 個月前,4 顆星,
花園夜市,郭佑,4 則評論,3 個月前,5 顆星,
花園夜市,林楨宏,在地嚮導 · 1 則評論 · 54 張相片,3 個月前,4 顆星,
花園夜市,蕭立昇,在地嚮導 · 5 則評論 · 26 張相片,3 個月前,5 顆星,
花園夜市,東,在地嚮導 · 20 則評論 · 1 張相片,3 個月前,5 顆星,
花園夜市,李RO,5 則評論,3 個月前,5 顆星,店家非常的多 很多好吃的東西
花園夜市,江文正,"在地嚮導 · 737 則評論 · 5,642 張相片",3 個月前,4 顆星,週末假期停車較困難。
花園夜市,Bruce Hung (BH),在地嚮導 · 110 則評論 · 9 張相片,3 個月前,4 顆星,
花園夜市,Pilar Fernandez Segura,12 則評論,3 個月前,4 顆星,
花園夜市,陳祐謙,在地嚮導 · 5 則評論 · 3 張相片,3 個月前,5 顆星,
花園夜市,Daisuke ABE,在地嚮導 · 248 則評論 · 288 張相片,3 個月前,4 顆星,
花園夜市,Matthew Li,在地嚮導 · 20 則評論,3 個月前,3 顆星,人太多
花園夜市,Long Ma,在地嚮導 · 6 則評論 · 32 張相片,3 個月前,5 顆星,
花園夜市,林建全,11 則評論,3 個月前,5 顆星,
花園夜市,徐于皓,在地嚮導 · 16 則評論 · 3 張相片,3 個月前,5 顆星,
花園夜市,Chi Chia Lin,15 則評論 · 3 張相片,3 個月前,5 顆星,好逛，攤位也多
花園夜市,張執翰,在地嚮導 · 24 則評論 · 2 張相片,3 個月前,5 顆星,好吃好玩，攤販多重複性卻低，不愧為南部最強夜市
花園夜市,Alice Yan,"在地嚮導 · 249 則評論 · 1,097 張相片",3 個月前,5 顆星,台灣最好的夜市之一就在台南！有很多食品攤位、遊戲攤位和其他服裝攤位。提供座位食品區。我們嘗試了各種食物，包括牡蠣煎蛋捲。
花園夜市,a0936867260,2 則評論 · 1 張相片,3 個月前,5 顆星,
花園夜市,葉子翔,在地嚮導 · 15 則評論 · 1 張相片,3 個月前,5 顆星,
花園夜市,瑜,在地嚮導 · 24 則評論 · 1 張相片,3 個月前,5 顆星,
花園夜市,曜,在地嚮導 · 18 則評論 · 6 張相片,3 個月前,5 顆星,
花園夜市,邱祥瑜,11 則評論,3 個月前,5 顆星,
花園夜市,Pilar Fernandez,在地嚮導 · 9 則評論 · 2 張相片,3 個月前,5 顆星,
花園夜市,林福隆,在地嚮導 · 49 則評論 · 16 張相片,3 個月前,5 顆星,今天帶老婆、小孩一起去夜市吃晚飯.順便逛一下夜市.
花園夜市,謝佩玲,9 則評論 · 1 張相片,3 個月前,5 顆星,"人很多。但不會太擁擠。
喜歡二師兄滷味。米血必點超優。雞翅也好吃
碳烤雞排太多人排隊。排不到。下次有機會再去吃"
花園夜市,Da Xiong Lin,在地嚮導 · 155 則評論 · 77 張相片,3 個月前,1 顆星,排了45分鐘的停車位到門口，掛個車位已滿的牌子叫我走也不給排，什麼規劃？
花園夜市,Long Le Hoang,"在地嚮導 · 195 則評論 · 1,600 張相片",3 個月前,5 顆星,
花園夜市,郭立歐,在地嚮導 · 9 則評論 · 126 張相片,3 個月前,5 顆星,
花園夜市,กรวิทย์ อ่อมแก้ว,,3 個月前,3 顆星,
花園夜市,Lemmy Nga,在地嚮導 · 197 則評論 · 345 張相片,3 個月前,5 顆星,真的很有活力的夜市，這是我在台灣看到的第一個不是沿著街道的夜市，它實際上位於一個巨大的停車場。食品、服裝、電子產品和遊戲站的完美結合。主要是來吃的！
花園夜市,蔡小布,1 則評論,3 個月前,5 顆星,很棒
花園夜市,王吉娜,在地嚮導 · 45 則評論 · 130 張相片,3 個月前,5 顆星,
花園夜市,高煜閎,12 則評論 · 9 張相片,3 個月前,4 顆星,
花園夜市,Kiki祺,在地嚮導 · 54 則評論 · 120 張相片,3 個月前,5 顆星,"台南最大夜市
認真逛3-4小時跑不掉
裡面有一家開源雞排好吃"
花園夜市,郭杜克,在地嚮導 · 14 則評論 · 11 張相片,3 個月前,5 顆星,"這裡大到可以逛很久，
吃的喝的玩的穿的用的樣樣俱全，
非常適合家人、朋友們一起來逛逛～"
花園夜市,蘇裕銘,在地嚮導 · 119 則評論,3 個月前,1 顆星,
花園夜市,陳弘修,在地嚮導 · 9 則評論 · 5 張相片,3 個月前,5 顆星,茶香回甘
花園夜市,june,5 則評論,3 個月前,5 顆星,
花園夜市,en w,在地嚮導 · 26 則評論 · 1 張相片,3 個月前,5 顆星,
花園夜市,咖雞鵝,在地嚮導 · 18 則評論,3 個月前,2 顆星,重複性過高
花園夜市,彭亮穎,在地嚮導 · 33 則評論 · 4 張相片,3 個月前,5 顆星,
花園夜市,謝宜蓁,在地嚮導 · 29 則評論 · 27 張相片,3 個月前,5 顆星,環境還算乾淨，就是人太多
花園夜市,蔣裕峰,在地嚮導 · 12 則評論 · 12 張相片,3 個月前,5 顆星,
花園夜市,CH Teoh,2 則評論,3 個月前,1 顆星,精度低
花園夜市,王彥欽,13 則評論 · 2 張相片,3 個月前,5 顆星,
花園夜市,吳洛平,在地嚮導 · 15 則評論 · 5 張相片,4 個月前,5 顆星,
花園夜市,周鈴玉,在地嚮導 · 55 則評論 · 61 張相片,4 個月前,5 顆星,從新竹去台南不會忘記來吃這間陳大民鴨血好吃😋👍 …
花園夜市,G G,在地嚮導 · 71 則評論 · 211 張相片,4 個月前,3 顆星,
花園夜市,Lin量,1 則評論 · 1 張相片,4 個月前,5 顆星,
花園夜市,Nico,在地嚮導 · 27 則評論 · 61 張相片,4 個月前,5 顆星,食物選擇非常多，人群也很多，是台南遊玩會去逛的夜市。但附近停車較麻煩
花園夜市,Andy Zeng (安迪哥哥),13 則評論 · 2 張相片,4 個月前,5 顆星,
花園夜市,oggiftq329,在地嚮導 · 24 則評論 · 3 張相片,4 個月前,3 顆星,跟以前差多了
花園夜市,郭明熹,在地嚮導 · 28 則評論 · 6 張相片,4 個月前,4 顆星,
花園夜市,孫愷宥,2 則評論,4 個月前,5 顆星,
花園夜市,陳志,在地嚮導 · 33 則評論 · 2 張相片,4 個月前,2 顆星,可能運氣不好，吃到的東西都不是喜歡的香氣與口感
花園夜市,Alina Liu,"在地嚮導 · 319 則評論 · 3,826 張相片",4 個月前,5 顆星,"台南規模最大的夜市，攤販眾多，吃喝玩樂都有，
附有免費停車場，汽車位置不多。"
花園夜市,陳俊羽,在地嚮導 · 8 則評論 · 8 張相片,4 個月前,4 顆星,
花園夜市,趙德銘,在地嚮導 · 20 則評論 · 4 張相片,4 個月前,5 顆星,
花園夜市,TZU-CHEN LIN,在地嚮導 · 85 則評論 · 74 張相片,4 個月前,5 顆星,人好多、都要排隊討厭
花園夜市,JO斯達豪,在地嚮導 · 75 則評論 · 194 張相片,4 個月前,4 顆星,很大人潮很多，走道可以規劃再寬一點👍 …
花園夜市,葉麗莉,在地嚮導 · 7 則評論 · 180 張相片,4 個月前,5 顆星,
花園夜市,呂宇婕,在地嚮導 · 78 則評論 · 11 張相片,4 個月前,5 顆星,"騎機車還蠻好找到停車位的🅿️
夜市內超多好吃美食，陳大民麻辣鴨血、蔥油餅（三角形的）💯、入口處煎餃、覓蘇的提拉米蘇、酵素臭豆腐👍 …"
花園夜市,陳志仁,在地嚮導 · 13 則評論 · 1 張相片,4 個月前,4 顆星,
花園夜市,小林,"在地嚮導 · 18 則評論 · 2,210 張相片",4 個月前,5 顆星,
花園夜市,Ruby Huang,在地嚮導 · 75 則評論 · 39 張相片,4 個月前,5 顆星,人很多，寸步難行
花園夜市,圈圈,在地嚮導 · 188 則評論 · 259 張相片,4 個月前,4 顆星,
花園夜市,HanChun Yeh,在地嚮導 · 18 則評論 · 4 張相片,4 個月前,5 顆星,京典酵素臭豆腐、二師兄滷味都超讚！！
花園夜市,不要叫我東東啦,"在地嚮導 · 283 則評論 · 3,389 張相片",4 個月前,5 顆星,"#20241222
絕對不是看了夜市王才來，也不是看了比賽項目才來吃蚵仔煎、臭豆腐、碳烤雞排、全壘打牛排、吉拿棒。單純是自己想吃😋 …"
花園夜市,Yu-Chen Chang,在地嚮導 · 272 則評論 · 830 張相片,4 個月前,4 顆星,
花園夜市,chien-yu hsu,53 則評論 · 2 張相片,4 個月前,4 顆星,不好停車
花園夜市,陳信華,3 則評論 · 1 張相片,4 個月前,5 顆星,
花園夜市,許小鈴,在地嚮導 · 55 則評論 · 220 張相片,4 個月前,5 顆星,"很好買，做為觀光客來說，感覺比武聖夜市更好買吃的，有停車場所以很方便
星期四來的
如果是有帶小朋友武聖夜市有一些遊樂設施可以給小朋友玩，也有停車場，但感覺沒有花園這麼多吃的"
花園夜市,Margaret Milo,在地嚮導 · 39 則評論 · 16 張相片,4 個月前,4 顆星,
花園夜市,Le on,10 則評論 · 11 張相片,4 個月前,5 顆星,
花園夜市,陳坤友,4 則評論,4 個月前,5 顆星,
花園夜市,潔西卡,在地嚮導 · 21 則評論 · 4 張相片,4 個月前,5 顆星,"花園夜市最常吃的就是正門路口第一條大腸麵線，北部還真的找不到這麼好吃的南部大腸麵線，每回必吃👍值五星

⬇️雷❌❌❌❌ …"
花園夜市,林桓毅,在地嚮導 · 12 則評論 · 62 張相片,4 個月前,5 顆星,
花園夜市,佳珊,在地嚮導 · 239 則評論 · 633 張相片,4 個月前,4 顆星,機車比較好停
花園夜市,李英珍,1 則評論,4 個月前,5 顆星,
花園夜市,冬冬,在地嚮導 · 14 則評論 · 5 張相片,4 個月前,4 顆星,
花園夜市,婉君葉,在地嚮導 · 106 則評論 · 70 張相片,4 個月前,4 顆星,
花園夜市,Jesper Wien,在地嚮導 · 17 則評論 · 14 張相片,4 個月前,5 顆星,數量驚人的小吃攤！周圍都是可愛的人。
花園夜市,馮治佳,在地嚮導 · 7 則評論 · 1 張相片,4 個月前,5 顆星,
花園夜市,"moola, ST Chang","在地嚮導 · 1,157 則評論 · 16,879 張相片",4 個月前,5 顆星,
花園夜市,徐家園,在地嚮導 · 193 則評論 · 11 張相片,4 個月前,5 顆星,夜市王，阿三哥蚵仔煎
花園夜市,Aldrik Chu,在地嚮導 · 80 則評論 · 181 張相片,4 個月前,4 顆星,這個地方很熱鬧，但並不擁擠。很好的推薦，因為大多數都是當地人，而且食物非常獨特
花園夜市,羅淑華,在地嚮導 · 29 則評論 · 22 張相片,4 個月前,4 顆星,人潮實在人無法招架，飲食與用品分開區域非常好
花園夜市,kun r,8 則評論,4 個月前,5 顆星,
花園夜市,Marcus蔡承祐,7 則評論 · 1 張相片,4 個月前,3 顆星,不要亂停車，附近貴到靠北的停車場乖乖付錢，紅線停2分鐘就給你拖走，一次1900，可悲
花園夜市,須藤先生,在地嚮導 · 20 則評論 · 39 張相片,4 個月前,5 顆星,
花園夜市,Justin Chu,在地嚮導 · 164 則評論 · 667 張相片,4 個月前,4 顆星,很大的市場，有很多食品和遊戲攤位。
花園夜市,陳思哲,在地嚮導 · 75 則評論 · 2 張相片,4 個月前,5 顆星,
花園夜市,林庭（林庭）,在地嚮導 · 16 則評論 · 11 張相片,4 個月前,5 顆星,
花園夜市,yeeycheenn,在地嚮導 · 84 則評論 · 42 張相片,4 個月前,4 顆星,
花園夜市,妞妞,在地嚮導 · 12 則評論 · 2 張相片,4 個月前,5 顆星,
花園夜市,Rita Ho,在地嚮導 · 60 則評論 · 46 張相片,4 個月前,5 顆星,
花園夜市,Kok Thye Chua,在地嚮導 · 35 則評論 · 84 張相片,4 個月前,5 顆星,較大的夜市之一，有很多不同的食物可供嘗試。還有很多遊戲攤位和賣不同東西的攤位。非常擁擠的地方......對於那些開車的人來說，儘管有一個很大的停車場，但由於去那裡的人群，可能會出現停車問題
花園夜市,邱豐祥,在地嚮導 · 67 則評論 · 111 張相片,4 個月前,4 顆星,
花園夜市,YI-von Tsai,在地嚮導 · 51 則評論 · 9 張相片,4 個月前,4 顆星,台南花園夜市現在吃的攤位變化少，沒有以前豐富了，價格也不再便宜，相對較多遊戲攤位。但還是能去逛逛！
花園夜市,台南幫飲料安中店小e,在地嚮導 · 230 則評論 · 500 張相片,4 個月前,5 顆星,
花園夜市,Ming Huang,在地嚮導 · 18 則評論,4 個月前,5 顆星,
花園夜市,Christine Chen,在地嚮導 · 45 則評論 · 25 張相片,4 個月前,2 顆星,吃的就那幾種
花園夜市,蔡佳雯,在地嚮導 · 17 則評論 · 6 張相片,4 個月前,5 顆星,很好逛很大
花園夜市,mo ni,在地嚮導 · 266 則評論 · 296 張相片,4 個月前,5 顆星,比起台南其他夜市，還是這裡比較豐富，有得吃有得玩
花園夜市,Nathalia Savitri葉枝青,1 張相片,4 個月前,5 顆星,
花園夜市,saki 5,在地嚮導 · 13 則評論 · 14 張相片,4 個月前,5 顆星,台南必來
花園夜市,盧崴澤,在地嚮導 · 47 則評論 · 3 張相片,4 個月前,4 顆星,
花園夜市,Pai Pai P,在地嚮導 · 55 則評論 · 23 張相片,4 個月前,5 顆星,很久沒有來逛花園夜市，沒想到人還是一樣多
花園夜市,翟秀秀,"在地嚮導 · 389 則評論 · 3,848 張相片",4 個月前,4 顆星,"花園夜市：
大大武花大武花
台南市北區海安路三段533號 …"
花園夜市,謝鈞能,8 則評論 · 11 張相片,4 個月前,5 顆星,
花園夜市,Linda Wang,在地嚮導 · 79 則評論 · 202 張相片,4 個月前,5 顆星,
花園夜市,許志維（Chih-Wei Shiu）,在地嚮導 · 33 則評論 · 24 張相片,4 個月前,4 顆星,東西多，早點來好停車
花園夜市,郭郭,在地嚮導 · 7 則評論 · 9 張相片,4 個月前,5 顆星,好多好吃的也有很多好玩的❤️
花園夜市,EMIX R,3 則評論 · 3 張相片,4 個月前,5 顆星,
花園夜市,Jin Yi Dai,"在地嚮導 · 152 則評論 · 1,004 張相片",4 個月前,5 顆星,
花園夜市,江燦宏,在地嚮導 · 25 則評論 · 4 張相片,4 個月前,4 顆星,還行 東西有點貴
花園夜市,林昌為,"在地嚮導 · 690 則評論 · 3,014 張相片",4 個月前,5 顆星,"假日人通常都很多
推薦 木櫥滷味 統大雞排"
花園夜市,Samuel Cassidy,在地嚮導 · 106 則評論 · 92 張相片,4 個月前,5 顆星,美味的食物和低成本的選擇。
花園夜市,陳世崇,在地嚮導 · 6 則評論 · 7 張相片,4 個月前,5 顆星,
花園夜市,鐵雄一號,595 則評論,4 個月前,5 顆星,號稱南部最大夜市，也是票選心目中最受歡迎的夜市，吃、喝、玩、樂的攤位都很豐富。有多個入口以及停車場、公共廁所等。目前號稱有近400個攤位的夜市。以美食來說有不少排隊的攤位，種類也很豐富，除了本國傳統夜市小吃之外，也有多國異國風情料理可以選擇。排隊商家的翻桌速度也都蠻快的，值得排隊等候美食，逛不到半圈，邊吃邊喝就已經很飽了，順利解決了晚餐。以中部人來此玩的感覺來說；真的是很不錯的夜市，是來台南旅遊必來的地方之一。2024.12.14來此解決晚餐。
花園夜市,張麗君,在地嚮導 · 39 則評論 · 22 張相片,4 個月前,5 顆星,
花園夜市,CHEN BEN,在地嚮導 · 1 則評論 · 1 張相片,4 個月前,3 顆星,
花園夜市,qaz aqw,在地嚮導 · 236 則評論 · 401 張相片,4 個月前,1 顆星,"榮獲第一名不好吃的麵跟飯🫣
剩下豬排還能接受外酥內軟
其它非常一般…就整個調料的沒了… …"
花園夜市,小小魚,在地嚮導 · 163 則評論 · 294 張相片,4 個月前,3 顆星,其實只是比較有名而已，並沒有甚麼比較特別。。。想吃水果時..我會買阿美芭樂這個攤位（漲價一盒80）；何佳佳蔥油餅已經不賣一份4/1，最少一定要買半張，這我一個人怎麼吃得完。。。像花園夜市這規模跟名氣，遊客必定不少，可以電子支付的攤位，有比年初多一些了。2024.12.15(日)
花園夜市,陳阿草,在地嚮導 · 27 則評論 · 12 張相片,4 個月前,5 顆星,
花園夜市,曹鎮博,7 則評論 · 1 張相片,4 個月前,5 顆星,
花園夜市,劉文福,1 則評論,4 個月前,5 顆星,
花園夜市,peace yeung,在地嚮導 · 13 則評論,4 個月前,5 顆星,
花園夜市,小原,在地嚮導 · 16 則評論 · 24 張相片,4 個月前,5 顆星,
花園夜市,洪清旺,在地嚮導 · 12 張相片,4 個月前,5 顆星,
花園夜市,o. O,,4 個月前,5 顆星,
花園夜市,It’s Me !馮采,在地嚮導 · 148 則評論 · 240 張相片,4 個月前,1 顆星,"一號出口店名寫月亮蝦餅、燒賣、蒸餃、炸年糕的那家
我和同行朋友明明只一起點了一份，卻說我們分別點了兩分，硬要我們買下另外一份，說已經炸好了⋯⋯
但她鍋上明明就一堆炸過的，無法理解^_^"
花園夜市,李春泳,8 則評論 · 1 張相片,4 個月前,5 顆星,
花園夜市,李燕純,在地嚮導 · 26 則評論 · 205 張相片,4 個月前,5 顆星,
花園夜市,秀ㄐ,10 則評論 · 43 張相片,4 個月前,5 顆星,
花園夜市,Jonathan Tan,6 則評論 · 26 張相片,4 個月前,5 顆星,我們去了花園夜市，玩得很開心！
花園夜市,洪小芷,在地嚮導 · 42 則評論 · 87 張相片,4 個月前,5 顆星,好逛好吃，好新奇，小時候到現在回家鄉一樣流連忘返的去處
花園夜市,Jenny Chang,在地嚮導 · 18 則評論 · 10 張相片,4 個月前,5 顆星,
花園夜市,陳億婷,13 則評論 · 4 張相片,4 個月前,5 顆星,
花園夜市,a a (aa),3 則評論,4 個月前,5 顆星,
花園夜市,小郭,在地嚮導 · 10 則評論 · 149 張相片,4 個月前,5 顆星,
花園夜市,笨笨魚,在地嚮導 · 24 則評論 · 58 張相片,4 個月前,3 顆星,
花園夜市,吳宗哲,"在地嚮導 · 391 則評論 · 57,824 張相片",4 個月前,4 顆星,
花園夜市,Wenching Wu,"在地嚮導 · 273 則評論 · 1,439 張相片",4 個月前,3 顆星,說真的這個地方想去就去，沒時間大可不必去，這個月是從附近商品過多，至於網路上的評論看看就好，重點是自己想吃啥就吃啥，至於東西好不好吃都在自己的嘴巴裡，這就是一個走走逛逛的地方，要早一點去5點多停車場就滿了
花園夜市,lee Mickey,7 則評論 · 12 張相片,4 個月前,5 顆星,烤海鮮非常好吃，有免費停車位置
花園夜市,昱樺,10 則評論 · 2 張相片,4 個月前,4 顆星,
花園夜市,賴小勛,3 則評論 · 23 張相片,4 個月前,5 顆星,
花園夜市,Cheung Andy,9 則評論,4 個月前,4 顆星,12月1日到訪，多咗的檔位，生煎小龍包好味
花園夜市,Florence Kao,6 則評論,4 個月前,5 顆星,很多美食攤位，建議早點到達，以免停車位停滿。
花園夜市,LIEN YANG,9 則評論,4 個月前,5 顆星,攤位很多 品項很多元
花園夜市,謝博宏,6 則評論 · 2 張相片,4 個月前,5 顆星,
花園夜市,Ben,4 則評論 · 3 張相片,4 個月前,5 顆星,吃的很多 不錯👍 …
花園夜市,蔡任任,5 則評論,4 個月前,5 顆星,
花園夜市,盧兆偉,在地嚮導 · 75 則評論 · 99 張相片,4 個月前,4 顆星,
花園夜市,chen chen,8 則評論 · 1 張相片,4 個月前,3 顆星,不算太優，不會想再去第二次
花園夜市,JZ Y,10 則評論 · 6 張相片,4 個月前,4 顆星,
花園夜市,洪國益,在地嚮導 · 5 則評論 · 46 張相片,4 個月前,5 顆星,
花園夜市,李湘宜,在地嚮導 · 5 則評論 · 2 張相片,4 個月前,5 顆星,
花園夜市,綠色深林,在地嚮導 · 18 則評論 · 9 張相片,4 個月前,5 顆星,
花園夜市,Yayin Huang,"在地嚮導 · 300 則評論 · 2,855 張相片",4 個月前,4 顆星,
花園夜市,簡瑀萱,8 則評論 · 2 張相片,4 個月前,5 顆星,
花園夜市,朱祈蓉,在地嚮導 · 46 則評論 · 113 張相片,4 個月前,5 顆星,
花園夜市,クロノメ,在地嚮導 · 191 則評論 · 407 張相片,4 個月前,5 顆星,"台南市的一大樂趣就是在夜市周圍吃飯。
與其他城市不同的是，位置一周中的每一天都在變化，所以
請小心。目前情況如下。 …"
花園夜市,da lin,在地嚮導 · 22 則評論,4 個月前,5 顆星,早點大約4點多到夜市旁停車場還能停到免費車位，夜市裡攤位眾多，可以吃到各式美食
花園夜市,林小正,在地嚮導 · 7 則評論 · 818 張相片,4 個月前,5 顆星,
花園夜市,我們這一家,在地嚮導 · 15 則評論 · 14 張相片,4 個月前,5 顆星,遊戲很多，香腸伯人很好！
花園夜市,u kao,在地嚮導 · 64 則評論 · 844 張相片,4 個月前,5 顆星,
花園夜市,李羿廷,12 則評論 · 1 張相片,4 個月前,5 顆星,
花園夜市,Suki Wong,4 則評論,4 個月前,4 顆星,
花園夜市,楊竣翔,9 則評論 · 1 張相片,4 個月前,4 顆星,
花園夜市,recluse ZK,在地嚮導 · 97 則評論 · 107 張相片,4 個月前,2 顆星,"真的後悔沒先看評論
天王牛排很難吃認真，牛肉是這輩子吃過最難吃的
玉米濃湯超稀沒味道 …"
花園夜市,陳良志,1 則評論,4 個月前,4 顆星,
花園夜市,Johnathan Beh,在地嚮導 · 155 則評論 · 5 張相片,4 個月前,5 顆星,食品和遊戲攤位種類繁多，價格實惠。對於喜歡夜市的人來說是個好地方。
花園夜市,朱佑炘,在地嚮導 · 11 則評論 · 7 張相片,4 個月前,5 顆星,
花園夜市,Coco Cao,在地嚮導 · 235 則評論 · 144 張相片,4 個月前,4 顆星,這個夜市很大，有很多選擇。我個人覺得花稍微高一點的價格來獲得各種各樣的東西是非常值得的 …
花園夜市,胡秀芸,在地嚮導 · 111 則評論 · 162 張相片,4 個月前,5 顆星,"夜市規模龐大，人潮眾多
雖然夜市有停車場但大幾率排不進去
附近停車場一次150 …"
花園夜市,芳瑜,在地嚮導 · 24 則評論 · 76 張相片,4 個月前,5 顆星,
花園夜市,賴宣裕,在地嚮導 · 1 則評論,4 個月前,4 顆星,
花園夜市,JASYU JOHNSON,在地嚮導 · 15 則評論 · 30 張相片,4 個月前,4 顆星,
花園夜市,黃書偉,在地嚮導 · 14 則評論 · 2 張相片,4 個月前,2 顆星,"是試試看從此可參考此項倉庫我看從小參選促銷菜系看一看曹操可促苦苦看誒客運去荃灣區五誒去誒去網咖褲褲曹操菜鳥！@##$$$%%＆＆。%%%$$##@@！@@#$$%＆＆*%%$$$###@@！@#$$%%＆＆＆**＆＆%%%$##@@！@@###$“%＆＆***＆＆%$$###@@！‘““；；；*＆＆#$%##%%$###@！””’”“““““
”””””"
花園夜市,Bobo Chen,在地嚮導 · 42 則評論 · 57 張相片,4 個月前,1 顆星,停車超貴又難停
花園夜市,李佳霖,在地嚮導 · 17 則評論 · 68 張相片,4 個月前,5 顆星,
花園夜市,어동선,在地嚮導 · 12 則評論 · 24 張相片,4 個月前,2 顆星,"人太多了。食物太髒了。
如果你的目標是吃飯，那就去別的地方。
產品的品質也很好。
大多數都像射擊遊戲...為什麼不..."
花園夜市,una,在地嚮導 · 208 則評論 · 106 張相片,4 個月前,5 顆星,台南美食一次吃夠😂很方便只是人太多了 …
花園夜市,kelvin ng,在地嚮導 · 21 則評論 · 8 張相片,4 個月前,5 顆星,
花園夜市,李惠平,在地嚮導 · 7 則評論 · 20 張相片,4 個月前,5 顆星,
花園夜市,呂亞慧,在地嚮導 · 56 則評論 · 76 張相片,4 個月前,4 顆星,
花園夜市,蘇紘毅,1 則評論,4 個月前,5 顆星,
花園夜市,鄭羽秀,在地嚮導 · 16 則評論 · 11 張相片,4 個月前,5 顆星,
花園夜市,1胡鈴雅 1,在地嚮導,4 個月前,4 顆星,
花園夜市,Raymond See,在地嚮導 · 34 則評論 · 33 張相片,4 個月前,3 顆星,
花園夜市,曾柏翔,"在地嚮導 · 337 則評論 · 2,824 張相片",4 個月前,4 顆星,夜市佔地大，遊客多，停車位不足，攤位多但販售相同商品重複性高，各式夜市小吃生意都不錯，逛夜市購物吃小吃湊熱鬧，也算不錯
花園夜市,依娃,在地嚮導 · 34 則評論 · 1 張相片,4 個月前,5 顆星,
花園夜市,Chueh-min Lee,在地嚮導 · 36 則評論 · 8 張相片,4 個月前,5 顆星,
花園夜市,er920889,在地嚮導 · 87 則評論 · 80 張相片,4 個月前,3 顆星,
花園夜市,李愷勳,在地嚮導 · 71 則評論 · 1 張相片,4 個月前,5 顆星,可以逛逛，最好帶女朋友，不然一個人蠻孤單的
花園夜市,Cindy Chen,在地嚮導 · 131 則評論 · 46 張相片,4 個月前,5 顆星,
花園夜市,爆起來,2 則評論,4 個月前,5 顆星,👍 …
花園夜市,Twiz,"在地嚮導 · 2,008 則評論 · 12,055 張相片",4 個月前,5 顆星,"（2024/8/11）
夜市小吃、點心、飲料、牛排等應有盡有，還是不錯"
花園夜市,Jia xin Li,7 則評論 · 1 張相片,4 個月前,5 顆星,
花園夜市,ay j,11 則評論 · 4 張相片,4 個月前,5 顆星,
花園夜市,Simba Fs,在地嚮導 · 31 則評論 · 23 張相片,4 個月前,4 顆星,停車方便
花園夜市,孫煜鈞,在地嚮導 · 58 則評論 · 34 張相片,4 個月前,5 顆星,
花園夜市,士晉,10 則評論 · 8 張相片,4 個月前,5 顆星,
花園夜市,欣筠林,3 則評論 · 1 張相片,4 個月前,5 顆星,
花園夜市,黃偉弘,在地嚮導 · 26 則評論 · 7 張相片,4 個月前,5 顆星,
花園夜市,小白.,15 則評論 · 2 張相片,4 個月前,5 顆星,
花園夜市,FU chen,在地嚮導 · 84 則評論 · 108 張相片,4 個月前,4 顆星,
花園夜市,陳賢,在地嚮導 · 638 則評論 · 207 張相片,4 個月前,5 顆星,各式各樣的小吃飲料 還有很多特色小吃
花園夜市,Celine,在地嚮導 · 86 則評論 · 164 張相片,4 個月前,5 顆星,
花園夜市,Nicole Lin,在地嚮導 · 25 則評論 · 25 張相片,4 個月前,5 顆星,每次回台南固定會來走走吃吃
花園夜市,Josh Kuo,在地嚮導 · 169 則評論 · 83 張相片,4 個月前,4 顆星,
花園夜市,啾可先森ü,12 則評論 · 6 張相片,4 個月前,5 顆星,
花園夜市,RubyTravel,在地嚮導 · 83 則評論 · 418 張相片,4 個月前,4 顆星,普普通通，重複食物的攤檔也很多，如果第一次來台南都是必去的夜市之一，必須要留意不是每天都有開的
花園夜市,翁誠鴻,在地嚮導 · 241 則評論 · 29 張相片,4 個月前,5 顆星,東西選擇多 非假日 人潮不會很多 逛起來很舒服
花園夜市,虎軍北碇島,在地嚮導 · 58 則評論 · 232 張相片,4 個月前,4 顆星,
花園夜市,謝佳雯,2 則評論 · 7 張相片,4 個月前,5 顆星,我們從雲林來的  第一次來到台南花園夜市 真開新
花園夜市,黃嘉鈴,1 則評論 · 4 張相片,4 個月前,5 顆星,
花園夜市,朱先生,在地嚮導 · 3 則評論 · 6 張相片,4 個月前,4 顆星,
花園夜市,戴綵宸,在地嚮導 · 115 則評論 · 279 張相片,4 個月前,5 顆星,吃的很多，來買小棉被。
花園夜市,劉晉廷,在地嚮導 · 17 則評論 · 124 張相片,4 個月前,5 顆星,
花園夜市,慢慢,"在地嚮導 · 386 則評論 · 2,174 張相片",4 個月前,4 顆星,有很多吃的 很好逛
花園夜市,婷,2 則評論 · 5 張相片,4 個月前,5 顆星,
花園夜市,Manbo IDILIIDE,在地嚮導 · 6 則評論 · 5 張相片,4 個月前,3 顆星,
花園夜市,Meng yu Chen,在地嚮導 · 68 則評論 · 298 張相片,4 個月前,5 顆星,
花園夜市,陳宣彣,在地嚮導 · 14 則評論 · 6 張相片,4 個月前,5 顆星,
花園夜市,劉小龍,在地嚮導 · 299 則評論 · 220 張相片,4 個月前,4 顆星,
花園夜市,Kuo-Yu Wu,在地嚮導 · 42 則評論 · 52 張相片,4 個月前,4 顆星,台北人，第一次到花園夜市。確實跟老街或市場型的夜市不太相同，在停車場擺攤做生意，花園夜市吃喝玩樂都有，蠻大型的夜市，晚上沒地方去確實可以去晃晃。
花園夜市,蘇琳鈞,1 則評論,4 個月前,5 顆星,
花園夜市,jacky Wu,在地嚮導 · 5 則評論 · 5 張相片,4 個月前,4 顆星,
花園夜市,李旻諭,"在地嚮導 · 451 則評論 · 2,794 張相片",4 個月前,5 顆星,夜晚吃喝玩樂好去處
花園夜市,Gary Liu,在地嚮導 · 516 則評論 · 648 張相片,4 個月前,5 顆星,假日人很多，吃的很多都要排隊。
花園夜市,郭小利,在地嚮導 · 3 則評論 · 51 張相片,4 個月前,5 顆星,蘭嶼
花園夜市,曉婷,在地嚮導 · 28 則評論 · 79 張相片,4 個月前,5 顆星,"聽說是台南最大的夜市
吃的喝的玩的每一樣應有盡有，星期六帶孩子來逛人擠人的，有時候還擠到都被推著前進了，滷味、烤麻糬、烤牛肉、骰子牛都超好吃，來台南必逛夜市！"
花園夜市,王德聖,"在地嚮導 · 13 則評論 · 3,439 張相片",4 個月前,4 顆星,
花園夜市,이소미,6 則評論 · 9 張相片,4 個月前,5 顆星,它很大而且有很多食物。
花園夜市,謝明煌,4 則評論 · 2 張相片,4 個月前,5 顆星,
花園夜市,黃雅文,在地嚮導 · 30 則評論 · 105 張相片,4 個月前,5 顆星,
花園夜市,黃室賢,在地嚮導 · 5 則評論 · 8 張相片,4 個月前,1 顆星,很熱鬧的夜市
花園夜市,吳忠賢,在地嚮導 · 99 則評論 · 47 張相片,4 個月前,5 顆星,台南不愧為美食之都，很熱鬧，美食種類繁多
花園夜市,林世宗,在地嚮導 · 164 則評論 · 258 張相片,4 個月前,4 顆星,裡面擺設很多元化還蠻好逛的推
花園夜市,CHENG SHENG Chen,在地嚮導 · 5 則評論 · 90 張相片,4 個月前,4 顆星,
花園夜市,Can Ciftci,8 則評論 · 1 張相片,4 個月前,5 顆星,
花園夜市,Elvira Vanda Utomo,在地嚮導 · 26 則評論 · 386 張相片,4 個月前,5 顆星,
花園夜市,志行陳,在地嚮導 · 257 則評論 · 305 張相片,4 個月前,4 顆星,週末人好多。
花園夜市,郭恆志,,4 個月前,5 顆星,
花園夜市,張庭睿,16 則評論 · 8 張相片,4 個月前,5 顆星,
花園夜市,Yen Ti Chiu (岩堤),在地嚮導 · 67 則評論 · 283 張相片,4 個月前,4 顆星,美食的部分不在話下，但靠近停車場的遊戲區例如彈珠台之類的，還有廁所的區域，抽菸的人有些多，邊玩邊吸二手煙，所以也不太喜歡小孩去，這部分目前也似乎無解，就是這樣才少給一顆星
花園夜市,秀芬,在地嚮導 · 26 則評論 · 17 張相片,4 個月前,5 顆星,"攤販很多～是台南好逛的夜市👍
東西也多樣化. …"
花園夜市,葉庭瑄,在地嚮導 · 14 則評論,4 個月前,5 顆星,
花園夜市,蔡凱翔,3 則評論 · 3 張相片,4 個月前,5 顆星,
花園夜市,戴晞紘,2 則評論 · 2 張相片,4 個月前,5 顆星,
花園夜市,妮兒,在地嚮導 · 54 則評論 · 247 張相片,4 個月前,5 顆星,"好久不敢來花園夜市
星期四寒流來襲
這天氣來逛最舒適了！ …"
花園夜市,J Girard,在地嚮導 · 24 則評論,4 個月前,5 顆星,
花園夜市,thang vutien,在地嚮導 · 5 則評論 · 20 張相片,4 個月前,2 顆星,非常加冕。
花園夜市,E.C Chen,"在地嚮導 · 233 則評論 · 1,844 張相片",4 個月前,1 顆星,"花園夜市 最爛的就是停車場規劃 跟這些奇特 ""看心情""放車的保全. 我繞了三次 排了三次 啊看到裡面完全沒有汽車在排隊要停車 就是不放行. 一定要開窗戶跟他們""請教"" 正常裡面就是能排兩排汽車等待 之前都有保全控管跟規劃 現在搞得完全空的 看到馬路一堆車要排隊進來也不放?? 請問 裡面空的 你讓8台汽車進去排隊 然後三角錐在擋起來. 這樣不就紓解外面一直在等的汽車 以及也有條件能跟汽車駕駛講 裡面排隊八台了. 這樣不就好了嗎??? 啊搞得裡面空的不讓排 外面馬路塞到爆炸 …"
花園夜市,黃建維,在地嚮導 · 208 則評論 · 457 張相片,4 個月前,5 顆星,好停車逛起來也就這樣子
花園夜市,紅色蜻蜓（飛在藍色天空）,11 則評論 · 7 張相片,4 個月前,5 顆星,
花園夜市,黃詩盈,在地嚮導 · 168 則評論 · 219 張相片,4 個月前,5 顆星,"大學時就讀這邊，常常過來。
現在與先生一起來逛，有另外一種感覺☺️"
花園夜市,劉庭羽,在地嚮導 · 23 則評論 · 7 張相片,4 個月前,5 顆星,
花園夜市,林寶忠,1 則評論 · 1 張相片,4 個月前,4 顆星,
花園夜市,吳佳穎,在地嚮導 · 75 則評論 · 87 張相片,4 個月前,4 顆星,人好多
花園夜市,Zed Kawabunga,在地嚮導 · 928 則評論 · 67 張相片,4 個月前,5 顆星,"晚上11點到，剛好路邊有停車位
買了螺絲粉跟甘草芭樂
整個夜市佔地很大"
花園夜市,林鬼王,1 則評論,4 個月前,5 顆星,好地方^_^
花園夜市,張進然,在地嚮導 · 4 則評論 · 935 張相片,4 個月前,5 顆星,
花園夜市,Andy Fan,1 則評論,4 個月前,5 顆星,
花園夜市,上帝の黑名單,在地嚮導 · 258 則評論 · 677 張相片,4 個月前,5 顆星,
花園夜市,陳志明,在地嚮導 · 9 則評論 · 34 張相片,4 個月前,5 顆星,
花園夜市,KUO CHUN (Jim),在地嚮導 · 20 則評論 · 4 張相片,4 個月前,3 顆星,
花園夜市,余師姐,在地嚮導 · 79 則評論 · 5 張相片,4 個月前,4 顆星,
花園夜市,小布布,在地嚮導 · 27 則評論 · 11 張相片,4 個月前,5 顆星,台南特色夜市
花園夜市,Jerry Cheng,在地嚮導 · 126 則評論 · 200 張相片,4 個月前,3 顆星,"攤位很多腹地很大，可惜相同的攤位太多，所以逛起來就沒有那麼多期待，擠了還沒一半就想要逃離。
有吃到一間黃金蝦球還不錯吃，可以建議大家去吃吃看，還有贈送兩個很特殊的炸薯球，吃起來口感很好。
另外膳品的香酥肉條跟排骨也是不錯的選擇，但是建議趁熱吃，不然冷掉會有點硬。
其它就很難有補充的，畢竟人擠人又重複性高，所以不太會有興趣再去體驗。"
花園夜市,山道狼 Rock The Road,"在地嚮導 · 88 則評論 · 9,225 張相片",4 個月前,4 顆星,停車場很大，汽機車停車很方便，還有大型重機專屬停車位喔！地方很大可以慢慢逛，五點多就有很多人來逛了，早點來人潮沒有很多比較好逛。
花園夜市,林恩綺,在地嚮導 · 9 則評論,4 個月前,5 顆星,很好逛，但有時候太多人，就會人擠人的
花園夜市,ChenEn Tsai,在地嚮導 · 304 則評論 · 585 張相片,4 個月前,5 顆星,"機車停車場進去靠中間走道的套圈圈強力推薦，母子倆人超好❤️小孩拿到喜歡的東西超開心~
有名滷味斜對面第二攤賣熱狗棒的老闆娘很大方可愛，也很友善跟孩子互動😊熱狗棒很好吃，裡面包的是德國熱狗(香腸)，連不吃粉漿熱狗棒的孩子居然吃光光。 …"
花園夜市,楊肥 Young Fat,在地嚮導 · 54 則評論 · 14 張相片,4 個月前,5 顆星,好買、好逛、好地方👌 …
花園夜市,Pilaiporn Ladawan,在地嚮導 · 3 則評論 · 139 張相片,4 個月前,4 顆星,
花園夜市,安安,在地嚮導 · 64 則評論 · 216 張相片,4 個月前,4 顆星,人很多 食物味道一般般
花園夜市,Summer,在地嚮導 · 192 則評論 · 347 張相片,4 個月前,5 顆星,夜市很大，娛樂項目也很多。  人很多，可看的、可吃的東西也很多。
花園夜市,何寶寶,在地嚮導 · 39 則評論 · 505 張相片,4 個月前,5 顆星,
花園夜市,野原廣志,在地嚮導 · 45 則評論 · 10 張相片,4 個月前,5 顆星,
花園夜市,Aming Liang,在地嚮導 · 115 則評論 · 53 張相片,4 個月前,4 顆星,"人潮洶湧,全區疏密不均,街藝表演較冷清,停汽車一位難求！"
花園夜市,胡庭瑄,在地嚮導 · 9 則評論,4 個月前,5 顆星,
花園夜市,jyun-syue Lin,在地嚮導 · 382 則評論 · 20 張相片,4 個月前,4 顆星,台南知名夜市，可惜走道太窄，不太適合帶小孩
花園夜市,朱寀寀,在地嚮導 · 77 則評論 · 56 張相片,4 個月前,2 顆星,四草蚵仔煎炒泡麵番茄醬甜到不行
花園夜市,H K (Konta),在地嚮導 · 177 則評論 · 306 張相片,4 個月前,4 顆星,"請注意，台南夜市並非每天開放！地點將在一周中的每一天確定。
這裡有販售遊戲、紀念品、衣服等的攤位。"
花園夜市,賴品豐,,4 個月前,5 顆星,
花園夜市,王嘉吟,5 則評論 · 2 張相片,4 個月前,5 顆星,
花園夜市,peng matt,,4 個月前,3 顆星,
花園夜市,Florian RICHE,在地嚮導 · 12 則評論 · 4 張相片,4 個月前,5 顆星,
花園夜市,林敬智,1 則評論,4 個月前,5 顆星,
花園夜市,陳翠華,在地嚮導 · 17 則評論,4 個月前,3 顆星,
花園夜市,宗32,在地嚮導 · 312 則評論 · 332 張相片,4 個月前,4 顆星,
花園夜市,徐瑋汝,在地嚮導 · 9 則評論 · 28 張相片,4 個月前,5 顆星,
花園夜市,Kidd Poon,在地嚮導 · 8 則評論 · 30 張相片,4 個月前,4 顆星,地方很大但食物一般，不覺得有地方特色
花園夜市,文大推廣部-張淯翔,1 則評論,4 個月前,5 顆星,
花園夜市,郡顯（Julian）,在地嚮導 · 119 則評論 · 26 張相片,4 個月前,5 顆星,"雖然很擠，但台南最熱門夜市不為過啦！
但有些遊玩類店家要小心，不要被敲詐了～"
花園夜市,LangYu,在地嚮導 · 10 則評論 · 3 張相片,4 個月前,5 顆星,
花園夜市,陳慧玲,在地嚮導 · 4 則評論 · 15 張相片,4 個月前,5 顆星,
花園夜市,木樵莫朽,在地嚮導 · 22 則評論 · 74 張相片,4 個月前,4 顆星,人超多
花園夜市,Jess Harmon,在地嚮導 · 107 則評論 · 125 張相片,4 個月前,5 顆星,
花園夜市,環祈寧,在地嚮導 · 18 則評論 · 5 張相片,4 個月前,5 顆星,
花園夜市,陳正貴,2 則評論,4 個月前,5 顆星,超多人的～增加景氣
花園夜市,陳駿豪,12 則評論 · 1 張相片,4 個月前,5 顆星,
花園夜市,侯達仁,在地嚮導 · 68 則評論 · 10 張相片,5 個月前,3 顆星,假日人好多 遊戲簡單輕鬆拿獎品
花園夜市,王癸文,在地嚮導 · 35 則評論 · 3 張相片,5 個月前,5 顆星,
花園夜市,余煉焰,在地嚮導 · 39 則評論 · 8 張相片,5 個月前,5 顆星,
花園夜市,昊,在地嚮導 · 26 則評論,5 個月前,5 顆星,
花園夜市,Chi Hong Hwang,"在地嚮導 · 342 則評論 · 1,643 張相片",5 個月前,4 顆星,熱鬧有趣的夜市，有許多不同的攤位。有很多可供選擇。這裡擠滿了人，但人們都很冷靜，並不煩躁。除非你坐在某些攤位的桌子旁，而你不打算在這些攤位上吃飯。  攤主的佔有慾很強，但最後也沒什麼大不了的。只是道歉地站起來然後走開。非常愉快。值得一遊。我們的優步司機告訴我們，穿過馬路到街對面的星巴克作為您的接客點。司機更容易找到你。無論如何，這是一家非常好的星巴克。有很多好座位。
花園夜市,林昱辰,在地嚮導 · 204 則評論 · 71 張相片,5 個月前,4 顆星,還行的夜市
花園夜市,Daniel Boivin,在地嚮導 · 32 則評論 · 18 張相片,5 個月前,5 顆星,熱鬧、各式各樣的攤位……非常忙碌……愉快的夜晚
花園夜市,蔡昀熙,在地嚮導 · 246 則評論 · 175 張相片,5 個月前,2 顆星,"人擠人，停車又貴
重點是攤位重覆性太高了，似乎沒什麼必要"
花園夜市,熊仙道,在地嚮導 · 23 則評論 · 29 張相片,5 個月前,5 顆星,
花園夜市,Y,在地嚮導 · 27 則評論 · 9 張相片,5 個月前,5 顆星,
花園夜市,洪基超,在地嚮導 · 66 則評論 · 23 張相片,5 個月前,5 顆星,台南熱門的夜市景點之一，回台南必訪的地點，不過人潮眾多，要預留足夠時間，才能好好享受在地美食的感覺。
花園夜市,Ferrum Wan,在地嚮導 · 154 則評論 · 822 張相片,5 個月前,4 顆星,
花園夜市,Wen Yi Lee,"在地嚮導 · 129 則評論 · 1,729 張相片",5 個月前,4 顆星,"北部人第一次初體驗，人潮洶湧
好吃的餐點挺多的 ～來台南一定要來逛吃！"
花園夜市,楊順發,1 則評論 · 3 張相片,5 個月前,5 顆星,
花園夜市,박재형,在地嚮導 · 98 則評論 · 198 張相片,5 個月前,5 顆星,能吃到各種各樣的食物真是太好了。人真多哈哈，不過我還是第一次在夜市看到這麼多美食哈哈。
花園夜市,雷超,在地嚮導 · 5 則評論 · 95 張相片,5 個月前,4 顆星,
花園夜市,慧子,在地嚮導 · 22 則評論 · 51 張相片,5 個月前,1 顆星,太慢來沒停車位時要注意、輪胎壓黃線會被拖吊。費用+罰單1800元、尤其是外縣市來的朋友別大意；機車也會哦！！！
花園夜市,蔡奇昇,在地嚮導 · 31 則評論 · 164 張相片,5 個月前,5 顆星,
花園夜市,Juan Acevedo,在地嚮導 · 152 則評論 · 812 張相片,5 個月前,5 顆星,
花園夜市,邱貴英,1 則評論,5 個月前,5 顆星,
花園夜市,an Y,在地嚮導 · 61 則評論 · 5 張相片,5 個月前,5 顆星,攤販多元 ，種類豐富。非常好逛
花園夜市,沙威龍,在地嚮導 · 24 則評論,5 個月前,5 顆星,
花園夜市,Glenda Tsai,在地嚮導 · 11 則評論 · 26 張相片,5 個月前,2 顆星,
花園夜市,Dinnes Wang,"在地嚮導 · 199 則評論 · 1,692 張相片",5 個月前,4 顆星,
花園夜市,Dason Dai,4 則評論 · 1 張相片,5 個月前,5 顆星,
花園夜市,張琬婷,在地嚮導 · 91 則評論 · 5 張相片,5 個月前,5 顆星,逛逛還行
花園夜市,Emma,在地嚮導 · 22 則評論 · 34 張相片,5 個月前,4 顆星,攤販很多，東西不錯吃，可惜素食較少。
花園夜市,吳野人,在地嚮導 · 14 則評論 · 3 張相片,5 個月前,5 顆星,
花園夜市,泓慶,在地嚮導 · 6 則評論 · 1 張相片,5 個月前,3 顆星,
花園夜市,菲歐（菲歐）,在地嚮導 · 28 則評論 · 351 張相片,5 個月前,5 顆星,很多吃的喝的玩的，整體不錯逛
花園夜市,許小小,在地嚮導 · 146 則評論 · 181 張相片,5 個月前,2 顆星,真的不便宜
花園夜市,潘郁佳,在地嚮導 · 13 則評論 · 58 張相片,5 個月前,5 顆星,
花園夜市,阿白,在地嚮導 · 35 則評論 · 115 張相片,5 個月前,5 顆星,"1.全壘打牛排（厚切牛排）
2.鮮奶麻糬（牛奶、花生、椰子）
3.鮮奶麻糬（可可） …"
花園夜市,楊雅涵,4 則評論 · 2 張相片,5 個月前,5 顆星,
花園夜市,呱呱,在地嚮導 · 14 則評論 · 49 張相片,5 個月前,5 顆星,❤️
花園夜市,Jeff Lin,在地嚮導 · 17 則評論,5 個月前,4 顆星,它很大而且充滿活力，除了食物之外還有一些當地的遊戲和商品。  食物的品質可能會好一點，但在台灣的品質方面可能排名第三或第四
花園夜市,陳彥綸,,5 個月前,5 顆星,
花園夜市,吳建興,,5 個月前,4 顆星,
花園夜市,慶勳陳,3 則評論 · 3 張相片,5 個月前,5 顆星,
花園夜市,任少,5 則評論,5 個月前,5 顆星,
花園夜市,Shin Hsun Chiu,在地嚮導 · 16 則評論 · 93 張相片,5 個月前,5 顆星,
花園夜市,陳琮凯,在地嚮導 · 37 則評論 · 238 張相片,5 個月前,5 顆星,
花園夜市,H H,在地嚮導 · 53 則評論 · 465 張相片,5 個月前,4 顆星,
花園夜市,Martyn McLachlan,在地嚮導 · 67 則評論 · 179 張相片,5 個月前,5 顆星,非常有趣的市場，提供各種各樣的食物和樂趣。數百個攤販在露天場所烹調許多道地的小菜。這是品嚐各種台灣和其他亞洲美食的絕佳機會，然後在許多攤位上購物，並在展會上享受一些樂趣！如果有機會的話真的值得一去。
花園夜市,Paula P,在地嚮導 · 25 則評論,5 個月前,4 顆星,我們週日去的，非常忙。有很多不同的小吃攤，價格也很合理。
花園夜市,"CHIN-CHIEN YANG, (MM)",在地嚮導 · 17 則評論 · 17 張相片,5 個月前,5 顆星,超好逛！逛到腿軟都逛不完！！！！
花園夜市,Yuchen Lin,7 則評論,5 個月前,5 顆星,
花園夜市,蔡易勳,在地嚮導 · 23 則評論 · 3 張相片,5 個月前,5 顆星,
花園夜市,少華,在地嚮導 · 104 則評論 · 982 張相片,5 個月前,4 顆星,
花園夜市,fiona chen,7 則評論 · 1 張相片,5 個月前,5 顆星,
花園夜市,林先平,在地嚮導 · 18 則評論 · 32 張相片,5 個月前,5 顆星,
花園夜市,vp krishnan,在地嚮導 · 37 則評論 · 149 張相片,5 個月前,5 顆星,最適合遊客享受的地方
花園夜市,Terry Cheng,8 則評論,5 個月前,5 顆星,一樣好逛，美食多！
花園夜市,蔡惠君,10 則評論,5 個月前,5 顆星,很不錯
花園夜市,吳雯萱,7 則評論 · 18 張相片,5 個月前,5 顆星,
花園夜市,高柏年,6 則評論,5 個月前,1 顆星,
花園夜市,林麗卿,在地嚮導 · 42 則評論 · 120 張相片,5 個月前,5 顆星,台南花園夜市集中道地小吃一定要來逛逛
花園夜市,terry Lee,在地嚮導 · 167 則評論 · 153 張相片,5 個月前,2 顆星,動線太擁擠，食材沒有特色，不推薦。。
花園夜市,wen,在地嚮導,5 個月前,5 顆星,
花園夜市,林元晟,3 則評論 · 5 張相片,5 個月前,5 顆星,
花園夜市,楊育陞,在地嚮導 · 11 則評論 · 11 張相片,5 個月前,5 顆星,
花園夜市,會員李,8 則評論,5 個月前,5 顆星,讚
花園夜市,臏,3 則評論 · 1 張相片,5 個月前,5 顆星,
花園夜市,iSunny Li,在地嚮導 · 35 則評論 · 58 張相片,5 個月前,5 顆星,
花園夜市,楊芳瑜,在地嚮導 · 13 則評論 · 14 張相片,5 個月前,5 顆星,
花園夜市,Hestye Maretha,在地嚮導 · 8 則評論 · 101 張相片,5 個月前,5 顆星,
花園夜市,林潁芊,3 則評論 · 1 張相片,5 個月前,5 顆星,
花園夜市,林憲廷,在地嚮導 · 29 則評論 · 59 張相片,5 個月前,1 顆星,越逛越不覺得好玩
花園夜市,阿華田,在地嚮導 · 7 則評論 · 46 張相片,5 個月前,5 顆星,
花園夜市,Hou Daniel,"在地嚮導 · 471 則評論 · 4,404 張相片",5 個月前,5 顆星,
花園夜市,余鮑伯,在地嚮導 · 45 則評論 · 554 張相片,5 個月前,5 顆星,食物多樣性、價格合理
花園夜市,Julla,在地嚮導 · 462 則評論 · 730 張相片,5 個月前,4 顆星,超愛逛的
花園夜市,藏井鹿,11 則評論 · 5 張相片,5 個月前,2 顆星,吃麵線旁邊的攤味店員一邊抽菸一邊準備食材！衛生堪慮！！(傍晚五點五十分左右）
花園夜市,Jason Lee,在地嚮導 · 25 則評論 · 5 張相片,5 個月前,5 顆星,
花園夜市,Chun-Hung,在地嚮導 · 57 則評論 · 204 張相片,5 個月前,5 顆星,東西很多，可是重複性高
花園夜市,欣儀（Baby 魚）,在地嚮導 · 18 則評論 · 5 張相片,5 個月前,5 顆星,
花園夜市,李延成,在地嚮導 · 6 則評論,5 個月前,4 顆星,
花園夜市,湯瑜葳,,5 個月前,5 顆星,
花園夜市,Stan,在地嚮導 · 26 則評論 · 24 張相片,5 個月前,5 顆星,在這個夜市真是一次很棒的體驗。小吃攤很好，排隊的時間不會太長。如果你和你的孩子一起來這個市場，你一定要參觀這個把乒乓球扔進罐子裡的遊戲，他們非常友善，實際上教了我們一個將球扔進罐子裡的投擲技巧。強烈推薦！
花園夜市,唐淑美,在地嚮導 · 16 則評論 · 5 張相片,5 個月前,5 顆星,
花園夜市,唐明輝,在地嚮導 · 15 則評論,5 個月前,5 顆星,
花園夜市,Anida Keng,在地嚮導 · 19 則評論 · 2 張相片,5 個月前,5 顆星,
花園夜市,GCC TW,在地嚮導 · 134 則評論 · 2 張相片,5 個月前,3 顆星,
花園夜市,Jane Lee,在地嚮導 · 10 則評論 · 1 張相片,5 個月前,5 顆星,
花園夜市,謝啟明,在地嚮導 · 66 則評論 · 58 張相片,5 個月前,4 顆星,還不錯就是停車位太少
花園夜市,World Explorer,"在地嚮導 · 356 則評論 · 6,360 張相片",5 個月前,5 顆星,這是當地最大的夜市，也是最擁擠的夜市。您可以體驗不同類型的小吃攤和異國美食。如果您訂購外賣，吃完食物後唯一可以扔掉袋子的地方是公共衛生間外。
花園夜市,ブルー3,"在地嚮導 · 760 則評論 · 2,801 張相片",5 個月前,5 顆星,一個有趣的地方
花園夜市,Lee Jia Sheng,在地嚮導 · 117 則評論 · 378 張相片,5 個月前,5 顆星,"小吃攤種類繁多，人潮洶湧。有太多的選擇，我確信你沒有足夠的胃來嘗試所有的食物。但有些食物只是一般。
有服裝、遊戲等攤位可供購物。當你在台南時一定要嘗試。"
花園夜市,冠智王,在地嚮導 · 15 則評論 · 12 張相片,5 個月前,5 顆星,"台南最大夜市非常熱鬧 美食好吃！
最印象深刻就這個起司炸馬鈴薯越吃越順，超好吃！ 一點都不膩！"
花園夜市,孙语汐Celestine,在地嚮導 · 82 則評論 · 222 張相片,5 個月前,5 顆星,攤位很多，有很多東西可以買，可以吃。價格不錯。
花園夜市,Tien Sy Luu,1 則評論,5 個月前,5 顆星,
花園夜市,鄭吉雄,"在地嚮導 · 11 則評論 · 3,208 張相片",5 個月前,4 顆星,
花園夜市,王坤琦,4 則評論 · 4 張相片,5 個月前,4 顆星,
花園夜市,HSIU YUAN YU,在地嚮導 · 20 則評論 · 6 張相片,5 個月前,5 顆星,
花園夜市,林子貴,在地嚮導 · 44 則評論 · 39 張相片,5 個月前,4 顆星,
花園夜市,Jason Jay,5 則評論 · 1 張相片,5 個月前,5 顆星,
花園夜市,Wenchi Chen,在地嚮導 · 261 則評論 · 554 張相片,5 個月前,5 顆星,
花園夜市,SHI-MIN ZHANG (Mire),"在地嚮導 · 933 則評論 · 5,146 張相片",5 個月前,3 顆星,怎麼可以沒有潤餅，但是刈包不錯欸
花園夜市,Bo-Ting Chan,在地嚮導 · 10 則評論 · 7 張相片,5 個月前,4 顆星,
花園夜市,楊雅婷,在地嚮導 · 18 則評論 · 26 張相片,5 個月前,5 顆星,
花園夜市,Lucas Hsu,在地嚮導 · 39 則評論 · 20 張相片,5 個月前,3 顆星,很多白癡會開車 交通超級爛
花園夜市,Esom,9 則評論 · 1 張相片,5 個月前,3 顆星,夏天超悶熱
花園夜市,徐振華,4 則評論,5 個月前,5 顆星,
花園夜市,Ly Se,在地嚮導 · 41 則評論 · 23 張相片,5 個月前,5 顆星,讚 美因子按摩不要去 是來推銷的
花園夜市,RACHELLE,5 則評論,5 個月前,5 顆星,
花園夜市,林釗宇,7 則評論 · 5 張相片,5 個月前,5 顆星,
花園夜市,Nkululeko Mthembu,,5 個月前,5 顆星,
花園夜市,南華水電工程行,在地嚮導 · 343 則評論 · 116 張相片,5 個月前,5 顆星,今晚沒開市
花園夜市,蔡元智,在地嚮導 · 30 則評論 · 15 張相片,5 個月前,5 顆星,
花園夜市,荳子發芽,在地嚮導 · 64 則評論 · 674 張相片,5 個月前,3 顆星,花園夜市的小吃平均都漲價10-20元，量也變少了，還是小北夜市好吃又相對便宜
花園夜市,財財,在地嚮導 · 62 則評論,5 個月前,3 顆星,停車場控管安全需加強，不是車子進去離開你的視線就沒注意了，要注意小朋友會不會突然跑出來的。
花園夜市,洪琬軫,10 則評論,5 個月前,4 顆星,
花園夜市,傅春榮,在地嚮導 · 55 則評論 · 34 張相片,5 個月前,4 顆星,
花園夜市,流浪狗,在地嚮導 · 351 則評論 · 156 張相片,5 個月前,3 顆星,"很大,攤子很多，也很多樣。但從前到現代的夜市，有一個共同點都沒改變，吃的喝的，口味實在不怎樣。"
花園夜市,宸宸（幸福平安）,"在地嚮導 · 1,096 則評論 · 9,656 張相片",5 個月前,4 顆星,"台南夜市口訣：大大武花大武花
以前唸書時在地人逛的夜市已經變成國際觀光夜市！
不過建議假日去 永大夜市這種小型夜市就好 …"
花園夜市,郭丁福,在地嚮導 · 48 則評論 · 71 張相片,5 個月前,5 顆星,
花園夜市,許宏凱,在地嚮導 · 12 則評論 · 55 張相片,5 個月前,5 顆星,
花園夜市,Rebecca Schwarzler,在地嚮導 · 16 則評論 · 26 張相片,5 個月前,4 顆星,
花園夜市,歐正義,在地嚮導 · 24 則評論 · 68 張相片,5 個月前,4 顆星,"提早四點多來，雖然攤子沒有100%開，但不會因為人潮眾多，浪費在排隊與等待的時間上面。
整體感覺還算可以。"
花園夜市,蕭小俐,16 則評論 · 3 張相片,5 個月前,5 顆星,"有喜歡吃的吉拿棒、玉米起司鯛魚燒
炭烤雞排醬有點甜
黑糖堅果煎餅不道地 …"
花園夜市,瑋瑋,10 則評論 · 5 張相片,5 個月前,5 顆星,好逛逛好吃
花園夜市,張小冰,在地嚮導 · 25 則評論,5 個月前,5 顆星,
花園夜市,七七,在地嚮導 · 22 則評論 · 35 張相片,5 個月前,5 顆星,春捲冰淇淋好吃！
花園夜市,鄞伯勳,在地嚮導 · 19 則評論 · 7 張相片,5 個月前,4 顆星,
花園夜市,淑娥,在地嚮導 · 72 則評論 · 1 張相片,5 個月前,4 顆星,攤位變少，重複性估高
花園夜市,謝依娟,在地嚮導 · 9 則評論 · 15 張相片,5 個月前,4 顆星,
花園夜市,孫兆賢,在地嚮導 · 3 則評論 · 40 張相片,5 個月前,3 顆星,
花園夜市,蘇沛嫺,在地嚮導 · 55 則評論 · 24 張相片,5 個月前,2 顆星,動線規劃不好，感覺有點差
花園夜市,許采瀅,"在地嚮導 · 137 則評論 · 7,834 張相片",5 個月前,2 顆星,
花園夜市,羅智華,在地嚮導 · 48 則評論 · 2 張相片,5 個月前,4 顆星,攤位種類很多，好吃好玩，值得推薦的夜市！
花園夜市,斑斑,在地嚮導 · 49 則評論 · 11 張相片,5 個月前,5 顆星,逛夜市好所在
花園夜市,竹科薪跪,在地嚮導 · 36 則評論 · 7 張相片,5 個月前,5 顆星,夜市都差不多是這樣
花園夜市,Alice,在地嚮導 · 365 則評論 · 210 張相片,5 個月前,5 顆星,推薦杏仁奶+肉丸
花園夜市,Jerry Lin,在地嚮導 · 14 則評論 · 2 張相片,5 個月前,3 顆星,
花園夜市,湯博鈞,4 則評論,5 個月前,5 顆星,人超多！攤位多！美食多！又好逛！只有讚！👍 …
花園夜市,Mike Wang,在地嚮導 · 188 則評論 · 453 張相片,5 個月前,3 顆星,
花園夜市,林憲,在地嚮導 · 12 則評論 · 11 張相片,5 個月前,5 顆星,
花園夜市,Claire Chen,在地嚮導 · 13 則評論 · 23 張相片,5 個月前,4 顆星,好多重覆的， 依舊好吃
花園夜市,小奕,在地嚮導 · 146 則評論 · 56 張相片,5 個月前,5 顆星,平日去逛夜市排隊附設停車場等約15分鐘，根本不需要再附近停每次150的私人停車場
花園夜市,Lara Latshaw,在地嚮導 · 177 則評論 · 146 張相片,5 個月前,4 顆星,
花園夜市,Edric Dean Jong,1 則評論,5 個月前,5 顆星,
花園夜市,Kc Ling,在地嚮導 · 2 則評論 · 39 張相片,5 個月前,5 顆星,
花園夜市,Dw,在地嚮導 · 35 則評論 · 14 張相片,5 個月前,5 顆星,
花園夜市,小彈簧,5 則評論 · 1 張相片,5 個月前,4 顆星,
花園夜市,黃洵琳,,5 個月前,4 顆星,
花園夜市,羅陳賢,在地嚮導 · 4 則評論,5 個月前,5 顆星,
花園夜市,鄭茂盛,在地嚮導 · 1 則評論,5 個月前,4 顆星,
花園夜市,林郁婷,7 則評論 · 2 張相片,5 個月前,5 顆星,
花園夜市,王樣,18 則評論,5 個月前,5 顆星,太多攤了，要分好幾次逛
花園夜市,Trading APA,,5 個月前,5 顆星,
花園夜市,Tsai Ray,4 則評論,5 個月前,2 顆星,
花園夜市,趴趴走,在地嚮導 · 31 則評論 · 36 張相片,5 個月前,4 顆星,很多攤，很好逛
花園夜市,辛沛宸,在地嚮導 · 17 則評論,5 個月前,4 顆星,
花園夜市,洪士涵,在地嚮導 · 11 則評論 · 38 張相片,5 個月前,5 顆星,
花園夜市,Jun Yi,4 則評論 · 3 張相片,5 個月前,5 顆星,
花園夜市,miu lai,在地嚮導 · 16 則評論 · 11 張相片,5 個月前,5 顆星,夜市必走台南花園夜市，什麼都想吃 😋 …
花園夜市,Stef Koster,在地嚮導 · 13 則評論 · 2 張相片,5 個月前,3 顆星,太大太忙了，不符合我的口味。無法輕易找到你想要的東西。氣氛很好
花園夜市,Chu慧娟,在地嚮導 · 34 則評論 · 102 張相片,5 個月前,5 顆星,吃喝玩樂樣樣行
花園夜市,朱健華,14 則評論,5 個月前,4 顆星,熱鬧
花園夜市,邱勇勝,在地嚮導 · 24 則評論 · 3 張相片,5 個月前,5 顆星,多樣台式小吃及異國風味料理
花園夜市,Jessie Kuo,在地嚮導 · 51 則評論 · 31 張相片,5 個月前,5 顆星,
花園夜市,白采縈,在地嚮導 · 3 則評論,5 個月前,5 顆星,
花園夜市,ちんたん,"在地嚮導 · 390 則評論 · 8,851 張相片",5 個月前,3 顆星,
花園夜市,Parker-TW (Deepbreath),在地嚮導 · 10 則評論,5 個月前,3 顆星,
花園夜市,夏智,在地嚮導 · 79 則評論 · 65 張相片,5 個月前,5 顆星,夜市很大，選擇琳琅滿目，有吃有玩不無聊，推薦一家酵素臭豆腐，皮酥裡嫩，老闆大方給很多泡菜
花園夜市,0 0,在地嚮導 · 192 則評論 · 287 張相片,5 個月前,3 顆星,停車費一次150
花園夜市,Claire W,在地嚮導 · 110 則評論 · 117 張相片,5 個月前,5 顆星,最有趣的台南夜市！一半吃的、一半用的，很好逛！可以待一下，停車方便！非常推薦
花園夜市,洪振祐,在地嚮導 · 67 則評論 · 405 張相片,5 個月前,5 顆星,
花園夜市,連武銘,在地嚮導 · 18 則評論 · 16 張相片,5 個月前,5 顆星,
花園夜市,依芙,,5 個月前,5 顆星,
花園夜市,Veegee C,"在地嚮導 · 1,125 則評論 · 14,132 張相片",5 個月前,4 顆星,場地很大、但環境不太理想
花園夜市,黃妙珍,在地嚮導 · 8 則評論 · 32 張相片,5 個月前,5 顆星,
花園夜市,alIce Liu,"在地嚮導 · 483 則評論 · 1,481 張相片",5 個月前,5 顆星,很讚的夜市
花園夜市,林和,3 則評論,5 個月前,5 顆星,
花園夜市,Winson Wang,在地嚮導 · 3 則評論 · 9 張相片,5 個月前,5 顆星,很直得來的夜市
花園夜市,陳文愷,在地嚮導 · 27 則評論 · 4 張相片,5 個月前,5 顆星,攤販人都很不錯，南部人的熱情
花園夜市,Neil,2 則評論,5 個月前,5 顆星,
花園夜市,Tracy,在地嚮導 · 3 則評論 · 18 張相片,5 個月前,4 顆星,
花園夜市,lan sun,"在地嚮導 · 155 則評論 · 1,207 張相片",5 個月前,5 顆星,
花園夜市,徐啟明,5 則評論 · 1 張相片,5 個月前,4 顆星,
花園夜市,Alice Yang,在地嚮導 · 30 則評論 · 57 張相片,5 個月前,4 顆星,"烤布蕾很好吃~老闆超會做生意的~~
嘉果水果茶很好喝，物美價廉
微微笑起司卷現點現做，雖然需要等待時間，但食物很好吃~絕不會失望的~CP值高
4星是因為...人太多了...但美食是不會讓人失望的喔~~"
花園夜市,陳君毅,在地嚮導 · 65 則評論 · 446 張相片,5 個月前,4 顆星,吃的東西非常多，太晚到排不到免費的停車場，正對面有停車場計次150元
花園夜市,Yi,在地嚮導 · 137 則評論 · 553 張相片,5 個月前,5 顆星,
花園夜市,王敬豪,2 則評論,5 個月前,5 顆星,
花園夜市,品豪,在地嚮導 · 8 則評論 · 15 張相片,5 個月前,5 顆星,
花園夜市,蔡逸蓁,"在地嚮導 · 175 則評論 · 1,015 張相片",5 個月前,4 顆星,"大大武花大武花
旅遊至此，正逢週四，所以很多人都趕到這裡來了
附近停車場大排長龍，找到的路邊停車，就需要走一段路 …"
花園夜市,aru sub,在地嚮導 · 39 則評論 · 2 張相片,5 個月前,5 顆星,
花園夜市,JJ JJ,2 則評論 · 1 張相片,5 個月前,5 顆星,
花園夜市,蔡振聰,13 則評論 · 3 張相片,5 個月前,5 顆星,人多
花園夜市,蔣小草,1 則評論,5 個月前,5 顆星,
花園夜市,陳靖薇,在地嚮導 · 22 則評論 · 3 張相片,5 個月前,5 顆星,很好逛，推
花園夜市,Le Thi Ly,6 則評論,5 個月前,5 顆星,
花園夜市,寬閔郭,在地嚮導 · 87 則評論 · 181 張相片,5 個月前,5 顆星,已購買、小孩愛吃、阿富師必吃！阿富師必吃！阿富師必吃！
花園夜市,Xiaorong Cai,在地嚮導 · 134 則評論 · 573 張相片,5 個月前,5 顆星,好懷念大學時代，花園夜市好熱鬧！
花園夜市,raffaella pratesi,"在地嚮導 · 424 則評論 · 1,425 張相片",5 個月前,5 顆星,非常好的市場
花園夜市,Cleveland,10 則評論 · 5 張相片,5 個月前,5 顆星,種類繁多，食物美味
花園夜市,邱智祥,7 則評論 · 3 張相片,5 個月前,2 顆星,
花園夜市,田珮宣,5 則評論 · 1 張相片,5 個月前,4 顆星,"美食多，
賣相佳，
車好停"
花園夜市,棉花糖,在地嚮導 · 402 則評論 · 510 張相片,5 個月前,4 顆星,好吃好逛好玩
花園夜市,蘇州賣鴨蛋,在地嚮導 · 36 則評論 · 1 張相片,5 個月前,5 顆星,美食很多，攤位很多，大推入口的麻辣鴨血還有滷雞腳以及肉條，超好吃
花園夜市,江德明,,5 個月前,5 顆星,
花園夜市,陳子翔,在地嚮導 · 47 則評論 · 42 張相片,5 個月前,5 顆星,夜市滿大的。可以逛但東西大家分着吃。不然吃不多很多東西
花園夜市,崧懋盛清潔器材 打蠟機 吸塵器 洗窗工具 環境清潔規劃,在地嚮導 · 11 則評論 · 66 張相片,5 個月前,5 顆星,東西好吃
花園夜市,台南在地狼,在地嚮導 · 48 則評論 · 45 張相片,5 個月前,5 顆星,逛街吃美食的好地方
花園夜市,Pilipala靜,在地嚮導 · 29 則評論 · 40 張相片,5 個月前,5 顆星,玩得很開心！！偷偷說，喜歡射氣球（槍）的可以每攤都去踩點XD 槍都試過了，準的！
花園夜市,秋天微涼,在地嚮導 · 10 則評論 · 10 張相片,5 個月前,5 顆星,星期四去人潮沒有假日多，美食攤位不少
花園夜市,林道,7 則評論,5 個月前,5 顆星,
花園夜市,江彥霆Tommy,在地嚮導 · 1 則評論 · 1 張相片,5 個月前,5 顆星,
花園夜市,餅乾兒,在地嚮導 · 33 則評論 · 4 張相片,5 個月前,5 顆星,
花園夜市,黃靖堯,在地嚮導 · 82 則評論 · 432 張相片,5 個月前,5 顆星,攤商重複性較低
花園夜市,沛錦吳,3 則評論,5 個月前,5 顆星,
花園夜市,何亭毅（讚讚）,在地嚮導 · 485 則評論 · 735 張相片,5 個月前,5 顆星,吃嘎快活 逛檜流汗✌️😅 …
花園夜市,吳佳龍,13 則評論,5 個月前,5 顆星,
花園夜市,藍文宏,在地嚮導 · 9 則評論 · 19 張相片,5 個月前,5 顆星,
花園夜市,張巧虎,"在地嚮導 · 549 則評論 · 3,321 張相片",5 個月前,5 顆星,
花園夜市,黃翊溱,5 則評論,5 個月前,5 顆星,
花園夜市,黃衣綾（Jolin1015）,2 則評論,5 個月前,5 顆星,
花園夜市,葉照勇,6 則評論,5 個月前,5 顆星,賣的種類很多
花園夜市,紜語,在地嚮導 · 47 則評論 · 68 張相片,5 個月前,4 顆星,
花園夜市,黃全茂,5 則評論,5 個月前,4 顆星,
花園夜市,Kristen Lee,5 則評論,5 個月前,5 顆星,
花園夜市,葉彥良,11 則評論 · 1 張相片,5 個月前,3 顆星,
花園夜市,賴床菇涼不想動,16 則評論,5 個月前,5 顆星,
花園夜市,陳俊廷,"在地嚮導 · 525 則評論 · 2,143 張相片",5 個月前,1 顆星,停車場20年不變，沒有照明設備，地板崎嶇不平，不曉得台灣的老百姓為什麼能忍受，如此雜亂不堪，却還說是台灣之光。
花園夜市,施博允,在地嚮導 · 45 則評論 · 7 張相片,5 個月前,5 顆星,
花園夜市,Lynn,在地嚮導 · 110 則評論 · 7 張相片,5 個月前,5 顆星,"只要假日到台南
總是會安排來趟花園夜市當作旅程的結尾
夜市很打 攤販種類相對多 …"
花園夜市,Frédéric H. Tran,在地嚮導 · 15 則評論,5 個月前,5 顆星,就像曼谷，但沒有爆炸
花園夜市,SSG,在地嚮導 · 14 則評論 · 7 張相片,5 個月前,5 顆星,
花園夜市,謝豐安,1 則評論 · 1 張相片,6 個月前,5 顆星,
花園夜市,張岑榆,在地嚮導 · 14 則評論 · 26 張相片,6 個月前,5 顆星,
花園夜市,Daisuke Nakazawa,"在地嚮導 · 400 則評論 · 1,991 張相片",6 個月前,5 顆星,"它很大，有很多商店，所以你不會感到無聊。

除非進店，否則沒有地方可以坐，所以我可以在店裡點主餐並帶其他飲料和小吃嗎？我問了店就帶進去了。"
花園夜市,ミツヒサクマノ,在地嚮導 · 14 則評論 · 187 張相片,6 個月前,4 顆星,
花園夜市,張馨鎂,5 則評論 · 4 張相片,6 個月前,5 顆星,
花園夜市,Grzegorz S,在地嚮導 · 11 則評論 · 3 張相片,6 個月前,4 顆星,"有很多不錯的食物選擇，很容易找到。
街頭小吃的價格與台灣各地相同。
非常擁擠而且吵鬧。可能會讓人不知所措，但這就是您對受歡迎的夜市的期望
大多數攤位沒有英文菜單，也不會說英語，但谷歌翻譯有幫助"
花園夜市,鄭名哥,在地嚮導 · 187 則評論 · 75 張相片,6 個月前,5 顆星,東西品項多到眼花繚亂，美味可口，果然是台南有名的夜市
花園夜市,吳乐多,1 則評論,6 個月前,5 顆星,
花園夜市,Google Map,在地嚮導 · 107 則評論 · 19 張相片,6 個月前,5 顆星,台南很大很大的夜市 很讚 目前逛過臺灣最好的夜市
花園夜市,Tai Jeff,在地嚮導 · 110 則評論 · 3 張相片,6 個月前,5 顆星,"在地宵夜好去處,如果周邊的交通在改善會更好"
花園夜市,Jerry Lin,"在地嚮導 · 430 則評論 · 1,316 張相片",6 個月前,5 顆星,"逛花園夜市已經有二十幾年，從舊址到現址，藝人歌星發表，叫賣哥紅到全國，不愧是台南第一夜市！
來花園夜市，您可以先谷歌哪些必吃美食、必玩遊戲，尤其是帶小朋友的別錯過啦！
從花園一路信步到神農街，暢遊台南是一定要的啦！"
花園夜市,Mg,6 則評論,6 個月前,5 顆星,很大
花園夜市,黃莉珺,6 則評論 · 3 張相片,6 個月前,5 顆星,
花園夜市,想兔,在地嚮導 · 4 則評論 · 3 張相片,6 個月前,4 顆星,
花園夜市,蔡政融,在地嚮導 · 3 則評論 · 7 張相片,6 個月前,4 顆星,
花園夜市,趙仁義,在地嚮導 · 8 則評論 · 383 張相片,6 個月前,3 顆星,假日人多擁擠，可前往湊湊熱鬧，享受寸步難行的感覺
花園夜市,Fitness,在地嚮導 · 193 則評論 · 372 張相片,6 個月前,2 顆星,攤販越來越多元，但排隊停車要進停車場管制不好，進停車場的路口說不能暫停在那等進去，要求再繞一圈重新排隊。
花園夜市,Aji,4 則評論,6 個月前,5 顆星,好的
花園夜市,林東明,9 則評論 · 6 張相片,6 個月前,5 顆星,好吃 好玩 好便宜
花園夜市,hanhan,15 則評論 · 1 張相片,6 個月前,5 顆星,
花園夜市,emma chen,在地嚮導 · 50 則評論 · 35 張相片,6 個月前,5 顆星,"攤販很多也有免費停車場，只是假日要排隊。
東西很好吃~"
花園夜市,Kenzie,在地嚮導 · 31 則評論 · 128 張相片,6 個月前,5 顆星,
花園夜市,Hugo Wong,在地嚮導 · 8 則評論 · 65 張相片,6 個月前,3 顆星,下雨天會太擠
花園夜市,廖素素,"在地嚮導 · 26 則評論 · 1,774 張相片",6 個月前,3 顆星,
花園夜市,張淳鈞,在地嚮導 · 29 則評論 · 6 張相片,6 個月前,4 顆星,有點擠
花園夜市,Arlen Lai,在地嚮導 · 140 則評論 · 206 張相片,6 個月前,5 顆星,"初訪解鎖，看網路必吃+經過有興趣試試看
都蠻好吃的 …"
花園夜市,黃阿里,在地嚮導 · 9 則評論 · 35 張相片,6 個月前,4 顆星,
花園夜市,王羿茜,在地嚮導 · 16 則評論 · 3 張相片,6 個月前,4 顆星,停車方便攤位多，只是假日不好找吃食，因為人多
花園夜市,NICK CHEN,9 則評論 · 2 張相片,6 個月前,4 顆星,
花園夜市,姿晴,在地嚮導 · 18 則評論 · 4 張相片,6 個月前,5 顆星,遊戲多，食物多，好玩又好吃
花園夜市,Mark Chiu,5 則評論,6 個月前,5 顆星,
花園夜市,張小玲,"在地嚮導 · 240 則評論 · 1,167 張相片",6 個月前,5 顆星,"汽機車都有免費停車空間
其實排一下還蠻快的
幅員廣大 …"
花園夜市,邱雅蘭,在地嚮導 · 19 則評論,6 個月前,5 顆星,"有時候想去本夜市去逛，買吃很滿意。
價格又漲，一樣味道不變。
但如果味道是否差異看個人自己會不會滿意。"
花園夜市,Po Po1,1 則評論,6 個月前,5 顆星,
花園夜市,吳小東,在地嚮導 · 5 則評論 · 8 張相片,6 個月前,4 顆星,
花園夜市,YuKe Liu,在地嚮導 · 45 則評論 · 41 張相片,6 個月前,3 顆星,"第一次到訪
免費停車場的規劃 有點詭異
可能要四點多就去才能排到 …"
花園夜市,吳穎忠,在地嚮導 · 11 則評論 · 1 張相片,6 個月前,5 顆星,
花園夜市,永春陳,在地嚮導 · 3 則評論 · 25 張相片,6 個月前,3 顆星,
花園夜市,Wei,在地嚮導 · 41 則評論 · 27 張相片,6 個月前,4 顆星,免費停車場車位很少，星期六晚上五點到已經沒位置，旁邊有計次150元停車場蠻方便的
花園夜市,Craig Bossley,"在地嚮導 · 624 則評論 · 4,768 張相片",6 個月前,5 顆星,熱鬧的大型夜市 - 美味的食物和中心位置
花園夜市,李明澔Ricky,在地嚮導 · 75 則評論 · 90 張相片,6 個月前,5 顆星,
花園夜市,林芸羽,2 則評論 · 4 張相片,6 個月前,5 顆星,
花園夜市,welson,在地嚮導 · 360 則評論 · 596 張相片,6 個月前,5 顆星,讚
花園夜市,宋秉昆,在地嚮導 · 9 則評論 · 44 張相片,6 個月前,5 顆星,
花園夜市,林三發,3 則評論,6 個月前,3 顆星,路面凹凸不平坑坑巴巴
花園夜市,施志銘,3 則評論 · 11 張相片,6 個月前,4 顆星,
花園夜市,黃翊華,5 則評論,6 個月前,5 顆星,
花園夜市,邱敏雪,在地嚮導 · 63 則評論 · 73 張相片,6 個月前,5 顆星,
花園夜市,陳俊昇,3 則評論,6 個月前,4 顆星,
花園夜市,kiki Lee,"在地嚮導 · 291 則評論 · 9,018 張相片",6 個月前,5 顆星,
花園夜市,黃章銘,在地嚮導 · 119 則評論 · 439 張相片,6 個月前,5 顆星,
花園夜市,楊嘉,16 則評論 · 4 張相片,6 個月前,1 顆星,"剛來看的時候，有一組客了買了一組，結果老闆說：「阿你這麼省喔？」

換我們看床包有什麼花色，老闆一直說因為是大陸製的已經很便宜了，我也是態度好好的說：「好的，我再看一下，謝謝。」並且也不是那種會煩人的亂翻或用得很亂。 …"
花園夜市,A BC,在地嚮導 · 23 則評論 · 10 張相片,6 個月前,5 顆星,
花園夜市,李佳蓓,在地嚮導 · 15 則評論 · 10 張相片,6 個月前,5 顆星,
花園夜市,ali tuncel,,6 個月前,4 顆星,
花園夜市,楊春庸,在地嚮導 · 201 則評論 · 141 張相片,6 個月前,4 顆星,重複率不高
花園夜市,Answer,11 則評論 · 3 張相片,6 個月前,5 顆星,
花園夜市,냉모밀,在地嚮導 · 16 則評論 · 8 張相片,6 個月前,5 顆星,當地居民很多都是家庭前來，所以推車很多，人也很多。
花園夜市,sayuri s,在地嚮導 · 10 則評論 · 12 張相片,6 個月前,5 顆星,人那麼多，食物也那麼多。太好吃了😋 …
花園夜市,tayyang Ho,"在地嚮導 · 258 則評論 · 1,012 張相片",6 個月前,3 顆星,人很多，吃的很豐富，很多攤位。
花園夜市,Anita Yang,在地嚮導 · 88 則評論 · 38 張相片,6 個月前,5 顆星,
花園夜市,吳宏貞,在地嚮導 · 52 則評論 · 61 張相片,6 個月前,4 顆星,"1.有專人交管停車的免費停車場.
2.賣的東西同質性太高，和北部夜市差異不大.
3.夜市內有規劃洗手間設施."
花園夜市,陳智翔,14 則評論 · 6 張相片,6 個月前,1 顆星,"爛！停車位少
周圍停車費貴單次150元"
花園夜市,黄黃仁愷,在地嚮導 · 86 則評論,6 個月前,5 顆星,美食應有盡有
花園夜市,WEIPEI LIU,"在地嚮導 · 804 則評論 · 2,475 張相片",6 個月前,5 顆星,在外圍停付費的私人停車場150元，速速買想吃的東西就離開，很多很多攤販，食物選擇很多樣，假日人潮爆炸。
花園夜市,BT,在地嚮導 · 102 則評論 · 232 張相片,6 個月前,3 顆星,
花園夜市,林玟妡（cucilli）,在地嚮導 · 34 則評論 · 227 張相片,6 個月前,4 顆星,
花園夜市,銘澤,在地嚮導 · 55 則評論 · 77 張相片,6 個月前,5 顆星,舊地重遊，人潮依舊，攤商倒是變化不大。
花園夜市,海鯨,1 則評論,6 個月前,5 顆星,
花園夜市,佩,在地嚮導 · 31 則評論 · 25 張相片,6 個月前,5 顆星,"人潮眾多
東西多樣"
花園夜市,陳一傑,3 則評論,6 個月前,5 顆星,
花園夜市,范義其,2 則評論,6 個月前,5 顆星,
花園夜市,陳麗雯,在地嚮導 · 57 則評論 · 83 張相片,6 個月前,4 顆星,
花園夜市,涂聖德,在地嚮導 · 74 則評論 · 602 張相片,6 個月前,5 顆星,
花園夜市,蔡淯仁,在地嚮導 · 9 則評論 · 4 張相片,6 個月前,5 顆星,
花園夜市,陳美凰,在地嚮導 · 28 則評論 · 27 張相片,6 個月前,5 顆星,好吃好玩好逛
花園夜市,B L,在地嚮導 · 74 則評論 · 96 張相片,6 個月前,4 顆星,夜市很大，人很多。食品和產品的品種有很多。
花園夜市,旅行小藍,"在地嚮導 · 894 則評論 · 5,595 張相片",6 個月前,3 顆星,已為夜市範圍很大，結果還好
花園夜市,賴宥亦,9 則評論 · 4 張相片,6 個月前,5 顆星,深深感受到在地人的熱情
花園夜市,吉吉,在地嚮導 · 37 則評論 · 139 張相片,6 個月前,3 顆星,很多攤販重複，個人覺得永大比較好逛
花園夜市,楊雅華,在地嚮導 · 18 則評論 · 8 張相片,6 個月前,5 顆星,
花園夜市,陳位榮,在地嚮導 · 48 則評論 · 221 張相片,6 個月前,5 顆星,"好吃好玩～～美食佷多…
大推～～～"
花園夜市,Jeffrey Gorissen,在地嚮導 · 148 則評論 · 623 張相片,6 個月前,5 顆星,
花園夜市,caramel,在地嚮導 · 39 則評論 · 109 張相片,6 個月前,4 顆星,
花園夜市,陳生凱,在地嚮導 · 19 則評論 · 3 張相片,6 個月前,4 顆星,
花園夜市,冠豪彭,"在地嚮導 · 185 則評論 · 1,161 張相片",6 個月前,4 顆星,
花園夜市,謝龍飛,在地嚮導 · 14 則評論 · 43 張相片,6 個月前,5 顆星,
花園夜市,俊玄,"在地嚮導 · 44 則評論 · 1,292 張相片",6 個月前,3 顆星,
花園夜市,西西,11 則評論,6 個月前,3 顆星,
花園夜市,18資二甲張利敏,6 則評論,6 個月前,5 顆星,好好吃好喜歡
花園夜市,賴帟綸,15 則評論 · 3 張相片,6 個月前,4 顆星,
花園夜市,孤獨,在地嚮導 · 5 則評論 · 169 張相片,6 個月前,5 顆星,
花園夜市,Leo Wangsanegara,4 則評論,6 個月前,5 顆星,
花園夜市,陳彥廷,在地嚮導 · 20 則評論 · 361 張相片,6 個月前,5 顆星,
花園夜市,黃鈺茗,14 則評論 · 1 張相片,6 個月前,3 顆星,普普，沒吃到拔絲地瓜有點太遺憾
花園夜市,Henry Weng,在地嚮導 · 33 則評論 · 12 張相片,6 個月前,5 顆星,
花園夜市,Elaine Huang,在地嚮導 · 107 則評論 · 141 張相片,6 個月前,4 顆星,
花園夜市,Joyce Li,在地嚮導 · 26 則評論 · 26 張相片,6 個月前,5 顆星,
花園夜市,Nicole,在地嚮導 · 37 則評論 · 75 張相片,6 個月前,4 顆星,雖然很多小吃，但是人太多了，無法好好逛，下次要換其他夜市逛。
花園夜市,徐筠筑,4 則評論 · 2 張相片,6 個月前,5 顆星,小小師傅學做輪圈
花園夜市,szkuan,"在地嚮導 · 146 則評論 · 1,118 張相片",6 個月前,3 顆星,
花園夜市,賴兩傳,在地嚮導 · 4 則評論 · 899 張相片,6 個月前,5 顆星,
花園夜市,蔡瑋真,在地嚮導 · 30 則評論 · 3 張相片,6 個月前,3 顆星,"假日人潮超爆多
停不到位置只好停隔壁單次150的停車（貴）
看了網上推的各種夜市美食，不過都有點雷 …"
花園夜市,ZY LIU,在地嚮導 · 72 則評論 · 73 張相片,6 個月前,4 顆星,攤位選擇多
花園夜市,C W,在地嚮導 · 29 則評論 · 2 張相片,6 個月前,5 顆星,好吃
花園夜市,Duc Than van,1 則評論,6 個月前,3 顆星,"呃
氮"
花園夜市,ธูปหอมมั่งมี,"在地嚮導 · 667 則評論 · 5,943 張相片",6 個月前,4 顆星,"這是一個相當大的夜市。各種食品還有各種飛鏢遊戲店
很多人來到這裡。"
花園夜市,Vivi Lin,在地嚮導 · 46 則評論 · 227 張相片,6 個月前,5 顆星,"大大武花大武花，每天都有夜市很幸福欸
✅印度炸餃造型的蔥抓餅， 特殊切口 導致邊緣封起，不知道是不是這個因素，導致裡面空氣感炸起來變的膨膨，吃起來像炸的超酥的甜不辣一點也不覺得油，好推!👍
➡️點了碳烤雞排 ， 台中還是比較厲害一點。 …"
花園夜市,黃照茹,在地嚮導 · 38 則評論 · 20 張相片,6 個月前,5 顆星,人很多~
花園夜市,曾熊熊熊熊,在地嚮導 · 22 則評論 · 79 張相片,6 個月前,5 顆星,
花園夜市,Ashley Wu,在地嚮導 · 31 則評論 · 3 張相片,6 個月前,4 顆星,
花園夜市,楊梅英,,6 個月前,3 顆星,
花園夜市,瑞瑞（Rich）,在地嚮導 · 88 則評論 · 589 張相片,6 個月前,5 顆星,人好多呦
花園夜市,陳彥承,在地嚮導 · 85 則評論 · 53 張相片,6 個月前,5 顆星,車位很多，而且免費😍😍各家攤販旗幟昭展，吃得東西說真的不會很雷價格也比北部便宜些我很喜歡，夜市逛起來也不像北部那麼擁擠，讚讚 …
花園夜市,徐橖檒,在地嚮導 · 96 則評論 · 20 張相片,6 個月前,3 顆星,人太多了難逛
花園夜市,Kiki Tu,在地嚮導 · 117 則評論 · 88 張相片,6 個月前,4 顆星,"週日去還是一樣很多人，有免費停車場🅿️不過滿了就要找附近停，不一定要停付費，機車比較好停位置很多
二師傅雞腳好吃，內臟類很鹹（小份30，大份50）
臭豆腐好吃，麻糬冰也很不錯$60 …"
花園夜市,張哲碩,1 則評論,6 個月前,5 顆星,
花園夜市,何怡葶,4 則評論 · 4 張相片,6 個月前,1 顆星,在日出極光買一杯清茶，喝到一隻蟲子。超噁
花園夜市,揚Wu,在地嚮導 · 83 則評論 · 91 張相片,6 個月前,4 顆星,
花園夜市,Hauki Ryo,在地嚮導 · 12 則評論 · 5 張相片,6 個月前,4 顆星,
花園夜市,Abbie Chuang,在地嚮導 · 33 則評論 · 25 張相片,6 個月前,4 顆星,第一次逛台南的夜市有被驚艷到，空間感很大機車位很多，玩遊戲的攤位很多環境不會壅擠。反觀吃的攤位人多就有點擠，只能小碎步前進，當天吃了章魚燒、糖葫蘆、炸杏鮑菇、地瓜球、冬瓜茶，店家忘記拍，但口味都給過。
花園夜市,Joy Su,在地嚮導 · 136 則評論 · 235 張相片,6 個月前,5 顆星,"吃東西的好地方😋
我愛逛夜市 …"
花園夜市,Nikki W,在地嚮導 · 92 則評論 · 40 張相片,6 個月前,5 顆星,人很多，周邊停車場150/次，沒有等很久，夜市沒有套圈圈🤣 …
花園夜市,HSIAO CHIN CHIEN,在地嚮導 · 144 則評論 · 41 張相片,6 個月前,5 顆星,停車場管理的不錯，以這種人流量來說，我只能說保全很辛苦，車子真的很多，廁所比較髒，男生廁所居然是小便斗一條通，現在是90年代嗎？
花園夜市,そた,在地嚮導 · 14 則評論 · 12 張相片,6 個月前,5 顆星,
花園夜市,ye Z,在地嚮導 · 5 則評論 · 7 張相片,6 個月前,5 顆星,👍 …
花園夜市,鄭禮忠,"在地嚮導 · 9 則評論 · 5,490 張相片",6 個月前,3 顆星,
花園夜市,黃淑芳,在地嚮導 · 5 則評論 · 6 張相片,6 個月前,1 顆星,今天買炸蝦球’裡面有隻小悉蟀.而且吃起來不新鮮
花園夜市,丸子,3 則評論,6 個月前,5 顆星,
花園夜市,林琡惠,2 則評論 · 1 張相片,6 個月前,5 顆星,很好逛的地方
花園夜市,owlbruce owl,在地嚮導 · 276 則評論 · 785 張相片,6 個月前,4 顆星,感覺變小了
花園夜市,piggod (Seaweed),在地嚮導 · 15 則評論 · 16 張相片,6 個月前,5 顆星,
花園夜市,John Lee,在地嚮導 · 15 則評論 · 21 張相片,6 個月前,1 顆星,建議不要去他附設免費停車場停車，明明裡面有位子車子也有進出然後管理人員就跟你說滿了，重點我還排隊等了20幾分鐘了，可能我遇到的管理人員很累吧，不然停那麼多次，我也第一次遇到，還是保守起見去停付費的比較實在，別浪費時間
花園夜市,巫曉嵐,在地嚮導 · 19 則評論 · 85 張相片,6 個月前,4 顆星,吃吃喝喝玩玩很多，因為很早到，下午四點左右，攤位還在擺攤，不用排隊，剛好有免費停車位，也有公用洗手間，很方便
花園夜市,Young Yoon,"在地嚮導 · 488 則評論 · 2,010 張相片",6 個月前,4 顆星,至少好像是台南最大的了...好像是攤販輪流營業...可以看到其他夜市裡看到的後卡杜...人很多...不過只營業3天，週四周六週日...當地人比遊客多...章魚燒店好像有幾家，其中一家是日本人開的，我覺得比田崎市場賣的有名的章魚燒好吃... …
花園夜市,wen ace,在地嚮導 · 3 則評論 · 21 張相片,6 個月前,5 顆星,
花園夜市,鍾珮芬,3 則評論,6 個月前,5 顆星,
花園夜市,Super P,在地嚮導 · 32 則評論 · 3 張相片,6 個月前,4 顆星,
花園夜市,劉丹,在地嚮導 · 23 則評論 · 23 張相片,6 個月前,5 顆星,很棒的地方，食物很多味道不錯很熱鬧。
花園夜市,高雄ジュジュ（TAKAOJUJU）,"在地嚮導 · 948 則評論 · 16,932 張相片",6 個月前,4 顆星,東西偏貴 觀光客夜市
花園夜市,孫志男,"在地嚮導 · 6 則評論 · 1,646 張相片",6 個月前,4 顆星,
花園夜市,peter ko,在地嚮導 · 22 則評論 · 16 張相片,6 個月前,4 顆星,放假散心的好地點，突然想吃點什麼來這裡總能找到
花園夜市,Macarona Chang,在地嚮導 · 140 則評論 · 460 張相片,6 個月前,3 顆星,二師兄好吃 其他還好
花園夜市,李維凡,在地嚮導 · 94 則評論 · 65 張相片,6 個月前,5 顆星,
花園夜市,李建毅,6 則評論 · 1 張相片,6 個月前,5 顆星,
花園夜市,李昀翰,在地嚮導 · 9 則評論 · 135 張相片,6 個月前,5 顆星,
花園夜市,Hao,在地嚮導 · 29 則評論 · 6 張相片,6 個月前,5 顆星,
花園夜市,Firas El-Hamed,在地嚮導 · 27 則評論 · 42 張相片,6 個月前,5 顆星,
花園夜市,Yu Zong,4 則評論 · 2 張相片,6 個月前,2 顆星,
花園夜市,Nearra Yx Tng,在地嚮導 · 33 則評論 · 26 張相片,6 個月前,5 顆星,
花園夜市,秋啾啾,"在地嚮導 · 193 則評論 · 1,894 張相片",6 個月前,5 顆星,很棒的花園夜市！一直想來一直來
花園夜市,UncleJohn,在地嚮導 · 233 則評論 · 41 張相片,6 個月前,5 顆星,優點： 台灣最好的夜市之一 缺點： 相當昂貴
花園夜市,王靖涵,在地嚮導 · 6 則評論,6 個月前,4 顆星,
花園夜市,Swealen Dai,在地嚮導 · 432 則評論 · 891 張相片,6 個月前,5 顆星,
花園夜市,偉郁,2 則評論,6 個月前,5 顆星,
花園夜市,蔡侑穎,,6 個月前,5 顆星,
花園夜市,蘇紘億,在地嚮導 · 48 則評論 · 117 張相片,6 個月前,5 顆星,
花園夜市,Kelvin Wei,在地嚮導 · 358 則評論 · 39 張相片,6 個月前,4 顆星,週四、六、日開市，非常限量停車位，建議搭車或計程車前往！攤位很多、人也很多，很難一次逛完…
花園夜市,廖億儒,在地嚮導 · 14 則評論 · 8 張相片,6 個月前,5 顆星,非常熱鬧眾多小吃啊，推薦鮮奶紅茶
花園夜市,楊騰,1 則評論,6 個月前,5 顆星,
花園夜市,涵涵,在地嚮導 · 44 則評論 · 18 張相片,6 個月前,3 顆星,
花園夜市,惟,5 則評論 · 1 張相片,6 個月前,5 顆星,
花園夜市,Wu Stefano,在地嚮導 · 24 則評論 · 3 張相片,6 個月前,4 顆星,
花園夜市,雯.,在地嚮導 · 7 則評論 · 21 張相片,6 個月前,4 顆星,
花園夜市,阿寶Google,在地嚮導 · 30 則評論 · 9 張相片,6 個月前,3 顆星,
花園夜市,Z.Y Lin,在地嚮導 · 22 則評論 · 21 張相片,6 個月前,5 顆星,
花園夜市,Paulina Tracz,在地嚮導 · 43 則評論 · 52 張相片,6 個月前,5 顆星,多種美味食物可供選擇，價格優惠。我推薦！
花園夜市,鍾秉誠,"在地嚮導 · 399 則評論 · 2,704 張相片",6 個月前,5 顆星,仔細找的話還是有很多良心店家😂 …
花園夜市,Mee Tseng,在地嚮導 · 66 則評論 · 6 張相片,6 個月前,5 顆星,天王牛排，老闆很熱情，服務態度很好，請老闆幫我醬分開也沒有不耐煩，還聽到隔壁有人要筷子，老闆也都笑笑的，有機會會再去光顧，紅茶好喝，玉米濃湯還好，豬排ok👍👍👍 …
花園夜市,Shelly _,在地嚮導 · 19 則評論 · 10 張相片,6 個月前,5 顆星,
花園夜市,444C林政全,8 則評論,6 個月前,5 顆星,
花園夜市,ドリアンキャット,6 則評論 · 18 張相片,6 個月前,3 顆星,瀏覽日期：2024 年 9 月 28 日。反正人太多了，走路都困難。也許是巧合，但我吃的食物的味道並不如台北街頭大排檔的食物好。對於喜歡熱鬧氣氛的人來說可能會很好。
花園夜市,慧寶,"在地嚮導 · 502 則評論 · 7,770 張相片",6 個月前,5 顆星,多了好多新的攤位喔
花園夜市,YI En,5 則評論 · 1 張相片,6 個月前,1 顆星,無敵袋奶口氣超差
花園夜市,Lang Rick,在地嚮導 · 18 則評論 · 12 張相片,6 個月前,5 顆星,烤魚、大腸麵線、雞腿排🥰🥰🥰 …
花園夜市,李明儒,5 則評論 · 6 張相片,6 個月前,4 顆星,
花園夜市,楊過,,6 個月前,5 顆星,
花園夜市,uin Lin,在地嚮導 · 128 則評論 · 30 張相片,6 個月前,5 顆星,很推二師兄滷雞腳🥴 …
花園夜市,邱曼婷,3 則評論 · 1 張相片,6 個月前,5 顆星,
花園夜市,大湯姆,在地嚮導 · 33 則評論 · 15 張相片,6 個月前,1 顆星,故意不讓車子停進去免費停車場，有圖利附近收費停車場的嫌疑
花園夜市,ChiaYen,"在地嚮導 · 46 則評論 · 3,612 張相片",6 個月前,4 顆星,
花園夜市,Soraya M,在地嚮導 · 23 則評論 · 7 張相片,6 個月前,3 顆星,無論您走到哪裡，都有友好或不太友好的供應商提供美味的食物。週末的體驗感覺非常匆忙、超級緊張和擁擠——儘管人群的運動有某種秩序——並且除非你在賭博區贏了啤酒，否則不可能在任何地方買到啤酒。如果你喜歡人群，那可能很棒！
花園夜市,范先怡,1 則評論,6 個月前,5 顆星,
花園夜市,林大樹,在地嚮導 · 7 則評論,6 個月前,4 顆星,晚點入場可以讓自己更享受店家服務
花園夜市,許小慶,在地嚮導 · 38 則評論 · 33 張相片,6 個月前,4 顆星,
花園夜市,吳Luke,3 則評論,6 個月前,5 顆星,
花園夜市,Jun Tong Dong,在地嚮導 · 18 則評論 · 1 張相片,6 個月前,5 顆星,
花園夜市,joy chang,在地嚮導 · 34 則評論 · 13 張相片,6 個月前,5 顆星,剛好有看影片說花園夜市被評為不太好夜市，結果來了之後覺得還不錯呀～誤評了吧😅 …
花園夜市,周鐘鈴,在地嚮導 · 1 則評論,6 個月前,3 顆星,
花園夜市,某某,在地嚮導 · 4 則評論,6 個月前,4 顆星,
花園夜市,許明仁,3 則評論 · 2 張相片,6 個月前,5 顆星,
花園夜市,笑笑,在地嚮導 · 13 則評論 · 8 張相片,6 個月前,5 顆星,人多，吃的沒幾樣我喜歡的
花園夜市,陳冠霖,在地嚮導 · 5 則評論 · 3 張相片,6 個月前,5 顆星,
花園夜市,締筠,在地嚮導 · 18 則評論 · 8 張相片,6 個月前,5 顆星,"好玩 尤其是弓箭攤 老闆很大方
賣滷味的那家很大的真的蠻厲害的
機車好停 …"
花園夜市,江麗錦,在地嚮導 · 102 則評論 · 138 張相片,6 個月前,3 顆星,
花園夜市,鄭沛恩,在地嚮導 · 80 則評論 · 41 張相片,6 個月前,5 顆星,
花園夜市,黃桑.,3 則評論 · 1 張相片,6 個月前,5 顆星,
花園夜市,Kelly,在地嚮導 · 184 則評論 · 879 張相片,6 個月前,5 顆星,"終於來朝聖台南的指標性夜市-花園夜市
吃的東西還蠻多的有三排，我跟朋友是每樣都吃一點一點吃了非常多樣，幾乎都沒吃到什麼雷的，難怪花園夜市這麼多人來逛，比較推薦的是 …"
花園夜市,陳信宏,2 則評論 · 12 張相片,6 個月前,5 顆星,
花園夜市,Drako Chia,在地嚮導 · 99 則評論 · 47 張相片,6 個月前,5 顆星,"我去過台灣最好的夜市之一。可以說這是台南最好的。

10/10 建議來。非常大的夜市，充滿了美食和遊戲！"
花園夜市,阿華,6 則評論,6 個月前,4 顆星,攤位蠻多重複的感覺沒有特別的
花園夜市,趙娃娃,2 則評論 · 17 張相片,6 個月前,5 顆星,
花園夜市,潘惠娟,6 則評論,6 個月前,5 顆星,
花園夜市,邱惠玲,在地嚮導 · 13 則評論 · 1 張相片,6 個月前,5 顆星,
花園夜市,蔡以倢,在地嚮導 · 44 則評論 · 166 張相片,6 個月前,5 顆星,覓食與小孩玩樂的好地方
花園夜市,施儒龍,在地嚮導 · 10 則評論 · 248 張相片,6 個月前,5 顆星,
花園夜市,蔡玉靈,3 則評論 · 4 張相片,6 個月前,4 顆星,
花園夜市,LIU湧,"在地嚮導 · 563 則評論 · 3,464 張相片",6 個月前,4 顆星,找美食的好去處
花園夜市,小華,在地嚮導 · 50 則評論 · 26 張相片,6 個月前,5 顆星,烤魚 菊花茶 蚵仔煎 我的愛
花園夜市,孫瑞霞,,6 個月前,4 顆星,
花園夜市,黃郁惠,在地嚮導 · 20 則評論 · 1 張相片,6 個月前,5 顆星,
花園夜市,Hanags,在地嚮導 · 67 則評論 · 16 張相片,6 個月前,3 顆星,
花園夜市,謝娸文,5 則評論 · 1 張相片,6 個月前,4 顆星,
花園夜市,鄭沂淋（Yi Lin）,在地嚮導 · 4 則評論 · 11 張相片,6 個月前,5 顆星,
花園夜市,金,6 則評論 · 1 張相片,6 個月前,5 顆星,美食多樣化，遊戲區域好玩
花園夜市,lemon,在地嚮導 · 162 則評論 · 837 張相片,6 個月前,5 顆星,"一個很大的夜市，食物種類很多。絕對是台南必去的夜市。我很喜歡在其中一個攤位吃的臭豆腐，這可能是我在台灣吃過的最好的臭豆腐之一。

我建議在那裡打優步，因為那裡非常擁擠，尤其是在週末。街對面就有一家星巴克，是上車或下車的好地方。"
花園夜市,裹腳鴻,1 則評論 · 1 張相片,6 個月前,5 顆星,
花園夜市,Y P,在地嚮導 · 94 則評論 · 258 張相片,6 個月前,4 顆星,
花園夜市,賴虎葳,在地嚮導 · 18 則評論 · 4 張相片,6 個月前,4 顆星,
花園夜市,Bonnie Lee,在地嚮導 · 23 則評論 · 1 張相片,6 個月前,5 顆星,
花園夜市,幼犬,11 則評論,6 個月前,5 顆星,
花園夜市,林裘裘,在地嚮導 · 16 則評論 · 10 張相片,6 個月前,5 顆星,
花園夜市,F 皇 (獨自呢喃的鬼),在地嚮導 · 114 則評論 · 676 張相片,6 個月前,5 顆星,"來的花園夜市，有個免費停車場，本來以為要等很久，沒想到有個不好停的那一排，給我一個位子，光停車大概弄了我5分鐘！
逛了一圈決定先吃個夜市三寶的蚵仔煎，阿三哥這個真的好吃，酥皮的！重點是他的菜跟蚵仔蛋搭配的穠纖合度，有脆的皮、有蔬菜的水，蚵仔的鮮醒，蛋的焦香！拍案叫絕，我可以為了吃它再來！ …"
花園夜市,Orlanne Pastel,1 則評論,6 個月前,5 顆星,
花園夜市,王天送,3 則評論,6 個月前,5 顆星,
花園夜市,湯禾,在地嚮導 · 76 則評論 · 20 張相片,6 個月前,5 顆星,每個月都會來逛一次
花園夜市,葉家捷（網銷部）,在地嚮導 · 25 則評論 · 3 張相片,6 個月前,5 顆星,這邊買好停車的 不錯 平日適合來
花園夜市,Kelly,15 則評論 · 2 張相片,6 個月前,5 顆星,很多美食，可惜自己胃不夠大😅 …
花園夜市,Zhen Wei,在地嚮導 · 27 則評論,6 個月前,5 顆星,
花園夜市,AY,4 則評論,6 個月前,4 顆星,
花園夜市,吳采玲,在地嚮導 · 21 則評論 · 55 張相片,6 個月前,5 顆星,
花園夜市,保瑞,"在地嚮導 · 619 則評論 · 1,921 張相片",6 個月前,5 顆星,美食多也很好逛的大夜市
花園夜市,游傑志,1 則評論,6 個月前,4 顆星,
花園夜市,吳孟樺,16 則評論 · 1 張相片,6 個月前,3 顆星,人潮很多，但攤販重複性好高，有點沒那麼豐富
花園夜市,王建中,在地嚮導 · 8 則評論 · 13 張相片,6 個月前,5 顆星,
花園夜市,蘇尚柏,在地嚮導 · 16 則評論 · 2 張相片,6 個月前,5 顆星,
花園夜市,余畹靖,"在地嚮導 · 213 則評論 · 1,255 張相片",6 個月前,5 顆星,超級久沒來了，依舊好逛好買好玩
花園夜市,周春滿,在地嚮導 · 4 則評論 · 10 張相片,6 個月前,5 顆星,
花園夜市,Wisely Xiao,"在地嚮導 · 237 則評論 · 10,480 張相片",6 個月前,4 顆星,
花園夜市,Erik DOE,在地嚮導 · 234 則評論 · 26 張相片,6 個月前,5 顆星,
花園夜市,鄭宇成,6 則評論 · 14 張相片,6 個月前,5 顆星,
花園夜市,橘樹Jim Ou,"在地嚮導 · 286 則評論 · 3,873 張相片",6 個月前,1 顆星,"每個台南人心中都有一個自己喜歡的夜市，很明顯的花園是屬於觀光客。
太多人在排隊，想吃的排不到，食物很吸引人，但擁擠的排隊人潮，實在讓我沒有勇氣嘗試。"
花園夜市,呂寓楷,在地嚮導 · 11 則評論 · 3 張相片,6 個月前,4 顆星,
花園夜市,許倍源,6 則評論 · 7 張相片,6 個月前,4 顆星,
花園夜市,Nick Fan,在地嚮導 · 17 則評論 · 41 張相片,6 個月前,5 顆星,
花園夜市,黃宥翔,在地嚮導 · 24 則評論 · 7 張相片,6 個月前,5 顆星,
花園夜市,陳瑋瑋,在地嚮導 · 12 則評論 · 8 張相片,6 個月前,5 顆星,
花園夜市,南方酒徒,在地嚮導 · 157 則評論 · 111 張相片,6 個月前,4 顆星,人山人海的超大夜市
花園夜市,默,在地嚮導 · 230 則評論 · 456 張相片,6 個月前,2 顆星,少了不少攤位 沒有以往那麼熱鬧了
花園夜市,Ler,10 則評論,6 個月前,5 顆星,
花園夜市,鄭雪童,9 則評論,6 個月前,5 顆星,
花園夜市,Mandy Yen,8 則評論 · 5 張相片,6 個月前,5 顆星,2024/09/05-26射氣球攤位號碼32老闆說因為員工離職沒寄出願意補寄一隻綠色青蛙吾皇喵娃娃很感謝善良的老闆和倲倲姓名貼的老闆都是好人！台灣最美的風景！希望大家都能開開心心地逛花園夜市！
花園夜市,陳士華,在地嚮導 · 57 則評論 · 89 張相片,6 個月前,5 顆星,從小來到大的夜市，我很喜歡。
花園夜市,Captain Otto,在地嚮導 · 148 則評論 · 748 張相片,6 個月前,5 顆星,我在台南的第一個晚上就參觀了這個花園夜市。夜市很大，很擁擠，有很多攤位，提供美味的食物和飲料。我很喜歡台灣夜市，氣氛和攤位老闆都很棒。
花園夜市,Thibault Brou,在地嚮導 · 18 則評論 · 1 張相片,6 個月前,4 顆星,
花園夜市,思清,在地嚮導 · 98 則評論 · 696 張相片,6 個月前,4 顆星,"夜市旁有汽機車停車場，週六六點多騎車去是要隨著隊伍進去但還找的到一點位置的程度。

停車場旁有廁所跟子母車，沒進去廁所不確定衛生環境如何。有動線規劃跟出口，不過人流不一定會一樣。 …"
花園夜市,蘇祥勳,3 則評論,6 個月前,5 顆星,讚
花園夜市,仲永平,6 則評論,6 個月前,4 顆星,攤位多，吃的跟遊戲很盡興
花園夜市,Oscar,7 則評論 · 9 張相片,6 個月前,5 顆星,
花園夜市,沐田工程有限公司,在地嚮導 · 6 則評論 · 12 張相片,7 個月前,4 顆星,
花園夜市,無,在地嚮導 · 44 則評論 · 103 張相片,7 個月前,5 顆星,
花園夜市,穎叡陳,1 則評論,7 個月前,4 顆星,
花園夜市,楊美玲,在地嚮導 · 88 則評論 · 39 張相片,7 個月前,5 顆星,那麼多好吃好玩的你能不來嗎？
花園夜市,蔡漢娜,15 則評論 · 7 張相片,7 個月前,5 顆星,
花園夜市,Kelly Li,在地嚮導 · 50 則評論 · 582 張相片,7 個月前,5 顆星,
花園夜市,吳碧霖,"在地嚮導 · 17 則評論 · 5,196 張相片",7 個月前,4 顆星,
花園夜市,ERIC Y,在地嚮導 · 29 則評論 · 5 張相片,7 個月前,5 顆星,
花園夜市,Nase Cheng,在地嚮導 · 10 則評論 · 23 張相片,7 個月前,5 顆星,
花園夜市,li-jing LU,在地嚮導 · 27 則評論 · 47 張相片,7 個月前,4 顆星,
花園夜市,黃鉅育,2 則評論,7 個月前,5 顆星,
花園夜市,赫菈菈,1 則評論,7 個月前,5 顆星,
花園夜市,王振旭,6 則評論 · 1 張相片,7 個月前,2 顆星,
花園夜市,Harshit Prabhakar,,7 個月前,4 顆星,
花園夜市,蕭玉如,3 則評論,7 個月前,5 顆星,
花園夜市,甕窯雞,在地嚮導 · 11 則評論 · 2 張相片,7 個月前,5 顆星,
花園夜市,Jack Lee,在地嚮導 · 249 則評論 · 804 張相片,7 個月前,5 顆星,"好逛好買，攤家數也多，
旁邊有一個小小的免費停車場，周邊不好停汽車。"
花園夜市,Po Wang,"在地嚮導 · 116 則評論 · 16,828 張相片",7 個月前,4 顆星,
花園夜市,陳鋒瑋,在地嚮導 · 49 則評論 · 38 張相片,7 個月前,5 顆星,人還是一樣多
花園夜市,Dennis_Wang,在地嚮導 · 31 則評論 · 53 張相片,7 個月前,4 顆星,
花園夜市,鋼鋼Steel,5 則評論 · 1 張相片,7 個月前,5 顆星,
花園夜市,奶香烏龍茶,在地嚮導 · 23 則評論 · 2 張相片,7 個月前,3 顆星,沒去過可以去看看，去其他夜市一樣有相同店家
花園夜市,LI YEN LIN,在地嚮導 · 129 則評論 · 72 張相片,7 個月前,3 顆星,特色小吃太少 同樣餐點太多
花園夜市,HJ,在地嚮導 · 15 則評論 · 45 張相片,7 個月前,5 顆星,如果你喜歡吃地瓜，一定要嚐嚐紅薯燉菜，即使排了很長的隊，一定要等一下再吃，因為涼了也很好吃。
花園夜市,楊魚,在地嚮導 · 25 則評論 · 235 張相片,7 個月前,3 顆星,
花園夜市,Dusty T,在地嚮導 · 23 則評論,7 個月前,5 顆星,
花園夜市,柴,在地嚮導 · 27 則評論 · 19 張相片,7 個月前,5 顆星,
花園夜市,陳宗,3 則評論 · 1 張相片,7 個月前,5 顆星,
花園夜市,林祖瑪,在地嚮導 · 378 則評論 · 947 張相片,7 個月前,3 顆星,"臺南的花園夜市號稱全台最大！…
怎能不去朝聖一下呢？…＼(^o^)／
😘 感謝在地同事熱心開車 …"
花園夜市,Rina蘇,在地嚮導 · 2 則評論 · 1 張相片,7 個月前,5 顆星,
花園夜市,黃宏印,442 則評論,7 個月前,4 顆星,
花園夜市,丁乙津,在地嚮導 · 3 則評論 · 4 張相片,7 個月前,4 顆星,
花園夜市,chun-chung meng,在地嚮導 · 4 則評論 · 680 張相片,7 個月前,5 顆星,
花園夜市,賴琦運,在地嚮導 · 3 則評論 · 15 張相片,7 個月前,3 顆星,
花園夜市,宮脇正行,在地嚮導 · 14 則評論 · 25 張相片,7 個月前,4 顆星,
花園夜市,何郁芬,在地嚮導 · 36 則評論,7 個月前,4 顆星,
花園夜市,Akirazzz,4 則評論 · 1 張相片,7 個月前,5 顆星,
花園夜市,Amulet Liu,在地嚮導 · 247 則評論 · 326 張相片,7 個月前,3 顆星,很久沒來了，周邊的停車場讓我嚇了一跳🫠 …
花園夜市,dog chocolate,在地嚮導 · 25 則評論 · 14 張相片,7 個月前,4 顆星,"就像日本的節日一樣，就像所有的夜市一樣，但這個地方特別有感覺。
一周中的不同日期地點似乎有所不同，因此請在前往前確認一下。
距離市中心有點遠，需要使用各種交通工具，所以這次我要么租了自行車，要么乘坐Ubike。"
花園夜市,JUN L͟A͟N͟,在地嚮導 · 34 則評論 · 6 張相片,7 個月前,4 顆星,"鴨肉油飯很好吃，老闆很親切！木鱉果汁很特別酸酸甜甜好喝！
有來可以嘗試看看"
花園夜市,余Angel,"在地嚮導 · 366 則評論 · 1,537 張相片",7 個月前,4 顆星,"很多年沒來 人潮沒有以前多 口味不太合
吃了幾樣 網路上必吃"
花園夜市,Wu Darren,在地嚮導 · 24 則評論 · 21 張相片,7 個月前,5 顆星,
花園夜市,寧寧,在地嚮導 · 194 則評論 · 27 張相片,7 個月前,5 顆星,
花園夜市,Jocelyn Chan,4 則評論 · 1 張相片,7 個月前,5 顆星,
花園夜市,Yu xi,在地嚮導 · 13 則評論 · 4 張相片,7 個月前,5 顆星,
花園夜市,林君萍,在地嚮導 · 16 則評論 · 15 張相片,7 個月前,5 顆星,推薦二師兄，邋遢麵，酵素臭豆腐，套圈圈😂😂 …
花園夜市,徐銘鴻,在地嚮導 · 155 則評論 · 282 張相片,7 個月前,4 顆星,
花園夜市,冠華,在地嚮導 · 42 則評論 · 7 張相片,7 個月前,5 顆星,
花園夜市,Chang Ivan,在地嚮導 · 67 則評論 · 76 張相片,7 個月前,5 顆星,規劃的不錯，又大東西又多
花園夜市,Iron Chou,在地嚮導 · 38 則評論 · 37 張相片,7 個月前,2 顆星,退步了 不如從前
花園夜市,梁郁婕,在地嚮導 · 21 則評論 · 82 張相片,7 個月前,5 顆星,
花園夜市,行一計程車,在地嚮導 · 3 則評論,7 個月前,4 顆星,人多、熱鬧、還有熱
花園夜市,anthony chan,在地嚮導 · 10 則評論 · 23 張相片,7 個月前,5 顆星,夜市有大量美食提供，最深刻的有大小腸店，居然頭100份免費，而且很好吃，吃香腸必須配蒜頭🧄，另外蛤蜊湯很大顆，而且非常鮮甜，還有旗魚黑輪，這個我非常喜歡，20台幣一支，六支100台幣。 …
花園夜市,李伊綾,在地嚮導 · 5 則評論 · 5 張相片,7 個月前,5 顆星,
花園夜市,Louise Hsueh,2 則評論 · 5 張相片,7 個月前,5 顆星,
花園夜市,張狂,在地嚮導 · 19 則評論 · 130 張相片,7 個月前,5 顆星,
花園夜市,王小咪,在地嚮導 · 14 則評論 · 16 張相片,7 個月前,5 顆星,
花園夜市,曾瑞峰,,7 個月前,5 顆星,
花園夜市,許偉勝,在地嚮導 · 21 則評論 · 24 張相片,7 個月前,5 顆星,
花園夜市,佳臻,4 則評論 · 5 張相片,7 個月前,3 顆星,就是一般的夜市🤣 …
花園夜市,許惇博,在地嚮導 · 119 則評論 · 26 張相片,7 個月前,4 顆星,動線偏亂 感覺沒有規劃 但有免費停車的地方所以值四顆星
花園夜市,yicen hou,在地嚮導 · 96 則評論 · 305 張相片,7 個月前,5 顆星,"1.酵素臭豆腐
2.邋灑麵"
花園夜市,Kamijo Yumiko,在地嚮導 · 96 則評論 · 516 張相片,7 個月前,5 顆星,"各種各樣的食物和商品琳瑯滿目，看得我百看不厭。一切都很便宜又美味，包括蚵仔煎、小籠包和果汁。
我是坐 uber 去的。我還想再去一次"
花園夜市,郭志偉,在地嚮導 · 50 則評論 · 287 張相片,7 個月前,4 顆星,
花園夜市,林思妤,2 則評論 · 4 張相片,7 個月前,5 顆星,
花園夜市,邢瑜文,10 則評論 · 3 張相片,7 個月前,5 顆星,好大
花園夜市,呂諺,在地嚮導 · 69 則評論 · 34 張相片,7 個月前,4 顆星,
花園夜市,蘇暐淵,在地嚮導 · 15 則評論 · 6 張相片,7 個月前,5 顆星,
花園夜市,Laura,在地嚮導 · 11 則評論 · 17 張相片,7 個月前,5 顆星,
花園夜市,s Scott,在地嚮導 · 155 則評論 · 192 張相片,7 個月前,4 顆星,
花園夜市,Eian Huang,在地嚮導 · 183 則評論 · 752 張相片,7 個月前,1 顆星,"週邊停車費要 150???媽的哩...有夠貴。
太久沒來了，花了快二千元不知道娛樂性質在哪。
現在連玩遊戲都漲到60元基本盤了… …"
花園夜市,陳艾伶,7 則評論,7 個月前,4 顆星,
花園夜市,Laura Lin,在地嚮導 · 60 則評論 · 133 張相片,7 個月前,1 顆星,
花園夜市,劉文檳,在地嚮導 · 6 則評論 · 5 張相片,7 個月前,4 顆星,
花園夜市,雅雯,在地嚮導 · 8 則評論 · 9 張相片,7 個月前,5 顆星,
花園夜市,Milian Huang,7 則評論 · 5 張相片,7 個月前,4 顆星,
花園夜市,王梅雀,在地嚮導 · 23 則評論 · 29 張相片,7 個月前,5 顆星,
花園夜市,珮綺,7 則評論 · 4 張相片,7 個月前,5 顆星,
花園夜市,多喝熱水,在地嚮導 · 8 則評論 · 3 張相片,7 個月前,5 顆星,
花園夜市,Howard Chang,"在地嚮導 · 549 則評論 · 1,071 張相片",7 個月前,3 顆星,
花園夜市,秦艾琳,在地嚮導 · 36 則評論 · 4 張相片,7 個月前,5 顆星,
花園夜市,慕蓉嫣,5 則評論 · 7 張相片,7 個月前,5 顆星,
花園夜市,Xiaohui Wu,"在地嚮導 · 665 則評論 · 2,569 張相片",7 個月前,4 顆星,場地很大 東西選擇多 但重複性也滿高的
花園夜市,KAHAPSAY Channel,在地嚮導 · 51 則評論 · 15 張相片,7 個月前,5 顆星,這麼多可供選擇
花園夜市,顏老大,在地嚮導 · 76 則評論 · 116 張相片,7 個月前,5 顆星,
花園夜市,Y怡,在地嚮導 · 126 則評論 · 13 張相片,7 個月前,3 顆星,人太多 不舒服.
花園夜市,花花,在地嚮導 · 53 則評論 · 18 張相片,7 個月前,5 顆星,好大好好逛 不過東西有些好貴🥹 …
花園夜市,Rosanne Borneman,在地嚮導 · 107 則評論 · 166 張相片,7 個月前,5 顆星,"大型夜市，有不同的食物和飲料可供選擇。如果可以變得很擁擠。
它對外國人很友好，因為大多數供應商都有英文菜單。 …"
花園夜市,Lant蘭,,7 個月前,5 顆星,
花園夜市,侯旭彥,在地嚮導 · 683 則評論 · 620 張相片,7 個月前,4 顆星,台南唯一觀光休閒夜市
花園夜市,Johnson,在地嚮導 · 21 則評論 · 13 張相片,7 個月前,5 顆星,每次去都大排長龍、很有點人情味！
花園夜市,Hugh NoH,在地嚮導 · 15 則評論 · 12 張相片,7 個月前,5 顆星,"可以跟當地人一起去夜市！
台灣的夜市裡，當地人最多，可以感受到當地人的感覺！ …"
花園夜市,李秀 리슈,"在地嚮導 · 635 則評論 · 1,165 張相片",7 個月前,5 顆星,是台南最大的夜市。佔地約3000坪，設有近400個攤位。分為美食、服裝、雜貨、娛樂四個區域。請務必檢查工作日。
花園夜市,Hannah Chang,在地嚮導 · 31 則評論,7 個月前,5 顆星,好吃好玩
花園夜市,黃峻銘,在地嚮導 · 100 則評論 · 634 張相片,7 個月前,5 顆星,
花園夜市,葉珠珠,6 則評論 · 3 張相片,7 個月前,4 顆星,
花園夜市,林寬寬,在地嚮導 · 22 則評論 · 278 張相片,7 個月前,3 顆星,
花園夜市,Michael Tsao,在地嚮導 · 384 則評論 · 223 張相片,7 個月前,5 顆星,下雨
花園夜市,Laura Gingrich,在地嚮導 · 54 則評論 · 105 張相片,7 個月前,5 顆星,非常涼爽的夜市，下雨關閉了一些攤位，但人群蘑菇真是太棒了
花園夜市,Sol Soul Life,在地嚮導 · 15 則評論 · 37 張相片,7 個月前,5 顆星,這是一個熱氣騰騰的當地夜市。去台北饒河街夜市時，我很失望，因為這裡對遊客來說商業氣息濃厚，但台南花園卻充滿了夜市的所有浪漫。我沒有看到任何韓國人，他們都是當地人。吃的東西很多，玩的東西也很多，像是玩飛鏢、抓金魚、打麻將等等。狗推薦。台南沒有別的地方可去，但花園夜市卻讓我過目不忘。
花園夜市,20王宥心,5 則評論 · 3 張相片,7 個月前,5 顆星,
花園夜市,Matt Ho,在地嚮導 · 48 則評論 · 129 張相片,7 個月前,4 顆星,觀光客的最愛，假日人很多，可以體驗到人擠人的樂趣(?)
花園夜市,李哲全,在地嚮導 · 2 則評論 · 55 張相片,7 個月前,3 顆星,
花園夜市,陳泓源,在地嚮導 · 53 則評論 · 45 張相片,7 個月前,5 顆星,
花園夜市,Ben Marcus,在地嚮導 · 8 則評論 · 1 張相片,7 個月前,5 顆星,
花園夜市,Devin903 Chen,在地嚮導 · 9 則評論 · 7 張相片,7 個月前,5 顆星,
花園夜市,陳高進,4 則評論,7 個月前,5 顆星,
花園夜市,很會吃的評價高手,在地嚮導 · 183 則評論 · 225 張相片,7 個月前,5 顆星,
花園夜市,張凱筌,在地嚮導 · 17 則評論 · 3 張相片,7 個月前,5 顆星,讚👍 …
花園夜市,黃聖文,,7 個月前,5 顆星,
花園夜市,莊翔午,11 則評論,7 個月前,5 顆星,
花園夜市,EatMeatDevil (EatMeatDevil),在地嚮導 · 47 則評論 · 78 張相片,7 個月前,5 顆星,
花園夜市,GW PENG,在地嚮導 · 228 則評論 · 87 張相片,7 個月前,5 顆星,很大
花園夜市,和錡,在地嚮導 · 24 則評論 · 98 張相片,7 個月前,2 顆星,"真的，好多年沒來逛了
除了人潮多、物價高、重複性高⋯
停車超不方便😤
覺得應該不會再來了😮‍💨 …"
花園夜市,danny yeh,在地嚮導 · 343 則評論 · 264 張相片,7 個月前,4 顆星,種類繁多
花園夜市,梅川內酷,8 則評論,7 個月前,5 顆星,
花園夜市,Cha Mat,在地嚮導 · 29 則評論 · 2 張相片,7 個月前,5 顆星,"夜市超大，吃的跟玩的區域有劃分開，很好逛
去過花園就不想去逛其他夜市了
可惜第二次遇到下雨，有些店家沒有開"
花園夜市,徐金寶,在地嚮導 · 95 則評論 · 21 張相片,7 個月前,4 顆星,夜市規模全台最大
花園夜市,Fang Sheng,在地嚮導 · 34 則評論 · 116 張相片,7 個月前,3 顆星,
花園夜市,chiang vicky,在地嚮導 · 335 則評論 · 997 張相片,7 個月前,5 顆星,
花園夜市,梁柱,在地嚮導 · 9 則評論 · 31 張相片,7 個月前,5 顆星,
花園夜市,林彥儒,在地嚮導 · 20 則評論 · 2 張相片,7 個月前,5 顆星,人潮很多，但商家都很熱情，雖然天氣炎熱也不會不耐煩👍👍 …
花園夜市,Wenhung Zhong,在地嚮導 · 24 則評論 · 2 張相片,7 個月前,2 顆星,越來越多重複店家，一個夜市裡面光一樣名字的魚蛋三四家，代表沒有新創店家願意或是可以進駐？不太值得回訪的地方
花園夜市,黃鈺恬,在地嚮導 · 6 則評論,7 個月前,5 顆星,觀光客必去景點👍 …
花園夜市,sze mun choi,6 則評論 · 7 張相片,7 個月前,5 顆星,非常大的夜市，但重複性很高。
花園夜市,Mighty Huang,在地嚮導 · 13 則評論 · 47 張相片,7 個月前,4 顆星,好吃好喝又好玩，但有幾個店家一直重複看到🤣 …
花園夜市,D Evil,在地嚮導 · 36 則評論 · 12 張相片,7 個月前,5 顆星,好逛逛好吃
花園夜市,克里斯,在地嚮導 · 241 則評論 · 228 張相片,7 個月前,2 顆星,繞了兩圈，完全不知道要吃什麼的念頭一直沒有散去😂😂😂 …
花園夜市,劉孟昕,在地嚮導 · 371 則評論 · 880 張相片,7 個月前,5 顆星,吃、喝、玩、樂!的民間民生之逛樂區!不錯ㄟ!在外旅遊景點之一
花園夜市,王政傑,在地嚮導 · 348 則評論 · 1 張相片,7 個月前,3 顆星,
花園夜市,尹歡,在地嚮導 · 36 則評論 · 8 張相片,7 個月前,5 顆星,好逛好玩
花園夜市,rita yang,在地嚮導 · 11 則評論 · 35 張相片,7 個月前,5 顆星,第一次在夜市射飛鏢，還射中得布偶，很開心
花園夜市,Van essa,在地嚮導 · 104 則評論 · 44 張相片,7 個月前,1 顆星,"鍋巴超難吃！店家沒有放價格，一個80，裡面只有雞蛋和玉米，一點點碎肉和一大根辣椒要這個價格，避雷
還有蒜香豆干，豆干沒有味道，很普通，不值得嘗試
人很多的那家滷味也很普通
白糖粿和糖葫蘆還不錯，白糖粿推抹茶味"
花園夜市,球球,1 則評論 · 1 張相片,7 個月前,5 顆星,
花園夜市,謝明宗,,7 個月前,5 顆星,
花園夜市,楊喬鈊,6 則評論 · 6 張相片,7 個月前,4 顆星,
花園夜市,鄭弘傑,在地嚮導 · 13 則評論 · 106 張相片,7 個月前,3 顆星,現在夜市都是同一規格了
花園夜市,蘇珊,5 則評論 · 6 張相片,7 個月前,5 顆星,很大。品項很多，吃喝玩樂都包辦。很國際化的夜市。特別推薦雞肉油飯。
花園夜市,陳玉妹,5 則評論,7 個月前,4 顆星,
花園夜市,廖宇珊,在地嚮導 · 10 則評論 · 85 張相片,7 個月前,3 顆星,疫情過後，昨天去逛街，人潮，沒有像以前要擠沙丁魚一樣，現在就可以慢慢的走，慢慢的逛。
花園夜市,螃蟹,在地嚮導 · 72 則評論 · 194 張相片,7 個月前,3 顆星,"沒來過可以朝聖看看
但感覺這次去相較起其他夜市
重複性太高  選擇不多 …"
花園夜市,台灣玩透透,在地嚮導 · 71 則評論 · 40 張相片,7 個月前,5 顆星,
花園夜市,李達夫,"1,898 則評論",7 個月前,4 顆星,"每攤都有一定水準
但真的人太多"
花園夜市,鄭雅文,在地嚮導 · 24 則評論 · 9 張相片,7 個月前,3 顆星,
花園夜市,嚴千琪,在地嚮導 · 3 則評論,7 個月前,5 顆星,
花園夜市,ᎩԾᏒК,在地嚮導 · 148 則評論 · 40 張相片,7 個月前,4 顆星,
花園夜市,CHUNG CHENG,在地嚮導 · 54 則評論 · 91 張相片,7 個月前,3 顆星,
花園夜市,李鴻懋,在地嚮導 · 24 則評論 · 12 張相片,7 個月前,4 顆星,
花園夜市,林偉,在地嚮導 · 23 則評論 · 10 張相片,7 個月前,5 顆星,"113/8/26
已不適玩水，水量太大太急，停車場已被土石淹沒"
花園夜市,艾莉兒,"在地嚮導 · 199 則評論 · 5,232 張相片",7 個月前,5 顆星,"初次造訪台南花園夜市
那二師兄滷味怎麼可以漏掉？二師兄滷味在《台南花園夜市》可是超大一攤，鹹甜鹹甜的滷汁，每一種都滷的有夠透，我自己超愛雞翅、辣味豆干、米血都很強!！！！
來台南必來的夜市，沒來過不要說你沒來過太南。"
花園夜市,A攝影教學,在地嚮導 · 75 則評論 · 715 張相片,7 個月前,3 顆星,"無事去找看看 什么可買的芭樂一包60貴了最近比台中逢甲夜市貴，雞肉煎烤一個65,蕃薯球30小包，延平市場的米糕+金針排骨90/共300.."
花園夜市,侯柏翔,在地嚮導 · 40 則評論 · 11 張相片,7 個月前,5 顆星,
花園夜市,聯字尾,在地嚮導 · 469 則評論 · 19 張相片,7 個月前,3 顆星,攤位不少，機車也好停，但逢假日必多遊客，只是跟其它觀光夜市大同小異，沒有特別之處，也沒有值得光顧的攤位，不雷也不推薦！
花園夜市,MoMenTun,在地嚮導 · 169 則評論 · 303 張相片,7 個月前,5 顆星,
花園夜市,zhao,在地嚮導 · 85 則評論 · 425 張相片,7 個月前,5 顆星,"12/2023
由於是星期四，我就去了花園夜市。由於離市區較遠，所以往返都是搭計程車。
天氣真的很冷，所以想喝點湯，所以我第一次嘗試了鴨血。 …"
花園夜市,苡薰徐,在地嚮導 · 6 則評論 · 27 張相片,7 個月前,5 顆星,
花園夜市,Cyrus Yeh,1 則評論,7 個月前,1 顆星,東西貴又難吃，台灣夜市跟著飯店旅館貴又爛之後，也跟著向下淪陷了，還不如直接到餐廳吃。
花園夜市,陳嘉韋,4 則評論 · 1 張相片,7 個月前,5 顆星,
花園夜市,T T,4 則評論,7 個月前,5 顆星,超擠
花園夜市,HPL,在地嚮導 · 15 則評論 · 32 張相片,7 個月前,5 顆星,
花園夜市,李秉郡,1 則評論,7 個月前,5 顆星,
花園夜市,月櫻咲夜,在地嚮導 · 44 則評論 · 12 張相片,7 個月前,5 顆星,
花園夜市,李沛泰,在地嚮導 · 57 則評論 · 112 張相片,7 個月前,5 顆星,
花園夜市,吳貴年,,7 個月前,4 顆星,
花園夜市,睿媽,在地嚮導 · 58 則評論 · 29 張相片,7 個月前,4 顆星,"有免費停車場
攤位多"
花園夜市,宜澄,在地嚮導 · 24 則評論 · 59 張相片,7 個月前,5 顆星,攤位很多的攤位夜市選擇很多，缺點是停車位要很早來停 ，地理位置很好找
花園夜市,沈柏志,在地嚮導 · 9 則評論 · 8 張相片,7 個月前,4 顆星,
花園夜市,邱智明,在地嚮導 · 503 則評論 · 122 張相片,7 個月前,5 顆星,吃喝玩樂都能滿足的100分夜市
花園夜市,張志嘉,5 則評論,7 個月前,3 顆星,沒什麼好吃的
花園夜市,柯柯,在地嚮導 · 51 則評論 · 3 張相片,7 個月前,1 顆星,停車動線非常的亂，附近的停車場收費一次要150非常貴，而且場地管理很糟糕，夜市附近的交通隊配合拖吊車的次數異常的高，會亂拖吊而且亂開單，市政府也完全放任不管，完全靠夜市的人潮在斂財，建議外來的民眾不要來，本地人可能還好，裡面的東西也沒多好吃，在台南旅遊一天發現整個台南市的交通都爛到不行，幾乎沒有給行人生存的空間，騎車跟開車都不方便，用走的更危險，大眾運輸工具爛的肉眼可見，要旅遊真的不要來台南，日本會是更好的選擇
花園夜市,林健智,"在地嚮導 · 1,655 則評論 · 14,180 張相片",7 個月前,4 顆星,夜市
花園夜市,bob che (chebob),在地嚮導 · 23 則評論 · 17 張相片,7 個月前,5 顆星,人潮很多 逛第一條街就流汗
花園夜市,Du Henry (Henry Du),在地嚮導 · 30 則評論 · 7 張相片,7 個月前,5 顆星,
花園夜市,ken chan,2 則評論,7 個月前,3 顆星,
花園夜市,莊再豪,"在地嚮導 · 134 則評論 · 1,144 張相片",7 個月前,1 顆星,"一成不變的小吃店
素質越來越差"
花園夜市,黃奕翔,11 則評論 · 3 張相片,7 個月前,4 顆星,
花園夜市,Hank HUNAG,在地嚮導 · 18 則評論 · 2 張相片,7 個月前,4 顆星,
花園夜市,張媛英,5 則評論,7 個月前,4 顆星,
花園夜市,芊,2 則評論,7 個月前,5 顆星,
花園夜市,Kris Chen,6 則評論 · 2 張相片,7 個月前,5 顆星,
花園夜市,陳達成,6 則評論,7 個月前,5 顆星,
花園夜市,金淑琴,在地嚮導 · 16 則評論 · 18 張相片,7 個月前,5 顆星,只要去台南就會想去花園夜市逛，佔地非常廣，雖然每次去都人滿為患，好吃的東西非常多，好玩的東西也很多，所以每次去台南都會去逛
花園夜市,202-19-李翊瑄,在地嚮導 · 105 則評論 · 546 張相片,7 個月前,5 顆星,很多好吃的 人多
花園夜市,Ria毓 Yu,在地嚮導 · 40 則評論 · 36 張相片,7 個月前,4 顆星,"停車變貴了，品質變低了
動線變難走了
但還是很熱鬧"
花園夜市,摸摸志,13 則評論 · 2 張相片,7 個月前,1 顆星,"無言
跟我想的落差太大"
花園夜市,陳明村,在地嚮導 · 129 則評論 · 57 張相片,7 個月前,3 顆星,手工煎餃好吃
花園夜市,張芳,113 則評論,7 個月前,5 顆星,吃的玩的都很多
花園夜市,義囷,8 則評論,7 個月前,5 顆星,
花園夜市,Yueh-Hung Lin,在地嚮導 · 23 則評論 · 66 張相片,7 個月前,3 顆星,沒有以前好逛，重複攤位。
花園夜市,吳文生,1 則評論,7 個月前,5 顆星,棒極了。
花園夜市,梁頌恩,2 則評論,7 個月前,4 顆星,
花園夜市,日久見人心,在地嚮導 · 12 則評論 · 11 張相片,7 個月前,5 顆星,
花園夜市,飯島敏彦,在地嚮導 · 12 則評論 · 23 張相片,7 個月前,4 顆星,我去了台北的士林夜市和高雄的六合夜市，但規模最大、人潮最多，可見人氣有多高。食物的種類很多，買來吃的攤位也很寬敞，可以讓你享受美味和當地的感覺。
花園夜市,阿寶,在地嚮導 · 29 則評論 · 8 張相片,7 個月前,3 顆星,交通混亂，停車不便
花園夜市,阿瘋,在地嚮導 · 24 則評論 · 11 張相片,7 個月前,5 顆星,"買晚餐宵夜的好所在
雖然在地人都去武聖"
花園夜市,鄧宇,在地嚮導 · 25 則評論 · 3 張相片,7 個月前,5 顆星,
花園夜市,echo lin,在地嚮導 · 55 則評論 · 659 張相片,7 個月前,4 顆星,早點過去比較好，7點以後人很多，天氣熱的時候逛的不是太舒服。小吃居多。巴士0左和11可到。
花園夜市,七哥,7 則評論 · 1 張相片,7 個月前,5 顆星,
花園夜市,坪烏娜,在地嚮導 · 24 則評論 · 11 張相片,7 個月前,5 顆星,大部份想吃的這都有.來台南晚上必備行程之一.
花園夜市,許棻煖,在地嚮導 · 18 則評論 · 3 張相片,7 個月前,4 顆星,
花園夜市,李明峯,在地嚮導 · 15 則評論 · 17 張相片,7 個月前,1 顆星,玩打彈珠、摸麻將最好全程錄影，不然到時候老闆不認帳
花園夜市,鄭紬,在地嚮導 · 44 則評論 · 26 張相片,7 個月前,2 顆星,"有一家烤玉米（旁邊有賣煮玉米）價格明明寫65、70，結果一點餐老闆就說80可以嗎？我問有小點的嗎？他眼睛撇旁邊玉米說：「你有看到小的嗎？」🤷🏻‍♀️🤷🏻‍♀️
那你價目表為什麼沒有寫到80？？而且你可以一開始就說今天玉米比較大，是80的，或是目前剩下80的，都比你那句話動聽！重點是考的又乾又硬又難吃！！ …"
花園夜市,匿名,8 則評論 · 3 張相片,7 個月前,5 顆星,
花園夜市,Michele R,在地嚮導 · 37 則評論 · 16 張相片,7 個月前,5 顆星,值得一遊！氣味很濃，卻因奇異的食物而色彩繽紛。有些賣家甚至會說英語，建議嘗試一些東西。
花園夜市,Mike Chen,11 則評論 · 3 張相片,7 個月前,5 顆星,還是北部的夜市比較好
花園夜市,高花花,在地嚮導 · 65 則評論 · 291 張相片,7 個月前,1 顆星,人很多，被人推著走，買東西排隊要排很久，攤商賣的東西跟食物重複性高，很容易踩雷，價錢跟一般夜市比偏高，不會想再去的夜市。
花園夜市,簡萱瑄,16 則評論 · 3 張相片,7 個月前,5 顆星,
花園夜市,Jin Jhong,在地嚮導 · 205 則評論 · 477 張相片,7 個月前,5 顆星,"衣服便宜
劉家烤魚速度快又好吃😋
吃的那幾排假日都是擁擠的～人多～ …"
花園夜市,Ian Chao,在地嚮導 · 70 則評論 · 249 張相片,7 個月前,3 顆星,停車不便
花園夜市,Weike Lin,在地嚮導 · 30 則評論 · 1 張相片,7 個月前,5 顆星,去台南玩，晚上的必經之處！！
花園夜市,D.T. H,5 則評論 · 2 張相片,7 個月前,5 顆星,
花園夜市,Cranberry,在地嚮導 · 79 則評論 · 47 張相片,7 個月前,5 顆星,最佳跳傘景點
花園夜市,曉潔,在地嚮導 · 26 則評論 · 55 張相片,7 個月前,5 顆星,很多美食
花園夜市,徐毓婷,3 則評論 · 2 張相片,8 個月前,5 顆星,
花園夜市,林艷主,在地嚮導 · 45 則評論 · 32 張相片,8 個月前,4 顆星,
花園夜市,高立,在地嚮導 · 49 則評論 · 2 張相片,8 個月前,5 顆星,買宵夜的好地方，有乾淨公廁，不過如果可以廣設垃圾桶的話會更好
花園夜市,林建萬,在地嚮導 · 487 則評論 · 21 張相片,8 個月前,4 顆星,好多美食.及好玩的場所很大的夜市.捧
花園夜市,依莎莎,在地嚮導 · 46 則評論 · 29 張相片,8 個月前,5 顆星,"上百攤排隊美食😋😋😋
四 六 日才有開喲 …"
花園夜市,嚕嚕咪奶爸,在地嚮導 · 16 則評論 · 8 張相片,8 個月前,5 顆星,
花園夜市,Jimny Chou,在地嚮導 · 87 則評論 · 11 張相片,8 個月前,5 顆星,每年必來朝聖點，非常熱鬧
花園夜市,BOBLIOU SHENER,在地嚮導 · 5 則評論 · 21 張相片,8 個月前,2 顆星,
花園夜市,Henry Huang,在地嚮導 · 13 則評論 · 5 張相片,8 個月前,5 顆星,
花園夜市,Cathy Chou,在地嚮導 · 51 則評論 · 9 張相片,8 個月前,5 顆星,
花園夜市,汪洛,在地嚮導 · 41 則評論 · 9 張相片,8 個月前,5 顆星,來台南必逛的夜市🤩🤩🤩 …
花園夜市,佑佑,在地嚮導 · 31 則評論 · 40 張相片,8 個月前,5 顆星,
花園夜市,Nelson Chen,在地嚮導 · 28 則評論,8 個月前,4 顆星,最近人潮較少
花園夜市,Bang Yum,5 則評論 · 6 張相片,8 個月前,2 顆星,動線不夠明確，分區有點混亂，遊戲攤位比食物攤多了很多
花園夜市,rich ku,在地嚮導 · 400 則評論 · 932 張相片,8 個月前,5 顆星,花園夜市蠻大的啦，人會很多，沒有找到花園🥲玩的吃的也很多 …
花園夜市,Salamun Xiaomy,在地嚮導 · 18 則評論 · 9 張相片,8 個月前,5 顆星,非常擁擠
花園夜市,xuan軒,在地嚮導 · 30 則評論 · 4 張相片,8 個月前,5 顆星,
花園夜市,黃彥維（最快樂的小窩）,在地嚮導 · 16 則評論 · 11 張相片,8 個月前,5 顆星,
花園夜市,摳摳,在地嚮導 · 991 則評論 · 501 張相片,8 個月前,4 顆星,"和緯路海安路交叉口開始往南逛
第一排中間左邊蚵蛋燒普
第一排尾端右邊雞蛋糕不錯 …"
花園夜市,陳立平,4 則評論,8 個月前,5 顆星,
花園夜市,宋彼得,在地嚮導 · 245 則評論 · 570 張相片,8 個月前,5 顆星,動線規劃很棒，停車也方便，還有公廁，整體以夜市評比算規劃的很不錯
花園夜市,蕭琳靜,24 則評論 · 41 張相片,8 個月前,5 顆星,人多 攤位多 好吃好逛
花園夜市,詹少鏞,在地嚮導 · 23 則評論 · 6 張相片,8 個月前,5 顆星,
花園夜市,吳信榮,在地嚮導 · 49 則評論 · 18 張相片,8 個月前,3 顆星,找不到垃圾桶。
花園夜市,蔡銘仁,3 則評論 · 1 張相片,8 個月前,5 顆星,
花園夜市,徐椲盛,在地嚮導 · 7 則評論 · 96 張相片,8 個月前,5 顆星,
花園夜市,Yinbin Lian,10 則評論 · 1 張相片,8 個月前,5 顆星,
花園夜市,王莉羚,在地嚮導 · 517 則評論 · 492 張相片,8 個月前,5 顆星,東南亞各種各式的小吃非常棒的夜市、去過很多國家的夜市還是台灣的夜市最棒！
花園夜市,Sam Chen,,8 個月前,5 顆星,
花園夜市,青山弘,11 則評論,8 個月前,5 顆星,還有很多熱鬧又美味的食物。
花園夜市,Tung Tung,在地嚮導 · 31 則評論 · 27 張相片,8 個月前,5 顆星,
花園夜市,chen,在地嚮導 · 60 則評論 · 24 張相片,8 個月前,5 顆星,
花園夜市,歐俊典,在地嚮導 · 121 則評論 · 334 張相片,8 個月前,5 顆星,"好大 蠻好逛的 差點迷路 人超多 有領養狗狗的
對面有夾娃娃機店跟一番賞的店"
花園夜市,張巧郁,在地嚮導 · 7 則評論 · 7 張相片,8 個月前,5 顆星,
花園夜市,鄭元昱,在地嚮導 · 23 則評論,8 個月前,4 顆星,不錯
花園夜市,陳春生,在地嚮導 · 1 則評論 · 1 張相片,8 個月前,4 顆星,
花園夜市,Joshua Cousins,1 則評論,8 個月前,5 顆星,
花園夜市,H L,14 則評論,8 個月前,5 顆星,
花園夜市,李宜菁,2 則評論,8 個月前,3 顆星,
花園夜市,Adi Hong,在地嚮導 · 33 則評論 · 22 張相片,8 個月前,5 顆星,是問有身為台南人誰不愛逛夜市。 花園夜市也是陪伴我20年的回憶，不但空間規劃和攤位設計越來越多，停車空間及路線也設計的規規矩矩，騎車開車都方便。 連帶外國朋友來都很引以為傲。 night market is the best
花園夜市,BC Y,10 則評論 · 1 張相片,8 個月前,5 顆星,
花園夜市,張進昇,在地嚮導 · 69 則評論 · 44 張相片,8 個月前,4 顆星,
花園夜市,謝先生,12 張相片,8 個月前,5 顆星,
花園夜市,予,在地嚮導 · 31 則評論 · 12 張相片,8 個月前,5 顆星,
花園夜市,李宇唐,,8 個月前,5 顆星,
花園夜市,瑄瑄,在地嚮導 · 26 則評論 · 11 張相片,8 個月前,5 顆星,"每次來台南 一定會來逛花園夜市❤️
好逛 好吃 好喝 又好買衣服👗 …"
花園夜市,金玄燁,5 則評論,8 個月前,5 顆星,
花園夜市,Joyce Wang,"在地嚮導 · 437 則評論 · 1,158 張相片",8 個月前,5 顆星,餐點蕾舞、價格實惠、動線亂中有序。
花園夜市,周粟沂,在地嚮導 · 7 則評論 · 2 張相片,8 個月前,5 顆星,
花園夜市,DKK,在地嚮導 · 29 則評論 · 21 張相片,8 個月前,3 顆星,時隔一年再來逛，沒有什麼推陳出新的東西，有點不耐逛～ 東西都普普🥲 …
花園夜市,Cindy Chang,在地嚮導 · 108 則評論 · 773 張相片,8 個月前,5 顆星,"花園夜市攤位很多（但人也是超多）
應該能挑到喜歡的 …"
花園夜市,羅俐,在地嚮導 · 86 則評論 · 100 張相片,8 個月前,5 顆星,不錯 很多新東西
花園夜市,鄭美玲,在地嚮導 · 1 則評論,8 個月前,5 顆星,
花園夜市,黃榮宗,在地嚮導 · 31 則評論 · 12 張相片,8 個月前,4 顆星,吃的種類相當豐富，但網路名店未必會合大家的口味，有時間還是多吃幾家不一樣的，絕對能滿足挑剔的味蕾。建議早早趁人潮還沒聚集之前就去吃，不然真的越夜越擁擠
花園夜市,真心評鑑師,在地嚮導 · 195 則評論 · 228 張相片,8 個月前,4 顆星,跟地面一樣
花園夜市,ㄖㄡˊ,7 則評論 · 2 張相片,8 個月前,5 顆星,
花園夜市,何欣芸,10 則評論 · 8 張相片,8 個月前,5 顆星,
花園夜市,jeff chao,1 則評論 · 1 張相片,8 個月前,4 顆星,
花園夜市,kyle chen,"在地嚮導 · 270 則評論 · 1,658 張相片",8 個月前,3 顆星,大，不難吃但沒什麼特色食物，價格也不低
花園夜市,劉子齊,在地嚮導 · 39 則評論 · 4 張相片,8 個月前,5 顆星,擠
花園夜市,William Hung,在地嚮導 · 276 則評論 · 371 張相片,8 個月前,4 顆星,
花園夜市,楊派姬,在地嚮導 · 220 則評論 · 57 張相片,8 個月前,3 顆星,
花園夜市,雀兒,6 則評論,8 個月前,5 顆星,
花園夜市,劉尚銘,在地嚮導 · 4 則評論 · 10 張相片,8 個月前,5 顆星,
花園夜市,Eric Huang,在地嚮導 · 72 則評論 · 187 張相片,8 個月前,3 顆星,
花園夜市,張妹,在地嚮導 · 25 則評論 · 61 張相片,8 個月前,5 顆星,好吃
花園夜市,銓凱Ken,在地嚮導 · 116 則評論,8 個月前,5 顆星,
花園夜市,鹿,"在地嚮導 · 331 則評論 · 4,882 張相片",8 個月前,4 顆星,"有吃又有玩的夜市～
食物種類不多，但是射氣球🎈還不錯玩
一局射到卡比巴拉，開勳 …"
花園夜市,黃宣宣,"在地嚮導 · 372 則評論 · 1,767 張相片",8 個月前,5 顆星,"花園夜市超大～來這裡可以慢慢逛🥳✨
有工作人員協助控管停車的問題🅿️，附近也有Ubike可以租借👍🏻 …"
花園夜市,安吉恩 Emanuele Angiola,在地嚮導 · 10 則評論 · 3 張相片,8 個月前,5 顆星,
花園夜市,陳冠逸,在地嚮導 · 19 則評論 · 38 張相片,8 個月前,5 顆星,
花園夜市,冠,在地嚮導 · 19 則評論 · 1 張相片,8 個月前,2 顆星,
花園夜市,陳佰賢,在地嚮導 · 12 則評論 · 25 張相片,8 個月前,4 顆星,
花園夜市,葉柏巖,在地嚮導 · 26 則評論 · 34 張相片,8 個月前,5 顆星,吃的玩的都多，週四去逛人潮不會太擁擠，公共廁所也算乾淨，很優！
花園夜市,陳志文,在地嚮導 · 28 則評論 · 51 張相片,8 個月前,5 顆星,下午一場雨，好險雨停了，還是有不少攤位有出來擺
花園夜市,mercy 092266,7 則評論 · 11 張相片,8 個月前,5 顆星,
花園夜市,鍾宏玠,在地嚮導 · 59 則評論 · 59 張相片,8 個月前,5 顆星,"很好玩
攤位部分分類很棒，玩跟吃是分開的。
攤位除了飲料重覆的攤位很少 …"
花園夜市,bimin jwa,在地嚮導 · 111 則評論 · 10 張相片,8 個月前,5 顆星,台南規劃還算不錯的觀光夜市，二師兄很推生意很好但品質浮動有點大，重複性遊戲不少大多都是相同老闆，蜜汁碳烤雞排也很推，像再吃糖果一樣甜。不愧是台南！
花園夜市,Yahui Fan,在地嚮導 · 93 則評論 · 338 張相片,8 個月前,5 顆星,"花園夜市真的好好逛好好買，
東西也幾乎都沒有踩雷好好吃，
下次來台南還會再來逛，
有免費停車場也很讚。"
花園夜市,Just Prez,在地嚮導 · 2 則評論 · 63 張相片,8 個月前,5 顆星,
花園夜市,Yongda Zhang,在地嚮導 · 21 則評論,8 個月前,5 顆星,兩個人的回憶 一個人逛
花園夜市,黃淮琳,4 則評論,8 個月前,4 顆星,
花園夜市,邱建誠,在地嚮導 · 10 則評論 · 3 張相片,8 個月前,5 顆星,
花園夜市,achung315,在地嚮導 · 233 則評論 · 109 張相片,8 個月前,5 顆星,第一次來這邊還不錯，有些賣的東西跟北部夜市不同，不過有些是地雷，我最喜歡的柳橙檸檬，比例還可以客製化很好喝，牛肉湯、棺材板大推，動線來說還可以，小朋友喜歡的釣魚比台北還親民，停車場有免費可以停順序動線還不錯，會再照訪!
花園夜市,游子儀,5 則評論 · 3 張相片,8 個月前,5 顆星,攤位很多，東西也很好吃
花園夜市,謝佳民,在地嚮導 · 13 則評論,8 個月前,5 顆星,各式美食應有盡有，小遊戲，投籃球，套圈圈，樂此不疲
花園夜市,Xuan Lin (KaSaMei),在地嚮導 · 215 則評論 · 820 張相片,8 個月前,5 顆星,"感覺夜市都大同小異，賣的東西都那樣。
有停車場，而且有人指揮交通，很棒！
而且還不用收費，這部分就給滿分！ …"
花園夜市,WEI LIN,8 則評論 · 5 張相片,8 個月前,4 顆星,
花園夜市,Sam lee,11 則評論 · 2 張相片,8 個月前,5 顆星,
花園夜市,Joann Huang,17 則評論 · 1 張相片,8 個月前,5 顆星,
花園夜市,周佩葶,11 則評論 · 5 張相片,8 個月前,5 顆星,
花園夜市,Pei Hsu,在地嚮導 · 78 則評論 · 65 張相片,8 個月前,5 顆星,
花園夜市,Kimi,9 則評論 · 1 張相片,8 個月前,5 顆星,
花園夜市,李旻明,13 則評論 · 1 張相片,8 個月前,5 顆星,
花園夜市,張峰書,7 則評論,8 個月前,5 顆星,
花園夜市,林祈安,在地嚮導 · 9 則評論,8 個月前,4 顆星,
花園夜市,戴維廷,3 則評論 · 1 張相片,8 個月前,3 顆星,
花園夜市,Tequila,13 則評論,8 個月前,5 顆星,每次來台南必逛夜市！二師兄的滷味好吃！
花園夜市,方淑芬,在地嚮導 · 18 則評論 · 1 張相片,8 個月前,3 顆星,不討厭，東西 蠻多的
花園夜市,林上懿,3 則評論 · 2 張相片,8 個月前,4 顆星,
花園夜市,楊中中,10 則評論,8 個月前,5 顆星,
花園夜市,姜先生,在地嚮導 · 128 則評論 · 85 張相片,8 個月前,4 顆星,熱鬧附近好停車，吃的花樣也多，玩的也多~
花園夜市,Han Chi Wang,在地嚮導 · 46 則評論 · 34 張相片,8 個月前,2 顆星,非常不推薦觀光客來，這邊有夠擠有夠多人有夠熱餐點也還好
花園夜市,張依貴,在地嚮導 · 68 則評論 · 325 張相片,8 個月前,5 顆星,找到自己心中想吃的 口味也符合自己 才是最好吃 超推薦吳記排骨第二排第四排  三輪車大腸包小腸 第二排  阿富師雞腳第一排
花園夜市,lishing kan,在地嚮導 · 31 則評論 · 592 張相片,8 個月前,5 顆星,
花園夜市,Diomedes Lee,在地嚮導 · 41 則評論 · 8 張相片,8 個月前,4 顆星,越來越貴，但是是台南夜市裡面最多玩的跟用的夜市了
花園夜市,林喨懃,在地嚮導 · 57 則評論 · 946 張相片,8 個月前,5 顆星,
花園夜市,陳玉佩,在地嚮導 · 160 則評論 · 16 張相片,8 個月前,4 顆星,沒有前幾年多攤 早點來逛 免除排隊 等待
花園夜市,王言嘉,7 則評論,8 個月前,5 顆星,
花園夜市,、建興,10 則評論 · 2 張相片,8 個月前,2 顆星,
花園夜市,南科房仲工程師,在地嚮導 · 177 則評論 · 86 張相片,8 個月前,4 顆星,來臺南已經10幾年沒去逛花園了，情人節去到處晃晃還是很多人，但攤位賣的物品重覆性太高
花園夜市,金飽,在地嚮導 · 169 則評論 · 912 張相片,8 個月前,4 顆星,到此一遊😀 …
花園夜市,Song,"在地嚮導 · 261 則評論 · 4,092 張相片",8 個月前,5 顆星,全台南最大的夜市，吃的喝的玩的每一樣都不會少，假日幾乎都是人擠人，要有心理準備，有時候擠到都被推著前進了，麻糬冰、章魚燒、烤麻糬、烤牛肉、骰子牛都可以吃，味道都很好，下次來台南會再來逛夜市！
花園夜市,Xeno Roxas,在地嚮導 · 360 則評論 · 17 張相片,8 個月前,4 顆星,"期待很久，有點小失望
但客觀來說還是個不錯的觀光夜市
我是禮拜六去的，人很多，所以比較難推嬰兒車步行"
花園夜市,Ray Shui,在地嚮導 · 203 則評論 · 129 張相片,8 個月前,4 顆星,免費汽機車停車 多數店家都可line pay
花園夜市,洪麗雲,在地嚮導 · 332 則評論 · 34 張相片,8 個月前,5 顆星,
花園夜市,陳小真（しゅうぴんしん）,在地嚮導 · 31 則評論 · 42 張相片,8 個月前,5 顆星,
花園夜市,148,在地嚮導 · 22 則評論 · 14 張相片,8 個月前,5 顆星,第一次來  美食真的好多  所買的小吃都沒有踩到雷 都好好吃 有機會還會在來 👍🏻👍🏻 …
花園夜市,muireann,在地嚮導 · 26 則評論 · 197 張相片,8 個月前,3 顆星,
花園夜市,MIMI TING,"在地嚮導 · 380 則評論 · 2,138 張相片",8 個月前,4 顆星,"腹地非常大的夜市,吃喝玩樂各種美食也都應有盡有,假日人潮眾多,喜歡阿三哥蚵仔煎跟二師兄滷味"
花園夜市,Iris Tseng,在地嚮導 · 225 則評論 · 78 張相片,8 個月前,5 顆星,"機車環島特別安排了花園夜市
食物好吃不踩雷"
花園夜市,Kuo Nick,7 則評論 · 5 張相片,8 個月前,5 顆星,
花園夜市,喵喵喵,在地嚮導 · 16 則評論 · 8 張相片,8 個月前,5 顆星,
花園夜市,Frankie Kuo,4 則評論,8 個月前,1 顆星,東西貴又難吃
花園夜市,Wang Janice,在地嚮導 · 16 則評論 · 9 張相片,8 個月前,5 顆星,
花園夜市,Jamie Lee,在地嚮導 · 34 則評論 · 5 張相片,8 個月前,3 顆星,雖然比大同夜市大，但太複雜了，整個市場都瀰漫著臭豆腐和榴槤的味道，不如大東夜市過癮。
花園夜市,alian Sun,在地嚮導 · 18 則評論 · 8 張相片,8 個月前,4 顆星,人很多很熱建議早點來
花園夜市,蔡東湘,在地嚮導 · 200 則評論 · 357 張相片,8 個月前,4 顆星,
花園夜市,mao lin,在地嚮導 · 3 則評論 · 2 張相片,8 個月前,5 顆星,
花園夜市,Simo Chen,在地嚮導 · 239 則評論 · 225 張相片,8 個月前,5 顆星,"花園夜市推阿三哥蚵仔煎，份量不多，煎的恰恰，可再吃其他美食
陳家阿嬤拔絲地瓜當做甜點也超推薦"
花園夜市,Nathalie Nathy,在地嚮導 · 36 則評論 · 433 張相片,8 個月前,5 顆星,
花園夜市,和劉,在地嚮導 · 34 則評論 · 530 張相片,8 個月前,4 顆星,美食饗宴
花園夜市,許明城,"在地嚮導 · 163 則評論 · 1,165 張相片",8 個月前,5 顆星,台南市著名觀光夜市，逛夜市的人潮多，攤販美食小吃等種類也相當多元，逛夜市的遊客有很多樣選擇，覺得是很不錯的地方，值得逛逛吃美食玩遊戲。
花園夜市,鄭瑞瑞（卡丘）,3 則評論 · 1 張相片,8 個月前,4 顆星,
花園夜市,莊KJ,"在地嚮導 · 604 則評論 · 15,422 張相片",8 個月前,5 顆星,自己煎牛排
花園夜市,蔡侑原,在地嚮導 · 26 則評論,8 個月前,4 顆星,假日來攤位還是很多的 但是夜市重覆性比較高 來消磨時間還是很不錯的
花園夜市,陳進吉,3 則評論,8 個月前,5 顆星,
花園夜市,曾珮甄,在地嚮導,8 個月前,5 顆星,
花園夜市,陳吉良,在地嚮導 · 3 則評論 · 4 張相片,8 個月前,5 顆星,
花園夜市,飄逸,在地嚮導 · 39 則評論,8 個月前,3 顆星,夜市
花園夜市,安格斯angus5553,在地嚮導 · 27 則評論 · 2 張相片,8 個月前,5 顆星,
花園夜市,Henry Zeng,14 則評論,8 個月前,5 顆星,
花園夜市,陳維新,在地嚮導 · 37 則評論 · 14 張相片,8 個月前,4 顆星,吃喝玩樂一應俱全，而且重複性不高各有特色，價位也較逢甲、一中便宜。
花園夜市,Sophia 雪梅,"在地嚮導 · 36 則評論 · 1,657 張相片",8 個月前,5 顆星,
花園夜市,屋塔上的小野貓,在地嚮導 · 14 則評論 · 4 張相片,8 個月前,5 顆星,"路邊可停車  吃的玩的都有
小孩玩很的開心"
花園夜市,吳展宏,在地嚮導 · 16 則評論 · 11 張相片,8 個月前,5 顆星,
花園夜市,陳竹君,5 則評論 · 4 張相片,8 個月前,5 顆星,
花園夜市,Somesh Yadav,1 則評論 · 1 張相片,8 個月前,3 顆星,
花園夜市,陳仕宏,在地嚮導 · 22 則評論 · 177 張相片,8 個月前,4 顆星,
花園夜市,abcd 1234,在地嚮導 · 108 則評論 · 249 張相片,8 個月前,5 顆星,不錯吃，不錯逛，好停車，開心
花園夜市,黃雲勇,在地嚮導 · 9 則評論 · 76 張相片,8 個月前,5 顆星,好吃
花園夜市,小藍,1 則評論,8 個月前,4 顆星,
花園夜市,wAicHi Co,,8 個月前,5 顆星,
花園夜市,李怡珊,在地嚮導 · 17 則評論 · 8 張相片,8 個月前,5 顆星,
花園夜市,雲speed8338,"在地嚮導 · 879 則評論 · 4,850 張相片",8 個月前,4 顆星,"各種小吃應有盡有~新奇和伝統並存。
第二次來這，依然是人潮多多，傳統式的小吃，新奇的也不少，但很多都是得排隊。02231209"
花園夜市,how Lo,在地嚮導 · 20 則評論 · 1 張相片,8 個月前,5 顆星,"南部最好逛的夜市
Ps:停車很難停，附近收費很貴"
花園夜市,zWei,9 則評論 · 3 張相片,8 個月前,5 顆星,
花園夜市,Sam Wang,在地嚮導 · 8 則評論 · 41 張相片,8 個月前,5 顆星,"多樣化美食
很棒"
花園夜市,Chi Chi,在地嚮導 · 16 則評論,8 個月前,5 顆星,食物很好吃 人員親切
花園夜市,芙云亭,在地嚮導 · 45 則評論 · 22 張相片,8 個月前,5 顆星,超愛的，只是距離太遙遠了
花園夜市,lin J,16 則評論 · 2 張相片,8 個月前,5 顆星,
花園夜市,Mario Marionette,在地嚮導 · 30 則評論 · 94 張相片,8 個月前,5 顆星,走路過來有點遠，但是環境還不錯，吃的也很多玩得也很多買了一杯西瓜汁，無糖的挺好喝
花園夜市,陳瀞玲,在地嚮導 · 28 則評論 · 25 張相片,8 個月前,4 顆星,整體感覺不差
花園夜市,Imam Hambali,1 則評論,8 個月前,5 顆星,擠
花園夜市,林侑廷,12 則評論 · 2 張相片,8 個月前,5 顆星,棒
花園夜市,莉莉,在地嚮導 · 19 則評論 · 54 張相片,8 個月前,5 顆星,
花園夜市,陳建宏,在地嚮導 · 5 則評論 · 5 張相片,8 個月前,5 顆星,
花園夜市,Zhaoru Ye,在地嚮導 · 77 則評論 · 112 張相片,8 個月前,5 顆星,推推👍 …
花園夜市,王小明,在地嚮導 · 196 則評論 · 15 張相片,8 個月前,4 顆星,很大很好逛，有免費停車場
花園夜市,李欣倫,在地嚮導 · 502 則評論 · 372 張相片,8 個月前,5 顆星,攤商多樣化，價格近期變得平實，附近收費停車現在漲到一次150。
花園夜市,邊邊,在地嚮導 · 157 則評論 · 99 張相片,8 個月前,5 顆星,暑假大家都應該來的好地方
花園夜市,Peter Lin,"在地嚮導 · 1,137 則評論 · 5,553 張相片",8 個月前,5 顆星,夜市食 夜市美食（雜麥芽湯、烤魷魚、紅燒主教鼻、棺材吐司、火焰烤牛塊、。台灣三大著名夜市代表各地區最大，北部是士林，中部是士林）它是逢甲，在南邊是花園（花園），我們在這裡花了至少3個小時，逛了許多食品店，然後是服裝店、飾品店和遊戲店。了），這是台灣最好的夜市之一哦，這個夜市每週只開放3 天（週四、週六和周日），所以計劃一下。
花園夜市,王美慧,在地嚮導 · 5 則評論 · 7 張相片,8 個月前,5 顆星,
花園夜市,劉力瑋,11 則評論 · 1 張相片,8 個月前,5 顆星,
花園夜市,蕭驛至,在地嚮導 · 880 則評論 · 70 張相片,8 個月前,5 顆星,"攤位很多，規劃完美，停車方便安全。
適合全家休閒逛街"
花園夜市,聖育,在地嚮導 · 258 則評論 · 130 張相片,8 個月前,4 顆星,有下車與停車規劃的夜市，感覺很驚艷…覺得比台北的夜市更體貼，不是只有滿滿的商業感
花園夜市,吳世國,在地嚮導 · 22 則評論 · 200 張相片,8 個月前,4 顆星,很多好吃新鮮的食物
花園夜市,jojonicole Kao,在地嚮導 · 8 則評論 · 1 張相片,8 個月前,5 顆星,
花園夜市,粘玉女,2 則評論 · 4 張相片,8 個月前,4 顆星,
花園夜市,ay M,9 則評論 · 2 張相片,8 個月前,5 顆星,
花園夜市,洪緒源,在地嚮導 · 43 則評論 · 775 張相片,8 個月前,4 顆星,
花園夜市,123 L,15 則評論 · 1 張相片,8 個月前,3 顆星,"夜市太有名 擁擠程度100顆星

如果要推嬰兒車的 不建議 …"
花園夜市,香菜,在地嚮導 · 552 則評論 · 758 張相片,8 個月前,5 顆星,"很棒欸！
13年後來逛花園夜市
變好多 大東夜市的愛攤也都搬過來了 …"
花園夜市,熊momo,在地嚮導 · 81 則評論 · 99 張相片,8 個月前,2 顆星,普通很普通很普通
花園夜市,Bonnie Wang,在地嚮導 · 94 則評論 · 178 張相片,8 個月前,5 顆星,超讚的~~好久沒吃到平價美食
花園夜市,淑純林,1 則評論,8 個月前,4 顆星,
花園夜市,cyt,在地嚮導 · 32 則評論 · 1 張相片,8 個月前,5 顆星,
花園夜市,Joy,在地嚮導 · 30 則評論 · 39 張相片,8 個月前,5 顆星,
花園夜市,Giuseppe Ferrari,3 則評論,8 個月前,1 顆星,
花園夜市,Silentever Ss,在地嚮導 · 137 則評論 · 15 張相片,8 個月前,4 顆星,
花園夜市,林俊呈,在地嚮導 · 45 則評論 · 132 張相片,8 個月前,5 顆星,動線不錯
花園夜市,rich din,在地嚮導 · 66 則評論 · 31 張相片,8 個月前,1 顆星,花園夜市燈牌進去鹹水雞是臭酸的，環境擁擠
花園夜市,Sam Liu,在地嚮導 · 180 則評論 · 96 張相片,8 個月前,4 顆星,"因為很早到，所以有車位停。
面積確實是滿大的
平日去的，人還是不少，可見假日的人潮是很多的，去要趁早 …"
花園夜市,nick chiu,在地嚮導 · 54 則評論 · 19 張相片,8 個月前,5 顆星,"送飲料則抵用卷！
沙威瑪好吃、滷雞腳更是優秀"
花園夜市,Hsu Candy,在地嚮導 · 11 則評論 · 6 張相片,8 個月前,4 顆星,
花園夜市,陳靜怡,在地嚮導 · 22 則評論 · 51 張相片,8 個月前,5 顆星,東西好吃，動線分明
花園夜市,謝小秉（Joshua）,7 則評論 · 24 張相片,8 個月前,5 顆星,"請問有人撿到BMW這鑰匙遙控嗎？

心痛哭泣中～～～"
花園夜市,王胖忠,在地嚮導 · 20 則評論 · 59 張相片,8 個月前,4 顆星,人山人海 熱啊！
花園夜市,Nai Yoma,在地嚮導 · 15 則評論 · 19 張相片,8 個月前,4 顆星,"我正在尋找胡椒麻糬，但可能是因為颱風的緣故，沒有商店出售。 （原來好像在展示）
整體來說好像比當地貴一點，但是店家很多，可以逛很久。
我真的很高興我去了。"
花園夜市,許琬軒,在地嚮導 · 2 則評論,8 個月前,5 顆星,
花園夜市,Aprilia Rahmawati,在地嚮導 · 17 則評論 · 900 張相片,8 個月前,5 顆星,
花園夜市,SHANYI HONG,在地嚮導 · 30 則評論 · 11 張相片,8 個月前,5 顆星,太多攤販了，超好逛
花園夜市,梁詠竣,在地嚮導 · 19 則評論 · 1 張相片,8 個月前,1 顆星,明明裡面附設的停車場有位置，還被趕去隔壁要收費150元的停車場，傻眼，爛地方。
花園夜市,meme j,在地嚮導 · 15 則評論 · 32 張相片,8 個月前,5 顆星,
花園夜市,呂金城,在地嚮導 · 23 則評論 · 40 張相片,8 個月前,5 顆星,
花園夜市,Pose Chen,在地嚮導 · 55 則評論 · 2 張相片,8 個月前,5 顆星,
花園夜市,xoxo_Linna,"在地嚮導 · 485 則評論 · 1,852 張相片",8 個月前,5 顆星,"1.臭豆腐：忘記哪一家，還不錯

2.阿美嬤紅茶奶： …"
花園夜市,豪杰,在地嚮導 · 33 則評論 · 20 張相片,8 個月前,5 顆星,吃喝玩樂逛夜市
花園夜市,孫嘉澤,在地嚮導 · 292 則評論 · 20 張相片,8 個月前,5 顆星,讚
花園夜市,翁迪迪,1 則評論,8 個月前,5 顆星,
花園夜市,劉明華,"在地嚮導 · 92 則評論 · 1,363 張相片",8 個月前,5 顆星,
花園夜市,曾寶寶寶,在地嚮導 · 152 則評論 · 29 張相片,8 個月前,4 顆星,有停車場，賣吃的東西好多，
花園夜市,Howard Shih,在地嚮導 · 13 則評論 · 5 張相片,8 個月前,5 顆星,
花園夜市,玟馨（玟兒）,在地嚮導 · 53 則評論 · 667 張相片,8 個月前,5 顆星,
花園夜市,Riley Wang,在地嚮導 · 39 則評論 · 12 張相片,8 個月前,3 顆星,
花園夜市,徐紅,5 則評論 · 5 張相片,8 個月前,5 顆星,
花園夜市,李瑞峰,在地嚮導 · 21 則評論,8 個月前,5 顆星,一個字，大，就是大，逛起來很爽，必點厚蛋燒，白糖桂，彈乒乓球很好中！
花園夜市,郭炳宏,"在地嚮導 · 150 則評論 · 6,490 張相片",8 個月前,5 顆星,
花園夜市,陳海倫,在地嚮導 · 5 則評論 · 20 張相片,8 個月前,5 顆星,
花園夜市,Nick Chiu,在地嚮導 · 38 則評論 · 22 張相片,8 個月前,4 顆星,人很多，吃的也很多，黃家烤魚很值得吃還有蛤蜊也很鮮，很棒
花園夜市,林延勳,在地嚮導 · 20 則評論 · 13 張相片,8 個月前,3 顆星,
花園夜市,Y.F. Chen,"在地嚮導 · 637 則評論 · 1,395 張相片",8 個月前,5 顆星,不少可以讓小朋友玩的攤位
花園夜市,Chieh Yi,在地嚮導 · 84 則評論 · 103 張相片,8 個月前,5 顆星,拔絲地瓜跟涼筍很好吃🤩 …
花園夜市,渝秝黃,在地嚮導 · 237 則評論 · 336 張相片,8 個月前,5 顆星,"攤位很多各式各樣吃的、穿的、玩的都有,旁邊有停車場很方便。"
花園夜市,Eric Kuo,在地嚮導 · 71 則評論 · 112 張相片,8 個月前,3 顆星,"來過多次，就是夜市
有些餐點真的還好而已
東山鴨頭、蚵仔煎真的好普通"
花園夜市,李春連,在地嚮導 · 92 則評論 · 817 張相片,8 個月前,5 顆星,
花園夜市,李建慶,在地嚮導 · 115 則評論 · 13 張相片,8 個月前,4 顆星,颱風後，營業種類較少。
花園夜市,月小凌,在地嚮導 · 32 則評論 · 107 張相片,8 個月前,4 顆星,"規模算蠻大的夜市，停車位也有規劃動線，現場也有安排人員指揮，整體來說是很不錯的👍🏻
另外推一個不錯的遊戲區攤位，一百元可以玩兩樣遊戲，玩具也可以選擇兩樣，對於小朋友來說是非常棒的👍🏻 …"
花園夜市,佩伶陳,4 張相片,8 個月前,4 顆星,
花園夜市,agegigi,5 則評論,8 個月前,5 顆星,
花園夜市,你好嗎,4 則評論 · 2 張相片,8 個月前,1 顆星,"消費完去附近朋友家吃東西回來就被鎖了？
還是說有明確規定說消費完車子不能留在這邊嗎？
如果有也沒看到公告阿，啥都沒有吃完東西回來車子變這樣，留的電話也打不通是把人莊孝維嗎"
花園夜市,呂,在地嚮導 · 50 則評論 · 53 張相片,8 個月前,3 顆星,
花園夜市,David Liu,在地嚮導 · 41 則評論 · 6 張相片,8 個月前,5 顆星,好吃好玩，溜小孩的好地方
花園夜市,Nicky Li,在地嚮導 · 76 則評論 · 27 張相片,8 個月前,3 顆星,好幾年沒來，點了好幾攤，東西真的都偏難吃🥲🥲有點空虛 …
花園夜市,慶倉陳,在地嚮導 · 26 則評論,8 個月前,3 顆星,
花園夜市,林語堂,在地嚮導 · 24 則評論 · 2 張相片,8 個月前,5 顆星,"有ubike可使用，交通方便。
美食、服飾、遊樂攤商位置集中區分清楚，很好逛也很好買。"
花園夜市,陳秀茹,在地嚮導 · 112 則評論 · 125 張相片,8 個月前,4 顆星,
花園夜市,謝淑惠,13 則評論 · 5 張相片,8 個月前,5 顆星,
花園夜市,黃宗慶,3 則評論,8 個月前,5 顆星,
花園夜市,神之手,在地嚮導 · 47 則評論 · 2 張相片,8 個月前,5 顆星,超棒
花園夜市,陳達杉,在地嚮導 · 236 則評論 · 256 張相片,8 個月前,4 顆星,"有廁所、機車停車場
攤販很多種"
花園夜市,oraemn D,在地嚮導 · 100 則評論,8 個月前,5 顆星,吃東東
花園夜市,Jimmy Li,"在地嚮導 · 771 則評論 · 1,599 張相片",8 個月前,5 顆星,大又好逛，這邊有一間耳環店我很常回購，老闆是個男生有點口音可line pay 👍👍👍 …
花園夜市,楊咪咪,,8 個月前,5 顆星,
花園夜市,育進林,在地嚮導 · 45 則評論 · 51 張相片,8 個月前,5 顆星,
花園夜市,J C,在地嚮導 · 27 則評論 · 15 張相片,8 個月前,5 顆星,好吃、好玩、好逛
花園夜市,張芷蕎,在地嚮導 · 31 則評論,8 個月前,4 顆星,
花園夜市,蕭志剛,,9 個月前,5 顆星,
花園夜市,Khanh lam phuc,在地嚮導 · 52 則評論 · 47 張相片,9 個月前,5 顆星,
花園夜市,蔡婷,在地嚮導 · 14 則評論 · 23 張相片,9 個月前,5 顆星,
花園夜市,Tai Chen,在地嚮導 · 12 則評論 · 17 張相片,9 個月前,5 顆星,裡面有很多好吃的
花園夜市,Ice Cream (冰淇淋),在地嚮導 · 38 則評論 · 25 張相片,9 個月前,3 顆星,下雨的備案該有吧？ 台南市長？？？ 吃牛排吃到一半直接洗澡 還有牛排怎麼會有組合肉啊店家自己都不覺得難吃嗎天王！！
花園夜市,胡家豪,在地嚮導 · 71 則評論 · 25 張相片,9 個月前,5 顆星,
花園夜市,吳阿呆,1 則評論,9 個月前,4 顆星,
花園夜市,lilian,在地嚮導 · 46 則評論 · 47 張相片,9 個月前,3 顆星,"停車的方向引導的並不是很好，出入口也沒有非常明顯的指標，正常的指揮人員；在兩台車會車的時候,也沒有主動的引導進出；所以感覺不是很好；但是對於喜歡逛夜市小吃的人是個不錯的夜市！"
花園夜市,來仔,在地嚮導 · 19 則評論,9 個月前,4 顆星,當地人的美食
花園夜市,王舜民,"在地嚮導 · 173 則評論 · 1,435 張相片",9 個月前,5 顆星,
花園夜市,鄭惠文,在地嚮導 · 48 則評論 · 2 張相片,9 個月前,5 顆星,很好
花園夜市,周撰,在地嚮導 · 29 則評論 · 1 張相片,9 個月前,3 顆星,"覺得跟其他夜市差不了多少 沒有什麼特色
不用特別去吃"
花園夜市,張小正,,9 個月前,3 顆星,
花園夜市,陳YC,在地嚮導 · 44 則評論 · 88 張相片,9 個月前,5 顆星,平常日用餐時段離峰時間算好停車，6點後開始有車流，停車可能需要排隊，不過停車空間算多，免費就是棒！
花園夜市,林建輝,1 則評論,9 個月前,5 顆星,
花園夜市,秋白,4 則評論,9 個月前,5 顆星,
花園夜市,NICK “Nick Liao” LIAO,在地嚮導 · 102 則評論 · 128 張相片,9 個月前,4 顆星,"攤位多，各式各樣
好買好玩好吃好逛
旁邊又有星巴克，整個很方便"
花園夜市,林玉文,"在地嚮導 · 292 則評論 · 1,167 張相片",9 個月前,5 顆星,好吃的非常多，是台南市熱鬧的夜市之一
花園夜市,Daniel Lin,,9 個月前,4 顆星,
花園夜市,許秀如,在地嚮導 · 46 則評論 · 36 張相片,9 個月前,4 顆星,美食.飲料選擇性多樣化，附近停車位多。
花園夜市,徐豐閔,在地嚮導 · 25 則評論 · 61 張相片,9 個月前,4 顆星,
花園夜市,嘿嘿,在地嚮導 · 20 則評論 · 15 張相片,9 個月前,5 顆星,
花園夜市,Thomas Lai,在地嚮導 · 7 則評論 · 250 張相片,9 個月前,5 顆星,
花園夜市,胡瑞恩,在地嚮導 · 17 則評論 · 3 張相片,9 個月前,4 顆星,
花園夜市,許哲嘉,在地嚮導 · 21 則評論 · 3 張相片,9 個月前,5 顆星,
花園夜市,林欣樂,12 則評論 · 1 張相片,9 個月前,3 顆星,
花園夜市,Yun Lo,在地嚮導 · 19 則評論 · 9 張相片,9 個月前,5 顆星,
花園夜市,何明軒,4 則評論,9 個月前,4 顆星,
花園夜市,黃驛富,13 則評論 · 3 張相片,9 個月前,5 顆星,攤位多選擇性也很多，停車便利整體感覺不錯
花園夜市,渡辺薫,在地嚮導 · 110 則評論 · 203 張相片,9 個月前,5 顆星,說到台南，你就會想到這個地方。吃的、看的、玩的，一應俱全。
花園夜市,小品,在地嚮導 · 24 則評論 · 4 張相片,9 個月前,5 顆星,
花園夜市,楓落,在地嚮導 · 23 則評論 · 7 張相片,9 個月前,5 顆星,還是很多東西很好吃👍 …
花園夜市,陳致文,1 則評論,9 個月前,5 顆星,
花園夜市,J erry,在地嚮導 · 12 則評論 · 30 張相片,9 個月前,3 顆星,
花園夜市,Yi-Ping,在地嚮導 · 48 則評論 · 62 張相片,9 個月前,5 顆星,"台南最大的夜市
推統大雞排跟紅妃大腸香腸"
花園夜市,妙靈,在地嚮導 · 144 則評論 · 17 張相片,9 個月前,3 顆星,
花園夜市,Grace Wang,在地嚮導 · 32 則評論 · 100 張相片,9 個月前,5 顆星,"三訪花園夜市。

推例行性必吃的七佳蚵仔煎、牛肉湯（小）、豬血湯（+腸）； …"
花園夜市,hsiao佩瑜,在地嚮導 · 24 則評論 · 18 張相片,9 個月前,5 顆星,很棒
花園夜市,Nini Chung,在地嚮導 · 32 則評論 · 3 張相片,9 個月前,1 顆星,超爛很難吃又貴
花園夜市,W榕榕,在地嚮導 · 164 則評論 · 351 張相片,9 個月前,4 顆星,"方正的夜市 吃的東西很多
旁邊有給停車場 機車算是好停的"
花園夜市,葉樺殷,在地嚮導 · 250 則評論 · 706 張相片,9 個月前,4 顆星,
花園夜市,owen yip,在地嚮導 · 14 則評論 · 129 張相片,9 個月前,5 顆星,熱鬧
花園夜市,Q W,在地嚮導 · 38 則評論 · 45 張相片,9 個月前,4 顆星,素人歌手讓我看到台南文化傳承
花園夜市,Li Tang Chen,在地嚮導 · 18 則評論 · 8 張相片,9 個月前,5 顆星,
花園夜市,林椅子,17 則評論 · 6 張相片,9 個月前,5 顆星,
花園夜市,林永清,15 張相片,9 個月前,5 顆星,
花園夜市,M Cc,在地嚮導 · 107 則評論 · 45 張相片,9 個月前,2 顆星,沒什麼好吃的，有一家年輕女生做水果汁，看到製作過程嚇到，果真喝沒幾口回去後肚子絞痛。
花園夜市,wang cielo,在地嚮導 · 23 則評論 · 6 張相片,9 個月前,5 顆星,
花園夜市,Eleanor Tso,在地嚮導 · 54 則評論 · 132 張相片,9 個月前,5 顆星,
花園夜市,吳邸,14 則評論 · 5 張相片,9 個月前,5 顆星,好逛喔
花園夜市,Jordi Ferrer,在地嚮導 · 16 則評論 · 1 張相片,9 個月前,5 顆星,不是每晚都營業！
花園夜市,Jiez Wu,3 則評論 · 2 張相片,9 個月前,5 顆星,
花園夜市,DAISY SHEN,在地嚮導 · 13 則評論 · 4 張相片,9 個月前,5 顆星,
花園夜市,柴爸幸福吃喝,在地嚮導 · 192 則評論 · 957 張相片,9 個月前,5 顆星,"台南特色夜市
棒棒棒棒 …"
花園夜市,Paula,在地嚮導 · 176 則評論 · 282 張相片,9 個月前,1 顆星,什麼時候把草莓放在棍子上的？我吃過的最糟糕的糖葫蘆！  冷凍的水狀草莓看起來很糟。沒有人告訴我，第一口就像石頭一樣！  他們甚至在糖葫蘆的末尾放了一個番茄。我對番茄過敏！一點樂趣都沒有。女孩旁邊的男孩正在笑。不明白。這是最糟糕的！壞主意。
花園夜市,Mumu Wang,在地嚮導 · 53 則評論 · 102 張相片,9 個月前,5 顆星,
花園夜市,Clef C,在地嚮導 · 112 則評論 · 102 張相片,9 個月前,5 顆星,完美的臭豆腐配高麗菜配菜
花園夜市,黃冠銘,1 則評論 · 1 張相片,9 個月前,5 顆星,
花園夜市,C H,在地嚮導 · 282 則評論 · 426 張相片,9 個月前,5 顆星,好多好吃的 讚讚
花園夜市,林秋,在地嚮導 · 32 則評論 · 37 張相片,9 個月前,5 顆星,
花園夜市,劉惠萍,在地嚮導 · 12 則評論 · 8 張相片,9 個月前,4 顆星,
花園夜市,游漢松,1 則評論 · 8 張相片,9 個月前,5 顆星,
花園夜市,吳紀璋,15 則評論 · 5 張相片,9 個月前,5 顆星,好吃好玩又好逛的台南大型夜市。
花園夜市,Red Coffee,6 則評論 · 7 張相片,9 個月前,5 顆星,
花園夜市,陳宥璇,在地嚮導 · 32 則評論 · 442 張相片,9 個月前,4 顆星,
花園夜市,鄭凱鴻,在地嚮導 · 18 則評論 · 211 張相片,9 個月前,5 顆星,
花園夜市,Nana Chen,"在地嚮導 · 654 則評論 · 6,399 張相片",9 個月前,4 顆星,"二訪
拔絲地瓜還不錯，薯條很普 …"
花園夜市,鍾小昌,3 則評論,9 個月前,5 顆星,
花園夜市,不可能,在地嚮導 · 33 則評論 · 29 張相片,9 個月前,3 顆星,重複的東西太多，又很貴
花園夜市,Bryan Wan,在地嚮導 · 32 則評論 · 10 張相片,9 個月前,4 顆星,
花園夜市,Andrew Kilchenman,在地嚮導 · 16 則評論 · 4 張相片,9 個月前,5 顆星,帶您約會、配偶和/孩子的好地方。適合所有年齡層的東西。喜歡這個地方！
花園夜市,Kenya Kenya,在地嚮導 · 18 則評論 · 2 張相片,9 個月前,5 顆星,很多好玩好逛的，早點去 有免費停車
花園夜市,Jerry,在地嚮導 · 16 則評論 · 4 張相片,9 個月前,5 顆星,
花園夜市,Angus Wu,在地嚮導 · 311 則評論 · 8 張相片,9 個月前,5 顆星,好逛好有趣
花園夜市,顏美玲,3 則評論 · 1 張相片,9 個月前,5 顆星,
花園夜市,WX pang,8 則評論 · 2 張相片,9 個月前,5 顆星,不是每天都有。好像每週只營業3天。得獎夜市 值得一遊
花園夜市,林子甄,在地嚮導 · 15 則評論 · 2 張相片,9 個月前,5 顆星,多種美食的小吃，多種好玩的夜市小遊戲，遇假日人潮洶湧，絡繹不絕。
花園夜市,李亞傑,在地嚮導 · 20 則評論 · 5 張相片,9 個月前,5 顆星,好停車
花園夜市,王義雄,在地嚮導 · 12 則評論 · 17 張相片,9 個月前,3 顆星,靠近停車場旁邊的雞排真的不推，有雞排跟無骨雞腿排，選擇無骨雞腿排90元，那粉的份量也太多了，肉真的不多，肉柴太乾，跟阿亮，惡魔，派克雞排比起來，真的相差太多，臭豆腐值得推，貴不要緊，但真的好吃，外酥內軟，又多汁，超推
花園夜市,liu rishen,在地嚮導 · 15 則評論 · 2 張相片,9 個月前,5 顆星,
花園夜市,Rétty Hsu,"在地嚮導 · 435 則評論 · 4,588 張相片",9 個月前,4 顆星,
花園夜市,Rick Teng,在地嚮導 · 22 則評論 · 4 張相片,9 個月前,1 顆星,專賣不懂行情的觀光客
花園夜市,kuo kuo.bryan,在地嚮導 · 80 則評論 · 205 張相片,9 個月前,5 顆星,
花園夜市,蘇盈郎,2 則評論 · 1 張相片,9 個月前,5 顆星,
花園夜市,andys667,"在地嚮導 · 6 則評論 · 3,439 張相片",9 個月前,5 顆星,
花園夜市,林老師,在地嚮導 · 19 則評論 · 806 張相片,9 個月前,4 顆星,
花園夜市,frank lien,在地嚮導 · 35 則評論 · 27 張相片,9 個月前,4 顆星,這次來訪剛好遇到大雨，體驗不佳，小吃的價格漸漸的不太親民～
花園夜市,BABY VIVI,在地嚮導 · 107 則評論 · 524 張相片,9 個月前,5 顆星,除了沒有水準的遊客會邊走邊抽煙外；有些是台北的夜市沒有看過的，像是我買到了寶可夢遊戲卡的地毯，超特別的。
花園夜市,Jie Hong,"在地嚮導 · 425 則評論 · 1,478 張相片",9 個月前,3 顆星,"2024/7/14來訪
夜市算大，有停車場，附近也有付費的一次150$
遊戲區跟食物區分開 人潮算是多 不過都沒有看到想吃的，有看到一家柯佳佳還是何佳佳蔥油餅感覺很好吃 不過因為太累還有五六個人排隊就沒買了"
花園夜市,陳登富,在地嚮導 · 64 則評論 · 11 張相片,9 個月前,4 顆星,普普通通...
花園夜市,Feng潔,在地嚮導 · 7 則評論 · 3 張相片,9 個月前,4 顆星,好吃東西多。
花園夜市,Kenneth Cheung,在地嚮導 · 4 則評論,9 個月前,5 顆星,
花園夜市,東昕石,在地嚮導 · 37 則評論 · 4 張相片,9 個月前,5 顆星,人多好逛選擇多
花園夜市,朕來了,5 則評論 · 2 張相片,9 個月前,5 顆星,讚
花園夜市,Siwawut Nuchpan,在地嚮導 · 5 則評論 · 15 張相片,9 個月前,5 顆星,🫡🫡👍👍🤝🤝 …
花園夜市,張高昇,,9 個月前,5 顆星,
花園夜市,Jacky鈞議,在地嚮導 · 15 則評論 · 1 張相片,9 個月前,5 顆星,
花園夜市,安東尼,在地嚮導 · 99 則評論 · 185 張相片,9 個月前,4 顆星,什麼都貴
花園夜市,陳俊瑋,在地嚮導 · 26 則評論 · 3 張相片,9 個月前,5 顆星,
花園夜市,周承毅,在地嚮導 · 5 則評論 · 4 張相片,9 個月前,3 顆星,
花園夜市,黃小燕,在地嚮導 · 6 則評論 · 6 張相片,9 個月前,5 顆星,很大很好逛，但是人超多
花園夜市,吳睿淋,11 則評論 · 4 張相片,9 個月前,5 顆星,
花園夜市,X,在地嚮導 · 35 則評論 · 2 張相片,9 個月前,4 顆星,很多好吃的，但夏天真的逛到滿身汗
花園夜市,shiang huei lin,在地嚮導 · 42 則評論 · 147 張相片,9 個月前,4 顆星,
花園夜市,Ruei. Chen,在地嚮導 · 37 則評論 · 14 張相片,9 個月前,5 顆星,
花園夜市,陳忠政,在地嚮導 · 5 則評論 · 1 張相片,9 個月前,4 顆星,
花園夜市,謝鎮安,在地嚮導 · 50 則評論 · 14 張相片,9 個月前,5 顆星,
花園夜市,CW H,在地嚮導 · 111 則評論 · 936 張相片,9 個月前,4 顆星,
花園夜市,王淑文王淑文,在地嚮導 · 5 則評論 · 12 張相片,9 個月前,5 顆星,
花園夜市,陳建廷買布特（浦浦）,4 則評論,9 個月前,5 顆星,
花園夜市,Yeh Michael,在地嚮導 · 392 則評論 · 501 張相片,9 個月前,4 顆星,佔地很大，是臺南最大的夜市，攤位種類五花八門，有吃的、有用的、有玩的、有叫賣的，逛一圈下來，即使都不消費也需要花點時間。挺好玩的地方，就是人太多了，攤位太多了，感覺動線不是很好。停車場很大，附近還有許多路邊停車格。
花園夜市,wen-hsiu hsu,"在地嚮導 · 728 則評論 · 10,203 張相片",9 個月前,4 顆星,觀光客的最愛！吃的選項蠻多的，也有得玩，尖峰時段汽車停車要等很久喔！停車格也因可多一些，所以寬度間距都比較小些，有公廁很方便！
花園夜市,蕭鈞天,3 則評論 · 3 張相片,9 個月前,5 顆星,
花園夜市,張菘益（Zhang三君）,在地嚮導 · 108 則評論 · 363 張相片,9 個月前,4 顆星,
花園夜市,鄭洪任,在地嚮導 · 4 則評論 · 114 張相片,9 個月前,4 顆星,
花園夜市,黃信評,1 則評論 · 1 張相片,9 個月前,4 顆星,
花園夜市,nova,在地嚮導 · 64 則評論 · 78 張相片,9 個月前,4 顆星,越來越商業化，東西重複性蠻高的，但也很多異國美食，車流量大，建議不要開車來，停車很麻煩
花園夜市,馬淑娟,4 則評論 · 3 張相片,9 個月前,5 顆星,
花園夜市,Mia Yue,在地嚮導 · 20 則評論 · 24 張相片,9 個月前,5 顆星,
花園夜市,中川,在地嚮導 · 35 則評論 · 8 張相片,9 個月前,5 顆星,每次逛都逛不膩
花園夜市,吳惠雯,3 則評論,9 個月前,4 顆星,多樣化美食有趣的遊戲大人小孩都開心
花園夜市,陳俊成,2 則評論 · 1 張相片,9 個月前,5 顆星,
花園夜市,潘國禎,在地嚮導 · 4 則評論 · 1 張相片,9 個月前,5 顆星,
花園夜市,江怡芳,11 則評論 · 10 張相片,9 個月前,5 顆星,
花園夜市,曹皓程,在地嚮導 · 63 則評論 · 5 張相片,9 個月前,3 顆星,
花園夜市,顏伯璋,在地嚮導 · 128 則評論 · 192 張相片,9 個月前,5 顆星,復古的打彈珠遊戲。
花園夜市,廖宗能,在地嚮導 · 27 則評論 · 135 張相片,9 個月前,5 顆星,
花園夜市,曾世豪,在地嚮導 · 32 則評論 · 303 張相片,9 個月前,5 顆星,
花園夜市,Leslie Su,11 則評論 · 1 張相片,9 個月前,5 顆星,
花園夜市,Hsinyi Lin,在地嚮導 · 57 則評論 · 61 張相片,9 個月前,5 顆星,好逛～附近停車場很多！但假日還是會稍微等待一下
花園夜市,吳Remus,3 則評論,9 個月前,5 顆星,
花園夜市,邱仕婕,在地嚮導 · 19 則評論 · 16 張相片,9 個月前,3 顆星,身為台灣前幾大夜市竟然找不到垃圾桶可以丟垃圾，就這點還蠻讓人驚訝的xD
花園夜市,Bee,在地嚮導 · 9 則評論,9 個月前,5 顆星,
花園夜市,James Wu,在地嚮導 · 129 則評論 · 62 張相片,9 個月前,5 顆星,
花園夜市,子綺,在地嚮導 · 36 則評論 · 64 張相片,9 個月前,5 顆星,超好買 可惜最近常吃的鹹酥雞攤 休息
花園夜市,Emily,在地嚮導 · 72 則評論 · 20 張相片,9 個月前,5 顆星,
花園夜市,黃張洋,5 則評論 · 3 張相片,9 個月前,5 顆星,
花園夜市,Johnny,在地嚮導 · 76 則評論 · 414 張相片,9 個月前,1 顆星,天王牛排非常難吃 雞腿排用炸的又乾又扁
花園夜市,tiara pradita,在地嚮導 · 8 則評論 · 21 張相片,9 個月前,5 顆星,喜歡這種氛圍
花園夜市,Alex Lin,在地嚮導 · 33 則評論 · 66 張相片,9 個月前,5 顆星,除了停車不便 一切美好
花園夜市,Fang,3 則評論,9 個月前,5 顆星,
花園夜市,鄭秋惠,3 則評論,9 個月前,5 顆星,
花園夜市,潘韻如,在地嚮導 · 52 則評論 · 101 張相片,9 個月前,3 顆星,"沒有用餐只有去夜市玩遊戲
每一個攤位都是100元/局起跳，大部分可以linepay很方便
娃娃也非常有誠意，只是夜市放久了味道不佳，回家一定要清洗 …"
花園夜市,林馨卉,在地嚮導 · 77 則評論 · 74 張相片,9 個月前,3 顆星,乾淨整潔👍可惜人潮太多要坐下品嚐的位置不夠很擁擠，小吃也很普通。 …
花園夜市,劉大偉,在地嚮導 · 18 則評論 · 10 張相片,9 個月前,2 顆星,超難停車
花園夜市,江大,3 則評論,9 個月前,5 顆星,
花園夜市,壞小熊,在地嚮導 · 42 則評論 · 15 張相片,9 個月前,5 顆星,踏上這裡，所謂的胃口就沒有停止的動作
花園夜市,Wilson Pan,4 則評論 · 2 張相片,9 個月前,5 顆星,
花園夜市,黃坤銘,在地嚮導 · 22 則評論,9 個月前,5 顆星,很大很好逛
花園夜市,Rui Teng Zeng,5 則評論 · 3 張相片,9 個月前,4 顆星,
花園夜市,陳冠賢（與魯蛇宗小學徒一起讀路德）,在地嚮導 · 36 則評論 · 307 張相片,9 個月前,4 顆星,
花園夜市,Sandy珊 Lee,9 則評論 · 3 張相片,9 個月前,5 顆星,
花園夜市,周奕琳,在地嚮導 · 50 則評論 · 68 張相片,9 個月前,5 顆星,吃飯的好地方～濃濃的人情味
花園夜市,Patti Chan,"在地嚮導 · 229 則評論 · 1,993 張相片",9 個月前,5 顆星,"久違的花園夜市
二師兄的米血、雞心依舊好好吃！！"
花園夜市,周靈兒,在地嚮導 · 17 則評論 · 6 張相片,9 個月前,5 顆星,有幾攤是每次去都必買的！
花園夜市,陳淑珍,在地嚮導 · 21 則評論 · 71 張相片,9 個月前,4 顆星,有附設免費停車位及廁所，蠻不錯的，但是垃圾桶太少了，丟垃圾不太方便
花園夜市,吳億,4 則評論 · 1 張相片,9 個月前,5 顆星,
花園夜市,haojay C,在地嚮導 · 898 則評論 · 743 張相片,9 個月前,2 顆星,開夜市規劃的很不完善 只是攤位多 買完東西沒有休息區可以有座位吃東西 沒有垃圾桶 太離譜了攤位東西重複 只是複製一個吃東西逛街的地方而已 而且幾分鐘就走完了來過一次下次不會再來了
花園夜市,黃靖雯,2 則評論 · 1 張相片,9 個月前,5 顆星,
花園夜市,林雅琳,在地嚮導 · 41 則評論 · 240 張相片,9 個月前,5 顆星,
花園夜市,John Sun,1 則評論,9 個月前,5 顆星,
花園夜市,陳彥希,5 則評論 · 5 張相片,9 個月前,4 顆星,
花園夜市,魚仔,在地嚮導 · 13 則評論 · 12 張相片,9 個月前,5 顆星,
花園夜市,Shun Tsang,3 則評論 · 6 張相片,9 個月前,5 顆星,非常大的夜市，非常多不同種類的食物，很好逛
花園夜市,沈加芬,在地嚮導 · 9 則評論 · 34 張相片,9 個月前,5 顆星,
花園夜市,asablue ccc,在地嚮導 · 99 則評論 · 194 張相片,9 個月前,5 顆星,晚上七點多開車前來，夜市排停車位的車潮嚇人，只好開遠一點停車再走過來。夜市有吃有玩，沒什麼地雷，只是加總起來也不便宜呀！
花園夜市,Muxi (沐錫.),在地嚮導 · 51 則評論 · 14 張相片,9 個月前,5 顆星,
花園夜市,四處跑跑,10 則評論 · 3 張相片,9 個月前,4 顆星,"人很多
很擠
要吃的又剛好沒來擺
還好有喝到超好喝的泰奶攤的紅茶跟泰奶"
花園夜市,王慧莉,在地嚮導 · 121 則評論 · 37 張相片,9 個月前,4 顆星,飲食攤位桌椅下，有垃圾未收乾淨，遺憾了！
花園夜市,林老師,在地嚮導 · 129 則評論 · 681 張相片,9 個月前,3 顆星,
花園夜市,Chia Yin Hung (Grace),20 則評論 · 76 張相片,9 個月前,5 顆星,"為了這一杯飲料🤤
我願意每週四六日都去花園夜市！
阿輝愛玉冰超級好喝～ …"
花園夜市,戴承堯,10 則評論 · 6 張相片,9 個月前,4 顆星,
花園夜市,Ka iser,在地嚮導 · 20 則評論 · 19 張相片,9 個月前,5 顆星,超愛，何佳佳蔥油餅必吃
花園夜市,。。,6 則評論,9 個月前,5 顆星,七辣很多👍 …
花園夜市,王傑民,3 則評論,9 個月前,5 顆星,
花園夜市,Love So,在地嚮導 · 146 則評論 · 215 張相片,9 個月前,5 顆星,很多特別的東西，假日汽車排隊入場
花園夜市,Hsuan Liu,9 則評論 · 5 張相片,9 個月前,4 顆星,
花園夜市,蘇泯蓉,2 則評論 · 2 張相片,9 個月前,5 顆星,
花園夜市,Johnny Sim,在地嚮導 · 3 則評論 · 25 張相片,9 個月前,5 顆星,
花園夜市,渡菲,6 則評論 · 15 張相片,9 個月前,5 顆星,
花園夜市,shusma Altis,在地嚮導 · 100 則評論 · 669 張相片,9 個月前,3 顆星,太多人
花園夜市,Vivian HUANG,在地嚮導 · 10 則評論 · 59 張相片,9 個月前,5 顆星,
花園夜市,楊金龍,,9 個月前,5 顆星,
花園夜市,劉運芳,在地嚮導 · 139 則評論 · 369 張相片,9 個月前,5 顆星,"202407042030

花卉盛開人情味郁 …"
花園夜市,ZiON Kung,在地嚮導 · 33 則評論 · 33 張相片,9 個月前,5 顆星,
花園夜市,rainy hu,11 則評論 · 7 張相片,9 個月前,5 顆星,帶著一群國際學生逛花園夜市， 各個玩得開心吃得滿足， 唯獨素食的學生選擇不多！
花園夜市,邱奕翔,在地嚮導 · 6 則評論,9 個月前,5 顆星,
花園夜市,忍者龜頭痛,在地嚮導 · 17 則評論,9 個月前,5 顆星,
花園夜市,添益,5 則評論,9 個月前,4 顆星,
花園夜市,Estella Chan,197 則評論 · 178 張相片,9 個月前,5 顆星,種類繁多！服務很好😚美味，高效，價格合理。空間巨大。 …
花園夜市,張叔清,在地嚮導 · 16 則評論 · 45 張相片,9 個月前,5 顆星,
花園夜市,Hedwig Chang,2 則評論,9 個月前,5 顆星,
花園夜市,蔡大大,"在地嚮導 · 744 則評論 · 7,853 張相片",9 個月前,5 顆星,台南人氣最旺的夜市，四六日營業，吃的非常多，玩的也是，但天氣太熱來逛是一件很可怕的事。
花園夜市,謝建圻,1 則評論,9 個月前,5 顆星,可以很好
花園夜市,mo pu,在地嚮導 · 21 則評論 · 26 張相片,9 個月前,5 顆星,
花園夜市,林子傑,19 則評論 · 12 張相片,9 個月前,5 顆星,
花園夜市,捷星,2 則評論,9 個月前,5 顆星,很棒有很多好吃好玩的
花園夜市,李文欽,在地嚮導 · 11 則評論 · 222 張相片,9 個月前,5 顆星,
花園夜市,YR,11 則評論 · 2 張相片,9 個月前,4 顆星,
花園夜市,明,在地嚮導 · 84 則評論 · 2 張相片,9 個月前,5 顆星,
花園夜市,龍寶,在地嚮導 · 71 則評論 · 40 張相片,9 個月前,5 顆星,"身為高雄人的我
經常騎車到花園夜市遊玩
遊戲價位費用比高雄的高 …"
花園夜市,MRYTS2009,1 則評論,9 個月前,5 顆星,
花園夜市,廖子楊,2 則評論,9 個月前,5 顆星,
花園夜市,ANITA LEE,在地嚮導 · 127 則評論 · 199 張相片,9 個月前,5 顆星,"台南的花園夜市算是一個大型的夜市
夜市販售的食物其實差不多就是那樣
但是還是有可以推薦給大家的 …"
花園夜市,宇,在地嚮導 · 53 則評論 · 2 張相片,9 個月前,5 顆星,
花園夜市,YONGFRUENT LUO,1 則評論 · 3 張相片,9 個月前,4 顆星,
花園夜市,Jay,在地嚮導 · 57 則評論 · 94 張相片,9 個月前,4 顆星,連假造訪夜市，人果然擠到水洩不通，不過非常多的美食，讓我有機會一定會再來～
花園夜市,林佑嘉,在地嚮導 · 5 則評論 · 9 張相片,9 個月前,5 顆星,
花園夜市,曾柄慎,在地嚮導 · 7 則評論,9 個月前,5 顆星,
花園夜市,蔡欣芸（Laen Mo）,5 則評論 · 1 張相片,9 個月前,5 顆星,
花園夜市,th ou,在地嚮導 · 50 則評論 · 2 張相片,9 個月前,5 顆星,值得到此一遊，缺點不好停車
花園夜市,신동엽,,9 個月前,5 顆星,
花園夜市,劉柏均,在地嚮導 · 14 則評論,9 個月前,4 顆星,
花園夜市,Henry Quek,在地嚮導 · 62 則評論 · 359 張相片,9 個月前,4 顆星,食物不錯，但人太多了。
花園夜市,佳,在地嚮導 · 15 則評論 · 12 張相片,9 個月前,4 顆星,
花園夜市,王順弘,在地嚮導 · 177 則評論 · 17 張相片,9 個月前,5 顆星,
花園夜市,Ellen Chen,在地嚮導 · 69 則評論 · 30 張相片,9 個月前,5 顆星,觀光夜市
花園夜市,西岸手作義式冰淇淋,在地嚮導 · 33 則評論 · 71 張相片,9 個月前,5 顆星,
花園夜市,Jeffrey Necesito,2 則評論 · 7 張相片,9 個月前,4 顆星,
花園夜市,江將講醬,"在地嚮導 · 231 則評論 · 1,124 張相片",9 個月前,4 顆星,裡面有些小吃滿特別的，其他地方吃不太到，整體還不錯👍 …
花園夜市,YUN XUAN LI,在地嚮導 · 39 則評論 · 4 張相片,9 個月前,4 顆星,
花園夜市,Fra Cocco,在地嚮導 · 57 則評論 · 2 張相片,9 個月前,5 顆星,很漂亮而且食物種類很多
花園夜市,黃義霖,"在地嚮導 · 52 則評論 · 1,033 張相片",9 個月前,5 顆星,
花園夜市,林家衣,7 則評論 · 1 張相片,9 個月前,5 顆星,
花園夜市,水哥,在地嚮導 · 344 張相片,9 個月前,4 顆星,
花園夜市,啵啵雞,在地嚮導 · 55 則評論 · 1 張相片,9 個月前,3 顆星,多年後再次前往，少了一些原本的味道。
花園夜市,ChunMo Chen,"在地嚮導 · 122 則評論 · 1,268 張相片",9 個月前,4 顆星,
花園夜市,YuShun Chen,4 則評論,9 個月前,5 顆星,
花園夜市,debutation1989,2 則評論,9 個月前,3 顆星,氣氛還不錯。然而，唯一引人注目的是食物和遊戲。紀念品不多。如果你想要一個乾淨、安靜的環境，我不會推薦它。
花園夜市,屁屁,"在地嚮導 · 232 則評論 · 2,753 張相片",9 個月前,5 顆星,"#覓蘇
觀望這家提拉米蘇已經好久了！
今天逛花園夜市剛好遇到（不是緣分不然是什麼念）於是就決定要買來吃吃看！ …"
花園夜市,溫風燈,"在地嚮導 · 905 則評論 · 2,846 張相片",9 個月前,4 顆星,
花園夜市,呂冠賢,在地嚮導 · 160 則評論 · 757 張相片,9 個月前,4 顆星,附近真的是超難停車，停車場整個爆滿，不過蠻好逛的
花園夜市,簡伯,在地嚮導 · 7 則評論 · 14 張相片,9 個月前,4 顆星,
花園夜市,啦啦啦,在地嚮導 · 43 則評論 · 57 張相片,9 個月前,5 顆星,停車方便，不收費。夜市就夜市，沒特別的賣點
花園夜市,chemin chen,在地嚮導 · 212 則評論 · 116 張相片,9 個月前,3 顆星,人很多，旁邊有免費停車場要排隊，不過既然來到台南、如果是為了特色美食小吃而來的話、就會失望了。另外、老婆說雞腳凍好吃
花園夜市,蔡鎮宇,在地嚮導 · 16 則評論 · 20 張相片,9 個月前,5 顆星,
花園夜市,jocelyn chang,13 則評論 · 3 張相片,9 個月前,5 顆星,
花園夜市,陳永興,"在地嚮導 · 265 則評論 · 1,099 張相片",9 個月前,5 顆星,逛逛走走
花園夜市,강재욱,在地嚮導 · 37 則評論 · 204 張相片,9 個月前,5 顆星,很多商店和人。各種食物
花園夜市,AhChengVer01,在地嚮導 · 14 則評論 · 3 張相片,9 個月前,5 顆星,
花園夜市,鄭文曲,在地嚮導 · 17 則評論 · 7 張相片,9 個月前,5 顆星,
花園夜市,pqo J,"在地嚮導 · 588 則評論 · 1,165 張相片",9 個月前,5 顆星,"1.串博章魚燒：有薑我不喜歡⋯
2.烤棉花糖冰淇淋：外層棉花糖感覺像蜂蜜味
3.旋渦奶茶：偏水 …"
花園夜市,林鐿璇,在地嚮導 · 22 則評論 · 54 張相片,9 個月前,3 顆星,夜市都大同小異，只因為沒去過。所以去逛一逛
花園夜市,RamboChai 蔡阿保 (RamboChai),"在地嚮導 · 33 則評論 · 1,090 張相片",9 個月前,5 顆星,
花園夜市,Polly,8 則評論,9 個月前,5 顆星,
花園夜市,Lee leo,在地嚮導 · 134 則評論 · 85 張相片,9 個月前,5 顆星,雖然很熱但東西好吃
花園夜市,秦志剛,在地嚮導 · 47 則評論 · 703 張相片,9 個月前,4 顆星,
花園夜市,大熊,在地嚮導 · 52 則評論 · 90 張相片,9 個月前,3 顆星,"很大的夜市
但是很多食物都重覆，價格也都不便宜，顛覆了我對南部物價的想像"
花園夜市,Rebecca Chu,在地嚮導 · 25 則評論 · 89 張相片,9 個月前,5 顆星,
花園夜市,wei hsu,"在地嚮導 · 153 則評論 · 1,154 張相片",9 個月前,4 顆星,
花園夜市,xing xing,在地嚮導 · 509 則評論 · 436 張相片,9 個月前,5 顆星,東西多到爆，垃圾桶在門口超大ㄎㄟ
花園夜市,政忠割草（政忠 割草 除草）,在地嚮導 · 11 則評論 · 369 張相片,9 個月前,5 顆星,大家好需要服務都可以訊問
花園夜市,Alice W,在地嚮導 · 113 則評論 · 526 張相片,9 個月前,5 顆星,
花園夜市,岳慧芳,5 則評論 · 2 張相片,9 個月前,5 顆星,我喜歡到花園夜市做撥筋，而且刮痧還免費，二位技師技術很好，很親切
花園夜市,余月萍,7 則評論,9 個月前,5 顆星,
花園夜市,卓建廷,在地嚮導 · 60 則評論 · 66 張相片,9 個月前,4 顆星,
花園夜市,Huishan MA,7 則評論 · 3 張相片,9 個月前,5 顆星,
花園夜市,呂俊學,11 則評論 · 5 張相片,9 個月前,5 顆星,不錯逛，就是人太多
花園夜市,胡瑗芠,在地嚮導 · 11 則評論 · 14 張相片,9 個月前,5 顆星,"這次又挖到好東西了。
服務人員態度好，客氣，品質佳👍👍👍 …"
花園夜市,馬莉娜,在地嚮導 · 1 張相片,9 個月前,3 顆星,
花園夜市,董育傅,在地嚮導 · 37 則評論 · 1 張相片,9 個月前,3 顆星,
花園夜市,好好,在地嚮導 · 31 則評論 · 22 張相片,9 個月前,5 顆星,
花園夜市,林文泰,在地嚮導 · 53 則評論,9 個月前,5 顆星,種類超級多，幾乎沒有雷可以踩，超棒
花園夜市,caya 0922,在地嚮導 · 107 則評論 · 453 張相片,10 個月前,4 顆星,
花園夜市,張雅雯,在地嚮導 · 24 則評論,10 個月前,5 顆星,台南必去景點
花園夜市,葉韋宗,14 則評論 · 6 張相片,10 個月前,4 顆星,有很多不同的攤位可以吃，動線也還不錯，價錢也很平價人也很多非常推薦給大家
花園夜市,Penny Chiu,在地嚮導 · 112 則評論 · 200 張相片,10 個月前,5 顆星,假日去人很多，看來看去還是買了芭樂吃
花園夜市,潘美秀,在地嚮導 · 45 則評論,10 個月前,5 顆星,
花園夜市,徐富玉,3 則評論,10 個月前,4 顆星,
花園夜市,龍仔,在地嚮導 · 14 則評論 · 2 張相片,10 個月前,5 顆星,
花園夜市,方騰,在地嚮導 · 15 則評論,10 個月前,5 顆星,舒服，開心
花園夜市,張雅婷,在地嚮導 · 9 則評論 · 6 張相片,10 個月前,5 顆星,
花園夜市,林裕欽,在地嚮導 · 59 則評論 · 35 張相片,10 個月前,3 顆星,"很擠、很悶==
台南人我不喜歡 …"
花園夜市,許震雄,6 則評論 · 1 張相片,10 個月前,5 顆星,停車場太小要等
花園夜市,林蚊子,13 則評論 · 4 張相片,10 個月前,5 顆星,
花園夜市,gun ya,在地嚮導 · 69 則評論 · 60 張相片,10 個月前,5 顆星,夜市旁邊就有可以停機車的地方，車位算好找
花園夜市,Lawrence CharmingDesign,"在地嚮導 · 307 則評論 · 1,446 張相片",10 個月前,5 顆星,旺啊，人潮！
花園夜市,涂旭承,2 則評論 · 1 張相片,10 個月前,5 顆星,
花園夜市,You xuan Ho,6 則評論 · 1 張相片,10 個月前,5 顆星,
花園夜市,王大樹,在地嚮導 · 23 則評論 · 18 張相片,10 個月前,5 顆星,"建議避開周六晚上六點到八點
才不會擁擠到無法動彈"
花園夜市,Yuchen Lee,在地嚮導 · 27 則評論 · 12 張相片,10 個月前,1 顆星,
花園夜市,mie Lin,9 則評論 · 9 張相片,10 個月前,5 顆星,
花園夜市,Marty Green,4 則評論 · 1 張相片,10 個月前,4 顆星,有各種各樣的食物可供嘗試和遊戲可供玩。人們更多的是購物——尤其是衣服——而不是食物。
花園夜市,Simon S.,在地嚮導 · 213 則評論 · 581 張相片,10 個月前,5 顆星,"台南花園夜市位於台南市北區，被譽為南台灣最大的夜市。

夜市每週四、週六和週日開放，是個充滿活力且熙熙攘攘的目的地。擁有近400個攤位，堪稱台南最大的夜市。市場分為四大板塊：美食、潮流服飾、精品、娛樂。 …"
花園夜市,丁俊賢,在地嚮導 · 17 則評論,10 個月前,5 顆星,
花園夜市,Jason Tok,在地嚮導 · 58 則評論 · 32 張相片,10 個月前,5 顆星,
花園夜市,真的賢,3 則評論 · 3 張相片,10 個月前,5 顆星,
花園夜市,彭湘伶,5 則評論 · 18 張相片,10 個月前,4 顆星,
花園夜市,王詠祺,在地嚮導 · 19 則評論,10 個月前,5 顆星,
花園夜市,蔣政君,在地嚮導 · 37 則評論 · 3 張相片,10 個月前,5 顆星,讚
花園夜市,Allia Z,在地嚮導 · 16 則評論 · 193 張相片,10 個月前,5 顆星,
花園夜市,kamakeso,"在地嚮導 · 405 則評論 · 1,890 張相片",10 個月前,5 顆星,"果然是古都台南最大的夜市，吃喝玩樂玩得盡興。
離台南站很遠，所以你可以使用Uber或出租車去Gaijin，但我可以乘坐公共汽車或步行，便宜。"
花園夜市,劉冬梅,在地嚮導 · 127 則評論 · 282 張相片,10 個月前,4 顆星,"人潮多
用餐攤位多
品項重覆性多
停車位不足"
花園夜市,Victor Chang,2 則評論,10 個月前,5 顆星,
花園夜市,洪雪英,4 則評論 · 4 張相片,10 個月前,5 顆星,"每個都市的夜市都有一些不同特色的小吃，尤其是新住民的風味。
當天看到了周邊有24小時的清粥小菜，這對吃素的人是福音，因為有素食料理。"
花園夜市,馮月香,"在地嚮導 · 73 則評論 · 4,063 張相片",10 個月前,5 顆星,
花園夜市,Thomas Long,在地嚮導 · 29 則評論 · 214 張相片,10 個月前,5 顆星,
花園夜市,Meera,13 則評論 · 3 張相片,10 個月前,5 顆星,蠻好逛的
花園夜市,郝仁元,4 則評論,10 個月前,4 顆星,
花園夜市,陳瓊如,在地嚮導 · 1 則評論 · 4 張相片,10 個月前,5 顆星,
花園夜市,金金金,在地嚮導 · 36 則評論 · 2 張相片,10 個月前,3 顆星,一位難求
花園夜市,erivita sakti,5 則評論 · 1 張相片,10 個月前,5 顆星,
花園夜市,劉昆泉,在地嚮導 · 64 則評論 · 4 張相片,10 個月前,1 顆星,跟想像的不一樣
花園夜市,小翔王,12 則評論 · 10 張相片,10 個月前,4 顆星,
花園夜市,sheng yeh lai,8 則評論,10 個月前,3 顆星,
花園夜市,Wendy,"在地嚮導 · 792 則評論 · 4,229 張相片",10 個月前,3 顆星,"240504
停車現在收費停車場要150元了 有點貴
大推吉拿棒 假日人潮太多了 人擠人 超熱的
有一些小遊戲蠻好玩的！"
花園夜市,吳彥諶,6 則評論 · 3 張相片,10 個月前,5 顆星,
花園夜市,Nicenice E,在地嚮導 · 51 則評論 · 146 張相片,10 個月前,3 顆星,
花園夜市,Lange,在地嚮導 · 137 則評論 · 597 張相片,10 個月前,2 顆星,比想像中的攤位少，也沒有特別好吃的。天王牛排和二師兄滷味味道都沒預期中好，如果沒有特別喜歡逛夜市可以不用特地去
花園夜市,豐HSIEH宇,在地嚮導 · 48 則評論 · 26 張相片,10 個月前,5 顆星,還可以，禮拜日最熱鬧
花園夜市,譚心美,1 則評論,10 個月前,2 顆星,
花園夜市,Mandy,在地嚮導 · 47 則評論 · 626 張相片,10 個月前,5 顆星,
花園夜市,詹皓翔,11 則評論 · 3 張相片,10 個月前,5 顆星,
花園夜市,林語,在地嚮導 · 26 則評論 · 25 張相片,10 個月前,5 顆星,
花園夜市,N.T. Son,在地嚮導 · 10 則評論 · 30 張相片,10 個月前,3 顆星,
花園夜市,Yuan Ming Song,"在地嚮導 · 670 則評論 · 1,267 張相片",10 個月前,4 顆星,動線有點混亂
花園夜市,夏沐,12 則評論 · 9 張相片,10 個月前,5 顆星,
花園夜市,Tony Hsu,在地嚮導 · 4 則評論 · 92 張相片,10 個月前,4 顆星,
花園夜市,卓杰均,8 則評論 · 3 張相片,10 個月前,5 顆星,
花園夜市,L Johnson,在地嚮導 · 9 則評論 · 20 張相片,10 個月前,5 顆星,夜市很大但賣吃的沒有武勝夜市多，只要玩遊戲與賣衣服站較多
花園夜市,哦耶,3 則評論,10 個月前,5 顆星,
花園夜市,吳孟璇,在地嚮導 · 53 則評論 · 126 張相片,10 個月前,5 顆星,"端午節來整個擠爆
很大但人也很多
建議看到人很多的話可以換一個入口進"
花園夜市,Agnes B.,在地嚮導 · 42 則評論 · 10 張相片,10 個月前,4 顆星,
花園夜市,潘廷瑋,在地嚮導 · 10 則評論 · 9 張相片,10 個月前,4 顆星,
花園夜市,German CHEUNG,8 則評論 · 4 張相片,10 個月前,5 顆星,除了很多人很熱之外，十分熱鬧，沒有其他挑剔了。
花園夜市,無腦,5 則評論 · 1 張相片,10 個月前,5 顆星,
花園夜市,U-J Lai,在地嚮導 · 52 則評論 · 235 張相片,10 個月前,5 顆星,
花園夜市,Ing Y,6 則評論 · 3 張相片,10 個月前,5 顆星,
花園夜市,王靖茹,在地嚮導 · 18 則評論 · 9 張相片,10 個月前,5 顆星,
大甲芋頭牛奶-花園夜市,葉偉澤,"在地嚮導 · 273 則評論 · 3,110 張相片",3 個月前,5 顆星,不過不失
戰鬥雞油雞/醉雞 台南北區花園夜市創始…,YuWei Kuo (賤兔),183 則評論 · 157 張相片,1 週前,2 顆星,"外送描述每盒300克重？
偷工減料，可悲。
1、這是含盒子的克重
2、裡面有放雞雜與筍乾
所以實際醉雞、油雞根本不足克重！"
戰鬥雞油雞/醉雞 台南北區花園夜市創始…,莊程皓,324 則評論 · 207 張相片,2 個月前,5 顆星,超大雞雞就是讚👍
戰鬥雞油雞/醉雞 台南北區花園夜市創始…,陳寶寶,在地嚮導 · 38 則評論 · 23 張相片,3 個月前,5 顆星,份量很足❤️
戰鬥雞油雞/醉雞 台南北區花園夜市創始…,方Kiki,在地嚮導 · 9 則評論 · 16 張相片,4 個月前,5 顆星,好吃☺️
戰鬥雞油雞/醉雞 台南北區花園夜市創始…,Penny Chen,在地嚮導 · 14 則評論 · 21 張相片,5 個月前,2 顆星,"有點傻眼🙄️
沒吃過這麼沒有味道的鹽水雞。
米血水煮過頭的軟爛，
但卻沒有味道⋯
海帶芽也是。
然後雞冠也不脆，
唯一可以接受的是小黃瓜和玉米筍。
不推薦也不會再買了。"
戰鬥雞油雞/醉雞 台南北區花園夜市創始…,劉淮忻,在地嚮導 · 25 則評論 · 20 張相片,6 個月前,1 顆星,"剛剛買到的鹹水雞，整個酸掉😣😣😣
現在食安問題，難道不應該重視嗎🤢"
戰鬥雞油雞/醉雞 台南北區花園夜市創始…,伍梓萱,6 則評論 · 2 張相片,6 個月前,5 顆星,
戰鬥雞油雞/醉雞 台南北區花園夜市創始…,莊惠如,在地嚮導 · 35 則評論 · 302 張相片,7 個月前,5 顆星,
戰鬥雞油雞/醉雞 台南北區花園夜市創始…,LIN YA,12 則評論 · 1 張相片,7 個月前,5 顆星,
戰鬥雞油雞/醉雞 台南北區花園夜市創始…,Yi-Ching Tseng,在地嚮導 · 73 則評論 · 236 張相片,7 個月前,5 顆星,
戰鬥雞油雞/醉雞 台南北區花園夜市創始…,杜俐萱,14 則評論 · 14 張相片,7 個月前,5 顆星,
戰鬥雞油雞/醉雞 台南北區花園夜市創始…,邱巧妤,在地嚮導 · 23 則評論 · 26 張相片,7 個月前,5 顆星,好吃
戰鬥雞油雞/醉雞 台南北區花園夜市創始…,胡博勝,15 則評論 · 5 張相片,7 個月前,5 顆星,
戰鬥雞油雞/醉雞 台南北區花園夜市創始…,姚怡君,在地嚮導 · 33 則評論 · 57 張相片,7 個月前,5 顆星,好吃😊
戰鬥雞油雞/醉雞 台南北區花園夜市創始…,YO YU,在地嚮導 · 17 則評論 · 21 張相片,8 個月前,5 顆星,好吃美味
戰鬥雞油雞/醉雞 台南北區花園夜市創始…,陳妍蓁,3 則評論,8 個月前,5 顆星,好朋友們一起吃減肥餐 用餐環境很文青
戰鬥雞油雞/醉雞 台南北區花園夜市創始…,吳佳昀,11 則評論 · 7 張相片,9 個月前,5 顆星,
戰鬥雞油雞/醉雞 台南北區花園夜市創始…,李沂芸,在地嚮導 · 4 則評論 · 2 張相片,10 個月前,5 顆星,做了好多次白老鼠，終於買到好吃的油雞
戰鬥雞油雞/醉雞 台南北區花園夜市創始…,淨圓,3 則評論,10 個月前,5 顆星,好吃
戰鬥雞油雞/醉雞 台南北區花園夜市創始…,23 1,在地嚮導 · 92 則評論 · 53 張相片,10 個月前,5 顆星,很好吃
戰鬥雞油雞/醉雞 台南北區花園夜市創始…,L&R TPR劉克威,5 則評論 · 4 張相片,10 個月前,5 顆星,油雞超讚👍
戰鬥雞油雞/醉雞 台南北區花園夜市創始…,李佳穎,1 則評論 · 1 張相片,10 個月前,5 顆星,👍
戰鬥雞油雞/醉雞 台南北區花園夜市創始…,君君,20 則評論 · 13 張相片,10 個月前,5 顆星,老闆很帥 東西又好吃
戰鬥雞油雞/醉雞 台南北區花園夜市創始…,黃峻凱,在地嚮導 · 40 則評論 · 16 張相片,10 個月前,5 顆星,鹹水雞就是健身top1
戰鬥雞油雞/醉雞 台南北區花園夜市創始…,李豫軒,10 則評論 · 4 張相片,10 個月前,1 顆星,"這輩子吃過最沒料的鹽水雞
既不是油雞、也不是醉雞，蔬菜完全沒有味道，雞肉裡的竹筍很脆、但味道超怪。
在美食之都這種店還開的下去是真的奇蹟"
戰鬥雞油雞/醉雞 台南北區花園夜市創始…,胡景濤,13 則評論,10 個月前,1 顆星,味道很怪
戰鬥雞油雞/醉雞 台南北區花園夜市創始…,李柚子,2 則評論 · 3 張相片,11 個月前,5 顆星,
戰鬥雞油雞/醉雞 台南北區花園夜市創始…,吳先生,在地嚮導 · 36 則評論 · 5 張相片,11 個月前,5 顆星,好吃・・・
戰鬥雞油雞/醉雞 台南北區花園夜市創始…,娟,在地嚮導 · 24 則評論 · 39 張相片,11 個月前,1 顆星,切記不要點外送！會等很久很久！大概要快兩個小時喔！還讓外送員等很久⋯⋯根本還沒完成餐點，再外送平台上會按已經完成，笑死😆還被外送員棄單⋯
戰鬥雞油雞/醉雞 台南北區花園夜市創始…,黃雅宜,17 則評論 · 1 張相片,1 年前,5 顆星,
戰鬥雞油雞/醉雞 台南北區花園夜市創始…,jun G,1 則評論,1 年前,5 顆星,
戰鬥雞油雞/醉雞 台南北區花園夜市創始…,陳嫙樂Candy,在地嚮導 · 18 則評論 · 6 張相片,1 年前,5 顆星,好吃
戰鬥雞油雞/醉雞 台南北區花園夜市創始…,蔡慶昭,在地嚮導 · 17 則評論 · 4 張相片,1 年前,5 顆星,
戰鬥雞油雞/醉雞 台南北區花園夜市創始…,hao CHEN,在地嚮導 · 170 則評論 · 20 張相片,1 年前,5 顆星,雞肉都很新鮮
戰鬥雞油雞/醉雞 台南北區花園夜市創始…,邱建勳,6 則評論 · 1 張相片,1 年前,5 顆星,好吃，服務又好
戰鬥雞油雞/醉雞 台南北區花園夜市創始…,宜庭楊,9 則評論,1 年前,5 顆星,雞腿肉嫩，味道清爽
戰鬥雞油雞/醉雞 台南北區花園夜市創始…,E.C Chen,"在地嚮導 · 233 則評論 · 1,844 張相片",1 年前,5 顆星,不用懷疑 滿分100分的好吃👍👍👍❤❤❤
戰鬥雞油雞/醉雞 台南北區花園夜市創始…,陳妙姿,2 則評論 · 3 張相片,1 年前,5 顆星,
戰鬥雞油雞/醉雞 台南北區花園夜市創始…,洪翊瑄,在地嚮導 · 27 則評論 · 13 張相片,1 年前,5 顆星,菜色多樣，服務人員很用心解說
戰鬥雞油雞/醉雞 台南北區花園夜市創始…,周詩詠,在地嚮導 · 17 則評論 · 4 張相片,1 年前,5 顆星,好吃
戰鬥雞油雞/醉雞 台南北區花園夜市創始…,周建國,在地嚮導 · 18 則評論 · 12 張相片,1 年前,5 顆星,好吃
戰鬥雞油雞/醉雞 台南北區花園夜市創始…,Taiying LIN,2 則評論 · 2 張相片,1 年前,5 顆星,
戰鬥雞油雞/醉雞 台南北區花園夜市創始…,Ss Aa,在地嚮導 · 56 則評論 · 73 張相片,1 年前,5 顆星,
戰鬥雞油雞/醉雞 台南北區花園夜市創始…,阿榕,2 則評論,1 年前,5 顆星,
戰鬥雞油雞/醉雞 台南北區花園夜市創始…,Weiru Tseng,7 則評論,1 年前,5 顆星,老闆很帥！食物好吃！雞肉一點也不會乾 味道很夠！
戰鬥雞油雞/醉雞 台南北區花園夜市創始…,A-MO ZN,在地嚮導 · 166 則評論 · 576 張相片,1 年前,5 顆星,"提供line pay付款🦔
調味還不錯 雞也不會很乾柴👍🏻
最重要的是 豆皮是大豆皮✨ …"
戰鬥雞油雞/醉雞 台南北區花園夜市創始…,張喬凱,13 則評論 · 12 張相片,1 年前,5 顆星,紹興酒雞 讚的！
戰鬥雞油雞/醉雞 台南北區花園夜市創始…,林佳滿,在地嚮導 · 15 則評論 · 10 張相片,1 年前,5 顆星,吃就對了！
戰鬥雞油雞/醉雞 台南北區花園夜市創始…,李欣潔,在地嚮導 · 23 則評論 · 16 張相片,1 年前,5 顆星,
戰鬥雞油雞/醉雞 台南北區花園夜市創始…,J M,13 則評論 · 5 張相片,1 年前,3 顆星,
戰鬥雞油雞/醉雞 台南北區花園夜市創始…,曹易宏,在地嚮導 · 131 則評論 · 62 張相片,1 年前,5 顆星,
戰鬥雞油雞/醉雞 台南北區花園夜市創始…,劉美吟,1 則評論,1 年前,5 顆星,
戰鬥雞油雞/醉雞 台南北區花園夜市創始…,Momiji Young (紅葉),在地嚮導 · 36 則評論 · 19 張相片,1 年前,5 顆星,醉雞好吃，雞肉肉質軟嫩，紹興酒很入味。
戰鬥雞油雞/醉雞 台南北區花園夜市創始…,高麗君,5 則評論 · 2 張相片,1 年前,5 顆星,好吃
戰鬥雞油雞/醉雞 台南北區花園夜市創始…,尤怡茜（梅西）,在地嚮導 · 178 則評論 · 156 張相片,1 年前,5 顆星,
戰鬥雞油雞/醉雞 台南北區花園夜市創始…,陳嘉星,在地嚮導 · 23 則評論 · 9 張相片,1 年前,5 顆星,很好吃
戰鬥雞油雞/醉雞 台南北區花園夜市創始…,石殷仁,,1 年前,5 顆星,
戰鬥雞油雞/醉雞 台南北區花園夜市創始…,商務資訊應用系郭巧玲,2 則評論,1 年前,5 顆星,
戰鬥雞油雞/醉雞 台南北區花園夜市創始…,劉小滾,22 則評論 · 16 張相片,1 年前,5 顆星,好吃
戰鬥雞油雞/醉雞 台南北區花園夜市創始…,鄧小靜,在地嚮導 · 58 則評論 · 65 張相片,1 年前,5 顆星,我們用uber叫的，謝謝老闆給予我們豐富的一餐，味道跟份量都很優！讚讚
戰鬥雞油雞/醉雞 台南北區花園夜市創始…,名無,在地嚮導 · 37 則評論 · 29 張相片,1 年前,5 顆星,"哇～～真的很好吃欸！！
他的油雞是有果凍的那種，肉量夠也夠大塊！吃一口覺得太好吃了吧～～都要吃完了才想到要拍照，可惜不住台南不能常常吃👍🏻 …"
戰鬥雞油雞/醉雞 台南北區花園夜市創始…,RaRa Tsai,8 則評論 · 2 張相片,1 年前,5 顆星,認真好吃！
戰鬥雞油雞/醉雞 台南北區花園夜市創始…,TT C,在地嚮導 · 27 則評論 · 2 張相片,1 年前,5 顆星,
戰鬥雞油雞/醉雞 台南北區花園夜市創始…,Ru Lin,8 則評論 · 2 張相片,1 年前,5 顆星,好吃美味
戰鬥雞油雞/醉雞 台南北區花園夜市創始…,嘻嘻,4 則評論,1 年前,5 顆星,
戰鬥雞油雞/醉雞 台南北區花園夜市創始…,Dora Tseng,7 則評論 · 7 張相片,1 年前,5 顆星,醉雞好吃又入味，每週必買下酒菜👍 …
戰鬥雞油雞/醉雞 台南北區花園夜市創始…,翁SuNnY,在地嚮導 · 10 則評論 · 16 張相片,1 年前,5 顆星,好吃喔
戰鬥雞油雞/醉雞 台南北區花園夜市創始…,洪東源,在地嚮導 · 39 則評論 · 28 張相片,1 年前,5 顆星,好吃！ ！
戰鬥雞油雞/醉雞 台南北區花園夜市創始…,薛詠馨,8 則評論,1 年前,5 顆星,很新鮮又超好吃 肉很嫩 這間的份量給的特別多 吃不完😂 …
戰鬥雞油雞/醉雞 台南北區花園夜市創始…,芷妍,6 則評論 · 1 張相片,2 年前,5 顆星,讚
戰鬥雞油雞/醉雞 台南北區花園夜市創始…,Shih Sandra,在地嚮導 · 31 則評論 · 35 張相片,2 年前,5 顆星,"雞肉好吃👍🏻
菜多樣 …"
戰鬥雞油雞/醉雞 台南北區花園夜市創始…,高碩辰,在地嚮導 · 30 則評論 · 8 張相片,2 年前,5 顆星,店面很乾淨～推推！
戰鬥雞油雞/醉雞 台南北區花園夜市創始…,江仲耀,5 則評論 · 1 張相片,2 年前,5 顆星,
戰鬥雞油雞/醉雞 台南北區花園夜市創始…,高頌齊,3 則評論 · 10 張相片,2 年前,5 顆星,
戰鬥雞油雞/醉雞 台南北區花園夜市創始…,Demeter Brilliant,1 則評論,2 年前,5 顆星,
戰鬥雞油雞/醉雞 台南北區花園夜市創始…,王安安,在地嚮導 · 22 則評論 · 30 張相片,2 年前,5 顆星,服務超好！有來花園ㄧ定要來
戰鬥雞油雞/醉雞 台南北區花園夜市創始…,Doris,16 則評論 · 6 張相片,2 年前,5 顆星,首次買，好吃！
戰鬥雞油雞/醉雞 台南北區花園夜市創始…,自在生活,在地嚮導 · 28 則評論 · 16 張相片,2 年前,5 顆星,有提供多元支付，也有很特別的醉雞，值得去
戰鬥雞油雞/醉雞 台南北區花園夜市創始…,Sydni Su,在地嚮導 · 23 則評論 · 30 張相片,2 年前,5 顆星,
戰鬥雞油雞/醉雞 台南北區花園夜市創始…,青小姐,9 則評論 · 4 張相片,2 年前,5 顆星,一定很好吃～
戰鬥雞油雞/醉雞 台南北區花園夜市創始…,蘇晴,17 則評論 · 3 張相片,2 年前,5 顆星,親切介紹 餐點多元
戰鬥雞油雞/醉雞 台南北區花園夜市創始…,楊詠璇,,2 年前,5 顆星,
戰鬥雞油雞/醉雞 台南北區花園夜市創始…,張旭嘉,在地嚮導 · 33 則評論 · 19 張相片,2 年前,5 顆星,戰鬥g
戰鬥雞油雞/醉雞 台南北區花園夜市創始…,葉婷,15 則評論 · 3 張相片,2 年前,5 顆星,好吃100分
戰鬥雞油雞/醉雞 台南北區花園夜市創始…,張新鴻,在地嚮導 · 16 則評論 · 19 張相片,2 年前,5 顆星,
戰鬥雞油雞/醉雞 台南北區花園夜市創始…,邱禹睿,在地嚮導 · 6 則評論 · 7 張相片,2 年前,5 顆星,
戰鬥雞油雞/醉雞 台南北區花園夜市創始…,Kyle Lin,,2 年前,5 顆星,
戰鬥雞油雞/醉雞 台南北區花園夜市創始…,張嘉容,15 則評論 · 4 張相片,2 年前,5 顆星,好吃好好吃😆 …
戰鬥雞油雞/醉雞 台南北區花園夜市創始…,邱,在地嚮導 · 15 則評論 · 6 張相片,2 年前,5 顆星,
戰鬥雞油雞/醉雞 台南北區花園夜市創始…,Frank Hsieh,在地嚮導 · 37 則評論 · 357 張相片,2 年前,5 顆星,
戰鬥雞油雞/醉雞 台南北區花園夜市創始…,家豪范,在地嚮導 · 18 則評論 · 3 張相片,2 年前,5 顆星,Cp值高❤️
戰鬥雞油雞/醉雞 台南北區花園夜市創始…,王宥甯,在地嚮導 · 23 則評論 · 8 張相片,2 年前,5 顆星,讚喔
戰鬥雞油雞/醉雞 台南北區花園夜市創始…,W W,在地嚮導 · 74 則評論 · 242 張相片,2 年前,5 顆星,讚啦，好吃😋加盟第一好選擇！ …
戰鬥雞油雞/醉雞 台南北區花園夜市創始…,Ting Yee,在地嚮導 · 22 則評論 · 28 張相片,2 年前,5 顆星,這個好吃！
戰鬥雞油雞/醉雞 台南北區花園夜市創始…,蕭盛仁,5 則評論 · 4 張相片,2 年前,5 顆星,"消費滿100+5星
送好禮哦"
戰鬥雞油雞/醉雞 台南北區花園夜市創始…,美君,6 則評論 · 2 張相片,2 年前,5 顆星,
戰鬥雞油雞/醉雞 台南北區花園夜市創始…,邱亦彤,10 則評論 · 5 張相片,2 年前,5 顆星,
戰鬥雞油雞/醉雞 台南北區花園夜市創始…,安千璃,3 則評論 · 1 張相片,2 年前,5 顆星,好吃
戰鬥雞油雞/醉雞 台南北區花園夜市創始…,董仲閎,7 則評論,2 年前,5 顆星,非常好吃！
戰鬥雞油雞/醉雞 台南北區花園夜市創始…,吳橘子,17 則評論 · 1 張相片,2 年前,5 顆星,
戰鬥雞油雞/醉雞 台南北區花園夜市創始…,林彥廷,,2 年前,5 顆星,
戰鬥雞油雞/醉雞 台南北區花園夜市創始…,洪珮玲,在地嚮導 · 14 則評論 · 1 張相片,2 年前,5 顆星,讚哦！豐富菜色
戰鬥雞油雞/醉雞 台南北區花園夜市創始…,我小傅啦,17 則評論 · 1 張相片,2 年前,5 顆星,超讚 老闆親切和善讚讚讚
戰鬥雞油雞/醉雞 台南北區花園夜市創始…,郭宓宓,在地嚮導 · 31 則評論 · 29 張相片,2 年前,5 顆星,
戰鬥雞油雞/醉雞 台南北區花園夜市創始…,Zhou,8 則評論 · 1 張相片,2 年前,5 顆星,好吃
戰鬥雞油雞/醉雞 台南北區花園夜市創始…,林小雞alan,7 則評論 · 1 張相片,2 年前,5 顆星,好吃
戰鬥雞油雞/醉雞 台南北區花園夜市創始…,簡柏羽,2 則評論,2 年前,5 顆星,非常好吃，雞很嫩
戰鬥雞油雞/醉雞 台南北區花園夜市創始…,枇杷公主,在地嚮導 · 23 則評論 · 4 張相片,2 年前,5 顆星,好吃好吃
戰鬥雞油雞/醉雞 台南北區花園夜市創始…,Liou Yiwei,6 則評論 · 2 張相片,2 年前,5 顆星,今天買了一份，結果，沒有肉啊⋯⋯不是消費多少，而是當下打開要享用的時候沒有肉，打去客服那邊，處理速度很快，還幫我外送到府，我覺得好的店家要給他們鼓勵，而不是在網路上表達不滿，至少店家願意解決，這才是重點，不得不說 這服務態度真的很棒，食材也處理的很乾淨，東西好吃😋，祝戰鬥雞 生意興隆🈵️ …
戰鬥雞油雞/醉雞 台南北區花園夜市創始…,張仁靜,8 則評論 · 2 張相片,2 年前,5 顆星,
戰鬥雞油雞/醉雞 台南北區花園夜市創始…,Chung Wei Che,在地嚮導 · 19 則評論 · 8 張相片,2 年前,5 顆星,好吃！
戰鬥雞油雞/醉雞 台南北區花園夜市創始…,余筱茹,4 則評論 · 1 張相片,2 年前,5 顆星,
戰鬥雞油雞/醉雞 台南北區花園夜市創始…,吳清華,11 則評論,2 年前,5 顆星,
戰鬥雞油雞/醉雞 台南北區花園夜市創始…,張祐綺,在地嚮導 · 27 則評論 · 4 張相片,2 年前,1 顆星,今天在東區保華夜市買了四個蔬菜。想說買兩個雞心來吃  我吃下去整個是粉的。痾。而且還有點點酸。而且蠻貴的。有嚇到。我餵我男友吃半個雞心。他也是馬上吐掉 說口感怪怪的。  下次還是去買一般鹽水雞就好。不要給熬^_^
戰鬥雞油雞/醉雞 台南北區花園夜市創始…,Allie,在地嚮導 · 29 則評論 · 42 張相片,2 年前,5 顆星,好吃又衛生，提供多元付款方式很方便不用一直掏零錢
戰鬥雞油雞/醉雞 台南北區花園夜市創始…,Qhair,在地嚮導 · 29 則評論 · 21 張相片,2 年前,5 顆星,
戰鬥雞油雞/醉雞 台南北區花園夜市創始…,范庭軒,3 則評論,2 年前,5 顆星,
戰鬥雞油雞/醉雞 台南北區花園夜市創始…,sam chang,在地嚮導 · 53 則評論 · 5 張相片,2 年前,5 顆星,
戰鬥雞油雞/醉雞 台南北區花園夜市創始…,123 123,8 則評論,2 年前,1 顆星,菜沒味道 還很生的味道  讓我走入原始叢林的感覺 醉雞也是沒什麼特別的味道
戰鬥雞油雞/醉雞 台南北區花園夜市創始…,士林Chiu芋頭,10 則評論 · 5 張相片,2 年前,5 顆星,"感覺衛生健康好吃🙏😇😇👣
老闆也很客氣 …"
戰鬥雞油雞/醉雞 台南北區花園夜市創始…,陳則豪,15 則評論,2 年前,5 顆星,好吃
戰鬥雞油雞/醉雞 台南北區花園夜市創始…,李武雄,11 則評論 · 1 張相片,2 年前,5 顆星,醉雞超好吃超讚 服務態度也很棒
戰鬥雞油雞/醉雞 台南北區花園夜市創始…,鍾波塞,在地嚮導 · 31 則評論 · 8 張相片,2 年前,5 顆星,真材實料，好吃😋 …
戰鬥雞油雞/醉雞 台南北區花園夜市創始…,小廖,8 則評論 · 1 張相片,2 年前,1 顆星,完全無法接受！份量少又貴！味道…完全沒入味！🙄🙄 …
戰鬥雞油雞/醉雞 台南北區花園夜市創始…,黃暐傑,2 則評論 · 1 張相片,2 年前,5 顆星,
戰鬥雞油雞/醉雞 台南北區花園夜市創始…,萱萱（Autumn）,在地嚮導 · 22 則評論 · 165 張相片,2 年前,5 顆星,"五星評論送雞皮一份
在安定夜市買的"
戰鬥雞油雞/醉雞 台南北區花園夜市創始…,林建呈,8 則評論,2 年前,5 顆星,推薦好吃！
戰鬥雞油雞/醉雞 台南北區花園夜市創始…,Scott Shen,在地嚮導 · 183 則評論 · 54 張相片,2 年前,5 顆星,💯 …
戰鬥雞油雞/醉雞 台南北區花園夜市創始…,王雋驊,在地嚮導 · 34 則評論 · 30 張相片,2 年前,5 顆星,"菜單 雞胸 米血 尾椎
料多 價格實在"
戰鬥雞油雞/醉雞 台南北區花園夜市創始…,lizzy,在地嚮導 · 20 則評論 · 11 張相片,2 年前,5 顆星,
戰鬥雞油雞/醉雞 台南北區花園夜市創始…,Sophie Tsao,在地嚮導 · 18 則評論 · 3 張相片,2 年前,5 顆星,東西新鮮又好吃，來花園夜市絕對不能錯過❤️❤️
戰鬥雞油雞/醉雞 台南北區花園夜市創始…,偉丞,在地嚮導 · 11 則評論 · 27 張相片,2 年前,5 顆星,
戰鬥雞油雞/醉雞 台南北區花園夜市創始…,Hsin I Wang,在地嚮導 · 75 則評論 · 59 張相片,2 年前,5 顆星,好吃
戰鬥雞油雞/醉雞 台南北區花園夜市創始…,Yu,在地嚮導 · 109 則評論 · 9 張相片,2 年前,5 顆星,有醉雞，算鹽水雞中蠻特別的
戰鬥雞油雞/醉雞 台南北區花園夜市創始…,台南幫飲料安中店小e,在地嚮導 · 230 則評論 · 500 張相片,2 年前,5 顆星,好吃
戰鬥雞油雞/醉雞 台南北區花園夜市創始…,Hugo Peng,在地嚮導 · 4 則評論 · 19 張相片,2 年前,5 顆星,
戰鬥雞油雞/醉雞 台南北區花園夜市創始…,林展偉,在地嚮導 · 9 則評論 · 13 張相片,2 年前,5 顆星,東西好吃，老闆人親切~歡迎大家來買👍👍👍👍👍👍👍👍👍 …
戰鬥雞油雞/醉雞 台南北區花園夜市創始…,ChinChu Lee,14 則評論 · 11 張相片,2 年前,5 顆星,好吃
戰鬥雞油雞/醉雞 台南北區花園夜市創始…,QQ Hello,在地嚮導 · 18 則評論 · 31 張相片,2 年前,5 顆星,超好吃，已經第二次來台南玩買了
戰鬥雞油雞/醉雞 台南北區花園夜市創始…,劉蓓蓓,13 則評論,2 年前,5 顆星,好吃，推～
戰鬥雞油雞/醉雞 台南北區花園夜市創始…,Q小菁,在地嚮導 · 33 則評論 · 29 張相片,2 年前,5 顆星,打卡送
戰鬥雞油雞/醉雞 台南北區花園夜市創始…,蔡亦琳,4 則評論,2 年前,5 顆星,食物很好吃
戰鬥雞油雞/醉雞 台南北區花園夜市創始…,Tom En,,2 年前,5 顆星,
戰鬥雞油雞/醉雞 台南北區花園夜市創始…,陳峙丞,在地嚮導 · 33 則評論 · 10 張相片,2 年前,5 顆星,醉雞超好吃的
戰鬥雞油雞/醉雞 台南北區花園夜市創始…,世新張,6 則評論 · 2 張相片,2 年前,5 顆星,好吃
戰鬥雞油雞/醉雞 台南北區花園夜市創始…,蔡雯靜,7 則評論 · 6 張相片,2 年前,5 顆星,很有親和力的店家👍 …
戰鬥雞油雞/醉雞 台南北區花園夜市創始…,Nia Zhang,在地嚮導 · 17 則評論 · 7 張相片,2 年前,5 顆星,好吃😋 …
戰鬥雞油雞/醉雞 台南北區花園夜市創始…,Chen Derrick,8 則評論 · 8 張相片,2 年前,5 顆星,
戰鬥雞油雞/醉雞 台南北區花園夜市創始…,程菱角,7 則評論 · 3 張相片,2 年前,5 顆星,好吃🙂 …
戰鬥雞油雞/醉雞 台南北區花園夜市創始…,曹錦熙,在地嚮導 · 38 則評論 · 14 張相片,2 年前,5 顆星,讚讚
戰鬥雞油雞/醉雞 台南北區花園夜市創始…,蔡依岑,2 則評論 · 1 張相片,2 年前,5 顆星,老闆很帥
戰鬥雞油雞/醉雞 台南北區花園夜市創始…,Zech Lee,在地嚮導 · 32 則評論 · 13 張相片,2 年前,5 顆星,好好吃
戰鬥雞油雞/醉雞 台南北區花園夜市創始…,Aiko Chen,在地嚮導 · 80 則評論 · 94 張相片,2 年前,5 顆星,看起來很好吃 來試試
戰鬥雞油雞/醉雞 台南北區花園夜市創始…,旻諺,8 則評論 · 2 張相片,2 年前,5 顆星,油雞和醉雞香味足夠！推！
戰鬥雞油雞/醉雞 台南北區花園夜市創始…,楊元漢,2 則評論,2 年前,5 顆星,好吃😋老闆又貼切 …
戰鬥雞油雞/醉雞 台南北區花園夜市創始…,Lacie Tse,在地嚮導 · 150 則評論 · 680 張相片,2 年前,5 顆星,
戰鬥雞油雞/醉雞 台南北區花園夜市創始…,楊世宇,14 則評論,2 年前,5 顆星,好吃
戰鬥雞油雞/醉雞 台南北區花園夜市創始…,謝淑貞,4 則評論,2 年前,5 顆星,好吃
戰鬥雞油雞/醉雞 台南北區花園夜市創始…,高婉茹,1 則評論 · 1 張相片,2 年前,5 顆星,
戰鬥雞油雞/醉雞 台南北區花園夜市創始…,勝婷章,15 則評論 · 1 張相片,2 年前,5 顆星,讚
戰鬥雞油雞/醉雞 台南北區花園夜市創始…,侯雅惠,11 則評論 · 10 張相片,2 年前,5 顆星,
戰鬥雞油雞/醉雞 台南北區花園夜市創始…,邱琬婷,在地嚮導 · 45 則評論 · 24 張相片,2 年前,5 顆星,好吃好吃
戰鬥雞油雞/醉雞 台南北區花園夜市創始…,wenwen Hou,在地嚮導 · 50 則評論 · 44 張相片,2 年前,5 顆星,
戰鬥雞油雞/醉雞 台南北區花園夜市創始…,艾瑪,在地嚮導 · 24 則評論 · 53 張相片,2 年前,5 顆星,
戰鬥雞油雞/醉雞 台南北區花園夜市創始…,廖洧騰,7 則評論,2 年前,5 顆星,好吃
戰鬥雞油雞/醉雞 台南北區花園夜市創始…,劉蓓蓓,14 則評論 · 3 張相片,2 年前,5 顆星,
戰鬥雞油雞/醉雞 台南北區花園夜市創始…,游小安,2 則評論,2 年前,5 顆星,好吃
戰鬥雞油雞/醉雞 台南北區花園夜市創始…,陳智銘,在地嚮導 · 21 則評論 · 19 張相片,2 年前,5 顆星,
戰鬥雞油雞/醉雞 台南北區花園夜市創始…,Amy的日常,在地嚮導 · 28 則評論 · 22 張相片,2 年前,4 顆星,一直很喜歡吃這家，但今天過去買回家後，才發現老闆有漏掉3根龍骨沒給我，哭哭😭😭😭 …
戰鬥雞油雞/醉雞 台南北區花園夜市創始…,Patty Tsai,在地嚮導 · 43 則評論 · 29 張相片,2 年前,5 顆星,齁甲
戰鬥雞油雞/醉雞 台南北區花園夜市創始…,黃Vasco,在地嚮導 · 22 則評論 · 4 張相片,2 年前,5 顆星,雞吃了會飛
戰鬥雞油雞/醉雞 台南北區花園夜市創始…,聲,11 則評論 · 3 張相片,2 年前,5 顆星,很好粗
戰鬥雞油雞/醉雞 台南北區花園夜市創始…,黃胤瑋,在地嚮導 · 105 則評論 · 225 張相片,2 年前,5 顆星,
戰鬥雞油雞/醉雞 台南北區花園夜市創始…,小白,20 則評論 · 12 張相片,2 年前,5 顆星,每次來必買店家
戰鬥雞油雞/醉雞 台南北區花園夜市創始…,阿蓉,1 則評論,2 年前,5 顆星,菜色多樣！👍🏻👍🏻👍🏻 …
戰鬥雞油雞/醉雞 台南北區花園夜市創始…,una Y,14 則評論 · 5 張相片,2 年前,5 顆星,
戰鬥雞油雞/醉雞 台南北區花園夜市創始…,肉燥飯,5 則評論,2 年前,5 顆星,好吃美味 味道適中👍👍 …
戰鬥雞油雞/醉雞 台南北區花園夜市創始…,吳龍,14 則評論 · 3 張相片,2 年前,5 顆星,
戰鬥雞油雞/醉雞 台南北區花園夜市創始…,Cyc-謙,在地嚮導 · 9 則評論 · 13 張相片,2 年前,5 顆星,不管是醉雞 還是蔬菜配菜都超好吃！👍👍 …
戰鬥雞油雞/醉雞 台南北區花園夜市創始…,陳冠樺,2 則評論 · 1 張相片,2 年前,1 顆星,可以請老闆跟我說一下嗎 扣除醉雞的價錢100塊 我想知道這包菜為甚麼高達190？
戰鬥雞油雞/醉雞 台南北區花園夜市創始…,Will L,"在地嚮導 · 244 則評論 · 1,284 張相片",2 年前,5 顆星,
戰鬥雞油雞/醉雞 台南北區花園夜市創始…,doris,10 則評論 · 17 張相片,2 年前,5 顆星,
戰鬥雞油雞/醉雞 台南北區花園夜市創始…,黃紫音,6 則評論 · 1 張相片,2 年前,5 顆星,
戰鬥雞油雞/醉雞 台南北區花園夜市創始…,陳儒諺,2 則評論,2 年前,5 顆星,好吃又便宜
戰鬥雞油雞/醉雞 台南北區花園夜市創始…,Cola,3 則評論 · 6 張相片,2 年前,5 顆星,好吃
戰鬥雞油雞/醉雞 台南北區花園夜市創始…,joanne joanne,在地嚮導 · 72 則評論 · 615 張相片,2 年前,5 顆星,五星評論送小菜！
戰鬥雞油雞/醉雞 台南北區花園夜市創始…,小吃貨,1 則評論,2 年前,5 顆星,味道很讚👍 …
戰鬥雞油雞/醉雞 台南北區花園夜市創始…,Melody Huang,10 則評論 · 5 張相片,2 年前,5 顆星,
戰鬥雞油雞/醉雞 台南北區花園夜市創始…,詹凱文16,6 則評論,2 年前,5 顆星,
戰鬥雞油雞/醉雞 台南北區花園夜市創始…,楊秉叡,10 則評論 · 1 張相片,2 年前,5 顆星,
戰鬥雞油雞/醉雞 台南北區花園夜市創始…,Chen Wei Yang,16 則評論 · 1 張相片,2 年前,5 顆星,
戰鬥雞油雞/醉雞 台南北區花園夜市創始…,謝真真,在地嚮導 · 14 則評論 · 12 張相片,2 年前,5 顆星,
戰鬥雞油雞/醉雞 台南北區花園夜市創始…,Huang Jerry,在地嚮導 · 30 則評論,2 年前,5 顆星,好吃好吃
戰鬥雞油雞/醉雞 台南北區花園夜市創始…,陳宸宸,在地嚮導 · 29 則評論 · 6 張相片,2 年前,5 顆星,好吃一直吃😘 …
戰鬥雞油雞/醉雞 台南北區花園夜市創始…,依蘋,14 則評論 · 4 張相片,2 年前,5 顆星,很好吃，清爽無負擔～配飯也好吃
戰鬥雞油雞/醉雞 台南北區花園夜市創始…,袁莉婷,2 則評論,2 年前,5 顆星,好吃
戰鬥雞油雞/醉雞 台南北區花園夜市創始…,芸,在地嚮導 · 26 則評論 · 3 張相片,2 年前,5 顆星,"評論送小菜
油雞超好吃🤤 …"
戰鬥雞油雞/醉雞 台南北區花園夜市創始…,Tsai Hsuan Yu,14 則評論 · 3 張相片,2 年前,5 顆星,
戰鬥雞油雞/醉雞 台南北區花園夜市創始…,豆豆,13 則評論 · 5 張相片,2 年前,3 顆星,"您好，本人有些問題想請教，看看貴公司能否給予一個詳細的說明。

1.貴公司的199元超級雞肉套餐，菜單內容標註（無骨雞肉，四樣小菜，由店家選配），此菜單上說的無骨雞肉，是否應該佔肉盤的絕大比例？

2.本人先前與貴公司分店訂購數十份199元餐點，其中醉雞拼盤的肉品，內涵許多雞脖子，雞腳，無骨肉的比例少之又少，更誇張的還有數盒肉盤內，雞皮比例佔了二分之一，這個狀況是正常的嗎？

3.本人為公司代訂貴公司的商品，是因為曾經吃過創始店及新光三越，覺得貴公司的品質非常好，但是本次在分店的的經歷，公司員工反饋回來的訊息非常不滿意，花了將近15000元的商品，將心比心，如果今日換作是您，心裡感想為何？

本人對創始店的品質及服務非常有信心，不然也不會推薦公司採購分店商品，雖然有不好的經驗，但我選擇理性溝通，請求創始店給予一個答覆，做生意本講求原則及道義，分店給的東西，說真的，我真心無法接受，礙於公司規矩，無法拍照佐證，還請見諒。

貴公司也可以選擇用官方說法輕鬆帶過，或者您也不差我一個客人，但既然有開放加盟，對分店的商品控管及要求想來是必須的，商譽很重要，分店沒處理好，終究會反饋到創始店身上，還請您協助回覆本人的疑慮。

＝＝＝＝＝＝＝我是分隔線＝＝＝＝＝＝＝＝

老闆您好，針對您的說明，
坦白說並沒有感覺得到重點回覆

本人也在此跟您說聲抱歉
畢竟是分店的商品讓顧客有疑慮
轉介到總店來讓您費心煩惱
我們當日領取的商品，沒有錄影存證，
爭論到後面也不會有結果
本人不才，在廚房工作也有20年以上經驗
不論熟肉或是生肉的重量大致也能準確抓取
當日肉盤的「無骨雞肉」如說有200克
實在令人質疑。

發文不是為了得到什麼補償或是道歉
只是希望有一個說法可以說服顧客的疑問
謝謝您耐心的說明，
我還是會繼續跟總店購買商品
畢竟總店的服務跟品質真的算是水準以上。"
戰鬥雞油雞/醉雞 台南北區花園夜市創始…,Ching-Ching Wang,在地嚮導 · 20 則評論 · 12 張相片,2 年前,5 顆星,好吃，划算。味道讚。老闆年輕很帥。
戰鬥雞油雞/醉雞 台南北區花園夜市創始…,鄭善蓁,,2 年前,5 顆星,
戰鬥雞油雞/醉雞 台南北區花園夜市創始…,黃柏翰,在地嚮導 · 28 則評論 · 8 張相片,2 年前,5 顆星,
戰鬥雞油雞/醉雞 台南北區花園夜市創始…,柳良,4 則評論 · 1 張相片,2 年前,5 顆星,
戰鬥雞油雞/醉雞 台南北區花園夜市創始…,長裕劉,10 則評論 · 4 張相片,2 年前,5 顆星,好吃好吃
戰鬥雞油雞/醉雞 台南北區花園夜市創始…,Estela Lin,8 則評論 · 11 張相片,2 年前,5 顆星,
戰鬥雞油雞/醉雞 台南北區花園夜市創始…,SecreT峰,在地嚮導 · 29 則評論 · 70 張相片,2 年前,5 顆星,
戰鬥雞油雞/醉雞 台南北區花園夜市創始…,邱羿綺 YI-CHI CHIU U36104018,1 則評論,2 年前,5 顆星,花園夜市必買店家！
戰鬥雞油雞/醉雞 台南北區花園夜市創始…,林芮晨,6 則評論 · 3 張相片,3 年前,5 顆星,便宜又好吃
戰鬥雞油雞/醉雞 台南北區花園夜市創始…,Aimar Wu,在地嚮導 · 37 則評論 · 39 張相片,3 年前,5 顆星,新鮮 好吃
戰鬥雞油雞/醉雞 台南北區花園夜市創始…,Chen,13 則評論 · 7 張相片,3 年前,5 顆星,
戰鬥雞油雞/醉雞 台南北區花園夜市創始…,R1SE是十二永遠的驕傲,在地嚮導 · 27 則評論 · 1 張相片,3 年前,5 顆星,推推
戰鬥雞油雞/醉雞 台南北區花園夜市創始…,Matt Liu,5 則評論 · 1 張相片,3 年前,5 顆星,粉香粉油粉好吃
戰鬥雞油雞/醉雞 台南北區花園夜市創始…,林弘瑋,在地嚮導 · 5 則評論 · 7 張相片,3 年前,5 顆星,來嚐鮮～生意超好！
戰鬥雞油雞/醉雞 台南北區花園夜市創始…,黃佳琪,11 則評論 · 6 張相片,3 年前,5 顆星,好吃😋還會再次回購 …
戰鬥雞油雞/醉雞 台南北區花園夜市創始…,丸粒安,5 則評論,3 年前,5 顆星,
戰鬥雞油雞/醉雞 台南北區花園夜市創始…,onely L,在地嚮導 · 24 則評論 · 4 張相片,3 年前,5 顆星,料多
戰鬥雞油雞/醉雞 台南北區花園夜市創始…,TING Yun,在地嚮導 · 43 則評論 · 16 張相片,3 年前,5 顆星,好吃 超推👍 …
戰鬥雞油雞/醉雞 台南北區花園夜市創始…,48劉峻呈,5 則評論,3 年前,5 顆星,
戰鬥雞油雞/醉雞 台南北區花園夜市創始…,Tsung-Hao Hu,7 則評論,3 年前,5 顆星,評論送機雜
戰鬥雞油雞/醉雞 台南北區花園夜市創始…,李紋儀,1 則評論,3 年前,5 顆星,
戰鬥雞油雞/醉雞 台南北區花園夜市創始…,Yi-Chi Chiu,在地嚮導 · 20 則評論 · 13 張相片,3 年前,5 顆星,
戰鬥雞油雞/醉雞 台南北區花園夜市創始…,楊L,9 則評論 · 2 張相片,3 年前,5 顆星,非常好吃😋 …
戰鬥雞油雞/醉雞 台南北區花園夜市創始…,陳俊嘉,8 則評論 · 3 張相片,3 年前,5 顆星,好吃又便宜服務親切
戰鬥雞油雞/醉雞 台南北區花園夜市創始…,王文傑,8 則評論 · 2 張相片,3 年前,5 顆星,好吃 讚👍非常推薦 …
戰鬥雞油雞/醉雞 台南北區花園夜市創始…,Wan Ting Huang,11 則評論 · 9 張相片,3 年前,5 顆星,用料實在，醉雞也很好吃，老闆人很好，服務很親切。
戰鬥雞油雞/醉雞 台南北區花園夜市創始…,陳柔孜,在地嚮導 · 17 則評論 · 14 張相片,3 年前,5 顆星,"雞肉超好吃
很多當季新鮮蔬菜
超適合
168斷食➕施行211餐盤

🌟🌟🌟重點是🌟🌟🌟
🍎鮮肉老闆好帥❤️"
戰鬥雞油雞/醉雞 台南北區花園夜市創始…,劉芝菱,5 則評論,3 年前,5 顆星,花園必吃 油雞醉雞超推薦
戰鬥雞油雞/醉雞 台南北區花園夜市創始…,黃俊杰,4 則評論 · 1 張相片,3 年前,5 顆星,"每次來花園夜市都會吃的
好吃非常的推薦 花園必吃選項之一"
戰鬥雞油雞/醉雞 台南北區花園夜市創始…,首席,5 則評論,3 年前,5 顆星,夜市第一首選好吃🥰🥰🥰 …
戰鬥雞油雞/醉雞 台南北區花園夜市創始…,李威廉,在地嚮導 · 8 則評論 · 7 張相片,3 年前,5 顆星,非常的推薦 份量足夠口味好吃
戰鬥雞油雞/醉雞 台南北區花園夜市創始…,joan wu,15 則評論 · 2 張相片,3 年前,5 顆星,好吃 非常推薦
戰鬥雞油雞/醉雞 台南北區花園夜市創始…,小虎兒,1 則評論,3 年前,1 顆星,你們今天的內臟臭掉了你知道嗎，心跟肝跟雞眕超臭的，自己放一個雞肝進嘴裡嚼看看，臭到爆炸，毀掉其他全部了，阿阿阿阿阿啊！！我真的氣到爆炸，越想越氣，還我190ヽ(｀д´)ノ
戰鬥雞油雞/醉雞 台南北區花園夜市創始…,江Pei Syun,在地嚮導 · 115 則評論 · 36 張相片,3 年前,3 顆星,我的苦瓜忘了給了🥲還有算錢 …
戰鬥雞油雞/醉雞 台南北區花園夜市創始…,Sammie Chiang,在地嚮導 · 9 則評論 · 4 張相片,3 年前,5 顆星,
戰鬥雞油雞/醉雞 台南北區花園夜市創始…,Amos,在地嚮導 · 33 則評論 · 71 張相片,3 年前,5 顆星,
戰鬥雞油雞/醉雞 台南北區花園夜市創始…,許譯丰,在地嚮導 · 16 則評論 · 5 張相片,3 年前,5 顆星,不錯
戰鬥雞油雞/醉雞 台南北區花園夜市創始…,MC Yu,4 則評論 · 2 張相片,3 年前,5 顆星,"東西新鮮食物好吃😋
員工服務態度非常好👍🏽 …"
戰鬥雞油雞/醉雞 台南北區花園夜市創始…,Vicky,8 則評論 · 1 張相片,3 年前,1 顆星,"老闆太扯
我的買一隻油雞腿三樣菜
你卻給我一包只有蓮藕和小黃瓜玉米豆腐和泡麵😡😡
到底是在幹嘛 …"
戰鬥雞油雞/醉雞 台南北區花園夜市創始…,邱奇奇,10 則評論 · 7 張相片,3 年前,5 顆星,老闆親切食物豐富多選擇
戰鬥雞油雞/醉雞 台南北區花園夜市創始…,KUAN HSIEN HO,7 則評論 · 2 張相片,3 年前,5 顆星,
戰鬥雞油雞/醉雞 台南北區花園夜市創始…,張哲泓,9 則評論 · 6 張相片,3 年前,5 顆星,
戰鬥雞油雞/醉雞 台南北區花園夜市創始…,許云綺,5 則評論 · 3 張相片,3 年前,5 顆星,好吃😋 …
戰鬥雞油雞/醉雞 台南北區花園夜市創始…,許雅涵,7 則評論 · 4 張相片,3 年前,5 顆星,超級好吃❤️醬汁好讚
戰鬥雞油雞/醉雞 台南北區花園夜市創始…,范雅晴,22 則評論 · 6 張相片,3 年前,5 顆星,好吃😋 …
戰鬥雞油雞/醉雞 台南北區花園夜市創始…,許阿宜,在地嚮導 · 9 則評論 · 1 張相片,3 年前,5 顆星,很好吃，有很多蔬菜，肉也不錯
戰鬥雞油雞/醉雞 台南北區花園夜市創始…,Jerry,在地嚮導 · 37 則評論 · 14 張相片,3 年前,5 顆星,
戰鬥雞油雞/醉雞 台南北區花園夜市創始…,Taco Hungry,在地嚮導 · 14 則評論 · 5 張相片,3 年前,5 顆星,
戰鬥雞油雞/醉雞 台南北區花園夜市創始…,劉俊辰,在地嚮導 · 53 則評論 · 51 張相片,3 年前,5 顆星,
戰鬥雞油雞/醉雞 台南北區花園夜市創始…,Lin Zanna,在地嚮導 · 30 則評論 · 10 張相片,3 年前,5 顆星,
戰鬥雞油雞/醉雞 台南北區花園夜市創始…,小林計,15 則評論 · 8 張相片,3 年前,5 顆星,超好吃😋 …
戰鬥雞油雞/醉雞 台南北區花園夜市創始…,張耿儒,6 則評論 · 4 張相片,3 年前,5 顆星,
戰鬥雞油雞/醉雞 台南北區花園夜市創始…,范奇芳,在地嚮導 · 35 則評論 · 11 張相片,3 年前,5 顆星,好吃
戰鬥雞油雞/醉雞 台南北區花園夜市創始…,Sophie Huang,6 則評論 · 5 張相片,3 年前,5 顆星,
戰鬥雞油雞/醉雞 台南北區花園夜市創始…,阿綸蔡,13 則評論 · 2 張相片,3 年前,5 顆星,
戰鬥雞油雞/醉雞 台南北區花園夜市創始…,Elvis Lin,12 則評論 · 2 張相片,3 年前,5 顆星,
戰鬥雞油雞/醉雞 台南北區花園夜市創始…,甘庭羽,12 則評論 · 6 張相片,3 年前,5 顆星,好吃再來買
戰鬥雞油雞/醉雞 台南北區花園夜市創始…,曹硯鈞,12 則評論 · 5 張相片,3 年前,5 顆星,
戰鬥雞油雞/醉雞 台南北區花園夜市創始…,吳伯叡,11 則評論 · 4 張相片,3 年前,5 顆星,
戰鬥雞油雞/醉雞 台南北區花園夜市創始…,Rou,在地嚮導 · 20 則評論 · 9 張相片,3 年前,5 顆星,👍🏻 …
戰鬥雞油雞/醉雞 台南北區花園夜市創始…,林諦,在地嚮導 · 15 則評論 · 8 張相片,3 年前,5 顆星,稱讚
戰鬥雞油雞/醉雞 台南北區花園夜市創始…,吳泓緯,5 則評論 · 2 張相片,3 年前,5 顆星,老闆服務親切
戰鬥雞油雞/醉雞 台南北區花園夜市創始…,Chris Chien,在地嚮導 · 27 則評論 · 35 張相片,3 年前,5 顆星,醉雞很香！
戰鬥雞油雞/醉雞 台南北區花園夜市創始…,北科大-吳庭安,4 則評論 · 1 張相片,3 年前,5 顆星,好吃
戰鬥雞油雞/醉雞 台南北區花園夜市創始…,吳憲偉,2 則評論,3 年前,5 顆星,
戰鬥雞油雞/醉雞 台南北區花園夜市創始…,陳怡瑋,在地嚮導 · 90 則評論 · 172 張相片,3 年前,5 顆星,"食材看起來很新鮮
打卡有送雞雜"
戰鬥雞油雞/醉雞 台南北區花園夜市創始…,猩猩,在地嚮導 · 26 則評論 · 11 張相片,3 年前,5 顆星,讚啦！
戰鬥雞油雞/醉雞 台南北區花園夜市創始…,陳宜卿,12 則評論 · 3 張相片,3 年前,1 顆星,在花園夜市出口附近的戰鬥雞購買，我們買的份量很多，點了很多菜類都很硬都沒有味道，除了雞肉很多完全沒入味，感覺是因為人很多隨便做一做⋯連麵都沒有入味是怎麼做的⋯以前吃其他間
戰鬥雞油雞/醉雞 台南北區花園夜市創始…,Shen Lin,7 則評論 · 4 張相片,3 年前,5 顆星,
戰鬥雞油雞/醉雞 台南北區花園夜市創始…,林秋萍,16 則評論,3 年前,5 顆星,
戰鬥雞油雞/醉雞 台南北區花園夜市創始…,段段必偉,15 則評論,3 年前,5 顆星,油雞好吃
戰鬥雞油雞/醉雞 台南北區花園夜市創始…,佳妏陳,在地嚮導 · 4 則評論 · 5 張相片,3 年前,5 顆星,
戰鬥雞油雞/醉雞 台南北區花園夜市創始…,洪瑩珊,15 則評論 · 1 張相片,3 年前,5 顆星,讚👍 …
戰鬥雞油雞/醉雞 台南北區花園夜市創始…,小公主,2 則評論,3 年前,5 顆星,老闆眼睛很漂亮！
戰鬥雞油雞/醉雞 台南北區花園夜市創始…,K,12 則評論 · 5 張相片,3 年前,5 顆星,來夜市必買的鹹水雞～hen好吃😋老闆很親切～ …
戰鬥雞油雞/醉雞 台南北區花園夜市創始…,sholchian,16 則評論 · 3 張相片,3 年前,5 顆星,真的好好吃
戰鬥雞油雞/醉雞 台南北區花園夜市創始…,黃文良,,3 年前,5 顆星,
戰鬥雞油雞/醉雞 台南北區花園夜市創始…,Kelly Shih,在地嚮導 · 126 則評論 · 292 張相片,3 年前,5 顆星,
戰鬥雞油雞/醉雞 台南北區花園夜市創始…,Bobo Hong,13 則評論 · 2 張相片,3 年前,5 顆星,讚
戰鬥雞油雞/醉雞 台南北區花園夜市創始…,Tung Chen,4 則評論 · 1 張相片,3 年前,5 顆星,
戰鬥雞油雞/醉雞 台南北區花園夜市創始…,賴郁存,在地嚮導 · 47 則評論 · 20 張相片,3 年前,5 顆星,滿100打五星送雞雜！
戰鬥雞油雞/醉雞 台南北區花園夜市創始…,wilson,在地嚮導 · 118 則評論 · 11 張相片,3 年前,1 顆星,發酸了
戰鬥雞油雞/醉雞 台南北區花園夜市創始…,吳明慧,3 則評論,3 年前,5 顆星,
戰鬥雞油雞/醉雞 台南北區花園夜市創始…,楊羊羊,在地嚮導 · 38 則評論 · 17 張相片,3 年前,5 顆星,好吃唷
戰鬥雞油雞/醉雞 台南北區花園夜市創始…,高泓舜,在地嚮導 · 65 則評論 · 27 張相片,3 年前,5 顆星,
戰鬥雞油雞/醉雞 台南北區花園夜市創始…,哈爸哈爸,在地嚮導 · 78 則評論 · 211 張相片,3 年前,5 顆星,超級好吃的 推👍 …
戰鬥雞油雞/醉雞 台南北區花園夜市創始…,YZ L,在地嚮導 · 49 則評論 · 16 張相片,3 年前,5 顆星,
戰鬥雞油雞/醉雞 台南北區花園夜市創始…,Ting Yu Chang,在地嚮導 · 95 則評論 · 44 張相片,3 年前,5 顆星,超讚超好吃
戰鬥雞油雞/醉雞 台南北區花園夜市創始…,Joy,在地嚮導 · 59 則評論 · 15 張相片,3 年前,5 顆星,
戰鬥雞油雞/醉雞 台南北區花園夜市創始…,Iris Wang,7 則評論 · 1 張相片,3 年前,5 顆星,真的非常好吃！ ！
戰鬥雞油雞/醉雞 台南北區花園夜市創始…,烏龜烏龜蹦,在地嚮導 · 138 則評論 · 6 張相片,3 年前,5 顆星,好吃，東西很多，很新鮮。
戰鬥雞油雞/醉雞 台南北區花園夜市創始…,Jamie Tsai,8 則評論 · 4 張相片,3 年前,5 顆星,
戰鬥雞油雞/醉雞 台南北區花園夜市創始…,張家寧,在地嚮導 · 17 則評論 · 4 張相片,3 年前,5 顆星,
戰鬥雞油雞/醉雞 台南北區花園夜市創始…,康証鈞,14 則評論,3 年前,5 顆星,讚
戰鬥雞油雞/醉雞 台南北區花園夜市創始…,沈詩婷,在地嚮導 · 30 則評論 · 5 張相片,3 年前,5 顆星,非常好吃唷
戰鬥雞油雞/醉雞 台南北區花園夜市創始…,Laura Chu,6 則評論 · 5 張相片,3 年前,5 顆星,評論五星加消費滿百送雞雜
戰鬥雞油雞/醉雞 台南北區花園夜市創始…,科科,15 則評論,3 年前,5 顆星,讚
戰鬥雞油雞/醉雞 台南北區花園夜市創始…,李玫芳,在地嚮導 · 287 則評論 · 618 張相片,3 年前,5 顆星,"老闆親切,東西美味新鮮"
戰鬥雞油雞/醉雞 台南北區花園夜市創始…,Lynn,在地嚮導 · 23 則評論 · 3 張相片,3 年前,5 顆星,只有這間最好吃!
戰鬥雞油雞/醉雞 台南北區花園夜市創始…,Jackie Sung,在地嚮導 · 63 則評論 · 81 張相片,3 年前,5 顆星,
戰鬥雞油雞/醉雞 台南北區花園夜市創始…,黃獎源,7 則評論 · 2 張相片,3 年前,5 顆星,"親切美味，吃了忘不了
👍👍👍 …"
戰鬥雞油雞/醉雞 台南北區花園夜市創始…,yue-ting Zhou,1 則評論,3 年前,5 顆星,
戰鬥雞油雞/醉雞 台南北區花園夜市創始…,楊尚憲,1 則評論,3 年前,5 顆星,
戰鬥雞油雞/醉雞 台南北區花園夜市創始…,李翰泉,在地嚮導 · 19 則評論,3 年前,5 顆星,讚
戰鬥雞油雞/醉雞 台南北區花園夜市創始…,黑燄魔法使,6 則評論 · 6 張相片,3 年前,5 顆星,
戰鬥雞油雞/醉雞 台南北區花園夜市創始…,鱔魚麵,114 則評論,4 年前,5 顆星,好吃唷～～～～～
戰鬥雞油雞/醉雞 台南北區花園夜市創始…,范崗琦,9 則評論 · 13 張相片,4 年前,5 顆星,去骨油雞吃起來方便，老闆親切❤️一定要來吃！
戰鬥雞油雞/醉雞 台南北區花園夜市創始…,陳小天,,4 年前,5 顆星,
戰鬥雞油雞/醉雞 台南北區花園夜市創始…,捅企鵝,8 則評論 · 4 張相片,4 年前,5 顆星,讚👍 …
戰鬥雞油雞/醉雞 台南北區花園夜市創始…,彥銘,5 則評論 · 2 張相片,4 年前,5 顆星,
戰鬥雞油雞/醉雞 台南北區花園夜市創始…,零負評,在地嚮導 · 30 則評論 · 6 張相片,4 年前,5 顆星,讚👍好吃 …
戰鬥雞油雞/醉雞 台南北區花園夜市創始…,張淑玲,12 則評論 · 1 張相片,4 年前,5 顆星,
戰鬥雞油雞/醉雞 台南北區花園夜市創始…,邱淑慧,14 則評論 · 9 張相片,4 年前,5 顆星,
戰鬥雞油雞/醉雞 台南北區花園夜市創始…,潘大州,,4 年前,5 顆星,
戰鬥雞油雞/醉雞 台南北區花園夜市創始…,張竣堯,10 則評論 · 6 張相片,4 年前,5 顆星,好吃！
戰鬥雞油雞/醉雞 台南北區花園夜市創始…,黃敬程,15 則評論 · 6 張相片,4 年前,5 顆星,
戰鬥雞油雞/醉雞 台南北區花園夜市創始…,謝恩慈,在地嚮導 · 35 則評論 · 7 張相片,4 年前,5 顆星,
戰鬥雞油雞/醉雞 台南北區花園夜市創始…,Fei YI,在地嚮導 · 16 則評論 · 5 張相片,4 年前,5 顆星,好吃美味❤️❤️❤️❤️
戰鬥雞油雞/醉雞 台南北區花園夜市創始…,10751108吳辰妤,1 則評論,4 年前,5 顆星,
戰鬥雞油雞/醉雞 台南北區花園夜市創始…,張北辰,10 則評論,4 年前,5 顆星,
戰鬥雞油雞/醉雞 台南北區花園夜市創始…,s0901075醫學系,1 則評論,4 年前,5 顆星,
戰鬥雞油雞/醉雞 台南北區花園夜市創始…,丁昱嘉,在地嚮導 · 87 則評論 · 89 張相片,4 年前,5 顆星,讚
戰鬥雞油雞/醉雞 台南北區花園夜市創始…,子珍,在地嚮導 · 26 則評論 · 10 張相片,4 年前,5 顆星,好吃👍👍 …
戰鬥雞油雞/醉雞 台南北區花園夜市創始…,李文瑛,在地嚮導 · 18 則評論 · 16 張相片,4 年前,1 顆星,
戰鬥雞油雞/醉雞 台南北區花園夜市創始…,TZ W,在地嚮導 · 94 則評論 · 47 張相片,4 年前,5 顆星,"送雞雜♥看起來很乾淨、小菜挺多的

110.3.27 …"
戰鬥雞油雞/醉雞 台南北區花園夜市創始…,愛吃的馬鈴薯,在地嚮導 · 45 則評論 · 130 張相片,4 年前,5 顆星,
戰鬥雞油雞/醉雞 台南北區花園夜市創始…,Sydney,在地嚮導 · 31 則評論 · 29 張相片,4 年前,5 顆星,
戰鬥雞油雞/醉雞 台南北區花園夜市創始…,張張育豪,在地嚮導 · 20 則評論 · 4 張相片,4 年前,5 顆星,好吃又優惠！
戰鬥雞油雞/醉雞 台南北區花園夜市創始…,簡翊婷,20 則評論,4 年前,5 顆星,服務好，味道佳
戰鬥雞油雞/醉雞 台南北區花園夜市創始…,Ian Lun,7 則評論 · 1 張相片,4 年前,5 顆星,
戰鬥雞油雞/醉雞 台南北區花園夜市創始…,Mia Peng,在地嚮導 · 39 則評論 · 38 張相片,4 年前,5 顆星,
戰鬥雞油雞/醉雞 台南北區花園夜市創始…,郭東宥,在地嚮導 · 26 則評論 · 2 張相片,4 年前,5 顆星,好吃
戰鬥雞油雞/醉雞 台南北區花園夜市創始…,Hun Wu,7 則評論 · 1 張相片,4 年前,5 顆星,稱讚
戰鬥雞油雞/醉雞 台南北區花園夜市創始…,黃張洋,5 則評論 · 3 張相片,4 年前,5 顆星,
戰鬥雞油雞/醉雞 台南北區花園夜市創始…,陳思嘉,12 則評論,4 年前,5 顆星,親切 動作快好吃😋 …
戰鬥雞油雞/醉雞 台南北區花園夜市創始…,葉憨吉,在地嚮導 · 16 則評論 · 1 張相片,4 年前,5 顆星,好吃好吃好吃
戰鬥雞油雞/醉雞 台南北區花園夜市創始…,天月,在地嚮導 · 42 則評論 · 21 張相片,4 年前,5 顆星,
戰鬥雞油雞/醉雞 台南北區花園夜市創始…,Mr.哲,在地嚮導 · 15 則評論 · 14 張相片,4 年前,5 顆星,好吃讚啦👍👍👍 …
戰鬥雞油雞/醉雞 台南北區花園夜市創始…,王鈺翔,1 則評論,4 年前,5 顆星,好吃
戰鬥雞油雞/醉雞 台南北區花園夜市創始…,馬裕倫,在地嚮導 · 18 則評論 · 8 張相片,4 年前,5 顆星,食材種類很多！一定要吃
戰鬥雞油雞/醉雞 台南北區花園夜市創始…,gavin lin,在地嚮導 · 79 則評論 · 38 張相片,4 年前,3 顆星,
戰鬥雞油雞/醉雞 台南北區花園夜市創始…,陳雅筑,8 則評論,4 年前,5 顆星,
戰鬥雞油雞/醉雞 台南北區花園夜市創始…,嵐公主美甲教學,15 則評論 · 8 張相片,4 年前,5 顆星,
戰鬥雞油雞/醉雞 台南北區花園夜市創始…,Tony Liang,在地嚮導 · 17 則評論 · 1 張相片,4 年前,5 顆星,東西很好吃～
戰鬥雞油雞/醉雞 台南北區花園夜市創始…,黃瓊慧,12 則評論 · 7 張相片,4 年前,5 顆星,超好吃
戰鬥雞油雞/醉雞 台南北區花園夜市創始…,shen c,6 則評論,4 年前,5 顆星,
戰鬥雞油雞/醉雞 台南北區花園夜市創始…,奶茶,5 則評論 · 1 張相片,4 年前,5 顆星,
戰鬥雞油雞/醉雞 台南北區花園夜市創始…,Joyce Wang,在地嚮導 · 15 則評論 · 6 張相片,4 年前,5 顆星,👍🏻👍🏻 …
戰鬥雞油雞/醉雞 台南北區花園夜市創始…,Jun,在地嚮導 · 21 則評論 · 7 張相片,4 年前,2 顆星,"青菜沒味道 醉雞太鹹沒什麼酒味
有送雞雜才多給一顆星的"
戰鬥雞油雞/醉雞 台南北區花園夜市創始…,睿,11 則評論 · 4 張相片,4 年前,5 顆星,好好吃
戰鬥雞油雞/醉雞 台南北區花園夜市創始…,吳柏諺,2 則評論,4 年前,5 顆星,東西很好吃！
戰鬥雞油雞/醉雞 台南北區花園夜市創始…,林奇緯,在地嚮導 · 20 則評論 · 3 張相片,4 年前,5 顆星,
戰鬥雞油雞/醉雞 台南北區花園夜市創始…,Rick Chong,7 則評論 · 8 張相片,4 年前,5 顆星,
戰鬥雞油雞/醉雞 台南北區花園夜市創始…,黃小閤,在地嚮導 · 17 則評論 · 3 張相片,4 年前,5 顆星,好吃！
戰鬥雞油雞/醉雞 台南北區花園夜市創始…,秦崇豪,,4 年前,5 顆星,
戰鬥雞油雞/醉雞 台南北區花園夜市創始…,兩千,,4 年前,5 顆星,
戰鬥雞油雞/醉雞 台南北區花園夜市創始…,空空慶（帥帥慶）,在地嚮導 · 2 則評論 · 30 張相片,4 年前,5 顆星,
戰鬥雞油雞/醉雞 台南北區花園夜市創始…,賴打,25 則評論,4 年前,5 顆星,
戰鬥雞油雞/醉雞 台南北區花園夜市創始…,HUIWEN CHOU,在地嚮導 · 32 則評論 · 20 張相片,4 年前,1 顆星,買了六樣小菜加肉的全餐，吃一口菜真的大傻眼，完全沒味道，懷疑是不是直接燙熟就拿來賣了，肉的部分還可以，一顆星就給肉吧😨 …
戰鬥雞油雞/醉雞 台南北區花園夜市創始…,李少豪,4 則評論 · 3 張相片,4 年前,4 顆星,
戰鬥雞油雞/醉雞 台南北區花園夜市創始…,黑雪糕,11 則評論 · 2 張相片,4 年前,5 顆星,好吃
戰鬥雞油雞/醉雞 台南北區花園夜市創始…,Minyu,在地嚮導 · 126 則評論 · 204 張相片,4 年前,5 顆星,"好吃 新鮮 美味
每次來都會回購"
戰鬥雞油雞/醉雞 台南北區花園夜市創始…,Miller TK,在地嚮導 · 64 則評論 · 31 張相片,4 年前,5 顆星,
戰鬥雞油雞/醉雞 台南北區花園夜市創始…,鄭仁翔,13 則評論 · 2 張相片,4 年前,5 顆星,好吃
戰鬥雞油雞/醉雞 台南北區花園夜市創始…,咖波殿下,在地嚮導 · 112 則評論 · 593 張相片,4 年前,5 顆星,
戰鬥雞油雞/醉雞 台南北區花園夜市創始…,YUYU LIN (小扉ㄦ),7 則評論 · 2 張相片,4 年前,5 顆星,
戰鬥雞油雞/醉雞 台南北區花園夜市創始…,邱建衛,,4 年前,5 顆星,
戰鬥雞油雞/醉雞 台南北區花園夜市創始…,Masayo,在地嚮導 · 25 則評論 · 21 張相片,4 年前,5 顆星,
戰鬥雞油雞/醉雞 台南北區花園夜市創始…,謝伯聞,11 則評論 · 3 張相片,4 年前,5 顆星,
戰鬥雞油雞/醉雞 台南北區花園夜市創始…,蔡思源,在地嚮導 · 45 則評論 · 258 張相片,4 年前,5 顆星,好吃
戰鬥雞油雞/醉雞 台南北區花園夜市創始…,游新順,11 則評論 · 2 張相片,4 年前,5 顆星,好吃
戰鬥雞油雞/醉雞 台南北區花園夜市創始…,鄭桓,1 則評論,4 年前,5 顆星,👍🏻👍🏻👍🏻 …
戰鬥雞油雞/醉雞 台南北區花園夜市創始…,Yeepa Eden,在地嚮導 · 38 則評論 · 2 張相片,4 年前,5 顆星,油雞還有馬鈴薯超級好吃
戰鬥雞油雞/醉雞 台南北區花園夜市創始…,林晏民,18 則評論 · 3 張相片,4 年前,5 顆星,
戰鬥雞油雞/醉雞 台南北區花園夜市創始…,林辰辰,15 則評論 · 4 張相片,4 年前,5 顆星,
戰鬥雞油雞/醉雞 台南北區花園夜市創始…,yee,32 則評論 · 6 張相片,4 年前,5 顆星,棒棒棒
戰鬥雞油雞/醉雞 台南北區花園夜市創始…,帥哥大,在地嚮導 · 30 則評論 · 5 張相片,4 年前,5 顆星,
戰鬥雞油雞/醉雞 台南北區花園夜市創始…,邱佳琪,2 則評論,4 年前,5 顆星,
戰鬥雞油雞/醉雞 台南北區花園夜市創始…,踢逼西,1 則評論,4 年前,5 顆星,
戰鬥雞油雞/醉雞 台南北區花園夜市創始…,阿祥,7 則評論 · 6 張相片,4 年前,5 顆星,
戰鬥雞油雞/醉雞 台南北區花園夜市創始…,蕭喬禕,在地嚮導 · 19 則評論 · 24 張相片,4 年前,5 顆星,好吃
戰鬥雞油雞/醉雞 台南北區花園夜市創始…,謝孟哲,在地嚮導 · 68 則評論 · 86 張相片,4 年前,5 顆星,
戰鬥雞油雞/醉雞 台南北區花園夜市創始…,齊浩翔,在地嚮導 · 22 則評論 · 5 張相片,4 年前,5 顆星,
戰鬥雞油雞/醉雞 台南北區花園夜市創始…,周彬豪,在地嚮導 · 31 則評論 · 6 張相片,4 年前,5 顆星,
戰鬥雞油雞/醉雞 台南北區花園夜市創始…,詹懿真,3 則評論,4 年前,5 顆星,
戰鬥雞油雞/醉雞 台南北區花園夜市創始…,Ka Ni,在地嚮導 · 43 則評論 · 9 張相片,4 年前,5 顆星,不錯吃的fu
戰鬥雞油雞/醉雞 台南北區花園夜市創始…,阿貿,在地嚮導 · 38 則評論 · 42 張相片,4 年前,5 顆星,評論送雞雜👍 …
戰鬥雞油雞/醉雞 台南北區花園夜市創始…,楊時芬,11 則評論 · 5 張相片,4 年前,5 顆星,
戰鬥雞油雞/醉雞 台南北區花園夜市創始…,王鏡凱,11 則評論 · 1 張相片,4 年前,5 顆星,來這必吃！！
戰鬥雞油雞/醉雞 台南北區花園夜市創始…,馬邦德,在地嚮導 · 108 則評論 · 29 張相片,4 年前,5 顆星,"非常棒的油雞，也有醉雞可以選，好吃啊！
花園夜市首選！"
戰鬥雞油雞/醉雞 台南北區花園夜市創始…,麥雅婷（麥麥）,在地嚮導 · 16 則評論 · 5 張相片,4 年前,5 顆星,二次來訪～老闆們都很親切～服務佳～味道好，來花園夜市必點 👍👍👍 …
戰鬥雞油雞/醉雞 台南北區花園夜市創始…,Shiro Fu,在地嚮導 · 23 則評論 · 24 張相片,4 年前,5 顆星,好的
戰鬥雞油雞/醉雞 台南北區花園夜市創始…,楊芸甄,6 則評論 · 2 張相片,4 年前,5 顆星,
戰鬥雞油雞/醉雞 台南北區花園夜市創始…,shu chih Ho,在地嚮導 · 24 則評論 · 5 張相片,4 年前,5 顆星,
戰鬥雞油雞/醉雞 台南北區花園夜市創始…,江忠諺,1 則評論 · 2 張相片,4 年前,5 顆星,
戰鬥雞油雞/醉雞 台南北區花園夜市創始…,冠霖王,11 則評論 · 3 張相片,4 年前,5 顆星,好吃~~
戰鬥雞油雞/醉雞 台南北區花園夜市創始…,葉庭維,在地嚮導 · 37 則評論 · 54 張相片,4 年前,5 顆星,好吃
戰鬥雞油雞/醉雞 台南北區花園夜市創始…,詹穎,4 則評論 · 1 張相片,4 年前,5 顆星,
戰鬥雞油雞/醉雞 台南北區花園夜市創始…,pinky608 chen,34 則評論 · 8 張相片,4 年前,5 顆星,
戰鬥雞油雞/醉雞 台南北區花園夜市創始…,許親平,9 則評論,4 年前,5 顆星,讚
戰鬥雞油雞/醉雞 台南北區花園夜市創始…,Zhe,在地嚮導 · 27 則評論 · 5 張相片,4 年前,5 顆星,
戰鬥雞油雞/醉雞 台南北區花園夜市創始…,安安,25 則評論 · 22 張相片,4 年前,5 顆星,
戰鬥雞油雞/醉雞 台南北區花園夜市創始…,歐,7 則評論,4 年前,5 顆星,好吃
戰鬥雞油雞/醉雞 台南北區花園夜市創始…,Hua Chen,6 則評論,4 年前,5 顆星,
戰鬥雞油雞/醉雞 台南北區花園夜市創始…,Evan ??,在地嚮導 · 17 則評論 · 1 張相片,4 年前,4 顆星,
戰鬥雞油雞/醉雞 台南北區花園夜市創始…,謝亞馨,在地嚮導 · 33 則評論 · 21 張相片,4 年前,5 顆星,
戰鬥雞油雞/醉雞 台南北區花園夜市創始…,蘇家弘,15 則評論 · 3 張相片,4 年前,5 顆星,棒
戰鬥雞油雞/醉雞 台南北區花園夜市創始…,wii,在地嚮導 · 52 則評論 · 48 張相片,4 年前,5 顆星,好吃的鹹水雞～
戰鬥雞油雞/醉雞 台南北區花園夜市創始…,Puppy Chen,在地嚮導 · 49 則評論 · 32 張相片,4 年前,5 顆星,好吃😋 每次來花園都要光顧的店家 …
戰鬥雞油雞/醉雞 台南北區花園夜市創始…,Andrew Yio,5 則評論,4 年前,5 顆星,完美
戰鬥雞油雞/醉雞 台南北區花園夜市創始…,Hsin-Yu Hsieh,17 則評論 · 6 張相片,4 年前,5 顆星,
戰鬥雞油雞/醉雞 台南北區花園夜市創始…,wayne jiang,在地嚮導 · 18 則評論 · 4 張相片,4 年前,5 顆星,
戰鬥雞油雞/醉雞 台南北區花園夜市創始…,C,"在地嚮導 · 1,546 則評論 · 16,445 張相片",4 年前,5 顆星,"醉雞超好吃的🥰
醉雞胸$100 雖然是一小盒 但份量還不少
肉質嫩 好吃～ …"
戰鬥雞油雞/醉雞 台南北區花園夜市創始…,繁星,在地嚮導 · 59 則評論 · 28 張相片,4 年前,5 顆星,
戰鬥雞油雞/醉雞 台南北區花園夜市創始…,陳俊宏,13 則評論 · 3 張相片,4 年前,5 顆星,
戰鬥雞油雞/醉雞 台南北區花園夜市創始…,Tanya Wang,在地嚮導 · 38 則評論 · 89 張相片,4 年前,5 顆星,"夜市首選
肉質嫩不會柴喲～"
戰鬥雞油雞/醉雞 台南北區花園夜市創始…,郭思茗,在地嚮導 · 23 則評論 · 12 張相片,4 年前,5 顆星,新鮮，好吃
戰鬥雞油雞/醉雞 台南北區花園夜市創始…,LEE佳蓉,在地嚮導 · 20 則評論 · 10 張相片,4 年前,5 顆星,
戰鬥雞油雞/醉雞 台南北區花園夜市創始…,yuan ting Lin,7 則評論,4 年前,5 顆星,
戰鬥雞油雞/醉雞 台南北區花園夜市創始…,Amy Liu,在地嚮導 · 100 則評論 · 74 張相片,4 年前,5 顆星,
戰鬥雞油雞/醉雞 台南北區花園夜市創始…,賴芃,4 則評論 · 3 張相片,4 年前,5 顆星,
戰鬥雞油雞/醉雞 台南北區花園夜市創始…,袁智諒（阿諒）,在地嚮導 · 30 則評論 · 21 張相片,4 年前,5 顆星,好吃，快速
戰鬥雞油雞/醉雞 台南北區花園夜市創始…,雙子星,在地嚮導 · 19 則評論 · 3 張相片,4 年前,5 顆星,
戰鬥雞油雞/醉雞 台南北區花園夜市創始…,Sin Fang,11 則評論 · 4 張相片,4 年前,5 顆星,
戰鬥雞油雞/醉雞 台南北區花園夜市創始…,LIAM,在地嚮導 · 46 則評論 · 18 張相片,4 年前,5 顆星,好吃😋 …
戰鬥雞油雞/醉雞 台南北區花園夜市創始…,高宇騰,7 則評論,4 年前,5 顆星,好吃😋值得來買 …
戰鬥雞油雞/醉雞 台南北區花園夜市創始…,旻木華ˊ,在地嚮導 · 152 則評論 · 194 張相片,4 年前,5 顆星,滿一百打五星送雞雜啦
戰鬥雞油雞/醉雞 台南北區花園夜市創始…,Z-Chuan Sun,在地嚮導 · 31 則評論,4 年前,5 顆星,
戰鬥雞油雞/醉雞 台南北區花園夜市創始…,Yu Daniel,15 則評論 · 2 張相片,4 年前,5 顆星,
戰鬥雞油雞/醉雞 台南北區花園夜市創始…,許苡暄,在地嚮導 · 20 則評論 · 7 張相片,4 年前,5 顆星,
戰鬥雞油雞/醉雞 台南北區花園夜市創始…,Evening.A,在地嚮導 · 14 則評論 · 1 張相片,4 年前,5 顆星,
戰鬥雞油雞/醉雞 台南北區花園夜市創始…,愛旅遊の涵涵,在地嚮導 · 78 則評論 · 303 張相片,4 年前,5 顆星,
戰鬥雞油雞/醉雞 台南北區花園夜市創始…,宛阿中,14 則評論 · 2 張相片,4 年前,5 顆星,菜很豐富 雞肉吃起來口感非常不錯 值得再買一次
戰鬥雞油雞/醉雞 台南北區花園夜市創始…,陳郁雯,12 則評論,4 年前,5 顆星,
戰鬥雞油雞/醉雞 台南北區花園夜市創始…,游晉誠,在地嚮導 · 47 則評論 · 58 張相片,4 年前,5 顆星,好吃
戰鬥雞油雞/醉雞 台南北區花園夜市創始…,Yuyo Chen,在地嚮導 · 147 則評論 · 73 張相片,4 年前,5 顆星,
戰鬥雞油雞/醉雞 台南北區花園夜市創始…,Yu Cai,在地嚮導 · 56 則評論 · 131 張相片,4 年前,5 顆星,
戰鬥雞油雞/醉雞 台南北區花園夜市創始…,張秀麗,2 則評論,4 年前,5 顆星,太好吃了吧！
戰鬥雞油雞/醉雞 台南北區花園夜市創始…,mimi huang,12 則評論 · 4 張相片,4 年前,5 顆星,👍 …
戰鬥雞油雞/醉雞 台南北區花園夜市創始…,闕如君,26 則評論 · 7 張相片,4 年前,5 顆星,"超級好吃😍
老闆人超好❤️❤️❤️ …"
戰鬥雞油雞/醉雞 台南北區花園夜市創始…,江芷庭,12 則評論 · 2 張相片,4 年前,5 顆星,好吃
戰鬥雞油雞/醉雞 台南北區花園夜市創始…,a512tim512,7 則評論 · 1 張相片,4 年前,5 顆星,
戰鬥雞油雞/醉雞 台南北區花園夜市創始…,謝彩雲,4 則評論 · 1 張相片,4 年前,5 顆星,
戰鬥雞油雞/醉雞 台南北區花園夜市創始…,陸小萍,9 則評論 · 1 張相片,4 年前,5 顆星,好吃
戰鬥雞油雞/醉雞 台南北區花園夜市創始…,童捷,在地嚮導 · 15 則評論 · 13 張相片,4 年前,5 顆星,超好吃
戰鬥雞油雞/醉雞 台南北區花園夜市創始…,yu kin,7 則評論 · 1 張相片,4 年前,5 顆星,
戰鬥雞油雞/醉雞 台南北區花園夜市創始…,高婕熒,在地嚮導 · 156 則評論 · 21 張相片,4 年前,5 顆星,超好吃的戰鬥雞
戰鬥雞油雞/醉雞 台南北區花園夜市創始…,草莓,在地嚮導 · 14 則評論 · 3 張相片,4 年前,5 顆星,
戰鬥雞油雞/醉雞 台南北區花園夜市創始…,water,在地嚮導 · 10 則評論 · 13 張相片,4 年前,5 顆星,
戰鬥雞油雞/醉雞 台南北區花園夜市創始…,阿爾法衛αlphαwαyZ,11 則評論 · 1 張相片,4 年前,5 顆星,讚讚的
戰鬥雞油雞/醉雞 台南北區花園夜市創始…,陳妍心,在地嚮導 · 63 則評論 · 38 張相片,4 年前,5 顆星,
戰鬥雞油雞/醉雞 台南北區花園夜市創始…,甘宗平,,4 年前,5 顆星,
戰鬥雞油雞/醉雞 台南北區花園夜市創始…,劉怡岑,8 則評論 · 4 張相片,4 年前,5 顆星,
戰鬥雞油雞/醉雞 台南北區花園夜市創始…,Bryant,12 則評論 · 2 張相片,4 年前,5 顆星,好吃，衛生，乾淨，店員帥
戰鬥雞油雞/醉雞 台南北區花園夜市創始…,"007, 林純宇202A",6 則評論,4 年前,5 顆星,
戰鬥雞油雞/醉雞 台南北區花園夜市創始…,林雨靜,在地嚮導 · 43 則評論 · 40 張相片,4 年前,5 顆星,
戰鬥雞油雞/醉雞 台南北區花園夜市創始…,李琴兒,在地嚮導 · 31 則評論 · 34 張相片,4 年前,5 顆星,
戰鬥雞油雞/醉雞 台南北區花園夜市創始…,周雅慧,在地嚮導 · 16 則評論 · 19 張相片,4 年前,5 顆星,
戰鬥雞油雞/醉雞 台南北區花園夜市創始…,陳正龍,在地嚮導 · 28 則評論 · 10 張相片,4 年前,5 顆星,好吃的雞肉
戰鬥雞油雞/醉雞 台南北區花園夜市創始…,碳大吉,在地嚮導 · 95 則評論 · 28 張相片,4 年前,5 顆星,好好吃❤️
戰鬥雞油雞/醉雞 台南北區花園夜市創始…,Li-Wei Chen,在地嚮導 · 124 則評論 · 127 張相片,4 年前,5 顆星,"雞胸很大，也很嫩不會柴柴！
蔬菜也處理的很好唷！！"
戰鬥雞油雞/醉雞 台南北區花園夜市創始…,卓榮彬,2 則評論,4 年前,5 顆星,讚
戰鬥雞油雞/醉雞 台南北區花園夜市創始…,林佩佩,14 則評論 · 10 張相片,4 年前,5 顆星,"超好吃
老闆人超好，讚！
超推"
戰鬥雞油雞/醉雞 台南北區花園夜市創始…,恁北送,在地嚮導 · 50 則評論 · 63 張相片,4 年前,5 顆星,
戰鬥雞油雞/醉雞 台南北區花園夜市創始…,Miya Hsu,在地嚮導 · 34 則評論 · 11 張相片,4 年前,5 顆星,稱讚！稱讚！
戰鬥雞油雞/醉雞 台南北區花園夜市創始…,李李妤軒,2 則評論 · 1 張相片,4 年前,5 顆星,怎麼可以這麼好吃🤭 …
戰鬥雞油雞/醉雞 台南北區花園夜市創始…,zoe hui,2 則評論,4 年前,5 顆星,
戰鬥雞油雞/醉雞 台南北區花園夜市創始…,黃駿傑,9 則評論,4 年前,5 顆星,好吃😋 …
戰鬥雞油雞/醉雞 台南北區花園夜市創始…,Eric Chung,4 則評論,4 年前,5 顆星,很實在的商家
戰鬥雞油雞/醉雞 台南北區花園夜市創始…,阿公,4 則評論 · 1 張相片,4 年前,5 顆星,
戰鬥雞油雞/醉雞 台南北區花園夜市創始…,Gina Lee,在地嚮導 · 15 則評論 · 10 張相片,4 年前,5 顆星,
戰鬥雞油雞/醉雞 台南北區花園夜市創始…,Timbone,在地嚮導 · 37 則評論 · 17 張相片,4 年前,5 顆星,超好吃快來！
戰鬥雞油雞/醉雞 台南北區花園夜市創始…,林怡婷,2 則評論 · 1 張相片,4 年前,5 顆星,
戰鬥雞油雞/醉雞 台南北區花園夜市創始…,麥克華斯基,在地嚮導 · 21 則評論 · 7 張相片,4 年前,5 顆星,
戰鬥雞油雞/醉雞 台南北區花園夜市創始…,周敬凱,在地嚮導 · 39 則評論 · 110 張相片,4 年前,5 顆星,讚啦
戰鬥雞油雞/醉雞 台南北區花園夜市創始…,許鴻文,在地嚮導 · 20 則評論 · 19 張相片,4 年前,5 顆星,
戰鬥雞油雞/醉雞 台南北區花園夜市創始…,郭慧如,在地嚮導 · 17 則評論 · 16 張相片,4 年前,5 顆星,
戰鬥雞油雞/醉雞 台南北區花園夜市創始…,Huiya Chen,38 則評論 · 1 張相片,4 年前,5 顆星,
戰鬥雞油雞/醉雞 台南北區花園夜市創始…,lllK,8 則評論 · 2 張相片,4 年前,5 顆星,
戰鬥雞油雞/醉雞 台南北區花園夜市創始…,柴可夫斯雞,在地嚮導 · 26 則評論 · 5 張相片,4 年前,5 顆星,你是我的菜❤
戰鬥雞油雞/醉雞 台南北區花園夜市創始…,Lillian Tzeng,在地嚮導 · 56 則評論 · 43 張相片,4 年前,5 顆星,朋友推薦，特此前來購買～
戰鬥雞油雞/醉雞 台南北區花園夜市創始…,曾祺家,9 則評論,4 年前,5 顆星,好吃美味！
戰鬥雞油雞/醉雞 台南北區花園夜市創始…,雷葛爾（Rengar）,在地嚮導 · 33 則評論 · 203 張相片,4 年前,5 顆星,"被我們搞到很無奈的老闆 還是很用心服務！

Ps.這不是鹽水雞
是好吃的油雞與醉雞
老闆去骨"
戰鬥雞油雞/醉雞 台南北區花園夜市創始…,Hsien,5 則評論 · 2 張相片,4 年前,5 顆星,
戰鬥雞油雞/醉雞 台南北區花園夜市創始…,Wen Su,在地嚮導 · 26 則評論 · 47 張相片,4 年前,5 顆星,
戰鬥雞油雞/醉雞 台南北區花園夜市創始…,POTA POTA,63 則評論 · 77 張相片,4 年前,5 顆星,
戰鬥雞油雞/醉雞 台南北區花園夜市創始…,劉冠傑,在地嚮導 · 27 則評論 · 1 張相片,4 年前,5 顆星,
戰鬥雞油雞/醉雞 台南北區花園夜市創始…,Linda Me,11 則評論 · 8 張相片,4 年前,5 顆星,
戰鬥雞油雞/醉雞 台南北區花園夜市創始…,仕賢,在地嚮導 · 72 則評論 · 8 張相片,4 年前,5 顆星,好吃
戰鬥雞油雞/醉雞 台南北區花園夜市創始…,陳小布,11 則評論 · 6 張相片,4 年前,5 顆星,超好吃，夜市必吃的鹹水雞
戰鬥雞油雞/醉雞 台南北區花園夜市創始…,HC T,8 則評論 · 17 張相片,4 年前,5 顆星,好吃
戰鬥雞油雞/醉雞 台南北區花園夜市創始…,王bo,在地嚮導 · 13 則評論 · 6 張相片,4 年前,5 顆星,稱讚
戰鬥雞油雞/醉雞 台南北區花園夜市創始…,黃Eason,17 則評論 · 18 張相片,4 年前,5 顆星,好吃😋 …
戰鬥雞油雞/醉雞 台南北區花園夜市創始…,洪于涵,3 則評論 · 3 張相片,4 年前,5 顆星,好吃...
戰鬥雞油雞/醉雞 台南北區花園夜市創始…,GG9871,1 則評論,4 年前,5 顆星,👍🏿 …
戰鬥雞油雞/醉雞 台南北區花園夜市創始…,wu jh,8 則評論 · 4 張相片,4 年前,5 顆星,
戰鬥雞油雞/醉雞 台南北區花園夜市創始…,Jeffer,13 則評論 · 3 張相片,4 年前,5 顆星,
戰鬥雞油雞/醉雞 台南北區花園夜市創始…,周育賢,在地嚮導 · 19 則評論 · 6 張相片,4 年前,5 顆星,吃
戰鬥雞油雞/醉雞 台南北區花園夜市創始…,璟瑄王,2 則評論 · 1 張相片,4 年前,5 顆星,
戰鬥雞油雞/醉雞 台南北區花園夜市創始…,경문,10 則評論 · 4 張相片,4 年前,5 顆星,
戰鬥雞油雞/醉雞 台南北區花園夜市創始…,Han Shu,在地嚮導 · 35 則評論 · 20 張相片,4 年前,5 顆星,好粗又好吃～～
戰鬥雞油雞/醉雞 台南北區花園夜市創始…,陳儀甄,13 則評論,4 年前,5 顆星,好吃😆😆😆 …
戰鬥雞油雞/醉雞 台南北區花園夜市創始…,Yun Li,在地嚮導 · 57 則評論 · 56 張相片,4 年前,5 顆星,非常好吃👍⋯⋯香噴噴 …
戰鬥雞油雞/醉雞 台南北區花園夜市創始…,南廍福安宮,9 則評論 · 3 張相片,4 年前,5 顆星,
戰鬥雞油雞/醉雞 台南北區花園夜市創始…,林豬豬,在地嚮導 · 25 則評論 · 28 張相片,4 年前,5 顆星,快速方便！好吃
戰鬥雞油雞/醉雞 台南北區花園夜市創始…,YL CHIU,"在地嚮導 · 718 則評論 · 1,767 張相片",4 年前,2 顆星,"109/10/2於外送平台訂購戰鬥雞-武聖倉儲店。
戰鬥雞口味食材一直都讓人很信任，不過這次的玉米筍，雖然不是不能吃，但是口感實在很差，外貌也是....建議店家可以改善。"
戰鬥雞油雞/醉雞 台南北區花園夜市創始…,林君慧,7 則評論 · 4 張相片,4 年前,5 顆星,好好吃哈哈哈哈讚啦！
戰鬥雞油雞/醉雞 台南北區花園夜市創始…,Mo Mo,在地嚮導 · 28 則評論 · 54 張相片,4 年前,5 顆星,"美味，服務佳～
夏天消暑聖品❤️"
戰鬥雞油雞/醉雞 台南北區花園夜市創始…,李雨非,在地嚮導 · 16 則評論,4 年前,5 顆星,
戰鬥雞油雞/醉雞 台南北區花園夜市創始…,陳大帥,在地嚮導 · 17 則評論 · 1 張相片,4 年前,5 顆星,好吃
戰鬥雞油雞/醉雞 台南北區花園夜市創始…,宇,3 則評論,4 年前,5 顆星,
戰鬥雞油雞/醉雞 台南北區花園夜市創始…,阿悠（阿悠）,3 則評論,4 年前,5 顆星,非常好吃
戰鬥雞油雞/醉雞 台南北區花園夜市創始…,洪浩恩,5 則評論,4 年前,5 顆星,！送雞雜
戰鬥雞油雞/醉雞 台南北區花園夜市創始…,戴詩珣,在地嚮導 · 6 則評論 · 20 張相片,4 年前,5 顆星,讚喔
戰鬥雞油雞/醉雞 台南北區花園夜市創始…,張詠涵,14 則評論 · 10 張相片,4 年前,5 顆星,
戰鬥雞油雞/醉雞 台南北區花園夜市創始…,陳冠傑.,1 則評論,4 年前,5 顆星,
戰鬥雞油雞/醉雞 台南北區花園夜市創始…,chi kuan,在地嚮導 · 6 則評論 · 29 張相片,4 年前,5 顆星,醉雞好吃～～～
戰鬥雞油雞/醉雞 台南北區花園夜市創始…,李健瑀,在地嚮導 · 33 則評論 · 5 張相片,4 年前,5 顆星,很棒好吃😋 …
戰鬥雞油雞/醉雞 台南北區花園夜市創始…,澄澄堡,18 則評論 · 5 張相片,4 年前,5 顆星,乾淨衛生 油雞大又Q
戰鬥雞油雞/醉雞 台南北區花園夜市創始…,吳芳瑜,9 則評論 · 2 張相片,4 年前,5 顆星,超好吃
戰鬥雞油雞/醉雞 台南北區花園夜市創始…,黃婕寧,在地嚮導 · 24 則評論 · 9 張相片,4 年前,5 顆星,
戰鬥雞油雞/醉雞 台南北區花園夜市創始…,葉,在地嚮導 · 29 則評論 · 14 張相片,4 年前,5 顆星,醉雞好吃
戰鬥雞油雞/醉雞 台南北區花園夜市創始…,Haha Linba,在地嚮導 · 60 則評論 · 95 張相片,4 年前,5 顆星,
戰鬥雞油雞/醉雞 台南北區花園夜市創始…,劉永倫,在地嚮導 · 16 則評論 · 11 張相片,4 年前,5 顆星,好吃快速💪💪💪 …
戰鬥雞油雞/醉雞 台南北區花園夜市創始…,藍星,7 則評論 · 2 張相片,4 年前,5 顆星,種類豐富 好吃！
戰鬥雞油雞/醉雞 台南北區花園夜市創始…,sonya liaw,在地嚮導 · 15 則評論 · 3 張相片,4 年前,5 顆星,
戰鬥雞油雞/醉雞 台南北區花園夜市創始…,Aini,在地嚮導 · 8 則評論 · 1 張相片,4 年前,5 顆星,
戰鬥雞油雞/醉雞 台南北區花園夜市創始…,喬Joe,26 則評論 · 36 張相片,4 年前,5 顆星,
戰鬥雞油雞/醉雞 台南北區花園夜市創始…,琪梅,4 則評論 · 1 張相片,4 年前,5 顆星,
戰鬥雞油雞/醉雞 台南北區花園夜市創始…,詹秉昌,9 則評論 · 1 張相片,4 年前,5 顆星,
戰鬥雞油雞/醉雞 台南北區花園夜市創始…,Hsiang,在地嚮導 · 28 則評論 · 13 張相片,4 年前,5 顆星,
戰鬥雞油雞/醉雞 台南北區花園夜市創始…,鄭軒國,在地嚮導 · 19 則評論 · 2 張相片,4 年前,5 顆星,
戰鬥雞油雞/醉雞 台南北區花園夜市創始…,錢彥銘,1 則評論,4 年前,5 顆星,
戰鬥雞油雞/醉雞 台南北區花園夜市創始…,Melody Liao,在地嚮導 · 36 則評論 · 282 張相片,4 年前,5 顆星,
戰鬥雞油雞/醉雞 台南北區花園夜市創始…,柏諺,6 則評論 · 1 張相片,4 年前,5 顆星,
戰鬥雞油雞/醉雞 台南北區花園夜市創始…,歐陽彥俊,在地嚮導 · 20 則評論 · 3 張相片,4 年前,5 顆星,好吃！新鮮！服務好👍 …
戰鬥雞油雞/醉雞 台南北區花園夜市創始…,嵐公主,在地嚮導 · 25 則評論 · 32 張相片,4 年前,5 顆星,
戰鬥雞油雞/醉雞 台南北區花園夜市創始…,陳嘉雯,1 則評論,4 年前,5 顆星,
戰鬥雞油雞/醉雞 台南北區花園夜市創始…,余世銘（兒）,3 則評論,4 年前,1 顆星,
戰鬥雞油雞/醉雞 台南北區花園夜市創始…,Li Yu Tseng,9 則評論,4 年前,5 顆星,
戰鬥雞油雞/醉雞 台南北區花園夜市創始…,楊佩瑜,3 則評論 · 1 張相片,4 年前,5 顆星,
戰鬥雞油雞/醉雞 台南北區花園夜市創始…,百白百,在地嚮導 · 13 則評論 · 25 張相片,4 年前,5 顆星,
戰鬥雞油雞/醉雞 台南北區花園夜市創始…,小桃子,28 則評論 · 26 張相片,4 年前,5 顆星,👍 …
戰鬥雞油雞/醉雞 台南北區花園夜市創始…,柯秉立,7 則評論 · 1 張相片,4 年前,5 顆星,好吃
戰鬥雞油雞/醉雞 台南北區花園夜市創始…,倪佳筠,在地嚮導 · 54 則評論 · 64 張相片,4 年前,5 顆星,
戰鬥雞油雞/醉雞 台南北區花園夜市創始…,呂佳容,11 則評論 · 9 張相片,4 年前,5 顆星,
戰鬥雞油雞/醉雞 台南北區花園夜市創始…,Jees97,13 則評論 · 2 張相片,4 年前,5 顆星,美味的食物
戰鬥雞油雞/醉雞 台南北區花園夜市創始…,Alice,在地嚮導 · 11 則評論 · 7 張相片,4 年前,5 顆星,
戰鬥雞油雞/醉雞 台南北區花園夜市創始…,曾釋慧,在地嚮導 · 18 則評論 · 9 張相片,4 年前,5 顆星,
戰鬥雞油雞/醉雞 台南北區花園夜市創始…,Nimo,在地嚮導 · 36 則評論 · 25 張相片,4 年前,5 顆星,好吃
戰鬥雞油雞/醉雞 台南北區花園夜市創始…,林媽咪,9 則評論 · 7 張相片,4 年前,5 顆星,
戰鬥雞油雞/醉雞 台南北區花園夜市創始…,Yue 黃,9 則評論 · 3 張相片,4 年前,5 顆星,老闆很帥
戰鬥雞油雞/醉雞 台南北區花園夜市創始…,Cody,9 則評論 · 1 張相片,4 年前,5 顆星,好吃😋 …
戰鬥雞油雞/醉雞 台南北區花園夜市創始…,Chang Liu,2 則評論,4 年前,5 顆星,
戰鬥雞油雞/醉雞 台南北區花園夜市創始…,林佑霖,3 則評論 · 3 張相片,4 年前,5 顆星,推薦😋👍醉雞真的很好吃！菜也很多！ …
戰鬥雞油雞/醉雞 台南北區花園夜市創始…,林品孜,12 則評論 · 4 張相片,4 年前,5 顆星,
戰鬥雞油雞/醉雞 台南北區花園夜市創始…,楊宇威,7 則評論 · 1 張相片,4 年前,5 顆星,很好吃😋來花園必買的排隊美食 …
戰鬥雞油雞/醉雞 台南北區花園夜市創始…,王老虎,5 則評論,4 年前,5 顆星,"每次看到戰鬥雞沒買都受不了😬
真的西北好吃😋
忘了拍照只好網路抓 …"
戰鬥雞油雞/醉雞 台南北區花園夜市創始…,德城Titan,7 則評論 · 2 張相片,4 年前,5 顆星,
戰鬥雞油雞/醉雞 台南北區花園夜市創始…,Wandy Sunny,9 則評論 · 4 張相片,4 年前,5 顆星,
戰鬥雞油雞/醉雞 台南北區花園夜市創始…,咩嚕嚕,13 則評論 · 1 張相片,4 年前,5 顆星,第一次來台南吃！好吃又乾淨
戰鬥雞油雞/醉雞 台南北區花園夜市創始…,瑩,在地嚮導 · 28 則評論 · 19 張相片,4 年前,5 顆星,好吃
戰鬥雞油雞/醉雞 台南北區花園夜市創始…,葉晞,5 則評論 · 1 張相片,4 年前,5 顆星,
戰鬥雞油雞/醉雞 台南北區花園夜市創始…,Oscar Y,在地嚮導 · 11 則評論 · 1 張相片,4 年前,5 顆星,好吃
戰鬥雞油雞/醉雞 台南北區花園夜市創始…,王思蘋,4 則評論 · 7 張相片,4 年前,5 顆星,好吃😋 …
戰鬥雞油雞/醉雞 台南北區花園夜市創始…,陳炫瑜,,4 年前,5 顆星,
戰鬥雞油雞/醉雞 台南北區花園夜市創始…,王方文,在地嚮導 · 24 則評論 · 4 張相片,4 年前,5 顆星,
戰鬥雞油雞/醉雞 台南北區花園夜市創始…,洪晴晴,5 則評論 · 1 張相片,4 年前,5 顆星,
戰鬥雞油雞/醉雞 台南北區花園夜市創始…,邱品諭,5 則評論,4 年前,5 顆星,
戰鬥雞油雞/醉雞 台南北區花園夜市創始…,Yu Ting Lin,7 則評論 · 1 張相片,4 年前,5 顆星,
戰鬥雞油雞/醉雞 台南北區花園夜市創始…,呂佳靜,7 則評論 · 3 張相片,4 年前,5 顆星,
戰鬥雞油雞/醉雞 台南北區花園夜市創始…,林欣慧,11 則評論,4 年前,5 顆星,好吃😋值得推薦 …
戰鬥雞油雞/醉雞 台南北區花園夜市創始…,布丁,在地嚮導 · 25 則評論 · 10 張相片,4 年前,5 顆星,
戰鬥雞油雞/醉雞 台南北區花園夜市創始…,張秀滿,3 則評論,4 年前,5 顆星,
戰鬥雞油雞/醉雞 台南北區花園夜市創始…,徐小姐,"在地嚮導 · 802 則評論 · 16,733 張相片",4 年前,2 顆星,"昨天在花園夜市買了
回家一吃醉雞還算ok
但是小菜的部分真的Nonono我跟朋友以為我們味蕾壞掉
這算鹹水雞嗎？只是把小菜切一切而已吧 完全沒有味道 不知道是不是當天老闆少加了什麼 最後硬吃完"
戰鬥雞油雞/醉雞 台南北區花園夜市創始…,黃姵瑜,6 則評論 · 4 張相片,4 年前,5 顆星,
戰鬥雞油雞/醉雞 台南北區花園夜市創始…,李蘭玉,4 則評論 · 14 張相片,4 年前,5 顆星,好吃
戰鬥雞油雞/醉雞 台南北區花園夜市創始…,陳璇璇,1 則評論,4 年前,5 顆星,
戰鬥雞油雞/醉雞 台南北區花園夜市創始…,張琇涵,在地嚮導 · 61 則評論 · 13 張相片,4 年前,5 顆星,"肉很嫩很好吃，調味也很棒
洋蔥必點，辣椒好辣好好吃"
戰鬥雞油雞/醉雞 台南北區花園夜市創始…,鼎王是這種態度的啊,在地嚮導 · 35 則評論 · 11 張相片,4 年前,5 顆星,玉米必吃！
戰鬥雞油雞/醉雞 台南北區花園夜市創始…,張淑蓉,5 則評論 · 1 張相片,4 年前,5 顆星,很美味，好吃😋 …
戰鬥雞油雞/醉雞 台南北區花園夜市創始…,林鼎淵,在地嚮導 · 23 則評論 · 3 張相片,4 年前,5 顆星,好吃～ 好吃～
戰鬥雞油雞/醉雞 台南北區花園夜市創始…,Yi Chen,在地嚮導 · 23 則評論 · 11 張相片,4 年前,5 顆星,好吃
戰鬥雞油雞/醉雞 台南北區花園夜市創始…,芳瑞,在地嚮導 · 24 則評論 · 7 張相片,4 年前,5 顆星,很好吃
戰鬥雞油雞/醉雞 台南北區花園夜市創始…,U T,在地嚮導 · 32 則評論 · 13 張相片,4 年前,5 顆星,很好吃
戰鬥雞油雞/醉雞 台南北區花園夜市創始…,Annie Luo,3 則評論 · 1 張相片,4 年前,5 顆星,
戰鬥雞油雞/醉雞 台南北區花園夜市創始…,謝月芬,10 則評論 · 2 張相片,4 年前,5 顆星,很好吃唷
戰鬥雞油雞/醉雞 台南北區花園夜市創始…,葉貞秀,在地嚮導 · 17 則評論 · 12 張相片,4 年前,5 顆星,
戰鬥雞油雞/醉雞 台南北區花園夜市創始…,yunny67 (小純),在地嚮導 · 53 則評論 · 28 張相片,4 年前,5 顆星,超棒老闆！美味好吃
戰鬥雞油雞/醉雞 台南北區花園夜市創始…,Hua,9 則評論 · 6 張相片,4 年前,5 顆星,好吃😋 …
戰鬥雞油雞/醉雞 台南北區花園夜市創始…,林哲正,6 則評論 · 3 張相片,4 年前,5 顆星,味美實在。雞🐔好吃。 …
戰鬥雞油雞/醉雞 台南北區花園夜市創始…,李政霖,5 則評論,4 年前,5 顆星,好吃
戰鬥雞油雞/醉雞 台南北區花園夜市創始…,Xuan,11 則評論 · 3 張相片,4 年前,5 顆星,
戰鬥雞油雞/醉雞 台南北區花園夜市創始…,林哲誌,在地嚮導 · 21 則評論 · 5 張相片,4 年前,5 顆星,
戰鬥雞油雞/醉雞 台南北區花園夜市創始…,顏韶儀,,4 年前,5 顆星,
戰鬥雞油雞/醉雞 台南北區花園夜市創始…,Stacey Kuo,15 則評論 · 2 張相片,4 年前,5 顆星,乾淨好吃！
戰鬥雞油雞/醉雞 台南北區花園夜市創始…,蕭淑芬,在地嚮導 · 7 則評論 · 4 張相片,4 年前,5 顆星,
戰鬥雞油雞/醉雞 台南北區花園夜市創始…,王詩琪,在地嚮導 · 141 則評論 · 508 張相片,4 年前,5 顆星,好吃
戰鬥雞油雞/醉雞 台南北區花園夜市創始…,劉妍廷,在地嚮導 · 39 則評論 · 16 張相片,4 年前,5 顆星,好吃👍👍👍 …
戰鬥雞油雞/醉雞 台南北區花園夜市創始…,賴魚,15 則評論 · 3 張相片,4 年前,5 顆星,每到花園夜市必吃的美食❤️❤️❤️
戰鬥雞油雞/醉雞 台南北區花園夜市創始…,董騏綾,5 則評論 · 2 張相片,4 年前,5 顆星,好吃又衛生👍 …
戰鬥雞油雞/醉雞 台南北區花園夜市創始…,銀狐,在地嚮導 · 7 則評論 · 7 張相片,4 年前,5 顆星,不錯吃
戰鬥雞油雞/醉雞 台南北區花園夜市創始…,黃凱哲,3 則評論,4 年前,5 顆星,連雞脖子肉都超多，醉雞太爽吃了吧
戰鬥雞油雞/醉雞 台南北區花園夜市創始…,魚,6 則評論,4 年前,5 顆星,推薦油雞
戰鬥雞油雞/醉雞 台南北區花園夜市創始…,Chun沛,2 則評論,4 年前,5 顆星,不敢吃醉雞的人，油雞也超好吃，每次去都跟男友一人點一種
戰鬥雞油雞/醉雞 台南北區花園夜市創始…,涵涵兒,5 則評論 · 1 張相片,4 年前,5 顆星,
戰鬥雞油雞/醉雞 台南北區花園夜市創始…,點,6 則評論,4 年前,5 顆星,
戰鬥雞油雞/醉雞 台南北區花園夜市創始…,鄭宇庭,17 則評論,4 年前,5 顆星,好吃😋 …
戰鬥雞油雞/醉雞 台南北區花園夜市創始…,黃凱哲,2 則評論,4 年前,5 顆星,每次來花園都要買
戰鬥雞油雞/醉雞 台南北區花園夜市創始…,許一威,4 則評論,4 年前,5 顆星,東西很好吃，醉雞胸很入味
戰鬥雞油雞/醉雞 台南北區花園夜市創始…,許一威,在地嚮導 · 182 則評論 · 14 張相片,4 年前,5 顆星,醉雞必點，來花園不吃會後悔
戰鬥雞油雞/醉雞 台南北區花園夜市創始…,沛,4 則評論,4 年前,5 顆星,"蔬菜好多！竟然有我愛吃的紅蘿蔔～
調味也剛好！超推👍👍 …"
戰鬥雞油雞/醉雞 台南北區花園夜市創始…,Sinyu Weng,18 則評論 · 3 張相片,4 年前,5 顆星,"真的很好吃😋

每次來都買很多！ …"
戰鬥雞油雞/醉雞 台南北區花園夜市創始…,許宏瑋,在地嚮導 · 33 則評論 · 23 張相片,4 年前,2 顆星,"點了一份醉雞、高麗菜、花椰菜、鳥蛋、玉米筍、小白筍、秋葵、菜頭、四季豆
如果是現場買，價錢是240
叫熊貓的話扣除外送費30
價錢是360 以這樣的份量來說真的很貴...
不建議用熊貓外送
真的嚇死了欸..."
戰鬥雞油雞/醉雞 台南北區花園夜市創始…,許振淯,4 則評論 · 1 張相片,4 年前,5 顆星,百吃不厭！值得等待
戰鬥雞油雞/醉雞 台南北區花園夜市創始…,提斯藍,在地嚮導 · 75 則評論 · 7 張相片,4 年前,1 顆星,"2020/6/7 晚上約10點半去買200的雞肉結果餿掉, 整袋散發微微的餿味=_=
本來看很多人在買覺得應該是好吃又新鮮.  雖然我整袋吃完了但是怕烙賽, 而且以後我不會再去買了,  很怕"
戰鬥雞油雞/醉雞 台南北區花園夜市創始…,黃冠昌,1 則評論,4 年前,2 顆星,雞肉好吃，但是鹹水雞太鹹；而且買10次醉雞腿就有2次做錯用成鹹水雞，覺得料理的人很不用心
戰鬥雞油雞/醉雞 台南北區花園夜市創始…,施韋廷,在地嚮導 · 35 則評論 · 6 張相片,4 年前,5 顆星,"醉雞、油雞鮮嫩好吃、菜類選擇豐富多樣😄

超級讚👍很適合當晚餐或宵夜🤗 …"
戰鬥雞油雞/醉雞 台南北區花園夜市創始…,Queenie Weng,在地嚮導 · 30 則評論 · 32 張相片,4 年前,5 顆星,"雞肉非常的鮮嫩好吃，超級愛他們家的油雞❤️
買回家擺盤一下家人還以為我去哪家餐廳買的呢😂 …"
戰鬥雞油雞/醉雞 台南北區花園夜市創始…,tea,在地嚮導 · 17 則評論 · 1 張相片,4 年前,5 顆星,超好吃，讚
戰鬥雞油雞/醉雞 台南北區花園夜市創始…,N,10 則評論 · 13 張相片,4 年前,5 顆星,
戰鬥雞油雞/醉雞 台南北區花園夜市創始…,張育婕,在地嚮導 · 22 則評論 · 46 張相片,4 年前,5 顆星,"超好吃的油雞腿🐔，還有新鮮的蔬菜🥬，一試成主顧，💕👍🏻（已加入口袋名單）

對於愛吃肉的我，最怕吃到乾乾材材的，這家的醉雞油雞肉超級嫩的，蔬菜也很新鮮，樣式豐富，完全不用擔心會踩雷，真心大力推薦❤️ …"
戰鬥雞油雞/醉雞 台南北區花園夜市創始…,黃隆明（Follow me）,在地嚮導 · 50 則評論 · 37 張相片,4 年前,5 顆星,上次是買紹興醉雞真的很好吃，肉質很Q有果凍的口感，下回再嘗試油雞。
戰鬥雞油雞/醉雞 台南北區花園夜市創始…,陳思嘉,2 則評論,4 年前,5 顆星,好吃 讚👍 …
戰鬥雞油雞/醉雞 台南北區花園夜市創始…,凱楊,6 則評論 · 3 張相片,4 年前,5 顆星,
戰鬥雞油雞/醉雞 台南北區花園夜市創始…,克里斯,8 則評論 · 6 張相片,4 年前,5 顆星,"超厲害的👍
想說下雨天買人會比較少，結果還是排隊美食。買了醉雞果然名不虛傳，雞肉滑嫩又入味，酒香味濃，雞肉爽彈，包住超厚透明骨膠果凍，好食😋開胃秒食 …"
戰鬥雞油雞/醉雞 台南北區花園夜市創始…,潘美足,3 則評論,4 年前,5 顆星,菜色多，雞肉又好好吃！
戰鬥雞油雞/醉雞 台南北區花園夜市創始…,黃加陽,1 則評論,4 年前,5 顆星,好吃，衛生，設想周到，母親節竟然還送花！讚！！
戰鬥雞油雞/醉雞 台南北區花園夜市創始…,林小婷,在地嚮導 · 15 則評論 · 17 張相片,4 年前,5 顆星,雞肉很嫩很好吃👍小菜選擇多樣化👏 …
戰鬥雞油雞/醉雞 台南北區花園夜市創始…,黃小恩,3 則評論 · 1 張相片,4 年前,5 顆星,超好吃的~  來花園夜市必買
戰鬥雞油雞/醉雞 台南北區花園夜市創始…,芮芮,在地嚮導 · 23 則評論 · 16 張相片,4 年前,5 顆星,"新特色小吃不油不鹹口味剛好
雖是小吃但服務態度親切
很棒的夜市排隊小吃
推⋯
Ps:忘記拿找的錢還追上來"
戰鬥雞油雞/醉雞 台南北區花園夜市創始…,蔡寶寶,4 則評論 · 3 張相片,4 年前,5 顆星,"超級愛吃你們家的油雞腿，醉雞腿吃，肉質真的超級好吃，超級嫩的，口味也都調味的剛剛好！！

每次來到花園夜市必吃必買的雞肉。"
戰鬥雞油雞/醉雞 台南北區花園夜市創始…,鄭捷升,5 則評論,4 年前,5 顆星,雞肉很嫩 蔬菜也很新鮮唷👍👍👍 …
戰鬥雞油雞/醉雞 台南北區花園夜市創始…,鍾詩涵,在地嚮導 · 19 則評論 · 6 張相片,4 年前,5 顆星,"第一次吃是在斗六夜市
每個禮拜只要有開就會去買 真的超好吃☺️
來台南一直沒有機會吃
後來在夜市打工才發現原來台南也有～
而且口味一樣不變 真的超讚的👍🏻"
戰鬥雞油雞/醉雞 台南北區花園夜市創始…,張芳瑜,6 則評論 · 1 張相片,4 年前,5 顆星,新鮮好吃!!菜色多樣化~超好吃!!!!
戰鬥雞油雞/醉雞 台南北區花園夜市創始…,潘美蘭,4 則評論 · 3 張相片,4 年前,5 顆星,肉嫩好吃，小菜選擇多沒看過那麼多小菜可選擇的，真的是每樣都想吃。
戰鬥雞油雞/醉雞 台南北區花園夜市創始…,楊進發,在地嚮導 · 8 則評論 · 37 張相片,5 年前,5 顆星,雞肉非常嫰，非常好吃。
戰鬥雞油雞/醉雞 台南北區花園夜市創始…,篠愛陳,3 則評論 · 5 張相片,5 年前,1 顆星,今天買的醉雞很不ok 先是雞肉不新鮮（口感粉粉的 也柴柴）味道也不夠 這是我買過這麼多次 最失望的
戰鬥雞油雞/醉雞 台南北區花園夜市創始…,Lili Elena,19 則評論 · 5 張相片,5 年前,2 顆星,東西好吃沒錯，但是買了三隻雞腳，回家一看一支都沒放！超傻眼😑😑😑 …
戰鬥雞油雞/醉雞 台南北區花園夜市創始…,Leg,在地嚮導 · 230 則評論 · 237 張相片,5 年前,5 顆星,油雞很嫩👍🏽醉雞也很有味道👍🏽 …
戰鬥雞油雞/醉雞 台南北區花園夜市創始…,李慶清,2 則評論,5 年前,5 顆星,好吃捏～菜超多～肉也很讚⋯⋯推薦
戰鬥雞油雞/醉雞 台南北區花園夜市創始…,a妮,在地嚮導 · 21 則評論 · 6 張相片,5 年前,2 顆星,"點餐後等了很久，主動問才發現原來我們的單不見了，雖然有馬上補上，但拿到回家後才發現又少給了兩樣⋯但付款一樣的金額==

給兩顆心是因為 至少肉是嫩的好吃的！"
戰鬥雞油雞/醉雞 台南北區花園夜市創始…,林子強,在地嚮導 · 161 則評論 · 24 張相片,5 年前,5 顆星,醉雞油雞蔬菜都好吃😋 …
戰鬥雞油雞/醉雞 台南北區花園夜市創始…,CY C,"在地嚮導 · 408 則評論 · 1,426 張相片",5 年前,5 顆星,"不管是醉雞 還是蔬菜配菜都超好吃！ 我買的時候老闆是兩位女生，非常親切有禮貌，雞肉骨頭部分也處理的很好，醉雞的湯汁很香，鹹度剛好，配菜種類選擇多，食材新鮮，味道也不會太鹹或太淡，整體非常滿意。
總之大推花園夜市的戰鬥雞。（前提是老闆沒換人）"
戰鬥雞油雞/醉雞 台南北區花園夜市創始…,Julie Chiu,"在地嚮導 · 912 則評論 · 8,360 張相片",6 年前,4 顆星,好吃
戰鬥雞油雞/醉雞 台南北區花園夜市創始…,運動真舒服,在地嚮導 · 767 則評論 · 921 張相片,6 年前,5 顆星,肉類好吃便宜大塊
戰鬥雞油雞/醉雞 台南北區花園夜市創始…,劉瑤瑤,在地嚮導 · 20 則評論 · 32 張相片,6 年前,5 顆星,菜色豐富好吃
戰鬥雞油雞/醉雞 台南北區花園夜市創始…,高祺玹,在地嚮導 · 41 則評論 · 20 張相片,6 年前,1 顆星,先前買整隻醉雞腿的份量   跟今天買整隻醉雞腿的份量 似乎變少了
戰鬥雞油雞/醉雞 台南北區花園夜市創始…,高菁菁,4 則評論 · 1 張相片,6 年前,5 顆星,好吃😋不油！夏天吃的很好配飯配酒😍重點是真的很好吃大力推薦💪💪💪 …
戰鬥雞油雞/醉雞 台南北區花園夜市創始…,Danny Chen,4 則評論,6 年前,5 顆星,東西好吃，老闆親切又可愛
戰鬥雞油雞/醉雞 台南北區花園夜市創始…,廖雅芬,10 則評論 · 1 張相片,6 年前,5 顆星,強力推薦 👍👍 …
戰鬥雞油雞/醉雞 台南北區花園夜市創始…,李佳華,4 則評論 · 1 張相片,6 年前,5 顆星,
戰鬥雞油雞/醉雞 台南北區花園夜市創始…,余雅珮 kelies joy,4 則評論,6 年前,5 顆星,好吃耶，冰冰涼涼，這種天氣最合味，超下酒的
戰鬥雞油雞/醉雞 台南北區花園夜市創始…,林凱聰,在地嚮導 · 14 則評論 · 28 張相片,6 年前,5 顆星,"超級好吃的.......

180的店長 很可愛！"
戰鬥雞油雞/醉雞 台南北區花園夜市創始…,婚禮整合 婚禮佈置璦瑪朵（陳姿蓉花藝設計）,在地嚮導 · 10 則評論 · 323 張相片,6 年前,5 顆星,雞肉鮮嫩，蔬菜新鮮又脆口，不油膩，無負擔，減肥的好零食
戰鬥雞油雞/醉雞 台南北區花園夜市創始…,wendy tseng,4 則評論,6 年前,5 顆星,超級好吃😋 …
戰鬥雞油雞/醉雞 台南北區花園夜市創始…,Denise &,3 則評論 · 7 張相片,6 年前,5 顆星,很好吃，份量也很多。
戰鬥雞油雞/醉雞 台南北區花園夜市創始…,張孟暉,1 則評論,6 年前,5 顆星,
戰鬥雞油雞/醉雞 台南北區花園夜市創始…,梁雅玲,10 則評論 · 5 張相片,6 年前,5 顆星,醉雞美味可口～
戰鬥雞油雞/醉雞 台南北區花園夜市創始…,楊粧亦,13 則評論 · 10 張相片,6 年前,5 顆星,好吃不死鹹！菜色很豐富，老闆很用心挑選，重點又乾淨衛生，很難得，一分錢 一分貨👍 …
戰鬥雞油雞/醉雞 台南北區花園夜市創始…,宗哲蔡,在地嚮導 · 16 則評論 · 832 張相片,6 年前,5 顆星,非常好吃，👍👍👍👍👍👍👍👍👍 …
戰鬥雞油雞/醉雞 台南北區花園夜市創始…,鄭宇明,10 則評論 · 1 張相片,6 年前,5 顆星,
戰鬥雞油雞/醉雞 台南北區花園夜市創始…,王琬琬,8 則評論 · 4 張相片,6 年前,5 顆星,醉雞真的超級好吃耶！
戰鬥雞油雞/醉雞 台南北區花園夜市創始…,chen hsiung Wu,,6 年前,5 顆星,
戰鬥雞油雞/醉雞 台南北區花園夜市創始…,林碧蘭,1 則評論,6 年前,5 顆星,
戰鬥雞油雞/醉雞 台南北區花園夜市創始…,Mandy Tsai,在地嚮導 · 26 則評論 · 6 張相片,6 年前,5 顆星,口味獨特，吃了還想再吃
戰鬥雞油雞/醉雞 台南北區花園夜市創始…,宋美侖,1 則評論,6 年前,5 顆星,夏天吃這個 最好了～不油不膩
戰鬥雞油雞/醉雞 台南北區花園夜市創始…,Yu Wang (西),在地嚮導 · 14 則評論 · 5 張相片,6 年前,5 顆星,老闆親切，雞肉很嫩好吃。
戰鬥雞油雞/醉雞 台南北區花園夜市創始…,林秋楓,5 則評論 · 1 張相片,6 年前,5 顆星,東西好吃 乾淨衛生
戰鬥雞油雞/醉雞 台南北區花園夜市創始…,劉正彥,在地嚮導 · 3 則評論 · 42 張相片,6 年前,5 顆星,
戰鬥雞油雞/醉雞 台南北區花園夜市創始…,吳怡錂,7 則評論,6 年前,5 顆星,雖然很不想公開口袋名單！怕大家都去，我就會買不到～但真的超好吃
戰鬥雞油雞/醉雞 台南北區花園夜市創始…,林佳螢,2 則評論,6 年前,5 顆星,好吃， 炎熱的夏天吃清爽食物，很讚
戰鬥雞油雞/醉雞 台南北區花園夜市創始…,餅老闆,"在地嚮導 · 155 則評論 · 1,797 張相片",6 年前,5 顆星,老闆人超好，心地又善良
戰鬥雞油雞/醉雞 台南北區花園夜市創始…,En Wu,19 則評論 · 22 張相片,6 年前,5 顆星,人超多的每次來都得排隊🤤🤤🤤 …
戰鬥雞油雞/醉雞 台南北區花園夜市創始…,YUMING CHANG,在地嚮導 · 45 則評論 · 3 張相片,7 年前,1 顆星,花椰菜一朵這樣一口的量就20，太瞎了
戰鬥雞油雞/醉雞 台南北區花園夜市創始…,吳哈比,在地嚮導 · 16 則評論 · 16 張相片,7 年前,5 顆星,"吳大銘先生你好、
您購買的商品不是戰鬥雞的商品哦！
因爲我們小菜是3樣50圓，4樣70圓！
醉雞翅50/醉雞胸100/醉雞腿120、200
而且醉雞的包裝器具也不相同哦！
請問您是不是買錯攤！？
我們的醉雞是用紙盒、並且是有印上LOGO的喔"
戰鬥雞油雞/醉雞 台南北區花園夜市創始…,570,9 則評論 · 5 張相片,7 年前,2 顆星,這樣醉雞加4樣菜200塊……  菜這樣要80元4樣菜  好貴( ´▽` )ﾉ
東洲黑糖奶舖-夜市店,梁淳瑋,2 則評論,1 年前,5 顆星,台南黑糖頂阿~
東洲黑糖奶舖-夜市店,Liang,在地嚮導 · 25 則評論 · 1 張相片,1 年前,5 顆星,濃香醇，還可以調整甜度，每次去夜市必喝！
黃家乾燒蛤蜊,小資女孩,在地嚮導 · 21 則評論 · 76 張相片,4 個月前,1 顆星,蚵不新鮮🤮 …
麻糬叔叔,軟糯喵喵,在地嚮導 · 139 則評論 · 216 張相片,2 天前,4 顆星,"巧克力跟抹茶好吃
菜單寫五種口味
但老闆說沒關係 幫我搭 還推薦我選巧克力
份量跟其他家麻糬店比 偏貴
但很多特別的口味
感覺是適合送禮 是
走精緻路線的麻糬🤣"
麻糬叔叔,落雪楓葉,在地嚮導 · 55 則評論 · 15 張相片,4 天前,1 顆星,料變少了，感覺在吃皮
麻糬叔叔,Judy Tse,在地嚮導 · 8 則評論 · 26 張相片,1 週前,5 顆星,口味很多，麻糬很軟糯很Q
麻糬叔叔,Lin Lin,在地嚮導 · 59 則評論 · 14 張相片,3 週前,1 顆星,失望了～之前都要花園買內餡都很紮實很多料而且以前大顆，最近在大東買根本吃不到什麼內餡！根本都是點一下的內餡 跟小彈珠一樣小，不會再買了
麻糬叔叔,may chou,5 則評論,1 個月前,5 顆星,提供多種口味的選擇，板娘很親切，麻糬好吃！
麻糬叔叔,黃堂生,8 則評論,1 個月前,1 顆星,真的有更小顆。迷你板麻糬。大小跟彈珠一樣吧。8顆70元在外面價錢也沒差那麼多。外面買過好吃的大小都抵這間三顆的大小。如果是好吃也就算了。但沒想像中的好吃。買了真的後悔。屠宰外地觀光客。一顆星都不想給
麻糬叔叔,王品惠,7 則評論 · 4 張相片,1 個月前,1 顆星,"時隔許久來到台南花園夜市準備享用美食，
迫不急待跟老闆點了一盒綜合麻糬，
只能說拿到實體時很失望，
每粒麻糬很小顆（像小湯圓的大小），
價格偏貴，顧客很像盤子，
由於小小顆的，我吃不出麻糬的美味，
下次不會再回購了！"
麻糬叔叔,陳小榆,10 則評論 · 2 張相片,2 個月前,1 顆星,"有夠爛,又超貴,有錢人可以試試看,也沒有好吃去哪阿."
麻糬叔叔,書安,3 則評論 · 14 張相片,2 個月前,5 顆星,這家麻糬叔叔真的是老字號了！！！買這麼多年才漲過一次價！而且最近盒子也改成有分隔的盒子了！過年帶回家當伴手禮也不會混色！！從小吃到大，每次來都還是熟悉的味道，糯米Q彈、餡料細緻，尤其是奶酥和巧克力的搭配真的無敵，每一口都是滿滿的奶香🤤還有店家準備的多種沾粉，每次都讓人選擇困難，每一種口味都想試！最愛剛做好的熱麻糬，新鮮的草莓搭配奶酥或是紅豆餡，真的超級滿足😋😋雖然員工有時候服務態度不太好🥲但老闆一直很親切！！服務也很到位，總是讓人感受到濃濃的人情味🥰這家店真的是吃一次就會愛上😍😍推薦給所有愛麻糬的朋友！ …
麻糬叔叔,林恩恩,3 則評論 · 1 張相片,2 個月前,1 顆星,
麻糬叔叔,Colin Kim,在地嚮導 · 33 則評論 · 21 張相片,3 個月前,1 顆星,"態度十年如一日地差
排隊結帳請人從右邊，菜單放左邊還一直催點餐==當每個人都會觀落陰喔"
麻糬叔叔,王政傑,在地嚮導 · 348 則評論 · 1 張相片,3 個月前,2 顆星,
麻糬叔叔,Jane Chen,10 則評論 · 9 張相片,4 個月前,1 顆星,"半顆星都不想給，經過詢問一下大福口味，自己外面的菜單沒寫口味，問了後老闆娘只給我看就說「要記得做一下功課」

請問是多有名需要做功課？
評價三顆星而已還那麼囂張的嗎？
態度真的很差，那麼跩不適合做生意欸
重點麻糬還很小顆要8顆70塊？
差不多跟一般芋圓一樣大而已
超貴！一點都不推！！！！！！！！"
麻糬叔叔,Mi Mi,在地嚮導 · 37 則評論 · 7 張相片,4 個月前,1 顆星,"扯爆 老闆你們良心真的不痛嗎？
要不要看看10多年前，你們的麻薯，一顆抵現在五顆
以前六顆都可以塞滿整個小盒子，現在都看到滾來滾去的小麻薯
越賣越貴，真的都要賣那些不知情的觀光客，在地的人都知道縮水到有多離譜

根本把成本浪費在盒子吧？專門訂做那種放超級小顆，真的跟丸子差不多大

已經很久不買，要不是被拖買，我真的一點都不想買，

看那個捏麻薯的，一直切一點補一點，就算買大福系列也大不到哪裡去，水果切超小塊，真的成本不用省到這樣"
麻糬叔叔,Leon C.,在地嚮導 · 28 則評論 · 2 張相片,5 個月前,1 顆星,小時候吃每一顆都超大顆的，現在不但漲價，每顆的大小都只跟小魚丸一樣小，裡面的料相對也只有一點點，感覺都不是成本很高的食材，為何漲價還要越變越小，再過幾年是不是要小盒賣一百然後跟彈珠一樣小
麻糬叔叔,WS C,11 則評論 · 1 張相片,5 個月前,3 顆星,"很久沒有買過了，以前逛夜市必買的麻糬，奶酥口味超級好吃！

但今天非常失望！
盒子進化了-顆顆分明-稱讚，大小不變-麻糬依舊軟糯，價格多10元-本還覺得挺佛心的，

可重點●內餡●～少得可憐！
還不如漲幅多一些。
唉～😭，吃心酸的
是今天失手？我運氣不好？還是以後就這樣？
啊………內餡這樣，那以後又少一家可買的店了"
麻糬叔叔,台南幫飲料安中店小e,在地嚮導 · 230 則評論 · 500 張相片,6 個月前,5 顆星,巧克力、奶酥、花生 每次必買
麻糬叔叔,辜健豪,6 則評論 · 5 張相片,6 個月前,5 顆星,東西好吃 老闆娘人很客氣
麻糬叔叔,Kelly Huang,在地嚮導 · 66 則評論 · 85 張相片,6 個月前,1 顆星,從大學就很愛，有回來台南都會買，距離上次買四年了，沒想到變得那麼難吃，超級小顆又沒餡料，真的好失望，是不是根本換老闆了
麻糬叔叔,金玉の旅遊部落格,"在地嚮導 · 266 則評論 · 1,689 張相片",7 個月前,3 顆星,"💗逛花園夜市不知道買什麼甜點？ 看這篇就對了！👈🏻
大學時期逛花園完全不會想到要買麻糬，有一次朋友狂推買了後⋯真的是整個愛上欸！
招牌不會很難認～就是一個男生+黃色扛棒！吃完正餐馬上掃射哈哈哈😆
正常不會等太久 ，都是現場點現做，動作非常快，會等比較久通常是點餐時選擇口味障礙😂
買了幾次後完全不用猶豫直接點自己最愛的口味👏
現做超軟Q的小麻糬非常好入口，大小剛好不至於噎到，這次買變貴許多，物料上漲也沒辦法⋯內餡也變少⋯就是吃個回憶！
-
口味部份只買了最愛的奶酥、巧克力、黑糖～
🥛奶酥>完全一樣的味道，爆漿出來是熟悉的奶味+不會太甜接著嚼起來有酥酥的感覺，一整個顛覆我討厭吃奶酥的口感！這是朋友推我入坑，換我推大家入這個口味！👍

🍫巧克力>不是偏甜的巧克力，是我也很愛的苦甜苦甜的口感+上鹹鹹的味蕾，巧克力味也很濃，真的是超合我的胃！喜歡吃有%數的純巧克力這個口味不要錯過🌟

🍬黑糖>這次吃不太出來有黑糖的味道，反而是比較濃的奶香+後勁蠻淡的黑糖香，整個奶香味快蓋過黑糖的味道⋯搶走了黑糖的風采！就算是這樣還是很喜歡這個口味！自己覺得只要有奶味都給過！真的很濃又香～
-
整個夜市的每樣餐點都漲了很多，麻糬叔叔算是幅度沒有很大的！
一次買大盒的回家吃個過癮，買開心回家何樂而不為呢！
完全是我一直都有在回購的甜點，每次絕對必買！"
麻糬叔叔,張西西,4 則評論,7 個月前,4 顆星,"買很久了，雖然漲價了還是會買，但餡料少到只包一點點，下次要買時還要猶豫一下@@
希望下次會改進"
麻糬叔叔,Win,"在地嚮導 · 5 則評論 · 1,530 張相片",9 個月前,4 顆星,
麻糬叔叔,my Purple Life,在地嚮導 · 73 則評論 · 585 張相片,1 年前,4 顆星,味道不錯，但不是我的選擇
麻糬叔叔,チンざわ,"在地嚮導 · 329 則評論 · 1,224 張相片",1 年前,3 顆星,口味種類很多可以選擇，味道也還算不錯，但是這個價錢真的有點可怕🥹 …
麻糬叔叔,黃秀,在地嚮導 · 162 則評論 · 64 張相片,1 年前,3 顆星,好吃但是太貴了。8小顆70元
麻糬叔叔,張祐慈,11 則評論 · 5 張相片,1 年前,5 顆星,"每次去花園夜市一定要買的麻糬❤️
椰子口味跟咖啡口味超級推推🥥 …"
麻糬叔叔,Hanyu HUNG,"在地嚮導 · 216 則評論 · 1,017 張相片",1 年前,5 顆星,很好吃😍草莓大福 …
麻糬叔叔,E.C Chen,"在地嚮導 · 233 則評論 · 1,844 張相片",1 年前,3 顆星,巧克力 奶酥 花生好吃~ 但太小又太貴..同樣價格 推武聖夜市的麻糬 便宜又超級好吃!!!
麻糬叔叔,Bibi Lai,在地嚮導 · 52 則評論 · 8 張相片,1 年前,3 顆星,好多人排啊
麻糬叔叔,Y S,在地嚮導 · 94 則評論 · 44 張相片,1 年前,5 顆星,我是覺得服務態度很好啊，在包裝的男生都會注意要來買的客人，女生會推銷口味建議哪種比較好，我是喜歡花生，所以只買花生的，麻糬Q彈好吃
麻糬叔叔,Charlie Chan,13 則評論 · 21 張相片,1 年前,5 顆星,"麻糬好好味！
難得來台南一躺
後悔只是買了一盒綜合🥺 …"
麻糬叔叔,KIT Y,在地嚮導 · 18 則評論 · 17 張相片,1 年前,1 顆星,"台南美食之都 居然有這麼難吃的！
麻糬本身不行之外，連包的內餡也可以味道這麼奇怪 衛生也很有問題！
想踩雷的 可以試試！"
麻糬叔叔,Yu H,7 則評論,1 年前,1 顆星,"這次給你6顆星的評價 有鑑於Google太爛
只好給你多出來的～
下次記得要做有關顧客的功課喔！"
麻糬叔叔,何晉源,3 則評論,1 年前,1 顆星,
麻糬叔叔,peace Kuo,11 則評論 · 3 張相片,1 年前,2 顆星,跟以前差太多了！現在料少到不行，幾乎只有吃到麻糬皮⋯，而且現在只賣大盒的。100塊只吃到皮，我覺得有點把客人當盤子。
麻糬叔叔,王俊婕,2 則評論,1 年前,5 顆星,
麻糬叔叔,綸,12 則評論 · 4 張相片,1 年前,1 顆星,女的會亂做，錢記得的很清楚。口味七個大概也只會給你記得兩個，付錢前記得再三確認，不然你會吃到你根本沒點過或是不愛的口味！
麻糬叔叔,OFA Fs,在地嚮導 · 765 則評論 · 83 張相片,1 年前,1 顆星,吃過台中中華路鮮奶麻糬，滿心期待來台南吃別的麻糬....整體口感溫軟，沒什麼特別？🥲闆娘態度很好，但點餐小哥心情不太美麗，不是一次很好的體驗，建議菜單寫的詳盡一點，這樣我也不用問，打壞別人的心情。 …
麻糬叔叔,佳佳Joy,在地嚮導 · 37 則評論 · 26 張相片,1 年前,1 顆星,今天去買跟以前吃的差好多，偷工減料，不會再光顧
麻糬叔叔,蔡核桃,12 則評論 · 2 張相片,1 年前,1 顆星,"問如果當天沒吃完怎麼保存，還被麻薯阿姨嗆：先做功課好嗎！
感覺我再問的話阿姨可能會說不知道怎麼辦就不要買了，玻璃心的我已碎滿地🥲 …"
麻糬叔叔,八重樫,10 則評論 · 2 張相片,2 年前,1 顆星,六個星，怕你驕傲
麻糬叔叔,雨杭,在地嚮導 · 132 則評論 · 546 張相片,2 年前,5 顆星,每次知道要來麻糬叔叔，我就超級興奮的！因為我很喜歡吃麻糬，目前吃到現在，就只有麻糬叔叔讓我吃了十幾年，口味相當豐富大概有十幾二十種，小盒可以選4種口味，大盒的5種，雖然看起來小小的不起眼，卻覺得內餡外餡都很棒，認真覺得沒有任何一間比得過麻糬叔叔餒~
麻糬叔叔,王郁菁,9 則評論 · 8 張相片,2 年前,1 顆星,態度很不好。明明都是100元 別人可以選五種我只能選四種 而且非常小顆 根本就是搶錢 現在變得非常難吃 完全沒味道  再也不會去光顧！！差評中的差評
麻糬叔叔,A-MO ZN,在地嚮導 · 166 則評論 · 576 張相片,2 年前,5 顆星,"僅提供現金付款🦔
麻薯有分大顆大福（包草莓）跟小小顆包餡外面裹薄薄的粉，雖然不是皮薄餡多的麻糬，但是小小一顆在咬開不會覺得嘴裡都是沒有味道的麻糬！而且裏頭的巧克力泥不會甜膩🥰
雖然要排隊排很久，排到了還要拿號碼牌回來領，但是巧克力跟奶酥的口味很讚(˶‾᷄ ⁻̫ ‾᷅˵)
三年前吃到同事帶的就念念不忘
疫情後終於有機會來買👍🏻👍🏻

每盒口味最多選5樣
印象中口味非常多有紅豆、花生、芝麻、芋頭、奶酥、椰子、巧克力、黑糖，剩下的不記得了🤣"
麻糬叔叔,林舒芸,2 則評論,2 年前,1 顆星,耳包
麻糬叔叔,James Su,2 則評論 · 1 張相片,2 年前,5 顆星,比旁邊的薛記草莓大福好吃。
麻糬叔叔,Hyu,在地嚮導 · 32 則評論 · 6 張相片,2 年前,1 顆星,"7顆50是真的蠻貴的，也偏小
想說那可能是他的餡料很好吃
結果巧克力跟奶酥真的有嚇到
感覺是滿平價奶粉做的餡
尤其巧克力味道很奇怪
花生就中規中矩，本來想給兩三星
但旁邊男生態度不知道是在差什麼🥲
可是阿姨的服務態度很好～～～"
麻糬叔叔,SUAN ASUNA,7 則評論 · 1 張相片,2 年前,1 顆星,"被當盤子
麻糬難吃死 第一次吃到那麼難吃的東西 要把麻糬做的那麼難吃真的不簡單（還很貴
裡面包的餡真的是先不要欸
4種口味重複講了3次給店員，一直回我好好好結果最後還是給錯=="
麻糬叔叔,謝怡慧,在地嚮導 · 17 則評論 · 16 張相片,2 年前,1 顆星,問最多人買的口味，不挑她選的還要被兇？？為什麼我要吃我不喜歡的口味啊^_^
麻糬叔叔,crystal,4 則評論 · 3 張相片,2 年前,1 顆星,
麻糬叔叔,Sun Romeo,9 則評論 · 1 張相片,2 年前,1 顆星,麻糬阿姨的態度讓我不敢恭維
麻糬叔叔,張雲涵,"在地嚮導 · 262 則評論 · 3,524 張相片",2 年前,4 顆星,"第一次吃到內餡這麼多口味
鹹的甜的都有🍡🍡🍡
一口一個  吃起來 …"
麻糬叔叔,郭正妹,"在地嚮導 · 666 則評論 · 8,204 張相片",2 年前,5 顆星,"2022/10

麻糬叔叔是我20年來很愛很愛的零食❤️❤️ …"
麻糬叔叔,hung C,在地嚮導 · 61 則評論 · 1 張相片,2 年前,1 顆星,"你家的麻糬很好吃 口味也很多種
我每次來都會買 但之後有來我不會再來買了，今天22:20去買 因為猶豫要買什麼口味 結果旁邊有個幫忙的男生在碎碎唸 唸什麼 剛剛不看菜單現在才在看 在玩手機啊 之類的爛話 我是想問一下你們  請問排隊排那麼長 菜單擺桌上我要怎麼看呢？ 我眼睛是可以看那麼遠嗎？ 嫌我看太久不到1分鐘誒先生 不想做就滾 不然就乖乖閉嘴菜單往後發啊^_^"
麻糬叔叔,江逢凱,"在地嚮導 · 560 則評論 · 7,854 張相片",2 年前,4 顆星,"麻糬小盒7粒50元，大盒15粒100元，也有賣水果大福。
麻糬有多種口味可選擇，味道跟Q彈度都不錯，不過依麻糬的大小跟份量來說，價格稍微貴一點，沒吃過想嚐鮮的可以買小盒的試試。"
麻糬叔叔,H Ying,在地嚮導 · 156 則評論 · 476 張相片,2 年前,4 顆星,口味很多元
麻糬叔叔,Jim Ta,1 則評論 · 2 張相片,2 年前,3 顆星,很普通
麻糬叔叔,樂洛米,在地嚮導 · 326 則評論 · 129 張相片,2 年前,5 顆星,好吃的麻糬
麻糬叔叔,Emma Liu,在地嚮導 · 45 則評論 · 35 張相片,2 年前,2 顆星,越來越小顆，以前盒裝剛好，現在滾來滾去，為什麼不直接漲價，要偷減料
麻糬叔叔,Aroha kim,"在地嚮導 · 712 則評論 · 2,261 張相片",2 年前,4 顆星,有很多口味但比起一般麻糬，尺寸較小
麻糬叔叔,小麥,在地嚮導 · 20 則評論 · 1 張相片,2 年前,5 顆星,超好吃，從大學時期到現在16年了⋯雖然我不是臺南人⋯⋯但是每次去台南一定跑去夜市買他們家的麻糬
麻糬叔叔,貓貓,"在地嚮導 · 871 則評論 · 2,095 張相片",2 年前,5 顆星,"每次來花園夜市一定回來麻薯叔叔
真的超好吃  很軟 內餡也很好吃 多種口味可以選 不過內餡在多一點就更完美了 價位上偏高
現在大盒的還有客製化盒子超可愛
我是隔一天在吃 用紙袋包起來冰在冰箱 沒想到
拿出來吃還是一樣軟 一點口感都沒變
很推薦。下次一定要來買大盒的
偏愛巧克力 綠豆 奶酥  芋頭 一口麻薯概念
希望在開出分店來高雄！！！！
推薦推薦推薦推薦❤️"
麻糬叔叔,Chung-Yun Lin,6 則評論 · 1 張相片,2 年前,1 顆星,六顆星級別的美食，因為Google沒辦法給六顆，只好送上多的那一顆😘 …
麻糬叔叔,Mina Su,在地嚮導 · 166 則評論 · 663 張相片,2 年前,4 顆星,"麻糬叔叔有別於一般傳統麻糬只有花生與芝麻口味
還有好多款特別口味，像香菇、咖啡、椰子、紫薯...等
檯面放滿了各種顏色餡料跟沾粉
看起來繽紛無比！

麻糬口感是比較偏軟Q那種！
個人偏愛芋泥、椰子、奶酥…
個頭偏小~一口一顆，適合逛夜市可以邊走邊吃

🔺7粒麻糬 💰50元
🔺15粒麻糬 💰100元"
麻糬叔叔,黃銘華,在地嚮導 · 265 則評論 · 39 張相片,3 年前,5 顆星,口味很多可以選擇，都不錯吃，只要來台南花園夜市都會買，但是點餐的排隊動線比較亂
麻糬叔叔,陳仁,14 則評論,3 年前,1 顆星,
麻糬叔叔,萩野冬糖WinterSugar,在地嚮導 · 100 則評論 · 125 張相片,3 年前,5 顆星,"從小吃到大，每次一定都買15顆😍
抹茶大推！嚐鮮一定要吃抹茶口味！
然後冬季還有草莓🍓大麻糬可以選擇、搭配的內餡自選～
好吃便宜又不膩，一顆接一顆很涮嘴❤️ …"
麻糬叔叔,Lin LI,5 則評論 · 1 張相片,3 年前,1 顆星,"第一次購買
當下也沒其他客人
只是詢問口味可以怎麼挑選 …"
麻糬叔叔,許肯,"在地嚮導 · 701 則評論 · 2,420 張相片",3 年前,2 顆星,"小小一盒七小顆50元，價格偏貴
吃起來口感偏軟不Q，味道尚可"
麻糬叔叔,wenyi,在地嚮導 · 64 則評論 · 17 張相片,3 年前,5 顆星,個人覺得是吃過的麻糬最好吃的！很喜歡巧克力，不是的一般巧克力醬，每次去花園一定會買的名單之一！
麻糬叔叔,覓食,在地嚮導 · 57 則評論 · 286 張相片,3 年前,5 顆星,每次來都會買 很好吃很Q
麻糬叔叔,Eric,在地嚮導 · 110 則評論 · 103 張相片,4 年前,1 顆星,叫了福胖達 味道真的不佳
麻糬叔叔,郭芷綺,在地嚮導 · 19 則評論 · 20 張相片,4 年前,5 顆星,
麻糬叔叔,王歆雅,9 則評論,4 年前,5 顆星,😋👍 …
麻糬叔叔,莊雅琄,在地嚮導 · 384 則評論 · 762 張相片,4 年前,5 顆星,口味種類很多，很好吃喔！
麻糬叔叔,Amber Cheng,在地嚮導 · 59 則評論 · 19 張相片,4 年前,1 顆星,"看完評論發現我不孤單
服務態度有待加強：）"
麻糬叔叔,張昭宜,在地嚮導 · 163 則評論 · 281 張相片,4 年前,2 顆星,"沒有叔叔，有不容許你考慮的阿姨XD
麻糬小顆～口感不到Q,口味尚可吧～
芋頭有煉乳的味道～"
麻糬叔叔,雲雲莊,"在地嚮導 · 542 則評論 · 1,712 張相片",4 年前,3 顆星,還不錯吃但很小顆；口味很多🉑️選但有點貴 …
麻糬叔叔,OH YA,在地嚮導 · 50 則評論 · 52 張相片,4 年前,1 顆星,3組客人排隊 老闆完全無視 讓插隊的先買 完全傻眼
麻糬叔叔,黄光輝,"在地嚮導 · 38 則評論 · 1,107 張相片",4 年前,4 顆星,
麻糬叔叔,佳宏陳,在地嚮導 · 16 則評論,4 年前,1 顆星,包麻糬的技術很好，有內餡的麻糬能夠包成這麼小，不容易啊
麻糬叔叔,Liu wednesday,在地嚮導 · 45 則評論 · 8 張相片,4 年前,1 顆星,看了部落格介紹來的，部落格照片麻糬大小蠻正常的，可能年代久遠了，現在麻糬變得縮水，差不多一個拇指頭大小（10元硬幣），口味也不好吃，台南少數雷店，雷到吃完頭髮都有點捲捲的。
麻糬叔叔,Tsan Lee,"在地嚮導 · 802 則評論 · 1,504 張相片",4 年前,4 顆星,在花園夜市裡，包餡麻糬口味多元還不錯。
麻糬叔叔,HSIU WEN LI (ㄒㄨ),4 則評論,5 年前,5 顆星,"喜歡吃不包餡麻糬外面裹粉
椰子、綠豆、還有一個白白的粉不知道叫啥
讚讚! …"
麻糬叔叔,リイ,在地嚮導 · 112 則評論 · 114 張相片,5 年前,1 顆星,"看到有人推就去吃吃看
七顆50
可挑口味
選了巧克力、黑糖、抹茶、紫薯
抹茶就是原味麻薯粿薄薄一層抹茶粉
很沒什麼味道
然後黑糖吃起來不像一般的黑糖 鹹鹹的⋯
吃不慣
算是這次在台南唯一踩雷的食物⋯"
麻糬叔叔,陳圓圓,在地嚮導 · 81 則評論 · 8 張相片,5 年前,2 顆星,"個人超愛吃麻糬的，看到一堆人排，也跟著排隊嚐鮮，買了100元，有15個，超小顆的，如果好吃也ok,但真的蠻普通的說，完全沒有驚艷"
麻糬叔叔,J.Y Wu (Danny),"在地嚮導 · 453 則評論 · 2,535 張相片",5 年前,2 顆星,很一般
麻糬叔叔,陳恩彤,"在地嚮導 · 649 則評論 · 2,240 張相片",5 年前,3 顆星,味道普通，但口感還不錯
麻糬叔叔,王小裕,"在地嚮導 · 1,010 則評論 · 9,392 張相片",5 年前,4 顆星,口味多，但偏貴!
麻糬叔叔,蔡佳佳,在地嚮導 · 46 則評論 · 21 張相片,5 年前,5 顆星,奶酥麻糬❤️❤️❤️爆推，外皮軟Q，奶酥內餡濃郁香氣十足！喜歡奶味重的推這款👍🏻回去台南必吃！ …
麻糬叔叔,胖虎樂團,在地嚮導 · 22 則評論 · 12 張相片,5 年前,1 顆星,"態度很差啊！
買綜合，等待的時候突然妹妹講了一句很小聲很小聲的，我沒聽懂 蛤了一聲
結果妹妹跟老闆笑了一聲，是在笑什麼意思的？然後一句話都沒說了 …"
麻糬叔叔,小可冰,在地嚮導 · 223 則評論 · 13 張相片,5 年前,1 顆星,很小顆，粉少。買不同口味吃起來都一樣。貴又不美味。
麻糬叔叔,林米娜,"在地嚮導 · 1,873 則評論 · 25,445 張相片",5 年前,4 顆星,每次來都會買，可以說從小吃到大，最愛巧克力口味，帶鹹口感很棒，只是味道跟口感來說還是以前比較好吃
麻糬叔叔,林舫妤,在地嚮導 · 58 則評論 · 52 張相片,5 年前,3 顆星,口味多種獨特，但麻糬偏軟不Q內餡不甜
麻糬叔叔,Lydia yao,6 則評論,5 年前,4 顆星,
麻糬叔叔,Mentou Tseng,"在地嚮導 · 548 則評論 · 3,149 張相片",5 年前,2 顆星,"麻糬真的好小顆～以前覺得很好吃！

可能在北部吃一顆10元大大顆～
它的大小差不多1/3"
麻糬叔叔,李星糅,1 則評論,5 年前,1 顆星,"這家沒愛心沒有同情心，我先來也點完了
結果先做比我晚來的人，我問了男店員為什麽他們的先做，然後回我說老闆娘說先做他們的，客人都走了剩我跟另外一個客人，結果先做他的全部剩我一個人
我就問說我的到底好了沒，結果跟我說要開始做我的了 …"
麻糬叔叔,Ching She,13 則評論,5 年前,4 顆星,許多別人沒有的獨家口味，特推奶酥、咖啡、巧克力，是連小朋友也愛的口味，但價格有點小貴！
麻糬叔叔,FFNA,13 則評論 · 4 張相片,5 年前,2 顆星,"想吃但沒買，跟老闆詢問了價位及有無沒包料的原味後告知需考慮一下，老闆隨即說了聲謝謝，我們轉身準備離開之際，老闆補上一句話「下次記得做功課！」
………………無言以對。"
麻糬叔叔,Pei Hsieh,"在地嚮導 · 322 則評論 · 1,021 張相片",5 年前,3 顆星,七小顆50元，偏貴，口感尚可，花生粉和芝麻都嫌太少，只會吃這一次。
麻糬叔叔,楊士禾,,6 年前,5 顆星,
麻糬叔叔,林瑞芬,在地嚮導 · 106 則評論 · 368 張相片,6 年前,3 顆星,就一般般的麻糬
麻糬叔叔,張誌峰,在地嚮導 · 243 則評論,6 年前,2 顆星,七顆50有點小貴，奶酥口味不推薦，之後不考慮再回購
麻糬叔叔,武鳳,8 則評論,6 年前,1 顆星,口味真的很普通，沒店家說的好吃
麻糬叔叔,Julie Chiu,"在地嚮導 · 912 則評論 · 8,360 張相片",6 年前,3 顆星,
麻糬叔叔,CHUN-TIEN HU,"在地嚮導 · 222 則評論 · 1,508 張相片",6 年前,5 顆星,麻糬叔叔超好吃，要去五金街第一條找哲哥，找哲哥會優惠喔，他也在明正當租車業務，可以找他喔，未來老闆
麻糬叔叔,Wen Li,5 則評論 · 2 張相片,6 年前,5 顆星,雖然變小顆了但還是很愛，口感軟糯內餡不會太甜，最愛黑糖芋頭巧克力抹茶，買過香蕉大福也好吃～～～
麻糬叔叔,0 Ivy,在地嚮導 · 26 則評論 · 5 張相片,6 年前,1 顆星,"以前也是不大顆 但料比較實在
最近買人變多 料變超少...短期內不會再回購"
麻糬叔叔,楊小姐,3 則評論,6 年前,5 顆星,
麻糬叔叔,劉佳寶,在地嚮導 · 26 則評論 · 16 張相片,7 年前,4 顆星,很好吃 每個口味都愛😊軟糯適中 不甜不膩 一不小心吃了一大盒😂 每次去逛花園夜市必買 真心推薦！ …
麻糬叔叔,Tzi Ti,在地嚮導 · 83 則評論 · 172 張相片,7 年前,5 顆星,雖然真的變小顆了，但真的很好吃，可以為了只吃它特地來台南一趟😅  重點是就算放冰箱，隔天拿出來吃口感一樣好👍   最推薦花生口味。巧克力和芋頭不推，紅豆芝麻也都不錯 …
麻糬叔叔,陳政,在地嚮導 · 20 則評論 · 33 張相片,7 年前,1 顆星,
麻糬叔叔,Ghost of Ca xoxo,在地嚮導 · 129 則評論 · 259 張相片,7 年前,1 顆星,排隊排了5分鐘，男店員跟我點完餐，後來我們又等了大概15分鐘，有3組比我們晚來的都先拿到，我問那個臭臉女店員：我們先來的欸？ 女店員竟然只說喔做錯了！然後根本沒有覺得抱歉要先補給我們的意思，我們白白等了15分鐘，態度還那麼差！我們直接走人，再也不會來這種爛店！沒水準！祝關門大吉
麻糬叔叔,黃香蕉,"在地嚮導 · 250 則評論 · 5,120 張相片",7 年前,4 顆星,"大小剛好一口吃
麻吉裡面還有包餡
很Q不錯吃"
麻糬叔叔,枂雨,7 則評論 · 8 張相片,8 年前,5 顆星,
麻糬叔叔,潘星友,在地嚮導 · 185 則評論 · 326 張相片,8 年前,4 顆星,
麻糬叔叔,X L,在地嚮導 · 143 則評論 · 208 張相片,8 年前,3 顆星,"一顆大約50元硬幣(NTD)大小，7顆(一盒)$50，口味多樣，外皮裹粉(巧克力、芝麻、花生、抹茶…等)
排隊人潮少
—2016.8.6 晚上"
麻糬叔叔,Penny Tsai,在地嚮導 · 142 則評論 · 545 張相片,8 年前,4 顆星,內餡都好好吃，不會太甜
麻糬叔叔,大舌,在地嚮導 · 396 則評論 · 4 張相片,8 年前,4 顆星,好吃
麻糬叔叔,hon chung,在地嚮導 · 102 則評論 · 128 張相片,8 年前,4 顆星,麻糬有包內餡跟裹粉，口感很不錯，且有多樣化口味。
麻糬叔叔,Brian Kuo,在地嚮導 · 90 則評論 · 5 張相片,8 年前,1 顆星,普，有些偏難吃
麻糬叔叔,海豚男,在地嚮導 · 227 則評論 · 354 張相片,9 年前,4 顆星,"口味選擇眾多
味道不會太甜
剛剛好的大小值得ㄧ嘗"
麻糬叔叔,潘安,在地嚮導 · 102 則評論,9 年前,4 顆星,
麻糬叔叔,LyN Liii,1 則評論,10 年前,5 顆星,
麻糬叔叔,Y.H. Lin,在地嚮導 · 168 則評論 · 174 張相片,10 年前,2 顆星,
麻糬叔叔,Leon Tu,"在地嚮導 · 1,440 則評論 · 1,206 張相片",11 年前,4 顆星,"番茄冰梅麻糬、草莓大福

#LABA 0503y12"
膳品香酥排骨,Flora,在地嚮導 · 29 則評論 · 81 張相片,2 個月前,5 顆星,剛好食了現炸的炸肉條，等也是很值得，味道調味也很到位，不會太鹹，份量很足，記得要配飲料，不然有點熱氣。
膳品香酥排骨,P H,在地嚮導 · 238 則評論 · 414 張相片,2 個月前,5 顆星,"老闆很古錐會提醒買大份點或混搭
（不喜推銷可能會倍感壓力；無需介意特色行銷）
香酥肉條口味酥脆（可混搭帶骨）

2人分食，建議可選擇中份

年節間行走擁塞😂😂到下一攤想吃的也吃完了

《真心話》要不是人流太多，會再回購大份回飯店吃"
膳品香酥排骨,莊程皓,324 則評論 · 207 張相片,2 個月前,3 顆星,走味然後又貴
膳品香酥排骨,globekids,"在地嚮導 · 52 則評論 · 5,076 張相片",4 個月前,4 顆星,
膳品香酥排骨,Juju Liu,"在地嚮導 · 534 則評論 · 1,691 張相片",6 個月前,5 顆星,"卡滋肉條100元份量還可以
口味上偏甜建議加辣或胡椒多一點"
膳品香酥排骨,黃宣宣,"在地嚮導 · 372 則評論 · 1,767 張相片",8 個月前,4 顆星,最小份就是（中）的$100 ，可以選有骨/無骨的～
膳品香酥排骨,江將講醬,"在地嚮導 · 231 則評論 · 1,124 張相片",10 個月前,5 顆星,好吃，調味不錯👍 …
膳品香酥排骨,CHIUNG HUA,在地嚮導 · 68 則評論 · 84 張相片,1 年前,1 顆星,"本來想說買50元嚐味道
結果好像才4、5塊
老闆就叫我們買100元
排骨酥很乾
全部都只有骨沒有肉！真的不要被網路推薦給騙！"
膳品香酥排骨,米胡桃,"在地嚮導 · 699 則評論 · 2,628 張相片",1 年前,5 顆星,無骨跟有骨都好吃！
膳品香酥排骨,陳zexal,3 張相片,1 年前,5 顆星,
膳品香酥排骨,Hana,12 則評論,1 年前,5 顆星,
膳品香酥排骨,江宛俞（Emily）,11 則評論 · 3 張相片,1 年前,1 顆星,"200元買屑屑
好讚👍好開心
屑屑自由🥰 …"
膳品香酥排骨,嚕辰,在地嚮導 · 118 則評論 · 318 張相片,1 年前,2 顆星,偏乾太硬不好吃 好在只有買100元綜合
膳品香酥排骨,Lin Avalon (阿維維),在地嚮導 · 234 則評論 · 893 張相片,1 年前,4 顆星,"二訪指數 : ★★★★☆
(二訪滿分5顆星，菜色滿分10分)
【必點】卡滋肉條 : 9分， 瘦肉條鮮嫩沒有帶骨，吃起來方便，不會太鹹蠻好吃的，適合小孩吃

【必點】香酥排骨 : 9分，帶骨排骨，吃起來比較香，比較有口感，比較適合大人吃"
膳品香酥排骨,Chiachen,在地嚮導 · 53 則評論 · 88 張相片,2 年前,5 顆星,"來臺南玩，去成功夜市路過隨意買的，帶回飯店都還是脆的，味道奶香奶香的，讓我想到繼光香香雞🥺肉不是多汁的，但反而感覺意外清爽😂
份量偏少，中份100，感覺一個人吃差不多，不過最近萬物皆漲，就覺得好像也不是不能接受哈哈哈 …"
膳品香酥排骨,Frank Lee,在地嚮導 · 497 則評論 · 1 張相片,2 年前,3 顆星,口味不錯，口感偏硬，份量有點少，價格偏高，吃過一次嘗鮮即可!
膳品香酥排骨,Uljelje,在地嚮導 · 125 則評論 · 636 張相片,2 年前,5 顆星,終究還是被老闆的叫喊聲給吸引到，雖然已經知道來台南ㄉ夜市就是要吃這家的排骨酥，但猶豫之際老闆的一句排進來排進來！自己就被吸引般ㄉ排進來了，這次是選擇排骨酥，味道確實是跟外面吃到的不太一樣，外皮的麵衣也很爽脆，還是推推ㄉ👍🏽👍🏽👍🏽 …
膳品香酥排骨,Howard Chang,"在地嚮導 · 742 則評論 · 6,648 張相片",2 年前,4 顆星,"不用排隊太久的話可以買
肉條鹹香但偏乾柴"
膳品香酥排骨,Tyler,在地嚮導 · 24 則評論 · 7 張相片,2 年前,1 顆星,"來台南幾次，但第一次吃這間，排隊想吃吃看，排了15分鐘結果發現會排隊是因為老闆娘動作拖泥帶水（如果她是有什麼先後天身心疾病我先說聲抱歉），實在適合去當公務員，如果是我家旁邊市場的阿姨，老闆娘走一個客人菜市場阿姨可以走五個，真心不騙。

聽到他們肉下油鍋一直叫路人退後一點會噴油，請問你都知道會噴還不擋是什麼心態？公德心？再請問你夜市路是多大要退到哪？還是整條封街給你當廚房？況且整個夜市也不只有你膳品排骨酥一家有用大油鍋現場料理，其他人不是把油鍋放內側就是有設置壓克力或其他安全措施，油鍋放在那邊沒任何遮蔽是真的要等意外發生再說嗎？罔顧其他消費者安全只為了讓大家看你下油鍋聞香嗎？

阿結果等很久吃到肉條實在柴到不行，份量也少，只能說調味還ok。

實在不推薦大家去吃❌🙅‍♀️🙅🙅‍♂️"
膳品香酥排骨,月月,在地嚮導 · 323 則評論 · 118 張相片,2 年前,2 顆星,肉條乾柴沒什麼香味 建議還是吃帶骨的 不過味道感覺跟3年前吃的不太一樣了 有點失望
膳品香酥排骨,王利益,9 則評論 · 1 張相片,5 年前,2 顆星,著重衛生的朋友需要斟酌
梅花糕-功夫燒(花園夜市),銘聰高,6 則評論 · 1 張相片,6 個月前,5 顆星,老闆我找你好幾趟了！你什麼時候會在擺攤？
梅花糕-功夫燒(花園夜市),郭文玉,"在地嚮導 · 228 則評論 · 1,093 張相片",11 個月前,2 顆星,"5/9來找了半天找不到？是休假嗎？
在哪一排呀？"
梅花糕-功夫燒(花園夜市),Birdy Lin,在地嚮導 · 181 則評論 · 901 張相片,1 年前,5 顆星,好吃 珍珠梅花糕
梅花糕-功夫燒(花園夜市),游佳彥,7 則評論 · 1 張相片,1 年前,5 顆星,外皮酥脆，內餡多元有層次，紅豆內餡甜而不膩，專為台灣人調整的減糖口味，買了之後一定要趁熱吃，外皮酥香脆口，雖然等了一小時，不過買了四個，獲得全家人一致好評，簡直不要太好吃，真的不能只有我吃到！
梅花糕-功夫燒(花園夜市),YEE OP,7 則評論,1 年前,1 顆星,
梅花糕-功夫燒(花園夜市),slsshadow,在地嚮導 · 79 則評論 · 117 張相片,1 年前,4 顆星,"料多 雖然很小
貴（cp=0，我覺得比較貴的原因應該一半都是時間，也可能老闆做的還不熟練）
等待時間非常久（大概等了一個小時20分）
建議下次號碼牌照編號（不然號碼跳來跳去，已經等很久了，有點躁鬱）
不得不吐槽一句，感覺像雞蛋糕叉起來就好的東西，可以東摸西摸，真的是看了很煩躁。
可是老闆感覺也真的很幸苦，畢竟一群人圍著還是會緊張，只能說加油吧（多一顆星鼓勵一下老闆）"
梅花糕-功夫燒(花園夜市),CT T,在地嚮導 · 18 則評論 · 3 張相片,1 年前,5 顆星,製作過程繁瑣，賺錢不容易，老闆很辛苦，對於台灣人來說是很新奇特別的美食，可以嚐嚐看
梅花糕-功夫燒(花園夜市),JY L,37 則評論 · 35 張相片,1 年前,2 顆星,"跟風來吃的，一到攤位發現沒有人排隊，還沒開始製作，老闆娘說可以填單拿號碼牌等三十分鐘，就填寫拿號碼去逛了
逛了一圈回來發現攤位前面擠超多人，影響附近攤位的生意
再來出爐的時候按號叫，但會因為大家點的口味跟數量而取決於你能不能在所謂的等待時間內拿到
因為一爐原味一爐芋泥
慶幸當時買的是芋泥口味，前面的號碼也沒有太多人點芋泥
所以可以在一個小時內拿到

吃的時候因為沒有查過梅花糕是什麼，自己認為是像雞蛋糕那類的口感只是裡面加很多料
結果外皮吃起來就是煎到脆脆的年糕，裡面塞滿滿的各種料
口感吃起來是蠻特別豐富的啦
加上模具很重老闆製作很辛苦
所以給兩顆星

只是
希望買這家的客人們不要影響附近攤位的生意，也請留通道給逛夜市的人們，可以留一位在現場等，或者店家直接設定好等待區等候

希望店家在販賣時的機制能夠更完善，算好確切出爐時間以及各口味已經登記幾個顆數，不然運氣不好的，可能因為前面的號碼一次點了快二十顆以上的同口味，就要再等一段時間了

如果真的很想吃，希望大家一去的時候就先去排隊唷，不然你會等到滅火～"
梅花糕-功夫燒(花園夜市),吳依柔,"在地嚮導 · 388 則評論 · 2,341 張相片",1 年前,5 顆星,"口感蠻有層次的，裡面的餡料也不會太甜
老公想了很久特地去花園夜市排隊，希望老闆可以越練越好"
梅花糕-功夫燒(花園夜市),戴小乖,14 則評論 · 6 張相片,1 年前,5 顆星,非常有層次的口感，覺得很特別的味道值得嘗試
梅花糕-功夫燒(花園夜市),余真豪,在地嚮導 · 18 則評論 · 4 張相片,1 年前,1 顆星,一直做一直翻車，浪費別人時間
梅花糕-功夫燒(花園夜市),余琬婷,在地嚮導 · 13 則評論 · 17 張相片,1 年前,5 顆星,
梅花糕-功夫燒(花園夜市),楊喻婷,10 則評論 · 1 張相片,1 年前,1 顆星,是不知道好不好吃，但浪費了我一個小時在等待，最後跟我說要再等下一輪，不會控制出餐狀況，也沒要告知顧客出餐時間，白白等了一個小時，沒有拿到食物，而且技術非常不熟練，有看到作失敗的梅花糕^_^千萬不要去買，不用嘗試，50塊大概看起來兩口的量。
梅花糕-功夫燒(花園夜市),Joe,1 則評論,1 年前,1 顆星,"點完逛一大圈還沒好不打緊 問老闆大約還要多久 一直跳針說下一鍋不說大概的時間 結果一鍋就3.40分鐘起跳 最瞎的是最後終於好了 結果老闆說散掉不能出 跟他說沒關係也死不給 不知道在堅持什麼 我第一次覺得50塊這麼貴^^
噢對了算上一開始沒在原地等的時間 大概花了7 80分鐘 供各位參考😛 …"
梅花糕-功夫燒(花園夜市),Sophia Megan,在地嚮導 · 179 則評論 · 32 張相片,1 年前,1 顆星,所有配料加入完成✅眼看快好了 問老闆娘大概要多久？老闆娘說五分鐘 嘿嘿錢先收 嘴巴講一個號 老闆在那邊一直戳食物 一直戳一直掉 我懶趴🔥一等就是25分鐘！換來兩口 第一次吃到這麼久的梅花糕！建議買取餐震動機！ …
梅花糕-功夫燒(花園夜市),Yu Han Huang,在地嚮導 · 16 則評論 · 7 張相片,1 年前,2 顆星,等一個多小時的梅花糕，得知我們的號碼是下一鍋，結果老闆直接給我們冷掉很久的梅花糕，是叫號很久沒人領取的。⋯⋯我們排隊這麼久就是為了吃熱的梅花糕⋯連問都沒有問就直接給我們的冷掉的⋯
梅花糕-功夫燒(花園夜市),徐馨汝,8 則評論 · 11 張相片,1 年前,5 顆星,我終於排到了，口感層次超級好，一層一層味道都好好吃！值得推薦
梅花糕-功夫燒(花園夜市),harryshow,在地嚮導 · 40 則評論 · 183 張相片,1 年前,5 顆星,"每次只能看著抖音上的影片乾瞪眼
終於看到台南有梅花糕了😁
真的超級厚工的
滿滿的餡料甜兒不膩👍
大推"
趙記麻辣臭豆腐「花園」,張瑋庭,在地嚮導 · 17 則評論 · 14 張相片,2 年前,3 顆星,"湯頭不錯 單價不便宜 辣度不能調整
如果不吃太辣的真的不能吃
鴨血有點滾過頭 都有孔洞"
趙記麻辣臭豆腐「花園」,陳家樂,在地嚮導 · 32 則評論 · 4 張相片,2 年前,1 顆星,"老板娘態度惡劣、現場環境髒亂、
鴨血豆腐煲超級超級難吃🤮 …"
趙記麻辣臭豆腐「花園」,李冠東,3 則評論,2 年前,5 顆星,
趙記麻辣臭豆腐「花園」,王偉德,,2 年前,5 顆星,
趙記麻辣臭豆腐「花園」,莊天合,3 則評論 · 2 張相片,2 年前,5 顆星,好吃的麻辣臭豆腐，麻辣鴨血，Q彈的黃金魚蛋
花園夜市干貝燒,陳俊佑,,5 個月前,5 顆星,
花園夜市干貝燒,楊勝棠,"在地嚮導 · 1,250 則評論 · 10,986 張相片",10 個月前,5 顆星,給分
花園夜市干貝燒,劉正浩(生活),在地嚮導 · 28 則評論,1 年前,5 顆星,朝聖
花園夜市干貝燒,天天藍,在地嚮導 · 117 則評論 · 188 張相片,1 年前,5 顆星,老闆很風趣，干貝燒的口味也很不錯。大家繼續給予支持
澳門咖喱榮,Chaucer Joseph,在地嚮導 · 7 則評論 · 2 張相片,2 年前,5 顆星,2023/03/02沒看到有擺攤
澳門咖喱榮,Jian Lee,在地嚮導 · 52 則評論 · 218 張相片,7 年前,5 顆星,"台灣目前只有三家店可以享用
中壢中原一家、台南兩家分店
未來宜蘭羅東也會開家分店
澳門在地口味，咖哩牛雜加魚蛋
尤其最後老闆提供加湯服務
咖哩夾熱湯入喉十分暖身、十分好吃！"
冠軍總店木瓜牛奶,Maggie Teng,9 則評論 · 2 張相片,4 個月前,5 顆星,這麼淡的蘋果汁不能只有我喝到啦～～～
冠軍總店木瓜牛奶,魏辰峯,在地嚮導 · 91 則評論 · 19 張相片,5 個月前,1 顆星,西瓜汁很淡很水
冠軍總店木瓜牛奶,菜包,在地嚮導 · 17 則評論 · 4 張相片,7 個月前,5 顆星,品質很好  十分耐用
冠軍總店木瓜牛奶,手機沒電不能點餐,在地嚮導 · 743 則評論,1 年前,2 顆星,"我覺得很水、沒什麼味道
我妹說有味道
反正我是不能接受這樣$60，做個紀錄，下次不要買我的份"
冠軍總店木瓜牛奶,Fir Li,在地嚮導 · 23 則評論 · 13 張相片,1 年前,5 顆星,來花園必喝 無敵好喝
冠軍總店木瓜牛奶,Rpt Huang,在地嚮導 · 99 則評論 · 57 張相片,2 年前,1 顆星,木瓜牛奶只有6成滿，真扯
冠軍總店木瓜牛奶,李珊珊,"在地嚮導 · 492 則評論 · 2,491 張相片",2 年前,4 顆星,一杯$60，偏貴但喝起來好讚，超爽。
冠軍總店木瓜牛奶,P.Y.,在地嚮導 · 134 則評論 · 34 張相片,2 年前,2 顆星,"不同人做的量差距很大‼️
牛奶加一個米杯不到的量
買很多次了，之前覺得好喝才回購
這是最後一次"
冠軍總店木瓜牛奶,黃佳儀,在地嚮導 · 25 則評論 · 1 張相片,2 年前,5 顆星,"目前喝過最好喝的木瓜牛奶！
每次來夜市必買！🤤 …"
冠軍總店木瓜牛奶,冬,"在地嚮導 · 2,230 則評論 · 28,934 張相片",3 年前,5 顆星,木瓜牛奶好喝，濃郁口感，不會清淡水水的！
冠軍總店木瓜牛奶,ina H,在地嚮導 · 59 則評論 · 49 張相片,3 年前,2 顆星,ㄟ…文賢店的冠軍可以濾一下渣渣嗎 我以為再吃甘蔗渣  有點不舒服
冠軍總店木瓜牛奶,陳小敏,在地嚮導 · 25 則評論 · 3 張相片,3 年前,5 顆星,超級好喝
冠軍總店木瓜牛奶,K N,在地嚮導 · 157 則評論 · 274 張相片,3 年前,1 顆星,勿買西瓜汁！難喝！跟水一樣！勿買西瓜汁！完全是西瓜水！完全不是西瓜汁，西瓜原汁比例可能只有2成剩下8成都是水！喝過最難喝的西瓜汁，做個生意可以有點良心嗎？一個西瓜是有多貴小氣成這樣？毀了第一道在花園夜市的消費！有夠雷！
冠軍總店木瓜牛奶,慈慈,4 則評論,3 年前,5 顆星,"很好喝 買好幾次了😊去很多間還是喜歡喝你們
的西瓜牛奶 …"
冠軍總店木瓜牛奶,Wennie Hsieh,在地嚮導 · 176 則評論 · 3 張相片,5 年前,3 顆星,"去糖還是感覺有加糖
不愛"
冠軍總店木瓜牛奶,蔡榮勳,在地嚮導 · 4 則評論 · 32 張相片,5 年前,5 顆星,"💥台南夜市激推飲品😍

🔎花園冠軍木瓜牛奶
選用在地70年歷史小農牧場純生乳，加上在地網室紅肉木瓜及特製奶糖，新鮮現打製作，香醇濃郁營養滿分，重點是放久也不會苦苦的喲～

🔎店家資訊
花園冠軍木瓜牛奶（總店）
🏠花園夜市：台南市北區海安路三段533號(美食區16排18號)
🕙營業時間：19:00-01:00 (週四、六、日)
🏠大東夜市：台南市東區林森路一段276號(美食區4排26號)
🕙營業時間：19:00-01:00 (週一、二、五)
#台南美食 #夜市美食 #台南飲料 #木瓜牛奶 #花園夜市 #大東夜市"
冠軍總店木瓜牛奶,宏鑫陳,在地嚮導 · 14 則評論 · 205 張相片,5 年前,1 顆星,這樣60 @@ 在大東夜市買的
冠軍總店木瓜牛奶,葉蘊慈,在地嚮導 · 21 則評論 · 3 張相片,5 年前,5 顆星,真想知道樓裡35元的木瓜牛奶加啥貨
冠軍總店木瓜牛奶,Celia,"在地嚮導 · 484 則評論 · 4,133 張相片",5 年前,2 顆星,一杯60好貴！！！喝起來就普通木瓜牛奶啊，人超多，附近一杯35一樣大杯，還會把倒不進杯子的盛給你喝
冠軍總店木瓜牛奶,Jason Liu,在地嚮導 · 66 則評論 · 27 張相片,6 年前,4 顆星,木瓜牛奶不錯喝 但60元
冠軍總店木瓜牛奶,Julie Chiu,"在地嚮導 · 912 則評論 · 8,360 張相片",6 年前,1 顆星,貴到誇張
玉米杯杯 FRESH CORN CUP,小高,在地嚮導 · 44 則評論 · 24 張相片,3 個月前,1 顆星,烤玉米大勝
玉米杯杯 FRESH CORN CUP,rosting chiu,"在地嚮導 · 567 則評論 · 2,609 張相片",1 年前,3 顆星,個人覺得一般。
玉米杯杯 FRESH CORN CUP,獨自旅行,在地嚮導 · 160 則評論 · 601 張相片,1 年前,1 顆星,越來越貴越小杯
玉米杯杯 FRESH CORN CUP,黃仲佑,在地嚮導 · 50 則評論 · 217 張相片,2 年前,3 顆星,吃起來很普通，還有會排這麼長的隊伍是因為製作的速度很慢。
玉米杯杯 FRESH CORN CUP,Sean Porter,13 則評論,2 年前,1 顆星,都是罐頭產品拼湊在一起，排了40分鐘，吃到的時候會生氣，繳了一次智商稅
玉米杯杯 FRESH CORN CUP,Cheng,"在地嚮導 · 537 則評論 · 2,084 張相片",2 年前,5 顆星,經典原味 $50 好吃！小朋友很愛
蔡家臭豆腐豬血湯,峻維,7 則評論,6 個月前,1 顆星,
蔡家臭豆腐豬血湯,Pinapple Hn,在地嚮導 · 49 則評論 · 35 張相片,10 個月前,1 顆星,
全壘打牛排,yasir Lin,475 則評論,2 週前,4 顆星,
全壘打牛排,Hsiumin Chuang (Vicky),在地嚮導 · 50 則評論 · 65 張相片,2 週前,5 顆星,
全壘打牛排,莊士民,9 則評論 · 3 張相片,2 週前,5 顆星,
全壘打牛排,Aiiyo,5 則評論 · 3 張相片,1 個月前,1 顆星,"無良店家，等餐期間一個老一點的女店員就在我們面前從放刀叉的盒子裡拿一支刀子出來割膠帶又丟回去，這期間也是一直把自己用過的衛生紙狂丟地上，整個地板都他用過的衛生紙，真的受不了去跟其他店員反應要退單，這時老女店員就過來了，看起來他應該是老闆娘，聽到一開始還嘴硬說沒有，我就看著你丟回刀叉盒的，發現自己理虧還敢回嘴說啊又不是用到你們的刀子，靠邀講什麼鬼話啊，啊其他客人就不是人？反應完死不退單說什麼啊現在是要幫你們擦還是怎樣？哇靠，你要不要聽聽看你自己在說什麼屁話？這樣做生意的？真的噁心啦難看

其他客人小心自己的刀叉吃到殘膠，或是他哪天切什麼有的沒有你們保重自己的身體，無良店家啊可悲"
全壘打牛排,Mei mel L,在地嚮導 · 63 則評論 · 9 張相片,1 個月前,1 顆星,"點了夜市王的冠軍
但是沒吃完   逛到一半還沒到家就肚子狂絞
可能天氣熱 不是很新鮮🥲"
全壘打牛排,政雄鄭,2 則評論,1 個月前,1 顆星,服務態度不好.一直碎碎念
全壘打牛排,王政傑,在地嚮導 · 348 則評論 · 1 張相片,1 個月前,2 顆星,外帶一個雞腿排沒湯也沒飲料
全壘打牛排,Kenny Wang,8 則評論,1 個月前,1 顆星,點一般牛排，肉超硬，但來的時候整個下面都成型很久了，都有點乾了，麵，一樣難吃，湯味道也不知道是什麼鳥，沒什麼味道，紅茶也超淡加了不少水，但他是夜市王第一...
全壘打牛排,張勝源,"在地嚮導 · 605 則評論 · 9,276 張相片",2 個月前,4 顆星,"一個胖子的吃喝旅遊記事，我只是個貪吃的10級嚮導...

🔴消費日期：2025/1/19
🔴停車：有附設停車場，建議走路或搭車過來
🔴價位：中等價位的夜市牛排
🔴服務：中規中矩
🔴推薦商品：厚切牛排
🔴付款方式：現金
🔴消費感想：本來就頗有名氣，再加上電視節目夜市王牛肉類比賽第一名，用餐人潮真的不少

比賽的厚切牛排，嫩度夠，口感夠，肉汁夠，表現很不錯，是真的好吃😋😋，但畢竟是厚切，一客要價320也不是太便宜

也點了份豬排，肉質硬且乾柴，口感很乾澀，狀態真的不ok

有機會改天再試試雞排"
全壘打牛排,Brown,"在地嚮導 · 610 則評論 · 1,123 張相片",3 個月前,5 顆星,"美國嫩肩牛排(7分熟) 超好吃😋
吃到鮮甜的肉味🥩
花椰菜🥦跟玉米筍都是新鮮的，不是冷凍蔬菜👍👍
雞蛋🍳也沒吃到腥味
副餐玉米濃湯跟紅茶都不會太甜"
全壘打牛排,楊啟鴻,在地嚮導 · 36 則評論 · 3 張相片,4 個月前,5 顆星,
全壘打牛排,楊建彥,1 則評論,5 個月前,5 顆星,大姐有點想妳了  可好嗎？
全壘打牛排,小鯊,2 則評論,6 個月前,5 顆星,我愛裡面的員工
全壘打牛排,吳柏叡,6 則評論,6 個月前,5 顆星,員工是我同學
全壘打牛排,Xiande Jiang,7 則評論 · 3 張相片,6 個月前,5 顆星,
全壘打牛排,Da-Xiong CHEN,"在地嚮導 · 1,631 則評論 · 1,542 張相片",7 個月前,2 顆星,"雞排NT$130 說實在的 味道真的不怎麼樣
鐵板麵真的比早餐店煮的還難吃
有附濃湯跟紅茶啦 這個味道還不錯

店在花園夜市裡面 應該說是攤位 花園夜市裡面好像也只有3間賣夜市牛排的 其中一間是賣酥皮濃湯加上給你鐵盤自己加熱的 另一間那時候看到老闆好像在吃檳榔所以就沒有吃了 所以就決定挑這間了 結果踩到了一個大雷 給2顆是因為玉米濃湯跟紅茶真的還算可以

然後厚切牛排如果要等比較久應該點餐時要先跟客人告知一下吧 而不是讓客人等然後都要理不理的

而且空位這麼多 先讓我們坐空桌等等再跟別人併桌也可以吧 直接叫我們先跟別人併桌雖然也不是不行 但給客人好一點的感覺不是更好嗎

結論 主餐不行 服務更是差 就算你不做服務但東西也不應該是這樣吧 完全不推薦這間"
全壘打牛排,Yuna Huang,在地嚮導 · 12 則評論 · 10 張相片,9 個月前,1 顆星,吃過最難吃的牛排
全壘打牛排,Shou Yi Chen,1 則評論,10 個月前,1 顆星,豬排柴的跟老人一樣，醬也不好吃，整份餐沒有一個好吃的地方，還賣130！重點還賣130！麵也少的可憐。真的後悔到不行，態度也沒多好，回來查評論一切都有原因了，難怪沒人排隊…這個廚藝去軍營煮飯還賺比較多。完全不推，別踩雷。可以出局了，別害人踩雷
全壘打牛排,Yuan Ming Song,"在地嚮導 · 670 則評論 · 1,267 張相片",10 個月前,2 顆星,夏天吃夜市牛排還踩到雷著實是有點衰小
全壘打牛排,高緯,43 則評論 · 35 張相片,10 個月前,1 顆星,服務態度極差，擅自強迫客人換位置，又不是客滿，想坐哪裡還要看綁馬尾大嬸的臉色，哪妳要不要順便餵我們吃好了。
全壘打牛排,莊家冀,11 則評論 · 16 張相片,11 個月前,1 顆星,"這個叫做厚切牛？180
吃了個空虛…而且這肉一看就知道是組合肉，搞不懂還一堆人來吃.."
全壘打牛排,不對欸,5 則評論 · 2 張相片,1 年前,1 顆星,"鐵盤冷到蛋完全不會熟⋯
改叫三振出局差不多"
全壘打牛排,徐菲菲,在地嚮導 · 13 則評論 · 7 張相片,1 年前,1 顆星,"點厚片牛跟豬回家，肉都咬不動
整個很材
不推"
全壘打牛排,Bo,在地嚮導 · 103 則評論,1 年前,1 顆星,豬排超級難吃，肉是薄片，真的是薄片，太扯，蛋還有蛋殼，重點在女店員，你真的是態度很差，跩什麼啊，講個話不會好好說嗎?還食尚玩家推薦，很扯，要吃的人請想清楚，真的不好
全壘打牛排,靖修,在地嚮導 · 24 則評論 · 1 張相片,1 年前,1 顆星,可憐老阿姨態度極差 別來吃 吃一次難吃的要死 吃完不給過去隔壁條 只能在同一條出去 夜市你開的？ 拜託底層趕緊回家了 過年看到就來氣
全壘打牛排,Timmy Liu,3 則評論,1 年前,1 顆星,老闆服務態度極差 面對不是要點餐的人 就要趕別人走 不懂
全壘打牛排,皮小丘,"在地嚮導 · 221 則評論 · 3,056 張相片",1 年前,5 顆星,
全壘打牛排,頫,12 則評論 · 8 張相片,1 年前,1 顆星,"一份勁辣雞腿排150再單點一份勁辣雞腿排280
單點雞腿排要130？"
全壘打牛排,陳俊迪,3 則評論 · 1 張相片,1 年前,1 顆星,"好吃是好吃
我座的位置後面感覺像是老闆跟他朋友聊天
牛排配煙味…
感覺不是很好"
全壘打牛排,HUANG,9 則評論 · 2 張相片,1 年前,1 顆星,態度超差，明明就有問位子能不能坐，還趕人離開
全壘打牛排,- YEN,在地嚮導 · 34 則評論 · 4 張相片,1 年前,1 顆星,
全壘打牛排,庭榆,7 則評論 · 2 張相片,1 年前,1 顆星,武聖夜市全壘打牛排，第一次吃夜市牛排是組合肉的牛排$130吃的很傻眼⋯⋯一片圓形肉片是在騙小孩嗎？！
全壘打牛排,陳詠晴,15 則評論,1 年前,1 顆星,真的覺得只是去夜市吃個牛排超級無語到底，餐點上錯是你們店家問題怎麼會要客人補50元給妳呢？我們都沒動餒！只知道上個菜老闆娘一直在那該該叫計較利益！我是覺得上錯就換回原本的跟我們就好不用在我們這桌一直吵吧？
全壘打牛排,Sylvie U,在地嚮導 · 46 則評論 · 13 張相片,1 年前,2 顆星,普通，偏貴
新加坡邋撒麵,cloud blue,"在地嚮導 · 132 則評論 · 1,090 張相片",4 天前,5 顆星,生意好，和家人口味。
新加坡邋撒麵,Judy Tse,在地嚮導 · 8 則評論 · 26 張相片,1 週前,3 顆星,
新加坡邋撒麵,葉偉澤,"在地嚮導 · 273 則評論 · 3,110 張相片",1 個月前,5 顆星,不過不失
新加坡邋撒麵,王政傑,在地嚮導 · 348 則評論 · 1 張相片,4 個月前,3 顆星,漲價漲的有點離譜
新加坡邋撒麵,George Chang,"在地嚮導 · 362 則評論 · 6,372 張相片",5 個月前,4 顆星,"生意非常好，出餐速度快，
麵條有4種選擇
湯頭有4種
主餐有牛豬海鮮3種選擇
桌子座位小，訪客需要對向同桌。
特殊口味的湯頭，但飄著一層油，不是清爽的味道"
新加坡邋撒麵,maly laing,8 則評論 · 1 張相片,5 個月前,5 顆星,
新加坡邋撒麵,王欣怡,14 則評論 · 6 張相片,8 個月前,1 顆星,料超少！不值得消費
大上海小火鍋,邱莉軒,在地嚮導 · 154 則評論 · 210 張相片,4 個月前,1 顆星,"加購鴨血竟然沒加到
沒加到還敢收錢😠 …"
大上海小火鍋,陳陳,在地嚮導 · 102 則評論 · 147 張相片,8 個月前,2 顆星,臭豆腐不臭，第一次吃到臭豆腐灑胡椒粉的啦～超奇怪
大上海小火鍋,微笑的凡妮莎（Smiling Vanessa）,"在地嚮導 · 358 則評論 · 2,784 張相片",10 個月前,3 顆星,偏軟的臭豆腐，汁水滿多的，醬的味道不太合我的口味
大上海小火鍋,Zhi Qian Xiao,15 則評論 · 1 張相片,1 年前,2 顆星,火鍋沒味，臭臭鍋不臭，腸旺也不腸旺，服務人員態度不好（阿姨的臉比臭臭鍋臭），除了老闆娘蠻親切的
大上海小火鍋,阿昕,在地嚮導 · 15 則評論 · 26 張相片,1 年前,1 顆星,態度極差 不推
大上海小火鍋,莊家銘,在地嚮導 · 36 則評論 · 7 張相片,1 年前,1 顆星,"口氣稍嫌不好
拼翻桌率但是總不能隔壁桌菜渣在擦桌子直接用抹布亂甩到地上 噴到人家衣服要怎麼辦"
大上海小火鍋,吳昌欣,1 則評論,1 年前,5 顆星,請問還有在小北擺攤嗎
大上海小火鍋,甜甜香草巧克力貓貓,"在地嚮導 · 345 則評論 · 1,268 張相片",1 年前,5 顆星,"也有炸的臭豆腐 大份80
有附白飯"
紅妃大腸香腸,王怡婷,在地嚮導 · 82 則評論 · 4 張相片,3 週前,1 顆星,"吃以前的回憶 已經5.6年沒去
記得以前是一個阿嬤在賣
昨天去是三個外勞，那時候就覺得不妙
但是還是有人在排隊
但是70整條米腸吧+5片小又細的香腸
還吃到還冰冰的大腸WTF?
我還不如去買大腸包小腸
看起來就是原本的阿姨沒做了頂讓給她們
但是完全沒學到真傳，態度也不好
香腸秤克賣的吧
請不用去當冤大頭，還好沒買大份的"
紅妃大腸香腸,Yiling,13 則評論 · 2 張相片,2 個月前,1 顆星,"剛剛去買有臭酸的味道不敢吃了
我還香腸 鹹豬肉 各一份
鹹豬肉的味道更重…"
紅妃大腸香腸,Patrick Wang,"在地嚮導 · 756 則評論 · 6,584 張相片",2 個月前,4 顆星,在鐵板上煎的香腸及糯米腸，與九層塔一同翻炒香氣撲鼻，再自行夾取蒜頭、薑片、與泡菜的配料一起搭配著吃很不錯。
紅妃大腸香腸,ShangLang,6 則評論 · 4 張相片,2 個月前,1 顆星,昨天逛花園 看到這間來買 想說網路評價很好 買了才知道真的讓人失望透頂 小份賣$70 香腸只有5小片 一根香腸都不到 香腸味道也不特別 只是炒了九層塔有那個味道而已 外面賣的都比較好吃 結帳沒聽清楚再問一次還要被外勞擺臉色 排了這麼久的隊給我這種東西 真的是太棒了  所以我在這邊給你6顆星
紅妃大腸香腸,wish hsu,,3 個月前,5 顆星,
紅妃大腸香腸,葉偉澤,"在地嚮導 · 273 則評論 · 3,110 張相片",4 個月前,5 顆星,記憶中的味道，第一間用炒的大腸香腸，名店 之一
紅妃大腸香腸,楊詠翔,2 則評論,4 個月前,1 顆星,"昨夜因朋友的到訪久違的踏進花園夜市，尋著過去的記憶找到這間店，沒想到卻是失望的開始。
排隊等待許久後輪到我們點餐，花園夜市人潮眾多，聽不見彼此說話應屬正常，但店家婦人只因我們一次沒聽見她對我們說話就對我們不耐煩且擺臉色賞給我們。當時也才七點，剛開店就因職業倦怠想收店？！講難聽一點沒有人拿刀拿槍逼你出來做生意，你選擇出來做服務業就應該拿出服務的態度。
誇張的是在我們離開前依舊擺出不耐煩的語氣和臉色問我誰要付這兩份的錢，我還特地詢問我們還沒付錢嗎？ 她說對。 我掏了錢出來。回家後才得知朋友在一開始就付完錢了。心情頓時晴天霹靂。我的天，花兩倍的錢找罪受。
但有一說一，所幸食物還是當時的味道，雖因店家婦人的態度扣了些許分數，食物本身還是有一定水準。
對於這次評論我給六顆星，多的這一顆送給那位店家婦人的服務態度。
建議大家下次光臨要帶大聲公跟店家溝通，不然他們聽不到；建議大家付錢要跟店家婦人來張親切合照，不然他們會說你沒付錢。
台南夜市應是首屈一指，此店之後不列入口袋名單，一顆星結尾。"
紅妃大腸香腸,Liane Liou,在地嚮導 · 199 則評論 · 558 張相片,6 個月前,3 顆星,員工感覺人員配置沒有很好、有點忙手忙腳的、有些還沒有熟被旁邊資深員工說要再煎、實體拿到後味道沒有入味、可能煎不夠久的關係。
紅妃大腸香腸,Pachi hsieh,在地嚮導 · 62 則評論 · 34 張相片,6 個月前,2 顆星,"從七月開始每週都吃一次，之前是阿嬤或外籍移工在賣，真的非常好吃。
九月中後換了一批人，我買了兩次，米腸裡面根本沒熟很乾，也是不像之前那麼油滋滋有香味的很好吃，而且人少的時候會沒裝滿，很失望😞真的跟以前差很多⋯加油哇🥹 …"
紅妃大腸香腸,Yung Ti Fang,5 則評論 · 1 張相片,7 個月前,1 顆星,買回來吃的，已經不是以前的味道，而且像是生水做的，整個不能吃只能丟掉了
紅妃大腸香腸,Api Lin,在地嚮導 · 32 則評論 · 35 張相片,7 個月前,1 顆星,
紅妃大腸香腸,鄭偉揚,在地嚮導 · 28 則評論 · 4 張相片,7 個月前,1 顆星,
紅妃大腸香腸,趙先生,在地嚮導 · 388 則評論 · 201 張相片,7 個月前,2 顆星,
紅妃大腸香腸,Fresh T.,在地嚮導 · 109 則評論 · 42 張相片,7 個月前,5 顆星,五星好評幫補血，買一份餐點送的東西超多，原價購入得到超量昆蟲蛋白，物超所值，要是覺得吃太飽可以加過期的甜辣醬，順道解決排便問題，推推❤️
紅妃大腸香腸,Yang Kai,在地嚮導 · 34 則評論 · 5 張相片,7 個月前,1 顆星,過期不丟 有蛆真的很噁
紅妃大腸香腸,sloth寫寫日記,78 則評論,7 個月前,2 顆星,20240831新聞，民眾昨晚到大益夜市購買「香腸大腸」，竟發現上面有蛆蟲在蠕動，她將影片貼上網近千名網友討論熱烈，直呼很噁心，好可怕，有網友數至少有5、6隻，貼文者說「不只，整盤都是」，網友覺得太離譜，不小心可能就吃肚，大益夜市已在官網已貼文致歉，指是因天氣下雨悶熱導致食材管理出問題，要求業者下架同批食材，衛生局稽查，又發現店家醬料過期
紅妃大腸香腸,潘文德,在地嚮導 · 239 則評論 · 86 張相片,7 個月前,1 顆星,"上新聞了
有蛆
醬料又過期"
紅妃大腸香腸,呂權恩,5 則評論,7 個月前,1 顆星,
紅妃大腸香腸,Jordan Wang,在地嚮導 · 18 則評論 · 4 張相片,7 個月前,1 顆星,店員口音不清楚，詢問態度十分惡劣，食物裝完用丟的，食物也不行
紅妃大腸香腸,黃宣宣,"在地嚮導 · 372 則評論 · 1,767 張相片",8 個月前,4 顆星,"小份$70、大份$140，但其實份量沒有很多😅
cp值的部分有點扣分，醬油加的很鹹，曾經吃過覺得很讚，希望品質能繼續維持🥹
攤位前面放了一些蒜頭、洋蔥的配料讓客人自助夾去，這點真的很nice👍🏻✨"
紅妃大腸香腸,Kiyumi Mom * 私,3 則評論 · 2 張相片,8 個月前,1 顆星,
紅妃大腸香腸,陳大瑋,在地嚮導 · 11 則評論,8 個月前,1 顆星,花園夜市什麼都好玩好吃  唯獨這攤讓我整個心情變差  東西難吃還沒熟  餵流浪貓狗還怕傷到牠們身体  我整個丟垃圾桶    態度還差到靠北  不想做就收起來啦
紅妃大腸香腸,陳凱威,8 則評論 · 5 張相片,9 個月前,1 顆星,米腸完全沒熟 全部都硬的 難吃到直接吐垃圾桶
紅妃大腸香腸,SHIH,16 則評論 · 2 張相片,10 個月前,1 顆星,口味變了 又油又鹹  買大份的香腸超級少 不會回購
紅妃大腸香腸,好蘇湖,在地嚮導 · 27 則評論 · 18 張相片,11 個月前,1 顆星,"不是五年前的味道了，變不是那麼好吃
大腸軟爛沒口感"
紅妃大腸香腸,CHIUNG HUA,在地嚮導 · 68 則評論 · 84 張相片,1 年前,2 顆星,小份70，配料可以自己加（蒜頭、黃瓜片等等要），香腸很少，大腸吃起來很爛。跟四五年吃起來好像不太一樣，現在好像都是外籍移工在賣
紅妃大腸香腸,米胡桃,"在地嚮導 · 699 則評論 · 2,628 張相片",1 年前,5 顆星,好吃、配料自己加
紅妃大腸香腸,張國祥,"在地嚮導 · 1,735 則評論 · 14,626 張相片",1 年前,5 顆星,大腸香腸加上九層塔很對味
紅妃大腸香腸,張薺珉,在地嚮導 · 18 則評論 · 2 張相片,1 年前,1 顆星,"不是以前的紅妃了 口味變了 人也不一樣
態度很跩 價錢也漲了許多
建議可以不要買 以免失望受氣"
紅妃大腸香腸,陳太太,11 則評論 · 2 張相片,1 年前,1 顆星,非常難吃，外籍勞工煮的都沒有熟，也沒有入味，很喜歡阿嬤的，失望！
紅妃大腸香腸,Y L Chuang,2 則評論 · 1 張相片,1 年前,1 顆星,米腸跟香腸根本沒有炒出味道，也都不是以前的阿罵們在賣了，味道差很多！
紅妃大腸香腸,Bo Hong,在地嚮導 · 54 則評論 · 19 張相片,1 年前,1 顆星,不予置評 有夠難吃！
紅妃大腸香腸,培妤,在地嚮導 · 28 則評論 · 11 張相片,1 年前,1 顆星,"點餐的時候，只回一句：還沒好（不耐煩）有問才告訴你大概還要等幾分鐘。
後來再回來買，米腸跟麻糬差不多爛還沒什麼味道，香腸也都夾邊邊超小塊，沒幾塊，而且還冷的！

以前很愛，上次吃覺得差太多，這次來吃，覺得就是最後一次。

沒事不太會寫評論，但這個程度真的要上來勸退一下。態度差，又沒有美味度可言。"
紅妃大腸香腸,Braint Hsiao,在地嚮導 · 34 則評論 · 16 張相片,1 年前,1 顆星,香腸跟的太太太太少，70大洋買不到一根香腸的量，是物價漲到太誇張嗎
紅妃大腸香腸,拗寶,"在地嚮導 · 137 則評論 · 1,009 張相片",1 年前,5 顆星,大腸香腸炒的很香，加上九層塔超好吃，還可以自己加料（洋蔥醬、小黃瓜、姜、蒜頭），推推！
紅妃大腸香腸,May liu,4 則評論,1 年前,1 顆星,"好像換人了
不是以前的一群阿罵
炒起來也沒以前的味道了
超失望"
紅妃大腸香腸,Qo Lll,3 則評論 · 2 張相片,1 年前,1 顆星,香腸給的很少，點大份的說要加香腸結果是先加再報價，加三十塊的香腸卻只有四小塊
紅妃大腸香腸,小泉涼二,在地嚮導 · 128 則評論 · 5 張相片,1 年前,5 顆星,
紅妃大腸香腸,Pei-Hong Wu,"在地嚮導 · 94 則評論 · 5,963 張相片",1 年前,5 顆星,他們有很好的鹹豬肉
紅妃大腸香腸,Chu Justin,"在地嚮導 · 330 則評論 · 1,047 張相片",1 年前,1 顆星,香腸給的非常少，他是切好再抄，一次店。
台南花園夜市 濃芝濃烤玉米,Max,在地嚮導 · 38 則評論 · 9 張相片,2 個月前,5 顆星,好吃 推薦給大家
台南花園夜市 濃芝濃烤玉米,陳翔渝,6 則評論,5 個月前,5 顆星,最愛奶油玉米👍🏻
台南花園夜市 濃芝濃烤玉米,李小布,"在地嚮導 · 427 則評論 · 2,568 張相片",6 個月前,5 顆星,"來花園夜市必吃的烤玉米。
（老闆帥/老闆娘美）"
台南花園夜市 濃芝濃烤玉米,V .I.P,12 則評論 · 1 張相片,7 個月前,2 顆星,難吃到哭
台南花園夜市 濃芝濃烤玉米,黃英傑,在地嚮導 · 56 則評論 · 193 張相片,8 個月前,5 顆星,老闆今天沒開！貼一下電話方便我點兩串鹽爆！
台南花園夜市 濃芝濃烤玉米,Daniel Huang,15 則評論 · 2 張相片,8 個月前,5 顆星,
台南花園夜市 濃芝濃烤玉米,Eugenie,在地嚮導 · 31 則評論 · 3 張相片,11 個月前,5 顆星,親切的老闆，好吃的烤玉米！！！
台南花園夜市 濃芝濃烤玉米,家光（公子光）,"在地嚮導 · 356 則評論 · 1,916 張相片",11 個月前,5 顆星,"只有禮拜四跟六日才有的流動夜市，而不是每天都有，是台南獨有的特色之一。

攤位有幾百個，有各種吃的喝的，還有衣服裝、飾品、玩樂（射氣球、套圈圈…），甚至還有命理。價位都十分吸引人。

這攤是玉米，有水煮的甜玉米跟烤的，都是我的最愛，不過烤的更是喜歡💕 老闆烤的十分軟濡，價格便宜（中65大70）比北部便宜1/3以上（參考價110）等於是七折！

第一次看到還可以選1.2.3步驟的，除了大小只差5元，有奶油、醬油、沙茶，還可以選辣味、胡椒或者任意搭配…口味來說確實入味

推薦沙茶辣味的，如果要吃得過癮建議選大的應該更好！"
台南花園夜市 濃芝濃烤玉米,果果,在地嚮導 · 708 則評論 · 493 張相片,1 年前,5 顆星,"台南神之烤玉米
多年前來吃過念念不忘
一樣好吃極了"
台南花園夜市 濃芝濃烤玉米,陳小慧,在地嚮導 · 299 則評論 · 904 張相片,1 年前,5 顆星,第一次吃奶油口味的很香濃
台南花園夜市 濃芝濃烤玉米,Lau Lau,在地嚮導 · 30 則評論 · 4 張相片,1 年前,5 顆星,超Uma 超好吃 而且不貴 外面焦焦的 很香
台南花園夜市 濃芝濃烤玉米,黃小蜜,14 則評論 · 2 張相片,1 年前,5 顆星,"去花園夜市必吃的玉米
軟硬適中，口味也很多
老闆夫妻很親切
兒子很帥😂😂"
台南花園夜市 濃芝濃烤玉米,Ethan Kung,在地嚮導 · 29 則評論,1 年前,5 顆星,吃過無數攤烤玉米，這攤最讚，軟硬適中，香氣四溢，口感絕佳
台南花園夜市 濃芝濃烤玉米,Simple,777 則評論,1 年前,4 顆星,"烤玉米偏硬 但有自己特色
可以回訪"
台南花園夜市 濃芝濃烤玉米,庭a,13 則評論,1 年前,5 顆星,從小吃到大的烤玉米天花板😆😆😆
台南花園夜市 濃芝濃烤玉米,陳宥瑄,5 則評論 · 1 張相片,1 年前,5 顆星,老闆態度很好 玉米很便宜而且超好吃😍😍
台南花園夜市 濃芝濃烤玉米,阿嚕米,在地嚮導 · 61 則評論 · 25 張相片,1 年前,1 顆星,烤玉米也太硬了 咬到牙齒超痛
台南花園夜市 濃芝濃烤玉米,沒名字,11 則評論 · 2 張相片,2 年前,5 顆星,
台南花園夜市 濃芝濃烤玉米,Stella C,在地嚮導 · 219 則評論 · 629 張相片,2 年前,5 顆星,第一次吃奶油黃玉米，吃得很過癮而且很大隻又很甜！😍
台南花園夜市 濃芝濃烤玉米,Kid Chang,"在地嚮導 · 1,017 則評論 · 4,260 張相片",2 年前,5 顆星,"玉米每一根看起來都很美
烤了一支黃金玉米還蠻大一支的才70，古早醬+辣很好吃"
台南花園夜市 濃芝濃烤玉米,潘文德,在地嚮導 · 239 則評論 · 86 張相片,3 年前,5 顆星,"口感好吃
醬料入味
價錢透明
色味俱佳"
台南花園夜市 濃芝濃烤玉米,Eloeonora Chao,1 則評論,3 年前,5 顆星,
台南花園夜市 濃芝濃烤玉米,1111,在地嚮導 · 137 則評論 · 586 張相片,3 年前,5 顆星,"玉米都有一定品質
粒粒飽滿 水份含量高 香味甜味都有 價格也實在
老闆夫婦很親切 常客會有小驚喜"
台南花園夜市 濃芝濃烤玉米,莊祐詡,在地嚮導 · 166 則評論 · 48 張相片,3 年前,1 顆星,買這根給100找50
台南花園夜市 濃芝濃烤玉米,曾渝娟,在地嚮導 · 26 則評論,3 年前,1 顆星,真的是超硬的玉米，咬一口放棄了！
囍館燒肉丼專門(花園夜市店),莊珮甄,在地嚮導 · 35 則評論 · 7 張相片,4 週前,3 顆星,"豬肉沒有熟～～

老闆表示：這個都有熟了，我還是幫你換一份
第二份…一樣沒有很熟～咬下去滿滿的軟軟的麵粉跟濃濃的麵粉味+豬肉味"
囍館燒肉丼專門(花園夜市店),頭份分隊,1 則評論,4 週前,5 顆星,
囍館燒肉丼專門(花園夜市店),梁家豪,在地嚮導 · 10 則評論 · 52 張相片,1 個月前,3 顆星,雪花牛丼130元  ，以為是烤的，結果是煮的，壽喜燒牛丼的概念，普普通通
囍館燒肉丼專門(花園夜市店),globekids,"在地嚮導 · 52 則評論 · 5,076 張相片",4 個月前,4 顆星,
囍館燒肉丼專門(花園夜市店),ラブ,"在地嚮導 · 210 則評論 · 1,649 張相片",7 個月前,4 顆星,"我點了醬油烤肉碗，還額外加了一個溫泉蛋。
烤肉的鮮香刺激著你的食慾，不過醬汁是醬油為主的，但還蠻甜的。
我以為麵條是日本豬骨拉麵湯和麵條的結合體，但事實並非如此。我想知道這是不是日本風味的。
如果想吃的話，推薦烤肉蓋飯。"
囍館燒肉丼專門(花園夜市店),Katie,13 則評論 · 6 張相片,10 個月前,2 顆星,"和男朋友只點了一樣咖哩起士漢堡排
老闆態度就很差
餐點來了不說
筷子又用半甩丟的方式上菜
感覺很差"
囍館燒肉丼專門(花園夜市店),Huang睿鈺（Ray）,"在地嚮導 · 746 則評論 · 2,145 張相片",10 個月前,5 顆星,"好吃
炙燒很香"
囍館燒肉丼專門(花園夜市店),安柔,在地嚮導 · 54 則評論 · 34 張相片,1 年前,1 顆星,超級難吃，第一次吃到難吃的丼飯完全沒味道！就是白飯肉鋪上去而已一點調味都沒有，吃過一次不會再訪
囍館燒肉丼專門(花園夜市店),王宥霖,16 則評論 · 6 張相片,1 年前,5 顆星,好吃又便宜gooooooood
囍館燒肉丼專門(花園夜市店),陳祐凱,7 則評論 · 5 張相片,1 年前,5 顆星,很好吃
囍館燒肉丼專門(花園夜市店),Jessie Wang,12 則評論,2 年前,5 顆星,
囍館燒肉丼專門(花園夜市店),王孟蓁,5 則評論,2 年前,5 顆星,好吃～美味 ～乾杯🍻
囍館燒肉丼專門(花園夜市店),P H,在地嚮導 · 62 則評論 · 46 張相片,2 年前,1 顆星,
囍館燒肉丼專門(花園夜市店),真好笑,,2 年前,5 顆星,
囍館燒肉丼專門(花園夜市店),d07180687黃楙棊,,2 年前,5 顆星,
囍館燒肉丼專門(花園夜市店),Ernie Chu,8 則評論 · 5 張相片,2 年前,5 顆星,從小吃到大，老闆兒子很乖，都會幫忙煮很好吃的
囍館燒肉丼專門(花園夜市店),黃楙棊,8 則評論 · 7 張相片,2 年前,5 顆星,
花園冠軍木瓜牛奶,JY,在地嚮導 · 16 則評論 · 31 張相片,1 週前,1 顆星,"超扯 我今天買香蕉牛奶
店員居然快速從冰箱拿出黑黑爛爛的香蕉
並瞬間以身體擋住視線的方式丟進果汁機裡面
當下是真的傻住了 不知道怎麼跟他說
抱著很錯愕的心情把飲料喝完
沒什麼香蕉的味道 現在肚子痛痛的了🙂
推薦參考一下門口那間 香蕉新鮮又大支
買完要走才看到 我真的會哭🥲"
花園冠軍木瓜牛奶,Weimi,在地嚮導 · 15 則評論 · 7 張相片,3 個月前,5 顆星,台南人每次去逛花園自己必點這家，非常好喝
花園冠軍木瓜牛奶,葉偉澤,"在地嚮導 · 273 則評論 · 3,110 張相片",5 個月前,5 顆星,好喝
花園冠軍木瓜牛奶,十十一田一田一,在地嚮導 · 11 則評論,7 個月前,2 顆星,"每次必喝的木瓜牛奶
喝這麼多年，第一次買到有臭味的"
花園冠軍木瓜牛奶,Keiko Pun,在地嚮導 · 94 則評論 · 467 張相片,1 年前,5 顆星,"超不起眼的一家小店，只是剛好吃東西吃到渴，又經過這家才買杯木瓜牛奶（看我連照片也懶得拍就知道）🤣，卻居然是我這6天行程喝過最好喝的木牛奶，完全意想不到！

看着店員從眼前把半條木瓜放到攪拌器，再不斷狂加了四五次牛奶，整個有被震懾到，心想：牛奶不用錢嗎？

木瓜奶奶味很濃，而且完全沒有木瓜的草青味。還可以選去糖，只靠木瓜原有的果糖甜度剛剛好。非常喜歡這家，如果有機會再來花園夜巿一定會再支持！"
花園冠軍木瓜牛奶,梁恩瑜,13 則評論 · 5 張相片,1 年前,5 顆星,
台南花園夜市陳記麻辣鴨血魚蛋豆腐,丁馨,在地嚮導 · 68 則評論 · 117 張相片,1 週前,5 顆星,吃了N年的好味道，離開台南後思思念念的好味道。綜合大辣加下去、夠味。還曾經過年來吃時還碰到客人打包3大袋要帶回去做火鍋湯底。
台南花園夜市陳記麻辣鴨血魚蛋豆腐,Lilian Pan,6 則評論 · 8 張相片,1 個月前,5 顆星,很開心吃到了超大塊的鴨血，味道不錯。魚蛋也Q彈😜 …
台南花園夜市陳記麻辣鴨血魚蛋豆腐,雨晴,在地嚮導 · 85 則評論 · 42 張相片,1 年前,5 顆星,豆腐超好吃
京典酵素臭豆腐-花園夜市,吳怜嬅,"在地嚮導 · 780 則評論 · 6,038 張相片",5 天前,5 顆星,有加胡椒鹽，清醬油和台式泡菜，外脆內多汁，是好吃的臭豆腐，生意很好喔！
京典酵素臭豆腐-花園夜市,Wan Yu Chang,"在地嚮導 · 61 則評論 · 1,067 張相片",3 週前,5 顆星,很厲害的臭豆腐，非常的外酥內嫩，令人驚豔～
京典酵素臭豆腐-花園夜市,歐小姐,12 則評論 · 5 張相片,3 週前,1 顆星,態度超差
京典酵素臭豆腐-花園夜市,Hung Paul,在地嚮導 · 42 則評論 · 8 張相片,1 個月前,5 顆星,很好吃的臭豆腐
京典酵素臭豆腐-花園夜市,黃怡倩,在地嚮導 · 41 則評論 · 43 張相片,2 個月前,5 顆星,"很酥脆的臭豆腐
如果下次來會回訪
但他的臭只有淡淡的味道而已
他的重點是每一口都是酥脆的👍"
京典酵素臭豆腐-花園夜市,葉偉澤,"在地嚮導 · 273 則評論 · 3,110 張相片",3 個月前,5 顆星,還不錯
延記臭豆腐,朵莉甜廚,1 則評論,5 天前,3 顆星,味道口感變了，感覺沒以前好吃也變小顆，真可惜
延記臭豆腐,DB,在地嚮導 · 102 則評論 · 2 張相片,1 週前,1 顆星,
延記臭豆腐,黃榮昌,在地嚮導 · 1 則評論 · 1 張相片,1 個月前,5 顆星,
延記臭豆腐,Patrick Wang,"在地嚮導 · 756 則評論 · 6,584 張相片",2 個月前,4 顆星,臭豆腐好吃，內部多汁保有水分，並非那種炸得很乾很酥的類型。
延記臭豆腐,Henry Hsu,"在地嚮導 · 608 則評論 · 1,285 張相片",2 個月前,3 顆星,外皮脆的部分有點太厚了，裡面也不夠嫩，整體搭配起來不是很協調
延記臭豆腐,洪天馬,在地嚮導 · 7 則評論 · 33 張相片,2 個月前,2 顆星,
延記臭豆腐,Howdy Hou (好滴),在地嚮導 · 163 則評論 · 650 張相片,2 個月前,1 顆星,"從20幾歲就開始吃，到現在都快邁向40歲了，每次講到花園夜市或者是臭豆腐，一定都是推薦延記給朋友，朋友也都讚不絕口。

沒想到上個月中去品嚐時，已經沒有當初那般美味了。送上桌時立刻品嚐，發現臭豆腐表皮一點酥脆感也沒有，感覺就是只有先預炸，沒有經過第二次高溫搶酥。

雖然醬汁味道差不多，但臭豆腐表皮不酥，整個美味度就掉了一半以上。吃一口發現不酥後，立即跟店家反應，只得到天氣冷溫度低所以才不酥的爛理由。

剛剛留言前看到許多留言提到夜市王節目，看來應該是因為節目宣傳，導致顧客爆增，店家為求出餐速度，放棄了表皮酥脆的特色，想品嚐的朋友，建議等過一陣子再品嚐吧，幾個月後我會再品嚐一次，如果店家依舊沒有改善，將從我個人的臭豆腐第一名剔除，並加入永不光顧的黑名單，到時候再跟與大家分享🙏🙏"
延記臭豆腐,鄭睿洋,13 則評論,3 個月前,1 顆星,難吃就算了，送餐來不到五分鐘，趕著收攤，要趕人就不要賣餐點不是嗎？？
延記臭豆腐,Elvis,在地嚮導 · 31 則評論 · 2 張相片,3 個月前,1 顆星,"夜市王…哎
泡菜超酸。醬料不蒜
整體搭配 很奇怪。 真服了"
延記臭豆腐,Jummmp,"在地嚮導 · 1,218 則評論 · 5,551 張相片",3 個月前,4 顆星,"夜市王攤販
一份$70
吃起來的確不是太臭風格，可以帶外國人吃"
延記臭豆腐,不要叫我東東啦,"在地嚮導 · 283 則評論 · 3,389 張相片",3 個月前,4 顆星,"#20241222
看了夜市王後特別來嚐一下
只能說中規中矩 就是臭豆腐
好吃但感覺沒啥特殊的記憶點"
延記臭豆腐,佳珊,在地嚮導 · 239 則評論 · 633 張相片,4 個月前,5 顆星,超級好吃的臭豆腐（臭的很好吃），花園夜市絕對要來吃的
延記臭豆腐,謝芯語,4 則評論,4 個月前,5 顆星,
延記臭豆腐,PAOPAO SHIH,5 則評論 · 1 張相片,4 個月前,5 顆星,皮超酥 又多汁 真的不誇張!!!
延記臭豆腐,M J,在地嚮導 · 21 則評論 · 8 張相片,4 個月前,5 顆星,"臭豆腐酥脆 非常好吃👍
老闆親切友善！推一個～(●°u°●) 」"
延記臭豆腐,王佳瑜,4 則評論 · 18 張相片,4 個月前,5 顆星,臭豆腐炸的酥脆，醬汁很優，加上泡菜超美味😋
延記臭豆腐,莊小貴,4 則評論 · 3 張相片,4 個月前,5 顆星,豆腐外酥內軟😋真的很好吃
延記臭豆腐,源,"在地嚮導 · 159 則評論 · 1,521 張相片",6 個月前,4 顆星,"5塊70
外酥內嫩好吃，小貴4.2"
延記臭豆腐,囧囧菇小雲朵,6 則評論,8 個月前,1 顆星,夏雨天內用桌面濕濕的，卻只幫其他客人擦乾。有禮貌的詢問是否可以幫忙清理一下桌面，卻隨意擦了個部分來敷衍了事。豆腐也炸的太厚，不好吃。
延記臭豆腐,鮪魚,在地嚮導 · 20 則評論 · 4 張相片,8 個月前,1 顆星,"很貴又很難吃
70元才5小塊臭豆腐，還沒有面紙"
延記臭豆腐,柴爸幸福吃喝,在地嚮導 · 192 則評論 · 957 張相片,9 個月前,4 顆星,"延記臭豆腐，外皮酥脆，內軟透了…好吃😋
好吃夜市臭豆腐"
延記臭豆腐,Dan Lin,"在地嚮導 · 357 則評論 · 2,205 張相片",9 個月前,4 顆星,"大東夜市裡的攤位，第ㄧ次去可能不太好找，它在中間。
臭豆腐外酥內軟，炸的剛剛好
ㄧ定要加桌上的蒜泥、辣椒醬才好吃
ㄧ份$70，有5塊
人多的時候要排隊，翻桌快

113/06/07"
延記臭豆腐,Williams Tsao,"在地嚮導 · 451 則評論 · 1,683 張相片",10 個月前,4 顆星,"一份$70的臭豆腐，「發酵香味」重，外皮酥脆，醬汁偏鹹、酸中偏鹹的台式泡菜。
屬於口味偏重鹹的一家臭豆腐，
不推薦給喜歡台式泡菜偏甜的人"
延記臭豆腐,Amber Lin,"在地嚮導 · 244 則評論 · 1,011 張相片",10 個月前,5 顆星,"酥脆好吃
有帶一點點中藥回甘
喜歡臭豆腐的值得一嚐"
延記臭豆腐,瑜瑜,在地嚮導 · 31 則評論 · 13 張相片,10 個月前,5 顆星,"從學生時期大東夜市吃到花園夜市
雖然不算是常客但在記憶中一直是夜市最好吃的臭豆腐
今天逛花園久違的回來回味一下
結果我把剛買的衣服（我朋友的）忘在位置上🥹
到家馬上私訊店家FB他們也很快的回覆～
謝謝店家的細心><～～～
差點就要買10件衣服賠罪了"
延記臭豆腐,bao Zhou,在地嚮導 · 18 則評論 · 7 張相片,10 個月前,5 顆星,"開始會吃臭豆腐就是因為吃到它們家的臭豆腐開始，從學生時期吃到現在口味都沒變過，又酥又好吃泡菜更是大愛❤️

也謝謝今天店家幫忙找回遺留的衣服，人員都超讚超貼心的啊啊啊！"
延記臭豆腐,Y W,在地嚮導 · 213 則評論 · 31 張相片,10 個月前,5 顆星,好吃，外酥內軟
延記臭豆腐,陳冠延,在地嚮導 · 16 則評論 · 1 張相片,11 個月前,5 顆星,
延記臭豆腐,邱羽禔,"在地嚮導 · 674 則評論 · 3,045 張相片",11 個月前,4 顆星,"星期六假日人潮眾多，大約五點多到 排了約十分鐘的隊,一份$70
臭豆腐真的非常臭，外皮酥脆 醬汁很鹹、辣醬夠辣、泡菜超酸，又臭又鹹又辣又酸，真的每一項都是極致😆"
延記臭豆腐,Kuan Lu,3 則評論,11 個月前,5 顆星,"目前人生第一名臭豆腐
外酥裡嫩還爆汁
超級好吃"
延記臭豆腐,F.c Chuan,14 則評論,1 年前,1 顆星,臭豆腐來的當下就先給了一百塊錢，後來去拿衛生紙，回到座位店員說還沒收，想說是不是自己沒給就在拿錢給他找，後來想想確定有給，再去跟店員說，你剛剛拿臭豆腐的時候我就把一百塊給你你有印象嗎，也是說沒有，當下忙可以理解，但是被誤會沒給也是不爽，2/15晚上九點多，記得上面有監視器，可以去調看看就知道我有沒有給，一百塊很少，就只是不爽被說沒給而已
延記臭豆腐,EMT 119,256 則評論,1 年前,2 顆星,不像在吃臭豆腐，像在吃臭豆腐餅乾
延記臭豆腐,GY H,在地嚮導 · 166 則評論 · 581 張相片,1 年前,4 顆星,"只收現金，無發票載具。

📍臭豆腐：醬多，調味好吃，辣、蒜可自助調味；泡菜好吃；臭豆腐外酥內軟也好吃，可惜一份的量可能吃不飽。"
延記臭豆腐,E.C Chen,"在地嚮導 · 233 則評論 · 1,844 張相片",1 年前,4 顆星,"豆腐發酵的很不錯! 屬於酥脆軟嫩的類型~
但服務態度不是很好 垃圾要帶走不然會被臭臉酸哦!"
延記臭豆腐,Chia Cheng Chou (Danny),在地嚮導 · 48 則評論 · 5 張相片,1 年前,5 顆星,我跟你講看到就去吃，不要被他醜陋的招牌騙了！他真的超好吃沒有騙大家👍🏻
延記臭豆腐,Wen Evan,"在地嚮導 · 278 則評論 · 1,431 張相片",1 年前,5 顆星,美味的夜市臭豆腐，臭得很香、外酥內軟又多汁，很棒的口味，吃完一份覺得不夠欸
延記臭豆腐,chiachia sun,在地嚮導 · 25 則評論 · 1 張相片,1 年前,5 顆星,
延記臭豆腐,JIANWEN WANG,在地嚮導 · 238 則評論 · 373 張相片,1 年前,4 顆星,外酥內軟 炸得好吃的臭豆腐 泡菜如果可以更棒就好了！
延記臭豆腐,謝阿紘,6 則評論 · 1 張相片,1 年前,5 顆星,"吃完才知道。網路評論不是假的
沒有超好吃。
但是西北賀甲"
延記臭豆腐,Yuli Liu,在地嚮導 · 147 則評論 · 422 張相片,1 年前,5 顆星,每年到台南都會來吃，臭豆腐依舊外酥內軟，就是這個口感，泡菜依舊普普😂 …
延記臭豆腐,唐老師,在地嚮導 · 151 則評論 · 20 張相片,1 年前,5 顆星,表皮酥脆，豆腐多汁，豆瓣醬加入吃下在配泡菜，好吃～
延記臭豆腐,Jude Chu,"在地嚮導 · 101 則評論 · 1,234 張相片",1 年前,4 顆星,
延記臭豆腐,Waylon,1 則評論 · 1 張相片,1 年前,5 顆星,超級讚外酥內嫩還會爆汁推爆
延記臭豆腐,B B,在地嚮導 · 368 則評論 · 84 張相片,1 年前,2 顆星,好久沒來花園夜市，以前學生時代常來買，今天特別來買……發現豆腐不臭了辣椒好死鹹，再也不是記憶中的味道，變不好吃了，兩顆星是回憶
延記臭豆腐,Peng Hebe,"在地嚮導 · 485 則評論 · 2,152 張相片",2 年前,5 顆星,在大東夜市吃到的，真的好好吃🤤 …
延記臭豆腐,單純是種幸福,2 則評論,2 年前,1 顆星,一份裡有大塊正方形，有小塊三角形，有兩小塊露出白色豆腐不平整像是咬過的，店家給出這樣的食物，感覺很噁心！
延記臭豆腐,李珊珊,"在地嚮導 · 492 則評論 · 2,491 張相片",2 年前,5 顆星,一份$60，外皮非常脆，裡面會爆汁，臭豆腐夠臭，加泡菜吃非常好吃，底下醬汁非常剛好，下次來還會想要來吃的那種！
延記臭豆腐,Sandy Du,18 則評論,2 年前,1 顆星,可惜評論無法給負🌟 服務態度真的很差 是不是生意好店家就囂張了 叫客人都用欸的 有夠沒禮貌 找錢還用丟的 臭豆腐吃起來油膩膩 泡菜又鹹又酸 …
延記臭豆腐,Cat,在地嚮導 · 647 則評論 · 891 張相片,2 年前,5 顆星,可能是我吃過的最好吃的炸臭豆腐之一！超脆，旁邊還有美味的泡菜
延記臭豆腐,Joyce Chen,在地嚮導 · 24 則評論 · 3 張相片,2 年前,5 顆星,
延記臭豆腐,郭文玉,"在地嚮導 · 228 則評論 · 1,093 張相片",2 年前,4 顆星,"臭豆腐 外酥內嫩的路線
裡面的豆腐是有孔洞的
外酥的部份是稍微有厚度的，不是薄薄的脆皮類型"
延記臭豆腐,uuu L3,在地嚮導 · 170 則評論 · 51 張相片,2 年前,5 顆星,"好吃😋大東必吃
偏鹹重口味👍🏻
豆腐很脆，還有汁爆出來～，泡菜很多 …"
延記臭豆腐,Carol Lin,32 則評論 · 6 張相片,2 年前,5 顆星,外酥內軟，超級爆汁，很好吃，但泡菜普通
延記臭豆腐,張庭瑄,在地嚮導 · 24 則評論 · 15 張相片,2 年前,5 顆星,超級好吃
延記臭豆腐,ELLY,在地嚮導 · 94 則評論 · 266 張相片,2 年前,5 顆星,很脆👍🏻 …
延記臭豆腐,Cccc H,在地嚮導 · 30 則評論 · 2 張相片,2 年前,5 顆星,超好吃
延記臭豆腐,郭桂,2 則評論,2 年前,5 顆星,好久沒吃到這麼道地的臭豆腐了，按讚讚讚！奉勸各位朋友，有機會一定要去嚐鮮的啦！😄 …
延記臭豆腐,謝安龍,7 則評論 · 1 張相片,2 年前,2 顆星,一般般
延記臭豆腐,馬鈴薯,在地嚮導 · 115 則評論 · 5 張相片,2 年前,4 顆星,豆腐好吃，但泡菜好鹹
延記臭豆腐,Jay Hong,"在地嚮導 · 258 則評論 · 7,360 張相片",2 年前,4 顆星,
延記臭豆腐,Johnny Lee,在地嚮導 · 39 則評論 · 49 張相片,2 年前,5 顆星,"臭豆腐吃起來香酥脆
可以說是心目中有吃過的臭豆腐前三名"
延記臭豆腐,Yu Yu,"在地嚮導 · 226 則評論 · 1,240 張相片",2 年前,3 顆星,"皮脆、夠臭
但泡菜鹹，配上原本就有鹹度的豆腐口味變更重了～希望能改善泡菜的部分"
延記臭豆腐,Jason Chien,"在地嚮導 · 403 則評論 · 2,113 張相片",2 年前,5 顆星,"昨晚遺失手機在攤位上，老闆細心保管，台灣人情真棒，感謝太感謝

食物味美……老闆心美……"
延記臭豆腐,TZ W,在地嚮導 · 94 則評論 · 47 張相片,2 年前,2 顆星,以前很好吃的⋯這兩次去，原本老闆不在（換了一個壯壯年輕人）炸的不夠酥就算了，裡面還是冰的🥲我的愛店看來要走入歷史了⋯希望只是臨時，原來老闆快回來吧⋯ …
延記臭豆腐,Choe Fish,在地嚮導 · 35 則評論 · 13 張相片,2 年前,3 顆星,在大東夜市吃，泡菜超鹹，吃不出酸爽的感覺，臭豆腐香氣也不夠。
延記臭豆腐,Lu Jenny,在地嚮導 · 53 則評論 · 95 張相片,2 年前,5 顆星,炸的剛剛好，好吃
延記臭豆腐,月月,在地嚮導 · 323 則評論 · 118 張相片,2 年前,4 顆星,一份60元有5小塊臭豆腐 臭豆腐皮脆內嫩不會乾 好吃  可惜沒有醋 蒜泥提味單調了點 附的泡菜沒有蒜頭或辣椒香 偏軟不夠爽脆 醋味也不夠
延記臭豆腐,Yi HSY,"在地嚮導 · 116 則評論 · 1,129 張相片",3 年前,5 顆星,超好吃，個人心中排名前三的臭豆腐，下次南下必定再訪！
延記臭豆腐,Chen Ronan,在地嚮導 · 428 則評論 · 789 張相片,3 年前,5 顆星,是去大東夜市吃到的，臭豆腐又酥又脆、泡菜也醃的十分入味外。吃時先擠入辣椒醬再塞入幾片泡菜，真滴好吃啊。
延記臭豆腐,King,在地嚮導 · 22 則評論 · 83 張相片,3 年前,5 顆星,超脆又好吃🤤 …
延記臭豆腐,conpansate Li,"在地嚮導 · 313 則評論 · 1,156 張相片",3 年前,5 顆星,"外酥內軟 有點多汁
且有股微妙的味道 像是中藥味"
延記臭豆腐,Wen-Hsin Hung,在地嚮導 · 123 則評論 · 220 張相片,3 年前,5 顆星,
延記臭豆腐,美食療癒者,"在地嚮導 · 212 則評論 · 2,016 張相片",3 年前,5 顆星,"超好吃 外酥內嫩。一盤50元。但吃起來真的會爆汁
太可怕了。好厲害的臭豆腐。玩三天連續兩天都來大
東夜市就是為了他"
延記臭豆腐,料理餐評鑑員,在地嚮導 · 160 則評論 · 69 張相片,3 年前,3 顆星,"他們素食臭豆腐說真實的沒什麼感覺,吃過一次"
延記臭豆腐,Chi Da,在地嚮導 · 214 則評論 · 916 張相片,3 年前,5 顆星,"一咬下去 湯汁迅速的竄出 直接先被燙到
真的很好吃 超級讚 要吃臭豆腐就要吃延記
但要小心燙嘴👄 …"
延記臭豆腐,Winnie C,在地嚮導 · 51 則評論 · 131 張相片,3 年前,5 顆星,"外酥內軟不刮嘴，咬下去會噴汁要小心燙到
泡菜酸度和醬汁調味配臭豆腐很剛好，有提供蒜泥和辣醬可以配合自己的口味加
便宜好吃，個人覺得大東夜市中的第一名"
延記臭豆腐,Edmond Jhang,在地嚮導 · 91 則評論 · 102 張相片,4 年前,5 顆星,好吃～外皮酥脆內部口感很嫩，泡菜還好
延記臭豆腐,Ellen Chen,在地嚮導 · 60 則評論 · 45 張相片,4 年前,5 顆星,豆腐外酥內嫩，咬下去很juicy，搭配泡菜一起吃更是一絕，絕對是台南排名前三的臭豆腐
延記臭豆腐,環島遊樂,在地嚮導 · 150 則評論 · 914 張相片,4 年前,4 顆星,外酥內嫩 好吃的臭豆腐，來大東夜市必吃
延記臭豆腐,11文婉薰,5 則評論,4 年前,5 顆星,
延記臭豆腐,Brian Lin,在地嚮導 · 79 則評論 · 35 張相片,4 年前,5 顆星,趁沒人早早去買了，臭豆腐外酥內軟。
延記臭豆腐,Peter Wu,"在地嚮導 · 33 則評論 · 8,906 張相片",4 年前,4 顆星,
延記臭豆腐,謝芯語,,5 年前,5 顆星,
延記臭豆腐,謝李勝,,5 年前,5 顆星,
延記臭豆腐,王周彬,1 則評論,5 年前,5 顆星,
延記臭豆腐,鄭怡礽,8 則評論 · 2 張相片,5 年前,4 顆星,
延記臭豆腐,丹,"在地嚮導 · 898 則評論 · 1,291 張相片",5 年前,2 顆星,索索
延記臭豆腐,蘇西,在地嚮導 · 56 則評論 · 55 張相片,5 年前,5 顆星,好吃好吃
延記臭豆腐,Tqian,"1,852 則評論",5 年前,4 顆星,一份五塊$50，要夠脆才好吃，人多時常炸的不夠酥脆
延記臭豆腐,K.F huang,在地嚮導 · 92 則評論 · 16 張相片,5 年前,1 顆星,何必規定一定要兩人吃一份，不能三人吃一份嗎？態度差，不推薦此店
延記臭豆腐,王米卡,"在地嚮導 · 68 則評論 · 1,318 張相片",5 年前,3 顆星,
延記臭豆腐,chun An Wang,在地嚮導 · 9 則評論 · 12 張相片,5 年前,1 顆星,兩個大人兩個幼稚園小孩強制要叫兩份才能坐4人位置，還要被老闆指指點點，人一少時隔壁桌明明也是兩大兩小就沒強制叫2份，簡直就是讓外地來的遊客感覺極差，列為花園夜市必不吃店家。
延記臭豆腐,Cchen Kikiki,在地嚮導 · 26 則評論 · 9 張相片,5 年前,5 顆星,
延記臭豆腐,Lin Min,"在地嚮導 · 885 則評論 · 1,486 張相片",6 年前,5 顆星,表皮酥脆又不會太硬，每次來花園必吃
延記臭豆腐,辛重緯,"在地嚮導 · 650 則評論 · 2,817 張相片",6 年前,5 顆星,好吃，外酥內軟~
延記臭豆腐,Ray Chen,"在地嚮導 · 1,327 則評論 · 16,380 張相片",6 年前,4 顆星,臭豆腐不錯，外皮與內餡都不錯，夠入味。
延記臭豆腐,Kevin,"在地嚮導 · 85 則評論 · 3,798 張相片",6 年前,4 顆星,
延記臭豆腐,陳士元,在地嚮導 · 311 則評論 · 300 張相片,7 年前,4 顆星,皮脆內嫩多汁的臭豆腐，口味確實不錯
延記臭豆腐,Jason Young,"在地嚮導 · 3,470 則評論 · 6,263 張相片",7 年前,4 顆星,臭豆腐多汁好吃，還不錯
延記臭豆腐,Ruby,"658 則評論 · 1,069 張相片",7 年前,5 顆星,又臭又好吃~
延記臭豆腐,J Shrekloves,在地嚮導 · 220 則評論 · 866 張相片,8 年前,2 顆星,臭豆腐皮不夠酥脆，泡菜味道淡，感覺不如從前，老闆換人了？
延記臭豆腐,Ethan Wang,"在地嚮導 · 1,353 則評論 · 249 張相片",8 年前,4 顆星,還可以
延記臭豆腐,Blackstone Green,204 則評論,9 年前,1 顆星,出名後就走味了。
延記臭豆腐,Howard L.,"在地嚮導 · 2,704 則評論 · 5,452 張相片",9 年前,4 顆星,"#414
2013年11月30日"
友愛 雪之冰 港式奶茶,Cheng,"在地嚮導 · 537 則評論 · 2,084 張相片",2 年前,5 顆星,"波霸港奶 大杯 $50 好喝！
闆娘很親切、現金付款"
皇豆複合式餐飲,李文欽,在地嚮導 · 11 則評論 · 222 張相片,15 小時前,5 顆星,
皇豆複合式餐飲,愛麗絲,在地嚮導 · 459 則評論 · 929 張相片,1 週前,5 顆星,"古早味豆花搭糖水，粉角Q軟，好好吃，
綜合甜湯的甜度比豆花低，裡面的紅豆綠豆花生薏仁，每樣都軟綿，環境舒適，店員人很和善。"
皇豆複合式餐飲,菲力普之旅,在地嚮導 · 1 則評論 · 447 張相片,1 週前,4 顆星,
皇豆複合式餐飲,Melonpan,2 則評論,2 個月前,1 顆星,牛肉燴飯賣140，份量超少然後牛肉只有4塊 好意思?
皇豆複合式餐飲,Office Office,4 則評論 · 7 張相片,4 個月前,1 顆星,外帶豆花，說了千萬不要加糖水，還是堅持加進去，完全無法食用欸
皇豆複合式餐飲,玲玉,在地嚮導 · 20 則評論,4 個月前,2 顆星,點了綜合甜湯、裡面的料不會甜還有怪味
皇豆複合式餐飲,Rou,"在地嚮導 · 225 則評論 · 5,390 張相片",6 個月前,5 顆星,店員服務親切，鍋類甜點都有，下次有機會再來吃其他的餐點 ❤️
皇豆複合式餐飲,小小晴,2 則評論,7 個月前,3 顆星,好久沒來吃了 今天來吃 東西越來越貴 難怪客人越變越少 唉
皇豆複合式餐飲,林夢露,12 則評論 · 2 張相片,7 個月前,5 顆星,
皇豆複合式餐飲,郭小燁（小燁）,在地嚮導 · 108 則評論 · 249 張相片,7 個月前,5 顆星,"這家店很適合朋友小聚，親子用餐。
選擇很多，雪花冰、剉冰、豆花、鍋燒系列、 火鍋等等！
每次帶小孩來店裡用餐，最喜歡在還是草莓雪花冰。"
皇豆複合式餐飲,紫 水 晶,在地嚮導 · 47 則評論 · 335 張相片,8 個月前,3 顆星,2024 年 08 月03 日星期六中午的  12：00 分的時候 ；我跟越南朋友各自騎機車到台南市北區文賢路上有一間皇豆複合式餐飲店裡面用餐 ，我吃鍋燒意麵跟剉冰 ～  我朋友他吃鍋燒烏龍麵跟綠茶 ！然後我們倆人邊吃邊聊天聊的很愉快進餐 ，最後用餐到了下午的  13 ：00 分的時候我們吃飽喝足了就馬上離開騎機車回家了 ！
皇豆複合式餐飲,薛香蘭,在地嚮導 · 49 則評論 · 18 張相片,8 個月前,5 顆星,
皇豆複合式餐飲,行瑜飛,"在地嚮導 · 319 則評論 · 5,302 張相片",8 個月前,5 顆星,將近30年的餐飲老店！種類真的很多！雪花冰、剉冰、飲品、套餐、焗飯、火鍋等等！而且都還不錯吃呦👌！👍！
皇豆複合式餐飲,江點點,2 則評論,9 個月前,1 顆星,
皇豆複合式餐飲,謝沛蓉,"在地嚮導 · 162 則評論 · 1,122 張相片",10 個月前,4 顆星,
皇豆複合式餐飲,江俊叡,5 則評論 · 1 張相片,10 個月前,5 顆星,炸豆腐好吃，店員親切介紹
皇豆複合式餐飲,Eden Tox,7 則評論,10 個月前,5 顆星,店員服務很貼心
皇豆複合式餐飲,Hoodie Roger,4 則評論,11 個月前,5 顆星,皇民化運豆、、請自行日本化。。。
皇豆複合式餐飲,陳奕廷,4 則評論,1 年前,1 顆星,吃不飽還不給加麵希望可以改
皇豆複合式餐飲,李丫丫,"在地嚮導 · 196 則評論 · 7,863 張相片",1 年前,5 顆星,"來吃 #自選冰$50
選了愛玉 湯圓 芋圓 綠豆 軟花生
舒適乾淨的環境🈶️冷氣
#湯圓很Q

特地🍧跟🦖拍一張
因為看網路的影片
有一隻🦖出車站
然後外面有三隻🦖🦖🦖在迎接他
好好笑喔🤣🤣🤣🤣"
皇豆複合式餐飲,張馥伃,在地嚮導 · 25 則評論 · 4 張相片,1 年前,1 顆星,"燉飯超難吃不要點
吃完還烙賽的那種"
皇豆複合式餐飲,迷迷貓貓,在地嚮導 · 773 則評論 · 380 張相片,1 年前,2 顆星,餐點味道非常淡 點一個軟骨燴飯 份量少沒味道 燒仙草也沒什麼味道 不夠粉角味道跟口感還不錯
皇豆複合式餐飲,Jason Kong,在地嚮導 · 6 則評論 · 131 張相片,1 年前,5 顆星,
皇豆複合式餐飲,陳瑋瑋,在地嚮導 · 81 則評論 · 31 張相片,1 年前,5 顆星,"以我的口味，我喜歡吃😍

會再去😊"
皇豆複合式餐飲,吳冠霆,在地嚮導 · 189 則評論 · 108 張相片,1 年前,4 顆星,被午餐耽誤的豆花店
皇豆複合式餐飲,微笑,2 則評論,1 年前,1 顆星,我只是去上個廁所，結果店員直接把沒吃完的餐點收走，問都沒問，自動收走薪水不會比較高好嗎。不要在那邊自以為是。
皇豆複合式餐飲,Vivian,2 則評論,1 年前,2 顆星,2份餐點加價59元升套餐卻皆無放入甜點，並少放一杯加價飲品，濃湯偏鹹
皇豆複合式餐飲,Jun Lo,在地嚮導 · 33 則評論 · 104 張相片,1 年前,5 顆星,
皇豆複合式餐飲,大頭蕭,12 則評論 · 1 張相片,1 年前,3 顆星,餐點算中規中矩，用餐環境也還不錯，也是在地老客人吃十幾年有了，說真的本身不會要求說態度要多親切，服務餐飲業都很辛苦我明白，記得有ㄧ次聽不懂意思多問了兩句，那個不耐煩不太好的語氣讓人很不舒服，且不是第一次了，但我還是會繼續去用餐，加油。
皇豆複合式餐飲,Versace photographer (攝影師),28 則評論,1 年前,5 顆星,
皇豆複合式餐飲,Yuri Nakamura,在地嚮導 · 8 則評論 · 5 張相片,1 年前,5 顆星,
皇豆複合式餐飲,小晴૮ • ᴥ • ა,在地嚮導 · 27 則評論,1 年前,5 顆星,"好吃~~~
來這裡吃過很多次了 老闆娘態度超棒
然後這裡豆花是綿的  超喜歡這種口感(〃▽〃)"
皇豆複合式餐飲,陳品喬,在地嚮導 · 18 則評論 · 39 張相片,1 年前,5 顆星,珍珠 是我喜歡的樣子
皇豆複合式餐飲,陳子杰,7 則評論,1 年前,5 顆星,食材 好吃又新鮮  價錢很親民 最讚  最棒
皇豆複合式餐飲,arger Tsai,在地嚮導 · 127 則評論 · 503 張相片,1 年前,5 顆星,"年輕吃到今的社區複合餐飲店，味道如常，喜歡豆花特推-有冷氣喔
！"
皇豆複合式餐飲,嵐小胖,在地嚮導 · 265 則評論 · 943 張相片,1 年前,3 顆星,普通的體驗，價位平價，口味上就也是普通左右，不會特別推薦
皇豆複合式餐飲,連埏諄,在地嚮導 · 20 則評論,1 年前,5 顆星,
皇豆複合式餐飲,方月英,在地嚮導 · 1 則評論,1 年前,4 顆星,
皇豆複合式餐飲,Ting,在地嚮導 · 14 則評論 · 6 張相片,1 年前,5 顆星,"美味的豆腐花
吃飯的好地方"
皇豆複合式餐飲,聿聿,在地嚮導 · 18 則評論 · 3 張相片,1 年前,5 顆星,
皇豆複合式餐飲,吳哲銘,4 則評論,1 年前,2 顆星,"東西還ok
但是我點紅豆牛奶冰
紅豆混一堆大豆進去做什麼？
就只想吃紅豆而已困難嗎"
皇豆複合式餐飲,Venishel numsik Isopenisa philonedon mukeirw,3 則評論,1 年前,5 顆星,
皇豆複合式餐飲,少吃,在地嚮導 · 12 則評論 · 194 張相片,1 年前,5 顆星,
皇豆複合式餐飲,david chen,在地嚮導 · 54 則評論 · 4 張相片,1 年前,1 顆星,服務不砟樣～
皇豆複合式餐飲,林茜妍,在地嚮導 · 22 則評論 · 118 張相片,2 年前,5 顆星,
皇豆複合式餐飲,王小敏,在地嚮導 · 213 則評論 · 566 張相片,2 年前,4 顆星,冰種多樣化，還有豆花，小火鍋跟簡餐今天點了薄鹽鯖魚，皮有點焦，沒有小菜，就像照片那樣，，豆花口味一般，價位還好，希望簡餐的菜色能更進步
皇豆複合式餐飲,涂龍蝦,在地嚮導 · 18 則評論 · 21 張相片,2 年前,5 顆星,巧克力
皇豆複合式餐飲,龍蝦先生,在地嚮導 · 245 則評論 · 654 張相片,2 年前,5 顆星,巧克力
皇豆複合式餐飲,萌萌,在地嚮導 · 62 則評論 · 188 張相片,2 年前,2 顆星,"氣氛佳 燈光差
餐點美味 外帶的冰品少且貴
下次不會再回購"
皇豆複合式餐飲,B許維展,"在地嚮導 · 490 則評論 · 1,884 張相片",2 年前,5 顆星,冷熱通吃，環境優美，餐點好吃，價格實在。
皇豆複合式餐飲,蕭美櫻,"在地嚮導 · 91 則評論 · 3,181 張相片",2 年前,4 顆星,
皇豆複合式餐飲,Sandy Tsai,65 則評論 · 28 張相片,2 年前,5 顆星,冰跟豆花都很好吃～～～
皇豆複合式餐飲,Y.K.射手男,"在地嚮導 · 295 則評論 · 1,333 張相片",2 年前,3 顆星,意麵很普通、很耐咬，不好停車
皇豆複合式餐飲,林芷妍,8 則評論,2 年前,5 顆星,"東西都很好吃
料也實在"
皇豆複合式餐飲,Kuang Wu,4 則評論,2 年前,1 顆星,"態度惡劣 點餐搞不清楚狀況
點湯圓湯加料後變沒湯圓
說變甜湯沒湯圓
我真不懂我是點湯圓、湯圓、湯圓(菜單也沒甜湯)
打電話過去居然怪我們點錯了
菜單沒甜湯、菜單沒甜湯、菜單沒甜湯
這是什麼態度太過份了 太過份了太過份了因為很生氣所以說三次

我不是只點1份是10份結果拿回來親友都傻眼再次強調電話中都是說湯圓再點料
我是在地老客人你這樣回我怪客人多點料所以自行改甜湯，看樣子也是不差這我客人。"
皇豆複合式餐飲,AKANE WANG,"在地嚮導 · 497 則評論 · 1,531 張相片",2 年前,4 顆星,店內環境悠閒放鬆適合家庭朋友聚餐，火鍋內沒有太多火鍋料，口味湯頭可以，有付飲料和點心不錯
皇豆複合式餐飲,Vincent,在地嚮導 · 186 則評論 · 330 張相片,2 年前,5 顆星,從小就喜歡的店，很推
皇豆複合式餐飲,亭儀,"在地嚮導 · 617 則評論 · 1,719 張相片",2 年前,5 顆星,賣各式各樣的飲食跟套餐，多類餐點可以選購，室內有提供座位可以點餐來吃，朋友，家人聚餐很方便，個人也適合，最喜歡它們家的豆花跟鍋燒意麵，常常購買來吃。
皇豆複合式餐飲,王寶興,在地嚮導 · 31 則評論 · 190 張相片,2 年前,5 顆星,
皇豆複合式餐飲,Lonely shadow,在地嚮導 · 297 則評論 · 388 張相片,2 年前,5 顆星,以前住市區，常常來，搬離開，只要回台南市，路過就會再來吃冰，鍋燒，豆花，環境一樣乾淨
皇豆複合式餐飲,Yu Su,在地嚮導 · 128 則評論 · 16 張相片,2 年前,5 顆星,便宜優質的店家 有冷氣 東西好吃又大碗
皇豆複合式餐飲,小雯,在地嚮導 · 10 則評論 · 1 張相片,2 年前,5 顆星,
皇豆複合式餐飲,CHIAHUNG CHEN,在地嚮導 · 45 則評論 · 12 張相片,2 年前,1 顆星,店員製作雪花冰跟剉冰前竟然沒洗手就直接拿取冰磚！現在還是在疫情期間耶！特意觀察了一下，收完錢還是沒洗手，只在抹布上輕輕摸了一下，這種衛生觀念實在糟糕👎 …
皇豆複合式餐飲,林郁軒,15 則評論 · 1 張相片,2 年前,2 顆星,"今天第一次來點了火鍋，附的白飯拌沙茶醬天經地義，沙茶醬裡面有一隻純釀死蟑螂，我他媽都快吃完了才蹦出來。

起初以為是紅蔥頭上面纏頭髮，可是我沒吃過沙茶醬有紅蔥頭的，出於實驗精神利用白飯將上方的沙茶醬刷乾淨，原來是蟑螂鬚呀我耖。

照片過噁不附圖，店家有道歉，附上的賠禮如圖。

餐點價格正常，裝潢冷氣正常，但購置的吊燈長相複雜，內部灰塵甚多，超怕它掉下來。"
皇豆複合式餐飲,李旭斌,11 則評論 · 3 張相片,2 年前,5 顆星,
皇豆複合式餐飲,劉榮霖,在地嚮導 · 48 則評論 · 270 張相片,2 年前,3 顆星,
皇豆複合式餐飲,李家豪,在地嚮導 · 29 則評論 · 338 張相片,2 年前,4 顆星,
皇豆複合式餐飲,噗比,在地嚮導 · 208 則評論 · 26 張相片,2 年前,5 顆星,吹冷氣吃東西喝飲料好去處，回憶起學生時期
皇豆複合式餐飲,吳銘記,在地嚮導 · 30 則評論 · 121 張相片,2 年前,4 顆星,
皇豆複合式餐飲,蕭桂榆,在地嚮導 · 26 則評論 · 55 張相片,2 年前,5 顆星,
皇豆複合式餐飲,謝宏斌,在地嚮導 · 54 則評論,2 年前,5 顆星,
皇豆複合式餐飲,夏默,在地嚮導 · 11 則評論,3 年前,4 顆星,
皇豆複合式餐飲,流浪曼谷60天,"在地嚮導 · 169 則評論 · 3,541 張相片",3 年前,5 顆星,平價的店，大熱天適合來坐坐
皇豆複合式餐飲,Chun Wen Li,"在地嚮導 · 6 則評論 · 1,468 張相片",3 年前,5 顆星,
皇豆複合式餐飲,陳香蓉,"在地嚮導 · 21 則評論 · 2,418 張相片",3 年前,3 顆星,
皇豆複合式餐飲,周怡君,在地嚮導 · 128 則評論 · 23 張相片,3 年前,5 顆星,
皇豆複合式餐飲,陳淑貞,在地嚮導 · 194 則評論 · 9 張相片,3 年前,4 顆星,
皇豆複合式餐飲,楊壹棱,"在地嚮導 · 948 則評論 · 7,816 張相片",3 年前,4 顆星,用餐、吃冰、吃甜美食，複合適的場所，環境優雅，服務態度也很好，很放鬆用餐的好地方
皇豆複合式餐飲,王姿晴,22 則評論 · 4 張相片,3 年前,1 顆星,濃湯有鋼絲，應加強衛生管理
皇豆複合式餐飲,胡踩楓,"在地嚮導 · 134 則評論 · 2,824 張相片",3 年前,5 顆星,中午可能去的較早.客人不多.香草雞腿飯和甜點都好吃.燒仙草很有味道.
皇豆複合式餐飲,冰封天蠍,在地嚮導 · 45 則評論 · 100 張相片,3 年前,5 顆星,"好傳統的熱豆花  好好吃😋
點了番茄海鮮意麵 湯頭也好喝
連附餐飲料冬瓜茶都好喝
會再光臨 …"
皇豆複合式餐飲,蔣齡,在地嚮導 · 118 則評論 · 88 張相片,3 年前,3 顆星,"點嫩骨排燴飯的套餐，沒想到份量這麼多！味道清淡，不死鹹；嫩骨軟硬恰到好處，濃湯相當濃郁；甜點是綠豆杏仁，杏仁本身沒有味道，綠豆甜度和香氣沒有紅豆來得濃郁，這樣的搭配有點可惜；檸檬紅茶喝起來是檸檬原汁下去調的，如果想喝到紅茶的香，還是得少糖，無糖的確無法帶出紅茶香。
如果之後聚餐，會考慮這家。"
皇豆複合式餐飲,Lee Kay,在地嚮導 · 110 則評論 · 221 張相片,3 年前,5 顆星,"餐點好好吃
料多實在
值得推薦"
皇豆複合式餐飲,沈敏華,在地嚮導 · 65 則評論,3 年前,5 顆星,
皇豆複合式餐飲,Knife Cang (蒼刀),11 則評論 · 11 張相片,3 年前,4 顆星,
皇豆複合式餐飲,陳志銘,在地嚮導 · 157 則評論 · 269 張相片,3 年前,5 顆星,用餐環境幽雅
皇豆複合式餐飲,翁英傑,1 則評論,3 年前,5 顆星,
皇豆複合式餐飲,Candy Han,在地嚮導 · 59 則評論 · 5 張相片,3 年前,5 顆星,豆花.餐點都非常好吃，最愛他們的麻油雞火鍋非常讚!
皇豆複合式餐飲,Chuan Chih,在地嚮導 · 23 則評論 · 8 張相片,3 年前,1 顆星,"家人在豆花裡吃到玻璃 告訴店員
店員圍過來觀看一下就走 卻沒有半個道歉"
皇豆複合式餐飲,心諮-王韻涵,在地嚮導 · 53 則評論 · 12 張相片,3 年前,2 顆星,"家人吃到玻璃，一句道歉都沒有
態度待加強⋯⋯

從小時候吃到現在也有十年
小時候比較好吃 我是指鍋燒意麵哈哈
背景音樂放輕鬆一點的
像是下午茶 星巴克那種放鬆的感覺

背景音樂很像電影院
跟吃飯不太搭"
皇豆複合式餐飲,Joy J,在地嚮導 · 29 則評論 · 19 張相片,3 年前,5 顆星,傳統冰品，與豆花道地，原味，好吃……
皇豆複合式餐飲,蔡嘉朕,在地嚮導 · 50 則評論 · 302 張相片,3 年前,4 顆星,天氣怎麼會這樣的熱，朕在晚餐之後，決定來清涼一下全身熱氣，就是吃冰消消暑，甜品就是豆花或冰品。
皇豆複合式餐飲,Gaga Lady,在地嚮導 · 110 則評論 · 419 張相片,3 年前,3 顆星,
皇豆複合式餐飲,蔡萬金,"在地嚮導 · 514 則評論 · 4,732 張相片",3 年前,3 顆星,天氣太熱了，這裡最具特色的是豆花，因為是豆花店，其實這裡也有飯麵，我卻是來吃冰的，就是紅豆牛奶冰，降低一下熱氣，清涼消暑。
皇豆複合式餐飲,Chen Yu Wen,在地嚮導 · 709 則評論 · 123 張相片,4 年前,3 顆星,東西一般般 但是對得起這個價位
皇豆複合式餐飲,蔡培芬,在地嚮導 · 65 則評論 · 1 張相片,4 年前,4 顆星,可以放鬆休息，可以很便宜，也可以很貴
皇豆複合式餐飲,陳寶盛,在地嚮導 · 10 則評論 · 1 張相片,4 年前,5 顆星,
皇豆複合式餐飲,xian,在地嚮導 · 39 則評論 · 4 張相片,4 年前,4 顆星,
皇豆複合式餐飲,林宜瑾,在地嚮導 · 10 則評論 · 1 張相片,4 年前,5 顆星,
皇豆複合式餐飲,許慈慈（DuDu）,在地嚮導 · 16 則評論 · 16 張相片,4 年前,5 顆星,東西好吃，環境舒適，服務人員素質非常專業優秀，一定會再去
皇豆複合式餐飲,顏文榮,13 則評論,4 年前,5 顆星,客人很多
皇豆複合式餐飲,抹茶,,4 年前,5 顆星,
皇豆複合式餐飲,廖圓圓,在地嚮導 · 27 則評論 · 908 張相片,4 年前,4 顆星,
皇豆複合式餐飲,黃郁婷,在地嚮導 · 46 則評論 · 1 張相片,4 年前,4 顆星,
皇豆複合式餐飲,Angel Chou,在地嚮導 · 308 則評論 · 26 張相片,4 年前,3 顆星,環境好，但豆花普通
皇豆複合式餐飲,葉偉令,在地嚮導 · 55 則評論 · 280 張相片,4 年前,5 顆星,好吃 牛肉燴飯120真的肉不錯
皇豆複合式餐飲,Wen-Chih Yang,"在地嚮導 · 1,124 則評論 · 1,823 張相片",4 年前,3 顆星,綜合炸物很不錯，不過鍋燒意麵湯頭有點死鹹，料也少
皇豆複合式餐飲,Dale Lin,"在地嚮導 · 348 則評論 · 1,219 張相片",4 年前,5 顆星,
皇豆複合式餐飲,Vivi Han,在地嚮導 · 31 則評論,4 年前,5 顆星,麻油雞火鍋是我的最愛，服務人員的態度非常好！價格很實在！
皇豆複合式餐飲,陳明杰,在地嚮導 · 55 張相片,4 年前,4 顆星,
皇豆複合式餐飲,yuting Lin,22 則評論,4 年前,5 顆星,皇豆的燒仙草是我吃過最好吃的燒仙草，冷了也不會變成塊狀，真的很好吃，我住仁德，不管在那裡買得燒仙草，回到家都變仙草凍，只有皇豆的燒仙草不會變成仙草凍
皇豆複合式餐飲,陳筱薇,2 則評論,4 年前,5 顆星,
皇豆複合式餐飲,杜瓊惠,在地嚮導 · 25 則評論 · 13 張相片,4 年前,4 顆星,
皇豆複合式餐飲,石軒宇,2 則評論,4 年前,3 顆星,
皇豆複合式餐飲,魏小敏,在地嚮導 · 61 則評論 · 5 張相片,4 年前,4 顆星,
皇豆複合式餐飲,黃笙浩,"在地嚮導 · 587 則評論 · 5,423 張相片",4 年前,4 顆星,鍋燒意麵大碗，吃的好飽，同事也喜歡
皇豆複合式餐飲,David Chen,10 則評論,4 年前,4 顆星,
皇豆複合式餐飲,陳盈微,2 則評論,4 年前,5 顆星,
皇豆複合式餐飲,jc wang,"在地嚮導 · 387 則評論 · 2,151 張相片",4 年前,4 顆星,這時節吃飯還是要在這種有冷氣的地方，冷飲、挫冰、小火鍋、飯麵等簡餐都有，服務也可以。
皇豆複合式餐飲,沒看過吉娃娃ㄋㄧ,7 則評論,4 年前,5 顆星,
皇豆複合式餐飲,Claire Liu,在地嚮導 · 390 則評論 · 352 張相片,4 年前,3 顆星,
皇豆複合式餐飲,陳皓旻,在地嚮導 · 47 則評論 · 23 張相片,4 年前,5 顆星,
皇豆複合式餐飲,蘇惠芳,1 則評論,4 年前,1 顆星,店員態度有夠差
皇豆複合式餐飲,盧建佑,在地嚮導 · 2 則評論 · 14 張相片,4 年前,3 顆星,
皇豆複合式餐飲,咖啡,在地嚮導 · 30 則評論 · 6 張相片,4 年前,5 顆星,多種餐點可以選擇，火鍋 簡餐 炸物 甜點 冰品，適合不想開伙 吃個小館的好地方
皇豆複合式餐飲,琪櫻花,"在地嚮導 · 9 則評論 · 1,011 張相片",4 年前,4 顆星,
皇豆複合式餐飲,郭奕賢,24 則評論 · 8 張相片,5 年前,5 顆星,
皇豆複合式餐飲,JHENG YUAN LIN,在地嚮導 · 2 則評論,5 年前,3 顆星,
皇豆複合式餐飲,李哼哼,1 則評論,5 年前,3 顆星,
皇豆複合式餐飲,kevin yeh,在地嚮導 · 16 則評論 · 1 張相片,5 年前,5 顆星,
皇豆複合式餐飲,福璟地政士事務所傅美璇,在地嚮導 · 50 則評論 · 1 張相片,5 年前,5 顆星,豆花好吃
皇豆複合式餐飲,rex hsu,在地嚮導 · 14 則評論 · 1 張相片,5 年前,5 顆星,老店
皇豆複合式餐飲,鄭雅蓉,在地嚮導 · 41 則評論 · 295 張相片,5 年前,4 顆星,
皇豆複合式餐飲,黃酩訓,在地嚮導 · 7 則評論 · 4 張相片,5 年前,4 顆星,
皇豆複合式餐飲,鄭宇智,1 則評論,5 年前,4 顆星,
皇豆複合式餐飲,黃雪真,,5 年前,4 顆星,
皇豆複合式餐飲,陳怡真,5 則評論 · 1 張相片,5 年前,3 顆星,
皇豆複合式餐飲,蘇帥憲,在地嚮導 · 7 則評論 · 3 張相片,5 年前,5 顆星,
皇豆複合式餐飲,lin chenyu,在地嚮導 · 303 則評論 · 18 張相片,5 年前,4 顆星,
皇豆複合式餐飲,王婧鏵,在地嚮導 · 31 則評論 · 28 張相片,5 年前,4 顆星,
皇豆複合式餐飲,葉合修,1 則評論 · 8 張相片,5 年前,5 顆星,不訪敬請來嚐試！便應悉知？錯喔！
皇豆複合式餐飲,徐世梅,在地嚮導 · 46 則評論 · 28 張相片,5 年前,4 顆星,大推檸檬豆花
皇豆複合式餐飲,陳維萱,在地嚮導 · 166 則評論 · 41 張相片,5 年前,3 顆星,價格還好，就是不好停車，文賢路人車又多，不方便
皇豆複合式餐飲,Amanda Chou,"在地嚮導 · 13 則評論 · 1,058 張相片",5 年前,3 顆星,
皇豆複合式餐飲,王渝均,14 則評論 · 1 張相片,5 年前,1 顆星,買回去打開發現有一根長頭髮，馬上拍照起來隔天給老闆娘看。但是老闆娘似乎不太認帳，態度讓人感覺不舒服 下次絕對不會買了
皇豆複合式餐飲,Monica Chen,在地嚮導 · 12 則評論 · 52 張相片,5 年前,5 顆星,
皇豆複合式餐飲,胡淑卿,在地嚮導 · 40 則評論 · 96 張相片,5 年前,4 顆星,餐點樣式多，平價，美味，但無停車場
皇豆複合式餐飲,w ei,在地嚮導 · 35 則評論 · 17 張相片,5 年前,3 顆星,
皇豆複合式餐飲,魏佑珊,在地嚮導 · 55 則評論 · 93 張相片,5 年前,4 顆星,豆花鍋燒評價好吃
皇豆複合式餐飲,艾犬,7 則評論,5 年前,3 顆星,
皇豆複合式餐飲,王秝汝,在地嚮導 · 78 則評論 · 506 張相片,5 年前,5 顆星,"最喜歡吃紅豆湯跟紅豆豆花超好吃!請朋友吃,吃過的都稱讚!
不過上次去買外帶回來還用保麗龍箱子裝開車30-40分鐘回家紅豆湯竟然酸掉!今天去外帶除了保麗龍箱子還用冰塊保冰!"
皇豆複合式餐飲,林皇旭,24 則評論 · 2 張相片,5 年前,4 顆星,豆花好吃，剉冰也不錯
皇豆複合式餐飲,世宗,在地嚮導 · 15 則評論 · 2 張相片,5 年前,3 顆星,
皇豆複合式餐飲,KM C,在地嚮導 · 282 則評論 · 28 張相片,5 年前,3 顆星,
皇豆複合式餐飲,成庶楷媽媽,在地嚮導 · 16 則評論 · 12 張相片,5 年前,1 顆星,上錯餐點堅持不肯換給客人，服務態度非常差勁
皇豆複合式餐飲,陳啟銘,在地嚮導 · 1 則評論 · 1 張相片,5 年前,5 顆星,
皇豆複合式餐飲,倪嫊媜,2 則評論 · 2 張相片,5 年前,3 顆星,
皇豆複合式餐飲,蘇俊達,8 則評論,5 年前,4 顆星,
皇豆複合式餐飲,Sergio Chou,在地嚮導 · 40 則評論 · 965 張相片,5 年前,4 顆星,
皇豆複合式餐飲,高亦蔆,5 則評論 · 1 張相片,5 年前,5 顆星,
皇豆複合式餐飲,Yi Hsuan Hou,在地嚮導 · 16 則評論 · 5 張相片,5 年前,5 顆星,
皇豆複合式餐飲,十字軍,在地嚮導 · 57 則評論 · 97 張相片,5 年前,5 顆星,好吃 便宜
皇豆複合式餐飲,Don. Huang,"在地嚮導 · 450 則評論 · 2,723 張相片",5 年前,3 顆星,
皇豆複合式餐飲,姜雨良,在地嚮導 · 60 則評論 · 691 張相片,5 年前,5 顆星,
皇豆複合式餐飲,Yuning Lin,在地嚮導 · 175 則評論 · 684 張相片,5 年前,5 顆星,冰品、豆花、飯、麵類種類都很豐富，價位中等，環境很好，汽車比較不方便停車，摩托車可以停放騎樓很方便。
皇豆複合式餐飲,陳冠杆,8 則評論,5 年前,5 顆星,
皇豆複合式餐飲,zi yu 羽 (羽),在地嚮導 · 4 則評論 · 11 張相片,5 年前,5 顆星,
皇豆複合式餐飲,吳聖凱,在地嚮導 · 124 則評論 · 337 張相片,5 年前,2 顆星,
皇豆複合式餐飲,I-Chi Li,在地嚮導 · 43 則評論 · 1 張相片,5 年前,5 顆星,CP值高
皇豆複合式餐飲,吳秋津,在地嚮導 · 36 則評論 · 6 張相片,5 年前,4 顆星,
皇豆複合式餐飲,蕭耀忠,在地嚮導 · 84 則評論 · 46 張相片,5 年前,2 顆星,
皇豆複合式餐飲,李依依,在地嚮導 · 11 則評論 · 7 張相片,5 年前,5 顆星,
皇豆複合式餐飲,蔡依婷,在地嚮導 · 16 則評論 · 9 張相片,5 年前,5 顆星,物超所值，老闆用心的好料理
皇豆複合式餐飲,J,在地嚮導 · 34 則評論 · 345 張相片,5 年前,3 顆星,
皇豆複合式餐飲,陳彥辰,"在地嚮導 · 408 則評論 · 11,194 張相片",5 年前,4 顆星,有冷氣 吃冰和豆花的好地方
皇豆複合式餐飲,JackyLCWang,在地嚮導 · 64 則評論 · 199 張相片,5 年前,4 顆星,份量不固定，但是好吃
皇豆複合式餐飲,王淑華,33 則評論,5 年前,5 顆星,環境舒適，有冷氣，小火鍋很平價，有附甜點飲料白飯，在點盤炸物，真的好滿足，老闆娘服務優良，有禮貌，有笑容，值得退薦，我還滿常去的！
皇豆複合式餐飲,王智輝,在地嚮導 · 50 則評論,5 年前,4 顆星,"甜品用料實在,餐點價格實惠"
皇豆複合式餐飲,Sunny LAN,在地嚮導 · 38 則評論 · 6 張相片,5 年前,3 顆星,
皇豆複合式餐飲,南拳北腿孫中山,67 則評論,5 年前,3 顆星,經過此地並不錯過，就是紅豆牛奶冰。
皇豆複合式餐飲,張福添,在地嚮導 · 23 則評論 · 100 張相片,5 年前,5 顆星,
皇豆複合式餐飲,Chen小恩,在地嚮導 · 21 則評論,5 年前,5 顆星,
皇豆複合式餐飲,劉惠珠,在地嚮導 · 64 則評論 · 14 張相片,6 年前,3 顆星,沒事的……就經過
皇豆複合式餐飲,賴毅仲,在地嚮導 · 110 則評論 · 910 張相片,6 年前,4 顆星,料好新鮮好吃。
皇豆複合式餐飲,chung lin,在地嚮導 · 563 則評論 · 26 張相片,6 年前,5 顆星,好吃好飽
皇豆複合式餐飲,鄭曉蘭,在地嚮導 · 101 則評論 · 36 張相片,6 年前,5 顆星,超好吃
皇豆複合式餐飲,蘿蔔糕,5 則評論 · 1 張相片,6 年前,5 顆星,
皇豆複合式餐飲,蘇銘峯,在地嚮導 · 244 則評論 · 985 張相片,6 年前,4 顆星,
皇豆複合式餐飲,王宥心,在地嚮導 · 63 則評論 · 3 張相片,6 年前,4 顆星,豆花好吃⋯
皇豆複合式餐飲,金鳳LiLi,在地嚮導 · 18 則評論 · 5 張相片,6 年前,4 顆星,
皇豆複合式餐飲,YUN CHEN YEH,在地嚮導 · 26 則評論 · 21 張相片,6 年前,4 顆星,
皇豆複合式餐飲,李菽萍,3 則評論,6 年前,4 顆星,餐點不貴，就是不好停車
皇豆複合式餐飲,陳建銘,8 則評論 · 6 張相片,6 年前,5 顆星,
皇豆複合式餐飲,chen flywindy,在地嚮導 · 82 則評論 · 79 張相片,6 年前,5 顆星,很好吃又平價，騎車的人非常好停車。豆花給的非常大碗哦
皇豆複合式餐飲,盧雅雯,在地嚮導 · 11 則評論 · 45 張相片,6 年前,5 顆星,
皇豆複合式餐飲,瑞樺蘭園,在地嚮導 · 33 則評論 · 134 張相片,6 年前,4 顆星,
皇豆複合式餐飲,Mckenna Kuo,在地嚮導 · 161 則評論 · 24 張相片,6 年前,5 顆星,熱豆花好吃~ 晚班有個男店員很親切
皇豆複合式餐飲,郭宸瑄,9 則評論,6 年前,5 顆星,
皇豆複合式餐飲,宋和蓉,2 則評論 · 1 張相片,6 年前,4 顆星,
皇豆複合式餐飲,A A,1 則評論,6 年前,3 顆星,
皇豆複合式餐飲,黃劍誠,2 則評論,6 年前,4 顆星,
皇豆複合式餐飲,Fen Chen,"在地嚮導 · 434 則評論 · 3,578 張相片",6 年前,3 顆星,平價簡餐，菜色普通
皇豆複合式餐飲,Yayin Huang,"在地嚮導 · 300 則評論 · 2,855 張相片",6 年前,4 顆星,
皇豆複合式餐飲,你可以做到,在地嚮導 · 56 則評論 · 4 張相片,6 年前,5 顆星,吃豆花。
皇豆複合式餐飲,莊雅惠,在地嚮導 · 41 張相片,6 年前,4 顆星,
皇豆複合式餐飲,dina lin,7 則評論 · 14 張相片,6 年前,5 顆星,好坐好聊聊好吃CP值高的一家店
皇豆複合式餐飲,洪家騰,在地嚮導 · 5 則評論 · 1 張相片,6 年前,3 顆星,
皇豆複合式餐飲,Doris Lo,在地嚮導 · 10 則評論 · 7 張相片,6 年前,3 顆星,
皇豆複合式餐飲,ginicia lin,4 則評論 · 8 張相片,6 年前,5 顆星,"古早味豆花很正統
好吃便宜冷氣涼
每個星期報到 老闆都記得喜好
親切禮貌讚"
皇豆複合式餐飲,AOI Umenokouji,在地嚮導 · 348 則評論 · 45 張相片,6 年前,2 顆星,就是一般的飲料店兼賣一些火鍋輕食，停車位很不方便找
皇豆複合式餐飲,郭小祥,,6 年前,4 顆星,
皇豆複合式餐飲,尚安欣,在地嚮導 · 2 張相片,6 年前,5 顆星,
皇豆複合式餐飲,Emerson Chiu,在地嚮導 · 1 則評論 · 21 張相片,6 年前,4 顆星,
皇豆複合式餐飲,王士瑋,在地嚮導 · 51 則評論 · 69 張相片,6 年前,4 顆星,豆花好吃
皇豆複合式餐飲,蔡孚靈,在地嚮導 · 272 則評論 · 370 張相片,6 年前,3 顆星,
皇豆複合式餐飲,原色,在地嚮導 · 29 則評論 · 28 張相片,6 年前,5 顆星,"空間大，環境舒適，價格平價
我點的是和風香醇燒肉套餐(價格240)
燒肉很好吃偏甜
火鍋普通
飲料選擇還蠻多樣的
點心我吃不出來是什麼，但是還不錯"
皇豆複合式餐飲,陳耀宗,在地嚮導 · 73 則評論 · 59 張相片,6 年前,3 顆星,
皇豆複合式餐飲,mandy lin,3 則評論 · 5 張相片,6 年前,5 顆星,"白醬焗烤好好吃
看起來不多 但是吃很飽
對面的豬吃好快
只好拍吃光後哈哈"
皇豆複合式餐飲,Bubu Nono,在地嚮導 · 153 則評論 · 89 張相片,6 年前,4 顆星,好吃，胃好滿，價格屬於平價。因為份量划算。不過假日時餐點會有一些縮水，還是因為平日的份量比較多？停車難停反而比較頭痛。［2018更新］店面重新裝潢後…口味與份量似乎都…向下了一些？
皇豆複合式餐飲,stanley Luo,在地嚮導 · 16 則評論 · 20 張相片,6 年前,5 顆星,
皇豆複合式餐飲,Hung,在地嚮導 · 11 則評論 · 10 張相片,6 年前,5 顆星,
皇豆複合式餐飲,Kuni,在地嚮導 · 213 則評論 · 155 張相片,6 年前,3 顆星,懷念以前的樣子 燈光有點太暗
皇豆複合式餐飲,王智輝,在地嚮導 · 32 則評論 · 6 張相片,6 年前,4 顆星,讚! 好吃!
皇豆複合式餐飲,Anand Tseng,在地嚮導 · 6 則評論 · 3 張相片,6 年前,4 顆星,
皇豆複合式餐飲,蔡雨賢,338 則評論,6 年前,3 顆星,在這裡可以吃到精緻簡餐，內部有餐桌供應用餐，本人只是喜愛冰品，夏季冬天一樣可以吃冰。
皇豆複合式餐飲,Sunny Lin,11 則評論 · 6 張相片,6 年前,5 顆星,"好吃! 便宜! 禮貌好!
古早味豆花好好吃
連吃兩碗
忘記拍"
皇豆複合式餐飲,郭晉嘉,3 張相片,6 年前,5 顆星,
皇豆複合式餐飲,方維宸,在地嚮導 · 4 則評論 · 3 張相片,6 年前,4 顆星,
皇豆複合式餐飲,李振榮,在地嚮導 · 9 則評論 · 10 張相片,6 年前,1 顆星,
皇豆複合式餐飲,黃昱瑄,在地嚮導 · 1 則評論 · 3 張相片,6 年前,4 顆星,
皇豆複合式餐飲,劉阿碧,18 則評論 · 24 張相片,6 年前,4 顆星,避開正餐的時段，想放空的好去處。東西好吃沒話說。
皇豆複合式餐飲,TWN Sophi,在地嚮導 · 278 則評論 · 109 張相片,6 年前,2 顆星,餐點像是速食包做出來的。
皇豆複合式餐飲,Dylan Chen,"在地嚮導 · 311 則評論 · 1,313 張相片",7 年前,4 顆星,
皇豆複合式餐飲,陳瑀婕,在地嚮導 · 5 則評論 · 4 張相片,7 年前,4 顆星,"氣氛很好
光線柔和
適合與家人一起來吃飯
獨自一人前往也不錯"
皇豆複合式餐飲,永無名,在地嚮導 · 14 則評論 · 44 張相片,7 年前,4 顆星,
皇豆複合式餐飲,黃定國,在地嚮導 · 126 則評論 · 314 張相片,7 年前,5 顆星,傳統豆花很好吃
皇豆複合式餐飲,謝金言,,7 年前,5 顆星,
皇豆複合式餐飲,薛貿聲,,7 年前,4 顆星,
皇豆複合式餐飲,Oliver Huang,在地嚮導 · 71 則評論 · 150 張相片,7 年前,5 顆星,有兒童座椅 適合一家大小 不是說頂好吃 但父母很能接受我就給5顆星了
皇豆複合式餐飲,黃敏峰,1 則評論,7 年前,4 顆星,不錯吃 豆花好吃
皇豆複合式餐飲,陳紗紗-sasa,在地嚮導 · 29 則評論 · 32 張相片,7 年前,5 顆星,豆花很好吃，空間大設計也不錯，以前就常跟朋友來這吃東西，很喜歡。
皇豆複合式餐飲,林德惠,1 則評論 · 20 張相片,7 年前,1 顆星,
皇豆複合式餐飲,Hwang jane,在地嚮導 · 4 則評論 · 499 張相片,7 年前,3 顆星,
皇豆複合式餐飲,1993,在地嚮導 · 6 則評論 · 8 張相片,7 年前,4 顆星,
皇豆複合式餐飲,先生林,在地嚮導 · 28 則評論 · 148 張相片,7 年前,3 顆星,
皇豆複合式餐飲,鮪魚,在地嚮導 · 106 則評論 · 12 張相片,7 年前,4 顆星,"店內空間大且有冷氣
餐點推薦豆花及雪花冰
缺點是停車較不方便"
皇豆複合式餐飲,nini yang,在地嚮導 · 71 則評論 · 35 張相片,7 年前,3 顆星,
皇豆複合式餐飲,郭小思,在地嚮導 · 10 則評論 · 2 張相片,7 年前,5 顆星,
皇豆複合式餐飲,安平伍哥,"在地嚮導 · 679 則評論 · 4,985 張相片",7 年前,4 顆星,
皇豆複合式餐飲,黃子承,7 則評論 · 8 張相片,7 年前,5 顆星,"紅燒牛肉加意麵意外對味 肉大塊 湯好喝
蛋汁培根白醬麵 蛋香味濃 附餐珍奶 珍珠黑糖奶凍 吃好撐"
皇豆複合式餐飲,VD TN,在地嚮導 · 194 則評論 · 131 張相片,7 年前,2 顆星,"熟食超難吃
我點了蛋汁培根義大利麵(套餐)
義大利麵怎麼會想要加苜蓿芽當配菜呢，完全不搭，超噁
義大利麵乾巴巴的沒半點水分，水份都被比例失敗的蛋黃醬吸收了，吃起來非常的膩口
濃湯是用濃湯粉泡的，水加超多，喝起來很稀，還有好幾塊沒攪勻的濃湯粉塊被我吃到，很噁心
飲料我點了招牌奶綠，微糖微冰，我只能說我完全不知道我在喝三小，沒奶味又沒茶味
以這樣的收費，端出這樣的餐點品質，根本丟臉
不會再來了"
皇豆複合式餐飲,Hsu Peeler,"在地嚮導 · 932 則評論 · 4,550 張相片",7 年前,4 顆星,東西不錯，份量適中，價格合理，豆花好吃，環境舒適。但對開車者來說那附近很難停車。
皇豆複合式餐飲,王陽陽,在地嚮導 · 197 則評論 · 166 張相片,7 年前,4 顆星,"有沙發、冷氣、冰、豆花！
夏天的好去處啊～～～"
皇豆複合式餐飲,美溶,"在地嚮導 · 161 則評論 · 1,311 張相片",7 年前,3 顆星,"雞塊不新鮮退回。。
薯條也稍微不新鮮。。"
皇豆複合式餐飲,白髮少年,在地嚮導 · 54 則評論 · 78 張相片,7 年前,5 顆星,從國中吃到現在，不論是簡餐還是冰品都不錯
皇豆複合式餐飲,ALK LDA (秋草遊龍ALK),在地嚮導 · 97 則評論 · 149 張相片,7 年前,4 顆星,豆花與環境優秀，熟食普通，建議午茶等休閒時間前往停車困難。
皇豆複合式餐飲,張景珠,5 則評論 · 2 張相片,8 年前,4 顆星,
皇豆複合式餐飲,黃國雄,在地嚮導 · 121 則評論 · 327 張相片,8 年前,4 顆星,豆花好吃，份量多，價錢不貴，比其他豆花店更優。
皇豆複合式餐飲,Yachi Chen,在地嚮導 · 59 則評論 · 24 張相片,8 年前,4 顆星,
皇豆複合式餐飲,陳正鴻,"在地嚮導 · 652 則評論 · 2,857 張相片",8 年前,5 顆星,可以休閒
皇豆複合式餐飲,Syuan-Yi Jiang,在地嚮導 · 31 則評論 · 245 張相片,8 年前,4 顆星,有空調、沙發的休閒好去處。尤其是在夏季。價格非常實惠。此外，它還提供不同類型的餐點，例如火鍋、布丁、義大利麵、米飯等傳統小吃。光在這裡也可以喝茶。
皇豆複合式餐飲,陳信良,在地嚮導 · 94 則評論 · 164 張相片,8 年前,4 顆星,平價的店面餐廳，如果想找個地方坐著悠閒的跟朋友吃東西，可以是一個選擇。除了正餐之外，也有豆花跟甜點可以吃。
皇豆複合式餐飲,林宇熊,在地嚮導 · 65 則評論 · 55 張相片,8 年前,4 顆星,豆花不錯吃
皇豆複合式餐飲,歐颯克,在地嚮導 · 383 則評論 · 55 張相片,8 年前,4 顆星,開很久了，沒地方去可以吹冷氣喝飲料這樣
皇豆複合式餐飲,宋志純,在地嚮導 · 93 則評論 · 53 張相片,8 年前,5 顆星,東西不錯 店家很親切
皇豆複合式餐飲,Chi-an Tsai,在地嚮導 · 331 則評論 · 42 張相片,8 年前,4 顆星,豆花好吃，店面但路邊攤價格。
皇豆複合式餐飲,張乃云,1 則評論,8 年前,3 顆星,豆花還不錯吃，咖哩火鍋就還好
皇豆複合式餐飲,Wilson Chen,在地嚮導 · 53 則評論 · 4 張相片,8 年前,4 顆星,
皇豆複合式餐飲,張玲玲,在地嚮導 · 151 則評論 · 864 張相片,8 年前,5 顆星,
皇豆複合式餐飲,黃正煌,在地嚮導 · 13 則評論 · 10 張相片,8 年前,4 顆星,
皇豆複合式餐飲,蔡嘉嘉,在地嚮導 · 33 則評論 · 34 張相片,9 年前,5 顆星,"個人覺得豆花比安平的好吃,而且又便宜."
皇豆複合式餐飲,陳佩君,在地嚮導 · 21 則評論 · 10 張相片,10 年前,2 顆星,"食物貴,都是料理包"
鴨皇烤鴨,Jie,8 則評論 · 2 張相片,2 天前,5 顆星,便宜又好吃讚讚~
鴨皇烤鴨,綠綠,8 則評論,4 天前,5 顆星,好吃
鴨皇烤鴨,Lucas KUO,"在地嚮導 · 53 則評論 · 10,383 張相片",5 天前,4 顆星,
鴨皇烤鴨,魯魯先生你好,在地嚮導 · 43 則評論 · 31 張相片,1 週前,5 顆星,東西很好吃喔 服務很好
鴨皇烤鴨,Tsai Hung,7 則評論 · 3 張相片,1 週前,5 顆星,
鴨皇烤鴨,劉昊,在地嚮導 · 97 則評論 · 68 張相片,1 週前,5 顆星,價格實惠、但做工一點都不馬虎，老闆娘細心講解介紹，鹽酥鴨一個字—絕！
鴨皇烤鴨,蔡銘航,8 則評論 · 1 張相片,1 週前,5 顆星,好吃
鴨皇烤鴨,Huang Sandy,在地嚮導 · 21 則評論 · 10 張相片,1 週前,5 顆星,
鴨皇烤鴨,廖珮君,在地嚮導 · 42 則評論 · 5 張相片,1 週前,5 顆星,
鴨皇烤鴨,vivian F,5 則評論 · 1 張相片,1 週前,5 顆星,
鴨皇烤鴨,緒佑威,8 則評論 · 2 張相片,1 週前,5 顆星,
鴨皇烤鴨,鄭成泉,149 則評論,1 週前,5 顆星,住附近，第一次發現現烤烤鴨
鴨皇烤鴨,沂芠ㄣ,4 則評論,1 週前,5 顆星,好吃
鴨皇烤鴨,林修全,8 則評論 · 2 張相片,2 週前,5 顆星,詢問需求詳細，服務不錯。烤鴨香氣十足，好吃👍
鴨皇烤鴨,洪啟華,15 則評論 · 1 張相片,2 週前,5 顆星,良好服務
鴨皇烤鴨,羅志遠,在地嚮導 · 26 則評論 · 10 張相片,2 週前,2 顆星,
鴨皇烤鴨,Tiffany,13 則評論 · 4 張相片,2 週前,5 顆星,
鴨皇烤鴨,芬,在地嚮導 · 12 則評論 · 18 張相片,2 週前,5 顆星,餐點便宜好吃，cp值高
鴨皇烤鴨,陳亮晴,6 則評論 · 7 張相片,2 週前,5 顆星,
鴨皇烤鴨,Pafuns.c,在地嚮導 · 81 則評論 · 87 張相片,2 週前,5 顆星,
鴨皇烤鴨,張帷鈺,在地嚮導 · 45 則評論 · 147 張相片,2 週前,5 顆星,"餅皮薄又Q很好吃很讚👍
美中不足的是蔥給太少
片鴨很讚"
鴨皇烤鴨,劉士維,32 則評論 · 7 張相片,2 週前,5 顆星,第二次回購，價格合理，口味真的好吃，打卡還有送餅皮！ 建議餅皮可以多買幾份 好吃！
鴨皇烤鴨,Ting Si,2 則評論 · 12 張相片,2 週前,5 顆星,份量多，價格比其他店便宜，還能多種口味價格選擇
鴨皇烤鴨,YuHan Lee,"在地嚮導 · 429 則評論 · 1,095 張相片",3 週前,5 顆星,"五星有送餅皮
價格來說真的目前算平價的
一鴨二吃半隻290一隻550
片鴨 炒骨 鹹酥都有人推薦的感覺
就是路邊不好停車 小心紅線
炒骨好吃
片鴨也行 有部分肉比較韌
餅皮偏薄好吃
醬比較偏甜"
鴨皇烤鴨,張世晨,11 則評論 · 7 張相片,3 週前,5 顆星,
鴨皇烤鴨,陳雅筠,2 則評論 · 1 張相片,3 週前,5 顆星,
鴨皇烤鴨,Chyang Alain,"在地嚮導 · 300 則評論 · 1,882 張相片",3 週前,5 顆星,這大概是台南市區最便宜的烤鴨店了，烤鴨二吃，到達現場老闆娘直接從烤爐內取鴨，肉質好、口感佳，每週三公休，烤鴨僅外帶
鴨皇烤鴨,葉振奇,5 則評論 · 1 張相片,4 週前,5 顆星,
鴨皇烤鴨,何采蓉,8 則評論 · 5 張相片,1 個月前,5 顆星,
鴨皇烤鴨,雷雷,5 則評論,1 個月前,5 顆星,
鴨皇烤鴨,劉宸翰,5 則評論 · 1 張相片,1 個月前,5 顆星,
鴨皇烤鴨,陳彥睿,,1 個月前,5 顆星,
鴨皇烤鴨,ia T,3 則評論,1 個月前,5 顆星,很好吃，值得來買
鴨皇烤鴨,Kiki_ohya在這裡,在地嚮導 · 84 則評論 · 401 張相片,1 個月前,2 顆星,因為看到估狗評論特別繞去買「全鴨」兩吃510元，拿到時 困惑了一下⋯這真的是一隻鴨？！嗎？份量像半隻，裡面沒有鴨頭、還有兩個屁股😂😂😂皮也只付2片🙂‍↕️🙂‍↕️🙂‍↕️炒骨不入味、醬料還酸掉了哈哈哈哈，謝謝大家的推薦～真的不能只有我吃到欸
鴨皇烤鴨,格雷爾,3 則評論,1 個月前,2 顆星,闆娘很熱心 服務很好 鴨肉香氣滿滿 有符合我的口味
鴨皇烤鴨,frogonna,在地嚮導 · 35 則評論 · 34 張相片,1 個月前,1 顆星,"只能說不及格的烤鴨
片鴨沒什麼味道
甜麵醬像濃湯也沒味道...
仔細看才發現是5星送東西==
饗食天堂的都比這個好吃欸"
鴨皇烤鴨,Lin Lin,在地嚮導 · 24 則評論 · 27 張相片,1 個月前,5 顆星,讚讚👏
鴨皇烤鴨,柏修斯,1 則評論 · 8 張相片,1 個月前,5 顆星,家中有老人家要吃 老闆娘炒骨會用的軟一點 小隻烤鴨肉嫩 大隻的會稍柴 餅皮 蔥 甜麵醬都各一包 建議如果喜歡餅皮可多加購 下次會再回購
鴨皇烤鴨,張建國,在地嚮導 · 9 則評論 · 5 張相片,1 個月前,5 顆星,
鴨皇烤鴨,Helena TIEN (YInYin),在地嚮導 · 25 則評論 · 10 張相片,1 個月前,5 顆星,看到評價很好，希望好吃😋
鴨皇烤鴨,lin yujin,在地嚮導 · 71 則評論,1 個月前,5 顆星,老闆娘親切 烤鴨好吃！
鴨皇烤鴨,斯斯,10 則評論 · 6 張相片,1 個月前,5 顆星,
鴨皇烤鴨,郭冠廷,17 則評論 · 3 張相片,1 個月前,5 顆星,好吃😋 …
鴨皇烤鴨,Alex cai (alex cai),13 則評論 · 1 張相片,1 個月前,5 顆星,非常好吃
鴨皇烤鴨,陳瑜瑜,2 則評論 · 2 張相片,1 個月前,5 顆星,
鴨皇烤鴨,Yu Brian,6 則評論 · 1 張相片,1 個月前,5 顆星,
鴨皇烤鴨,正億,6 則評論 · 7 張相片,1 個月前,5 顆星,
鴨皇烤鴨,吳俊霖,9 則評論 · 1 張相片,1 個月前,5 顆星,
鴨皇烤鴨,呂學承,8 則評論 · 3 張相片,1 個月前,5 顆星,
鴨皇烤鴨,劉振岡,在地嚮導 · 33 則評論 · 3 張相片,1 個月前,5 顆星,好吃美味 值得回購
鴨皇烤鴨,鄭小文,在地嚮導 · 17 則評論 · 2 張相片,1 個月前,5 顆星,好吃
鴨皇烤鴨,劉清華,在地嚮導 · 11 則評論 · 10 張相片,1 個月前,5 顆星,五星好評
鴨皇烤鴨,楊政瑜,12 則評論 · 7 張相片,1 個月前,5 顆星,鴨肉好吃
鴨皇烤鴨,羅小姐^^,13 則評論 · 6 張相片,1 個月前,5 顆星,服務好
鴨皇烤鴨,李昆諺,7 則評論 · 2 張相片,1 個月前,5 顆星,
鴨皇烤鴨,李翌如,1 則評論,1 個月前,5 顆星,
鴨皇烤鴨,姜佳妤,7 則評論 · 5 張相片,1 個月前,5 顆星,不錯👍
鴨皇烤鴨,林林,在地嚮導 · 95 則評論 · 56 張相片,1 個月前,5 顆星,"五星評論送東西
捲皮太薄了
酥炸的好吃
烤的也好吃"
鴨皇烤鴨,kuo Alina,在地嚮導 · 15 則評論 · 7 張相片,1 個月前,5 顆星,
鴨皇烤鴨,莊,2 則評論,1 個月前,5 顆星,
鴨皇烤鴨,Justin chen,8 則評論 · 1 張相片,1 個月前,5 顆星,
鴨皇烤鴨,賴聖恩,5 則評論,1 個月前,5 顆星,推薦來吃
鴨皇烤鴨,Ruby Lai,在地嚮導 · 18 則評論 · 5 張相片,1 個月前,5 顆星,
鴨皇烤鴨,王家榮,2 則評論,1 個月前,5 顆星,
鴨皇烤鴨,郁皓卓,7 則評論 · 4 張相片,1 個月前,5 顆星,好吃
鴨皇烤鴨,SI YIN LIU,9 則評論 · 13 張相片,1 個月前,5 顆星,好吃😋 …
鴨皇烤鴨,Gary Tsaur,在地嚮導 · 5 則評論,1 個月前,5 顆星,
鴨皇烤鴨,Taeny,12 則評論 · 1 張相片,1 個月前,5 顆星,老闆人很好  東西好吃
鴨皇烤鴨,劉媛媛,在地嚮導 · 7 則評論 · 11 張相片,2 個月前,5 顆星,很好吃的烤鴨
鴨皇烤鴨,黃小洲,,2 個月前,5 顆星,
鴨皇烤鴨,JH,在地嚮導 · 45 則評論 · 9 張相片,2 個月前,5 顆星,好吃，推薦👍 …
鴨皇烤鴨,Jerry Lin,在地嚮導 · 11 則評論 · 23 張相片,2 個月前,5 顆星,
鴨皇烤鴨,Evan Wijaya李駿漢,14 則評論,2 個月前,5 顆星,老闆娘很熱情
鴨皇烤鴨,洪采汶,8 則評論 · 1 張相片,2 個月前,5 顆星,
鴨皇烤鴨,林博崴,3 則評論,2 個月前,5 顆星,好吃
鴨皇烤鴨,小小,9 則評論 · 1 張相片,2 個月前,5 顆星,一鴨三吃！！
鴨皇烤鴨,莊Sisi,5 則評論,2 個月前,5 顆星,
鴨皇烤鴨,y i,在地嚮導 · 22 則評論 · 3 張相片,2 個月前,5 顆星,"好吃～
老闆娘熱心介紹！"
鴨皇烤鴨,林珈宏,在地嚮導 · 25 則評論 · 10 張相片,2 個月前,5 顆星,老闆客氣，烤鴨美味可口
鴨皇烤鴨,張慈娟,在地嚮導 · 64 則評論 · 115 張相片,2 個月前,5 顆星,一鴨三吃，便宜又好吃😋 …
鴨皇烤鴨,江東霖,1 則評論,2 個月前,5 顆星,
鴨皇烤鴨,JIH_ VET,在地嚮導 · 73 則評論 · 796 張相片,2 個月前,5 顆星,好吃
鴨皇烤鴨,瑪吱,8 則評論 · 2 張相片,2 個月前,5 顆星,
鴨皇烤鴨,楊羊,在地嚮導 · 22 則評論 · 6 張相片,2 個月前,5 顆星,便宜好吃👍🏼👍🏼👍🏼 …
鴨皇烤鴨,Ainge安志,在地嚮導 · 55 則評論 · 64 張相片,2 個月前,5 顆星,
鴨皇烤鴨,吳承威,1 則評論,2 個月前,5 顆星,便宜好吃！
鴨皇烤鴨,黃于珊,3 則評論,2 個月前,5 顆星,好吃非常好吃
鴨皇烤鴨,陳祈彰,在地嚮導 · 121 則評論 · 50 張相片,2 個月前,5 顆星,老闆娘熱情、烤鴨也很好吃
鴨皇烤鴨,黃子云,9 則評論 · 2 張相片,2 個月前,5 顆星,"真的很好吃 從小吃到大～
還會送餅皮蔥蒜"
鴨皇烤鴨,陳育琳,12 則評論 · 1 張相片,2 個月前,5 顆星,從小吃到大 好吃！
鴨皇烤鴨,孫妖猴,在地嚮導 · 21 則評論,2 個月前,5 顆星,回台南必買，超好吃！
鴨皇烤鴨,Yvonne Chuang,7 則評論 · 5 張相片,3 個月前,5 顆星,
鴨皇烤鴨,Shiuan Lin,在地嚮導 · 11 則評論,3 個月前,5 顆星,
鴨皇烤鴨,陳笨貓,"在地嚮導 · 620 則評論 · 2,253 張相片",3 個月前,5 顆星,老闆娘嗓門大聲，但態度沒有不好，常常看到只有一人在忙，但速度算快。口味上不會偏甜鴨肉也多，可能鴨子比較大隻吧，沒有太多的鴨肉腥味。價錢不貴，吃起來很滿足。
鴨皇烤鴨,達爾C羅,15 則評論 · 1 張相片,3 個月前,5 顆星,
鴨皇烤鴨,Lisa,在地嚮導 · 19 則評論 · 4 張相片,3 個月前,5 顆星,吃烤鴨(　＾∀＾)ｹﾞﾗｹﾞﾗ
鴨皇烤鴨,Yi Chang Chen,在地嚮導 · 15 則評論 · 8 張相片,3 個月前,5 顆星,五星好評送餅皮😊一鴨三吃好味道
鴨皇烤鴨,黃鋐仁,,3 個月前,5 顆星,
鴨皇烤鴨,電蚊拍,14 則評論 · 5 張相片,3 個月前,5 顆星,
鴨皇烤鴨,周周,5 則評論,3 個月前,5 顆星,
鴨皇烤鴨,葛蕎恩,2 則評論 · 1 張相片,3 個月前,5 顆星,來買很多次了！烤鴨很好吃
鴨皇烤鴨,仙許,在地嚮導 · 12 則評論,3 個月前,5 顆星,超讚
鴨皇烤鴨,柏君劉,5 則評論,3 個月前,5 顆星,
鴨皇烤鴨,歐宥宏,3 則評論 · 2 張相片,3 個月前,5 顆星,
鴨皇烤鴨,喬俐,在地嚮導 · 28 則評論 · 8 張相片,3 個月前,5 顆星,打卡送餅皮
鴨皇烤鴨,Andrew Lin,8 則評論 · 1 張相片,3 個月前,5 顆星,
鴨皇烤鴨,鐵爾,在地嚮導 · 88 則評論 · 56 張相片,3 個月前,5 顆星,
鴨皇烤鴨,vita chen,14 則評論 · 3 張相片,3 個月前,5 顆星,
鴨皇烤鴨,謝秉翰,8 則評論 · 3 張相片,3 個月前,5 顆星,服務周到
鴨皇烤鴨,吳宛畇,12 則評論 · 2 張相片,3 個月前,5 顆星,好吃好吃 烤鴨很香
鴨皇烤鴨,林冠廷,3 則評論,3 個月前,5 顆星,
鴨皇烤鴨,尹啟kashert87,2 則評論 · 1 張相片,3 個月前,5 顆星,
鴨皇烤鴨,林映華,6 則評論,3 個月前,5 顆星,餐點內容種類繁多。
鴨皇烤鴨,Bo min Yu,在地嚮導 · 38 則評論 · 14 張相片,3 個月前,5 顆星,好吃的烤鴨，好香
鴨皇烤鴨,Joy Wang,在地嚮導 · 38 則評論 · 5 張相片,3 個月前,5 顆星,聞起來好香好好吃！
鴨皇烤鴨,柯家恩,1 則評論,3 個月前,5 顆星,好吃，老闆娘人也很棒
鴨皇烤鴨,盧惠茹,4 則評論,3 個月前,5 顆星,好吃實惠 價格便宜 值得來吃！
鴨皇烤鴨,李雅筑,15 則評論 · 7 張相片,3 個月前,5 顆星,餐點很好吃！
鴨皇烤鴨,楊洺富,在地嚮導 · 62 則評論 · 4 張相片,3 個月前,5 顆星,好吃 直的等
鴨皇烤鴨,余皓平,5 則評論 · 1 張相片,3 個月前,5 顆星,
鴨皇烤鴨,謝斯衛,8 則評論 · 1 張相片,3 個月前,5 顆星,2024跨年來吃鴨肉
鴨皇烤鴨,阿聖,17 則評論 · 1 張相片,3 個月前,5 顆星,好吃，老闆娘又熱情
鴨皇烤鴨,廖翊任,13 則評論 · 4 張相片,3 個月前,5 顆星,
鴨皇烤鴨,Kang Yawen,在地嚮導 · 39 則評論 · 14 張相片,3 個月前,5 顆星,
鴨皇烤鴨,爆走小肉球,在地嚮導 · 8 則評論 · 1 張相片,3 個月前,5 顆星,
鴨皇烤鴨,楊雅晴,在地嚮導 · 14 則評論 · 12 張相片,3 個月前,5 顆星,
鴨皇烤鴨,謝佩汝,1 則評論 · 2 張相片,3 個月前,5 顆星,
鴨皇烤鴨,莫問憂,1 則評論,3 個月前,5 顆星,
鴨皇烤鴨,謝志哲,在地嚮導 · 54 則評論 · 152 張相片,3 個月前,5 顆星,
鴨皇烤鴨,Min,10 則評論 · 5 張相片,4 個月前,5 顆星,
鴨皇烤鴨,"萬伊庭 WAN, YI-TING H54116215",4 則評論,4 個月前,5 顆星,老闆娘很親切！很香很好吃！😋😋 …
鴨皇烤鴨,林宇,,4 個月前,5 顆星,
鴨皇烤鴨,楊鎔澤,10 則評論 · 5 張相片,4 個月前,5 顆星,
鴨皇烤鴨,大魚,5 則評論 · 6 張相片,4 個月前,5 顆星,
鴨皇烤鴨,靖喆,在地嚮導 · 44 則評論 · 44 張相片,4 個月前,5 顆星,
鴨皇烤鴨,黃振財,在地嚮導 · 23 則評論 · 7 張相片,4 個月前,5 顆星,好吃，適合重口味的
鴨皇烤鴨,郭知穎 KUO CHIH YING F24126018,1 則評論,4 個月前,5 顆星,老闆娘人很好讚
鴨皇烤鴨,許家禎,11 則評論,4 個月前,5 顆星,好吃
鴨皇烤鴨,Pink Li,在地嚮導 · 40 則評論 · 114 張相片,4 個月前,5 顆星,
鴨皇烤鴨,HSUAN,5 則評論 · 3 張相片,4 個月前,5 顆星,
鴨皇烤鴨,郭嵩鴻,,4 個月前,5 顆星,
鴨皇烤鴨,黃湘鈴,8 則評論 · 4 張相片,4 個月前,5 顆星,
鴨皇烤鴨,王聖仁,7 則評論 · 2 張相片,4 個月前,5 顆星,
鴨皇烤鴨,陳信宏,5 則評論 · 2 張相片,4 個月前,5 顆星,親切又能夠隨時回答問題
鴨皇烤鴨,徐小傑,在地嚮導 · 25 則評論 · 10 張相片,4 個月前,5 顆星,
鴨皇烤鴨,Mengjung Yang,在地嚮導 · 19 則評論 · 1 張相片,4 個月前,5 顆星,
鴨皇烤鴨,黃孝軒,6 則評論 · 2 張相片,4 個月前,5 顆星,5星好評送餅皮
鴨皇烤鴨,派海,18 則評論 · 4 張相片,4 個月前,5 顆星,老闆娘人很親切❤️平價又好吃
鴨皇烤鴨,艾倫,在地嚮導 · 21 則評論,4 個月前,5 顆星,好吃酥脆，二吃
鴨皇烤鴨,洪鴨鴨,在地嚮導 · 1 則評論 · 17 張相片,4 個月前,5 顆星,打卡送餅皮
鴨皇烤鴨,陳敬元,6 則評論 · 1 張相片,4 個月前,5 顆星,
鴨皇烤鴨,Nick K,"在地嚮導 · 269 則評論 · 3,726 張相片",4 個月前,2 顆星,不推薦！
鴨皇烤鴨,星夢晴,2 則評論,4 個月前,5 顆星,好吃
鴨皇烤鴨,林勝堯,3 則評論,4 個月前,5 顆星,
鴨皇烤鴨,ery V,在地嚮導 · 19 則評論 · 9 張相片,4 個月前,5 顆星,
鴨皇烤鴨,張華倩,11 則評論 · 3 張相片,4 個月前,5 顆星,
鴨皇烤鴨,陳品容,8 則評論 · 2 張相片,4 個月前,5 顆星,
鴨皇烤鴨,張駿瀚,在地嚮導 · 30 則評論 · 6 張相片,4 個月前,5 顆星,
鴨皇烤鴨,綺璦琳時尚美學&玹子療心事,在地嚮導 · 29 則評論 · 95 張相片,4 個月前,5 顆星,
鴨皇烤鴨,黃梓丞,6 則評論,4 個月前,5 顆星,店內服務品質不錯👍
鴨皇烤鴨,陳冠佑,5 則評論 · 2 張相片,5 個月前,5 顆星,
鴨皇烤鴨,小玩咖Joker,22 則評論 · 7 張相片,5 個月前,5 顆星,料好實在 讚
鴨皇烤鴨,徐基泰,在地嚮導 · 17 則評論 · 15 張相片,5 個月前,5 顆星,五星好評送餅皮👍一鴨三吃好味道🥰
鴨皇烤鴨,陳小Q,在地嚮導 · 34 則評論 · 11 張相片,5 個月前,5 顆星,享受好吃的烤鴨
鴨皇烤鴨,劉小鴻,在地嚮導 · 13 則評論 · 3 張相片,5 個月前,5 顆星,
鴨皇烤鴨,游騰翔,7 則評論 · 2 張相片,5 個月前,5 顆星,
鴨皇烤鴨,Andy Chen,11 則評論,5 個月前,5 顆星,餅皮超級好吃
鴨皇烤鴨,ShUn LiN,9 則評論 · 2 張相片,5 個月前,5 顆星,便宜好吃😋 …
鴨皇烤鴨,跟著阿瑄移居台南去,在地嚮導 · 19 則評論 · 6 張相片,5 個月前,5 顆星,老闆娘熱情
鴨皇烤鴨,Ada Wu,4 則評論,5 個月前,5 顆星,
鴨皇烤鴨,陳家俊,6 則評論,5 個月前,5 顆星,老闆娘人很好會給建議
鴨皇烤鴨,我是DD,1 則評論,5 個月前,5 顆星,好吃
鴨皇烤鴨,2/24誕生一位沒有靈魂的屍體,1 則評論,5 個月前,5 顆星,好吃
鴨皇烤鴨,林萍萍（Ping）,15 則評論 · 5 張相片,5 個月前,5 顆星,
鴨皇烤鴨,黃麗芳,6 則評論 · 1 張相片,5 個月前,5 顆星,
鴨皇烤鴨,yao sheng,6 則評論,5 個月前,5 顆星,
鴨皇烤鴨,yi ching Chung,8 則評論 · 7 張相片,5 個月前,5 顆星,
鴨皇烤鴨,蔡宇傑,7 則評論 · 3 張相片,5 個月前,5 顆星,好吃😋 …
鴨皇烤鴨,大任,13 則評論 · 9 張相片,5 個月前,5 顆星,味道很香 很推薦
鴨皇烤鴨,吳蕙文,5 則評論,5 個月前,5 顆星,好吃，不貴，老闆娘現炒現切
鴨皇烤鴨,蔡 宛珍,5 則評論 · 2 張相片,5 個月前,5 顆星,
鴨皇烤鴨,ony,在地嚮導 · 15 則評論 · 12 張相片,5 個月前,5 顆星,超好吃
鴨皇烤鴨,帆步鞋,6 則評論 · 4 張相片,5 個月前,5 顆星,
鴨皇烤鴨,李俊儀,1 則評論,5 個月前,5 顆星,
鴨皇烤鴨,卓昇鋒,13 則評論 · 3 張相片,5 個月前,5 顆星,讚！
鴨皇烤鴨,Yu-Lin Chen,在地嚮導 · 12 則評論 · 15 張相片,5 個月前,5 顆星,
鴨皇烤鴨,石婕,,5 個月前,5 顆星,
鴨皇烤鴨,賴侑和,5 則評論 · 2 張相片,5 個月前,5 顆星,老闆人超好～推～～
鴨皇烤鴨,張芷芸,9 則評論 · 1 張相片,5 個月前,5 顆星,好吃  老闆娘人很好
鴨皇烤鴨,Ken Lin,8 則評論 · 1 張相片,5 個月前,5 顆星,
鴨皇烤鴨,穎哲,在地嚮導 · 53 則評論 · 10 張相片,5 個月前,5 顆星,
鴨皇烤鴨,李元皓,8 則評論 · 7 張相片,5 個月前,5 顆星,
鴨皇烤鴨,陳繶伒,9 則評論 · 2 張相片,5 個月前,5 顆星,
鴨皇烤鴨,da fae,4 則評論 · 1 張相片,5 個月前,5 顆星,
鴨皇烤鴨,李凱盛,4 則評論 · 3 張相片,5 個月前,5 顆星,好吃
鴨皇烤鴨,Ayu C,在地嚮導 · 74 則評論 · 84 張相片,5 個月前,3 顆星,買了一隻三吃，只有附一包只有6張薄到透光的餅皮，會不會太小氣？
鴨皇烤鴨,Cindy Cindy,12 則評論 · 1 張相片,5 個月前,5 顆星,買過一次了 好吃
鴨皇烤鴨,LEE,12 則評論 · 1 張相片,5 個月前,5 顆星,
鴨皇烤鴨,陳人碩,7 則評論,5 個月前,5 顆星,
鴨皇烤鴨,"黃聖鈜 HUANG,SHENG-HONG E84101036",,5 個月前,5 顆星,
鴨皇烤鴨,黃聖鈜,在地嚮導 · 69 則評論 · 37 張相片,5 個月前,5 顆星,好吃！ ！ ！
鴨皇烤鴨,Lin Allen,14 則評論,5 個月前,5 顆星,老闆人很親切很有人情味！👍🏻
鴨皇烤鴨,MANHUI,在地嚮導 · 17 則評論 · 5 張相片,5 個月前,5 顆星,吃起來～
鴨皇烤鴨,Tristan Ziwu,在地嚮導 · 73 則評論 · 6 張相片,5 個月前,5 顆星,烤鴨新鮮、味道不錯
鴨皇烤鴨,周育君,1 則評論,5 個月前,5 顆星,
鴨皇烤鴨,陳潔瑩 CHEN CHIEH YING F64081177,在地嚮導 · 19 則評論 · 6 張相片,5 個月前,5 顆星,老闆親切耐心介紹！
鴨皇烤鴨,林韋成,3 則評論 · 4 張相片,5 個月前,5 顆星,
鴨皇烤鴨,Chun Yu,在地嚮導 · 10 則評論 · 4 張相片,5 個月前,5 顆星,服務親切 製作迅速
鴨皇烤鴨,李信璋,在地嚮導 · 14 則評論 · 5 張相片,6 個月前,5 顆星,非常實惠 皮脆好吃！！！！！
鴨皇烤鴨,蘇湛詠,在地嚮導 · 14 則評論 · 12 張相片,6 個月前,5 顆星,非常棒
鴨皇烤鴨,JiaYing,7 則評論,6 個月前,5 顆星,讚讚態度超好！
鴨皇烤鴨,張緯中,8 則評論 · 2 張相片,6 個月前,5 顆星,
鴨皇烤鴨,陳威廷,在地嚮導 · 85 則評論 · 150 張相片,6 個月前,5 顆星,"老闆娘很熱情介紹
還特別拿剛出爐的給我們
鴨肉外酥內嫩多汁
值得推薦"
鴨皇烤鴨,芳瑜,在地嚮導 · 36 則評論 · 11 張相片,6 個月前,5 顆星,"回購，好吃😋
之前為了吃這家
都從仁德跑來
值得啦 哈哈"
鴨皇烤鴨,Vincent Wu,在地嚮導 · 34 則評論 · 8 張相片,6 個月前,5 顆星,第二次回購 給五星為了拿餅皮
鴨皇烤鴨,翁子媃,13 則評論 · 6 張相片,6 個月前,5 顆星,好吃👍🏻 …
鴨皇烤鴨,葉建志,3 則評論,6 個月前,5 顆星,
鴨皇烤鴨,Aem,在地嚮導 · 26 則評論 · 13 張相片,6 個月前,5 顆星,好吃！送餅皮唷
鴨皇烤鴨,Gien Gjeni,1 則評論,6 個月前,5 顆星,好吃
鴨皇烤鴨,吳品萱,6 則評論 · 3 張相片,6 個月前,5 顆星,很好吃😋
鴨皇烤鴨,哈嘍哈,5 則評論,6 個月前,5 顆星,
鴨皇烤鴨,陳噗噗,2 則評論,6 個月前,5 顆星,好吃
鴨皇烤鴨,李偉銘,1 則評論 · 1 張相片,6 個月前,5 顆星,
鴨皇烤鴨,Bánh bao Vlog,4 則評論 · 14 張相片,6 個月前,5 顆星,好吃
鴨皇烤鴨,DD,13 則評論 · 7 張相片,6 個月前,5 顆星,吃過一次 好吃👍
鴨皇烤鴨,黃怡熏,在地嚮導 · 9 則評論 · 2 張相片,6 個月前,5 顆星,
鴨皇烤鴨,于允文,,6 個月前,5 顆星,
鴨皇烤鴨,Money Yo,在地嚮導 · 14 則評論 · 8 張相片,6 個月前,5 顆星,好吃又便宜，值得一來再來❤️
鴨皇烤鴨,Chris Lightoller,5 則評論 · 3 張相片,6 個月前,5 顆星,
鴨皇烤鴨,jimmy huang,8 則評論 · 4 張相片,6 個月前,5 顆星,
鴨皇烤鴨,HSUAN,12 則評論 · 2 張相片,6 個月前,5 顆星,
鴨皇烤鴨,WM H,在地嚮導 · 36 則評論 · 52 張相片,6 個月前,5 顆星,好吃的烤鴨
鴨皇烤鴨,fei Lin you (Fei),在地嚮導 · 45 則評論 · 23 張相片,6 個月前,5 顆星,"一隻原味剁  才430$，沒有比這家更佛心了啦！
鴨我是覺得好吃的，這價位沒啥可以挑剔，闆娘也很大剌剌親切"
鴨皇烤鴨,洪雋恆,12 則評論,6 個月前,5 顆星,
鴨皇烤鴨,盧,在地嚮導 · 29 則評論 · 50 張相片,6 個月前,5 顆星,
鴨皇烤鴨,毛瑞山（毛毛）,在地嚮導 · 34 則評論 · 43 張相片,6 個月前,5 顆星,好吃
鴨皇烤鴨,Lan Ryan,在地嚮導 · 17 則評論 · 4 張相片,6 個月前,5 顆星,
鴨皇烤鴨,小机,在地嚮導 · 30 則評論 · 49 張相片,6 個月前,5 顆星,平價、C P值高服務好
鴨皇烤鴨,許安妮,16 則評論,6 個月前,5 顆星,讚
鴨皇烤鴨,張婷雅,15 則評論 · 7 張相片,6 個月前,5 顆星,"老闆很親切
烤鴨看起來很好吃"
鴨皇烤鴨,蔡蔡杰霖,在地嚮導 · 14 則評論 · 1 張相片,6 個月前,5 顆星,出菜速度很快
鴨皇烤鴨,許三益,2 則評論,6 個月前,5 顆星,好吃，服務好
鴨皇烤鴨,동우 yu,11 則評論,6 個月前,5 顆星,
鴨皇烤鴨,梅慧敏,8 則評論,6 個月前,5 顆星,
鴨皇烤鴨,Pin-Jung Wu,在地嚮導 · 61 則評論 · 726 張相片,7 個月前,5 顆星,"半隻一鴨兩吃（片+炒）
老闆娘很親切，鴨肉好吃！"
鴨皇烤鴨,O w O,在地嚮導 · 24 則評論 · 6 張相片,7 個月前,5 顆星,大姊姊服務態度很好，值得5星
鴨皇烤鴨,Dennis,在地嚮導 · 67 則評論 · 19 張相片,7 個月前,5 顆星,好吃
鴨皇烤鴨,卓耘隆,2 則評論,7 個月前,5 顆星,
鴨皇烤鴨,詹宜芳,9 則評論 · 4 張相片,7 個月前,5 顆星,
鴨皇烤鴨,高毓璟,15 則評論 · 5 張相片,7 個月前,5 顆星,讚喔👍
鴨皇烤鴨,盧冠廷,在地嚮導 · 57 則評論 · 19 張相片,7 個月前,5 顆星,
鴨皇烤鴨,張晉嘉,3 則評論,7 個月前,5 顆星,
鴨皇烤鴨,wen,3 則評論 · 3 張相片,7 個月前,5 顆星,
鴨皇烤鴨,小源,在地嚮導 · 18 則評論 · 23 張相片,7 個月前,5 顆星,"好吃
老闆娘親切❤️"
鴨皇烤鴨,chin Chang,在地嚮導 · 21 則評論 · 7 張相片,7 個月前,5 顆星,❤️
鴨皇烤鴨,蔡苑稚,12 則評論 · 2 張相片,7 個月前,5 顆星,
鴨皇烤鴨,顏Terry,5 則評論 · 3 張相片,7 個月前,5 顆星,好吃
鴨皇烤鴨,逸,9 則評論 · 1 張相片,7 個月前,5 顆星,
鴨皇烤鴨,Jocelyn,在地嚮導 · 13 則評論 · 1 張相片,7 個月前,5 顆星,
鴨皇烤鴨,0202吳麗娟,3 則評論,7 個月前,5 顆星,
鴨皇烤鴨,冠宇陳,在地嚮導 · 31 則評論 · 11 張相片,7 個月前,5 顆星,一鴨三吃好好吃
鴨皇烤鴨,彩彩の口罩.,3 則評論,7 個月前,5 顆星,
鴨皇烤鴨,米浪君,在地嚮導 · 16 則評論 · 5 張相片,7 個月前,5 顆星,很讚姐姐和親切
鴨皇烤鴨,琨展,在地嚮導 · 23 則評論 · 1 張相片,7 個月前,5 顆星,很好吃 推薦 皮很特別
鴨皇烤鴨,安Jin,在地嚮導 · 45 則評論 · 8 張相片,7 個月前,5 顆星,
鴨皇烤鴨,黃姵于,3 則評論,7 個月前,5 顆星,
鴨皇烤鴨,許阿愷,在地嚮導 · 19 則評論 · 10 張相片,7 個月前,5 顆星,烤鴨好吃～很讚👍
鴨皇烤鴨,尤加利,在地嚮導 · 24 則評論 · 4 張相片,7 個月前,5 顆星,"老闆娘態度超好 就算很忙碌
東西好吃 滿喜歡"
鴨皇烤鴨,謝小姐,在地嚮導 · 13 則評論 · 15 張相片,8 個月前,5 顆星,
鴨皇烤鴨,陳民軒,在地嚮導 · 20 則評論 · 7 張相片,8 個月前,5 顆星,
鴨皇烤鴨,xu,8 則評論,8 個月前,5 顆星,老闆娘態度很好
鴨皇烤鴨,ken chen,在地嚮導 · 22 則評論 · 2 張相片,8 個月前,5 顆星,好好吃
鴨皇烤鴨,怡雯葉,在地嚮導 · 28 則評論,8 個月前,5 顆星,好吃喔喔
鴨皇烤鴨,Arashi,12 則評論 · 1 張相片,8 個月前,5 顆星,餐點好吃，cp值高
鴨皇烤鴨,許翰翰,4 則評論,8 個月前,5 顆星,好吃
鴨皇烤鴨,蘇林伯,10 則評論,8 個月前,5 顆星,
鴨皇烤鴨,Li Chun,3 則評論,8 個月前,5 顆星,
鴨皇烤鴨,陳韻予,10 則評論 · 3 張相片,8 個月前,5 顆星,打卡送餅皮，讚讚
鴨皇烤鴨,蘇墨,在地嚮導 · 24 則評論 · 5 張相片,8 個月前,5 顆星,開到很晚還是有烤鴨吃😍
鴨皇烤鴨,Hao,在地嚮導 · 10 則評論 · 23 張相片,8 個月前,5 顆星,
鴨皇烤鴨,Anson Young,"在地嚮導 · 402 則評論 · 3,225 張相片",8 個月前,3 顆星,長榮路上評價頗高的北平烤鴨專賣，店家照片不明顯，還是看門牌才找到，片鴨的皮無脆感，可能是外帶時悶到造成，鴨架炒青菜的口味平淡，無特別記憶點，基本上不會成為口袋名單....
鴨皇烤鴨,32郭子華,1 則評論 · 1 張相片,8 個月前,5 顆星,
鴨皇烤鴨,PEI CHI CHIU,在地嚮導 · 30 則評論 · 69 張相片,8 個月前,5 顆星,
鴨皇烤鴨,兔子飛比,"在地嚮導 · 269 則評論 · 7,761 張相片",8 個月前,5 顆星,"會知道這家烤鴨店是因為我跟朋友都很愛吃烤鴨唷，台南市的烤鴨幾乎都吃過，目前這家算是價格最便宜，然後也很好吃的一家烤鴨店唷，不會因為便宜就品質很差很難吃唷，可惜位於不知名的巷子內，可惜名氣沒有其它烤鴨店有名，像其它名流北平烤鴨，便宜坊北平烤鴨，小虎烤鴨就價格很貴，我這次選擇電話先預約。到現場老闆娘會馬上熱炒，現切，炒骨，鹹酥，就是一鴨三吃。價錢只要550元，不像其它烤鴨店一鴨三吃就要600起跳。由於位於馬路旁邊，老闆娘又在裡面炒骨，所以她會聽不到顧客的說話，口氣會比較直接強硬些，想要買的顧客就下車到前面跟老闆娘說就好，不要人在機車上面來不想下車在那邊說要買什麼，說真的我在現場都聽不清楚顧客在說什麼?更何況還是在裡面炒鴨肉的老闆娘啦。
老闆娘還會問要辣嗎?我說中辣。然後打卡還會多送一包餅皮唷。
回到家，就跟朋友四個人一起享用，還吃不完耶，份量很十足唷，550元就四個人晚餐吃到撐，當然當天還有其他菜餚，但是光是烤鴨大家就吃不完啦~很划算，下次有家庭聚餐或者朋友來訪，我推薦可以來這裡買一鴨三吃唷，最好電話先預約比較好，老闆娘還會等你到場馬上切片，炒骨，鹹酥，保持食物的美味度很不錯，包回家才能吃到熱騰騰的美食唷。而且老闆娘動作很快地，不會等大家等太久唷，我之前為了吃一碗大排長龍的名店小卷鍋燒意麵都可以等上1個鐘頭以上啦，在現場花幾分鐘的時間等這個美味的一鴨三吃也沒多久時間唷。有時候老闆娘的口氣稍微差一些，大家就見諒些，因為做餐飲業的總是在跟時間賽跑，現場很多訂單在等著做唷。還有一點我很喜歡她的餅皮唷。是薄博的，我個人討厭厚厚的餅皮唷，就是要薄薄的餅皮夾上美味的烤鴨切片在配上洋蔥絲才是人間美味，形成皮薄餡多好汁味~才會讓人一口接一口吃下去，贊不絕口唷。"
鴨皇烤鴨,Lil Pan,10 則評論 · 1 張相片,8 個月前,5 顆星,老闆娘很有個性！烤鴨便宜！很好吃！
鴨皇烤鴨,徐苡慈,,8 個月前,5 顆星,
鴨皇烤鴨,Rocco Cheng,7 則評論,8 個月前,5 顆星,好香好想吃
鴨皇烤鴨,po-yi Chiang,4 則評論 · 1 張相片,8 個月前,5 顆星,好吃！
鴨皇烤鴨,nn A,13 則評論 · 5 張相片,8 個月前,5 顆星,讚
鴨皇烤鴨,范啟東,在地嚮導 · 22 則評論 · 279 張相片,8 個月前,3 顆星,
鴨皇烤鴨,Paul,在地嚮導 · 6 則評論 · 6 張相片,8 個月前,5 顆星,
鴨皇烤鴨,莊永慶,2 則評論 · 1 張相片,8 個月前,5 顆星,
鴨皇烤鴨,翁明仁,在地嚮導 · 135 則評論 · 31 張相片,8 個月前,5 顆星,
鴨皇烤鴨,屈大鈞,7 則評論,8 個月前,5 顆星,營業時間晚很適合大家聚會當宵夜
鴨皇烤鴨,許鈺苓,5 則評論 · 2 張相片,8 個月前,5 顆星,
鴨皇烤鴨,王大餅,2 則評論,8 個月前,5 顆星,老闆娘很客氣
鴨皇烤鴨,Chianti,11 則評論 · 3 張相片,8 個月前,5 顆星,
鴨皇烤鴨,胡旻鈞,2 則評論,8 個月前,5 顆星,
鴨皇烤鴨,貓兔,在地嚮導 · 186 則評論 · 86 張相片,9 個月前,5 顆星,東西好吃份量足，老闆娘很會解說，服務態度好，價格不貴，餅皮份量有點太少只有幾片
鴨皇烤鴨,找美食台灣,在地嚮導 · 16 則評論 · 44 張相片,9 個月前,5 顆星,點了一鴨三吃550元
鴨皇烤鴨,王逸閎（安森王）,在地嚮導 · 63 則評論 · 40 張相片,9 個月前,1 顆星,"打卡送餅皮 以下大實話
餅皮超級薄 跟一般的厚度比
大概薄了兩三倍 不用撕自己就會破

烤鴨普普通通 沒什麼特別
但是有幾塊肉很明顯有腥味
從來沒吃過有腥味的烤鴨
說真的還蠻噁的 吃完不太舒服

要不是晚上九點還買的到烤鴨
我絕對不會來買這間
是說一間烤鴨店到九點都還沒賣完
這件事情本身就很奇怪了"
鴨皇烤鴨,施乃綺,4 則評論 · 8 張相片,9 個月前,5 顆星,
鴨皇烤鴨,Jinghua,在地嚮導 · 36 則評論 · 109 張相片,9 個月前,5 顆星,
鴨皇烤鴨,詹壹荃,在地嚮導 · 17 則評論 · 4 張相片,9 個月前,5 顆星,
鴨皇烤鴨,Hon Jeff,7 則評論 · 2 張相片,9 個月前,5 顆星,老版娘人超好！！！鴨子份量很多也很好吃！特意過來吃的 没有失望
鴨皇烤鴨,顏吉呈,在地嚮導 · 25 則評論 · 10 張相片,9 個月前,5 顆星,
鴨皇烤鴨,莊莊,1 則評論 · 2 張相片,9 個月前,5 顆星,
鴨皇烤鴨,little eight cats,9 則評論 · 1 張相片,9 個月前,5 顆星,
鴨皇烤鴨,Winnie Wu,5 則評論 · 3 張相片,9 個月前,5 顆星,
鴨皇烤鴨,芸兒,在地嚮導 · 40 則評論 · 44 張相片,9 個月前,5 顆星,
鴨皇烤鴨,Dora,2 則評論,9 個月前,5 顆星,
鴨皇烤鴨,Y C,6 則評論 · 2 張相片,9 個月前,5 顆星,
鴨皇烤鴨,yi ping,在地嚮導 · 26 則評論 · 196 張相片,9 個月前,5 顆星,住附近，買一隻全鴨二吃，當全家人的午餐，很久沒吃烤鴨好吃😋
鴨皇烤鴨,KUAN HSIEN HO,7 則評論 · 2 張相片,9 個月前,5 顆星,
鴨皇烤鴨,許格霖,在地嚮導 · 22 則評論 · 44 張相片,9 個月前,5 顆星,5星送餅皮～
鴨皇烤鴨,林一弘,1 則評論,9 個月前,5 顆星,
鴨皇烤鴨,吳詠緹,4 則評論,9 個月前,5 顆星,
鴨皇烤鴨,Yutin Wang,7 則評論 · 5 張相片,9 個月前,5 顆星,
鴨皇烤鴨,吳佰祿,5 則評論,9 個月前,5 顆星,
鴨皇烤鴨,南極仙貝,在地嚮導 · 38 則評論 · 17 張相片,9 個月前,5 顆星,第一次吃，好吃！
鴨皇烤鴨,黃Zack,8 則評論 · 6 張相片,9 個月前,5 顆星,
鴨皇烤鴨,kaven,在地嚮導 · 20 則評論 · 8 張相片,9 個月前,5 顆星,
鴨皇烤鴨,陳明杰,9 則評論 · 1 張相片,9 個月前,5 顆星,好吃
鴨皇烤鴨,恒毅蔡,2 則評論,9 個月前,5 顆星,
鴨皇烤鴨,張雅涵,15 則評論 · 2 張相片,9 個月前,5 顆星,
鴨皇烤鴨,勒系,9 則評論 · 5 張相片,10 個月前,5 顆星,
鴨皇烤鴨,陳耀玲,8 則評論 · 2 張相片,10 個月前,5 顆星,
鴨皇烤鴨,謝珤棱,10 則評論 · 6 張相片,10 個月前,5 顆星,
鴨皇烤鴨,程世安,5 則評論,10 個月前,5 顆星,
鴨皇烤鴨,世,,10 個月前,5 顆星,
鴨皇烤鴨,摔哥,3 則評論,10 個月前,5 顆星,
鴨皇烤鴨,許濬哲,9 則評論 · 3 張相片,10 個月前,5 顆星,
鴨皇烤鴨,莓,"在地嚮導 · 719 則評論 · 2,151 張相片",10 個月前,3 顆星,"片鴨本身偏乾，所以鹹酥就更乾。
鴨肉本身口味淡，可自行加胡椒鹽。
五星評論送餅皮，分數偏高請各位自行斟酌。
價錢不貴，老闆娘熱情，我還是會光顧。
餅皮較薄一份分兩次吃我覺得剛好。"
鴨皇烤鴨,方藝,在地嚮導 · 58 則評論 · 69 張相片,10 個月前,5 顆星,價錢便宜，服務很好👌🏻
鴨皇烤鴨,Teresa Wang,在地嚮導 · 284 則評論 · 662 張相片,10 個月前,3 顆星,"評論洗出來的，五星好評有送東西。
烤鴨皮都不脆，醬的味道調的超級奇怪，唯一不錯的是皮蠻Q但很小片"
鴨皇烤鴨,顏郁芬,在地嚮導 · 3 則評論 · 2 張相片,10 個月前,5 顆星,
鴨皇烤鴨,沈蘭,1 則評論,10 個月前,5 顆星,不錯吃，很棒
鴨皇烤鴨,余承鴻,16 則評論 · 5 張相片,10 個月前,5 顆星,服務好 烤鴨好吃 平價烤鴨
鴨皇烤鴨,Shi chan,12 則評論 · 2 張相片,10 個月前,5 顆星,鴨肉很好吃 老闆很客氣
鴨皇烤鴨,游棨巖,5 則評論 · 1 張相片,10 個月前,5 顆星,
鴨皇烤鴨,潘品誠,8 則評論,10 個月前,5 顆星,
鴨皇烤鴨,小戴,在地嚮導 · 19 則評論 · 6 張相片,10 個月前,5 顆星,
鴨皇烤鴨,盧佩君,7 則評論 · 3 張相片,10 個月前,5 顆星,
鴨皇烤鴨,劉震緯,8 則評論 · 3 張相片,10 個月前,5 顆星,
鴨皇烤鴨,黃雅娟,16 則評論 · 1 張相片,10 個月前,5 顆星,
鴨皇烤鴨,逸瑄顏,"在地嚮導 · 248 則評論 · 1,429 張相片",10 個月前,5 顆星,烤鴨好吃😋 兩個人半隻剛好！ …
鴨皇烤鴨,Xiang,11 則評論 · 2 張相片,10 個月前,5 顆星,
鴨皇烤鴨,沛沛,在地嚮導 · 22 則評論 · 2 張相片,10 個月前,5 顆星,超級好吃
鴨皇烤鴨,朱晏德,6 則評論 · 3 張相片,10 個月前,5 顆星,好吃的烤鴨
鴨皇烤鴨,Ky S,5 則評論,10 個月前,5 顆星,好吃
鴨皇烤鴨,陳JUN,11 則評論 · 11 張相片,10 個月前,5 顆星,好吃。
鴨皇烤鴨,Xun Yu Wang,12 則評論 · 1 張相片,10 個月前,5 顆星,"街邊老店
好吃"
鴨皇烤鴨,多多彭,在地嚮導 · 33 則評論 · 15 張相片,10 個月前,5 顆星,
鴨皇烤鴨,林小芸,在地嚮導 · 19 則評論,10 個月前,5 顆星,五星級送皮唷
鴨皇烤鴨,鄭雅芬,3 則評論,10 個月前,5 顆星,
鴨皇烤鴨,鍾雅智,7 則評論 · 2 張相片,10 個月前,5 顆星,
鴨皇烤鴨,陳怡如,在地嚮導 · 50 則評論 · 48 張相片,10 個月前,5 顆星,乾淨衛生又好吃
鴨皇烤鴨,劉家豪,在地嚮導 · 108 則評論 · 718 張相片,10 個月前,5 顆星,好吃的烤鴨!
鴨皇烤鴨,楊竣辰,4 則評論,10 個月前,5 顆星,
鴨皇烤鴨,小麟,在地嚮導 · 21 則評論 · 7 張相片,10 個月前,5 顆星,
鴨皇烤鴨,琪怪,在地嚮導 · 36 則評論 · 36 張相片,10 個月前,5 顆星,👍🏻 …
鴨皇烤鴨,毅,7 則評論 · 1 張相片,10 個月前,5 顆星,
鴨皇烤鴨,李采燕,在地嚮導 · 21 則評論 · 5 張相片,10 個月前,5 顆星,
鴨皇烤鴨,彤寶,5 則評論,10 個月前,5 顆星,
鴨皇烤鴨,陳怡婷,2 則評論 · 5 張相片,10 個月前,5 顆星,ㄧ鴨三吃 現點現弄 美味可口，服務態度即佳。
鴨皇烤鴨,黃繼誠,在地嚮導 · 20 則評論 · 28 張相片,10 個月前,5 顆星,好吃
鴨皇烤鴨,命終佇定,6 則評論 · 6 張相片,10 個月前,5 顆星,
鴨皇烤鴨,洪大川,5 則評論,10 個月前,5 顆星,
鴨皇烤鴨,黃大展,5 則評論,10 個月前,5 顆星,
鴨皇烤鴨,蔡健鵬,,10 個月前,5 顆星,
鴨皇烤鴨,陳品均,3 則評論,10 個月前,5 顆星,好吃
鴨皇烤鴨,蔡雅文,6 則評論,10 個月前,5 顆星,
鴨皇烤鴨,浪跡天涯忘記回家流浪喵（忘記回家流浪喵）,"在地嚮導 · 387 則評論 · 4,728 張相片",10 個月前,5 顆星,
鴨皇烤鴨,Ru,在地嚮導 · 14 則評論 · 22 張相片,10 個月前,5 顆星,
鴨皇烤鴨,駱澤,在地嚮導 · 23 則評論 · 13 張相片,10 個月前,5 顆星,烤鴨好吃、老闆娘也很有人情味👍 …
鴨皇烤鴨,Brady Li,在地嚮導 · 19 則評論 · 7 張相片,10 個月前,5 顆星,非常好吃
鴨皇烤鴨,Wen,在地嚮導 · 67 則評論 · 45 張相片,10 個月前,5 顆星,👍🏻👍🏻👍🏻
鴨皇烤鴨,陳柏宇,在地嚮導 · 24 則評論 · 3 張相片,10 個月前,5 顆星,"老闆娘態度超好人超親切！有夠讚！
孫子也很有禮貌 超推"
鴨皇烤鴨,Cola,11 則評論 · 5 張相片,10 個月前,5 顆星,
鴨皇烤鴨,柯淑琴,,10 個月前,5 顆星,
鴨皇烤鴨,郭力瑋,11 則評論,11 個月前,5 顆星,很好吃 大推
鴨皇烤鴨,庭庭,在地嚮導 · 16 則評論 · 2 張相片,11 個月前,5 顆星,讚
鴨皇烤鴨,shun Aj,5 則評論,11 個月前,5 顆星,
鴨皇烤鴨,呂淑靖,9 則評論 · 10 張相片,11 個月前,5 顆星,老闆娘很親切，烤鴨好香。
鴨皇烤鴨,E M,在地嚮導 · 17 則評論 · 6 張相片,11 個月前,5 顆星,老闆娘很熱情～
鴨皇烤鴨,張芷瑄,2 則評論,11 個月前,5 顆星,
鴨皇烤鴨,Albert Chen,3 則評論,11 個月前,5 顆星,老闆娘客氣。態度超讚👍🏻 …
鴨皇烤鴨,JONE,在地嚮導 · 42 則評論 · 37 張相片,11 個月前,5 顆星,超好吃的
鴨皇烤鴨,MIN CHIEH CHEN,13 則評論,11 個月前,5 顆星,👍👍👍 …
鴨皇烤鴨,曾淑荷,8 則評論 · 2 張相片,11 個月前,1 顆星,
鴨皇烤鴨,葉庭瑄,在地嚮導 · 14 則評論,11 個月前,5 顆星,"突然想吃烤鴨 其他店家都七點八點就結束營業
只有這家九點半真的超讚 價格也很棒"
鴨皇烤鴨,孔Kiang,9 則評論 · 1 張相片,11 個月前,5 顆星,👍👍👍 …
鴨皇烤鴨,柳浩千,9 則評論 · 1 張相片,11 個月前,5 顆星,老闆很阿沙力
鴨皇烤鴨,許睿騰,4 則評論,11 個月前,5 顆星,
鴨皇烤鴨,진흔아,6 則評論 · 14 張相片,11 個月前,5 顆星,便宜好吃！老闆娘很親切！超推
鴨皇烤鴨,劉庭妤,11 則評論 · 3 張相片,11 個月前,5 顆星,
鴨皇烤鴨,謝沂溱,在地嚮導 · 13 則評論 · 50 張相片,11 個月前,5 顆星,👍🏻👍🏻👍🏻
鴨皇烤鴨,你在看我名字,12 則評論,11 個月前,5 顆星,第一次來不懂，老闆會詳細介紹
鴨皇烤鴨,Paul Lee,在地嚮導 · 110 則評論 · 115 張相片,11 個月前,3 顆星,一鴨三吃鴨肉好吃！美中不足的是餅皮薄到跟衛生紙一樣，一撕就破，需要2~3片才能包一捲，不知道是不是物價上漲的關係😅
鴨皇烤鴨,Karen Xu,15 則評論,11 個月前,5 顆星,阿姨態度很好❤️
鴨皇烤鴨,X 77,在地嚮導 · 23 則評論 · 18 張相片,11 個月前,5 顆星,蠻便宜的欸
鴨皇烤鴨,彤彤,在地嚮導 · 18 則評論 · 12 張相片,11 個月前,5 顆星,
鴨皇烤鴨,阿欽,在地嚮導 · 53 則評論 · 11 張相片,11 個月前,5 顆星,烤鴨好吃😄
鴨皇烤鴨,菱,,11 個月前,5 顆星,
鴨皇烤鴨,劉育廷,8 則評論,11 個月前,5 顆星,
鴨皇烤鴨,賴宥臣,在地嚮導 · 18 則評論 · 11 張相片,11 個月前,5 顆星,非常好吃
鴨皇烤鴨,Shedric,13 則評論 · 4 張相片,11 個月前,5 顆星,超棒的服務
鴨皇烤鴨,Ming Wu,161 則評論 · 29 張相片,11 個月前,5 顆星,好吃，價格實在
鴨皇烤鴨,亞寒洛普,1 則評論 · 1 張相片,11 個月前,5 顆星,
鴨皇烤鴨,Berlin Wu,11 則評論 · 1 張相片,11 個月前,5 顆星,好好吃！
鴨皇烤鴨,1234 0,在地嚮導 · 17 則評論 · 2 張相片,11 個月前,5 顆星,
鴨皇烤鴨,林詩書,12 則評論,11 個月前,4 顆星,還可以
鴨皇烤鴨,翁氏君,3 則評論 · 2 張相片,11 個月前,5 顆星,
鴨皇烤鴨,蔣婉婷,15 則評論 · 7 張相片,11 個月前,5 顆星,皮脆多汁好吃
鴨皇烤鴨,袁家棟,在地嚮導 · 20 則評論 · 6 張相片,11 個月前,5 顆星,好吃的烤鴨
鴨皇烤鴨,帥哥杰,3 則評論,11 個月前,5 顆星,
鴨皇烤鴨,劉旻樵,14 則評論 · 10 張相片,11 個月前,5 顆星,老闆娘超級客氣 這點就先加分了！🥰 …
鴨皇烤鴨,平佳,在地嚮導 · 21 則評論 · 3 張相片,11 個月前,5 顆星,
鴨皇烤鴨,Toshiyuki Kakinuma,在地嚮導 · 53 則評論 · 13 張相片,11 個月前,5 顆星,態度很好！很好吃
鴨皇烤鴨,蔡宗欽,4 則評論 · 1 張相片,11 個月前,5 顆星,
鴨皇烤鴨,葉阿泓,6 則評論 · 3 張相片,11 個月前,5 顆星,
鴨皇烤鴨,sdf asd,在地嚮導 · 113 則評論 · 88 張相片,11 個月前,5 顆星,很棒
鴨皇烤鴨,Candy Ho,5 則評論 · 1 張相片,11 個月前,5 顆星,
鴨皇烤鴨,趙婉茹,3 則評論 · 3 張相片,11 個月前,5 顆星,
鴨皇烤鴨,伊伊,在地嚮導 · 47 則評論 · 102 張相片,11 個月前,5 顆星,
鴨皇烤鴨,吳季仔,14 則評論 · 6 張相片,11 個月前,5 顆星,
鴨皇烤鴨,黃俊智,4 則評論,11 個月前,5 顆星,來台南吃了很多 烤鴨 店面非常不起眼 但是烤鴨真的異常好吃 大推
鴨皇烤鴨,pei ting fang,6 則評論,11 個月前,5 顆星,
鴨皇烤鴨,柏勳江,,11 個月前,5 顆星,
鴨皇烤鴨,Josh H,在地嚮導 · 28 則評論 · 7 張相片,11 個月前,5 顆星,五星送餅皮
鴨皇烤鴨,MORE MORE,在地嚮導 · 38 則評論 · 3 張相片,11 個月前,5 顆星,
鴨皇烤鴨,鄧小毛,在地嚮導 · 9 則評論 · 29 張相片,11 個月前,5 顆星,
鴨皇烤鴨,謝幸樺,在地嚮導 · 14 則評論 · 77 張相片,11 個月前,5 顆星,
鴨皇烤鴨,杰叡,1 則評論,11 個月前,5 顆星,
鴨皇烤鴨,Celeste,在地嚮導 · 22 則評論 · 15 張相片,11 個月前,5 顆星,
鴨皇烤鴨,許傑,11 則評論 · 2 張相片,11 個月前,5 顆星,賀甲
鴨皇烤鴨,楊尚溥,,11 個月前,5 顆星,
鴨皇烤鴨,Chiu Nick,在地嚮導 · 38 則評論 · 48 張相片,11 個月前,5 顆星,"好吃的烤鴨在這裡👍👍👍
路過來嚐鮮 …"
鴨皇烤鴨,Otuhh Gyu,4 則評論,11 個月前,5 顆星,老闆很健談，鴨肉好吃！
鴨皇烤鴨,品雯,7 則評論,1 年前,5 顆星,好吃
鴨皇烤鴨,賴小偉,在地嚮導 · 30 則評論 · 7 張相片,1 年前,5 顆星,讚…好吃
鴨皇烤鴨,謝婉君,4 則評論 · 1 張相片,1 年前,5 顆星,
鴨皇烤鴨,Joanne Liang,在地嚮導 · 6 則評論 · 3 張相片,1 年前,5 顆星,
鴨皇烤鴨,上官蓉兒,在地嚮導 · 11 則評論 · 11 張相片,1 年前,5 顆星,老闆娘很親切，會依照顧客需求片薄或炒軟
鴨皇烤鴨,綺雯,"在地嚮導 · 228 則評論 · 1,965 張相片",1 年前,5 顆星,好吃😋 …
鴨皇烤鴨,Karen Lin,在地嚮導 · 30 則評論 · 7 張相片,1 年前,5 顆星,闆娘健談，物美價廉～
鴨皇烤鴨,許曼曼,7 則評論 · 1 張相片,1 年前,5 顆星,
鴨皇烤鴨,Vincent Chen (洲哥),7 則評論,1 年前,5 顆星,老闆娘親切，烤鴨油亮，趕快回家吃
鴨皇烤鴨,周念瑩,6 則評論 · 2 張相片,1 年前,5 顆星,"我是一個很少很懶的評論的人
但這家美食我不得不推，沒吃過真的會後悔！
跟老公到台南遊玩，回程想帶美食給家中長輩，甜食不適合想說買烤鴨回去，在Google 評論做功課，找到這家！都說老闆娘人超好，鴨肉也非常可口好吃。一到現場，跟闆娘說我想帶回去給長輩吃的，姐姐不但主動詢問需不需要炒軟爛一點，也幫我切片切薄一些，甚至幫我挑母鴨說比較嫩😍更多送我麵餅皮，種種貼心讓我感到台南的熱情與溫暖
回到家將烤鴨上桌，份量跟味道口感真的一絕
我這個饕客嘴巴整個被征服
家人也是讚不絕口  面餅皮超薄 不像外面厚到難嚼失了味道
價格方面也真的物美價廉，一隻烤鴨其他家都賣6、7百，鴨皇只賣5百多
感謝美麗的姐姐  謝謝你的貼心
之後來台南一定會再訪！"
鴨皇烤鴨,林哲弘,在地嚮導 · 68 則評論 · 137 張相片,1 年前,5 顆星,
鴨皇烤鴨,婉婷,8 則評論,1 年前,5 顆星,好吃😋買好幾次了
鴨皇烤鴨,李熙坤,10 則評論 · 1 張相片,1 年前,5 顆星,
鴨皇烤鴨,鄭婷如,在地嚮導 · 14 則評論 · 3 張相片,1 年前,5 顆星,服務很好
鴨皇烤鴨,張亞芬,6 則評論 · 1 張相片,1 年前,5 顆星,
鴨皇烤鴨,Yunwei Hou,在地嚮導 · 54 則評論 · 19 張相片,1 年前,5 顆星,老闆娘人很好 很親切 烤鴨很吃 值得回顧
鴨皇烤鴨,23蔡坤原,2 則評論,1 年前,5 顆星,老闆親切東西好吃而且超快就好了
鴨皇烤鴨,eddedd,13 則評論 · 10 張相片,1 年前,5 顆星,
鴨皇烤鴨,林志展,1 張相片,1 年前,5 顆星,
鴨皇烤鴨,jheng-de Shih,8 則評論,1 年前,5 顆星,
鴨皇烤鴨,葉棠,在地嚮導 · 17 則評論 · 5 張相片,1 年前,5 顆星,
鴨皇烤鴨,謝乃恩,3 則評論 · 1 張相片,1 年前,5 顆星,味道不錯
鴨皇烤鴨,涵,在地嚮導 · 12 則評論 · 8 張相片,1 年前,5 顆星,很香！想趕快吃到！可以事先打電話預訂
鴨皇烤鴨,曹瑜龍,,1 年前,5 顆星,
鴨皇烤鴨,林幸妤,12 則評論 · 1 張相片,1 年前,5 顆星,"餐點好吃
態度也非常好"
鴨皇烤鴨,Alan Chen,6 則評論 · 1 張相片,1 年前,5 顆星,
鴨皇烤鴨,Sunny Chen,在地嚮導 · 21 則評論 · 22 張相片,1 年前,5 顆星,
鴨皇烤鴨,Feng Chiao Hsu,7 則評論 · 7 張相片,1 年前,5 顆星,
鴨皇烤鴨,趙志強,,1 年前,5 顆星,
鴨皇烤鴨,方景輝,14 則評論,1 年前,5 顆星,
鴨皇烤鴨,陳翊安,10 則評論,1 年前,5 顆星,好吃😋 …
鴨皇烤鴨,羊羊,8 則評論 · 1 張相片,1 年前,5 顆星,
鴨皇烤鴨,葉明璋,"在地嚮導 · 101 則評論 · 3,453 張相片",1 年前,5 顆星,
鴨皇烤鴨,黃榆倫,4 則評論 · 1 張相片,1 年前,5 顆星,
鴨皇烤鴨,林芷伶,7 則評論,1 年前,5 顆星,服務很好！
鴨皇烤鴨,林芷伶,1 則評論,1 年前,5 顆星,
鴨皇烤鴨,蔡依璇,在地嚮導 · 22 則評論 · 2 張相片,1 年前,5 顆星,超級好吃！老闆娘也很親切
鴨皇烤鴨,XuJie,4 則評論,1 年前,5 顆星,
鴨皇烤鴨,SY C,在地嚮導 · 35 則評論 · 45 張相片,1 年前,5 顆星,點了一鴨二吃👍🏻👍🏻 …
鴨皇烤鴨,Claire Liu,在地嚮導 · 390 則評論 · 352 張相片,1 年前,5 顆星,不貴 老闆娘態度很好
鴨皇烤鴨,簡若荃（Alisa Chien）,3 則評論,1 年前,5 顆星,
鴨皇烤鴨,黃墨涵,9 則評論 · 2 張相片,1 年前,5 顆星,吃過兩次 非常好吃
鴨皇烤鴨,laugh die,1 則評論,1 年前,5 顆星,
鴨皇烤鴨,楊家瑜,9 則評論,1 年前,5 顆星,讚
鴨皇烤鴨,雯晴,在地嚮導 · 14 則評論 · 38 張相片,1 年前,5 顆星,
鴨皇烤鴨,Mei chueh,在地嚮導 · 20 則評論 · 91 張相片,1 年前,5 顆星,服務很好👍
鴨皇烤鴨,Shawn W,"在地嚮導 · 66 則評論 · 3,044 張相片",1 年前,5 顆星,
鴨皇烤鴨,chuenh6ye chuenh6ye,,1 年前,5 顆星,
鴨皇烤鴨,cian syu,在地嚮導 · 50 則評論 · 8 張相片,1 年前,5 顆星,嚐鮮
鴨皇烤鴨,黃柏偉,1 則評論,1 年前,5 顆星,"老闆態度很好
可以幫我們講解怎麼樣才會好吃"
鴨皇烤鴨,whale chen,在地嚮導 · 128 則評論 · 108 張相片,1 年前,5 顆星,好吃烤鴨
鴨皇烤鴨,Uika,15 則評論,1 年前,5 顆星,
鴨皇烤鴨,Qi C,5 則評論,1 年前,5 顆星,
鴨皇烤鴨,周泓奕,4 則評論,1 年前,5 顆星,
鴨皇烤鴨,晨晨晨,9 則評論 · 7 張相片,1 年前,5 顆星,剛好不用等～比其他家便宜～～
鴨皇烤鴨,林芷萱,7 則評論,1 年前,5 顆星,便宜又好吃
鴨皇烤鴨,RuRu,9 則評論 · 6 張相片,1 年前,5 顆星,
鴨皇烤鴨,人土土,在地嚮導 · 95 則評論 · 188 張相片,1 年前,5 顆星,
鴨皇烤鴨,Panda,在地嚮導 · 14 則評論 · 14 張相片,1 年前,5 顆星,
鴨皇烤鴨,高柏蓁,13 則評論 · 2 張相片,1 年前,5 顆星,超愛鹽酥鴨。又酥又香。價格還非常的可以
鴨皇烤鴨,Nick,7 則評論 · 1 張相片,1 年前,5 顆星,
鴨皇烤鴨,WanTing,5 則評論,1 年前,5 顆星,老闆娘服務很好👍
鴨皇烤鴨,Osmond Hung,在地嚮導 · 63 則評論 · 10 張相片,1 年前,5 顆星,老闆娘很親切介紹，我已經迫不及待要吃了🤤
鴨皇烤鴨,W,在地嚮導 · 79 則評論 · 37 張相片,1 年前,5 顆星,好吃😋 老闆娘很輕切👍🏻
鴨皇烤鴨,剛,12 則評論 · 2 張相片,1 年前,5 顆星,
鴨皇烤鴨,螞蟻,5 則評論,1 年前,5 顆星,好吃再訪
鴨皇烤鴨,i ch,在地嚮導 · 29 則評論 · 5 張相片,1 年前,3 顆星,加購餅皮會連塑膠袋一起丟微波爐微波，不能接受者三思。
鴨皇烤鴨,cheng keira,在地嚮導 · 40 則評論 · 45 張相片,1 年前,5 顆星,"五星評論送餅皮

阿姨很親切～"
鴨皇烤鴨,Achi2727 Hung,在地嚮導 · 31 則評論 · 4 張相片,1 年前,5 顆星,
鴨皇烤鴨,shung zheng,3 則評論,1 年前,5 顆星,
鴨皇烤鴨,黃箐彤,2 則評論 · 2 張相片,1 年前,5 顆星,在切片的同時，我已經迫不急待想拿回家吃了！
鴨皇烤鴨,Nic,在地嚮導 · 16 則評論 · 4 張相片,1 年前,5 顆星,
鴨皇烤鴨,YU JUNG HO,6 則評論 · 3 張相片,1 年前,5 顆星,闆娘人客氣，烤鴨肉多。
鴨皇烤鴨,張庭瑋,在地嚮導 · 17 則評論 · 10 張相片,1 年前,5 顆星,厲害的烤鴨。
鴨皇烤鴨,Elvis Lee,7 則評論 · 1 張相片,1 年前,5 顆星,
鴨皇烤鴨,JJ Lee,,1 年前,5 顆星,
鴨皇烤鴨,林師帆,5 則評論 · 1 張相片,1 年前,5 顆星,
鴨皇烤鴨,黃貫銘,,1 年前,5 顆星,
鴨皇烤鴨,陳宜絜,1 則評論,1 年前,5 顆星,
鴨皇烤鴨,Tiffany Li,在地嚮導 · 29 則評論 · 11 張相片,1 年前,5 顆星,老闆服務非常得好，非常的細心，早上訂可以準時拿。
鴨皇烤鴨,水熊,在地嚮導 · 55 則評論 · 33 張相片,1 年前,5 顆星,好香
鴨皇烤鴨,Yang Yang,在地嚮導 · 12 則評論 · 8 張相片,1 年前,2 顆星,"感覺是用老肥鴨做的 片鴨還片到骨頭
餅皮跟其他間吃起來不一樣有透光感
醬炒鴨肉吃起來稍微韌 骨斷肉不斷 …"
鴨皇烤鴨,Betty Wang,在地嚮導 · 15 則評論 · 16 張相片,1 年前,5 顆星,實惠又好吃
鴨皇烤鴨,蔡旻紜,13 則評論 · 3 張相片,1 年前,5 顆星,餐點非常好吃！很推薦～
鴨皇烤鴨,怪盜雞德,3 則評論 · 1 張相片,1 年前,5 顆星,
鴨皇烤鴨,繆,10 則評論,1 年前,5 顆星,好吃
鴨皇烤鴨,儲浩任,17 則評論 · 3 張相片,1 年前,5 顆星,感覺很乾淨 老闆娘態度不錯
鴨皇烤鴨,Esther Ting,在地嚮導 · 37 則評論 · 12 張相片,1 年前,5 顆星,鴨肉好吃！
鴨皇烤鴨,江仲霖,在地嚮導 · 19 則評論 · 40 張相片,1 年前,5 顆星,
鴨皇烤鴨,湯淑萍,1 則評論,1 年前,5 顆星,
鴨皇烤鴨,蘇瑞琴,8 則評論,1 年前,5 顆星,老闆服務親切、熱心。
鴨皇烤鴨,王者雷根,在地嚮導 · 19 則評論 · 1 張相片,1 年前,5 顆星,
鴨皇烤鴨,Sam Wang,"在地嚮導 · 696 則評論 · 6,692 張相片",1 年前,4 顆星,"15年老店
位置不是很起眼
阿姨服務親切
東西還不錯吃
會在訪"
鴨皇烤鴨,陳暐升,2 則評論 · 1 張相片,1 年前,5 顆星,
鴨皇烤鴨,Yosora,2 則評論 · 26 張相片,1 年前,5 顆星,
鴨皇烤鴨,Peng Ying Chen,34 則評論 · 2 張相片,1 年前,5 顆星,
鴨皇烤鴨,陳意婷,在地嚮導 · 46 則評論 · 13 張相片,1 年前,5 顆星,
鴨皇烤鴨,Ya chi chien,在地嚮導 · 45 則評論 · 6 張相片,1 年前,5 顆星,
鴨皇烤鴨,Lin,11 則評論 · 2 張相片,1 年前,5 顆星,讚
鴨皇烤鴨,許家森,16 則評論 · 1 張相片,1 年前,5 顆星,
鴨皇烤鴨,郭振廷,在地嚮導 · 123 則評論 · 86 張相片,1 年前,5 顆星,
鴨皇烤鴨,Thaulalui Chen,4 則評論 · 2 張相片,1 年前,5 顆星,大姐姐很親切，鴨肉很香
鴨皇烤鴨,Yu-Cheng Lin (柚子和柳橙),在地嚮導 · 121 則評論 · 222 張相片,1 年前,5 顆星,老闆用心，值得推薦！
鴨皇烤鴨,1227 Ahung,11 則評論 · 1 張相片,1 年前,5 顆星,每賣呷
鴨皇烤鴨,yun,5 則評論,1 年前,5 顆星,好吃😋
鴨皇烤鴨,陳昱文,在地嚮導 · 21 則評論 · 2 張相片,1 年前,5 顆星,
鴨皇烤鴨,Robbie Su,15 則評論 · 3 張相片,1 年前,5 顆星,鮮嫩多汁
鴨皇烤鴨,黃士原,在地嚮導 · 73 則評論 · 10 張相片,1 年前,5 顆星,好吃評價！
鴨皇烤鴨,陳小蠍,在地嚮導 · 17 則評論 · 2 張相片,1 年前,5 顆星,
鴨皇烤鴨,林立傑,在地嚮導 · 27 則評論 · 14 張相片,1 年前,5 顆星,好吃 不貴 態度好
鴨皇烤鴨,x k,9 則評論 · 3 張相片,1 年前,5 顆星,"現做餅皮好吃，鴨肉也好吃
老闆娘很認真的解說"
鴨皇烤鴨,詹鈞文,18 則評論 · 10 張相片,1 年前,5 顆星,老闆非常親切，價格實惠
鴨皇烤鴨,Ting,10 則評論,1 年前,5 顆星,
鴨皇烤鴨,Yumi Yu,8 則評論 · 1 張相片,1 年前,5 顆星,
鴨皇烤鴨,高二義21黃祥恒,1 則評論,1 年前,5 顆星,
鴨皇烤鴨,Wendy Lin,1 則評論,1 年前,5 顆星,"老闆娘在那麼冷的天氣
一大早就出爐熱騰騰的烤鴨🥹🥹"
鴨皇烤鴨,吳品毅,11 則評論 · 2 張相片,1 年前,5 顆星,看起來很好吃
鴨皇烤鴨,Hodgins R. Huang,在地嚮導 · 48 則評論 · 28 張相片,1 年前,5 顆星,老闆阿姨人非常的nice ，也很照顧餐點的品質，鹹酥鴨非常的酥😋，片鴨肉質嫩，餅皮是我目前吃過北平烤鴨裡吃過最Q又不油的，大大的推薦👍😋 …
鴨皇烤鴨,張德獻,2 則評論 · 1 張相片,1 年前,5 顆星,餅皮很薄，包烤鴨好吃，一鴨三吃讚
鴨皇烤鴨,Yi-Ting Liu,在地嚮導 · 20 則評論 · 1 張相片,1 年前,5 顆星,
鴨皇烤鴨,吳俊生,16 則評論 · 3 張相片,1 年前,5 顆星,
鴨皇烤鴨,艾薇,7 則評論 · 1 張相片,1 年前,5 顆星,
鴨皇烤鴨,鄒驊,3 則評論 · 1 張相片,1 年前,5 顆星,
鴨皇烤鴨,張德耘,,1 年前,5 顆星,
鴨皇烤鴨,靜萱,9 則評論 · 4 張相片,1 年前,5 顆星,老闆娘人很好 餐點好吃
鴨皇烤鴨,包叔潤,在地嚮導 · 55 則評論 · 20 張相片,1 年前,5 顆星,超好吃！
鴨皇烤鴨,ERRY T,8 則評論 · 2 張相片,1 年前,5 顆星,不錯 老闆娘態度很好 餐點很好吃
鴨皇烤鴨,CHIEN EN,在地嚮導 · 12 則評論 · 4 張相片,1 年前,5 顆星,好吃的烤鴨～推
鴨皇烤鴨,鈺晴,12 則評論 · 2 張相片,1 年前,5 顆星,闆娘人很好 介紹很詳細
鴨皇烤鴨,侯肉圓,在地嚮導 · 23 則評論 · 13 張相片,1 年前,5 顆星,老闆娘親切介紹！
鴨皇烤鴨,Lian Wang,6 則評論 · 6 張相片,1 年前,5 顆星,
鴨皇烤鴨,flora,10 則評論 · 1 張相片,1 年前,5 顆星,
鴨皇烤鴨,劉至軒,7 則評論,1 年前,5 顆星,好吃😋
鴨皇烤鴨,高玫英,,1 年前,5 顆星,
鴨皇烤鴨,Yu,在地嚮導 · 33 則評論 · 31 張相片,1 年前,5 顆星,
鴨皇烤鴨,趙汝坪,11 則評論 · 3 張相片,1 年前,5 顆星,老闆娘很親切，烤鴨很好吃
鴨皇烤鴨,陳婉容,2 則評論,1 年前,5 顆星,超級好吃
鴨皇烤鴨,林育誠,20 則評論 · 1 張相片,1 年前,5 顆星,
鴨皇烤鴨,陳翰宇,在地嚮導 · 21 則評論 · 4 張相片,1 年前,5 顆星,很讚！
鴨皇烤鴨,林子恩,11 則評論,1 年前,5 顆星,
鴨皇烤鴨,罗文乐,15 則評論 · 1 張相片,1 年前,5 顆星,
鴨皇烤鴨,分手快樂,在地嚮導 · 20 則評論 · 10 張相片,1 年前,5 顆星,
鴨皇烤鴨,林羿萱,1 則評論,1 年前,5 顆星,老闆娘很親切很棒
鴨皇烤鴨,Yi LIN,11 則評論 · 2 張相片,1 年前,5 顆星,老闆娘很讚
鴨皇烤鴨,Qixuan Chen,9 則評論,1 年前,5 顆星,好的
鴨皇烤鴨,sanny !,9 則評論 · 2 張相片,1 年前,5 顆星,
鴨皇烤鴨,吳昀芮,2 則評論,1 年前,5 顆星,
鴨皇烤鴨,Ho ng,10 則評論 · 3 張相片,1 年前,5 顆星,
鴨皇烤鴨,chen myriam,3 則評論,1 年前,5 顆星,
鴨皇烤鴨,chichi chen,7 則評論,1 年前,5 顆星,
鴨皇烤鴨,吳國裕,10 則評論 · 2 張相片,1 年前,5 顆星,
鴨皇烤鴨,張聖睿,3 則評論,1 年前,5 顆星,
鴨皇烤鴨,Gemma,在地嚮導 · 15 則評論 · 30 張相片,1 年前,5 顆星,👍 …
鴨皇烤鴨,詹健佑,3 則評論,1 年前,5 顆星,
鴨皇烤鴨,周擎,5 則評論 · 1 張相片,1 年前,5 顆星,
鴨皇烤鴨,michael ho,1 張相片,1 年前,5 顆星,
鴨皇烤鴨,x阿克斯,4 則評論,1 年前,5 顆星,好吃
鴨皇烤鴨,鄭明耀,9 則評論 · 1 張相片,1 年前,5 顆星,香噴噴的烤鴨
鴨皇烤鴨,吳旻娟,2 則評論,1 年前,5 顆星,
鴨皇烤鴨,邱右霖,8 則評論 · 11 張相片,1 年前,5 顆星,親切、很香
鴨皇烤鴨,許元瀚,14 則評論 · 2 張相片,1 年前,5 顆星,食物美味，價格實惠，非常推薦
鴨皇烤鴨,古胖兔,11 則評論 · 2 張相片,1 年前,5 顆星,老闆親切有禮 食物好香
鴨皇烤鴨,李芊樺,7 則評論,1 年前,5 顆星,
鴨皇烤鴨,MeiMei Ke,8 則評論 · 1 張相片,1 年前,5 顆星,"闆娘很親切
第一次吃，好吃會再回購～"
鴨皇烤鴨,Yu,3 則評論 · 3 張相片,1 年前,5 顆星,超好吃😋 …
鴨皇烤鴨,劉亭秀,4 則評論 · 2 張相片,1 年前,5 顆星,超讚
鴨皇烤鴨,Molly Lin,7 則評論 · 3 張相片,1 年前,5 顆星,好吃讚👍 …
鴨皇烤鴨,楊小樺,在地嚮導 · 24 則評論 · 26 張相片,1 年前,5 顆星,
鴨皇烤鴨,莊喬安,在地嚮導 · 35 則評論 · 138 張相片,1 年前,5 顆星,老闆娘很親切 烤鴨好吃 可以事先打電話預定
鴨皇烤鴨,La Nanny,在地嚮導 · 9 則評論 · 10 張相片,1 年前,3 顆星,"餅皮非常薄一層會破掉的那種至少要兩層才不會破
鹽酥鴨肉質偏硬，喜歡吃偏軟鴨肉的會比較不推
炒鴨表現還可以算是不錯吃 …"
鴨皇烤鴨,王曾三連,1 則評論,1 年前,5 顆星,
鴨皇烤鴨,佟沛軒,5 則評論 · 1 張相片,1 年前,5 顆星,
鴨皇烤鴨,黃韋勳,在地嚮導 · 15 則評論 · 25 張相片,1 年前,5 顆星,價格實惠，東西好吃，常吃的是切片跟鹹酥可以推薦！
鴨皇烤鴨,Kristine Cole,在地嚮導 · 20 則評論 · 2 張相片,1 年前,5 顆星,聽說好吃來吃吃看！
鴨皇烤鴨,Jenny,6 則評論 · 2 張相片,1 年前,5 顆星,好吃～
鴨皇烤鴨,仙女只說實話,在地嚮導 · 217 則評論 · 282 張相片,1 年前,4 顆星,普通好吃
鴨皇烤鴨,李曉錡,3 則評論,1 年前,5 顆星,
鴨皇烤鴨,jill Wu,5 則評論 · 1 張相片,1 年前,4 顆星,
鴨皇烤鴨,楊小玲,在地嚮導 · 12 則評論 · 28 張相片,1 年前,5 顆星,
鴨皇烤鴨,寶寶,2 則評論,1 年前,5 顆星,好吃
鴨皇烤鴨,陳彥亨,8 則評論,1 年前,5 顆星,超香超好😍 …
鴨皇烤鴨,陳思吟,5 則評論 · 3 張相片,1 年前,5 顆星,
鴨皇烤鴨,Hui wen,在地嚮導 · 201 則評論 · 152 張相片,1 年前,5 顆星,
鴨皇烤鴨,吳政哲,在地嚮導 · 24 則評論 · 20 張相片,1 年前,5 顆星,划算好吃，服務好。
鴨皇烤鴨,YU TING YANG,在地嚮導 · 23 則評論 · 2 張相片,1 年前,5 顆星,片鴨香噴噴👍！
鴨皇烤鴨,Min Min,在地嚮導 · 22 則評論 · 1 張相片,1 年前,5 顆星,"態度很好
😃 …"
鴨皇烤鴨,Starife Chu,9 則評論 · 21 張相片,1 年前,5 顆星,鴨肉很嫩，超好吃，配上手工餅皮更讚，有鹽酥、炒沙茶及切片三吃，有機會一定要來吃吃看。
鴨皇烤鴨,Chih Yu Lo,13 則評論 · 1 張相片,1 年前,5 顆星,
鴨皇烤鴨,古佩蓉,在地嚮導 · 99 則評論 · 202 張相片,1 年前,5 顆星,
鴨皇烤鴨,Yi Shian Chung,5 則評論 · 2 張相片,1 年前,5 顆星,
鴨皇烤鴨,白莉,在地嚮導 · 20 則評論 · 7 張相片,1 年前,5 顆星,
鴨皇烤鴨,ADVAN ASSEN,在地嚮導 · 604 則評論 · 211 張相片,1 年前,5 顆星,好吃，環境良好
鴨皇烤鴨,謝旭冠,4 則評論,1 年前,5 顆星,便宜好吃
鴨皇烤鴨,CYL,12 則評論 · 1 張相片,1 年前,5 顆星,一鴨二吃😋的好去處 …
鴨皇烤鴨,王王金祥,5 則評論 · 4 張相片,1 年前,5 顆星,
鴨皇烤鴨,盧英吟,,1 年前,5 顆星,
鴨皇烤鴨,宜蓁余,在地嚮導 · 34 則評論 · 17 張相片,1 年前,5 顆星,好吃的烤鴨
鴨皇烤鴨,張鈺婷,12 則評論 · 4 張相片,1 年前,5 顆星,老闆娘很親切 好吃
鴨皇烤鴨,姚蒂調,11 則評論,1 年前,5 顆星,
鴨皇烤鴨,為了學分忍氣吞聲,在地嚮導 · 16 則評論 · 2 張相片,1 年前,5 顆星,五星好評
鴨皇烤鴨,Syuan,在地嚮導 · 30 則評論 · 37 張相片,1 年前,5 顆星,
鴨皇烤鴨,陳韋君,3 則評論,1 年前,5 顆星,
鴨皇烤鴨,許韋翔,10 則評論 · 2 張相片,1 年前,5 顆星,
鴨皇烤鴨,巴達樂,7 則評論 · 6 張相片,1 年前,5 顆星,
鴨皇烤鴨,邱承文,在地嚮導 · 39 則評論 · 74 張相片,1 年前,5 顆星,"烤鴨美食一級棒👍
小老闆娘親切、有禮
會再光顧⋯ …"
鴨皇烤鴨,林筱綾,14 則評論 · 4 張相片,1 年前,5 顆星,服務人員很好～
鴨皇烤鴨,Donna Kao,5 則評論 · 1 張相片,1 年前,5 顆星,
鴨皇烤鴨,紫婕,8 則評論 · 3 張相片,1 年前,5 顆星,便宜又好吃！服務態度超讚
鴨皇烤鴨,Lin Michelle,11 則評論 · 11 張相片,1 年前,5 顆星,好吃
鴨皇烤鴨,張恆瑞,在地嚮導 · 217 則評論 · 9 張相片,1 年前,5 顆星,便宜美味 打卡送蔥
鴨皇烤鴨,明哲,4 則評論,1 年前,5 顆星,好吃！ ！
鴨皇烤鴨,CHING-CHIH LEE,40 則評論 · 70 張相片,1 年前,5 顆星,便宜好吃
鴨皇烤鴨,劉恩彤,3 則評論,1 年前,5 顆星,好吃😋 …
鴨皇烤鴨,蓬鬆鬆狗狗花,3 則評論 · 8 張相片,1 年前,5 顆星,老闆很親切，價格實惠
鴨皇烤鴨,chieh lin,11 則評論 · 1 張相片,1 年前,5 顆星,
鴨皇烤鴨,203 13 謝靖屏,,1 年前,5 顆星,
鴨皇烤鴨,閃閃,2 則評論,1 年前,5 顆星,
鴨皇烤鴨,高嘉蔚,6 則評論,1 年前,5 顆星,老闆娘態度很好！
鴨皇烤鴨,Ben T,在地嚮導 · 163 則評論 · 56 張相片,1 年前,5 顆星,
鴨皇烤鴨,佳棋,14 則評論 · 6 張相片,1 年前,5 顆星,服務讚👍🏻 …
鴨皇烤鴨,Han-jay Shih,在地嚮導 · 12 則評論 · 2 張相片,1 年前,5 顆星,
鴨皇烤鴨,李婕語（10418A）,在地嚮導 · 17 則評論 · 7 張相片,1 年前,5 顆星,好吃
鴨皇烤鴨,洪琮閔,2 則評論 · 1 張相片,1 年前,5 顆星,闆娘有趣會聊天
鴨皇烤鴨,李寬裕,5 則評論,1 年前,5 顆星,
鴨皇烤鴨,Jun Fei C,6 則評論,1 年前,5 顆星,烤鴨好吃
鴨皇烤鴨,歐宥鑫,7 則評論 · 5 張相片,1 年前,5 顆星,"老闆娘任搭！我說的是配料！
超讚！"
鴨皇烤鴨,Huang Hsin,2 則評論 · 1 張相片,1 年前,5 顆星,
鴨皇烤鴨,FJ Huang,在地嚮導 · 236 則評論 · 121 張相片,1 年前,5 顆星,
鴨皇烤鴨,阿俊•,,1 年前,5 顆星,
鴨皇烤鴨,STAR,14 則評論 · 9 張相片,1 年前,5 顆星,
鴨皇烤鴨,chen chen,12 則評論 · 3 張相片,1 年前,5 顆星,老闆娘人很好 推薦👍🏻 …
鴨皇烤鴨,Gary,在地嚮導 · 64 則評論 · 106 張相片,1 年前,5 顆星,好吃啦！
鴨皇烤鴨,郭力誠,6 則評論 · 3 張相片,1 年前,5 顆星,讚！
鴨皇烤鴨,俊俊,在地嚮導 · 6 則評論 · 1 張相片,1 年前,5 顆星,烤鴨很香！
鴨皇烤鴨,Rui Rui,在地嚮導 · 19 則評論 · 4 張相片,1 年前,5 顆星,
鴨皇烤鴨,小白豬,6 則評論,1 年前,5 顆星,"老闆娘人很好！
鴨肉很香👍 …"
鴨皇烤鴨,王俊霖,在地嚮導 · 11 則評論 · 2 張相片,1 年前,5 顆星,
鴨皇烤鴨,許品涵,6 則評論 · 2 張相片,1 年前,5 顆星,服務態度好！餐點速度快
鴨皇烤鴨,CYM-李佳樺,6 則評論,1 年前,5 顆星,
鴨皇烤鴨,歐巴,在地嚮導 · 20 則評論 · 1 張相片,1 年前,4 顆星,
鴨皇烤鴨,一二三,4 則評論,1 年前,5 顆星,好吃
鴨皇烤鴨,鍾冰蓮,4 則評論 · 1 張相片,1 年前,5 顆星,
鴨皇烤鴨,雨天,在地嚮導 · 70 則評論 · 20 張相片,1 年前,5 顆星,好吃！推薦
鴨皇烤鴨,謝佳妤,1 則評論,1 年前,5 顆星,
鴨皇烤鴨,黃大頭,在地嚮導 · 29 則評論 · 11 張相片,1 年前,5 顆星,
鴨皇烤鴨,張光誼,在地嚮導 · 24 則評論 · 1 張相片,1 年前,5 顆星,酥 香 紮實
鴨皇烤鴨,林秉勳,4 則評論,1 年前,5 顆星,讚！
鴨皇烤鴨,王冠欽,17 則評論 · 4 張相片,1 年前,5 顆星,好的
鴨皇烤鴨,陳星羽,在地嚮導 · 13 則評論,1 年前,5 顆星,超讚 老闆娘一級棒
鴨皇烤鴨,A C,11 則評論 · 1 張相片,1 年前,5 顆星,懷念的好味道
鴨皇烤鴨,沈伯翰,10 則評論 · 1 張相片,1 年前,5 顆星,
鴨皇烤鴨,邱瓊儀,6 則評論 · 1 張相片,1 年前,5 顆星,好吃
鴨皇烤鴨,志龍,1 則評論,1 年前,5 顆星,
鴨皇烤鴨,08黃柏翰,10 則評論 · 7 張相片,1 年前,5 顆星,
鴨皇烤鴨,白雨璇,6 則評論,1 年前,5 顆星,
鴨皇烤鴨,Dreams Rain,在地嚮導 · 43 則評論 · 24 張相片,1 年前,5 顆星,服務好
鴨皇烤鴨,Yenhsing Lee,4 則評論,1 年前,5 顆星,
鴨皇烤鴨,吳竣哲,1 則評論 · 1 張相片,1 年前,5 顆星,
鴨皇烤鴨,賴十八,在地嚮導 · 25 則評論 · 1 張相片,1 年前,5 顆星,"打卡送餅皮
現場等現場拿
不會等很久
不錯👍"
鴨皇烤鴨,ARTIE CHEN,4 則評論 · 1 張相片,1 年前,5 顆星,
鴨皇烤鴨,Yi Xiang,5 則評論,1 年前,5 顆星,
鴨皇烤鴨,魚魚,5 則評論 · 4 張相片,1 年前,5 顆星,服務好 讚
鴨皇烤鴨,玥玥,在地嚮導 · 27 則評論 · 2 張相片,1 年前,5 顆星,便宜 實惠 讚
鴨皇烤鴨,陳奕蓁,在地嚮導 · 29 則評論 · 11 張相片,1 年前,5 顆星,
鴨皇烤鴨,楊庭傑,1 則評論,1 年前,5 顆星,
鴨皇烤鴨,方奕凱,在地嚮導 · 44 則評論 · 6 張相片,1 年前,5 顆星,吃烤鴨
鴨皇烤鴨,文書憶,9 則評論 · 1 張相片,1 年前,5 顆星,
鴨皇烤鴨,鈺曼張,8 則評論 · 9 張相片,1 年前,5 顆星,
鴨皇烤鴨,陳佳琳,13 則評論 · 8 張相片,1 年前,5 顆星,"之前買過甘蔗雞覺得蠻好吃的
這次試看看烤鴨～"
鴨皇烤鴨,紫甯,14 則評論 · 6 張相片,1 年前,5 顆星,打卡送餅皮 讚👍🏻 …
鴨皇烤鴨,b202100082 (TMU),10 則評論 · 3 張相片,1 年前,5 顆星,
鴨皇烤鴨,Y W,14 則評論 · 2 張相片,1 年前,5 顆星,
鴨皇烤鴨,桃樂絲,在地嚮導 · 22 則評論 · 10 張相片,1 年前,5 顆星,老闆娘超好👍 還有一隻可愛愛撒嬌的貓 …
鴨皇烤鴨,瑋彤,3 則評論,1 年前,5 顆星,好吃讚讚
鴨皇烤鴨,chacha (chacha),25 則評論 · 1 張相片,1 年前,4 顆星,
鴨皇烤鴨,江念祖,10 則評論 · 7 張相片,1 年前,5 顆星,非常好吃服務態度好
鴨皇烤鴨,涵涵,1 則評論,1 年前,5 顆星,
鴨皇烤鴨,咘咘,7 則評論,1 年前,5 顆星,好吃
鴨皇烤鴨,q09140494陳歈紋,3 則評論,1 年前,5 顆星,讚讚
鴨皇烤鴨,Aaron 5,12 則評論 · 10 張相片,1 年前,5 顆星,
鴨皇烤鴨,Impresario Impresario,在地嚮導 · 25 則評論 · 12 張相片,1 年前,5 顆星,服務讚 烤鴨好吃 不柴 口感好
鴨皇烤鴨,Stanley,在地嚮導 · 25 則評論 · 2 張相片,1 年前,5 顆星,便宜好吃
鴨皇烤鴨,楊筱君,4 則評論 · 3 張相片,1 年前,5 顆星,好吃好吃
鴨皇烤鴨,intravel Andy,在地嚮導 · 15 則評論 · 6 張相片,1 年前,5 顆星,"非常非常用心的老闆娘。
餅皮的做法真的不容易！
不是大餅卷鴨的餅皮，是Q潤沒亂添加的皮，懂發酵製成的就知道這間店的用心。 …"
鴨皇烤鴨,石明璇,在地嚮導 · 22 則評論 · 6 張相片,1 年前,5 顆星,好吃
鴨皇烤鴨,coldman5400,在地嚮導 · 22 則評論 · 6 張相片,1 年前,5 顆星,"很好吃！
阿姨很親切"
鴨皇烤鴨,陳又溱,在地嚮導 · 23 則評論 · 4 張相片,1 年前,5 顆星,好吃好吃
鴨皇烤鴨,盧佳慧,5 則評論 · 1 張相片,1 年前,5 顆星,
鴨皇烤鴨,鸚鵡鏟屎官,10 則評論 · 2 張相片,1 年前,5 顆星,老闆娘很好 做餐速度快
鴨皇烤鴨,Zoey Zhang,在地嚮導 · 21 則評論 · 5 張相片,2 年前,5 顆星,
鴨皇烤鴨,Angela Chen,在地嚮導 · 21 則評論 · 20 張相片,2 年前,5 顆星,👍🏼👍🏼👍🏼 …
鴨皇烤鴨,Zaixing Guo,在地嚮導 · 28 則評論 · 16 張相片,2 年前,5 顆星,
鴨皇烤鴨,兔兔,1 則評論,2 年前,5 顆星,好吃
鴨皇烤鴨,邱聖哲,在地嚮導 · 4 則評論 · 48 張相片,2 年前,5 顆星,
鴨皇烤鴨,王陶斯,在地嚮導 · 29 則評論 · 16 張相片,2 年前,5 顆星,烤鴨好吃👍 …
鴨皇烤鴨,董涵淇,12 則評論 · 3 張相片,2 年前,5 顆星,好吃
鴨皇烤鴨,許生,14 則評論 · 8 張相片,2 年前,5 顆星,一鴨兩吃。
鴨皇烤鴨,許秀琴,8 則評論,2 年前,5 顆星,
鴨皇烤鴨,mo mo,21 則評論,2 年前,1 顆星,原本要買的店休息，谷歌看附近評價還不錯就來試試看，鴨感覺比別的店的小隻，餅皮也給的很小氣，私心對餅皮包著塑膠袋丟微波爐加熱這件事滿介意的，袋子看起來也不是專門微波用的那種。店長脾氣感覺也不太好，其他客人第一次來多問兩句就一直被狂嗆，然後自己也一直鬼打牆講同樣的話，對方也已經表示只是問問而已回答完就好了店長自己還在那邊一個人很氣的樣子….看完之後馬上打消回購的念頭了
鴨皇烤鴨,彥婷,在地嚮導 · 38 則評論 · 24 張相片,2 年前,5 顆星,好吃 我都點一鴨三吃 鹽酥要做外酥內軟
鴨皇烤鴨,張雅婷,10 則評論 · 3 張相片,2 年前,2 顆星,
鴨皇烤鴨,謝侑庭,在地嚮導 · 69 則評論 · 349 張相片,2 年前,4 顆星,
鴨皇烤鴨,Ting-Fang Hsieh,7 則評論 · 4 張相片,2 年前,5 顆星,
鴨皇烤鴨,I HUNG TSENG,8 則評論 · 3 張相片,2 年前,5 顆星,
鴨皇烤鴨,惠芬朱,5 則評論 · 1 張相片,2 年前,5 顆星,
鴨皇烤鴨,賴雨亭,在地嚮導 · 19 則評論 · 5 張相片,2 年前,5 顆星,棒棒棒👍🏻 …
鴨皇烤鴨,KimKao,在地嚮導 · 16 則評論 · 18 張相片,2 年前,5 顆星,
鴨皇烤鴨,Apo Fang,在地嚮導 · 28 則評論 · 12 張相片,2 年前,5 顆星,
鴨皇烤鴨,Gordon Jheng,在地嚮導 · 118 則評論 · 21 張相片,2 年前,4 顆星,
鴨皇烤鴨,鄭莉莉,14 則評論 · 4 張相片,2 年前,1 顆星,現場有大嬸插隊，買的很不開心。
鴨皇烤鴨,蔡萬金,"在地嚮導 · 514 則評論 · 4,732 張相片",2 年前,4 顆星,鴨皇烤鴨已經吃了幾十年了，在台南有許多家分店，就鴨隻而言是比一般烤鴨店的鴨子小隻一些，但是烤鴨的肉質口感覺得很不錯，也買過甘蔗雞一樣很不錯，雖然物價上漲還是便宜一點，外帶回家順便自己添加一些蔥段，更是夠味。
鴨皇烤鴨,Joanne King,在地嚮導 · 174 則評論 · 76 張相片,2 年前,1 顆星,
鴨皇烤鴨,Sheng Chen,在地嚮導 · 79 則評論 · 1 張相片,2 年前,5 顆星,烤鴨很好吃
鴨皇烤鴨,막내 (막내),在地嚮導 · 135 則評論 · 92 張相片,2 年前,5 顆星,非常好吃CP值很高
鴨皇烤鴨,林暉洪,在地嚮導 · 56 則評論 · 5 張相片,3 年前,1 顆星,
鴨皇烤鴨,ALWAYS要生活,在地嚮導 · 106 則評論 · 183 張相片,3 年前,5 顆星,路過很多次，頭一次吃，皮脆肉嫩。推推，喜歡吃皮的可以加點唷！
鴨皇烤鴨,smallpan pan,在地嚮導 · 46 則評論 · 3 張相片,3 年前,5 顆星,
鴨皇烤鴨,林逡葦,1 則評論,3 年前,5 顆星,
鴨皇烤鴨,郭子彥,4 則評論 · 2 張相片,3 年前,5 顆星,讚喔👍 …
鴨皇烤鴨,Chung Yao Jung,4 則評論 · 1 張相片,3 年前,5 顆星,老闆娘熱情親切，東西好吃，推薦大家吃！
鴨皇烤鴨,王韋凱,6 則評論 · 1 張相片,3 年前,5 顆星,讚
鴨皇烤鴨,Liliana Wu,2 則評論,3 年前,5 顆星,
鴨皇烤鴨,Coco帥,在地嚮導 · 127 則評論 · 11 張相片,3 年前,5 顆星,鹹酥鴨好吃~~
鴨皇烤鴨,林零蘋,在地嚮導 · 26 則評論,3 年前,5 顆星,常客，二吃最愛😍 …
鴨皇烤鴨,Sapphire,在地嚮導 · 35 則評論 · 27 張相片,3 年前,1 顆星,"常常買這家的烤鴨，但體驗愈來愈差！！
當天早上在店裡買一隻鴨回去拜拜，中午拜完拿回去給店料理，想要做一鴨二吃，結果說直接炒鹹酥的，我們要求切肉片，店家說只幫忙切半隻，剩下全部都拿去做鹹酥。
無言，客人要切整隻的肉也不給，是懶得幫我們切嗎？因為鹹酥做起來比較方便嗎？"
鴨皇烤鴨,pp pp,"在地嚮導 · 829 則評論 · 2,192 張相片",3 年前,4 顆星,"點了兩吃，片鴨肉中規中矩，鴨皮也普通，打卡按讚多送一份餅皮，餅皮很薄卻又帶Q蠻好吃的。
鹹酥的蔥蒜不手軟，雖然炸得有點老考驗齒力，但整體很香很刷嘴！小辣沒感覺到辣，下次可能需要點到中辣，下酒剛好！"
鴨皇烤鴨,Daisy,"在地嚮導 · 280 則評論 · 1,001 張相片",3 年前,5 顆星,"點了一鴨二吃（片鴨+鹽酥鴨）
很好吃欸！醬也沒有評論說的不搭啊！
不過鹽酥鴨滿鹹的，很適合當下酒菜😂
打卡有送一包餅皮，餅皮略薄 …"
鴨皇烤鴨,炙燒生魚片,在地嚮導 · 39 則評論 · 186 張相片,3 年前,5 顆星,"覺得超棒的！
老闆娘超客氣
鴨肉也好吃 …"
鴨皇烤鴨,KEVIN CHANG,在地嚮導 · 29 則評論,3 年前,3 顆星,片鴨，炒骨口味尚可，跟其他店比起來，烤鴨雖然便宜一些，但份量明顯少很多，吃沒兩口就沒了，畢竟一分錢一分貨吧，再找別家試試看吧。
鴨皇烤鴨,周宣辰,14 則評論,3 年前,5 顆星,
鴨皇烤鴨,胡金龍,在地嚮導 · 150 則評論 · 195 張相片,3 年前,5 顆星,現場買超級好吃！炒骨肉蠻多的！
鴨皇烤鴨,史黛拉,"在地嚮導 · 926 則評論 · 6,962 張相片",3 年前,1 顆星,"一鴨三吃
沾醬剁盤鴨_口感肉質，尚可接受，但餅皮只有5小片，跟敷眼膜一樣薄，其他店家都是給豪邁餅皮，第一次吃到摳門餅皮。
炒鴨_炒的算入味，但肉質偏乾，偏乾這就真的GG. …"
鴨皇烤鴨,tun,在地嚮導 · 27 則評論 · 1 張相片,3 年前,1 顆星,
鴨皇烤鴨,Keven wen,在地嚮導 · 16 則評論,3 年前,4 顆星,
鴨皇烤鴨,Yuan,在地嚮導 · 56 則評論 · 22 張相片,3 年前,4 顆星,"口味不錯
但點全鴨
餅皮只有給五張
實在太少"
鴨皇烤鴨,叛逆豪仔,在地嚮導 · 30 則評論 · 8 張相片,3 年前,5 顆星,"聞得到很好吃的味道，吃得很讚！

缺點是排隊人潮，反正排隊人潮太多表示很好吃的樣子！"
鴨皇烤鴨,敏,5 則評論 · 1 張相片,3 年前,1 顆星,"鴨肉醬料是烤鴨的靈魂
但很難吃
粉味太重"
鴨皇烤鴨,史昌澤,在地嚮導 · 108 則評論 · 22 張相片,3 年前,5 顆星,好吃
鴨皇烤鴨,陳雅惠,6 則評論 · 10 張相片,3 年前,3 顆星,
鴨皇烤鴨,吳蓓怡,在地嚮導 · 130 則評論 · 299 張相片,3 年前,5 顆星,一鴨三吃很讚，而且10分鐘內就可取餐了，好吃，但一隻鴨只附一套餅，所以要多買兩個餅和蔥，只不習慣這家自己調配的甜麵醬，不然就100分了
鴨皇烤鴨,CJ Kuo,在地嚮導 · 159 則評論 · 55 張相片,3 年前,3 顆星,"先打電話預定
可是到現場卻說現場排比較快
好吃的食物是值得等待 …"
鴨皇烤鴨,謝明達,在地嚮導 · 33 則評論 · 23 張相片,3 年前,5 顆星,
鴨皇烤鴨,皓爸,"在地嚮導 · 1,020 則評論 · 5,949 張相片",3 年前,4 顆星,份量不算多，口味中規中矩。
鴨皇烤鴨,Chien Chen,"在地嚮導 · 403 則評論 · 1,938 張相片",3 年前,5 顆星,醬汁很棒，需要打電話訂，不然要等很久才能排隊。
鴨皇烤鴨,陳儀峰,在地嚮導 · 37 則評論 · 2 張相片,3 年前,5 顆星,
鴨皇烤鴨,强強,在地嚮導 · 423 則評論 · 189 張相片,3 年前,3 顆星,很一般般，比較沒什麼特別的地方
鴨皇烤鴨,Singyi Chou,9 則評論 · 1 張相片,3 年前,4 顆星,
鴨皇烤鴨,胡瀞云,3 則評論,4 年前,1 顆星,
鴨皇烤鴨,Chiu Fai Shum,在地嚮導 · 68 則評論 · 162 張相片,4 年前,5 顆星,很好吃的烤鴨，價格又便宜，附餅皮及醬汁，很適合配搭紅酒，是週末在家看電影必備的食物。我最愛鹽酥中辣用新鮮辣椒，味道一流，搬來臺南一年多吃過最好吃的就是這家。
鴨皇烤鴨,羅根,2 則評論,4 年前,5 顆星,老闆受傷，約三月中旬才可能開始營業，喜歡這間的鄉親別撲空了喔
鴨皇烤鴨,阿布拉,"在地嚮導 · 1,904 則評論 · 11,263 張相片",4 年前,3 顆星,鴨肉嫩不柴
鴨皇烤鴨,ManPing Wu,在地嚮導 · 29 則評論 · 8 張相片,4 年前,1 顆星,"沒有給餅皮就是沒有給餅皮 原本的沒給加點的也沒給
沒有現場打開來檢查是我們太信任店家 我的錯
打電話過去詢問一直說不可能還跟我大小聲 …"
鴨皇烤鴨,梁ㄚ,在地嚮導 · 6 則評論 · 99 張相片,4 年前,4 顆星,
鴨皇烤鴨,BoSing Yeh,在地嚮導 · 7 則評論 · 352 張相片,4 年前,3 顆星,
鴨皇烤鴨,芒內,在地嚮導 · 50 則評論,4 年前,3 顆星,價格便宜，但烤鴨偏硬，味道也很普通
鴨皇烤鴨,BO Yang,13 則評論,4 年前,2 顆星,價格便宜但味道普通，醬料的口味因人而異
鴨皇烤鴨,Bb1234 King,在地嚮導 · 51 則評論 · 2 張相片,4 年前,4 顆星,烤鴨有點硬，鹹度跟辣度可跟老闆娘講，味道不錯，價格不貴，cp值高
鴨皇烤鴨,Royal,57 則評論 · 17 張相片,4 年前,5 顆星,"烤鴨餅皮是荷葉餅
市面上比較少看到
但覺得可以再做大張一點 …"
鴨皇烤鴨,胡富捷（smalltaero）,"在地嚮導 · 227 則評論 · 1,017 張相片",4 年前,4 顆星,
鴨皇烤鴨,Ren-Li Chen,在地嚮導 · 121 則評論 · 290 張相片,4 年前,5 顆星,麵皮很薄，炒鴨算比較清淡的口味，烤鴨口味也算不錯，一鴨兩吃340元，整體來說cp值真的很高。
鴨皇烤鴨,Toby,,4 年前,4 顆星,
鴨皇烤鴨,何阿賢,"在地嚮導 · 1,035 則評論 · 2,335 張相片",5 年前,5 顆星,一鴨多吃，吃起來…
鴨皇烤鴨,李明福,289 則評論 · 23 張相片,5 年前,3 顆星,嗯
鴨皇烤鴨,阿祐,在地嚮導 · 167 則評論 · 94 張相片,5 年前,5 顆星,價格便宜，烤鴨也不算小隻，鴨片皮酥脆肉質也不會柴，炒鴨味道可以重一點更讚，鹹酥肉質偏硬不過口味還可以，餅皮薄了點不好夾片鴨，沾醬中規中矩。
鴨皇烤鴨,王心怡,在地嚮導 · 59 則評論 · 2 張相片,5 年前,5 顆星,以一般烤鴨店來說，價格算便宜，麵皮很薄，好吃！
鴨皇烤鴨,小偉,在地嚮導 · 31 則評論 · 52 張相片,5 年前,4 顆星,好吃又便宜
鴨皇烤鴨,董俊卿,1 則評論,5 年前,4 顆星,
鴨皇烤鴨,陳小榆,,5 年前,5 顆星,
鴨皇烤鴨,陳政鴻,在地嚮導 · 54 則評論 · 7 張相片,5 年前,3 顆星,
鴨皇烤鴨,妹妹,32 則評論,5 年前,2 顆星,"今天購買的全部又乾又硬，
就像是沒有完全解凍就烹調的食物
乾硬的片鴨與炒鴨 失望😕

回覆：
首先 先感謝老闆的回應，老闆願意重視商品
品質等服務 已超出5顆星 ，

已前往購買多次
留言當天
以電話預訂後取餐  1隻 2吃
當晚餐 立刻食用 仍熱騰騰的

如上述：
如同沒有解凍的食物 硬是烹調至熟成
片鴨： 比雞肉飯的雞絲還要乾硬
不知是否是烤焦 但鴨皮並沒有焦化
炒鴨： 是濕的也是硬綁綁的非常粗糙
沒解凍就烹調後的口感
連不挑食的家人也不願意吃
不像是當天製作的食品
整大袋只好丟進冷凍櫃 ……

無論如何 還是感謝老闆您
願意關心顧客購買後的感受
這是很多店家 不會去重視的

以上  實話實說"
鴨皇烤鴨,楊政霖,在地嚮導 · 19 則評論 · 19 張相片,5 年前,5 顆星,"便宜 好吃 老闆親切
適合收入口袋名單"
鴨皇烤鴨,林潮順,1 則評論,5 年前,5 顆星,"烤鴨好吃,
服務也不錯,
值得推薦!!"
鴨皇烤鴨,Mico & Kirin,10 則評論,5 年前,5 顆星,
鴨皇烤鴨,霧島翔,在地嚮導 · 62 則評論 · 12 張相片,5 年前,3 顆星,
鴨皇烤鴨,蔡育宸,5 則評論 · 2 張相片,5 年前,5 顆星,
鴨皇烤鴨,張天佑,4 則評論,5 年前,5 顆星,
鴨皇烤鴨,Hao,10 則評論 · 1 張相片,5 年前,1 顆星,電話訂單服務不好，拿別人的訂單給我，看了不對詢問老闆，並且述說訂單內容，但老闆卻跟我說下次要講清楚，是我沒有跟老闆說好，最後才發現有我的訂單才拿給我，給我的印象非常差👎 …
鴨皇烤鴨,許文吉,在地嚮導 · 125 則評論 · 166 張相片,5 年前,5 顆星,便宜，好吃，親切，迅速
鴨皇烤鴨,林志煌,在地嚮導 · 630 則評論 · 572 張相片,5 年前,4 顆星,個人覺得口味不錯，常常去買回家吃。
鴨皇烤鴨,王怡文,18 則評論 · 1 張相片,5 年前,5 顆星,"是目前吃過最好吃的鴨鴨。
鹹酥鴨有九層塔還有超多蔥蒜，超香
片鴨的皮超薄超好吃，不像x虎很厚又貴森森"
鴨皇烤鴨,超級綠頭丸,在地嚮導 · 72 則評論 · 19 張相片,5 年前,5 顆星,好吃😋老闆娘很加分 …
鴨皇烤鴨,吳炳煌,1 則評論,5 年前,5 顆星,-服務態度良好
鴨皇烤鴨,周奕文,5 則評論 · 3 張相片,5 年前,5 顆星,
鴨皇烤鴨,Birdy Chien,1 則評論 · 1 張相片,5 年前,1 顆星,
鴨皇烤鴨,墨默,2 則評論,5 年前,5 顆星,
鴨皇烤鴨,YuChing Lin,23 則評論 · 20 張相片,5 年前,5 顆星,"好吃 老闆娘很親切 可愛
炒鴨味道非常好👍 …"
鴨皇烤鴨,蔡阿福,在地嚮導 · 385 則評論 · 475 張相片,6 年前,4 顆星,
鴨皇烤鴨,許永茂,在地嚮導 · 6 則評論,6 年前,4 顆星,價格實惠
鴨皇烤鴨,鄒德明,在地嚮導 · 7 則評論 · 12 張相片,6 年前,3 顆星,
鴨皇烤鴨,邱琮琮,1 則評論,6 年前,4 顆星,
鴨皇烤鴨,JIN JIN,8 則評論 · 2 張相片,6 年前,5 顆星,
鴨皇烤鴨,老明,在地嚮導 · 4 則評論 · 5 張相片,6 年前,3 顆星,
鴨皇烤鴨,王述和,在地嚮導 · 344 則評論 · 454 張相片,6 年前,3 顆星,可以
鴨皇烤鴨,歹瑯,在地嚮導 · 24 則評論,6 年前,5 顆星,
鴨皇烤鴨,鄭鄭敏聰,在地嚮導 · 65 則評論 · 327 張相片,6 年前,4 顆星,"價格 實在又好吃，我常常購買，
老闆娘 很親切，心地好，很照顧街頭浪浪。"
鴨皇烤鴨,英邵,在地嚮導 · 45 則評論 · 4 張相片,6 年前,5 顆星,
鴨皇烤鴨,林嘉佑,在地嚮導 · 96 則評論 · 417 張相片,6 年前,5 顆星,
鴨皇烤鴨,Chin Huang,"在地嚮導 · 358 則評論 · 1,398 張相片",6 年前,3 顆星,好吃
鴨皇烤鴨,涂瑞鈞,,6 年前,4 顆星,
鴨皇烤鴨,MEI KE,8 則評論 · 7 張相片,6 年前,5 顆星,好吃，阿姨會依照客人的口味客製化，ㄧ試成主顧👍🏻👍🏻👍🏻 …
鴨皇烤鴨,李彥誼,在地嚮導 · 15 則評論 · 9 張相片,6 年前,1 顆星,不推薦預約，直接現場點！因為老闆娘都會把現做好的先給現場客人！森氣氣
鴨皇烤鴨,yu chen,在地嚮導 · 313 則評論 · 585 張相片,6 年前,3 顆星,雖然很親切。
鴨皇烤鴨,Jo Bcu,在地嚮導 · 124 則評論 · 56 張相片,6 年前,4 顆星,
鴨皇烤鴨,GawrGuraは俺の嫁,3 則評論,6 年前,5 顆星,
鴨皇烤鴨,Belle Kuo,"在地嚮導 · 335 則評論 · 5,080 張相片",6 年前,5 顆星,鹹酥鴨真的好吃呀！非常夠味，片鴨也不錯，炒骨味道也極好，真的很推薦喲！更驚喜的是價格非常可愛，店家阿姨也很細心，還問我要不要加生辣椒🌶️的 …
鴨皇烤鴨,江Pei Syun,在地嚮導 · 115 則評論 · 36 張相片,6 年前,5 顆星,鹹酥鴨鹹香超下飯，大蒜給的也很大方，是我吃過台南中最好吃的
鴨皇烤鴨,再來r啦嘰,"在地嚮導 · 749 則評論 · 6,177 張相片",6 年前,4 顆星,"烤鴨不錯 鹽酥偏鹹
不想等可以電話預約
不過有時候就算打電話老闆也會忘記"
鴨皇烤鴨,陳靜靜,"在地嚮導 · 731 則評論 · 7,281 張相片",7 年前,5 顆星,
鴨皇烤鴨,RJ YUAN (阿傑),4 則評論 · 3 張相片,7 年前,5 顆星,
鴨皇烤鴨,maylin,11 則評論 · 1 張相片,7 年前,5 顆星,好吃
鴨皇烤鴨,Arc0864,在地嚮導,7 年前,4 顆星,
鴨皇烤鴨,陳俊源,在地嚮導 · 14 張相片,8 年前,3 顆星,
鴨皇烤鴨,Da Xiong Lin,在地嚮導 · 155 則評論 · 77 張相片,8 年前,4 顆星,我喜歡他們家的鹽酥鴨，不會死鹹，鴨肉酥脆，蒜跟蔥不會太老。而且老闆娘待人親切，還會貼心的提醒你鹽酥鴨進量不要封口，肉才會香酥。
鴨皇烤鴨,潘嘲風,2 則評論,8 年前,1 顆星,
三代藥膳心肝湯,沈晃文,在地嚮導 · 3 則評論 · 1 張相片,2 個月前,5 顆星,很棒的年輕人，很有禮貌
三代藥膳心肝湯,Ro,在地嚮導 · 127 則評論 · 43 張相片,3 個月前,5 顆星,"評論很少耶但我覺得湯頭不錯
肝、腸都沒有怪味道
腸子也很脆
有經過可以吃一下～"
三代藥膳心肝湯,葉偉澤,"在地嚮導 · 273 則評論 · 3,110 張相片",3 個月前,5 顆星,好喝的藥膳
三代藥膳心肝湯,Jamie Chang,"在地嚮導 · 740 則評論 · 4,712 張相片",4 個月前,4 顆星,"腰子湯（120元）
湯頭的藥膳味蠻明顯的，不錯喝，可是腰子不夠滑嫩，份量一般。

大骨湯（120元）
也是藥膳湯頭，但是裡面給了兩隻大骨，肉不多。

以兩碗的主食內容來說，都覺得價格有一點高"
台灣番薯丸-手作地瓜球（公園店）-臨休請看粉絲團,Chien-Ming Pan,在地嚮導 · 13 則評論 · 3 張相片,2 週前,2 顆星,"雖然是打烊前才買的，但我不認為店家一定要全部賣完才收拾。
我拿到手的2包都是溫的，離鍋應該好一陣子，吃下去是滿滿的油膩味。
我相信你們的產品剛出爐肯定好吃，但是我們實在沒必要花100塊買你們的不想浪費食物，感受真的不好"
台灣番薯丸-手作地瓜球（公園店）-臨休請看粉絲團,Ni Mai梅雅妮,在地嚮導 · 28 則評論 · 90 張相片,1 個月前,5 顆星,好吃老闆娘貼心
台灣番薯丸-手作地瓜球（公園店）-臨休請看粉絲團,Priscilla Tsang,10 則評論 · 5 張相片,1 個月前,5 顆星,"芥末味粉必試！現炸蕃薯丸很脆很Q很新鮮

老闆的娘很友善"
台灣番薯丸-手作地瓜球（公園店）-臨休請看粉絲團,小柏,3 則評論,1 個月前,5 顆星,老闆娘很健談～東西也好吃～
台灣番薯丸-手作地瓜球（公園店）-臨休請看粉絲團,Satou Ulaao,"在地嚮導 · 1,415 則評論 · 7,909 張相片",1 個月前,5 顆星,"街邊臨停可快速外帶的地瓜球
溫度 微溫，非現炸，不油膩
空心地瓜球不錯吃，微甜香"
台灣番薯丸-手作地瓜球（公園店）-臨休請看粉絲團,陳品諭,5 則評論,3 個月前,5 顆星,
台灣番薯丸-手作地瓜球（公園店）-臨休請看粉絲團,蔡宗霖,在地嚮導 · 25 則評論 · 535 張相片,3 個月前,5 顆星,
台灣番薯丸-手作地瓜球（公園店）-臨休請看粉絲團,張凱婷,14 則評論 · 7 張相片,3 個月前,5 顆星,黑糖粉超好吃😋老闆也很親切
台灣番薯丸-手作地瓜球（公園店）-臨休請看粉絲團,黃俊豪,在地嚮導 · 36 則評論,3 個月前,5 顆星,超好吃！服務又好又親切！每去必買！推推推～～～
台灣番薯丸-手作地瓜球（公園店）-臨休請看粉絲團,洪小玲,"305 則評論 · 1,767 張相片",3 個月前,5 顆星,
台灣番薯丸-手作地瓜球（公園店）-臨休請看粉絲團,莎菈,在地嚮導 · 27 則評論 · 50 張相片,4 個月前,5 顆星,"可以自己調味的地瓜球，外脆內Q，真的很好吃，而且闆娘好親切,很擔心我不知道怎麼加調味料，還出來幫我扶袋子
闆娘看起來也太年輕了，在炸地瓜球的竟然是兒子，真的是老闆的娘
雖然是去買藤柳杯燒仙草而路過買一下，但是也太好吃了，謝謝熱情招呼"
台灣番薯丸-手作地瓜球（公園店）-臨休請看粉絲團,Robert Chen,在地嚮導 · 2 則評論 · 56 張相片,5 個月前,4 顆星,
台灣番薯丸-手作地瓜球（公園店）-臨休請看粉絲團,Olivia Cheng,在地嚮導 · 11 則評論 · 26 張相片,6 個月前,5 顆星,"服務態度非常好，貼心分裝。
Q彈自然甘甜，冷了也好沒有過多油膩感，超推薦！"
台灣番薯丸-手作地瓜球（公園店）-臨休請看粉絲團,九丨丨,在地嚮導 · 97 則評論 · 22 張相片,6 個月前,5 顆星,老闆有帥，已購買，小孩很愛吃~
台灣番薯丸-手作地瓜球（公園店）-臨休請看粉絲團,劉義仁,在地嚮導 · 30 則評論 · 4 張相片,8 個月前,1 顆星,要開不開的 臉書也沒有寫公休 白跑一趟浪費時間
台灣番薯丸-手作地瓜球（公園店）-臨休請看粉絲團,許潔綾,5 則評論 · 3 張相片,9 個月前,5 顆星,下課之後想吃點甜的補充體力，就會來這裡吃一下地瓜球，地瓜球真的是我的愛~而且這家的真的很好吃，皮薄，而且口感很Q很好吃，再加上攤位上的調味粉，真的很好吃~~
台灣番薯丸-手作地瓜球（公園店）-臨休請看粉絲團,Iii H,4 則評論 · 2 張相片,9 個月前,5 顆星,店面是一個小攤子，但是在這個小攤子裡面，都是老闆用心經營的點滴，客人在買的時候，可以看到老闆現炸地瓜球的樣子，每一份都是新鮮的地瓜球，吃進去的時候不只開心還很放心，真的很滿足~
台灣番薯丸-手作地瓜球（公園店）-臨休請看粉絲團,18林芳淇,6 則評論 · 1 張相片,9 個月前,5 顆星,很喜歡看老闆做地瓜球的過程，看到自己買的地瓜球在油鍋裡膨脹，再看到老闆把它們盛裝起來，送到手上，興奮喜悅在吃到地瓜球的當下化成了滿足~而且這間可以自己選擇要什麼口味，有六~十種的口味。
台灣番薯丸-手作地瓜球（公園店）-臨休請看粉絲團,Daisy,4 則評論 · 2 張相片,9 個月前,5 顆星,下課之後來買了一包，一天的疲勞在吃到甜食之後就會消失~這間地瓜球品質很好，買的時候都是看老闆現炸，買的放心吃的安心，心裡也很滿足！！
台灣番薯丸-手作地瓜球（公園店）-臨休請看粉絲團,i B,2 則評論,9 個月前,5 顆星,買了一包，皮很薄很脆，每個都是現炸的，吃的出來老闆很用心，品質超好，謝謝老闆~~
台灣番薯丸-手作地瓜球（公園店）-臨休請看粉絲團,柒柒,5 則評論 · 2 張相片,9 個月前,5 顆星,這間地瓜球好好吃唷~都是現炸的，而且有很多種的口味，老闆炸好可以自己搭口味，超讚！
台灣番薯丸-手作地瓜球（公園店）-臨休請看粉絲團,吳雅玲,3 則評論 · 2 張相片,9 個月前,5 顆星,這間在台南公園附近，買的時候可以看到老闆現炸地瓜球，越看越療癒，吃起來很脆很香~
台灣番薯丸-手作地瓜球（公園店）-臨休請看粉絲團,梁心怡,在地嚮導 · 17 則評論 · 6 張相片,9 個月前,5 顆星,"買了兩大包，1包小孩在車上就吃完了
說好好吃喔！👍"
台灣番薯丸-手作地瓜球（公園店）-臨休請看粉絲團,SU HOW,在地嚮導 · 231 則評論 · 2 張相片,10 個月前,2 顆星,"對這間的印象還不錯
可惜取餐的女店員
臉色不是很好~"
台灣番薯丸-手作地瓜球（公園店）-臨休請看粉絲團,Fenghao Zhan (柚子),17 則評論 · 4 張相片,10 個月前,5 顆星,"店員服務很好！已經買好幾次了，每次都是現炸也很q彈，也會告知要等待的時間。
推薦大家來這裡買"
台灣番薯丸-手作地瓜球（公園店）-臨休請看粉絲團,319 08曾鈺婷,2 則評論 · 2 張相片,10 個月前,5 顆星,"價格是大包60，小包40，地瓜球是有嚼勁的那種，價格和品質絕對是合理的。
攤子前面有六種調味粉可以選擇，個人覺得原味就很好吃了啦~但是調味粉一定要試試看！！
包裝也很好看耶~~"
台灣番薯丸-手作地瓜球（公園店）-臨休請看粉絲團,New Blood 10th,2 則評論 · 3 張相片,10 個月前,5 顆星,"這間店可以自己選口味 ！！炸好之後自己加調味粉，真的很讚~推薦梅子口味，梅子跟地瓜球真的很搭😋
附上兩張戳地瓜球的照片🥰"
台灣番薯丸-手作地瓜球（公園店）-臨休請看粉絲團,Zang,在地嚮導 · 8 則評論 · 33 張相片,10 個月前,5 顆星,"地瓜球本人是我吃過最好吃的，皮薄薄的，炸到酥酥脆脆，一咬下去真的很幸福很好吃~
附上吃到剩三顆的照片🤤😋"
台灣番薯丸-手作地瓜球（公園店）-臨休請看粉絲團,白羽空,1 張相片,11 個月前,5 顆星,
台灣番薯丸-手作地瓜球（公園店）-臨休請看粉絲團,陳羽,7 則評論 · 3 張相片,11 個月前,5 顆星,"酥酥脆脆的超級好ㄘ(´,,•﹃•,,｀)"
台灣番薯丸-手作地瓜球（公園店）-臨休請看粉絲團,許僑勻,3 則評論,11 個月前,5 顆星,
台灣番薯丸-手作地瓜球（公園店）-臨休請看粉絲團,YJ,在地嚮導 · 76 則評論 · 11 張相片,1 年前,3 顆星,剛拿到馬上吃就覺得超硬，吃兩三顆就咬到嘴巴超累，不想吃了。
台灣番薯丸-手作地瓜球（公園店）-臨休請看粉絲團,張凱程,在地嚮導 · 39 則評論 · 19 張相片,1 年前,3 顆星,"先說地瓜球本身還可以是好吃的
但建議老闆換梅粉的牌子
現在用的梅粉個人覺得不搭"
台灣番薯丸-手作地瓜球（公園店）-臨休請看粉絲團,Qiu Lavin,9 則評論 · 1 張相片,1 年前,5 顆星,"吃過這間台灣番薯丸就回不去了
又大又脆又香 超好吃的啦！！！"
台灣番薯丸-手作地瓜球（公園店）-臨休請看粉絲團,思涵,5 則評論 · 2 張相片,1 年前,5 顆星,
台灣番薯丸-手作地瓜球（公園店）-臨休請看粉絲團,Wen Ning Chen,在地嚮導 · 64 則評論 · 2 張相片,1 年前,5 顆星,乾淨衛生，油很乾淨，地瓜球大顆又好吃，老闆很親切，推薦！
台灣番薯丸-手作地瓜球（公園店）-臨休請看粉絲團,吳盈宏,在地嚮導 · 17 則評論 · 15 張相片,1 年前,4 顆星,
台灣番薯丸-手作地瓜球（公園店）-臨休請看粉絲團,小璇,在地嚮導 · 229 則評論 · 607 張相片,1 年前,5 顆星,完全沒有油耗味，很Q有淡淡的番薯味，Q彈好吃！
台灣番薯丸-手作地瓜球（公園店）-臨休請看粉絲團,Lan lan,5 則評論,1 年前,1 顆星,
台灣番薯丸-手作地瓜球（公園店）-臨休請看粉絲團,李俊良,11 則評論 · 9 張相片,1 年前,5 顆星,店面十分乾淨，餐點美味，店家服務態度十分好
台灣番薯丸-手作地瓜球（公園店）-臨休請看粉絲團,歐榮山,2 則評論,1 年前,5 顆星,
台灣番薯丸-手作地瓜球（公園店）-臨休請看粉絲團,黃怡茜,在地嚮導 · 94 則評論 · 50 張相片,1 年前,5 顆星,東西好吃，價格實在，服務良好，非常推薦的好店👍
台灣番薯丸-手作地瓜球（公園店）-臨休請看粉絲團,方勁焜,7 則評論 · 1 張相片,1 年前,5 顆星,
台灣番薯丸-手作地瓜球（公園店）-臨休請看粉絲團,黃逸蓁,3 則評論,1 年前,5 顆星,超級好吃的QQ蛋😋♥️
台灣番薯丸-手作地瓜球（公園店）-臨休請看粉絲團,Puppy Chen,在地嚮導 · 102 則評論 · 6 張相片,1 年前,5 顆星,年輕老闆服務態度良好，價格便宜，媽媽也覺得好吃，非常推薦👍 …
台灣番薯丸-手作地瓜球（公園店）-臨休請看粉絲團,CHING MING HUANG,在地嚮導 · 69 則評論 · 12 張相片,1 年前,5 顆星,剛炸起來好好吃，放涼了也很棒，外酥內糯的口感，比起夜市的QQ球，可以多咬好幾口，讓地瓜香氣在口腔縈繞不散。
台灣番薯丸-手作地瓜球（公園店）-臨休請看粉絲團,Phoenix Liu,在地嚮導 · 19 則評論 · 46 張相片,1 年前,5 顆星,謝謝賜我們母子療癒的地瓜球球
台灣番薯丸-手作地瓜球（公園店）-臨休請看粉絲團,余政豪,在地嚮導 · 37 則評論 · 15 張相片,1 年前,5 顆星,只能說這麼多分店我只吃這家
台灣番薯丸-手作地瓜球（公園店）-臨休請看粉絲團,陳哆哆,7 則評論,1 年前,1 顆星,店家給錯口味，說要補，結果隔幾天要去取卻說雙方都有錯，所以當下只是說好聽要安撫情緒，過後卻說顧客也有錯，感覺非常差，不會再買，也不會推薦別人買
台灣番薯丸-手作地瓜球（公園店）-臨休請看粉絲團,尹詠萱,"在地嚮導 · 987 則評論 · 2,995 張相片",1 年前,5 顆星,梅子口味讚
台灣番薯丸-手作地瓜球（公園店）-臨休請看粉絲團,張鈞祐,2 則評論,1 年前,5 顆星,
台灣番薯丸-手作地瓜球（公園店）-臨休請看粉絲團,Olivia Guo,在地嚮導 · 7 則評論 · 9 張相片,1 年前,5 顆星,
台灣番薯丸-手作地瓜球（公園店）-臨休請看粉絲團,Nancy Chiang,在地嚮導 · 546 則評論 · 873 張相片,1 年前,5 顆星,"因為家附近沒賣地瓜球，在外送平台上看到就特別來這家。
這次買了大包的，$60，可以自己加調味粉，他們的梅子真的很梅子～酸酸的微甜，不像一般梅粉用甜味充數。

口感真的很Q彈！吃了不會很空虛，也算大顆～

去的時候剛好剩沒幾顆，所以等現炸大概7～8分鐘，現炸好，老闆娘會立刻拿吹風機吹涼，讓地瓜球有很讚、紮實酥脆的口感。

看到banner寫超過十五分鐘立刻下架，覺得他們的地瓜球真的品質很好！會再回訪🥰🥰🥰"
台灣番薯丸-手作地瓜球（公園店）-臨休請看粉絲團,shao hui weng,"在地嚮導 · 665 則評論 · 3,987 張相片",1 年前,5 顆星,"品質保證的一家店
地瓜球到處有，台灣蕃薯丸真的更好吃一些
生意也很好，吃剛炸起來的就是美味😋 …"
台灣番薯丸-手作地瓜球（公園店）-臨休請看粉絲團,KKK Lu,在地嚮導 · 57 則評論 · 61 張相片,1 年前,5 顆星,不會太甜太硬太油，外酥內Q，尤其放涼後也很好吃
台灣番薯丸-手作地瓜球（公園店）-臨休請看粉絲團,unique,3 則評論,1 年前,1 顆星,味道跟口感完全跟總店不一樣
台灣番薯丸-手作地瓜球（公園店）-臨休請看粉絲團,江偉甄,3 則評論,1 年前,5 顆星,"超棒的啊蕃薯丸 很大顆推推
趁熱吃更是一級棒🍠！
老闆娘跟老闆態度也很好><"
台灣番薯丸-手作地瓜球（公園店）-臨休請看粉絲團,李佳禕,4 則評論 · 1 張相片,1 年前,5 顆星,
台灣番薯丸-手作地瓜球（公園店）-臨休請看粉絲團,Dory Chien,14 則評論 · 1 張相片,1 年前,2 顆星,建議可以上桃園吃吃看地瓜球⋯⋯⋯⋯
台灣番薯丸-手作地瓜球（公園店）-臨休請看粉絲團,シュイン,14 則評論,1 年前,1 顆星,4/30 大約晚上8點多買的，買了60元大包，等差不多十分鐘，回家吃每顆都炸過頭硬到不行，不知道其他五顆星怎麼來的，反正吃完嘴巴真痠，
台灣番薯丸-手作地瓜球（公園店）-臨休請看粉絲團,吳Yu cen,3 則評論 · 1 張相片,1 年前,5 顆星,好吃😋而且離家好近好方便 …
台灣番薯丸-手作地瓜球（公園店）-臨休請看粉絲團,MIN HSUAN LIN,6 則評論 · 4 張相片,1 年前,5 顆星,"叫foodpanda20分鐘送到還是好好吃😋
稍微冷掉完全不影響Q度！說要梅粉多還另外多給一包 好貼心好喜歡🫶"
台灣番薯丸-手作地瓜球（公園店）-臨休請看粉絲團,Allen,6 則評論 · 4 張相片,1 年前,5 顆星,地瓜球現炸超好吃～搭配上梅粉💕一口接一口，大包馬上吃光光😋😋😋 …
台灣番薯丸-手作地瓜球（公園店）-臨休請看粉絲團,凱,4 則評論,2 年前,5 顆星,"這麼好吃的地瓜球終於開在家附近了
而且老闆好帥"
台灣番薯丸-手作地瓜球（公園店）-臨休請看粉絲團,蔡,7 則評論 · 7 張相片,2 年前,5 顆星,"好吃到常常回購
上次去買老闆跟老闆娘很熱情，
就這間店服務最好👍🏼"
台灣番薯丸-手作地瓜球（公園店）-臨休請看粉絲團,張張,在地嚮導 · 21 則評論 · 7 張相片,2 年前,5 顆星,"地瓜球超好吃
脆又膨讓人一顆接一顆😍 …"
台灣番薯丸-手作地瓜球（公園店）-臨休請看粉絲團,本人B痕,5 則評論 · 1 張相片,2 年前,5 顆星,"地瓜球大顆又好吃且有多種口味
老闆跟老闆娘都很親切"
台灣番薯丸-手作地瓜球（公園店）-臨休請看粉絲團,Chloe Chiu,10 則評論 · 1 張相片,2 年前,5 顆星,終於在家附近開了最喜歡的蕃薯丸，再也不用跑很遠了！地瓜球大顆，脆又好吃，尤其老闆跟老闆娘都非常親切，超讚的，一定會再光顧👍🏻👍🏻 …
台灣番薯丸-手作地瓜球（公園店）-臨休請看粉絲團,Duncan Li,6 則評論 · 1 張相片,2 年前,5 顆星,地瓜球～好好吃！
台灣番薯丸-手作地瓜球（公園店）-臨休請看粉絲團,Chin 828,6 則評論,2 年前,5 顆星,"老闆老闆娘年輕 服務態度一級棒
以前都要吃夜市 現在都跑去公園路為了買地瓜球😋😋🥰🥰 …"
台灣番薯丸-手作地瓜球（公園店）-臨休請看粉絲團,王詠萱,3 則評論,2 年前,5 顆星,"地瓜球 超大顆
ㄕㄨㄚ、嘴 一口接一口
邪惡美食推薦👍 …"
台灣番薯丸-手作地瓜球（公園店）-臨休請看粉絲團,林柏雨,4 則評論,2 年前,5 顆星,近又方便 還可以免下車服務太讚👍 …
台灣番薯丸-手作地瓜球（公園店）-臨休請看粉絲團,金嬑煊,在地嚮導 · 19 則評論 · 6 張相片,2 年前,5 顆星,"好吃！好吃！
老闆很帥欸"
台灣番薯丸-手作地瓜球（公園店）-臨休請看粉絲團,育軒羅,在地嚮導 · 21 則評論 · 3 張相片,2 年前,5 顆星,地瓜球好吃😋又大碗，在台北根本吃不到這種味道，而且口味多樣可以選擇。 …
勁吧-蔥油餅,楊郁翎,11 則評論,5 天前,1 顆星,不推
勁吧-蔥油餅,賴多比,在地嚮導 · 9 則評論 · 2 張相片,3 週前,5 顆星,歐依系
勁吧-蔥油餅,Happy,在地嚮導 · 37 則評論 · 13 張相片,1 個月前,1 顆星,油耗味很重，超難吃
勁吧-蔥油餅,莊程皓,324 則評論 · 207 張相片,2 個月前,5 顆星,藍供讚勒👍
勁吧-蔥油餅,Jamie Chang,"在地嚮導 · 740 則評論 · 4,712 張相片",4 個月前,5 顆星,"花園夜市裡，位置靠最外圍。

蔥油餅（小份，50元）
雖然炸得偏乾，但還是蠻好吃的，麵皮的油和蔥香都讓人吃得很爽口。畢竟炸物很吸引人，還可選胡椒鹽或其它調味。"
東州黑糖奶舖,Chuck chen,17 則評論 · 2 張相片,4 週前,5 顆星,"黑糖鮮奶超級好喝 甜度完美符合土生土長台南人的口味
每種料加進黑糖鮮奶後的喝起來都不一樣
口感超級豐富 每款都相當推薦！"
東州黑糖奶舖,葉偉澤,"在地嚮導 · 273 則評論 · 3,110 張相片",4 個月前,5 顆星,夜市店
東洲黑糖奶舖-夜市店,梁淳瑋,2 則評論,1 年前,5 顆星,台南黑糖頂阿~
東洲黑糖奶舖-夜市店,Liang,在地嚮導 · 25 則評論 · 1 張相片,1 年前,5 顆星,濃香醇，還可以調整甜度，每次去夜市必喝！
全壘打牛排,yasir Lin,475 則評論,2 週前,4 顆星,
全壘打牛排,Hsiumin Chuang (Vicky),在地嚮導 · 50 則評論 · 65 張相片,2 週前,5 顆星,
全壘打牛排,莊士民,9 則評論 · 3 張相片,2 週前,5 顆星,
全壘打牛排,Aiiyo,5 則評論 · 3 張相片,1 個月前,1 顆星,"無良店家，等餐期間一個老一點的女店員就在我們面前從放刀叉的盒子裡拿一支刀子出來割膠帶又丟回去，這期間也是一直把自己用過的衛生紙狂丟地上，整個地板都他用過的衛生紙，真的受不了去跟其他店員反應要退單，這時老女店員就過來了，看起來他應該是老闆娘，聽到一開始還嘴硬說沒有，我就看著你丟回刀叉盒的，發現自己理虧還敢回嘴說啊又不是用到你們的刀子，靠邀講什麼鬼話啊，啊其他客人就不是人？反應完死不退單說什麼啊現在是要幫你們擦還是怎樣？哇靠，你要不要聽聽看你自己在說什麼屁話？這樣做生意的？真的噁心啦難看

其他客人小心自己的刀叉吃到殘膠，或是他哪天切什麼有的沒有你們保重自己的身體，無良店家啊可悲"
全壘打牛排,Mei mel L,在地嚮導 · 63 則評論 · 9 張相片,1 個月前,1 顆星,"點了夜市王的冠軍
但是沒吃完   逛到一半還沒到家就肚子狂絞
可能天氣熱 不是很新鮮🥲"
全壘打牛排,政雄鄭,2 則評論,1 個月前,1 顆星,服務態度不好.一直碎碎念
全壘打牛排,王政傑,在地嚮導 · 348 則評論 · 1 張相片,1 個月前,2 顆星,外帶一個雞腿排沒湯也沒飲料
全壘打牛排,Kenny Wang,8 則評論,1 個月前,1 顆星,點一般牛排，肉超硬，但來的時候整個下面都成型很久了，都有點乾了，麵，一樣難吃，湯味道也不知道是什麼鳥，沒什麼味道，紅茶也超淡加了不少水，但他是夜市王第一...
全壘打牛排,張勝源,"在地嚮導 · 605 則評論 · 9,276 張相片",2 個月前,4 顆星,"一個胖子的吃喝旅遊記事，我只是個貪吃的10級嚮導...

🔴消費日期：2025/1/19
🔴停車：有附設停車場，建議走路或搭車過來
🔴價位：中等價位的夜市牛排
🔴服務：中規中矩
🔴推薦商品：厚切牛排
🔴付款方式：現金
🔴消費感想：本來就頗有名氣，再加上電視節目夜市王牛肉類比賽第一名，用餐人潮真的不少

比賽的厚切牛排，嫩度夠，口感夠，肉汁夠，表現很不錯，是真的好吃😋😋，但畢竟是厚切，一客要價320也不是太便宜

也點了份豬排，肉質硬且乾柴，口感很乾澀，狀態真的不ok

有機會改天再試試雞排"
全壘打牛排,Brown,"在地嚮導 · 610 則評論 · 1,123 張相片",3 個月前,5 顆星,"美國嫩肩牛排(7分熟) 超好吃😋
吃到鮮甜的肉味🥩
花椰菜🥦跟玉米筍都是新鮮的，不是冷凍蔬菜👍👍
雞蛋🍳也沒吃到腥味
副餐玉米濃湯跟紅茶都不會太甜"
全壘打牛排,楊啟鴻,在地嚮導 · 36 則評論 · 3 張相片,4 個月前,5 顆星,
全壘打牛排,楊建彥,1 則評論,5 個月前,5 顆星,大姐有點想妳了  可好嗎？
全壘打牛排,小鯊,2 則評論,6 個月前,5 顆星,我愛裡面的員工
全壘打牛排,吳柏叡,6 則評論,6 個月前,5 顆星,員工是我同學
全壘打牛排,Xiande Jiang,7 則評論 · 3 張相片,6 個月前,5 顆星,
全壘打牛排,Da-Xiong CHEN,"在地嚮導 · 1,631 則評論 · 1,542 張相片",7 個月前,2 顆星,"雞排NT$130 說實在的 味道真的不怎麼樣
鐵板麵真的比早餐店煮的還難吃
有附濃湯跟紅茶啦 這個味道還不錯

店在花園夜市裡面 應該說是攤位 花園夜市裡面好像也只有3間賣夜市牛排的 其中一間是賣酥皮濃湯加上給你鐵盤自己加熱的 另一間那時候看到老闆好像在吃檳榔所以就沒有吃了 所以就決定挑這間了 結果踩到了一個大雷 給2顆是因為玉米濃湯跟紅茶真的還算可以

然後厚切牛排如果要等比較久應該點餐時要先跟客人告知一下吧 而不是讓客人等然後都要理不理的

而且空位這麼多 先讓我們坐空桌等等再跟別人併桌也可以吧 直接叫我們先跟別人併桌雖然也不是不行 但給客人好一點的感覺不是更好嗎

結論 主餐不行 服務更是差 就算你不做服務但東西也不應該是這樣吧 完全不推薦這間"
全壘打牛排,Yuna Huang,在地嚮導 · 12 則評論 · 10 張相片,9 個月前,1 顆星,吃過最難吃的牛排
全壘打牛排,Shou Yi Chen,1 則評論,10 個月前,1 顆星,豬排柴的跟老人一樣，醬也不好吃，整份餐沒有一個好吃的地方，還賣130！重點還賣130！麵也少的可憐。真的後悔到不行，態度也沒多好，回來查評論一切都有原因了，難怪沒人排隊…這個廚藝去軍營煮飯還賺比較多。完全不推，別踩雷。可以出局了，別害人踩雷
全壘打牛排,Yuan Ming Song,"在地嚮導 · 670 則評論 · 1,267 張相片",10 個月前,2 顆星,夏天吃夜市牛排還踩到雷著實是有點衰小
全壘打牛排,高緯,43 則評論 · 35 張相片,10 個月前,1 顆星,服務態度極差，擅自強迫客人換位置，又不是客滿，想坐哪裡還要看綁馬尾大嬸的臉色，哪妳要不要順便餵我們吃好了。
全壘打牛排,莊家冀,11 則評論 · 16 張相片,11 個月前,1 顆星,"這個叫做厚切牛？180
吃了個空虛…而且這肉一看就知道是組合肉，搞不懂還一堆人來吃.."
全壘打牛排,不對欸,5 則評論 · 2 張相片,1 年前,1 顆星,"鐵盤冷到蛋完全不會熟⋯
改叫三振出局差不多"
全壘打牛排,徐菲菲,在地嚮導 · 13 則評論 · 7 張相片,1 年前,1 顆星,"點厚片牛跟豬回家，肉都咬不動
整個很材
不推"
全壘打牛排,Bo,在地嚮導 · 103 則評論,1 年前,1 顆星,豬排超級難吃，肉是薄片，真的是薄片，太扯，蛋還有蛋殼，重點在女店員，你真的是態度很差，跩什麼啊，講個話不會好好說嗎?還食尚玩家推薦，很扯，要吃的人請想清楚，真的不好
全壘打牛排,靖修,在地嚮導 · 24 則評論 · 1 張相片,1 年前,1 顆星,可憐老阿姨態度極差 別來吃 吃一次難吃的要死 吃完不給過去隔壁條 只能在同一條出去 夜市你開的？ 拜託底層趕緊回家了 過年看到就來氣
全壘打牛排,Timmy Liu,3 則評論,1 年前,1 顆星,老闆服務態度極差 面對不是要點餐的人 就要趕別人走 不懂
全壘打牛排,皮小丘,"在地嚮導 · 221 則評論 · 3,056 張相片",1 年前,5 顆星,
全壘打牛排,頫,12 則評論 · 8 張相片,1 年前,1 顆星,"一份勁辣雞腿排150再單點一份勁辣雞腿排280
單點雞腿排要130？"
全壘打牛排,陳俊迪,3 則評論 · 1 張相片,1 年前,1 顆星,"好吃是好吃
我座的位置後面感覺像是老闆跟他朋友聊天
牛排配煙味…
感覺不是很好"
全壘打牛排,HUANG,9 則評論 · 2 張相片,1 年前,1 顆星,態度超差，明明就有問位子能不能坐，還趕人離開
全壘打牛排,- YEN,在地嚮導 · 34 則評論 · 4 張相片,1 年前,1 顆星,
全壘打牛排,庭榆,7 則評論 · 2 張相片,1 年前,1 顆星,武聖夜市全壘打牛排，第一次吃夜市牛排是組合肉的牛排$130吃的很傻眼⋯⋯一片圓形肉片是在騙小孩嗎？！
全壘打牛排,陳詠晴,15 則評論,1 年前,1 顆星,真的覺得只是去夜市吃個牛排超級無語到底，餐點上錯是你們店家問題怎麼會要客人補50元給妳呢？我們都沒動餒！只知道上個菜老闆娘一直在那該該叫計較利益！我是覺得上錯就換回原本的跟我們就好不用在我們這桌一直吵吧？
全壘打牛排,Sylvie U,在地嚮導 · 46 則評論 · 13 張相片,1 年前,2 顆星,普通，偏貴
收藏糖餅-花園夜市,吳俊緯,在地嚮導 · 47 則評論 · 995 張相片,2 個月前,4 顆星,韓國版的甜甜圈口感，很特別
收藏糖餅-花園夜市,風火輪,"在地嚮導 · 763 則評論 · 6,252 張相片",2 個月前,5 顆星,好吃
收藏糖餅-花園夜市,葉偉澤,"在地嚮導 · 273 則評論 · 3,110 張相片",3 個月前,5 顆星,不錯吃
猫掌門黑糖奶鋪,YuYu 〜,6 則評論 · 6 張相片,6 個月前,5 顆星,
猫掌門黑糖奶鋪,手機沒電不能點餐,在地嚮導 · 743 則評論,1 年前,3 顆星,
猫掌門黑糖奶鋪,東尼史塔薛,6 則評論 · 1 張相片,2 年前,5 顆星,
猫掌門黑糖奶鋪,Tainan Keroro,"在地嚮導 · 325 則評論 · 2,750 張相片",3 年前,5 顆星,台南花園夜市裡面的飲料攤位，有好喝的珍珠奶茶以及其他茶類飲料，價格都很便宜，珍珠奶茶的珍珠用黑糖熬煮甜味適中有彈性還有黑糖香味，飲料糖量甜度可以調整，用的不是澱粉果糖而是自己煮的天然蔗糖水。每年在一月到三月期間另位還有賣手工製作的草莓大福甜點。
地茶.鳳姊杏仁茶(台南花園夜市店),ZHow王,"在地嚮導 · 2,346 則評論 · 251 張相片",4 個月前,4 顆星,
地茶.鳳姊杏仁茶(台南花園夜市店),佳珊,在地嚮導 · 239 則評論 · 633 張相片,4 個月前,4 顆星,好喝 有很多不同口味的杏仁茶
地茶.鳳姊杏仁茶(台南花園夜市店),Pei Pei,在地嚮導 · 130 則評論 · 44 張相片,6 個月前,4 顆星,"杏仁茶大概是三分糖或五分糖，不可調甜度

沒有香濃的味道，跟之前有點不同"
地茶.鳳姊杏仁茶(台南花園夜市店),蔡秀貞,5 則評論 · 11 張相片,1 年前,5 顆星,為了喝芝麻杏仁茶來逛花園夜市的🤣
地茶.鳳姊杏仁茶(台南花園夜市店),yu-ting Fang,6 則評論 · 4 張相片,1 年前,5 顆星,每次回台南必買的無敵杏仁茶，超級推推👍🏻 …
地茶.鳳姊杏仁茶(台南花園夜市店),Judy Hsu,11 則評論 · 8 張相片,1 年前,5 顆星,"初訪花園夜市
也是與地茶第一次的邂逅
不同於其他攤位 可以感覺到他的不同
由於我很喜歡杏仁茶
第一天買了杏仁芝麻飲試水溫（小罐）
喝了之後覺得也太好喝了 可以如此搭配
第二天還請台南朋友買了杏仁芝麻飲、東方美人茶（都大罐！！）帶回台北
真的很重😂原本還有點猶豫
帶著搭高鐵又轉捷運
東方美人茶放了兩天還是很好喝
希望有去花園夜市的你們也不要錯過
用心、得過獎的好店家～～～
沒有業配😆😆單純喜歡"
地茶.鳳姊杏仁茶(台南花園夜市店),金熙媛,在地嚮導 · 27 則評論 · 15 張相片,1 年前,5 顆星,"很好喝孩子很喜歡
但是當天的店員似乎比較吝嗇讓小孩試喝
有兩個小孩竟然叫他們分着喝
最後我們還是買了三瓶大瓶的
這樣做生意不大器"
地茶.鳳姊杏仁茶(台南花園夜市店),勞贖,在地嚮導 · 87 則評論 · 38 張相片,2 年前,4 顆星,很久沒有買了，不知道是什麼時候改的，現在的杏仁茶有點淡還水水的，沒有了之前的味道
地茶.鳳姊杏仁茶(台南花園夜市店),廖翌雯,18 則評論 · 11 張相片,2 年前,1 顆星,"剛剛買了一瓶原味杏仁茶，整瓶酸掉…
品管注意一下很難嗎"
地茶.鳳姊杏仁茶(台南花園夜市店),錢素芬,在地嚮導 · 27 則評論 · 13 張相片,2 年前,5 顆星,杏仁茶非常濃郁，是目前喝過最好喝的，不是用粉泡的，每次到花園夜市一定買大罐的回家，回購5次以上了，這間真的很推薦
地茶.鳳姊杏仁茶(台南花園夜市店),U U,在地嚮導 · 23 則評論 · 12 張相片,2 年前,5 顆星,
地茶.鳳姊杏仁茶(台南花園夜市店),Yau-Yau Lin,在地嚮導 · 99 則評論 · 16 張相片,2 年前,5 顆星,茶類非常棒❤️
地茶.鳳姊杏仁茶(台南花園夜市店),蕭智瑜,3 則評論 · 3 張相片,2 年前,5 顆星,"很道地的味道~
杏仁茶跟落雁美人都超讚
夜市必買必喝~~~"
地茶.鳳姊杏仁茶(台南花園夜市店),賴秀惠,在地嚮導 · 235 則評論 · 594 張相片,2 年前,4 顆星,要買來花園夜市就對了！
地茶.鳳姊杏仁茶(台南花園夜市店),Lynn C,在地嚮導 · 189 則評論 · 173 張相片,3 年前,5 顆星,芝麻杏仁茶很好喝不太甜也不會很稠，喝起來剛剛好很喜歡，芝麻畫龍點睛讓杏仁茶喝起來更有香氣。
地茶.鳳姊杏仁茶(台南花園夜市店),MISS MISS,在地嚮導 · 46 則評論 · 137 張相片,4 年前,5 顆星,"只要有去台南
都一定會去扛個幾瓶~
我自己完全可以乾一瓶的
溫潤順口 香濃完全不刺鼻🥛

現在有宅配服務🚛
我真是謝天謝地謝老闆啊！
就不用特地衝夜市去人擠人了
不然我真的都要缺氧了～～～

---------------------------------------
FB粉絲頁：Miss覓食小日子
IG: missmisseat"
地茶.鳳姊杏仁茶(台南花園夜市店),YU Lin,8 則評論,4 年前,5 顆星,
地茶.鳳姊杏仁茶(台南花園夜市店),張瑋庭,在地嚮導 · 17 則評論 · 14 張相片,5 年前,2 顆星,"杏仁茶的比例好像有點米漿太多
杏仁味沒有很濃
有點失望"
地茶.鳳姊杏仁茶(台南花園夜市店),D Di,在地嚮導 · 106 則評論 · 125 張相片,6 年前,5 顆星,喝過最好喝的杏仁茶🤤 …
地茶.鳳姊杏仁茶(台南花園夜市店),郭伶伶,在地嚮導 · 186 則評論 · 943 張相片,6 年前,4 顆星,濃醇香，黑芝麻很推
地茶.鳳姊杏仁茶(台南花園夜市店),iris yip,在地嚮導 · 1 則評論 · 247 張相片,6 年前,5 顆星,
台南古早味 財記棺材板,楊清琇,5 則評論,2 個月前,1 顆星,客人要內用說今天客人多要買兩份才能內用超傻眼，客人還沒吃完一直趕客人
台南古早味 財記棺材板,s0704091護理系,在地嚮導 · 20 則評論 · 5 張相片,2 個月前,1 顆星,三個人吃兩份棺材板，一份牛肉一份豬肉，拜託老闆跟三個叉子三個塑膠刀子，老闆說兩個刀子就夠了吧，跟他說我們豬肉跟牛肉要分開，依舊覺得兩隻刀子就夠了，我們有三個人，要三支刀子很正常吧，另外，問老闆衛生紙在哪，隨便指了一下，就不理客人了？ 真的不知道在跩什麼，難怪都沒有客人(^_^)
台南古早味 財記棺材板,Saxon Chen,在地嚮導 · 78 則評論 · 67 張相片,2 個月前,5 顆星,"台南口味就是讚 湯不甜、麵包不酥怎麼會是棺材板
如果花園夜市有賣竹筒飯那一定也是打爆花蓮東大門夜市的"
台南古早味 財記棺材板,CHENG SHENG Chen,在地嚮導 · 5 則評論 · 90 張相片,3 個月前,4 顆星,
台南古早味 財記棺材板,Savannah Schroll Guz,在地嚮導 · 72 則評論 · 42 張相片,6 個月前,5 顆星,味道欸合😘
台南古早味 財記棺材板,huilan,"在地嚮導 · 369 則評論 · 1,937 張相片",7 個月前,4 顆星,台南口味吃不慣，還是偏愛花蓮東大夜市的
台南古早味 財記棺材板,Zong-Ying Tsai,在地嚮導 · 22 則評論 · 15 張相片,8 個月前,5 顆星,台南風味的棺材板
台南古早味 財記棺材板,Jason Chin,在地嚮導 · 85 則評論 · 514 張相片,10 個月前,5 顆星,只限夜市
台南古早味 財記棺材板,inu K.,"在地嚮導 · 843 則評論 · 2,548 張相片",1 年前,5 顆星,"可能是花園夜市唯一的棺材板攤位。

雖然說是台南特產，但能吃到的地方卻出奇的少。
巧妙地在酥脆的炸麵包上切一條縫，然後用它作為蓋子。
他們把白燉菜放在電鍋裡面燉煮。

攤位後面大約有4張桌子，可以坐下來吃飯。

原味（沒有任何添加）很甜，不含任何辣椒，玉米和胡蘿蔔也很豐富，適合小孩子吃。
對於成年人來說，沙爹或辣牛肉可能會更好，因為它們的味道更好。

您將獲得一把塑膠叉子和刀子來切菜和吃東西。
它是如此鬆脆，以至於你可以用塑膠刀將其切開。

本來以為可以用台灣的二維碼支付方式付款，結果基本上都是現金支付。"
台南古早味 財記棺材板,凱壽書文,在地嚮導 · 12 則評論 · 11 張相片,1 年前,5 顆星,一個阿姨在做，真材實料真功夫，吃到出原始的味道，阿姨還熱心推薦辣味牛肉的口味，第一次再台南吃到棺材板，感覺超好吃，大推
台南古早味 財記棺材板,鄭采綸,在地嚮導 · 35 則評論 · 32 張相片,1 年前,5 顆星,好吃！
台南古早味 財記棺材板,睿尬,4 則評論 · 2 張相片,1 年前,5 顆星,
台南古早味 財記棺材板,軋霸郭,2 則評論,1 年前,1 顆星,
Hello冰粉｜藕粉｜專賣店｜公休時間請見粉專,曹晴,,1 個月前,1 顆星,
Hello冰粉｜藕粉｜專賣店｜公休時間請見粉專,Ron LIU,"在地嚮導 · 855 則評論 · 2,179 張相片",8 個月前,4 顆星,好喝 可以來嘗試看看
Hello冰粉｜藕粉｜專賣店｜公休時間請見粉專,古怏家芸,在地嚮導 · 37 則評論 · 28 張相片,9 個月前,5 顆星,看我一次點那麼多就知道有多好吃了吧！
Hello冰粉｜藕粉｜專賣店｜公休時間請見粉專,許瀚升,在地嚮導 · 9 則評論 · 4 張相片,1 年前,5 顆星,我要一碗藕粉
Hello冰粉｜藕粉｜專賣店｜公休時間請見粉專,柯丸子（丸子）,"在地嚮導 · 659 則評論 · 5,785 張相片",1 年前,5 顆星,"逛熱河夜市意外發現的小店
冰粉的口感很好，真的很像透明的愛玉😆
爆爆珠超好吃，很喜歡在嘴巴裡爆開的感覺
🌟檸檬百香好喝，裡面百香果很多，酸酸甜甜的味道很優，整體來說不會太甜，料也非常多～
下次會想再嘗試看看藕粉🥹"
Hello冰粉｜藕粉｜專賣店｜公休時間請見粉專,黑糖,在地嚮導 · 44 則評論 · 64 張相片,1 年前,5 顆星,"（玫瑰紅糖藕粉）
藕粉是現點現做的，大約等7分鐘。舀起來呈黏稠糊狀，口感像吃粥般。玫瑰花香味濃郁，吃起來清爽不膩，會想再回購的店。"
Hello冰粉｜藕粉｜專賣店｜公休時間請見粉專,Enoch Kuo,在地嚮導 · 411 則評論 · 297 張相片,1 年前,5 顆星,好喝
Hello冰粉｜藕粉｜專賣店｜公休時間請見粉專,Ying Song,在地嚮導 · 23 則評論 · 36 張相片,1 年前,5 顆星,
Hello冰粉｜藕粉｜專賣店｜公休時間請見粉專,剛維,"在地嚮導 · 1,723 則評論 · 1,738 張相片",1 年前,4 顆星,好喝，但是有點貴
Hello冰粉｜藕粉｜專賣店｜公休時間請見粉專,李子暄,3 則評論,1 年前,5 顆星,真的超好喝，味道、料都很多，顏色漸層很好看，他們有哀居可以去追中名字是:Hello 冰粉
Hello冰粉｜藕粉｜專賣店｜公休時間請見粉專,Xiang,11 則評論 · 1 張相片,1 年前,5 顆星,"冰粉好吃
價格也不會太貴
有興趣的朋友可以來買回去試看看"
Hello冰粉｜藕粉｜專賣店｜公休時間請見粉專,王小喬,17 則評論 · 8 張相片,1 年前,5 顆星,吃過又在回購。用料豐富，冰冰涼涼超好喝😋 …
Hello冰粉｜藕粉｜專賣店｜公休時間請見粉專,洪國章,在地嚮導 · 22 則評論 · 13 張相片,1 年前,5 顆星,找了好久終於看到有賣冰粉的商家，太感動！
Hello冰粉｜藕粉｜專賣店｜公休時間請見粉專,serri chen,7 則評論 · 1 張相片,1 年前,5 顆星,在高雄也有冰粉呢，食材豐富！口味也多元選擇👍 …
Hello冰粉｜藕粉｜專賣店｜公休時間請見粉專,捷,17 則評論 · 3 張相片,1 年前,5 顆星,很特別好好喝😍 …
Hello冰粉｜藕粉｜專賣店｜公休時間請見粉專,Shane Xia,6 則評論 · 4 張相片,1 年前,5 顆星,好像很可愛
Hello冰粉｜藕粉｜專賣店｜公休時間請見粉專,Fiona Chang,4 則評論 · 7 張相片,1 年前,5 顆星,
Hello冰粉｜藕粉｜專賣店｜公休時間請見粉專,陳欣渝,3 則評論,1 年前,5 顆星,
Hello冰粉｜藕粉｜專賣店｜公休時間請見粉專,郭仲恒,在地嚮導 · 26 則評論 · 13 張相片,1 年前,5 顆星,新品種 好好喝
Hello冰粉｜藕粉｜專賣店｜公休時間請見粉專,璩家豪,在地嚮導 · 20 則評論 · 5 張相片,1 年前,5 顆星,老闆很親切 飲料超讚👍🏻👍🏻👍🏻 …
Hello冰粉｜藕粉｜專賣店｜公休時間請見粉專,D :,2 則評論 · 1 張相片,1 年前,5 顆星,老闆人很好👍👍 …
Hello冰粉｜藕粉｜專賣店｜公休時間請見粉專,鄭君慧,3 則評論,1 年前,5 顆星,
Hello冰粉｜藕粉｜專賣店｜公休時間請見粉專,Minnie Yueh,5 則評論 · 1 張相片,1 年前,5 顆星,很特別不錯喝
Hello冰粉｜藕粉｜專賣店｜公休時間請見粉專,游人輔,在地嚮導 · 17 則評論 · 4 張相片,1 年前,5 顆星,
Hello冰粉｜藕粉｜專賣店｜公休時間請見粉專,鍾力量,8 則評論 · 1 張相片,1 年前,5 顆星,
Hello冰粉｜藕粉｜專賣店｜公休時間請見粉專,蔡睿翔,2 則評論,1 年前,5 顆星,
Hello冰粉｜藕粉｜專賣店｜公休時間請見粉專,阿琳,7 則評論,1 年前,5 顆星,夏天消暑推薦！
Hello冰粉｜藕粉｜專賣店｜公休時間請見粉專,王宥翔,3 則評論,1 年前,5 顆星,終於找到ㄌ，nice
Hello冰粉｜藕粉｜專賣店｜公休時間請見粉專,蕭力菁,5 則評論 · 2 張相片,1 年前,5 顆星,👍 …
Hello冰粉｜藕粉｜專賣店｜公休時間請見粉專,楊朵拉,1 則評論,1 年前,5 顆星,
Hello冰粉｜藕粉｜專賣店｜公休時間請見粉專,張湘涵,4 則評論,1 年前,5 顆星,"終於吃到在小紅書上很火的冰粉
小小一桶真可愛🫠 …"
Hello冰粉｜藕粉｜專賣店｜公休時間請見粉專,張家鈴,在地嚮導 · 15 則評論 · 28 張相片,1 年前,5 顆星,
Hello冰粉｜藕粉｜專賣店｜公休時間請見粉專,王郁清,10 則評論 · 2 張相片,1 年前,5 顆星,檸檬百香好吃
Hello冰粉｜藕粉｜專賣店｜公休時間請見粉專,陳玟豪,3 則評論,1 年前,5 顆星,
Hello冰粉｜藕粉｜專賣店｜公休時間請見粉專,李威佑,1 則評論,1 年前,5 顆星,
Hello冰粉｜藕粉｜專賣店｜公休時間請見粉專,10林千郁,8 則評論,1 年前,5 顆星,
Hello冰粉｜藕粉｜專賣店｜公休時間請見粉專,桐德的建棒頻道,在地嚮導 · 19 則評論 · 8 張相片,1 年前,5 顆星,
Hello冰粉｜藕粉｜專賣店｜公休時間請見粉專,曳庭Sasha,8 則評論 · 5 張相片,1 年前,5 顆星,
Hello冰粉｜藕粉｜專賣店｜公休時間請見粉專,許瀚文,10 則評論,1 年前,5 顆星,老闆很熱情，冰粉看起來很好吃
Hello冰粉｜藕粉｜專賣店｜公休時間請見粉專,何政德,8 則評論 · 2 張相片,1 年前,5 顆星,
Hello冰粉｜藕粉｜專賣店｜公休時間請見粉專,Hsing Wei Chen,在地嚮導 · 35 則評論 · 1 張相片,1 年前,5 顆星,
Hello冰粉｜藕粉｜專賣店｜公休時間請見粉專,孫嘉玉,在地嚮導 · 20 則評論 · 6 張相片,1 年前,5 顆星,好喝
Hello冰粉｜藕粉｜專賣店｜公休時間請見粉專,Lin Lin,22 則評論,1 年前,5 顆星,好吃的冰粉～～
Hello冰粉｜藕粉｜專賣店｜公休時間請見粉專,夏嘉妤HSIA CHIA YU,5 則評論 · 1 張相片,1 年前,5 顆星,沒有吃過來嘗試看看
Hello冰粉｜藕粉｜專賣店｜公休時間請見粉專,黃琬淳,4 則評論,1 年前,5 顆星,
Hello冰粉｜藕粉｜專賣店｜公休時間請見粉專,韓瑀,9 則評論,1 年前,5 顆星,
Hello冰粉｜藕粉｜專賣店｜公休時間請見粉專,鹿鹿,2 則評論,1 年前,5 顆星,讚
Hello冰粉｜藕粉｜專賣店｜公休時間請見粉專,郭睿承,5 則評論 · 1 張相片,1 年前,5 顆星,
Hello冰粉｜藕粉｜專賣店｜公休時間請見粉專,張渤政,2 則評論,1 年前,5 顆星,
Hello冰粉｜藕粉｜專賣店｜公休時間請見粉專,陳貓,在地嚮導 · 22 則評論 · 7 張相片,1 年前,5 顆星,在IG發現！來嚐鮮看看☺️
Hello冰粉｜藕粉｜專賣店｜公休時間請見粉專,DwarGooTsai (DwarGooTsai),4 則評論,1 年前,5 顆星,
Hello冰粉｜藕粉｜專賣店｜公休時間請見粉專,王恩（Amelia）,10 則評論 · 1 張相片,1 年前,5 顆星,
Hello冰粉｜藕粉｜專賣店｜公休時間請見粉專,劉耿君,3 則評論,1 年前,5 顆星,第一次買嚐嚐看，老闆很親切
Hello冰粉｜藕粉｜專賣店｜公休時間請見粉專,邱俊谷,在地嚮導 · 36 則評論 · 3 張相片,1 年前,5 顆星,
Hello冰粉｜藕粉｜專賣店｜公休時間請見粉專,吳惠如,3 則評論,1 年前,5 顆星,老闆很親切，冰粉很好吃，想吃會再來買
Hello冰粉｜藕粉｜專賣店｜公休時間請見粉專,zoe zoe chen,16 則評論 · 1 張相片,1 年前,5 顆星,來試試看～
Hello冰粉｜藕粉｜專賣店｜公休時間請見粉專,Wendy,在地嚮導 · 30 則評論 · 9 張相片,1 年前,5 顆星,服務態度優良 東西好呷好呷
Hello冰粉｜藕粉｜專賣店｜公休時間請見粉專,楊家羚,3 則評論 · 2 張相片,1 年前,5 顆星,
Hello冰粉｜藕粉｜專賣店｜公休時間請見粉專,林湯圓,6 則評論,1 年前,5 顆星,
Hello冰粉｜藕粉｜專賣店｜公休時間請見粉專,洪酷妹,16 則評論 · 6 張相片,1 年前,5 顆星,新奇又美味
Hello冰粉｜藕粉｜專賣店｜公休時間請見粉專,Bigblack Kuo,在地嚮導 · 36 則評論 · 44 張相片,1 年前,5 顆星,"朋友推薦來嚐鮮！
食材蠻新鮮的，老闆人也非常nice，價格也ok，有興趣的可以來試試喔～"
Hello冰粉｜藕粉｜專賣店｜公休時間請見粉專,林俐彤,,1 年前,5 顆星,
Hello冰粉｜藕粉｜專賣店｜公休時間請見粉專,郭怡涵,9 則評論 · 6 張相片,1 年前,5 顆星,冰粉可以客製化，老闆親切，好吃
Hello冰粉｜藕粉｜專賣店｜公休時間請見粉專,楊凱雯,3 則評論,1 年前,5 顆星,小孩想試吃看看，年輕老闆還不錯
Hello冰粉｜藕粉｜專賣店｜公休時間請見粉專,吃貨的大叔,2 則評論,1 年前,5 顆星,
Hello冰粉｜藕粉｜專賣店｜公休時間請見粉專,Jason SHIH,在地嚮導 · 17 則評論 · 3 張相片,1 年前,5 顆星,讚老闆親切
Hello冰粉｜藕粉｜專賣店｜公休時間請見粉專,張宸豪,3 則評論 · 1 張相片,1 年前,5 顆星,
Hello冰粉｜藕粉｜專賣店｜公休時間請見粉專,柳蒔,在地嚮導 · 14 則評論 · 21 張相片,1 年前,5 顆星,天氣好熱，來嚐鮮冰粉！
Hello冰粉｜藕粉｜專賣店｜公休時間請見粉專,小羊,4 則評論 · 2 張相片,1 年前,5 顆星,很特別的甜點，來嚐鮮一下😋 …
Hello冰粉｜藕粉｜專賣店｜公休時間請見粉專,鄭秀雅,在地嚮導 · 22 則評論 · 5 張相片,1 年前,5 顆星,讚
Hello冰粉｜藕粉｜專賣店｜公休時間請見粉專,Yang yang,1 張相片,1 年前,5 顆星,
Hello冰粉｜藕粉｜專賣店｜公休時間請見粉專,李思嫻,在地嚮導 · 17 則評論 · 11 張相片,1 年前,5 顆星,第一次看到的點心，嚐鮮一下😂🤣 …
Hello冰粉｜藕粉｜專賣店｜公休時間請見粉專,吳宗倫,21 則評論 · 3 張相片,1 年前,5 顆星,來嚐鮮冰粉！
Hello冰粉｜藕粉｜專賣店｜公休時間請見粉專,瑜,6 則評論 · 3 張相片,1 年前,5 顆星,
Hello冰粉｜藕粉｜專賣店｜公休時間請見粉專,蔡麗言,4 則評論,1 年前,5 顆星,檸檬百香口味 ：酸酸甜甜的，大推
Hello冰粉｜藕粉｜專賣店｜公休時間請見粉專,子謙,在地嚮導 · 83 則評論 · 139 張相片,1 年前,5 顆星,第一次吃冰粉，冰粉本身很像愛玉，口感很豐富，咬的杏仁角很香，還有爆珠蒟蒻的口感很有趣，吃到蜜餞花和很像葡萄乾的味道也讓飲料吃起來口味更有層次，是一款口味口感都豐富有層次的飲料
Hello冰粉｜藕粉｜專賣店｜公休時間請見粉專,黃筱涵,2 則評論,1 年前,5 顆星,很好吃
Hello冰粉｜藕粉｜專賣店｜公休時間請見粉專,Daisy Yu,在地嚮導 · 36 則評論 · 59 張相片,1 年前,5 顆星,經過三民市場突然看到一個很特別的東西－冰粉！我又解鎖一個四川小吃了！
Hello冰粉｜藕粉｜專賣店｜公休時間請見粉專,恩蕎,在地嚮導 · 14 則評論 · 15 張相片,1 年前,5 顆星,老闆很nice
Hello冰粉｜藕粉｜專賣店｜公休時間請見粉專,李昌祐（祐秩事務所）,在地嚮導 · 75 則評論 · 35 張相片,1 年前,4 顆星,
Hello冰粉｜藕粉｜專賣店｜公休時間請見粉專,Oliviaa Lim,6 則評論,1 年前,5 顆星,👍🏻 …
Hello冰粉｜藕粉｜專賣店｜公休時間請見粉專,黃怡瑄,2 則評論,1 年前,5 顆星,
Hello冰粉｜藕粉｜專賣店｜公休時間請見粉專,劉人慈,7 則評論 · 6 張相片,1 年前,5 顆星,很新奇的飲料，來嚐鮮看看，天氣熱來杯冰冰涼涼的，好看又好吃。
Hello冰粉｜藕粉｜專賣店｜公休時間請見粉專,曾頤薰,1 張相片,1 年前,5 顆星,
Hello冰粉｜藕粉｜專賣店｜公休時間請見粉專,曾頤薰,5 則評論 · 1 張相片,1 年前,5 顆星,
Hello冰粉｜藕粉｜專賣店｜公休時間請見粉專,江怡貞,1 則評論,1 年前,5 顆星,
Hello冰粉｜藕粉｜專賣店｜公休時間請見粉專,Claire,9 則評論 · 2 張相片,1 年前,5 顆星,
Hello冰粉｜藕粉｜專賣店｜公休時間請見粉專,ChangJie Fang,在地嚮導 · 21 則評論 · 13 張相片,1 年前,5 顆星,很好吃喔
Hello冰粉｜藕粉｜專賣店｜公休時間請見粉專,陳品妘,在地嚮導 · 17 則評論 · 14 張相片,1 年前,5 顆星,🥰🥰🥰 …
Hello冰粉｜藕粉｜專賣店｜公休時間請見粉專,Jia yu,12 則評論 · 3 張相片,1 年前,5 顆星,飲品好看 也好喝 服務態度優良
Hello冰粉｜藕粉｜專賣店｜公休時間請見粉專,沐影朝悅,5 則評論 · 2 張相片,1 年前,5 顆星,可以在台灣看到冰粉很難得，可以來吃吃看
Hello冰粉｜藕粉｜專賣店｜公休時間請見粉專,楊詠鈞,3 則評論,1 年前,5 顆星,真的很少看見這種店，而且老闆人也很好，夏天的時候吃點這個真的不錯
Hello冰粉｜藕粉｜專賣店｜公休時間請見粉專,易方文,在地嚮導 · 10 則評論 · 15 張相片,1 年前,5 顆星,👍 …
Hello冰粉｜藕粉｜專賣店｜公休時間請見粉專,Mei Mei,2 則評論,1 年前,5 顆星,老闆人很親切。
Hello冰粉｜藕粉｜專賣店｜公休時間請見粉專,Nai_Dong,5 則評論 · 3 張相片,1 年前,5 顆星,第一次看到這個，路過就買了一杯來嚐鮮，之前都是在網路上看到的
Hello冰粉｜藕粉｜專賣店｜公休時間請見粉專,洪杰宇,8 則評論 · 2 張相片,1 年前,5 顆星,"南部很少見到這種東西，感覺很有特色
冰粉也好吃，是適合飯後的甜點"
Hello冰粉｜藕粉｜專賣店｜公休時間請見粉專,劉子萱,3 則評論,1 年前,5 顆星,
Hello冰粉｜藕粉｜專賣店｜公休時間請見粉專,王薪惠,3 則評論,1 年前,5 顆星,很有特色的甜點
Hello冰粉｜藕粉｜專賣店｜公休時間請見粉專,胡靜如,13 則評論 · 2 張相片,1 年前,5 顆星,
Hello冰粉｜藕粉｜專賣店｜公休時間請見粉專,寶寶寶,在地嚮導 · 23 則評論 · 5 張相片,1 年前,5 顆星,想吃好久惹🤤 …
Hello冰粉｜藕粉｜專賣店｜公休時間請見粉專,米琪,21 則評論,1 年前,5 顆星,嚐鮮看看😋 …
Hello冰粉｜藕粉｜專賣店｜公休時間請見粉專,洪小婷,在地嚮導 · 24 則評論 · 17 張相片,1 年前,5 顆星,很特別的冰粉..可以來吃吃看喔
Hello冰粉｜藕粉｜專賣店｜公休時間請見粉專,颯颯颯,3 則評論,1 年前,5 顆星,
Hello冰粉｜藕粉｜專賣店｜公休時間請見粉專,302 31 楊昱婷,4 則評論 · 10 張相片,1 年前,5 顆星,想吃很久的冰粉，沒想到在家附近就有賣了🥰 …
Hello冰粉｜藕粉｜專賣店｜公休時間請見粉專,洪雅楓,15 則評論,1 年前,5 顆星,好好喝！
Hello冰粉｜藕粉｜專賣店｜公休時間請見粉專,曾怡庭,8 則評論 · 2 張相片,1 年前,5 顆星,
Hello冰粉｜藕粉｜專賣店｜公休時間請見粉專,王雅伶,在地嚮導 · 12 則評論 · 2 張相片,1 年前,5 顆星,很好吃
Hello冰粉｜藕粉｜專賣店｜公休時間請見粉專,yusin,3 則評論 · 1 張相片,1 年前,5 顆星,第一次 嚐鮮
Hello冰粉｜藕粉｜專賣店｜公休時間請見粉專,黃Carol,1 則評論,1 年前,5 顆星,
Hello冰粉｜藕粉｜專賣店｜公休時間請見粉專,Judy Lai,在地嚮導 · 124 則評論 · 7 張相片,1 年前,5 顆星,讚！很酷的店！
Hello冰粉｜藕粉｜專賣店｜公休時間請見粉專,2020510楊佳璇,5 則評論,1 年前,5 顆星,
Hello冰粉｜藕粉｜專賣店｜公休時間請見粉專,楊逸涵,7 則評論 · 2 張相片,1 年前,5 顆星,一直很想吃 終於在台灣找到了😍 …
Hello冰粉｜藕粉｜專賣店｜公休時間請見粉專,JC,15 則評論 · 2 張相片,1 年前,5 顆星,朋友推薦的
Hello冰粉｜藕粉｜專賣店｜公休時間請見粉專,Jay,,1 年前,5 顆星,
Hello冰粉｜藕粉｜專賣店｜公休時間請見粉專,小天,在地嚮導 · 19 則評論 · 19 張相片,1 年前,5 顆星,"營業時間15:00-21:00（賣完提早收攤）
高雄少數賣冰粉的地方
重點 老闆很帥😍 …"
Hello冰粉｜藕粉｜專賣店｜公休時間請見粉專,Ado大好き,1 張相片,1 年前,5 顆星,
Hello冰粉｜藕粉｜專賣店｜公休時間請見粉專,伊榎,在地嚮導 · 19 則評論 · 24 張相片,1 年前,5 顆星,讚讚的！美味冰粉(。’▽’。)ノ
Hello冰粉｜藕粉｜專賣店｜公休時間請見粉專,陳乙榛,在地嚮導 · 88 則評論 · 394 張相片,1 年前,5 顆星,特地來體驗冰粉，很好吃窩❤️年輕老闆很努力，大家來多多捧場
Hello冰粉｜藕粉｜專賣店｜公休時間請見粉專,李冠辰,3 則評論,1 年前,5 顆星,服務態度親切，東西也很好吃
Hello冰粉｜藕粉｜專賣店｜公休時間請見粉專,楊若萱,2 則評論,1 年前,5 顆星,好的
Hello冰粉｜藕粉｜專賣店｜公休時間請見粉專,滄海一聲笑,5 則評論,1 年前,5 顆星,最近下課發現的新下午茶 剛好這幾天都很熱很適合買來吃
Hello冰粉｜藕粉｜專賣店｜公休時間請見粉專,Leo,在地嚮導 · 48 則評論 · 41 張相片,1 年前,5 顆星,超好吃的 走過路過不要錯過
Hello冰粉｜藕粉｜專賣店｜公休時間請見粉專,洪丞佑,在地嚮導 · 20 則評論,1 年前,5 顆星,東西好吃 😋老闆hen帥 …
Hello冰粉｜藕粉｜專賣店｜公休時間請見粉專,鮮奶綠茶好喝（鮮奶綠）,在地嚮導 · 92 則評論 · 3 張相片,1 年前,5 顆星,"第一次在高雄看到這種點心感覺很新奇
下午來剛好很熱買一杯很消暑🤩
口感豐富 拍照起來也很好看👍🏻 …"
Hello冰粉｜藕粉｜專賣店｜公休時間請見粉專,政杰,10 則評論 · 1 張相片,1 年前,5 顆星,超好吃 推薦來吃！
龜龜毛毛泰國奶茶 ( 花園夜市店)/認明龜龜毛毛紅色燈箱招牌,吳怜嬅,"在地嚮導 · 780 則評論 · 6,038 張相片",5 天前,5 顆星,泰奶很好喝，甜度冰塊固定無法調整！
龜龜毛毛泰國奶茶 ( 花園夜市店)/認明龜龜毛毛紅色燈箱招牌,Sunny Chuang,在地嚮導 · 162 則評論 · 281 張相片,1 個月前,4 顆星,"現沖
均一價70台幣
糖冰不能調整
有比市面上泰奶減糖些
味道不錯但是有點貴"
龜龜毛毛泰國奶茶 ( 花園夜市店)/認明龜龜毛毛紅色燈箱招牌,拔辣宏,在地嚮導 · 14 則評論 · 3 張相片,1 個月前,1 顆星,女店員態度不好，袋子要付費沒先說有被強迫推銷的感覺
龜龜毛毛泰國奶茶 ( 花園夜市店)/認明龜龜毛毛紅色燈箱招牌,LCH,在地嚮導 · 77 則評論 · 16 張相片,4 個月前,5 顆星,
龜龜毛毛泰國奶茶 ( 花園夜市店)/認明龜龜毛毛紅色燈箱招牌,你覺得呢,在地嚮導 · 60 則評論 · 22 張相片,9 個月前,3 顆星,有點甜 茶味沒那麼重 喜歡奶味重的應該不錯
龜龜毛毛泰國奶茶 ( 花園夜市店)/認明龜龜毛毛紅色燈箱招牌,范翊萱,在地嚮導 · 42 則評論 · 6 張相片,11 個月前,1 顆星,"大東夜市的 根本沒說要袋子
直接跟我收$71是強迫推銷？
不知道什麼叫做問一下是不是"
龜龜毛毛泰國奶茶 ( 花園夜市店)/認明龜龜毛毛紅色燈箱招牌,RLu,在地嚮導 · 58 則評論 · 54 張相片,1 年前,5 顆星,夜市裡面似乎有三攤，找了比較裡面的一家來買，糖度冰塊皆未調整，喝起來不會死甜、偏茶味，有來的值得一試
龜龜毛毛泰國奶茶 ( 花園夜市店)/認明龜龜毛毛紅色燈箱招牌,劉小弟,1 則評論 · 1 張相片,1 年前,5 顆星,岸喜
龜龜毛毛泰國奶茶 ( 花園夜市店)/認明龜龜毛毛紅色燈箱招牌,林羽羽,在地嚮導 · 59 則評論 · 41 張相片,1 年前,5 顆星,"是7.8年前在泰國喝過的味道🤩🤩
絕對不能說有多好喝不然以後要排隊更久 …"
龜龜毛毛泰國奶茶 ( 花園夜市店)/認明龜龜毛毛紅色燈箱招牌,I’m樹懶,"在地嚮導 · 528 則評論 · 3,411 張相片",1 年前,5 顆星,可以喝兩杯好喝
龜龜毛毛泰國奶茶 ( 花園夜市店)/認明龜龜毛毛紅色燈箱招牌,艾橙,"在地嚮導 · 584 則評論 · 8,828 張相片",1 年前,4 顆星,大東夜市；糖冰固定，不調整
龜龜毛毛泰國奶茶 ( 花園夜市店)/認明龜龜毛毛紅色燈箱招牌,Rong,在地嚮導 · 279 則評論 · 682 張相片,1 年前,5 顆星,"檸檬冰茶新鮮好喝
每種飲料都必點
到花園夜市必買飲品"
龜龜毛毛泰國奶茶 ( 花園夜市店)/認明龜龜毛毛紅色燈箱招牌,Dora Cheng,"在地嚮導 · 254 則評論 · 1,050 張相片",2 年前,4 顆星,是好喝的泰奶～風味有跟泰國的很像～👍 …
龜龜毛毛泰國奶茶 ( 花園夜市店)/認明龜龜毛毛紅色燈箱招牌,Jay,在地嚮導 · 482 則評論 · 366 張相片,2 年前,5 顆星,一定要喝
龜龜毛毛泰國奶茶 ( 花園夜市店)/認明龜龜毛毛紅色燈箱招牌,Silvie,在地嚮導 · 44 則評論 · 63 張相片,2 年前,5 顆星,花園夜市飲料琳瑯滿目， 要喝泰國奶茶必選「龜毛」！ 甜度適中， 非常順口， 排隊的人潮一直都有，不會等太久。 泰奶、綠奶都十分推薦！
龜龜毛毛泰國奶茶 ( 花園夜市店)/認明龜龜毛毛紅色燈箱招牌,翊閔,在地嚮導 · 203 則評論 · 984 張相片,2 年前,1 顆星,只有滿滿的甜
龜龜毛毛泰國奶茶 ( 花園夜市店)/認明龜龜毛毛紅色燈箱招牌,黃茂勛,"在地嚮導 · 60 則評論 · 1,148 張相片",2 年前,5 顆星,老闆用心，喝的出對於品質的堅持
龜龜毛毛泰國奶茶 ( 花園夜市店)/認明龜龜毛毛紅色燈箱招牌,林小球,在地嚮導 · 120 則評論 · 173 張相片,2 年前,5 顆星,吃過龜龜毛毛ㄉ餐點，那肯定也是要來喝一下他們的泰奶吧～🇹🇭🫶🏻螞蟻代表aka泰奶小公主覺得喜歡！但又不會甜的很誇張！很剛好的甜度（我內心裡的七分糖）茶味比奶味重，所以冰塊融化後，泰奶雖然被稀釋了也不至於到整杯都沒味道🆗配上夜市買的炸物根本舒服到不行⋯⋯我是去大東夜市ㄉ，但都是同一間店啦，去哪個夜市都🉑️買(  -᷄֊-᷅ )老闆人超好的，還幫我套杯套、丟吸管套，好喝老闆人又好，推推推🫵🏻 …
龜龜毛毛泰國奶茶 ( 花園夜市店)/認明龜龜毛毛紅色燈箱招牌,Carey,在地嚮導 · 19 則評論 · 12 張相片,2 年前,5 顆星,"可惜甜度不能半糖之類，買了兩杯一杯直接喝蠻甜，第二杯冰塊已融化仍覺得甜
（平常奶茶類都喝微糖）"
龜龜毛毛泰國奶茶 ( 花園夜市店)/認明龜龜毛毛紅色燈箱招牌,jing Li,在地嚮導 · 406 則評論 · 796 張相片,2 年前,5 顆星,"真的泰好喝⋯⋯
自從去過泰國喝到當地就一直在找記憶中的味道 終於找到了🥹🥹
一定要點最甜才是正統🤤🤤🤤 …"
龜龜毛毛泰國奶茶 ( 花園夜市店)/認明龜龜毛毛紅色燈箱招牌,HengJay,"在地嚮導 · 741 則評論 · 3,608 張相片",2 年前,5 顆星,泰好喝了吧😋 …
龜龜毛毛泰國奶茶 ( 花園夜市店)/認明龜龜毛毛紅色燈箱招牌,Catherine,4 則評論 · 9 張相片,2 年前,5 顆星,綠奶茶好喝
龜龜毛毛泰國奶茶 ( 花園夜市店)/認明龜龜毛毛紅色燈箱招牌,Tzshiuan Lu,在地嚮導 · 81 則評論 · 81 張相片,2 年前,4 顆星,"真的很龜毛！要等一段時間才喝得到🤣
不像其他的泰奶死甜，是很清爽的甜度
我很喜歡💕 …"
龜龜毛毛泰國奶茶 ( 花園夜市店)/認明龜龜毛毛紅色燈箱招牌,Aroha kim,"在地嚮導 · 712 則評論 · 2,261 張相片",2 年前,5 顆星,泰奶很好喝，但出餐速度可以快一點更好
龜龜毛毛泰國奶茶 ( 花園夜市店)/認明龜龜毛毛紅色燈箱招牌,退休的-餐飲人員,在地嚮導 · 78 則評論 · 430 張相片,2 年前,5 顆星,大概只喝30次而已
龜龜毛毛泰國奶茶 ( 花園夜市店)/認明龜龜毛毛紅色燈箱招牌,傑森基德（獨行俠教頭）,在地嚮導 · 203 則評論 · 54 張相片,3 年前,5 顆星,什麼鬼，綠奶茶也太好喝…600顆星
龜龜毛毛泰國奶茶 ( 花園夜市店)/認明龜龜毛毛紅色燈箱招牌,余天,2 則評論 · 1 張相片,3 年前,1 顆星,大東夜市這位女店員態度極差.只是詢問是否能夠再加奶.如需加錢可以直接告知.我們不是不願意付.什麼都沒有說..直接給我們白眼就算了.還不屑的ㄘˉ了一聲.大家都是服務業.也懂服務業的辛苦.帶著情緒面對客人真的讓人感受真的很不好.真的需要改進一下態度.東西再好態度不好相信還是有不願意買單的客人.服務業買的不只是產品品質.更重要的是態度.
龜龜毛毛泰國奶茶 ( 花園夜市店)/認明龜龜毛毛紅色燈箱招牌,R. H.,在地嚮導 · 471 則評論 · 845 張相片,3 年前,3 顆星,個人認為泰奶喝起來太砂糖的死甜，泰讚了Thai Like Tea比較合我胃口～但是這間店員態度良好，謝謝😬 …
龜龜毛毛泰國奶茶 ( 花園夜市店)/認明龜龜毛毛紅色燈箱招牌,覓食,在地嚮導 · 57 則評論 · 286 張相片,3 年前,2 顆星,"只有甜味 沒有什麼茶味跟奶味
蠻失望的"
龜龜毛毛泰國奶茶 ( 花園夜市店)/認明龜龜毛毛紅色燈箱招牌,曾詩婷,4 則評論,3 年前,5 顆星,價格表上已有說明，糖跟冰不能調整，所以排隊等待時，看到滿滿一杯碎冰，會怕味道很淡，但現泡的泰奶跟煉乳一加下去，真的令人驚艷 ，非常好喝耶！
龜龜毛毛泰國奶茶 ( 花園夜市店)/認明龜龜毛毛紅色燈箱招牌,陳名翊,在地嚮導 · 102 則評論 · 10 張相片,4 年前,5 顆星,很好喝的泰式奶茶，有種又去泰國的感覺
龜龜毛毛泰國奶茶 ( 花園夜市店)/認明龜龜毛毛紅色燈箱招牌,大牛日常Bigcow,"在地嚮導 · 356 則評論 · 2,284 張相片",4 年前,5 顆星,泰富
龜龜毛毛泰國奶茶 ( 花園夜市店)/認明龜龜毛毛紅色燈箱招牌,April Chen,在地嚮導 · 122 則評論 · 65 張相片,4 年前,5 顆星,"整個攤位很吸睛
路過不可能沒有注意到

男友表示喝起來雖然沒有泰國的那麼正宗
但味道沒有差多少"
龜龜毛毛泰國奶茶 ( 花園夜市店)/認明龜龜毛毛紅色燈箱招牌,Yuhsuan Hsieh (Panda Hsieh),在地嚮導 · 237 則評論 · 920 張相片,4 年前,5 顆星,是好喝的泰式奶茶，但這種泰式奶茶甜度冰塊不能調整，如果喝慣清淡的人，可能會覺得這種飲料調味太多～
龜龜毛毛泰國奶茶 ( 花園夜市店)/認明龜龜毛毛紅色燈箱招牌,張家禎,在地嚮導 · 132 則評論 · 105 張相片,4 年前,5 顆星,"第一次喝到驚為天人
是我喝過最好喝最濃的泰奶"
龜龜毛毛泰國奶茶 ( 花園夜市店)/認明龜龜毛毛紅色燈箱招牌,Chi,在地嚮導 · 85 則評論 · 564 張相片,4 年前,5 顆星,"台南夜市必喝的飲料👍🏻
在逛的時候一定看到人手一杯 …"
龜龜毛毛泰國奶茶 ( 花園夜市店)/認明龜龜毛毛紅色燈箱招牌,Cheng,在地嚮導 · 67 則評論 · 304 張相片,4 年前,5 顆星,"朋友推薦來喝 第一次喝就愛上
老闆現沖的泰式奶茶
目前沒有喝過比這間好喝的泰奶
大推👍👍👍👍 …"
龜龜毛毛泰國奶茶 ( 花園夜市店)/認明龜龜毛毛紅色燈箱招牌,珮珮,"在地嚮導 · 140 則評論 · 1,036 張相片",4 年前,5 顆星,"現煮現沖的泰式奶茶 絕對是我心中第一名🥇
這次試了泰國綠奶茶 發現還是一般的泰式奶茶更好喝唷👍👍
泰國綠奶茶 60✅ …"
龜龜毛毛泰國奶茶 ( 花園夜市店)/認明龜龜毛毛紅色燈箱招牌,Chiaoks,"在地嚮導 · 168 則評論 · 1,579 張相片",4 年前,5 顆星,看到現煮的直接給五顆星，果然是龜龜毛毛，手標紅茶加泰式煉乳，好喝，列為花園夜市必買飲料～～
龜龜毛毛泰國奶茶 ( 花園夜市店)/認明龜龜毛毛紅色燈箱招牌,陳芊蓉,在地嚮導 · 14 則評論 · 23 張相片,4 年前,5 顆星,"泰奶比例完全黃金比例😍
濃度完全符合我喜好，甜度也剛剛好👍
泰式檸檬冰茶，酸甜度一極棒，走在夜市吃吃重口味，剛好來一杯解膩！
超推👏👏👏👏👏👏 …"
龜龜毛毛泰國奶茶 ( 花園夜市店)/認明龜龜毛毛紅色燈箱招牌,Luka,在地嚮導 · 31 則評論 · 3 張相片,4 年前,1 顆星,覺得沒有很好喝
龜龜毛毛泰國奶茶 ( 花園夜市店)/認明龜龜毛毛紅色燈箱招牌,Jiyun,在地嚮導 · 167 則評論 · 212 張相片,4 年前,4 顆星,
龜龜毛毛泰國奶茶 ( 花園夜市店)/認明龜龜毛毛紅色燈箱招牌,gggrf,在地嚮導 · 257 則評論 · 679 張相片,4 年前,5 顆星,"搜尋我的IG看更多食記和有趣的事物吧ʕ•ﻌ•ʔ♡
IG:gretafafa
- …"
龜龜毛毛泰國奶茶 ( 花園夜市店)/認明龜龜毛毛紅色燈箱招牌,侯小M,在地嚮導 · 55 則評論 · 39 張相片,4 年前,5 顆星,第一次喝檸檬冰茶 今天走泰式風 (≧ω≦)/ 好喝 值得推👍 泰式綠奶沒喝到 下次去花園夜市要去嚐嚐 😘 …
龜龜毛毛泰國奶茶 ( 花園夜市店)/認明龜龜毛毛紅色燈箱招牌,愛吃愛玩美甲師（謹謹）,"在地嚮導 · 128 則評論 · 1,033 張相片",4 年前,5 顆星,"有可愛嘟嘟車的這攤人多到沒地方排，每次經過常常是如此，想必是有它的魅力，和旁邊先生先點了一杯一起試喝看看，欸~有驚艷到我，不用跑泰國就可以喝到好喝的泰奶，這攤連名字都很有特色就叫 #龜龜毛毛泰國奶茶 🇹🇭﻿
﻿ …"
龜龜毛毛泰國奶茶 ( 花園夜市店)/認明龜龜毛毛紅色燈箱招牌,耐特尼基,"在地嚮導 · 291 則評論 · 2,215 張相片",5 年前,5 顆星,逛夜市喝到這個，滿分！真的蠻好喝的！後來我去都先點一杯！讚啊！哈哈哈
龜龜毛毛泰國奶茶 ( 花園夜市店)/認明龜龜毛毛紅色燈箱招牌,Bonny Liu,在地嚮導 · 65 則評論 · 281 張相片,5 年前,5 顆星,"雖然沒去過泰國
但這真的是喝過在台灣最好喝的泰式奶茶！
給100分"
龜龜毛毛泰國奶茶 ( 花園夜市店)/認明龜龜毛毛紅色燈箱招牌,Sandy Jhuang,在地嚮導 · 197 則評論 · 102 張相片,5 年前,5 顆星,泰奶茶、奶綠好喝！而且不會太甜 大愛❤️
龜龜毛毛泰國奶茶 ( 花園夜市店)/認明龜龜毛毛紅色燈箱招牌,Xenia Huang,在地嚮導 · 47 則評論 · 201 張相片,5 年前,5 顆星,目前在台灣喝過最泰的泰奶！好喜歡❤️❤️❤️
龜龜毛毛泰國奶茶 ( 花園夜市店)/認明龜龜毛毛紅色燈箱招牌,周文淑,"在地嚮導 · 317 則評論 · 3,251 張相片",5 年前,5 顆星,茶味濃郁
龜龜毛毛泰國奶茶 ( 花園夜市店)/認明龜龜毛毛紅色燈箱招牌,阿萌,在地嚮導 · 215 則評論 · 271 張相片,5 年前,5 顆星,好喝！
龜龜毛毛泰國奶茶 ( 花園夜市店)/認明龜龜毛毛紅色燈箱招牌,A,在地嚮導 · 891 則評論 · 723 張相片,5 年前,4 顆星,
龜龜毛毛泰國奶茶 ( 花園夜市店)/認明龜龜毛毛紅色燈箱招牌,Echo Ku,"在地嚮導 · 1,194 則評論 · 6,432 張相片",5 年前,5 顆星,"超好喝的泰式奶茶～～～
綠奶茶好喝推薦～～～～～～～
茶味濃但不會苦澀～～～
甜度不會可怕，
卻加深濃厚感～～～～～～"
龜龜毛毛泰國奶茶 ( 花園夜市店)/認明龜龜毛毛紅色燈箱招牌,C,"在地嚮導 · 1,546 則評論 · 16,445 張相片",5 年前,5 顆星,"泰式奶茶超級好喝！！跟去泰國喝的手標牌泰奶很像！❤️❤️
檸檬冰茶也超級厲害，夠酸夠濃～～"
龜龜毛毛泰國奶茶 ( 花園夜市店)/認明龜龜毛毛紅色燈箱招牌,Brywin,"在地嚮導 · 409 則評論 · 1,848 張相片",5 年前,5 顆星,非常好喝！！目前喝到最道地的泰式奶茶～檸檬冰茶也很好喝😋店員服務很好👍 …
龜龜毛毛泰國奶茶 ( 花園夜市店)/認明龜龜毛毛紅色燈箱招牌,黃金和,在地嚮導 · 6 則評論 · 6 張相片,6 年前,4 顆星,很熱鬧
龜龜毛毛泰國奶茶 ( 花園夜市店)/認明龜龜毛毛紅色燈箱招牌,張瑄,在地嚮導 · 82 則評論 · 94 張相片,6 年前,5 顆星,
龜龜毛毛泰國奶茶 ( 花園夜市店)/認明龜龜毛毛紅色燈箱招牌,シフォン,"在地嚮導 · 234 則評論 · 3,448 張相片",6 年前,5 顆星,好喝，服務態度棒
延記臭豆腐,朵莉甜廚,1 則評論,5 天前,3 顆星,味道口感變了，感覺沒以前好吃也變小顆，真可惜
延記臭豆腐,DB,在地嚮導 · 102 則評論 · 2 張相片,1 週前,1 顆星,
延記臭豆腐,黃榮昌,在地嚮導 · 1 則評論 · 1 張相片,1 個月前,5 顆星,
延記臭豆腐,Patrick Wang,"在地嚮導 · 756 則評論 · 6,584 張相片",2 個月前,4 顆星,臭豆腐好吃，內部多汁保有水分，並非那種炸得很乾很酥的類型。
延記臭豆腐,Henry Hsu,"在地嚮導 · 608 則評論 · 1,285 張相片",2 個月前,3 顆星,外皮脆的部分有點太厚了，裡面也不夠嫩，整體搭配起來不是很協調
延記臭豆腐,洪天馬,在地嚮導 · 7 則評論 · 33 張相片,2 個月前,2 顆星,
延記臭豆腐,Howdy Hou (好滴),在地嚮導 · 163 則評論 · 650 張相片,2 個月前,1 顆星,"從20幾歲就開始吃，到現在都快邁向40歲了，每次講到花園夜市或者是臭豆腐，一定都是推薦延記給朋友，朋友也都讚不絕口。

沒想到上個月中去品嚐時，已經沒有當初那般美味了。送上桌時立刻品嚐，發現臭豆腐表皮一點酥脆感也沒有，感覺就是只有先預炸，沒有經過第二次高溫搶酥。

雖然醬汁味道差不多，但臭豆腐表皮不酥，整個美味度就掉了一半以上。吃一口發現不酥後，立即跟店家反應，只得到天氣冷溫度低所以才不酥的爛理由。

剛剛留言前看到許多留言提到夜市王節目，看來應該是因為節目宣傳，導致顧客爆增，店家為求出餐速度，放棄了表皮酥脆的特色，想品嚐的朋友，建議等過一陣子再品嚐吧，幾個月後我會再品嚐一次，如果店家依舊沒有改善，將從我個人的臭豆腐第一名剔除，並加入永不光顧的黑名單，到時候再跟與大家分享🙏🙏"
延記臭豆腐,鄭睿洋,13 則評論,3 個月前,1 顆星,難吃就算了，送餐來不到五分鐘，趕著收攤，要趕人就不要賣餐點不是嗎？？
延記臭豆腐,Elvis,在地嚮導 · 31 則評論 · 2 張相片,3 個月前,1 顆星,"夜市王…哎
泡菜超酸。醬料不蒜
整體搭配 很奇怪。 真服了"
延記臭豆腐,Jummmp,"在地嚮導 · 1,218 則評論 · 5,551 張相片",3 個月前,4 顆星,"夜市王攤販
一份$70
吃起來的確不是太臭風格，可以帶外國人吃"
延記臭豆腐,不要叫我東東啦,"在地嚮導 · 283 則評論 · 3,389 張相片",3 個月前,4 顆星,"#20241222
看了夜市王後特別來嚐一下
只能說中規中矩 就是臭豆腐
好吃但感覺沒啥特殊的記憶點"
延記臭豆腐,佳珊,在地嚮導 · 239 則評論 · 633 張相片,4 個月前,5 顆星,超級好吃的臭豆腐（臭的很好吃），花園夜市絕對要來吃的
延記臭豆腐,謝芯語,4 則評論,4 個月前,5 顆星,
延記臭豆腐,PAOPAO SHIH,5 則評論 · 1 張相片,4 個月前,5 顆星,皮超酥 又多汁 真的不誇張!!!
延記臭豆腐,M J,在地嚮導 · 21 則評論 · 8 張相片,4 個月前,5 顆星,"臭豆腐酥脆 非常好吃👍
老闆親切友善！推一個～(●°u°●) 」"
延記臭豆腐,王佳瑜,4 則評論 · 18 張相片,4 個月前,5 顆星,臭豆腐炸的酥脆，醬汁很優，加上泡菜超美味😋
延記臭豆腐,莊小貴,4 則評論 · 3 張相片,4 個月前,5 顆星,豆腐外酥內軟😋真的很好吃
延記臭豆腐,源,"在地嚮導 · 159 則評論 · 1,521 張相片",6 個月前,4 顆星,"5塊70
外酥內嫩好吃，小貴4.2"
延記臭豆腐,囧囧菇小雲朵,6 則評論,8 個月前,1 顆星,夏雨天內用桌面濕濕的，卻只幫其他客人擦乾。有禮貌的詢問是否可以幫忙清理一下桌面，卻隨意擦了個部分來敷衍了事。豆腐也炸的太厚，不好吃。
延記臭豆腐,鮪魚,在地嚮導 · 20 則評論 · 4 張相片,8 個月前,1 顆星,"很貴又很難吃
70元才5小塊臭豆腐，還沒有面紙"
延記臭豆腐,柴爸幸福吃喝,在地嚮導 · 192 則評論 · 957 張相片,9 個月前,4 顆星,"延記臭豆腐，外皮酥脆，內軟透了…好吃😋
好吃夜市臭豆腐"
延記臭豆腐,Dan Lin,"在地嚮導 · 357 則評論 · 2,205 張相片",9 個月前,4 顆星,"大東夜市裡的攤位，第ㄧ次去可能不太好找，它在中間。
臭豆腐外酥內軟，炸的剛剛好
ㄧ定要加桌上的蒜泥、辣椒醬才好吃
ㄧ份$70，有5塊
人多的時候要排隊，翻桌快

113/06/07"
延記臭豆腐,Williams Tsao,"在地嚮導 · 451 則評論 · 1,683 張相片",10 個月前,4 顆星,"一份$70的臭豆腐，「發酵香味」重，外皮酥脆，醬汁偏鹹、酸中偏鹹的台式泡菜。
屬於口味偏重鹹的一家臭豆腐，
不推薦給喜歡台式泡菜偏甜的人"
延記臭豆腐,Amber Lin,"在地嚮導 · 244 則評論 · 1,011 張相片",10 個月前,5 顆星,"酥脆好吃
有帶一點點中藥回甘
喜歡臭豆腐的值得一嚐"
延記臭豆腐,瑜瑜,在地嚮導 · 31 則評論 · 13 張相片,10 個月前,5 顆星,"從學生時期大東夜市吃到花園夜市
雖然不算是常客但在記憶中一直是夜市最好吃的臭豆腐
今天逛花園久違的回來回味一下
結果我把剛買的衣服（我朋友的）忘在位置上🥹
到家馬上私訊店家FB他們也很快的回覆～
謝謝店家的細心><～～～
差點就要買10件衣服賠罪了"
延記臭豆腐,bao Zhou,在地嚮導 · 18 則評論 · 7 張相片,10 個月前,5 顆星,"開始會吃臭豆腐就是因為吃到它們家的臭豆腐開始，從學生時期吃到現在口味都沒變過，又酥又好吃泡菜更是大愛❤️

也謝謝今天店家幫忙找回遺留的衣服，人員都超讚超貼心的啊啊啊！"
延記臭豆腐,Y W,在地嚮導 · 213 則評論 · 31 張相片,10 個月前,5 顆星,好吃，外酥內軟
延記臭豆腐,陳冠延,在地嚮導 · 16 則評論 · 1 張相片,11 個月前,5 顆星,
延記臭豆腐,邱羽禔,"在地嚮導 · 674 則評論 · 3,045 張相片",11 個月前,4 顆星,"星期六假日人潮眾多，大約五點多到 排了約十分鐘的隊,一份$70
臭豆腐真的非常臭，外皮酥脆 醬汁很鹹、辣醬夠辣、泡菜超酸，又臭又鹹又辣又酸，真的每一項都是極致😆"
延記臭豆腐,Kuan Lu,3 則評論,11 個月前,5 顆星,"目前人生第一名臭豆腐
外酥裡嫩還爆汁
超級好吃"
延記臭豆腐,F.c Chuan,14 則評論,1 年前,1 顆星,臭豆腐來的當下就先給了一百塊錢，後來去拿衛生紙，回到座位店員說還沒收，想說是不是自己沒給就在拿錢給他找，後來想想確定有給，再去跟店員說，你剛剛拿臭豆腐的時候我就把一百塊給你你有印象嗎，也是說沒有，當下忙可以理解，但是被誤會沒給也是不爽，2/15晚上九點多，記得上面有監視器，可以去調看看就知道我有沒有給，一百塊很少，就只是不爽被說沒給而已
延記臭豆腐,EMT 119,256 則評論,1 年前,2 顆星,不像在吃臭豆腐，像在吃臭豆腐餅乾
延記臭豆腐,GY H,在地嚮導 · 166 則評論 · 581 張相片,1 年前,4 顆星,"只收現金，無發票載具。

📍臭豆腐：醬多，調味好吃，辣、蒜可自助調味；泡菜好吃；臭豆腐外酥內軟也好吃，可惜一份的量可能吃不飽。"
延記臭豆腐,E.C Chen,"在地嚮導 · 233 則評論 · 1,844 張相片",1 年前,4 顆星,"豆腐發酵的很不錯! 屬於酥脆軟嫩的類型~
但服務態度不是很好 垃圾要帶走不然會被臭臉酸哦!"
延記臭豆腐,Chia Cheng Chou (Danny),在地嚮導 · 48 則評論 · 5 張相片,1 年前,5 顆星,我跟你講看到就去吃，不要被他醜陋的招牌騙了！他真的超好吃沒有騙大家👍🏻
延記臭豆腐,Wen Evan,"在地嚮導 · 278 則評論 · 1,431 張相片",1 年前,5 顆星,美味的夜市臭豆腐，臭得很香、外酥內軟又多汁，很棒的口味，吃完一份覺得不夠欸
延記臭豆腐,chiachia sun,在地嚮導 · 25 則評論 · 1 張相片,1 年前,5 顆星,
延記臭豆腐,JIANWEN WANG,在地嚮導 · 238 則評論 · 373 張相片,1 年前,4 顆星,外酥內軟 炸得好吃的臭豆腐 泡菜如果可以更棒就好了！
延記臭豆腐,謝阿紘,6 則評論 · 1 張相片,1 年前,5 顆星,"吃完才知道。網路評論不是假的
沒有超好吃。
但是西北賀甲"
延記臭豆腐,Yuli Liu,在地嚮導 · 147 則評論 · 422 張相片,1 年前,5 顆星,每年到台南都會來吃，臭豆腐依舊外酥內軟，就是這個口感，泡菜依舊普普😂 …
延記臭豆腐,唐老師,在地嚮導 · 151 則評論 · 20 張相片,1 年前,5 顆星,表皮酥脆，豆腐多汁，豆瓣醬加入吃下在配泡菜，好吃～
延記臭豆腐,Jude Chu,"在地嚮導 · 101 則評論 · 1,234 張相片",1 年前,4 顆星,
延記臭豆腐,Waylon,1 則評論 · 1 張相片,1 年前,5 顆星,超級讚外酥內嫩還會爆汁推爆
延記臭豆腐,B B,在地嚮導 · 368 則評論 · 84 張相片,1 年前,2 顆星,好久沒來花園夜市，以前學生時代常來買，今天特別來買……發現豆腐不臭了辣椒好死鹹，再也不是記憶中的味道，變不好吃了，兩顆星是回憶
延記臭豆腐,Peng Hebe,"在地嚮導 · 485 則評論 · 2,152 張相片",2 年前,5 顆星,在大東夜市吃到的，真的好好吃🤤 …
延記臭豆腐,單純是種幸福,2 則評論,2 年前,1 顆星,一份裡有大塊正方形，有小塊三角形，有兩小塊露出白色豆腐不平整像是咬過的，店家給出這樣的食物，感覺很噁心！
延記臭豆腐,李珊珊,"在地嚮導 · 492 則評論 · 2,491 張相片",2 年前,5 顆星,一份$60，外皮非常脆，裡面會爆汁，臭豆腐夠臭，加泡菜吃非常好吃，底下醬汁非常剛好，下次來還會想要來吃的那種！
延記臭豆腐,Sandy Du,18 則評論,2 年前,1 顆星,可惜評論無法給負🌟 服務態度真的很差 是不是生意好店家就囂張了 叫客人都用欸的 有夠沒禮貌 找錢還用丟的 臭豆腐吃起來油膩膩 泡菜又鹹又酸 …
延記臭豆腐,Cat,在地嚮導 · 647 則評論 · 891 張相片,2 年前,5 顆星,可能是我吃過的最好吃的炸臭豆腐之一！超脆，旁邊還有美味的泡菜
延記臭豆腐,Joyce Chen,在地嚮導 · 24 則評論 · 3 張相片,2 年前,5 顆星,
延記臭豆腐,郭文玉,"在地嚮導 · 228 則評論 · 1,093 張相片",2 年前,4 顆星,"臭豆腐 外酥內嫩的路線
裡面的豆腐是有孔洞的
外酥的部份是稍微有厚度的，不是薄薄的脆皮類型"
延記臭豆腐,uuu L3,在地嚮導 · 170 則評論 · 51 張相片,2 年前,5 顆星,"好吃😋大東必吃
偏鹹重口味👍🏻
豆腐很脆，還有汁爆出來～，泡菜很多 …"
延記臭豆腐,Carol Lin,32 則評論 · 6 張相片,2 年前,5 顆星,外酥內軟，超級爆汁，很好吃，但泡菜普通
延記臭豆腐,張庭瑄,在地嚮導 · 24 則評論 · 15 張相片,2 年前,5 顆星,超級好吃
延記臭豆腐,ELLY,在地嚮導 · 94 則評論 · 266 張相片,2 年前,5 顆星,很脆👍🏻 …
延記臭豆腐,Cccc H,在地嚮導 · 30 則評論 · 2 張相片,2 年前,5 顆星,超好吃
延記臭豆腐,郭桂,2 則評論,2 年前,5 顆星,好久沒吃到這麼道地的臭豆腐了，按讚讚讚！奉勸各位朋友，有機會一定要去嚐鮮的啦！😄 …
延記臭豆腐,謝安龍,7 則評論 · 1 張相片,2 年前,2 顆星,一般般
延記臭豆腐,馬鈴薯,在地嚮導 · 115 則評論 · 5 張相片,2 年前,4 顆星,豆腐好吃，但泡菜好鹹
延記臭豆腐,Jay Hong,"在地嚮導 · 258 則評論 · 7,360 張相片",2 年前,4 顆星,
延記臭豆腐,Johnny Lee,在地嚮導 · 39 則評論 · 49 張相片,2 年前,5 顆星,"臭豆腐吃起來香酥脆
可以說是心目中有吃過的臭豆腐前三名"
延記臭豆腐,Yu Yu,"在地嚮導 · 226 則評論 · 1,240 張相片",2 年前,3 顆星,"皮脆、夠臭
但泡菜鹹，配上原本就有鹹度的豆腐口味變更重了～希望能改善泡菜的部分"
延記臭豆腐,Jason Chien,"在地嚮導 · 403 則評論 · 2,113 張相片",2 年前,5 顆星,"昨晚遺失手機在攤位上，老闆細心保管，台灣人情真棒，感謝太感謝

食物味美……老闆心美……"
延記臭豆腐,TZ W,在地嚮導 · 94 則評論 · 47 張相片,2 年前,2 顆星,以前很好吃的⋯這兩次去，原本老闆不在（換了一個壯壯年輕人）炸的不夠酥就算了，裡面還是冰的🥲我的愛店看來要走入歷史了⋯希望只是臨時，原來老闆快回來吧⋯ …
延記臭豆腐,Choe Fish,在地嚮導 · 35 則評論 · 13 張相片,2 年前,3 顆星,在大東夜市吃，泡菜超鹹，吃不出酸爽的感覺，臭豆腐香氣也不夠。
延記臭豆腐,Lu Jenny,在地嚮導 · 53 則評論 · 95 張相片,2 年前,5 顆星,炸的剛剛好，好吃
延記臭豆腐,月月,在地嚮導 · 323 則評論 · 118 張相片,2 年前,4 顆星,一份60元有5小塊臭豆腐 臭豆腐皮脆內嫩不會乾 好吃  可惜沒有醋 蒜泥提味單調了點 附的泡菜沒有蒜頭或辣椒香 偏軟不夠爽脆 醋味也不夠
延記臭豆腐,Yi HSY,"在地嚮導 · 116 則評論 · 1,129 張相片",3 年前,5 顆星,超好吃，個人心中排名前三的臭豆腐，下次南下必定再訪！
延記臭豆腐,Chen Ronan,在地嚮導 · 428 則評論 · 789 張相片,3 年前,5 顆星,是去大東夜市吃到的，臭豆腐又酥又脆、泡菜也醃的十分入味外。吃時先擠入辣椒醬再塞入幾片泡菜，真滴好吃啊。
延記臭豆腐,King,在地嚮導 · 22 則評論 · 83 張相片,3 年前,5 顆星,超脆又好吃🤤 …
延記臭豆腐,conpansate Li,"在地嚮導 · 313 則評論 · 1,156 張相片",3 年前,5 顆星,"外酥內軟 有點多汁
且有股微妙的味道 像是中藥味"
延記臭豆腐,Wen-Hsin Hung,在地嚮導 · 123 則評論 · 220 張相片,3 年前,5 顆星,
延記臭豆腐,美食療癒者,"在地嚮導 · 212 則評論 · 2,016 張相片",3 年前,5 顆星,"超好吃 外酥內嫩。一盤50元。但吃起來真的會爆汁
太可怕了。好厲害的臭豆腐。玩三天連續兩天都來大
東夜市就是為了他"
延記臭豆腐,料理餐評鑑員,在地嚮導 · 160 則評論 · 69 張相片,3 年前,3 顆星,"他們素食臭豆腐說真實的沒什麼感覺,吃過一次"
延記臭豆腐,Chi Da,在地嚮導 · 214 則評論 · 916 張相片,3 年前,5 顆星,"一咬下去 湯汁迅速的竄出 直接先被燙到
真的很好吃 超級讚 要吃臭豆腐就要吃延記
但要小心燙嘴👄 …"
延記臭豆腐,Winnie C,在地嚮導 · 51 則評論 · 131 張相片,3 年前,5 顆星,"外酥內軟不刮嘴，咬下去會噴汁要小心燙到
泡菜酸度和醬汁調味配臭豆腐很剛好，有提供蒜泥和辣醬可以配合自己的口味加
便宜好吃，個人覺得大東夜市中的第一名"
延記臭豆腐,Edmond Jhang,在地嚮導 · 91 則評論 · 102 張相片,4 年前,5 顆星,好吃～外皮酥脆內部口感很嫩，泡菜還好
延記臭豆腐,Ellen Chen,在地嚮導 · 60 則評論 · 45 張相片,4 年前,5 顆星,豆腐外酥內嫩，咬下去很juicy，搭配泡菜一起吃更是一絕，絕對是台南排名前三的臭豆腐
延記臭豆腐,環島遊樂,在地嚮導 · 150 則評論 · 914 張相片,4 年前,4 顆星,外酥內嫩 好吃的臭豆腐，來大東夜市必吃
延記臭豆腐,11文婉薰,5 則評論,4 年前,5 顆星,
延記臭豆腐,Brian Lin,在地嚮導 · 79 則評論 · 35 張相片,4 年前,5 顆星,趁沒人早早去買了，臭豆腐外酥內軟。
延記臭豆腐,Peter Wu,"在地嚮導 · 33 則評論 · 8,899 張相片",4 年前,4 顆星,
延記臭豆腐,謝芯語,,5 年前,5 顆星,
延記臭豆腐,謝李勝,,5 年前,5 顆星,
延記臭豆腐,王周彬,1 則評論,5 年前,5 顆星,
延記臭豆腐,鄭怡礽,8 則評論 · 2 張相片,5 年前,4 顆星,
延記臭豆腐,丹,"在地嚮導 · 898 則評論 · 1,291 張相片",5 年前,2 顆星,索索
延記臭豆腐,蘇西,在地嚮導 · 56 則評論 · 55 張相片,5 年前,5 顆星,好吃好吃
延記臭豆腐,Tqian,"1,852 則評論",5 年前,4 顆星,一份五塊$50，要夠脆才好吃，人多時常炸的不夠酥脆
延記臭豆腐,K.F huang,在地嚮導 · 92 則評論 · 16 張相片,5 年前,1 顆星,何必規定一定要兩人吃一份，不能三人吃一份嗎？態度差，不推薦此店
延記臭豆腐,王米卡,"在地嚮導 · 68 則評論 · 1,318 張相片",5 年前,3 顆星,
延記臭豆腐,chun An Wang,在地嚮導 · 9 則評論 · 12 張相片,5 年前,1 顆星,兩個大人兩個幼稚園小孩強制要叫兩份才能坐4人位置，還要被老闆指指點點，人一少時隔壁桌明明也是兩大兩小就沒強制叫2份，簡直就是讓外地來的遊客感覺極差，列為花園夜市必不吃店家。
延記臭豆腐,Cchen Kikiki,在地嚮導 · 26 則評論 · 9 張相片,5 年前,5 顆星,
延記臭豆腐,Lin Min,"在地嚮導 · 885 則評論 · 1,486 張相片",6 年前,5 顆星,表皮酥脆又不會太硬，每次來花園必吃
延記臭豆腐,辛重緯,"在地嚮導 · 650 則評論 · 2,817 張相片",6 年前,5 顆星,好吃，外酥內軟~
延記臭豆腐,Ray Chen,"在地嚮導 · 1,327 則評論 · 16,380 張相片",6 年前,4 顆星,臭豆腐不錯，外皮與內餡都不錯，夠入味。
延記臭豆腐,Kevin,"在地嚮導 · 85 則評論 · 3,798 張相片",6 年前,4 顆星,
延記臭豆腐,陳士元,在地嚮導 · 311 則評論 · 300 張相片,7 年前,4 顆星,皮脆內嫩多汁的臭豆腐，口味確實不錯
延記臭豆腐,Jason Young,"在地嚮導 · 3,470 則評論 · 6,263 張相片",7 年前,4 顆星,臭豆腐多汁好吃，還不錯
延記臭豆腐,Ruby,"658 則評論 · 1,069 張相片",7 年前,5 顆星,又臭又好吃~
延記臭豆腐,J Shrekloves,在地嚮導 · 220 則評論 · 866 張相片,8 年前,2 顆星,臭豆腐皮不夠酥脆，泡菜味道淡，感覺不如從前，老闆換人了？
延記臭豆腐,Ethan Wang,"在地嚮導 · 1,353 則評論 · 249 張相片",8 年前,4 顆星,還可以
延記臭豆腐,Blackstone Green,204 則評論,9 年前,1 顆星,出名後就走味了。
延記臭豆腐,Howard L.,"在地嚮導 · 2,704 則評論 · 5,452 張相片",9 年前,4 顆星,"#414
2013年11月30日"
美食家族 碳烤香雞排,Fei,在地嚮導 · 57 則評論 · 27 張相片,1 年前,5 顆星,十分好吃😋十分懷念 …
美食家族 碳烤香雞排,Jennifer Chen,在地嚮導 · 60 則評論 · 19 張相片,2 年前,5 顆星,炭烤雞排好吃，不會過乾！
天王牛排,競賢彭,4 則評論 · 2 張相片,3 天前,1 顆星,"忘記拍照⋯。吃起來味道很怪

而且裡面有點冷冷的。
200元厚片吃起來像吃罐頭肉
而且是組合肉 ⋯ 真的很不好吃"
天王牛排,小翔,14 則評論 · 2 張相片,1 個月前,1 顆星,"又一次刷新我的三觀
已經有三個以上的客人投訴肉有問題
店家還可以說 我吃沒問題
所以是我們這些客人的嘴巴壞了嗎⋯⋯？"
天王牛排,HAN Xin,在地嚮導 · 21 則評論 · 4 張相片,2 個月前,1 顆星,你可以不吃但一定要請朋友吃 第六顆星送給你
天王牛排,Eddie Lin,在地嚮導 · 38 則評論 · 15 張相片,2 個月前,1 顆星,難吃死了 破店
天王牛排,張尊迪,在地嚮導 · 39 則評論 · 24 張相片,2 個月前,1 顆星,"雞腿比我阿公還要老
牛排用合成肉還敢煎七分不是全熟
第一次夜市吃牛排會打槍到生氣"
天王牛排,莊程皓,324 則評論 · 207 張相片,3 個月前,4 顆星,"Cp質蠻高的
比全壘打好吃😋"
天王牛排,鍵盤酸民退散,11 則評論 · 4 張相片,3 個月前,1 顆星,台南夜市的排餐 牛豬肉 真都都是滿滿的科技與狠活  壓低成本 還賣得跟真的排餐一樣 這可以檢舉了吧
天王牛排,宋品漢,10 則評論,4 個月前,1 顆星,咀嚼肌有練到 一組50下 一次50組
天王牛排,吳學霖,在地嚮導 · 21 則評論 · 59 張相片,4 個月前,1 顆星,
天王牛排,淡藍的心,"在地嚮導 · 315 則評論 · 2,379 張相片",4 個月前,3 顆星,就…普通
天王牛排,水梨,在地嚮導 · 45 則評論 · 27 張相片,4 個月前,1 顆星,要確定ㄟ
天王牛排,蔡賢,6 則評論 · 1 張相片,5 個月前,1 顆星,"巨難吃
肉超柴"
天王牛排,蔣進昇,在地嚮導 · 21 則評論,5 個月前,1 顆星,無言
天王牛排,林凱源,4 則評論 · 1 張相片,5 個月前,1 顆星,"天王牛排天王級別難吃
一次店謝謝😊"
天王牛排,木白,11 則評論 · 1 張相片,8 個月前,5 顆星,快點來吃超級好吃
天王牛排,郭彥惠,1 則評論,9 個月前,1 顆星,
天王牛排,笑彤大魔王,,9 個月前,1 顆星,
吳記排骨酥,이옥방,在地嚮導 · 172 則評論 · 182 張相片,2 個月前,5 顆星,好吃到不行  上禮拜四吃完到現在還在懷念
吳記排骨酥,顏永宸,在地嚮導 · 106 則評論 · 183 張相片,2 個月前,5 顆星,很爽
吳記排骨酥,韋茹（Lucy）,在地嚮導 · 49 則評論 · 30 張相片,6 個月前,5 顆星,去花園夜市好多次，第一次買這間排骨酥，炸得很酥脆又不乾很好吃🤤 …
吳記排骨酥,YEE,"在地嚮導 · 1,077 則評論 · 1,669 張相片",10 個月前,5 顆星,很好吃的排骨
Vietnam Coffee Shop,Wen Jie,4 則評論 · 13 張相片,10 個月前,2 顆星,
Vietnam Coffee Shop,Ngoc trinh,1 則評論,10 個月前,5 顆星,雪
Vietnam Coffee Shop,Hà Lê,4 則評論 · 5 張相片,10 個月前,5 顆星,這裡的咖啡非常好喝
Vietnam Coffee Shop,Như Đinh,1 則評論,10 個月前,5 顆星,好喝👍👍👍 …
Vietnam Coffee Shop,Ốc Ngọc,1 則評論,10 個月前,5 顆星,太棒了😍
Vietnam Coffee Shop,Ngọc Yến Trần,1 則評論,10 個月前,5 顆星,好吃🥰 …
Vietnam Coffee Shop,Thảo Thiên,1 則評論,10 個月前,5 顆星,
Vietnam Coffee Shop,Bằng Đinh,,10 個月前,5 顆星,
Vietnam Coffee Shop,Kiên Quyết,,10 個月前,5 顆星,
Vietnam Coffee Shop,Nguyen Le,1 則評論,10 個月前,5 顆星,太好吃了
Vietnam Coffee Shop,Trần Minh Hiếu,2 則評論,10 個月前,5 顆星,始終優秀