餐廳名稱,留言者,留言者身分,留言時間,星級評等,評論內容
甜豆屋 2D Dessert,Eva Lien,在地嚮導 · 42 則評論 · 76 張相片,3 天前,5 顆星,風格很可愛，豆花二號料多，好吃😋
甜豆屋 2D Dessert,吳秋玫,11 則評論,4 天前,5 顆星,這間的甜豆都很好吃
甜豆屋 2D Dessert,Chen Mr.,7 則評論 · 2 張相片,4 天前,5 顆星,好吃
甜豆屋 2D Dessert,蔡以平,在地嚮導 · 81 則評論 · 47 張相片,1 週前,5 顆星,"環境舒適
商品美味
五星評論送指定加料"
甜豆屋 2D Dessert,陳秉安,10 則評論 · 3 張相片,1 週前,5 顆星,走過路過不要錯過 逢甲必吃甜點店🤩
甜豆屋 2D Dessert,Fakeaccount,在地嚮導 · 23 則評論 · 16 張相片,1 週前,5 顆星,
甜豆屋 2D Dessert,Lydia T.,在地嚮導 · 24 則評論 · 51 張相片,1 週前,5 顆星,風格很可愛，甜點擺拍美美的～薑汁豆花味道很不錯，湯圓很很好吃～日式豆花很新奇
甜豆屋 2D Dessert,TANG,在地嚮導 · 17 則評論 · 7 張相片,1 週前,5 顆星,空間大小剛好 氣氛好
甜豆屋 2D Dessert,Pei Ting Lo,1 則評論,2 週前,5 顆星,
甜豆屋 2D Dessert,藍裕盛,9 則評論 · 4 張相片,2 週前,5 顆星,推推推快來吃
甜豆屋 2D Dessert,馮梵于,7 則評論 · 2 張相片,2 週前,5 顆星,好吃！ ！ ！
甜豆屋 2D Dessert,張尚宇,在地嚮導 · 42 則評論 · 13 張相片,2 週前,5 顆星,好吃
甜豆屋 2D Dessert,宇俊,在地嚮導 · 117 則評論 · 429 張相片,2 週前,3 顆星,跟匠豆花比起來，CP真的不高
甜豆屋 2D Dessert,海島沒有冬天,2 則評論 · 2 張相片,2 週前,5 顆星,環境很可愛，餐點選擇很多
甜豆屋 2D Dessert,王Kiki,9 則評論 · 5 張相片,3 週前,5 顆星,來逢甲夜市 逛記得要來吃 好吃  打卡
甜豆屋 2D Dessert,36黃心沛,1 則評論 · 1 張相片,3 週前,5 顆星,老闆人很好 冰很好吃😋 …
甜豆屋 2D Dessert,虹虹,13 則評論 · 1 張相片,3 週前,5 顆星,"老闆人也太好了吧，對孕婦特別有愛～
準備了還在肚子裡嬰兒，準備一份甜品😍"
甜豆屋 2D Dessert,詹詩涵,2 則評論 · 1 張相片,3 週前,5 顆星,
甜豆屋 2D Dessert,宸緯,5 則評論,3 週前,5 顆星,
甜豆屋 2D Dessert,thi,2 則評論 · 4 張相片,3 週前,5 顆星,環境不錯！讚！
甜豆屋 2D Dessert,王麗榕,1 則評論,3 週前,5 顆星,
甜豆屋 2D Dessert,許華引,11 則評論 · 1 張相片,3 週前,5 顆星,很美味！老闆娘人很好！
甜豆屋 2D Dessert,欣穎,11 則評論 · 3 張相片,3 週前,5 顆星,裝潢超可愛😻 …
甜豆屋 2D Dessert,李鎧竹,4 則評論 · 1 張相片,3 週前,5 顆星,讚👍🏻 …
甜豆屋 2D Dessert,林暐倫,4 則評論 · 1 張相片,3 週前,5 顆星,超級好吃的！
甜豆屋 2D Dessert,hilda lo,11 則評論 · 2 張相片,1 個月前,5 顆星,她對我們非常好，還給了我們一個免費的碎圖羅！
甜豆屋 2D Dessert,Mumu Wu,10 則評論 · 3 張相片,1 個月前,5 顆星,
甜豆屋 2D Dessert,YUAN,在地嚮導 · 19 則評論 · 14 張相片,1 個月前,5 顆星,
甜豆屋 2D Dessert,邱榆翔,7 則評論,1 個月前,5 顆星,裝潢很可愛
甜豆屋 2D Dessert,儀,4 則評論,1 個月前,5 顆星,老闆人很好~
甜豆屋 2D Dessert,林小綠,在地嚮導 · 31 則評論 · 1 張相片,1 個月前,5 顆星,好吃！
甜豆屋 2D Dessert,Joy Lu,6 則評論,1 個月前,5 顆星,
甜豆屋 2D Dessert,王仁毅,9 則評論 · 2 張相片,1 個月前,5 顆星,
甜豆屋 2D Dessert,王韻琳,8 則評論 · 5 張相片,1 個月前,5 顆星,
甜豆屋 2D Dessert,林睿庠,在地嚮導 · 16 則評論 · 10 張相片,1 個月前,5 顆星,
甜豆屋 2D Dessert,林沛吟,在地嚮導 · 49 則評論 · 59 張相片,1 個月前,5 顆星,"我點了一份日式豆花原本裡面就已經有珍珠跟湯圓了原本想說能不能換芋圓，後來不行。
但是！老闆後來直接給我裝一碗珍珠湯圓芋圓的綜合配料送我🥺🥺🥺真的是下雨天的小確幸
而且豆花也好好吃🤤五星好評！！"
甜豆屋 2D Dessert,Tammy Hsu,在地嚮導 · 31 則評論 · 13 張相片,1 個月前,5 顆星,老闆很客氣，溫馨小巧的店面，乾淨衛生的冰品，親子友善、推推👍
甜豆屋 2D Dessert,魏宇安,在地嚮導 · 297 則評論 · 515 張相片,1 個月前,5 顆星,常常吃甜點，這家甜品是我吃到少數驚艷的，甜度剛好黑糖很香搭配濃鬱的香草冰淇淋，珍珠軟Q不會硬，會介紹給朋友的好店
甜豆屋 2D Dessert,徐子涵,2 則評論,1 個月前,5 顆星,
甜豆屋 2D Dessert,江宗翰,在地嚮導 · 20 則評論 · 22 張相片,1 個月前,5 顆星,
甜豆屋 2D Dessert,candy candy,在地嚮導 · 19 則評論,1 個月前,5 顆星,
甜豆屋 2D Dessert,Jason捷哥,在地嚮導 · 66 則評論 · 36 張相片,1 個月前,5 顆星,
甜豆屋 2D Dessert,吳聿晨,8 則評論 · 1 張相片,1 個月前,5 顆星,好吃
甜豆屋 2D Dessert,陳俊翔,8 則評論 · 1 張相片,1 個月前,5 顆星,
甜豆屋 2D Dessert,Lin益寬/柏郡,13 則評論 · 3 張相片,1 個月前,5 顆星,
甜豆屋 2D Dessert,王Sylvia,7 則評論 · 4 張相片,2 個月前,5 顆星,芝麻糊好吃哦😍 …
甜豆屋 2D Dessert,蒼之瞳,在地嚮導 · 32 則評論 · 14 張相片,2 個月前,5 顆星,
甜豆屋 2D Dessert,許裴,9 則評論,2 個月前,2 顆星,點熱的端來像常溫，芋圓完全沒有嚼勁，地瓜和脆糖都酸掉，店內已經蠻擁擠，地上還一堆雜物。
甜豆屋 2D Dessert,李怡瑩,8 則評論 · 4 張相片,2 個月前,5 顆星,
甜豆屋 2D Dessert,lai,6 則評論 · 1 張相片,2 個月前,5 顆星,
甜豆屋 2D Dessert,耕耕,10 則評論 · 1 張相片,2 個月前,5 顆星,好吃的吧
甜豆屋 2D Dessert,林志穎,7 則評論 · 6 張相片,2 個月前,5 顆星,
甜豆屋 2D Dessert,grandpa 0.0,在地嚮導 · 90 則評論 · 19 張相片,2 個月前,5 顆星,好好吃
甜豆屋 2D Dessert,黃永緯,在地嚮導 · 22 則評論 · 93 張相片,2 個月前,5 顆星,甜豆花
甜豆屋 2D Dessert,Kevin,"在地嚮導 · 221 則評論 · 1,748 張相片",2 個月前,4 顆星,裝潢很特別的店家，甜點偏甜，但是我喜歡👍
甜豆屋 2D Dessert,ChienYu Chen,在地嚮導 · 20 則評論 · 16 張相片,2 個月前,5 顆星,"日式豆花好吃～
脆糖超香
推推"
甜豆屋 2D Dessert,江凱,9 則評論 · 1 張相片,2 個月前,5 顆星,
甜豆屋 2D Dessert,Cooper (酷寶),4 則評論 · 5 張相片,2 個月前,5 顆星,蠻好吃😋料也蠻多的 老闆親切 裝潢溫馨
甜豆屋 2D Dessert,YU士倫,在地嚮導 · 24 則評論 · 2 張相片,2 個月前,5 顆星,
甜豆屋 2D Dessert,sekaiichi nanachi,20 則評論 · 13 張相片,2 個月前,5 顆星,芝麻糊
甜豆屋 2D Dessert,劉小豬,4 則評論,2 個月前,5 顆星,好好味
甜豆屋 2D Dessert,李映緹,3 則評論 · 3 張相片,2 個月前,5 顆星,
甜豆屋 2D Dessert,王凱立,在地嚮導 · 30 則評論 · 7 張相片,2 個月前,5 顆星,好吃
甜豆屋 2D Dessert,寒師凱,10 則評論 · 1 張相片,2 個月前,5 顆星,好好吃🤤 …
甜豆屋 2D Dessert,謝明劭,11 則評論 · 1 張相片,2 個月前,5 顆星,巷弄間好吃的甜點店
甜豆屋 2D Dessert,李宇,15 則評論 · 5 張相片,2 個月前,5 顆星,店內乾淨 服務好棒棒
甜豆屋 2D Dessert,JauWei Huang,在地嚮導 · 21 則評論 · 8 張相片,2 個月前,5 顆星,隱藏在巷子內的甜湯店，100分！！親子友善！！
甜豆屋 2D Dessert,sarah Lin,7 則評論 · 1 張相片,2 個月前,5 顆星,
甜豆屋 2D Dessert,Dana Lin,"在地嚮導 · 205 則評論 · 1,468 張相片",2 個月前,5 顆星,老闆說雙重的有新鮮草莓170元
甜豆屋 2D Dessert,李宜芳,3 則評論,2 個月前,5 顆星,
甜豆屋 2D Dessert,Hong soual,5 則評論 · 1 張相片,2 個月前,5 顆星,好吃 東西多 選擇多 裝潢好
甜豆屋 2D Dessert,胖齊,10 則評論 · 4 張相片,2 個月前,5 顆星,讚
甜豆屋 2D Dessert,siu pang Fong,2 則評論 · 2 張相片,2 個月前,5 顆星,"裝修非常特別,清潔光猛, 物有所值"
甜豆屋 2D Dessert,旭東機械陳小玲,2 則評論,2 個月前,5 顆星,我女兒肉粽涂喜歡
甜豆屋 2D Dessert,涂子捷,14 則評論 · 1 張相片,2 個月前,5 顆星,芝麻糊很好吃
甜豆屋 2D Dessert,張芯瑀,在地嚮導 · 34 則評論 · 10 張相片,2 個月前,5 顆星,女子～口甲～舌甘～
甜豆屋 2D Dessert,722 RY.D,在地嚮導 · 63 則評論 · 135 張相片,2 個月前,5 顆星,
甜豆屋 2D Dessert,俊賢陳,在地嚮導 · 36 則評論 · 25 張相片,2 個月前,5 顆星,環境裝潢很特別
甜豆屋 2D Dessert,晴天,在地嚮導 · 24 則評論 · 89 張相片,2 個月前,5 顆星,服務超級無敵好，我穿淺色衣服又貪嘴吃逛街東西，在旁邊等餐點時，滴到衣服了，當時大叫一聲很難過....老闆已經忙到歪掉，還立馬衝去拿濕紙巾給我擦🥹🥹🥹大冬天還能看到這種暖心舉動暖心服務~太完美了，還有店內氛圍可愛，又好吃~我今天吃湯圓芝麻糊👍超道地~完全沒輸港式飲茶的芝麻糊
甜豆屋 2D Dessert,FongHua Liu,在地嚮導 · 93 則評論 · 571 張相片,2 個月前,5 顆星,甜點很道地好吃，小小的店面但是裝潢很特別！沾到衣服時老闆也很貼心的提供紙巾❤️
甜豆屋 2D Dessert,Bowson Y.,在地嚮導 · 138 則評論 · 779 張相片,2 個月前,5 顆星,裝潢很有設計感，但老闆動作比較慢要體諒一下
甜豆屋 2D Dessert,與佳正,14 則評論 · 33 張相片,2 個月前,5 顆星,"真的太好吃！！
第一次看到草莓冰
是使用真材實料！！
上面都是冷凍後的草莓果實削成片
外面在貼切半草莓一圈又一圈(๑•̀ᄇ•́)و ✧"
甜豆屋 2D Dessert,鄭珮慈,在地嚮導 · 12 則評論 · 9 張相片,2 個月前,5 顆星,除夕難得有營業的店家！老闆和善，實際吃過以後發現芝麻糊不會很甜，相當順口好吃！超讚👍
甜豆屋 2D Dessert,鄭功蔚,4 則評論,2 個月前,5 顆星,第一次來吃
甜豆屋 2D Dessert,linda chen,在地嚮導 · 24 則評論 · 47 張相片,2 個月前,5 顆星,"芝麻糊豆花
不甜，芝麻香濃好吃😋 …"
甜豆屋 2D Dessert,昆昆,在地嚮導 · 27 則評論 · 34 張相片,2 個月前,5 顆星,"我們點芝麻糊加湯圓
芝麻糊很濃郁，裝潢也很可愛、空間偏小一點
老闆也沒有，我們想像港人態度不好
老闆是香港人 感覺吃到很正統口味～"
甜豆屋 2D Dessert,趙小九,在地嚮導 · 38 則評論 · 7 張相片,2 個月前,5 顆星,讚
甜豆屋 2D Dessert,Angus Au,在地嚮導 · 10 則評論 · 44 張相片,3 個月前,5 顆星,我點了黑白(豆花+芝麻糊) 豆花很順滑 芝麻糊味道很濃 非常喜歡這樣的配搭
甜豆屋 2D Dessert,趙亭昱,6 則評論 · 1 張相片,3 個月前,5 顆星,
甜豆屋 2D Dessert,ys C,在地嚮導 · 21 則評論 · 9 張相片,3 個月前,1 顆星,不行
甜豆屋 2D Dessert,16許方俞,3 則評論 · 2 張相片,3 個月前,5 顆星,環境舒適
甜豆屋 2D Dessert,X Cinos,4 則評論,3 個月前,2 顆星,
甜豆屋 2D Dessert,洪千淯,,3 個月前,5 顆星,
甜豆屋 2D Dessert,王炤元（王元元）,在地嚮導 · 58 則評論 · 55 張相片,3 個月前,5 顆星,口味特別~ 在逢甲夜市裡面，好吃
甜豆屋 2D Dessert,龍龍,在地嚮導 · 37 則評論 · 3 張相片,3 個月前,1 顆星,"點完芋皇有一股酸味，一口丟
一次店"
甜豆屋 2D Dessert,郭嘉音,7 則評論,3 個月前,5 顆星,
甜豆屋 2D Dessert,陳惠芬,2 則評論,3 個月前,5 顆星,服務良好、餐點好吃
甜豆屋 2D Dessert,陳昱廷,1 則評論,3 個月前,5 顆星,服務良好、餐點好吃
甜豆屋 2D Dessert,isappear,在地嚮導 · 24 則評論 · 6 張相片,3 個月前,5 顆星,
甜豆屋 2D Dessert,林昱翔,17 則評論 · 2 張相片,3 個月前,1 顆星,豆花內容物有紅豆、粉圓、地瓜、小湯圓只有5顆，吃起來普通，點熱的來是常溫，要價100元，客官們自評。
甜豆屋 2D Dessert,Patrick Theh,在地嚮導 · 19 則評論 · 37 張相片,3 個月前,5 顆星,環境不錯
甜豆屋 2D Dessert,糖糖醬,7 則評論 · 22 張相片,3 個月前,5 顆星,氣氛佳，還沒吃，還是給5顆星，拿評論加料一款~
甜豆屋 2D Dessert,免費測試,8 則評論 · 2 張相片,3 個月前,5 顆星,店內裝潢特別
甜豆屋 2D Dessert,涔Rreia,2 則評論 · 3 張相片,3 個月前,5 顆星,
甜豆屋 2D Dessert,賴宜君,5 則評論 · 5 張相片,3 個月前,5 顆星,
甜豆屋 2D Dessert,向玉惠,在地嚮導 · 23 則評論 · 9 張相片,3 個月前,5 顆星,"很有特色可愛的裝潢
服務親切！
甜品好吃😋"
甜豆屋 2D Dessert,林玉祥,在地嚮導 · 38 則評論 · 144 張相片,3 個月前,5 顆星,這麻糊不錯
甜豆屋 2D Dessert,陳,5 則評論,3 個月前,5 顆星,多樣選擇👍🏻
甜豆屋 2D Dessert,Kuanyu Chen,在地嚮導 · 22 則評論 · 16 張相片,4 個月前,5 顆星,
甜豆屋 2D Dessert,Kevin Deng,4 則評論 · 1 張相片,4 個月前,5 顆星,
甜豆屋 2D Dessert,陳致仰,在地嚮導 · 78 則評論 · 79 張相片,4 個月前,5 顆星,第一次來店外帶，風格獨特
甜豆屋 2D Dessert,Wu俊毅,在地嚮導 · 15 則評論 · 21 張相片,4 個月前,5 顆星,
甜豆屋 2D Dessert,鄭名翰,在地嚮導 · 95 則評論 · 6 張相片,4 個月前,5 顆星,
甜豆屋 2D Dessert,Back Whitey,在地嚮導 · 121 則評論 · 174 張相片,4 個月前,5 顆星,
甜豆屋 2D Dessert,Ching,在地嚮導 · 42 則評論 · 71 張相片,4 個月前,2 顆星,店內很擠 很小碗 斟酌一下再買 今天點紅豆湯小湯圓。然後。紅豆湯也沒有很好喝
甜豆屋 2D Dessert,Alice Wang,在地嚮導 · 71 則評論 · 29 張相片,4 個月前,5 顆星,冬至暖呼呼的湯圓～
甜豆屋 2D Dessert,Liu Sophia,在地嚮導 · 22 則評論 · 114 張相片,4 個月前,5 顆星,
甜豆屋 2D Dessert,蘇展廷,在地嚮導 · 23 則評論 · 6 張相片,4 個月前,5 顆星,很可愛的風格小店～
甜豆屋 2D Dessert,林阿傑,在地嚮導 · 95 則評論 · 22 張相片,4 個月前,5 顆星,料好實在，店家的服務也超貼心，大推！！
甜豆屋 2D Dessert,H H,在地嚮導 · 131 則評論 · 81 張相片,4 個月前,4 顆星,"小湯圓紅豆湯👍🏻
不會太甜很喜歡💕但是不夠熱"
甜豆屋 2D Dessert,AX M,在地嚮導 · 30 則評論 · 24 張相片,4 個月前,5 顆星,
甜豆屋 2D Dessert,蕭仲伯,在地嚮導 · 23 則評論 · 176 張相片,4 個月前,5 顆星,太好吃的草莓冰淇淋了！
甜豆屋 2D Dessert,Justin,在地嚮導 · 14 則評論 · 15 張相片,4 個月前,5 顆星,服務良好、東西好吃
甜豆屋 2D Dessert,あんぱんな,在地嚮導 · 196 則評論 · 229 張相片,4 個月前,4 顆星,"雖然沒有豆花的優點，但這對CP確實是甜甜的。
我收到了日式豆花（50美元）。黑糖糖漿中加入了大量的木薯粉、白玉和豆腐。單獨一份冰淇淋和炸焦糖。這樣的體積和價格，性價比非常驚人！不過，糖漿太甜了，對於豆花來說有點奇怪。不過，我認為作為學生的甜點會很棒。哥哥的客服也很好，我的滿意度也很高。
當您想要一些豐盛而甜蜜的東西時，您可能會來這裡。
謝謝你的飯菜。"
甜豆屋 2D Dessert,洪進寶,8 則評論 · 2 張相片,4 個月前,5 顆星,
甜豆屋 2D Dessert,黃文雄,在地嚮導 · 11 則評論 · 10 張相片,4 個月前,5 顆星,這裡的服務很好店員請切，而且也不會趕人，很舒適，店內小而溫馨。
甜豆屋 2D Dessert,Jun Feng Hsu,15 則評論 · 2 張相片,4 個月前,5 顆星,冷冷的芝麻糊
甜豆屋 2D Dessert,CHIA-HSIN LIN,在地嚮導 · 22 則評論 · 8 張相片,4 個月前,5 顆星,好吃喜歡 很特別
甜豆屋 2D Dessert,廖奕傑,在地嚮導 · 37 則評論 · 12 張相片,4 個月前,5 顆星,外帶豆花包裝很貼心 冰淇淋跟挫冰會另外裝 而且給蠻多的
甜豆屋 2D Dessert,Tissue,11 則評論 · 3 張相片,4 個月前,5 顆星,
甜豆屋 2D Dessert,廖心琳,3 則評論 · 3 張相片,4 個月前,5 顆星,
甜豆屋 2D Dessert,유현모,在地嚮導 · 17 則評論 · 29 張相片,4 個月前,5 顆星,如果你厭倦了油膩的台灣菜，一定要嚐嚐這個芒果刨冰！ ！ 🙊🙊🙊
甜豆屋 2D Dessert,DUCK,6 則評論 · 9 張相片,4 個月前,5 顆星,我吃了草莓和芒果刨冰。芒果刨冰真的又甜又好吃。業主很友好，內部乾淨漂亮。
甜豆屋 2D Dessert,Jenny Yu,在地嚮導 · 28 則評論 · 37 張相片,4 個月前,5 顆星,芝麻糊好吃！
甜豆屋 2D Dessert,Li Wei Chen,在地嚮導 · 50 則評論 · 11 張相片,5 個月前,5 顆星,"今天點了芝麻燒跟芋皇豆花～
✍️餐點：
1.芋圓
是有別於外面的形狀，這家是方形的，很好吃
2.花生
加了10元的花生，是分開裝的跟很多，很好吃
3.芋泥
份量也是很足很，好吃
4.豆花
雖然不是我想要的嫩豆花～ 是屬於傳統豆花，但！！！吃不夠竟然還可以再加～～❤️

✍️服務
我們四個人，一進門老闆直接幫我們並桌，老闆似乎是香港人，很親切～
還特別招待我們湯圓跟芋圓，讓我們多嚐試看看他們的招牌～
以服務來說，真的很貼心了

熱愛豆花的我～大推這家店～"
甜豆屋 2D Dessert,Chelsea Tan,,5 個月前,3 顆星,
甜豆屋 2D Dessert,價實在音樂商城costlower,在地嚮導 · 123 則評論 · 104 張相片,5 個月前,5 顆星,
甜豆屋 2D Dessert,廖珮晴,9 則評論 · 6 張相片,5 個月前,5 顆星,
甜豆屋 2D Dessert,許呈瑜,1 則評論 · 2 張相片,5 個月前,5 顆星,
甜豆屋 2D Dessert,政旭陳,3 則評論,5 個月前,5 顆星,讚讚
甜豆屋 2D Dessert,玟茹,5 張相片,5 個月前,5 顆星,
甜豆屋 2D Dessert,孫詩予,22 則評論 · 20 張相片,5 個月前,5 顆星,老闆人很好🥰環境舒適！冰品湯圓都很好吃！
甜豆屋 2D Dessert,pizza2012 pizza2014,在地嚮導 · 23 則評論 · 4 張相片,5 個月前,5 顆星,環境魔幻整潔 豆花好吃爽口
甜豆屋 2D Dessert,Nikki W,在地嚮導 · 92 則評論 · 40 張相片,5 個月前,3 顆星,"富士山冰不錯吃

但老闆
店門口放的糖果小孩拿了
拆了兩三顆都是壞掉的…..😓😓
有點可怕"
甜豆屋 2D Dessert,蕭芷薰,6 則評論,5 個月前,5 顆星,"店裡氣氛很好 女店員態度特別好 服務很周到🫶
餐點很好吃😋"
甜豆屋 2D Dessert,請支援輸贏,11 則評論 · 1 張相片,5 個月前,5 顆星,老闆人超好 五顆星都不夠
甜豆屋 2D Dessert,黃祐司,4 則評論 · 1 張相片,5 個月前,5 顆星,
甜豆屋 2D Dessert,王心怡,5 則評論 · 6 張相片,5 個月前,5 顆星,
甜豆屋 2D Dessert,雪狐snowfox,在地嚮導 · 26 則評論 · 13 張相片,5 個月前,5 顆星,好吃
甜豆屋 2D Dessert,Sally,7 則評論,6 個月前,5 顆星,東西很好吃👍 …
甜豆屋 2D Dessert,葉軒彤,6 則評論 · 1 張相片,6 個月前,5 顆星,
甜豆屋 2D Dessert,夜晚的星空,在地嚮導 · 71 則評論 · 1 張相片,6 個月前,5 顆星,
甜豆屋 2D Dessert,Easter Hung,在地嚮導 · 27 則評論 · 651 張相片,6 個月前,3 顆星,
甜豆屋 2D Dessert,TSAI FRANK1031,在地嚮導 · 10 則評論 · 1 張相片,6 個月前,5 顆星,
甜豆屋 2D Dessert,均,5 則評論 · 1 張相片,6 個月前,5 顆星,很愛吃的豆花 住附近很幸福 可以常常吃到！！❤️
甜豆屋 2D Dessert,ga Su,4 則評論 · 5 張相片,6 個月前,5 顆星,昨天跟朋友去吃iG 上的一間豆花店，餐點很好吃，店員小姐也很溫柔的幫我們上餐點還送我們小料，但有缺點就是不能手機付款，還有男店員的口氣讓人感覺不太好，希望老闆可以加強一下店員的服務態度，做餐飲的態度很重要不知道嗎，我們消費者去吃的除了餐點還有服務啊，再不加強店員的服務態度真的還會有回頭客嗎
甜豆屋 2D Dessert,yipei,3 則評論 · 2 張相片,6 個月前,5 顆星,老闆很親切，很好吃，會再來。
甜豆屋 2D Dessert,謝采穎,15 則評論 · 7 張相片,6 個月前,5 顆星,"豆花超好吃😋
店內裝潢很漂亮
超讚👍😍"
甜豆屋 2D Dessert,許正輝,在地嚮導 · 24 則評論 · 11 張相片,6 個月前,2 顆星,"5星評論都刷出來的
菜單上要什麼沒什麼
男店員家裡死人態度很差
點個餐一直在蛤蛤蛤
自己音樂放那麼大聲聽不到客人講話
在跟客人大聲三小

等了20分鐘來了烤焦還裂掉的起司塔
要確定這是跟菜單上同一個東西欸（照片是還沒吃過的樣子）
老闆真的不管一下自己家的員工嗎？"
甜豆屋 2D Dessert,Natsuki Hyama,在地嚮導 · 176 則評論 · 547 張相片,6 個月前,4 顆星,"期間限定
豆花芝麻糊，第一次吃 沒有特別喜好，但是也不差。
環境很可愛。"
甜豆屋 2D Dessert,grace,14 則評論 · 5 張相片,6 個月前,5 顆星,牛奶冰很濃郁很好吃
甜豆屋 2D Dessert,許昱智,在地嚮導 · 21 則評論 · 2 張相片,6 個月前,5 顆星,豆花好吃
甜豆屋 2D Dessert,柯昱安,在地嚮導 · 49 則評論 · 47 張相片,6 個月前,5 顆星,老闆超親切！下次經過一定再光臨🤩🤩
甜豆屋 2D Dessert,陳靜（Alice Chen）,在地嚮導 · 286 則評論 · 80 張相片,6 個月前,5 顆星,喜歡富士山
甜豆屋 2D Dessert,최숙경,"在地嚮導 · 740 則評論 · 4,235 張相片",6 個月前,4 顆星,"我在四處閒逛尋找一個可以坐下的地方後參觀了這個地方，因為市場上沒有可以坐下的商店。
西瓜刨冰。芒果刨冰味道不錯，裡面的裝潢也很喜歡。"
甜豆屋 2D Dessert,洪培芯,1 張相片,6 個月前,5 顆星,
甜豆屋 2D Dessert,zi-ting Huang,1 則評論,6 個月前,5 顆星,
甜豆屋 2D Dessert,吳小麥,在地嚮導 · 27 則評論 · 5 張相片,6 個月前,5 顆星,
甜豆屋 2D Dessert,Zichien Zhu,8 則評論 · 5 張相片,6 個月前,5 顆星,評論可以加一個指定加料👍👍👍
甜豆屋 2D Dessert,凱J,在地嚮導 · 17 則評論,6 個月前,5 顆星,"給這裡的三色豆加糖了吧
這麼甜"
甜豆屋 2D Dessert,Z Zhad,在地嚮導 · 16 則評論 · 5 張相片,6 個月前,5 顆星,好好吃
甜豆屋 2D Dessert,林筱芳,在地嚮導 · 207 則評論 · 270 張相片,6 個月前,4 顆星,
甜豆屋 2D Dessert,a C,在地嚮導 · 100 則評論 · 379 張相片,6 個月前,5 顆星,很愛這的豆花，細緻滑嫩料多不甜膩，平常都用外帶的，今天到店裡用餐，老闆還招待芋圓湯圓，好開薰❤️
甜豆屋 2D Dessert,Jia Jia,在地嚮導 · 11 則評論 · 9 張相片,6 個月前,5 顆星,很特別豆花店，點了日式豆花，好好吃～
甜豆屋 2D Dessert,Jc,在地嚮導 · 21 則評論 · 17 張相片,6 個月前,3 顆星,"外送點了120元的楊枝甘露
結果送來只有西米加一點點芒果塊？？
味道也很水"
甜豆屋 2D Dessert,彰中田柾國,5 則評論,7 個月前,5 顆星,好讚超好吃我吃西瓜冰
甜豆屋 2D Dessert,海龍王冰鳥,7 則評論 · 2 張相片,7 個月前,5 顆星,很好吃 店員也很親切！
甜豆屋 2D Dessert,黃紹綸,在地嚮導 · 4 則評論 · 2 張相片,7 個月前,5 顆星,
甜豆屋 2D Dessert,蔡昕晏,3 則評論 · 6 張相片,7 個月前,5 顆星,
甜豆屋 2D Dessert,Danny Wang,7 則評論,7 個月前,5 顆星,
甜豆屋 2D Dessert,林小彤,"在地嚮導 · 490 則評論 · 8,132 張相片",7 個月前,5 顆星,"這家店很好，可以不加糖水、不加煉乳，因為我們不喜歡吃太甜。
芒果牛奶冰：芒果香，很好吃，芒果冰搭最上面那球白色的一起吃有奶香味，最下面有一顆奶酪，整體搭配起來香濃好吃。
宇治金時：抹茶好香，單獨吃抹茶冰就已經很好吃了，還會回甘，抹茶冰再加上最上面那球白色的一起吃整個又柔和了許多，完全是不一樣的感覺，真的很好吃，紅豆有蜜過，蠻甜的，怕抹茶苦味的人可以搭配紅豆一起吃。
熔岩布朗尼伴冰淇淋：苦甜巧克力好吃，冰淇淋蠻甜的。
有機會我會想再試其他沒吃過的品項。"
甜豆屋 2D Dessert,陳振遠,"在地嚮導 · 376 則評論 · 1,207 張相片",7 個月前,5 顆星,很好吃
甜豆屋 2D Dessert,Oliver Ho,在地嚮導 · 355 則評論 · 670 張相片,7 個月前,5 顆星,讚！
甜豆屋 2D Dessert,焦祖安,4 則評論,7 個月前,5 顆星,
甜豆屋 2D Dessert,徐維涵,6 則評論,8 個月前,5 顆星,
甜豆屋 2D Dessert,張睿睿,在地嚮導 · 14 則評論 · 4 張相片,8 個月前,5 顆星,
甜豆屋 2D Dessert,黃c,16 則評論 · 3 張相片,8 個月前,5 顆星,好吃！ ！ ！
甜豆屋 2D Dessert,林Leon,在地嚮導 · 45 則評論 · 47 張相片,8 個月前,5 顆星,餐點好吃，價格合理，來吃很多次了！👍
甜豆屋 2D Dessert,呂怡萱,14 則評論 · 7 張相片,8 個月前,5 顆星,第一次品嚐很好吃😋 …
甜豆屋 2D Dessert,無名,在地嚮導 · 24 則評論 · 16 張相片,8 個月前,5 顆星,很棒！ ！
甜豆屋 2D Dessert,Jennifer,在地嚮導 · 22 則評論 · 3 張相片,8 個月前,5 顆星,
甜豆屋 2D Dessert,Gloria,在地嚮導 · 9 則評論 · 41 張相片,8 個月前,5 顆星,
甜豆屋 2D Dessert,王凱弘,在地嚮導 · 93 則評論 · 92 張相片,8 個月前,5 顆星,豆花好吃，吃得到豆類的醇香！
甜豆屋 2D Dessert,簡瑜鋒,在地嚮導 · 28 則評論 · 9 張相片,8 個月前,5 顆星,讚
甜豆屋 2D Dessert,15 Jeremy,2 則評論 · 2 張相片,8 個月前,5 顆星,
甜豆屋 2D Dessert,浩浩,7 則評論 · 1 張相片,8 個月前,5 顆星,
甜豆屋 2D Dessert,曾怡雯,在地嚮導 · 40 則評論 · 177 張相片,8 個月前,5 顆星,
甜豆屋 2D Dessert,毛米娜,5 則評論 · 6 張相片,8 個月前,5 顆星,
甜豆屋 2D Dessert,廖柔慈,6 則評論 · 1 張相片,8 個月前,5 顆星,
甜豆屋 2D Dessert,林昌羿,18 則評論 · 2 張相片,8 個月前,2 顆星,豆花不綿密其他配料普普。
甜豆屋 2D Dessert,亭妤,在地嚮導 · 23 則評論 · 2 張相片,9 個月前,5 顆星,👌🏻👌🏻👌🏻 …
甜豆屋 2D Dessert,NINI,在地嚮導 · 32 則評論 · 16 張相片,9 個月前,5 顆星,店員 態度很好歐
甜豆屋 2D Dessert,陳珮宜,在地嚮導 · 39 則評論 · 21 張相片,9 個月前,1 顆星,"老闆換了？

態度0
冰品品質也變差，表面有水果，裡面全部都塞白剉冰而已……

好想念上次來的老闆，好像不是台灣人，人超級好的，真的換人了嗎🥺"
甜豆屋 2D Dessert,謝文邁,在地嚮導 · 22 則評論 · 7 張相片,9 個月前,5 顆星,甜豆屋讚讚
甜豆屋 2D Dessert,墨涵兒,在地嚮導 · 21 則評論 · 11 張相片,9 個月前,5 顆星,很多人感覺很好吃
甜豆屋 2D Dessert,徐敏芝,在地嚮導 · 32 則評論 · 38 張相片,9 個月前,5 顆星,
甜豆屋 2D Dessert,林芳瑜,在地嚮導 · 53 則評論 · 227 張相片,9 個月前,5 顆星,豆花很讚～～
甜豆屋 2D Dessert,王怡懿,16 則評論 · 1 張相片,9 個月前,5 顆星,
甜豆屋 2D Dessert,林秘密,在地嚮導 · 63 則評論 · 259 張相片,9 個月前,5 顆星,"逢甲逛累的話有家平價小店可以歇腳 真棒！整體裝潢是黑白色系像是走到2D空間呢！出餐速度也很快速
夏季有芒果系列產品"
甜豆屋 2D Dessert,許雅倪,7 則評論 · 6 張相片,9 個月前,5 顆星,
甜豆屋 2D Dessert,謝琇妃,8 則評論 · 17 張相片,9 個月前,5 顆星,可可愛愛
甜豆屋 2D Dessert,謝小薇（謝小小）,9 則評論 · 3 張相片,9 個月前,5 顆星,好吃😋 …
甜豆屋 2D Dessert,連华青,在地嚮導 · 37 則評論 · 5 張相片,9 個月前,5 顆星,第一次來台中玩被當地人推薦這家
甜豆屋 2D Dessert,宮本太郎,在地嚮導 · 6 則評論 · 140 張相片,9 個月前,5 顆星,"好幾年沒來逢甲夜市逛逛了
走著走著就逛到這家甜豆屋吃冰、就點了日式豆花冰口味很棒好吃滿分、又送了一份紅豆、
夏天天氣炎熱呷冰還能消暑呢讚
老闆娘也很客氣的向我介紹他們的冰品...我給這店家5顆星👍👍👍👍👍⭐⭐⭐⭐⭐"
甜豆屋 2D Dessert,楊詠喆,在地嚮導 · 23 則評論 · 2 張相片,9 個月前,5 顆星,好吃
甜豆屋 2D Dessert,putin chao,在地嚮導 · 48 則評論 · 50 張相片,9 個月前,5 顆星,新鮮好吃夏日消暑
甜豆屋 2D Dessert,菇菇菇菇,2 則評論 · 3 張相片,9 個月前,5 顆星,
甜豆屋 2D Dessert,咕嚕到處飛,1 則評論,9 個月前,5 顆星,
甜豆屋 2D Dessert,謝采縈,13 則評論 · 6 張相片,9 個月前,5 顆星,好好吃
甜豆屋 2D Dessert,兆翔,10 則評論 · 2 張相片,9 個月前,5 顆星,用心經營的店家
甜豆屋 2D Dessert,萱萱,在地嚮導 · 21 則評論 · 19 張相片,9 個月前,5 顆星,
甜豆屋 2D Dessert,方小傑,在地嚮導 · 23 則評論 · 16 張相片,10 個月前,5 顆星,好吃～用料實在！
甜豆屋 2D Dessert,林純玉,在地嚮導 · 46 則評論 · 10 張相片,10 個月前,5 顆星,
甜豆屋 2D Dessert,Grace Li,在地嚮導 · 71 則評論 · 84 張相片,10 個月前,5 顆星,好吃的芒果🥭🤤🤤 …
甜豆屋 2D Dessert,楊美慧,9 則評論,10 個月前,5 顆星,
甜豆屋 2D Dessert,SF Lin,10 則評論 · 5 張相片,10 個月前,5 顆星,
甜豆屋 2D Dessert,Jane Yang,在地嚮導 · 9 則評論 · 6 張相片,10 個月前,5 顆星,
甜豆屋 2D Dessert,sisley H,在地嚮導 · 570 則評論 · 787 張相片,10 個月前,2 顆星,普
甜豆屋 2D Dessert,frederick wei,在地嚮導 · 30 則評論 · 49 張相片,10 個月前,5 顆星,
甜豆屋 2D Dessert,Shen-Ying Hsia,9 則評論 · 6 張相片,10 個月前,5 顆星,
甜豆屋 2D Dessert,Show wha Tsai,2 則評論,10 個月前,5 顆星,
甜豆屋 2D Dessert,梦琳陌儿,10 則評論 · 1 張相片,10 個月前,5 顆星,美味又好吃
甜豆屋 2D Dessert,kimi醬,在地嚮導 · 46 則評論 · 37 張相片,10 個月前,5 顆星,👍👍
甜豆屋 2D Dessert,謝育儒,8 則評論 · 1 張相片,10 個月前,5 顆星,好吃
甜豆屋 2D Dessert,LF001陳曼華,6 則評論 · 3 張相片,10 個月前,5 顆星,
甜豆屋 2D Dessert,廖婉諭,4 則評論 · 2 張相片,10 個月前,1 顆星,"點了一碗90元的西瓜刨冰，很小碗就算了上面的巧克力米還油耗味超重！跟店員反應還不理會、故忙她的、就算忙完了也應該來處理吧！
原本打算還要再點芒果綿綿冰、直接作罷！！一次性的店家。不會在光顧😡"
甜豆屋 2D Dessert,F. Justin,在地嚮導 · 19 則評論 · 17 張相片,10 個月前,5 顆星,
甜豆屋 2D Dessert,黃天天,在地嚮導 · 18 則評論 · 3 張相片,10 個月前,5 顆星,好吃喲
甜豆屋 2D Dessert,蔡方柔,14 則評論 · 4 張相片,10 個月前,5 顆星,
甜豆屋 2D Dessert,吳佩珊（Stacey）,在地嚮導 · 19 則評論 · 14 張相片,10 個月前,5 顆星,
甜豆屋 2D Dessert,黑鮪魚,3 則評論 · 1 張相片,10 個月前,5 顆星,讚！
甜豆屋 2D Dessert,Benson Wu,11 則評論 · 2 張相片,10 個月前,5 顆星,好吃
甜豆屋 2D Dessert,蔡文喆,9 則評論 · 1 張相片,10 個月前,5 顆星,讚
甜豆屋 2D Dessert,江梓睿,在地嚮導 · 23 則評論 · 5 張相片,10 個月前,5 顆星,豆花好吃!!!
甜豆屋 2D Dessert,Doreen Leong,"在地嚮導 · 264 則評論 · 1,176 張相片",10 個月前,5 顆星,"非常美味的甜點。水果很新鮮，煉乳也很豐富。工作人員很友好，但她獨自工作，所以服務有點慢。

雖然座位很窄。整體氛圍還是不錯的👍"
甜豆屋 2D Dessert,Hank Chen,在地嚮導 · 24 則評論 · 2 張相片,10 個月前,5 顆星,好吃
甜豆屋 2D Dessert,戴秀如,在地嚮導 · 18 則評論 · 9 張相片,10 個月前,5 顆星,舒服的店配好吃的冰^^
甜豆屋 2D Dessert,_。。。,3 則評論 · 3 張相片,10 個月前,1 顆星,"之前一直有吃這間的楊枝甘露
一直很想再吃今天經過看見芒果回來了
懷著期待的心情進來吃 結果送來的時候怎麼看都不像楊枝甘露
懷著懷疑的心態吃了一口 根本就不是楊枝甘露 😑
完全是芒果椰汁西米露
去問了店員店員說這就是楊枝甘露 😑
圖一是之前吃的
圖二是今天的
也差太多了吧 超級失望
不知道是換了老板還是怎樣"
甜豆屋 2D Dessert,張語宸,7 則評論 · 3 張相片,10 個月前,5 顆星,
甜豆屋 2D Dessert,19A-140李采璇,7 則評論 · 1 張相片,10 個月前,5 顆星,齁甲
甜豆屋 2D Dessert,毛毛,在地嚮導 · 28 則評論 · 2 張相片,10 個月前,5 顆星,烏龜很可愛，演員親切，豆花好吃
甜豆屋 2D Dessert,Chang張,在地嚮導 · 29 則評論 · 8 張相片,10 個月前,5 顆星,
甜豆屋 2D Dessert,黃珮妤,12 則評論 · 5 張相片,10 個月前,5 顆星,
甜豆屋 2D Dessert,Jinghan Yang,18 則評論 · 8 張相片,10 個月前,5 顆星,日式豆花很好吃！
甜豆屋 2D Dessert,会釈,在地嚮導 · 257 則評論 · 519 張相片,11 個月前,3 顆星,"紅豆湯不錯，但有點偏貴。
芒果冰也還行，只是不知道是不是因為我太久沒吃，已經脫離實價太久。這只是刨冰，而且芒果也不是塊狀那種，卻要120。如果要現切芒果要再加30，個人覺得cp 值偏低。
店員態度很好，但是店內一進門很明顯就有一股味道，看了其他評論才恍然大悟，原來是烏龜的味道..."
甜豆屋 2D Dessert,林靜妤,,11 個月前,5 顆星,
甜豆屋 2D Dessert,祐祥,3 則評論 · 2 張相片,11 個月前,5 顆星,
甜豆屋 2D Dessert,林可忻,7 則評論 · 2 張相片,11 個月前,5 顆星,超好吃，環境很可愛
甜豆屋 2D Dessert,黃瘦瘦,在地嚮導 · 35 則評論 · 37 張相片,11 個月前,5 顆星,很可愛的店！
甜豆屋 2D Dessert,愛唬爛,在地嚮導 · 25 則評論 · 4 張相片,11 個月前,5 顆星,突然想吃豆花
甜豆屋 2D Dessert,藍恭勤,6 則評論 · 1 張相片,11 個月前,5 顆星,
甜豆屋 2D Dessert,黃靖儒,2 則評論,11 個月前,5 顆星,很讚
甜豆屋 2D Dessert,蔡小臻,在地嚮導 · 73 則評論 · 194 張相片,11 個月前,5 顆星,夜市內小而整潔的店，有內用位子，餐點平價，老闆親切有禮
甜豆屋 2D Dessert,超级金枪鱼,在地嚮導 · 27 則評論 · 13 張相片,11 個月前,5 顆星,可愛的小姐姐
甜豆屋 2D Dessert,鐘一悟,4 則評論 · 19 張相片,11 個月前,5 顆星,
甜豆屋 2D Dessert,鄭欣宜,在地嚮導 · 30 則評論 · 12 張相片,11 個月前,5 顆星,
甜豆屋 2D Dessert,灰灰,在地嚮導 · 35 則評論 · 17 張相片,11 個月前,5 顆星,豆花很好吃
甜豆屋 2D Dessert,灰兔君,12 則評論 · 7 張相片,11 個月前,5 顆星,
甜豆屋 2D Dessert,郭旖薰,3 則評論 · 2 張相片,11 個月前,5 顆星,冰很漂亮又好吃😍😍
甜豆屋 2D Dessert,Ming,10 則評論,11 個月前,1 顆星,
甜豆屋 2D Dessert,Adam Wang,在地嚮導 · 24 則評論 · 11 張相片,11 個月前,5 顆星,
甜豆屋 2D Dessert,蘇廷宇,7 則評論 · 1 張相片,1 年前,5 顆星,
甜豆屋 2D Dessert,冰夜泉,在地嚮導 · 54 則評論 · 25 張相片,1 年前,4 顆星,"花生沒有煮透༎ຶ⁠‿⁠༎ຶ
中間還是硬的沒有軟爛
好難過
然後豆花太良心了吧
幾乎整碗都是豆花
但是糖水太少了༎ຶ⁠‿⁠༎ຶ
吃到後面只剩干吃豆花"
甜豆屋 2D Dessert,Peter晨睿（Peter晨睿）,在地嚮導 · 115 則評論 · 224 張相片,1 年前,5 顆星,
甜豆屋 2D Dessert,蘇偉誠,10 則評論 · 5 張相片,1 年前,5 顆星,
甜豆屋 2D Dessert,Chloe Lin,"在地嚮導 · 1,312 則評論 · 39,655 張相片",1 年前,4 顆星,收到現金後才開始製作餐點雖然知道店家是比較謹慎，但感受還是不大好。只收現金，有發票
甜豆屋 2D Dessert,做錯事還頂嘴,在地嚮導 · 21 則評論 · 9 張相片,1 年前,5 顆星,
甜豆屋 2D Dessert,Ju,45 則評論,1 年前,5 顆星,
甜豆屋 2D Dessert,GG GG,12 則評論 · 1 張相片,1 年前,5 顆星,老頂了 好吃 喜歡的女生昨天也來吃
甜豆屋 2D Dessert,Ching,11 則評論 · 1 張相片,1 年前,5 顆星,很可愛的店
甜豆屋 2D Dessert,火箭工程行,在地嚮導 · 10 則評論 · 2 張相片,1 年前,5 顆星,
甜豆屋 2D Dessert,Samwell Wu,在地嚮導 · 45 則評論 · 24 張相片,1 年前,5 顆星,
甜豆屋 2D Dessert,T YY,3 則評論 · 3 張相片,1 年前,5 顆星,"親切有禮，這次光顧芋皇豆花！超多芋頭製品，喜歡芋頭的朋友一定好開心！

P.S. 甜度是健康的，讚喔！

還有店的裝潢是手繪風，很可愛喔！"
甜豆屋 2D Dessert,Guan Wan,5 則評論 · 2 張相片,1 年前,5 顆星,
甜豆屋 2D Dessert,程程,17 則評論,1 年前,5 顆星,好吃
甜豆屋 2D Dessert,許莘妤,13 則評論 · 2 張相片,1 年前,5 顆星,好吃
甜豆屋 2D Dessert,林瑞成,10 則評論 · 2 張相片,1 年前,5 顆星,"這間的甜點真的很好吃
這次才會來回吃👍👍"
甜豆屋 2D Dessert,許萌祐,6 則評論,1 年前,5 顆星,好吃
甜豆屋 2D Dessert,童恩惜,在地嚮導 · 24 則評論 · 7 張相片,1 年前,5 顆星,好吃
甜豆屋 2D Dessert,江俊毅,20 則評論,1 年前,5 顆星,好讚
甜豆屋 2D Dessert,麥麥,在地嚮導 · 15 則評論 · 11 張相片,1 年前,5 顆星,
甜豆屋 2D Dessert,仙女,1 則評論,1 年前,5 顆星,"店家服務親切熱情
整家店名感覺非常藝術風趣
很好拍的一家網美豆花店"
甜豆屋 2D Dessert,沈宇翔,9 則評論,1 年前,5 顆星,
甜豆屋 2D Dessert,爽爽,在地嚮導 · 55 則評論 · 147 張相片,1 年前,5 顆星,"很有造型感的刨冰店
豆花很好吃 甜甜冰冰的
店內還有可愛的小烏龜
吃飯的樣子很療癒😂"
甜豆屋 2D Dessert,黃大維,在地嚮導 · 18 則評論 · 3 張相片,1 年前,5 顆星,
甜豆屋 2D Dessert,簡蕾蕾,4 則評論 · 3 張相片,1 年前,5 顆星,
甜豆屋 2D Dessert,林洺薇,19 則評論 · 1 張相片,1 年前,5 顆星,
甜豆屋 2D Dessert,柯予婕,9 則評論,1 年前,5 顆星,
甜豆屋 2D Dessert,晉嘉張,6 則評論,1 年前,5 顆星,"好好吃～
逛街休息ㄉ好地方💯"
甜豆屋 2D Dessert,Liew Lewis,在地嚮導 · 21 則評論 · 1 張相片,1 年前,5 顆星,美味的甜點，友好且樂於助人的以客戶為中心的服務🙂 …
甜豆屋 2D Dessert,u. Y,10 則評論 · 4 張相片,1 年前,5 顆星,
甜豆屋 2D Dessert,Jas Liu,4 則評論 · 1 張相片,1 年前,5 顆星,
甜豆屋 2D Dessert,林小班,在地嚮導 · 126 則評論 · 106 張相片,1 年前,4 顆星,"日式豆花放脆糖蠻特別✨冰淇淋也不錯
有另外加點地瓜芋圓（偏普通）共$65
朋友點的椰奶西米露$75
就比較空虛了"
甜豆屋 2D Dessert,郭俊鞍,"在地嚮導 · 52 則評論 · 1,206 張相片",1 年前,5 顆星,「🌟甜豆屋 2D Dessert🌟芝麻湯圓」位於臺中市西屯區逢甲路20巷13號1樓，店家豆花、甜湯、冰品及手工甜點食材新鮮🍳古法道地、類型廣泛、功夫十足、服務親切、料多實在、物超所值，各式經典食材🥘搭配各式餐盤🌿調配獨到入味😊養身保健，料理細微、用心經營，各式餐具碗盤搭配質感講究，推薦「芝麻糊湯圓」、「草莓🍓千層酥冰淇淋」、「日式豆花🥣」、「香蕉塔冰淇淋🍦」、「草莓🍓牛奶冰」、「薑湯湯圓」、「富士山🗻冰」、「芒果🥭牛奶冰」、「湯圓紅豆🫘湯🥣」、「椰汁西米🥣」、「港式楊枝甘露🥣」補氣健脾，用餐環境空間設計🌟、燈系💡漸進層次點綴、室內圖騰、漫畫構圖、歐式復古風格巧思佈置、氣氛鋪陳、舒適典雅、放鬆慢活步調鄉村風氛圍、在地傳香古早味，歡迎🏔️臺中大都會區🗻士農工商軍警消、男女老少咸宜、青年學子、五湖四海、各行各業界們蒞臨品嚐如此黯然銷魂、思鄉情切、懷舊氣息、道地濃厚、美食大排檔大師級料理👍
甜豆屋 2D Dessert,謝文邁,8 則評論 · 3 張相片,1 年前,5 顆星,好吃😋煉乳自由 …
甜豆屋 2D Dessert,Yang Tsai Ying,13 則評論 · 2 張相片,1 年前,5 顆星,超好吃😍😍老闆態度很好
甜豆屋 2D Dessert,judie lee,在地嚮導 · 10 則評論 · 8 張相片,1 年前,4 顆星,"在附近掃了一輪後前往這間繼續食😋
食物份量適中，食物配搭美味滿分！
吃了感覺好滿足😊
加上店鋪有心思的設計，也成就了一個打咭點😉

特別鳴謝店主，
他就算放假也接待我們包場服務。👍👍👍"
甜豆屋 2D Dessert,nnn,在地嚮導 · 43 則評論 · 16 張相片,1 年前,5 顆星,"芝麻糊愛好者🥹
每次上班都到22:00
所以我都會提早預訂
真的好愛他們家芝麻糊🫧✨🫶🏻"
甜豆屋 2D Dessert,Allen Deng,在地嚮導 · 21 則評論 · 4 張相片,1 年前,5 顆星,
甜豆屋 2D Dessert,Chan Stephen,4 則評論,1 年前,5 顆星,非常好吃，會推薦給家人朋友們
甜豆屋 2D Dessert,Wai Fong,1 則評論,1 年前,5 顆星,榴槤冰好味😋
甜豆屋 2D Dessert,Berry Yu,3 則評論,1 年前,5 顆星,餐廳室內設計高雅，老闆親切友善，服務一流，食品選擇多元化，廚師曾於五星酒店工作，絕對值得一試再試🥰🥰🥰
甜豆屋 2D Dessert,洪雪芳,在地嚮導 · 16 則評論 · 8 張相片,1 年前,5 顆星,
甜豆屋 2D Dessert,Chloe,在地嚮導 · 202 則評論 · 783 張相片,1 年前,5 顆星,"熱椰奶蛋白湯圓
芝麻糊豆花"
甜豆屋 2D Dessert,nomei shiau,8 則評論 · 2 張相片,1 年前,5 顆星,氛圍很可愛 東西好吃
甜豆屋 2D Dessert,張姍倪,17 則評論 · 5 張相片,1 年前,5 顆星,服務很好唷！打卡送一個配料～
甜豆屋 2D Dessert,簡佑安,在地嚮導 · 91 則評論 · 132 張相片,1 年前,4 顆星,甜豆屋 豆花很傳統美味😋 …
甜豆屋 2D Dessert,Danddy,在地嚮導 · 26 則評論 · 6 張相片,1 年前,5 顆星,"雙重草莓牛奶冰超讚❤️
老闆會準備一大瓶煉乳給你加到爽👍
店內還有一隻超漂亮的烏龜🫶
慶幸自己有跟朋友一起進來🙌🙌🙌"
甜豆屋 2D Dessert,Yi Ting,4 則評論 · 3 張相片,1 年前,5 顆星,草莓冰真的很好吃！ ！ ！ ！ ！
甜豆屋 2D Dessert,Wayne Chen,12 則評論,1 年前,5 顆星,好吃😋
甜豆屋 2D Dessert,吳培基,在地嚮導 · 60 則評論 · 104 張相片,1 年前,5 顆星,
甜豆屋 2D Dessert,邱梓榳,在地嚮導 · 252 則評論 · 726 張相片,1 年前,5 顆星,
甜豆屋 2D Dessert,林羿鋒,7 則評論 · 1 張相片,1 年前,5 顆星,
甜豆屋 2D Dessert,曾的,12 則評論 · 10 張相片,1 年前,5 顆星,
甜豆屋 2D Dessert,芸,在地嚮導 · 25 則評論 · 28 張相片,1 年前,5 顆星,品項多元～
甜豆屋 2D Dessert,Lucky女少,在地嚮導 · 83 則評論 · 212 張相片,1 年前,5 顆星,"今年的草莓特別貴
大湖一斤要價600元
網路Ig收尋草莓冰
意外讓我挖到寶❤️
像漫畫裝潢設計的冰品店
重點是挫冰是整顆滿滿的草莓下去雹冰😍
外帶煉乳加滿滿一盒🌹
從桃園直奔真的太物超所值了辣
難怪寒流來依然店內坐滿客人👏
推薦優質店家～㊗️老闆生意興隆
#甜豆屋
#雙重草莓牛奶冰

#最新平衡胰島素瘦身
♻️ #體內環保♻️
#三餐正常飲食🍴
#天然草本 #調理代謝💃🕺🏻
#打造易瘦 #很難復胖體質
#絕對純天然草本萃取
#歡迎來體驗60天無效退費
#秘密武器幫你找回健康與美麗
#這樣的減肥方式太幸福了
❤️❤️❤️❤️❤️❤️❤️❤️
#請找愛笑的妙妙😊
https://line.me/ti/p/rqNJkpaq3z"
甜豆屋 2D Dessert,風聆,12 則評論 · 6 張相片,1 年前,5 顆星,
甜豆屋 2D Dessert,無名,7 則評論 · 1 張相片,1 年前,5 顆星,
甜豆屋 2D Dessert,Type U,3 則評論 · 3 張相片,1 年前,5 顆星,
甜豆屋 2D Dessert,宗宗菌,"在地嚮導 · 820 則評論 · 18,822 張相片",1 年前,4 顆星,
甜豆屋 2D Dessert,韓欣容,4 則評論,1 年前,5 顆星,
甜豆屋 2D Dessert,失,在地嚮導 · 33 則評論 · 14 張相片,1 年前,5 顆星,甜而不膩 是可以多來的地方
甜豆屋 2D Dessert,李沛縈,在地嚮導 · 36 則評論 · 22 張相片,1 年前,5 顆星,
甜豆屋 2D Dessert,P P,8 則評論,1 年前,1 顆星,叫外送，餐點都是酸掉的
甜豆屋 2D Dessert,Chiner,在地嚮導 · 20 則評論 · 3 張相片,1 年前,5 顆星,
甜豆屋 2D Dessert,chia yu,10 則評論 · 2 張相片,1 年前,5 顆星,好吃
甜豆屋 2D Dessert,3_林詠達,在地嚮導 · 25 則評論 · 1 張相片,1 年前,5 顆星,好甜好爽👀
甜豆屋 2D Dessert,王信評,"在地嚮導 · 1,176 則評論 · 5,709 張相片",1 年前,1 顆星,"夜市好熱鬧，人潮滿滿、擁擠，許多店家都排隊人龍長長長。

路過，好不容易看到這家店裡有座位，而且沒客人！心想，終於可以坐下來歇歇腳，共吃上一碗熱熱的豆花。怎料⋯4人進店剛坐好，前往櫃檯點了2碗豆花。這時店家說，我們這兒有「低消」！
啊，這裡是夜市耶，還有低消？匪夷所思、不可思議，這到底⋯
看來，心想，都走進來了，還是改外帶了一碗。回去一吃，也不怎地～"
甜豆屋 2D Dessert,Joyce Chen,16 則評論 · 6 張相片,1 年前,5 顆星,
甜豆屋 2D Dessert,李冠佑,6 則評論 · 1 張相片,1 年前,5 顆星,薑湯很暖湯圓很Q很適合天氣冷
甜豆屋 2D Dessert,徐靖雲,1 則評論,1 年前,5 顆星,
甜豆屋 2D Dessert,邱郁芸,5 則評論,1 年前,5 顆星,
甜豆屋 2D Dessert,林艾儂,1 則評論,1 年前,5 顆星,
甜豆屋 2D Dessert,羅祐晟,4 則評論 · 6 張相片,1 年前,5 顆星,
甜豆屋 2D Dessert,Xuan Zhang,在地嚮導 · 21 則評論 · 21 張相片,1 年前,5 顆星,"裝潢很可愛很用心
店員服務態度很好
東西也很好吃 推推"
甜豆屋 2D Dessert,Wen Wen,在地嚮導 · 21 則評論 · 8 張相片,1 年前,5 顆星,"因為是平台外送的 所以以來這邊留言
真的很好吃😋😋 大湯圓都是芝麻 偶好喜歡！
👍👍👍👍👍👍👍"
甜豆屋 2D Dessert,Henry Shen,在地嚮導 · 16 則評論 · 4 張相片,1 年前,1 顆星,
甜豆屋 2D Dessert,Camila CHIA I 江嘉儀 CHIANG,在地嚮導 · 14 則評論 · 12 張相片,1 年前,5 顆星,老闆娘很親切
甜豆屋 2D Dessert,高珮珊,在地嚮導 · 17 則評論 · 2 張相片,1 年前,5 顆星,服務親切！環境優，CP高！
甜豆屋 2D Dessert,傑克,在地嚮導 · 23 則評論 · 3 張相片,1 年前,5 顆星,寒冬路過，餐點好吃，服務很好👍🏻
甜豆屋 2D Dessert,吳郁萱,14 則評論 · 4 張相片,1 年前,5 顆星,冷冷的冬至剛好看到這家店，點了醬汁湯圓，超好喝好吃，湯圓大顆，還有可愛的造型湯圓，物超所值，老闆人很好，大推
甜豆屋 2D Dessert,劉俊辰,在地嚮導 · 53 則評論 · 51 張相片,1 年前,5 顆星,
甜豆屋 2D Dessert,蔡文南,在地嚮導 · 66 則評論 · 45 張相片,1 年前,5 顆星,裝潢設計很有趣
甜豆屋 2D Dessert,魚魚,在地嚮導 · 59 則評論 · 58 張相片,1 年前,5 顆星,"環境可愛
打卡送料～☺️"
甜豆屋 2D Dessert,vi,1 則評論 · 1 張相片,1 年前,5 顆星,
甜豆屋 2D Dessert,B ranne,在地嚮導 · 73 則評論 · 393 張相片,1 年前,5 顆星,日式豆花超好吃的啦
甜豆屋 2D Dessert,Penny,在地嚮導 · 29 則評論 · 82 張相片,1 年前,5 顆星,
甜豆屋 2D Dessert,陳仕閔,4 則評論 · 1 張相片,1 年前,5 顆星,
甜豆屋 2D Dessert,基德,1 則評論 · 1 張相片,1 年前,5 顆星,
甜豆屋 2D Dessert,林大翔,在地嚮導 · 9 則評論 · 1 張相片,1 年前,5 顆星,
甜豆屋 2D Dessert,Qi Qi,在地嚮導 · 68 則評論 · 37 張相片,1 年前,5 顆星,料蠻多的，但是汁太少了且有點太甜，才剛吃沒幾口，就沒汁了，吃到後面都乾了
甜豆屋 2D Dessert,李明諺,在地嚮導 · 67 則評論 · 82 張相片,1 年前,5 顆星,裝潢特別的店
甜豆屋 2D Dessert,Lai Soon Teo,在地嚮導 · 36 則評論 · 11 張相片,1 年前,5 顆星,甜點店簡單又實惠，決定嘗試一下。  提供卡板外送服務。到目前為止一切順利且快樂。
甜豆屋 2D Dessert,Jennifer Louie,2 則評論 · 2 張相片,1 年前,5 顆星,我被這裡的裝飾所吸引，並受到友好的工作人員的歡迎。我的第一個想法是他們一定非常受歡迎，因為他們分享說很多商品都賣完了。我們點了芒果冰和芋頭椰奶。令人驚訝的是兩者都非常好吃！芒果冰很受歡迎，芋頭牛奶也很好吃。我強烈推薦並會在下次訪問台灣時回來。
甜豆屋 2D Dessert,xin,在地嚮導 · 44 則評論 · 32 張相片,1 年前,5 顆星,
甜豆屋 2D Dessert,Danny Lam,3 則評論 · 11 張相片,1 年前,5 顆星,
甜豆屋 2D Dessert,林煜娟,在地嚮導 · 16 則評論 · 5 張相片,1 年前,5 顆星,
甜豆屋 2D Dessert,朱小媚,7 則評論 · 2 張相片,1 年前,5 顆星,好吃
甜豆屋 2D Dessert,銀豹,在地嚮導 · 31 則評論 · 3 張相片,1 年前,5 顆星,好吃一直吃
甜豆屋 2D Dessert,昆宏,7 則評論 · 2 張相片,1 年前,5 顆星,
甜豆屋 2D Dessert,君莫笑,3 則評論 · 2 張相片,1 年前,5 顆星,
甜豆屋 2D Dessert,怪怪的（Kiwi）,4 則評論,1 年前,5 顆星,感覺很棒~~~店內很舒服
甜豆屋 2D Dessert,莊白,在地嚮導 · 22 則評論 · 16 張相片,1 年前,5 顆星,"點了丸子豆花跟富士山冰，冰很漂亮！
欸不是，而且富士山冰我以為下面沒有東西了，結果往下挖發現下面還有奶酪欸，什麼是驚喜，這就是驚喜！"
甜豆屋 2D Dessert,高巧芸,3 則評論,1 年前,5 顆星,
甜豆屋 2D Dessert,簡秀薇,11 則評論 · 2 張相片,1 年前,5 顆星,
甜豆屋 2D Dessert,林毓玟,在地嚮導 · 51 則評論 · 96 張相片,1 年前,5 顆星,
甜豆屋 2D Dessert,傅冠禎,15 則評論 · 1 張相片,1 年前,5 顆星,
甜豆屋 2D Dessert,菱菱MLing H,在地嚮導 · 125 則評論 · 534 張相片,1 年前,5 顆星,點了三種都好吃😋宇治抹茶紅豆👍
甜豆屋 2D Dessert,sh Lee,在地嚮導 · 113 則評論 · 18 張相片,1 年前,5 顆星,邀朋友來享用好吃的豆花
甜豆屋 2D Dessert,Julie Chen,在地嚮導 · 23 則評論 · 3 張相片,1 年前,5 顆星,
甜豆屋 2D Dessert,周桂菁,在地嚮導 · 14 則評論 · 9 張相片,1 年前,5 顆星,
甜豆屋 2D Dessert,簡小咻,在地嚮導 · 14 則評論 · 2 張相片,1 年前,5 顆星,
甜豆屋 2D Dessert,李宗霖,在地嚮導 · 21 則評論 · 4 張相片,1 年前,5 顆星,
甜豆屋 2D Dessert,賴孟澤,7 則評論 · 2 張相片,1 年前,5 顆星,
甜豆屋 2D Dessert,Sandy Ho,在地嚮導 · 34 則評論 · 6 張相片,1 年前,5 顆星,紅豆、花生綿密，粉圓Q彈，豆花軟嫩，好吃！
甜豆屋 2D Dessert,石蓉,3 則評論 · 1 張相片,1 年前,5 顆星,
甜豆屋 2D Dessert,章魚,12 則評論,1 年前,5 顆星,
甜豆屋 2D Dessert,Mina C,在地嚮導 · 29 則評論 · 7 張相片,1 年前,5 顆星,燒冷冰 物美價廉 打卡還送好禮哦😀 …
甜豆屋 2D Dessert,Hsu Peggy,"在地嚮導 · 257 則評論 · 1,759 張相片",1 年前,5 顆星,點「芋皇豆花」，裡面有芋泥、芋頭、芋圓，豆花很綿密，都好好吃！店員很親切人很好！店內裝潢很適合拍網美照！
甜豆屋 2D Dessert,周芷嫻,在地嚮導 · 29 則評論 · 10 張相片,1 年前,5 顆星,"之前路過被裝潢給吸引，今天剛好想說來吃一下，小小一間牆壁是漫畫風格，燈光明亮環境整齊很適合拍照，老闆、老闆娘的服務態度很好👍👍

點的是紅豆牛奶冰，跟黑糖剉冰，脆糖是老闆手工製作帶有焦糖的香氣，香草冰淇淋非常濃郁。

真心給五分，下次還會來光顧的😍😍
非常好吃哦"
甜豆屋 2D Dessert,Yu Han,4 則評論 · 5 張相片,1 年前,5 顆星,
甜豆屋 2D Dessert,Danny Ng,在地嚮導 · 28 則評論 · 39 張相片,1 年前,5 顆星,我吃了他們的芒果刨冰、傳統豆腐布丁和日本豆腐布丁。這是我在台灣吃過的最好的豆花/豆腐花。業主很友善——我在台灣的 9 天旅行中每天都吃一份豆布丁，這是最好的。這家店看起來真的很酷，它的 2D 主題與它的外觀相匹配，甜點很棒。我肯定會再回來吃他們的糕點。我強烈推薦那些來逢甲夜市的人來這個地方吃他們的刨冰和布丁甜點。布丁太好吃了，我又買了外送到飯店吃。我推薦日本豆腐花。
甜豆屋 2D Dessert,陳孟暄 CHEN MENG HSUAN P26091014,4 則評論,1 年前,5 顆星,我點的是芋頭豆花，朋友點的是傳統的，食材新鮮，有嚼勁！
甜豆屋 2D Dessert,xu.,在地嚮導 · 23 則評論 · 4 張相片,1 年前,5 顆星,富士山冰！
甜豆屋 2D Dessert,Jan C,20 則評論 · 5 張相片,1 年前,5 顆星,店面設計新穎，豆花滑嫩
甜豆屋 2D Dessert,高毓蔓,19 則評論 · 2 張相片,1 年前,1 顆星,點了芋皇豆花，不確定是不是芋圓壞掉，整晚豆花都有個奇怪的味道，第一次吃豆花只吃一口全部倒掉，建議店家應重新檢視存放天數及溫度，避免再次發生
甜豆屋 2D Dessert,游至誠,5 則評論,1 年前,5 顆星,店家簡約，價格實惠
甜豆屋 2D Dessert,315 20黃祥富,在地嚮導 · 11 則評論 · 2 張相片,1 年前,5 顆星,
甜豆屋 2D Dessert,小玥,7 則評論,1 年前,5 顆星,👍讚 …
甜豆屋 2D Dessert,張小寶,在地嚮導 · 41 則評論 · 18 張相片,1 年前,5 顆星,"看ig來的
嚐鮮"
甜豆屋 2D Dessert,Vincent LU,"在地嚮導 · 329 則評論 · 1,597 張相片",1 年前,5 顆星,好吃😋甜品樣式很多種，裝潢風格很有趣。 …
甜豆屋 2D Dessert,小雯,在地嚮導 · 127 則評論 · 193 張相片,1 年前,5 顆星,豆花很好吃
甜豆屋 2D Dessert,廖恩宇,在地嚮導 · 18 則評論,1 年前,5 顆星,好吃好吃
甜豆屋 2D Dessert,涂芷瑄,在地嚮導 · 20 則評論 · 8 張相片,1 年前,5 顆星,
甜豆屋 2D Dessert,劉智沅,2 則評論,1 年前,5 顆星,
甜豆屋 2D Dessert,陳小幸-二胡singer,13 則評論 · 6 張相片,1 年前,5 顆星,裝潢太可愛了！店員親切！好吃好吃
甜豆屋 2D Dessert,簡佑安,7 則評論,1 年前,5 顆星,
甜豆屋 2D Dessert,Jean Lee,10 則評論 · 2 張相片,1 年前,5 顆星,超好吃
甜豆屋 2D Dessert,劉虹宜,12 則評論 · 1 張相片,1 年前,5 顆星,料多好吃又實在👍👍👍 …
甜豆屋 2D Dessert,kwok fai IP,在地嚮導 · 34 則評論 · 677 張相片,1 年前,5 顆星,平靚正
甜豆屋 2D Dessert,せせ,,1 年前,5 顆星,
甜豆屋 2D Dessert,Hong Kong Deaf Cycling,4 則評論 · 8 張相片,1 年前,5 顆星,好吃，有點香港味
甜豆屋 2D Dessert,Xun Li,在地嚮導 · 39 則評論 · 3 張相片,1 年前,3 顆星,適合打卡的地方，但東西上桌後有點小失望。
甜豆屋 2D Dessert,賴晨希,5 則評論 · 1 張相片,1 年前,5 顆星,👍🏻👍🏻👍🏻👍🏻 …
甜豆屋 2D Dessert,婷（婷）,在地嚮導 · 39 則評論 · 21 張相片,1 年前,5 顆星,
甜豆屋 2D Dessert,天殤夜幽,4 則評論,1 年前,5 顆星,好吃
甜豆屋 2D Dessert,台北人,5 則評論,1 年前,5 顆星,好吃
甜豆屋 2D Dessert,Jamie Le Roux,在地嚮導 · 38 則評論 · 4 張相片,1 年前,4 顆星,
甜豆屋 2D Dessert,J,"在地嚮導 · 1,612 則評論 · 4,289 張相片",1 年前,4 顆星,"在IG看到糰子豆花就來吃了
丸子豆花$70（芋圓+$15）
送餐來看到是免洗碗…心就涼了一半😅
豆花本身蠻好吃的
豆漿底是無糖的 有一些小碎冰
糰子四顆另外放 外層口感太軟爛了
有淋上煉乳跟黃豆粉
最喜歡芋圓 軟Q好吃
整體來說餐點有點不符預期
店家是蠻親切的👍"
甜豆屋 2D Dessert,Celine Huang,9 則評論,1 年前,5 顆星,
甜豆屋 2D Dessert,Roxanne Wu,在地嚮導 · 138 則評論 · 740 張相片,1 年前,3 顆星,逢甲夜市內，裝潢非常別緻獨特，但是剉冰的份量和期望值有些落差
甜豆屋 2D Dessert,Jasper,在地嚮導 · 19 則評論,1 年前,4 顆星,水果也是微凍的 稍微有點太冰了
甜豆屋 2D Dessert,pilot T,在地嚮導 · 169 則評論 · 322 張相片,1 年前,5 顆星,讚
甜豆屋 2D Dessert,Versace photographer (攝影師),28 則評論,1 年前,5 顆星,
甜豆屋 2D Dessert,Lim JingJie,8 則評論 · 1 張相片,1 年前,5 顆星,店員超友善的啦！
甜豆屋 2D Dessert,Chi-Tai Wang,12 則評論 · 6 張相片,1 年前,5 顆星,好吃😋 …
甜豆屋 2D Dessert,m Chi,在地嚮導 · 40 則評論 · 29 張相片,1 年前,2 顆星,"整體不推 個人口味問題
西米露是送的所以兩種料$70 實體很小
芋泥+$20很像豆沙
冰體是粗的口感
點黑糖冰沒有黑糖味…
可以跳過這家選擇料更紮實、CP值更高的店～
推薦 1.吃冰讚（可加冰！）、2.彤心豆花（黑糖超香）目前台中冰店前二
兩家都不到70元 料還很讚
-
二更寶藏冰店 華美市場的無名冰店（好吃死又便宜是細冰推爆）"
甜豆屋 2D Dessert,ice輝,在地嚮導 · 203 則評論 · 279 張相片,1 年前,5 顆星,"傳統豆花好吃
雖然老闆忘記我的餐
但人很客氣 東西也好吃不貴
值得五星"
甜豆屋 2D Dessert,ANSON,7 則評論 · 2 張相片,1 年前,5 顆星,
甜豆屋 2D Dessert,oo oo,在地嚮導 · 77 則評論 · 12 張相片,1 年前,5 顆星,好吃好吃✨️✨️✨️
甜豆屋 2D Dessert,Tu Gme,"在地嚮導 · 192 則評論 · 1,090 張相片",1 年前,5 顆星,"逢甲巷弄冰品，逛累很適合進來吹冷氣休息配上一碗冰品。
服務人員接待優質，冰品價格不貴，口味好吃。
來逢甲夜市必吃推薦名單，店內佈置也很好網美拍照👍 …"
甜豆屋 2D Dessert,林芳伊,在地嚮導 · 11 則評論 · 6 張相片,1 年前,5 顆星,
甜豆屋 2D Dessert,4MIN,在地嚮導 · 328 則評論 · 19 張相片,1 年前,2 顆星,
甜豆屋 2D Dessert,shu ching Chan,6 則評論,1 年前,5 顆星,好吃
甜豆屋 2D Dessert,CH Y,在地嚮導 · 77 則評論 · 210 張相片,1 年前,5 顆星,
甜豆屋 2D Dessert,林其慧,在地嚮導 · 37 則評論 · 57 張相片,1 年前,5 顆星,
甜豆屋 2D Dessert,金珍楊,9 則評論 · 1 張相片,1 年前,5 顆星,看菜單感覺很好吃
甜豆屋 2D Dessert,LulalaOwO,在地嚮導 · 27 則評論 · 6 張相片,1 年前,5 顆星,店裡面超可愛，店員態度很好！
甜豆屋 2D Dessert,Shauna Serena,7 則評論 · 2 張相片,1 年前,5 顆星,
甜豆屋 2D Dessert,周晉玟,4 則評論,1 年前,5 顆星,店內佈置很可愛，逛累了可以到這裡吃甜點
甜豆屋 2D Dessert,潘隆華,2 則評論,1 年前,5 顆星,"芒果雪花冰好吃
下次想嚐鮮草莓冰"
甜豆屋 2D Dessert,annie annie,在地嚮導 · 48 則評論 · 28 張相片,1 年前,2 顆星,"不只一個朋友跟我說不好吃😅
但我不信邪，店這麼可愛，會多難吃😤
阿結果真的不好吃欸嗚嗚🥺 …"
甜豆屋 2D Dessert,陳宜萱,在地嚮導 · 21 則評論 · 6 張相片,1 年前,5 顆星,
甜豆屋 2D Dessert,陳詩淳,8 則評論 · 6 張相片,1 年前,5 顆星,
甜豆屋 2D Dessert,陳震宇,在地嚮導 · 16 則評論 · 115 張相片,1 年前,4 顆星,
甜豆屋 2D Dessert,燐君燐,在地嚮導 · 35 則評論 · 36 張相片,1 年前,5 顆星,
甜豆屋 2D Dessert,温耀文,52 則評論 · 18 張相片,1 年前,1 顆星,110的楊枝甘露上面只漂浮一些芒果，一些西米露。這種量也敢賣110。重點居然是用這種一次性的碗
甜豆屋 2D Dessert,Bella Yau,1 則評論 · 5 張相片,1 年前,5 顆星,
甜豆屋 2D Dessert,Winnie Yau,1 則評論 · 1 張相片,1 年前,5 顆星,
甜豆屋 2D Dessert,"Sam, Lin",24 則評論,1 年前,5 顆星,冷氣舒適的甜品好店！
甜豆屋 2D Dessert,亮晶晶,10 則評論 · 2 張相片,1 年前,5 顆星,希望逢甲能多點類似的網美店～但東西也好吃～勤美附近就很多，像特色咖啡廳或hun這種高質感點的店～畢竟逢甲是夜市比較難跟文青店搭上！
甜豆屋 2D Dessert,劉岳玲,在地嚮導 · 25 則評論 · 5 張相片,1 年前,5 顆星,剛剛吃了富士山冰，很好吃餒😋😋😋😋 …
甜豆屋 2D Dessert,7 0,2 則評論,1 年前,5 顆星,
甜豆屋 2D Dessert,徐欣儀,在地嚮導 · 24 則評論 · 6 張相片,1 年前,5 顆星,
甜豆屋 2D Dessert,籃翔,13 則評論 · 1 張相片,1 年前,5 顆星,
甜豆屋 2D Dessert,Jeremy,4 則評論 · 8 張相片,1 年前,5 顆星,
甜豆屋 2D Dessert,黃瑞生,在地嚮導 · 8 則評論 · 161 張相片,1 年前,5 顆星,店家服務好 且大方加料
甜豆屋 2D Dessert,陳姵慈,,1 年前,5 顆星,
甜豆屋 2D Dessert,黃小念,16 則評論 · 4 張相片,1 年前,5 顆星,"感覺還蠻特別的👍
還好這時候有熱食 喉嚨才不會動 …"
甜豆屋 2D Dessert,Strom Chang,在地嚮導 · 162 則評論 · 108 張相片,1 年前,4 顆星,日式豆花50元，珍珠屬扎實口感，豆花帶鹽滷的微微鹹味，黑糖水不會死甜，搭配冰淇淋的甜味較中和，脆糖滿特別的帶苦甜
甜豆屋 2D Dessert,蔡孟穎,15 則評論 · 1 張相片,1 年前,5 顆星,讚
甜豆屋 2D Dessert,Lin Jericho,11 則評論 · 2 張相片,1 年前,5 顆星,舒服的冰品店，不會太甜，脆糖很特別，很推
甜豆屋 2D Dessert,Kelly chen,在地嚮導 · 17 則評論 · 10 張相片,1 年前,5 顆星,老闆人很好，冰品好吃價格實在，叫老闆加冰結果連珍珠都加了！讚
甜豆屋 2D Dessert,黃怡婷,在地嚮導 · 35 則評論 · 10 張相片,1 年前,5 顆星,
甜豆屋 2D Dessert,黃亮愷,8 則評論,1 年前,5 顆星,好吃 便宜又大碗！ ！
甜豆屋 2D Dessert,C.C,19 則評論 · 3 張相片,1 年前,5 顆星,剉冰可愛又好吃😋 …
甜豆屋 2D Dessert,raider ho,在地嚮導 · 42 則評論 · 25 張相片,1 年前,5 顆星,
甜豆屋 2D Dessert,林坤政,8 則評論 · 1 張相片,1 年前,5 顆星,
甜豆屋 2D Dessert,李欣妮,3 則評論,1 年前,5 顆星,酷愛吃豆花，很喜歡這家的日式豆花跟冰淇淋👍👍一入口豆香味十足、搗灰口感也很綿密～粉圓也是最愛的Q彈口感，每個感受的到闆娘真的很用心，真的好吃😋 …
甜豆屋 2D Dessert,Chinee Loh,"在地嚮導 · 375 則評論 · 4,174 張相片",1 年前,5 顆星,"這裡的豆花甜點做得絕對完美！得到簽名的一個原因是我太累了，太懶了，無法創造自己的組合。

在這瘋狂炎熱的天氣裡，經過漫長的一天外出散步後，吃上這麼冷的食物，配上他們令人驚嘆的配料……絕對是有史以來最好的事情💯😍🥰，尤其是當豆腐如此柔軟、如此光滑、如此絲滑、如此新鮮的時候😋！ ！ ！與西米籽和綠豆搭配…簡直太棒了🫶💕必須來！ ！ ！

這位女士也非常友好和樂於助人！真是個很棒的發現🥰！"
甜豆屋 2D Dessert,Star White,在地嚮導 · 62 則評論 · 24 張相片,1 年前,5 顆星,"冷氣很涼，路過的時候被裝潢吸引到😍
有很多很特別的冰可以選擇，下次有來逢甲的話會再來吃一次。 …"
甜豆屋 2D Dessert,Eddie,在地嚮導 · 64 則評論 · 21 張相片,1 年前,5 顆星,好吃有特色，老闆很親切，炎炎夏日真的非常需要來一碗冰解暑，逢甲終於有像樣的挫冰店了😝 …
甜豆屋 2D Dessert,峰景,12 則評論 · 9 張相片,1 年前,5 顆星,冰品好吃透心涼，種類多，歡迎來品嚐夏天甜品
甜豆屋 2D Dessert,陳小姐,在地嚮導 · 16 則評論 · 3 張相片,1 年前,5 顆星,"好🍽️吃，冷氣好涼,生意好好 …"
甜豆屋 2D Dessert,成成,在地嚮導 · 106 則評論 · 5 張相片,1 年前,2 顆星,料偏少，碎冰有點太多
甜豆屋 2D Dessert,Huang樂樂,19 則評論,1 年前,5 顆星,"老闆娘很親切
通常夏天很少在賣熱的，老闆娘還為了我可以把黑糖水加熱在放料！
還有紅豆湯圓的部分還願意幫我加熱（很熱的那種）
紅豆不會很死甜剛剛好，湯圓超Q好好吃
評價不是買來的，真心推薦給大家！"
甜豆屋 2D Dessert,戴南西,13 則評論 · 4 張相片,1 年前,5 顆星,"小小的店
裝潢很有趣
這是第二次來
服務親切
甜品一樣很不錯"
甜豆屋 2D Dessert,Ethan Lin,在地嚮導 · 57 則評論 · 4 張相片,1 年前,5 顆星,
甜豆屋 2D Dessert,郭峻岑,34 則評論 · 7 張相片,1 年前,5 顆星,
甜豆屋 2D Dessert,阿泥,在地嚮導 · 22 則評論 · 5 張相片,1 年前,5 顆星,
甜豆屋 2D Dessert,Chan Shu Ching,6 則評論,1 年前,5 顆星,
甜豆屋 2D Dessert,月肉肉,在地嚮導 · 18 則評論 · 6 張相片,1 年前,5 顆星,好吃
甜豆屋 2D Dessert,蔡宛芯,9 則評論 · 4 張相片,1 年前,5 顆星,
甜豆屋 2D Dessert,YY Wang,在地嚮導 · 51 則評論 · 36 張相片,1 年前,3 顆星,外帶日式豆花跟富士山冰，冰蠻好吃的不甜膩，豆花也不錯，但人手不足等了一陣子，把一項外帶做成內用，回家發現少給一塊脆糖，覺得很可惜
甜豆屋 2D Dessert,YU CC,7 則評論 · 3 張相片,1 年前,5 顆星,
甜豆屋 2D Dessert,蔡宜庭,11 則評論 · 4 張相片,1 年前,5 顆星,好吃！
甜豆屋 2D Dessert,李旭曜,在地嚮導 · 19 則評論,1 年前,3 顆星,
甜豆屋 2D Dessert,雨萱,在地嚮導 · 31 則評論 · 8 張相片,1 年前,5 顆星,離家近的好選擇🥰 …
甜豆屋 2D Dessert,Jane Ku,在地嚮導 · 41 則評論 · 1 張相片,1 年前,5 顆星,"可可愛愛的店
乾淨也很溫馨的甜點店"
甜豆屋 2D Dessert,zhen,在地嚮導 · 15 則評論 · 3 張相片,1 年前,5 顆星,
甜豆屋 2D Dessert,姚佳茂,在地嚮導 · 16 則評論 · 1 張相片,1 年前,5 顆星,
甜豆屋 2D Dessert,暄惠Sherry,10 則評論 · 2 張相片,1 年前,5 顆星,
甜豆屋 2D Dessert,Lee Darcy,8 則評論 · 2 張相片,1 年前,1 顆星,"提供優惠刷5星評論
食物普普"
甜豆屋 2D Dessert,cHeN Abiiigailll,在地嚮導 · 29 則評論 · 8 張相片,1 年前,5 顆星,好吃
甜豆屋 2D Dessert,小江,在地嚮導 · 50 則評論 · 35 張相片,1 年前,5 顆星,
甜豆屋 2D Dessert,廖璨暘,在地嚮導 · 13 則評論 · 12 張相片,1 年前,5 顆星,
甜豆屋 2D Dessert,O AD,在地嚮導 · 141 則評論 · 128 張相片,1 年前,5 顆星,挫冰竟然可以加冰，老闆佛心
甜豆屋 2D Dessert,冠語曾,14 則評論,1 年前,5 顆星,店內很漂亮！
甜豆屋 2D Dessert,琇,7 則評論,1 年前,1 顆星,點了楊枝甘露 裡面有柚子 吃起來苦得要死是正常的嗎
甜豆屋 2D Dessert,歐欣瑜,4 則評論,1 年前,5 顆星,
甜豆屋 2D Dessert,Ting,9 則評論 · 5 張相片,1 年前,5 顆星,"店員很友善 店內氣氛也很不錯
裝潢可愛很適合找朋友一起來踩點！
很好吃 已經回購多次"
甜豆屋 2D Dessert,源源源源源源,在地嚮導 · 47 則評論 · 30 張相片,1 年前,5 顆星,"很特別的裝潢
煉乳還可以加到爽"
甜豆屋 2D Dessert,劉蓁榛,8 則評論 · 2 張相片,1 年前,5 顆星,好吃！
甜豆屋 2D Dessert,an h,12 則評論 · 5 張相片,1 年前,5 顆星,好吃
甜豆屋 2D Dessert,陳雅玟,在地嚮導 · 28 則評論 · 15 張相片,1 年前,5 顆星,
甜豆屋 2D Dessert,鄭宇皓,9 則評論 · 5 張相片,1 年前,5 顆星,好吃
甜豆屋 2D Dessert,林芷萁,4 則評論 · 3 張相片,1 年前,5 顆星,
甜豆屋 2D Dessert,辰,在地嚮導 · 37 則評論 · 5 張相片,1 年前,5 顆星,環境很好，闆娘超親切，東西超有網美感👍👍 …
甜豆屋 2D Dessert,陳韓,11 則評論 · 5 張相片,1 年前,5 顆星,超好吃😋一定要來吃看看 …
甜豆屋 2D Dessert,張煒峻,在地嚮導 · 23 則評論 · 3 張相片,1 年前,5 顆星,之前經過就ㄧ直想來吃 今天終於吃到了 開心🥳 …
甜豆屋 2D Dessert,吳補師,5 則評論,1 年前,5 顆星,新品特別好吃
甜豆屋 2D Dessert,jim津,在地嚮導 · 111 則評論 · 448 張相片,1 年前,4 顆星,環境可愛舒適，我點的芋頭剛好沒有桑桑的口感有點可惜，在爆熱的天氣逛逢甲，躲進來吃冰吹冷氣還是ok的～～
甜豆屋 2D Dessert,老遊條,21 則評論 · 7 張相片,1 年前,5 顆星,"五星評論有送一種料
裝潢很可愛
服務非常非常好！"
甜豆屋 2D Dessert,李致緯,6 則評論 · 11 張相片,1 年前,5 顆星,
甜豆屋 2D Dessert,張耿誌,8 則評論 · 3 張相片,1 年前,5 顆星,
甜豆屋 2D Dessert,c.c hsiao,在地嚮導 · 100 則評論 · 949 張相片,1 年前,5 顆星,
甜豆屋 2D Dessert,吳璟紳,在地嚮導 · 28 則評論 · 110 張相片,1 年前,5 顆星,
甜豆屋 2D Dessert,郭怡岑,在地嚮導 · 26 則評論 · 9 張相片,1 年前,5 顆星,好吃！
甜豆屋 2D Dessert,James,10 則評論 · 3 張相片,1 年前,5 顆星,
甜豆屋 2D Dessert,許文春,在地嚮導 · 28 則評論 · 10 張相片,1 年前,5 顆星,美味😋👍🏻 …
甜豆屋 2D Dessert,Astelle Lin,13 則評論,1 年前,5 顆星,
甜豆屋 2D Dessert,oeprwo,在地嚮導 · 23 則評論 · 6 張相片,1 年前,5 顆星,環境很可愛！
甜豆屋 2D Dessert,henry dis,在地嚮導 · 115 則評論 · 22 張相片,1 年前,1 顆星,我這個人比較沒耐心，所以沒辦法用30分鐘去等一碗冰，如果好吃的話我願意，但如果好吃的話我也不會來這裡給你一顆星了，喜歡拍照打卡又很閒的可以來，好不好吃見人見智，我是覺得普通。
甜豆屋 2D Dessert,FU,16 則評論 · 2 張相片,1 年前,5 顆星,
甜豆屋 2D Dessert,歐晉華,12 則評論 · 1 張相片,1 年前,5 顆星,好交易
甜豆屋 2D Dessert,米,36 則評論 · 30 張相片,1 年前,5 顆星,
甜豆屋 2D Dessert,Kimberley Lai,11 則評論 · 11 張相片,1 年前,5 顆星,
甜豆屋 2D Dessert,7,7 則評論,1 年前,5 顆星,
甜豆屋 2D Dessert,連唯雅,11 則評論 · 2 張相片,1 年前,5 顆星,
甜豆屋 2D Dessert,郭子瑜,9 則評論 · 1 張相片,1 年前,5 顆星,裝潢很可愛
甜豆屋 2D Dessert,alison chan,在地嚮導 · 94 則評論 · 78 張相片,1 年前,5 顆星,天氣熱，夜市消暑的好地方
甜豆屋 2D Dessert,張甯翔,在地嚮導 · 35 則評論 · 5 張相片,1 年前,5 顆星,
甜豆屋 2D Dessert,yu,4 則評論 · 1 張相片,1 年前,5 顆星,
甜豆屋 2D Dessert,玉米,13 則評論 · 3 張相片,1 年前,5 顆星,裝潢很特別！很吸引人
甜豆屋 2D Dessert,Yun.C Chang,16 則評論 · 3 張相片,1 年前,5 顆星,"裝潢超級特別！！
很適合拍照打卡o(≧v≦)o"
甜豆屋 2D Dessert,Lai玉琴,,1 年前,5 顆星,
甜豆屋 2D Dessert,李韋震（Lee Wei Zhen）,在地嚮導 · 15 則評論 · 4 張相片,1 年前,5 顆星,店內裝潢很特別，音樂好聽～
甜豆屋 2D Dessert,Siyixie,6 則評論 · 4 張相片,1 年前,5 顆星,
甜豆屋 2D Dessert,Yujun Ho,12 則評論 · 4 張相片,1 年前,5 顆星,
甜豆屋 2D Dessert,璇,在地嚮導 · 69 則評論 · 19 張相片,1 年前,2 顆星,"打烊的時候去買的
紅豆湯圓喝起來像喝水...
我以為我確診完全沒味道...實在很扯"
甜豆屋 2D Dessert,歌魅,8 則評論 · 1 張相片,1 年前,5 顆星,裝潢很特別
甜豆屋 2D Dessert,Mayhalf,5 則評論,1 年前,5 顆星,很讚
甜豆屋 2D Dessert,Carol YU (Carol),在地嚮導 · 47 則評論 · 51 張相片,1 年前,5 顆星,想吃😋 …
甜豆屋 2D Dessert,Terry,在地嚮導 · 17 則評論,1 年前,5 顆星,很有特色2D風格，適合拍照，平價小吃！
甜豆屋 2D Dessert,米恩,"在地嚮導 · 148 則評論 · 2,117 張相片",1 年前,4 顆星,"位於逢甲商圈新開幕的甜品店
店內漫畫風格裝璜很好拍
裡面提供座位區逛街逛累了
可以來甜豆屋吃甜點休息🥰

🎀草莓千層酥💲200
上面滿滿的草莓，酥皮裡加奶油醬很搭配不會太甜，旁邊還有一球冰淇淋，草莓控必吃甜點🍓

🎀店三寶💲180
小巧可愛的甜點，裡面有布朗尼巧克力香，酥脆千層濃郁奶油香味，甜蜜蘋果很好吃😋

🎀三重芋頭冰💲110
滿滿芋頭甜品，有綿密芋泥、QQ的芋圓、冷凍芋圓口感偏硬，愛芋頭的人別錯過囉💜"
甜豆屋 2D Dessert,江秉駿,3 則評論 · 1 張相片,1 年前,5 顆星,
甜豆屋 2D Dessert,hsianyu Chung,在地嚮導 · 48 則評論 · 29 張相片,1 年前,5 顆星,
甜豆屋 2D Dessert,Elaina,12 則評論 · 8 張相片,1 年前,5 顆星,
甜豆屋 2D Dessert,黃芷楹,在地嚮導 · 15 則評論 · 6 張相片,1 年前,5 顆星,
甜豆屋 2D Dessert,zhou zhou,7 則評論 · 2 張相片,1 年前,5 顆星,
甜豆屋 2D Dessert,陳yuan,5 則評論 · 2 張相片,1 年前,5 顆星,
甜豆屋 2D Dessert,小哈,9 則評論,1 年前,5 顆星,
甜豆屋 2D Dessert,郭,在地嚮導 · 15 則評論 · 7 張相片,1 年前,5 顆星,👍🏻 …
甜豆屋 2D Dessert,張惠珍,在地嚮導 · 25 則評論 · 7 張相片,1 年前,5 顆星,超棒很好，吃的冰店
甜豆屋 2D Dessert,黃丞瑋,2 則評論,1 年前,5 顆星,讚啦？(≧ω≦)/
甜豆屋 2D Dessert,吳克政,12 則評論 · 3 張相片,1 年前,5 顆星,裝潢很可愛
甜豆屋 2D Dessert,りげん,在地嚮導 · 19 則評論 · 6 張相片,1 年前,5 顆星,價格實惠
甜豆屋 2D Dessert,林姵君,12 則評論 · 4 張相片,1 年前,5 顆星,
甜豆屋 2D Dessert,藍綠藻,在地嚮導 · 29 則評論 · 8 張相片,2 年前,5 顆星,新開的豆花店，空間明亮適合邊吃邊聊天，豆花好吃料豐富。
甜豆屋 2D Dessert,蔡易言1,1 則評論,2 年前,5 顆星,"價格親民，很便宜👍👍老闆娘也很親切☺️
紅豆超推🥰 …"
甜豆屋 2D Dessert,洪啟睿,在地嚮導 · 23 則評論 · 11 張相片,2 年前,5 顆星,環境舒服明亮，冰品好吃🤤🤤 …
甜豆屋 2D Dessert,吳柏賢,在地嚮導 · 25 則評論 · 4 張相片,2 年前,5 顆星,厲害的裝潢，好吃的紅豆
甜豆屋 2D Dessert,張令嫺,8 則評論 · 3 張相片,2 年前,5 顆星,
甜豆屋 2D Dessert,呂秉儒,在地嚮導 · 27 則評論 · 7 張相片,2 年前,5 顆星,
甜豆屋 2D Dessert,侯信甫,8 則評論,2 年前,5 顆星,
甜豆屋 2D Dessert,藍欣博,6 則評論 · 1 張相片,2 年前,5 顆星,價格很便宜 超級好吃
甜豆屋 2D Dessert,顏羚,8 則評論 · 1 張相片,2 年前,5 顆星,
甜豆屋 2D Dessert,藍婕瑜,10 則評論,2 年前,5 顆星,好吃
甜豆屋 2D Dessert,Bonny Feng,12 則評論 · 2 張相片,2 年前,5 顆星,好吃
甜豆屋 2D Dessert,邱玟翎,2 則評論,2 年前,5 顆星,
甜豆屋 2D Dessert,潼亞,在地嚮導 · 170 則評論 · 111 張相片,2 年前,1 顆星,"空間很小，一起身可能就會撞到背後桌的人
雖然裝潢很可愛，但除非是剛開店的時候
不然根本沒什麼空間可以拍照 …"
甜豆屋 2D Dessert,陳重宇,2 則評論,2 年前,5 顆星,一整串糰子擺在豆花上好特別，豆花豆香味十足，好吃
甜豆屋 2D Dessert,Fang Ying,在地嚮導 · 111 則評論 · 215 張相片,2 年前,5 顆星,"看到店面設計很特別就進來了
點了草莓牛奶冰跟芒果牛奶冰 …"
甜豆屋 2D Dessert,王澍芬,4 則評論 · 1 張相片,2 年前,5 顆星,好吃吃吃
甜豆屋 2D Dessert,Sarah,在地嚮導 · 35 則評論 · 8 張相片,2 年前,5 顆星,"點日式豆花，黑糖超香，然後豆花有豆香口感也很細緻扎實！！
芋泥口感偏水一點，不是大家平常看到的芋泥球，但打的非常很綿密（如果還是喜歡芋頭有口感的可以直接點芋頭、喜歡綿密的可以點芋泥）
脆餅跟豆花的搭配很特別 ！"
甜豆屋 2D Dessert,吳宣翰,7 則評論 · 1 張相片,2 年前,5 顆星,好吃
甜豆屋 2D Dessert,李素華,在地嚮導 · 21 則評論 · 13 張相片,2 年前,5 顆星,
甜豆屋 2D Dessert,陳筠欣,7 則評論 · 3 張相片,2 年前,5 顆星,
甜豆屋 2D Dessert,鄭玉娟,在地嚮導 · 42 則評論 · 33 張相片,2 年前,5 顆星,🫶🏼🫶🏼🫶🏼 …
甜豆屋 2D Dessert,鄭安絜,6 則評論 · 2 張相片,2 年前,5 顆星,
甜豆屋 2D Dessert,Winnie,9 則評論,2 年前,5 顆星,
甜豆屋 2D Dessert,潘妮,13 則評論 · 7 張相片,2 年前,5 顆星,
甜豆屋 2D Dessert,wing chan,7 則評論 · 4 張相片,2 年前,5 顆星,裝潢很可愛！
甜豆屋 2D Dessert,J H,在地嚮導 · 7 則評論 · 27 張相片,2 年前,5 顆星,聽朋友介紹不錯吃，外帶兩碗回家吃，份量十足，老闆還另外包一包冰給我人超好的。
甜豆屋 2D Dessert,東翎,在地嚮導 · 35 則評論 · 25 張相片,2 年前,5 顆星,逢甲終於有喜歡吃的甜品的地方了～這次吃的是豆花壹號，100元乍看有點貴，但兩個人吃很足夠！喜歡😍 …
甜豆屋 2D Dessert,彭暘,10 則評論 · 3 張相片,2 年前,5 顆星,好的
甜豆屋 2D Dessert,小兔,14 則評論 · 4 張相片,2 年前,5 顆星,"椰汁西米露好好吃🤤
湯圓紅豆湯煮的很剛好 不會太甜❤️
第一次吃就愛上🤤🤤
吃完忘記拍照了🤣 …"
甜豆屋 2D Dessert,ching chang,8 則評論 · 4 張相片,2 年前,5 顆星,我為了我表姐
甜豆屋 2D Dessert,Michelle Chen,5 則評論 · 1 張相片,2 年前,5 顆星,
甜豆屋 2D Dessert,李覲,10 則評論 · 5 張相片,2 年前,5 顆星,
甜豆屋 2D Dessert,Joanna洪寧,10 則評論 · 1 張相片,2 年前,5 顆星,
甜豆屋 2D Dessert,凜凜月,在地嚮導 · 22 則評論 · 21 張相片,2 年前,5 顆星,"剛好路過被裝潢給吸引，小小一間牆壁是漫畫風格，椅子上還有貓熊枕頭，燈光明亮環境整齊很適合拍照，老闆、老闆娘的服務態度很好👍👍

點的是日式豆花，豆花綿密濃濃豆香，黑糖珍珠Q彈不死甜，脆糖是老闆手工製作帶有焦糖的香氣，香草冰淇淋非常濃郁，甚至比小美還好吃！！令愛吃冰的我很驚艷

真心給五分，下次還會來光顧的😋
祝生意興隆"
甜豆屋 2D Dessert,Cindy Lee 欣樺 lee,11 則評論 · 16 張相片,2 年前,5 顆星,很可愛友善的甜點店，冰品價格實在，值得來吃😊 …
甜豆屋 2D Dessert,lilKrake小章章,5 則評論,2 年前,5 顆星,好吃😋 很喜歡現煮 …
甜豆屋 2D Dessert,Hsiang,在地嚮導 · 14 則評論 · 61 張相片,2 年前,5 顆星,
甜豆屋 2D Dessert,Yu-chieh Tsai,18 則評論 · 13 張相片,2 年前,5 顆星,超好吃！推推日式豆花cp值很高
甜豆屋 2D Dessert,tzuyu,在地嚮導 · 72 則評論 · 40 張相片,2 年前,5 顆星,日式豆花超爆推！
甜豆屋 2D Dessert,Oppa Korea,在地嚮導 · 10 則評論 · 6 張相片,2 年前,5 顆星,
甜豆屋 2D Dessert,Valerie Yu,10 則評論 · 1 張相片,2 年前,5 顆星,
甜豆屋 2D Dessert,藍語,8 則評論 · 2 張相片,2 年前,5 顆星,
甜豆屋 2D Dessert,張麒驛,5 則評論 · 2 張相片,2 年前,5 顆星,好吃
甜豆屋 2D Dessert,Yi Chi,4 則評論,2 年前,4 顆星,"豆花、冰都很好吃。（而且超便宜）
大家再買的時候可能要有點耐心（都現做現烤的）但是豆花的糖水有點少，場地有點擠…"
甜豆屋 2D Dessert,楊麟,在地嚮導 · 22 則評論 · 13 張相片,2 年前,5 顆星,日式豆花好吃
甜豆屋 2D Dessert,李冠儀,3 則評論 · 1 張相片,2 年前,5 顆星,
甜豆屋 2D Dessert,peici,在地嚮導 · 13 則評論 · 5 張相片,2 年前,5 顆星,讚讚
甜豆屋 2D Dessert,Roberto Cheng,在地嚮導 · 25 則評論,2 年前,5 顆星,有特色讚！
甜豆屋 2D Dessert,王米,在地嚮導 · 26 則評論,2 年前,5 顆星,"店面2D風格很可愛 點了招牌的冰淇淋粉圓豆花
冰淇淋融化以後整體超驚豔 搭配軟軟的豆花和QQ的粉圓 不會太甜又香濃 超級推薦❤️"
甜豆屋 2D Dessert,盧,在地嚮導 · 29 則評論 · 50 張相片,2 年前,5 顆星,
甜豆屋 2D Dessert,謝汶璇,在地嚮導 · 44 則評論 · 41 張相片,2 年前,5 顆星,超級好吃🤤 …
甜豆屋 2D Dessert,黃郁珊,10 則評論,2 年前,5 顆星,
甜豆屋 2D Dessert,周唐元,11 則評論 · 4 張相片,2 年前,2 顆星,裝潢很好 食物等很久 價錢不便宜
甜豆屋 2D Dessert,yi Rul,在地嚮導 · 36 則評論 · 9 張相片,2 年前,5 顆星,讚
甜豆屋 2D Dessert,Bamboo竹竿,10 則評論 · 4 張相片,2 年前,5 顆星,看起來很好吃
甜豆屋 2D Dessert,mc lee,在地嚮導 · 21 則評論 · 6 張相片,2 年前,5 顆星,
甜豆屋 2D Dessert,dsfsdf fsf,在地嚮導 · 16 則評論 · 25 張相片,2 年前,5 顆星,豆花真的是很不錯👍👍，加上特別的碰糖咸中帶甜，就是好吃 …
甜豆屋 2D Dessert,Chang Yi Lin,11 則評論 · 5 張相片,2 年前,5 顆星,
甜豆屋 2D Dessert,Sammy LI,15 則評論 · 14 張相片,2 年前,5 顆星,
甜豆屋 2D Dessert,陳國峰,27 則評論,2 年前,5 顆星,蠻有特色的冰店，走累可以休息一下
甜豆屋 2D Dessert,王俊凱,在地嚮導 · 184 則評論 · 733 張相片,2 年前,5 顆星,"一間剛開的小店，老闆跟老闆娘都是香港人，菜單上的說明會需要一點時間，來吃的客人需要一點耐心喔。
有/的選項，如果是冰淇淋，那整碗是冰的選項，如果是小湯圓則是熱的選項，這個要特別看清楚。
整體的口味很符合期待，而且甜度剛剛好，我敢說這間是非常值來吃的甜點店，肯定會紅。
價格值得程度：5/5 價格跟實際得到的商品沒毛病。
美味程度：5/5 好吃不管是甜的冰品還是熱的薑汁都不錯
門口的招牌廣告不明顯，要多仔細看才看得到~~~
預祝這間甜點店生意興隆。
店內很多可以拍照的地方，但是空間不大，所以滯留時間建議不要太長。"
甜豆屋 2D Dessert,黃正文,在地嚮導 · 38 則評論 · 49 張相片,2 年前,5 顆星,"老闆不用幫我加料我也願意給他五星
芋頭真的好吃
芋頭控可以來吃看看喔🥰 …"
甜豆屋 2D Dessert,劉紫情,在地嚮導 · 38 則評論 · 29 張相片,2 年前,5 顆星,漂亮好吃可愛的店😍 …
甜豆屋 2D Dessert,桃'S不專業評論家,"在地嚮導 · 365 則評論 · 2,605 張相片",2 年前,3 顆星,"三顆星是給特別的裝潢，
如果吃氣氛可以來的小店，
但老闆動作很慢，要等。
👇日式豆花熱的 …"
甜豆屋 2D Dessert,Alanna,11 則評論 · 4 張相片,2 年前,5 顆星,好吃又平價的豆花
甜豆屋 2D Dessert,張瓊雯,在地嚮導 · 28 則評論 · 41 張相片,2 年前,5 顆星,意外的發現甜湯店，環境2D設計好拍照，椰汁蛋白湯圓很特別，好吃😋 …
甜豆屋 2D Dessert,Curtis,1 則評論,2 年前,5 顆星,
甜豆屋 2D Dessert,夢A,10 則評論 · 3 張相片,2 年前,5 顆星,半夜想吃冰的好選擇讚讚😍 …
甜豆屋 2D Dessert,SHIAO ZHENG ERIC HUA,7 則評論 · 1 張相片,2 年前,5 顆星,甜品很好吃也很便宜 CP值很高 老闆也很友好 會主動問需不要紙巾 然後拿給我們
甜豆屋 2D Dessert,許柔柔,在地嚮導 · 26 則評論 · 9 張相片,2 年前,5 顆星,很吸引人的甜點店❤️
甜豆屋 2D Dessert,GuanLun Huang,4 則評論 · 1 張相片,2 年前,5 顆星,"點了一個剉冰，很好吃！超喜歡💕
但是煉乳用完之後還是覺得不夠甜，跟老闆問能不能再要一點，結果老闆人超好直接借我一整罐😳❤️❤️ …"
甜豆屋 2D Dessert,陳芸芸,1 則評論,2 年前,5 顆星,裝潢很特別！東西好吃！老闆很讚！
甜豆屋 2D Dessert,HSUANかや,在地嚮導 · 19 則評論 · 8 張相片,2 年前,5 顆星,"東西好吃！大推日式豆花！
老闆人也超級好～朋友問老闆能不能幫剉冰加一點煉乳，老闆直接給了一整瓶🤩 …"
甜豆屋 2D Dessert,王美筑,8 則評論 · 4 張相片,2 年前,5 顆星,焦糖脆脆跟豆花的結合😍 …
甜豆屋 2D Dessert,周美美,在地嚮導 · 27 則評論 · 26 張相片,2 年前,5 顆星,老闆很熱情很好吃
甜豆屋 2D Dessert,B,在地嚮導 · 150 則評論 · 206 張相片,2 年前,5 顆星,好吃很好拍照
甜豆屋 2D Dessert,施郁玟,在地嚮導 · 26 則評論 · 12 張相片,2 年前,5 顆星,
甜豆屋 2D Dessert,Bella,在地嚮導 · 116 則評論 · 39 張相片,2 年前,5 顆星,烤年糕有淡淡的蜂蜜味 紅豆湯的紅豆很軟綿 可以選擇紅豆多 目前打卡還有送小湯圓
甜豆屋 2D Dessert,徐得銘,在地嚮導 · 80 則評論 · 20 張相片,2 年前,5 顆星,
甜豆屋 2D Dessert,算命的說我很愛吃,在地嚮導 · 334 則評論 · 329 張相片,2 年前,4 顆星,被可愛的裝潢吸引進來，豆花滿不錯的
甜豆屋 2D Dessert,yeukho lai,6 則評論 · 8 張相片,2 年前,5 顆星,
甜豆屋 2D Dessert,侯思屹,9 則評論 · 6 張相片,2 年前,5 顆星,老闆人超好ㄉ啦！想要吃湯圓但因為差價太大下不去手QAQ結果老闆直接請我吃🥹🥹感謝老闆超讚的🥺🫶🏻 …
甜豆屋 2D Dessert,林姿硯,8 則評論 · 2 張相片,2 年前,5 顆星,
甜豆屋 2D Dessert,陳柏諺,在地嚮導 · 60 則評論 · 77 張相片,2 年前,5 顆星,很特色的店，豆花 芋圓好吃
甜豆屋 2D Dessert,李嘉玲,6 則評論 · 15 張相片,2 年前,5 顆星,好吃
甜豆屋 2D Dessert,朱小楣,5 則評論 · 1 張相片,2 年前,5 顆星,
甜豆屋 2D Dessert,江心綸,在地嚮導 · 38 則評論 · 11 張相片,2 年前,5 顆星,餐點特別
甜豆屋 2D Dessert,阿穠,在地嚮導 · 12 則評論 · 19 張相片,2 年前,5 顆星,"店員很友善 店內氣氛也很不錯
裝潢可愛很適合找朋友一起來踩點！"
甜豆屋 2D Dessert,Designer Giant K.,4 則評論 · 2 張相片,2 年前,5 顆星,好特別的店家
甜豆屋 2D Dessert,heng C,在地嚮導 · 44 則評論 · 116 張相片,2 年前,4 顆星,"無意間經過這間店
點了最貴的草莓千層
雖然等的有點久
但好好吃👍 …"
甜豆屋 2D Dessert,227_ weiyi_,11 則評論 · 6 張相片,2 年前,5 顆星,
甜豆屋 2D Dessert,Chloe,3 則評論 · 1 張相片,2 年前,5 顆星,店內裝潢適合拍照
甜豆屋 2D Dessert,Johnny Wang,在地嚮導 · 88 則評論 · 31 張相片,2 年前,5 顆星,揶汁 湯圓很獨特 大推！
甜豆屋 2D Dessert,簡妙芳,5 則評論,2 年前,5 顆星,"日式湯圓風味獨特
冬天來一碗非常適合"
甜豆屋 2D Dessert,Xiao Lei,3 則評論 · 3 張相片,2 年前,5 顆星,好吃😋 …
甜豆屋 2D Dessert,林昱權,在地嚮導 · 27 則評論 · 8 張相片,2 年前,5 顆星,好吃
甜豆屋 2D Dessert,游玄蔚,12 則評論,2 年前,5 顆星,
甜豆屋 2D Dessert,Yi Lu,2 則評論 · 1 張相片,2 年前,5 顆星,"豆花很綿密 很好吃
推推日式豆花"
甜豆屋 2D Dessert,孔恩亞,2 則評論 · 2 張相片,2 年前,5 顆星,
甜豆屋 2D Dessert,魚魚乾,在地嚮導 · 20 則評論 · 11 張相片,2 年前,5 顆星,
甜豆屋 2D Dessert,Pei Ru Want (Pei),在地嚮導 · 18 則評論 · 10 張相片,2 年前,5 顆星,裝潢很特別，豆花也很好吃，很有特色
甜豆屋 2D Dessert,賴詩涵,2 則評論 · 2 張相片,2 年前,5 顆星,偶然經過發現這間小店 特別吸引我 當下很想吃甜品於是就走了進去 沒想到老闆說才剛開幕三天而已 太榮幸了 熔岩布朗尼真的很！好！吃！不喜歡吃巧克力的我本人直接愛上 老闆也挺親切的 有機會一定會再去光顧的♡
逢甲客家湯圓,meimei,4 則評論 · 1 張相片,1 週前,1 顆星,年紀大的態度真的很差，看著我們有帶外食一直時不時的告訴我們外食垃圾要帶走，我們有看到店裡有牌子明確告知所以早就跟同夥的朋友說過了，老闆給人的感覺真的很不好，而且送餐各種不耐煩不懂到底是欠他什麼！這種店給一顆星都覺得浪費
逢甲客家湯圓,NBA,在地嚮導 · 181 則評論 · 486 張相片,1 週前,4 顆星,很喜歡吃麻糬，燒麻糬也不例外，這家我放在清單很久了，今天終於有機會來吃，但是跟我吃過其他家的不一樣，他的麻糬是扁扁的，不是圓滾滾的麻糬，所使用的花生粉裡面有黑芝麻，有黑芝麻也沒有關係，但是整體吃起來有點點違和！
逢甲客家湯圓,avan chen,"在地嚮導 · 206 則評論 · 1,681 張相片",2 週前,5 顆星,算然老闆娘看起來都沒有笑容，臉感覺也有點臭臭的，但嫩仙草是吃起來不錯！
逢甲客家湯圓,sephin chiu,6 則評論 · 7 張相片,3 週前,1 顆星,店員態度不予置評～
逢甲客家湯圓,黃于紋（魚）,14 則評論 · 5 張相片,3 週前,5 顆星,螞蟻人可以來吃吃看超甜超好吃 之前買過其他的紅豆湯都不甜吃幾口而已就吃不下去了🤣 …
逢甲客家湯圓,Liu uu,6 則評論 · 1 張相片,4 週前,1 顆星,上一秒看到老闆娘在用水管澆花，下一秒看到她在用手壓我的雪花冰….建議至少用個大湯匙壓也可以，用手壓完再沖水一下並不會讓人覺得比較乾淨欸？！
逢甲客家湯圓,江政陽,12 則評論,1 個月前,3 顆星,"味道還行，但價格也偏高
還有不知道為什麼三圓牛奶冰沒煉乳也沒牛奶，只有黑糖水...."
逢甲客家湯圓,ko na,在地嚮導 · 109 則評論 · 6 張相片,1 個月前,4 顆星,
逢甲客家湯圓,我是誰,在地嚮導 · 148 則評論 · 709 張相片,1 個月前,5 顆星,"點了一個大的花生湯，吃起來很甜很濃郁，但是不會死甜，然後花生用的份量超多，不過一碗也不便宜要70

整體的餐點價格感覺有點偏高
不過偶爾吃是還不錯，店裡的環境稍微擁擠，有洗手間可以借用，廚房的大叔很親切，櫃檯的人員感覺態度就沒這麼親切，臉有點臭 可以在改善~"
逢甲客家湯圓,pp bear,22 則評論 · 7 張相片,2 個月前,5 顆星,今天第一次去買 老闆態度很好 價格合理又大碗 兩碗能吃超級飽 很好的店家 料很多👍 而且特別喜歡老闆開到很晚 超讚
逢甲客家湯圓,冷冷（絕望的笑容）,在地嚮導 · 60 則評論 · 68 張相片,2 個月前,2 顆星,不懂一樣75元湯圓，一碗花生一碗芝麻，到家打開怎麼湯圓一碗3顆一碗6顆，這價格有點貴了
逢甲客家湯圓,Ting365,"在地嚮導 · 1,608 則評論 · 5,407 張相片",2 個月前,5 顆星,芝麻湯圓會流沙～超讚的，很少遇到流沙湯圓，薑湯不夠辣
逢甲客家湯圓,夏津雪,在地嚮導 · 107 則評論 · 217 張相片,2 個月前,4 顆星,"紅豆芋圓牛奶雪花冰
價格份量合理"
逢甲客家湯圓,777 777,14 則評論,2 個月前,1 顆星,吃完 腸病毒 腸胃炎
逢甲客家湯圓,Therese,"在地嚮導 · 269 則評論 · 1,093 張相片",3 個月前,3 顆星,買了芝麻花生湯趁熱喝都還蠻香濃的，但再多喝個幾口會感覺到超級甜超級膩～～～～～
逢甲客家湯圓,方駿,"在地嚮導 · 160 則評論 · 1,062 張相片",3 個月前,4 顆星,"#燒仙草是會結凍的喔 👍
傳統的甜點店～
仙草不會過甜，是個人喜歡的口感"
逢甲客家湯圓,Ray,"在地嚮導 · 655 則評論 · 1,006 張相片",3 個月前,4 顆星,點了一份燒仙草，沒什麼仙草味。但其中的紅豆實在太好吃了，我會為了他們的紅豆再來試一次。
逢甲客家湯圓,DG Hsieh,在地嚮導 · 6 則評論 · 389 張相片,3 個月前,4 顆星,
逢甲客家湯圓,na U,在地嚮導 · 26 則評論 · 18 張相片,3 個月前,1 顆星,"紅豆湯甜到爆～ㄧ點紅豆湯香氣都沒有
吃ㄧ口完全就不想吃了
這是吃過最難吃的紅豆湯"
逢甲客家湯圓,台中RJ,"在地嚮導 · 777 則評論 · 13,788 張相片",3 個月前,4 顆星,"份量不多，但口味還可以燒麻糬很厲害
很久了，想要吃甜點的時候有時候會繞過來吃整體來說還可以。"
逢甲客家湯圓,Jie Lin,12 則評論 · 3 張相片,3 個月前,1 顆星,請往前多走幾步去吃大麻粉圓
逢甲客家湯圓,吳小 P,在地嚮導 · 15 則評論 · 65 張相片,3 個月前,5 顆星,
逢甲客家湯圓,Alvaro hadi,3 則評論,3 個月前,1 顆星,服務很差
逢甲客家湯圓,陳世朋,在地嚮導 · 105 則評論 · 515 張相片,3 個月前,5 顆星,冬天來上一份熱湯還是十分溫暖的，內用環境尚可，自己填單交給店員即可，還滿喜歡的。
逢甲客家湯圓,HM,在地嚮導 · 19 則評論 · 16 張相片,3 個月前,3 顆星,我們在這裡吃了 4 碗不同的甜點。儘管是一個人表演，但服務還是很棒的。這家店位於逢甲夜市附近，非常方便，而且有座位，所以比逛夜市更適合坐下來吃甜點。但是，請降低您對食物的期望。甜點很不錯但不出色。
逢甲客家湯圓,王明明明明,在地嚮導 · 194 則評論 · 78 張相片,4 個月前,5 顆星,讚
逢甲客家湯圓,Seeker Star,"在地嚮導 · 646 則評論 · 4,152 張相片",4 個月前,5 顆星,甜點很鬆軟，味道也不錯。非常新鮮可口。就在小路邊，很容易找到。
逢甲客家湯圓,林宗保,2 則評論,4 個月前,1 顆星,電話響很久才接 接起來就直接掛電話連打個招呼都沒有
逢甲客家湯圓,西西歪,在地嚮導 · 26 則評論 · 12 張相片,4 個月前,2 顆星,燒麻糬賣完了沒有公告也沒有講 有點失望 但料蠻多的 小貴
逢甲客家湯圓,頭上阿毛,2 則評論,5 個月前,1 顆星,仙草有黑屑屑湯圓有烤焦味
逢甲客家湯圓,오삿갓남,在地嚮導 · 36 則評論 · 156 張相片,5 個月前,4 顆星,
逢甲客家湯圓,林秀霞,在地嚮導 · 4 則評論 · 45 張相片,5 個月前,5 顆星,
逢甲客家湯圓,Coco,在地嚮導 · 30 則評論 · 54 張相片,5 個月前,2 顆星,"點了粉圓紅豆湯熱的，紅豆🫘是不錯，但
粉圓是硬的，咬的時候中間的硬塊是怎麼回事
是從冰箱拿出來拌一拌 還沒退冰完全嗎？？
煮一下可以嗎 這樣真的很難吃"
逢甲客家湯圓,Tim Chou,在地嚮導 · 18 則評論 · 3 張相片,5 個月前,5 顆星,料很嫩，很好吃，但有點甜
逢甲客家湯圓,shenghuang wang,1 則評論 · 1 張相片,6 個月前,1 顆星,"女士態度不好
不友善。
味道一般"
逢甲客家湯圓,Ryan Y,在地嚮導 · 18 則評論 · 6 張相片,6 個月前,5 顆星,
逢甲客家湯圓,阿壕仔,6 則評論 · 2 張相片,6 個月前,5 顆星,圓類超Q但價格還好
逢甲客家湯圓,ten liou,在地嚮導 · 24 則評論 · 10 張相片,6 個月前,1 顆星,
逢甲客家湯圓,Den Nis,13 則評論 · 2 張相片,7 個月前,3 顆星,山藥糊很好吃，其他的都是soso。麻糬並不比外面好多少。豆腐沒有太多味道
逢甲客家湯圓,Yu-Chen Wang,在地嚮導 · 93 則評論 · 79 張相片,7 個月前,2 顆星,蒼蠅在配料和花生粉上肆無忌憚 店員完全沒有理會 食安問題很嚴重！
逢甲客家湯圓,林小色,"在地嚮導 · 114 則評論 · 2,372 張相片",7 個月前,3 顆星,
逢甲客家湯圓,叮噹,在地嚮導 · 14 則評論 · 2 張相片,7 個月前,1 顆星,一次店
逢甲客家湯圓,WSH Donna,在地嚮導 · 393 則評論 · 711 張相片,7 個月前,4 顆星,"有加碎冰的豆花
糖水稍微偏甜
已經有碎冰還是蠻甜
不是黑糖水
是二砂糖

豆花不是傳統綿密的豆花
比較嫩一些
這種不太是我的菜
但是也還可以

好的優點是
薏仁煮得非常綿密
卻還帶點顆粒感
也很大碗
我認為偏甜的原因是薏仁也加糖去煮
如果螞蟻人可以來
不吃太甜的就要斟酌了
或是多點碎冰"
逢甲客家湯圓,joe哥,在地嚮導 · 36 則評論 · 2 張相片,8 個月前,1 顆星,越賣越貴  然後量超少，冰都7-8分滿而已，真敢賣
逢甲客家湯圓,朱淮雲,4 則評論,8 個月前,1 顆星,
逢甲客家湯圓,白無常,6 則評論 · 1 張相片,8 個月前,1 顆星,"染髮男態度不佳，家人詢問配料可否挑選
甜度能否調整，就簡單兩個問題
一副欠他很多的感覺
現場也才我們一組客人
如果不想賣可以不要開
跩成那樣？真的沒有很偉大到非吃不可"
逢甲客家湯圓,Anna Lai,4 則評論 · 3 張相片,8 個月前,1 顆星,服務態度真的超級無敵有夠差、問一下問題、那種甩態的態度是欠你的是不是、尤其是那個染髮的男生、不爽當服務業就回去家裡蹲著、不適合當服務業、就滾去一邊站、老闆請到他真的又夠雖小、叫這個人快滾、不然店一定會倒、爛爛爛、打死我以後都不會來了、也呼籲大家還有這個爛人在 就不要吃
逢甲客家湯圓,鄭宸雅,"在地嚮導 · 283 則評論 · 3,841 張相片",8 個月前,5 顆星,價格實惠，料多味美，產品種類很多種，營業到宵夜時間，不怕太晚吃不到冰
逢甲客家湯圓,Pei Pei,11 則評論 · 3 張相片,8 個月前,1 顆星,我很少給別人差評價，昨天去看到老闆娘跟一個男的聊天拋媚眼，男的看到我才跟老闆娘講，如果不想做生意可以關店，我還站了幾分鐘才來招呼因生病想吃芝麻湯圓，結果跟我說現在沒有芝麻湯圓，沒有賣菜單也沒有劃掉，是我第一次去也是我最後一次去
逢甲客家湯圓,Mei Lin,在地嚮導 · 19 則評論 · 2 張相片,8 個月前,5 顆星,兒子們跆拳後必吃的豆花，大推👍
逢甲客家湯圓,IVY,"在地嚮導 · 637 則評論 · 1,974 張相片",8 個月前,2 顆星,還好 太甜 上菜太久 $105
逢甲客家湯圓,mnig chen,12 則評論 · 4 張相片,9 個月前,1 顆星,130 雪花冰 吃冰還能吃到這麼難吃 你敢信
逢甲客家湯圓,蔓媽,2 則評論 · 2 張相片,9 個月前,5 顆星,吃不完的豆花 請店員外帶還自動幫忙加糖水 很貼心！服務很好 會再次回購！
逢甲客家湯圓,徐瑞,10 則評論 · 2 張相片,9 個月前,2 顆星,菜單點的事芒果牛奶雪花冰但是上來的是芒果黑糖煉乳冰 有點失望
逢甲客家湯圓,Aurelia Novia,"在地嚮導 · 267 則評論 · 1,712 張相片",10 個月前,4 顆星,夏天沒有冷氣很熱
逢甲客家湯圓,Claire,在地嚮導 · 34 則評論,10 個月前,5 顆星,"品項多份量也很有誠意
芋圓紅豆湯/綠豆湯/剉冰都很好吃
這間配料都很好吃✨✨✨"
逢甲客家湯圓,劉琍羚,在地嚮導 · 14 則評論 · 7 張相片,10 個月前,5 顆星,
逢甲客家湯圓,Daniel,在地嚮導 · 161 則評論 · 51 張相片,10 個月前,1 顆星,老闆態度極差，還上錯餐！
逢甲客家湯圓,JI丹尼斯,在地嚮導 · 74 則評論 · 703 張相片,10 個月前,1 顆星,因為嫩仙草不太冰，想請店家加一點剉冰，但店家說不能加，只能買一碗清冰$50 ，不得已還是買了！只能說這樣子的服務讓人相當的失望，也沒有一點人情味的感覺！不過嫩仙草裡面的配料是好吃的。
逢甲客家湯圓,Yan Yan,24 則評論 · 12 張相片,10 個月前,1 顆星,"剛開店時段⚠️千萬別買⚠️
尤其是遇到短髮（老）板娘
只會花錢吃一肚子🔥
這次黑粉圓像冰隔夜那種硬
上次芋圓、湯圓內芯也硬的
更狠的是…糖水超淡沒味道
（3雷，1普要買晚上再買）

便宜就算了 賣貴還這樣經營🤮
我真的是謝謝掰👋🏻"
逢甲客家湯圓,許萬興,在地嚮導 · 26 則評論 · 15 張相片,10 個月前,5 顆星,我吃燒麻薯紅豆雪花冰，燒麻薯好吃，要趁溫溫的時候趕快吃，不然口感會變硬 ，麻薯好吃，紅豆跟雪花冰都綿密好吃。
逢甲客家湯圓,umi ho,"在地嚮導 · 375 則評論 · 3,335 張相片",10 個月前,5 顆星,誤打誤撞經過這家店，好奇之下點了一份燒麻糬，麻糬很軟但不黏牙，而且很好切斷。花生粉給很多，沾滿麻糬很讚很好吃，以後會再回訪。在逢甲走累了可以進去點個小點心，休息一下。這裡是現金付款。
逢甲客家湯圓,Zed Kawabunga,在地嚮導 · 928 則評論 · 67 張相片,10 個月前,4 顆星,"芒果布丁雪花冰，芒果好酸
吃到後面覺得有點單調"
逢甲客家湯圓,樂洛米,在地嚮導 · 326 則評論 · 129 張相片,11 個月前,1 顆星,貴店常常我去消費，都晚上去，今天第一次傍晚去，裡面那位面帶不悅划著手機用鄙視眼神看人的阿姨應該是老闆娘，劃完單，老闆娘手機放下走過來，先撥一次頭髮，又摸了鼻子一次，再幫我做豆花，餐飲業最基本的衛生都不知道？還是因為店名叫客家湯圓，所以連洗手也省下來了🤭🤭 服務真的很棒給老闆娘六顆星，這是多出來的那一顆星星
逢甲客家湯圓,Miffy C.,在地嚮導 · 180 則評論 · 32 張相片,11 個月前,1 顆星,豆花不錯吃，但是今天下午去那個老闆娘的臉真的是不悅到一個極致 ，長得像這樣↓
逢甲客家湯圓,Grace L,在地嚮導 · 43 則評論 · 56 張相片,11 個月前,4 顆星,
逢甲客家湯圓,李秉威,6 則評論,11 個月前,1 顆星,"身為逢甲學生到現在吃過最雷的冰
塊陶"
逢甲客家湯圓,吳文龍,"在地嚮導 · 4 則評論 · 4,033 張相片",11 個月前,4 顆星,
逢甲客家湯圓,LaLa Hu,在地嚮導 · 35 則評論 · 54 張相片,1 年前,1 顆星,"芋圓豆花（小）$50
份量少少的，我覺得這個價格還有更好的選擇～"
逢甲客家湯圓,ling,在地嚮導 · 33 則評論 · 10 張相片,1 年前,2 顆星,"牛奶雪花冰有一個味道不太喜歡, 花生粉燒麻糬普通"
逢甲客家湯圓,erica,"在地嚮導 · 77 則評論 · 1,985 張相片",1 年前,4 顆星,
逢甲客家湯圓,平凡之人,在地嚮導 · 229 則評論 · 3 張相片,1 年前,2 顆星,已經來吃過N次，第一次被雷到，湯圓像沒煮過，芋圓不懷疑是前天賣剩下的， 兩種料都硬的難吃要死，吃到差點把牙齒咬崩！ 如果不是麻糬好吃，連一顆星的資格都沒有！
逢甲客家湯圓,CH Peter,在地嚮導 · 176 則評論 · 255 張相片,1 年前,5 顆星,"之前跟家人很常來 大概一週一次吧🤣🤣
燒麻糬超好吃
而且我每次去一定都點綜合嫩仙草
隔了幾年
今天跟朋友來吃，味道跟當初一模一樣😌
紅豆 粉圓 芋圓 湯圓還是其他料都很好吃👍

好吃不必多說，趕緊來吃！
大推：燒麻糬 綜合嫩仙草 麵線也很好吃"
逢甲客家湯圓,Tai Risa,"在地嚮導 · 83 則評論 · 1,189 張相片",1 年前,5 顆星,"甜點美味 料實在 選項多
個人偏愛 紅豆花生湯  加上湯圓超頂配"
逢甲客家湯圓,GS,15 則評論 · 4 張相片,1 年前,5 顆星,燒仙草好好吃！！料多又實在，逛逢甲夜市都會順道買一碗
逢甲客家湯圓,莊佳恆,在地嚮導 · 23 則評論 · 17 張相片,1 年前,4 顆星,"紅豆湯很好喝，非常暖胃。
燒麻吉很好吃，如果可以再熱一點會更好。
點餐蠻卡的，希望店員能更積極一點。"
逢甲客家湯圓,林霸子,在地嚮導 · 56 則評論 · 25 張相片,1 年前,5 顆星,"冷冷的冬天走過路過別錯過
進來點碗薑湯包餡湯圓再一份燒麻糬
會治癒身心的！"
逢甲客家湯圓,尤阿明,在地嚮導 · 19 則評論 · 597 張相片,1 年前,5 顆星,
逢甲客家湯圓,B,"在地嚮導 · 355 則評論 · 2,542 張相片",1 年前,5 顆星,🌟紅豆花生芝麻湯圓：餡料飽滿口感Q彈，花生和芝麻餡都很好吃，不會太甜
逢甲客家湯圓,DANG DANG,"614 則評論 · 1,155 張相片",1 年前,4 顆星,還不錯
逢甲客家湯圓,Doris Hsieh,"在地嚮導 · 487 則評論 · 3,504 張相片",1 年前,4 顆星,"好吃耶！熱花生湯圓
小時候的記憶，很傳統的那種
可以"
逢甲客家湯圓,滿俊智（阿滿）,在地嚮導 · 2 則評論,1 年前,4 顆星,
逢甲客家湯圓,吳明勇,在地嚮導 · 22 則評論 · 26 張相片,1 年前,4 顆星,"燒麻糬牛奶冰，麻糬很Q彈，搭配花生粉及紅豆牛奶，整體感覺不錯。
巧克力牛奶雪花冰，也蠻好吃。"
逢甲客家湯圓,Joe豫 F,在地嚮導 · 23 則評論 · 2 張相片,1 年前,5 顆星,綜合仙草大推😎很有水準❤️爆好吃
逢甲客家湯圓,jo chen,1 則評論 · 11 張相片,1 年前,5 顆星,
逢甲客家湯圓,Wiwi G,在地嚮導 · 45 則評論 · 28 張相片,1 年前,5 顆星,"薑汁豆花、燒麻吉目前吃過最好吃
天啊怎麼這麼會煮
裡面鍋子都強強滾
對面的小熊🐻原味雞蛋糕也好好吃
但要熱熱趕快吃
一定要先叫"
逢甲客家湯圓,嘉敏Stella,14 則評論 · 9 張相片,1 年前,5 顆星,"簡單的小點心店，但是食物令人驚艷！
這次享用綜合湯圓花生湯，花生和芝麻湯圓是一般的，但是店家熬煮的花生湯非常入味，花生也煮到綿密，冷冷的冬天來一碗，身體暖和、心情開心🥳"
逢甲客家湯圓,Evan Lin,"在地嚮導 · 42 則評論 · 3,765 張相片",1 年前,4 顆星,
逢甲客家湯圓,柴咲玄一,在地嚮導 · 22 則評論 · 5 張相片,1 年前,1 顆星,畫單了也沒有要引導結帳的意思，前面有單也不會示意說再稍等一下，完全要自己猜，甚至裝作沒看到，路過想說嚐鮮一下，老闆娘連鳥都不會鳥你，直接把你當空氣。
逢甲客家湯圓,長曾彌虎徹,在地嚮導 · 34 則評論 · 2 張相片,1 年前,5 顆星,"紅豆湯
麻糬燒
好吃"
逢甲客家湯圓,紀傑斯,在地嚮導 · 27 則評論 · 894 張相片,1 年前,5 顆星,哈哈😂！吃完36種魯味！換來吃冰！我點了黑糖紅豆🫘冰！份量多！不會太甜！紅豆綿密有口感！解渴的小密方就是來一碗剉冰！這家老店我已吃了七年！🤣哈哈！口袋名單！～！
逢甲客家湯圓,艾亞,"在地嚮導 · 37 則評論 · 3,018 張相片",1 年前,5 顆星,紅豆熬的很綿密也不會太死甜，店家給料也很大方不手軟，花生湯有淡淡奶香味，湯圓Q是手工的～超愛這家甜湯老闆娘很客氣
逢甲客家湯圓,YULUN LIN,在地嚮導 · 38 則評論 · 8 張相片,1 年前,3 顆星,剛剛外帶大湯圓的，但後來回來才發現給錯了給到小湯圓芋圓的，生意很好很棒，但還是要多留意一下
逢甲客家湯圓,中觀,在地嚮導 · 162 則評論 · 2 張相片,1 年前,4 顆星,吃過幾次，口感合本人，偶爾會來吃固定幾種。
逢甲客家湯圓,Kai,在地嚮導 · 107 則評論 · 6 張相片,1 年前,5 顆星,"豆花很嫩很香，很大碗～
芋圓好Q!!!"
逢甲客家湯圓,梅眉毛,在地嚮導 · 32 則評論 · 13 張相片,1 年前,3 顆星,"巧克力牛奶雪花冰 95塊 就只有醬稍嫌單調 能有巧克力米裝飾會好一點
綜合湯圓花生湯 85元 共四顆 還不錯

總體來說cp值偏低"
逢甲客家湯圓,Tina Lin,3 則評論,1 年前,5 顆星,
逢甲客家湯圓,River,在地嚮導 · 272 則評論 · 60 張相片,1 年前,5 顆星,薑湯好好喝 小時候的味道☺️
逢甲客家湯圓,王虹棠,10 則評論 · 4 張相片,1 年前,1 顆星,又貴又難吃還死甜
逢甲客家湯圓,Mei Sei,"在地嚮導 · 12 則評論 · 1,690 張相片",1 年前,5 顆星,
逢甲客家湯圓,Jocelyn Lin,在地嚮導 · 215 則評論 · 65 張相片,1 年前,4 顆星,特別的麻糬紅豆餅
逢甲客家湯圓,藍天,8 則評論,1 年前,1 顆星,超級難吃，就黑糖冰加麻吉而已，黑糖冰還是那種古早味的，味道很怪；老闆娘態度也不好。
逢甲客家湯圓,王冠發,在地嚮導 · 277 則評論 · 715 張相片,1 年前,3 顆星,"麻糬是道地的客家麻糬
口感軟Q不黏牙
雪花冰就有點普普
份量偏大適合兩人一碗

必須要提桌面整潔非常不行
幾乎每張桌子都黏黏的沒有清理乾淨
非常讓人詬病"
逢甲客家湯圓,陳灰灰,在地嚮導 · 76 則評論 · 65 張相片,1 年前,4 顆星,最推熱紅豆湯。暖心。暖胃
逢甲客家湯圓,Peggy Chuang,在地嚮導 · 727 則評論 · 586 張相片,1 年前,3 顆星,豆花蠻大碗的，但燒麻糬偏小，價格略高
逢甲客家湯圓,小橘爹地,在地嚮導 · 55 則評論 · 78 張相片,1 年前,5 顆星,"可以加冰跟糖水的豆花最棒了
讚爆！"
逢甲客家湯圓,Manny J,在地嚮導 · 246 則評論 · 239 張相片,1 年前,5 顆星,"雪花冰好吃推薦
豆花跟珍珠味道比較淡
可是老闆很親切給五星"
逢甲客家湯圓,Anna,在地嚮導 · 84 則評論 · 37 張相片,1 年前,5 顆星,"燒麻糬超好吃~
花生湯超級濃郁"
逢甲客家湯圓,狗勾曬太陽,在地嚮導 · 21 則評論 · 2 張相片,1 年前,5 顆星,
逢甲客家湯圓,辰之內,在地嚮導 · 159 則評論 · 640 張相片,1 年前,3 顆星,這樣一碗$65偏貴ˊ_>ˋ
逢甲客家湯圓,殷綺游,2 則評論,1 年前,1 顆星,
逢甲客家湯圓,無尾熊,在地嚮導 · 38 則評論 · 365 張相片,1 年前,5 顆星,老闆人很好，需要調整直接跟她說即可
逢甲客家湯圓,達克效應,在地嚮導 · 96 則評論 · 123 張相片,1 年前,1 顆星,
逢甲客家湯圓,never gets old,在地嚮導 · 180 則評論 · 44 張相片,1 年前,1 顆星,"老闆娘度量非常小
牆上只有寫外食垃圾要自己帶走
沒寫同品項商品不能帶進來
下次不會再來這間店光顧
寧可去吃大麻粉圓"
逢甲客家湯圓,陳鵬全,"在地嚮導 · 34 則評論 · 1,250 張相片",1 年前,5 顆星,
逢甲客家湯圓,紅茶.,在地嚮導 · 84 則評論 · 788 張相片,1 年前,5 顆星,"這個天氣來一碗不過份 剛剛好😎
既然來夜市，就不能少了這一攤~~

芒果份量很多，咬起來甜甜的不會酸，紅豆、煉乳、花生粉、雪花冰、黑糖水.....等的搭配，也增加其他口感層次，尤其是麻糬熱呼呼咬一口，就是非常爽爆！！"
逢甲客家湯圓,Yu,在地嚮導 · 155 則評論 · 27 張相片,1 年前,5 顆星,
逢甲客家湯圓,中區康師傅,在地嚮導 · 303 則評論 · 45 張相片,1 年前,5 顆星,
逢甲客家湯圓,陳豐,8 則評論 · 2 張相片,1 年前,2 顆星,麻糬…
逢甲客家湯圓,Wang Stan,在地嚮導 · 53 則評論 · 7 張相片,1 年前,3 顆星,"大甲芋頭冰完勝（臭豆腐旁的那家）

雪花冰不雪花，很水…
剉冰完的碗邊雪花冰是用手把他洄進去碗裡..
開放式廚房現點現做衛生就該加強"
逢甲客家湯圓,葉人豪,在地嚮導 · 148 則評論 · 118 張相片,1 年前,5 顆星,"芒果布丁雪花冰 很好吃
很大一碗"
逢甲客家湯圓,YU DIAN LI,在地嚮導 · 69 則評論 · 18 張相片,1 年前,5 顆星,
逢甲客家湯圓,安小安,在地嚮導 · 198 則評論 · 72 張相片,1 年前,3 顆星,"紅豆薏仁味道還可以
但小碗55有點貴"
逢甲客家湯圓,tefhd asafd,在地嚮導 · 151 則評論 · 29 張相片,1 年前,2 顆星,"仙草、珍珠和芝麻湯圓都滿好吃的
但是料是真的有點少"
逢甲客家湯圓,PIP Taichung,在地嚮導 · 13 則評論 · 767 張相片,1 年前,4 顆星,
逢甲客家湯圓,李建良,30 則評論 · 2 張相片,1 年前,5 顆星,種類很多，有燒麻糬，湯圓類的甜點，有別於一般傳統冰果店，值得推薦。
逢甲客家湯圓,Jerome,"在地嚮導 · 214 則評論 · 1,674 張相片",1 年前,4 顆星,
逢甲客家湯圓,Van Tu,在地嚮導 · 3 則評論 · 3 張相片,2 年前,5 顆星,
逢甲客家湯圓,C C,在地嚮導 · 39 則評論 · 35 張相片,2 年前,5 顆星,"下班經過都會買一碗嫩仙草😆好吃！
店員每次也很貼心會提醒外帶要拿湯匙
便宜多料💓 …"
逢甲客家湯圓,ERIN WU,在地嚮導 · 330 則評論 · 438 張相片,2 年前,5 顆星,
逢甲客家湯圓,蔡 月娥,在地嚮導 · 4 則評論 · 6 張相片,2 年前,4 顆星,
逢甲客家湯圓,lo Carissa,在地嚮導 · 30 則評論 · 1 張相片,2 年前,5 顆星,超好吃！花生湯必點（可以調整糖度）店員也很親切，燒麻糬超軟Q
逢甲客家湯圓,WIZone Howard (勇度日月潭),在地嚮導 · 128 則評論 · 172 張相片,2 年前,4 顆星,"點了9元草莓牛奶雪花冰
草莓的部分全是草莓果醬
沒用到真的草莓偏貴
但好吃且份量大所以只扣一顆星"
逢甲客家湯圓,裂變女王,"在地嚮導 · 115 則評論 · 19,781 張相片",2 年前,5 顆星,天氣冷吃熱湯圓超舒服的
逢甲客家湯圓,Y Y,在地嚮導 · 41 則評論 · 3 張相片,2 年前,1 顆星,
逢甲客家湯圓,Peter Liao,4 則評論 · 5 張相片,2 年前,4 顆星,
逢甲客家湯圓,黃瀚宜,5 則評論,2 年前,5 顆星,服務態度比麗寶那件破幹拉麵店好太多了
逢甲客家湯圓,JIAO ZHANG,在地嚮導 · 13 則評論 · 22 張相片,2 年前,5 顆星,
逢甲客家湯圓,캐리누나,在地嚮導 · 44 則評論 · 112 張相片,2 年前,1 顆星,
逢甲客家湯圓,董不懂,在地嚮導 · 90 則評論 · 129 張相片,2 年前,3 顆星,"綜合燒仙草不錯吃！推推👍
但是燒麻糬好普通啊～～（期待越高失望越大🥲）

燒麻糬還是推薦-番薯市八寶圓仔冰好吃😋"
逢甲客家湯圓,徐志摩不是馬來貘,在地嚮導 · 45 則評論 · 12 張相片,2 年前,1 顆星,
逢甲客家湯圓,台中IU,"在地嚮導 · 655 則評論 · 1,677 張相片",2 年前,3 顆星,不便宜 普普
逢甲客家湯圓,庫洛魔法使,在地嚮導 · 31 則評論 · 15 張相片,2 年前,5 顆星,
逢甲客家湯圓,亂的出來,1 則評論,2 年前,3 顆星,"之前下班常去吃，雖然偏甜，吃起來還OK
端來的餐點幾乎9.5分滿，感覺滿滿的誠意
但是，衛生問題讓我無法接受，因為端來餐點的人員，他的大拇指浸在我的湯內，是在給我加特殊調味嗎?而且不只一位這樣，請店家自己注意個人衛生吧"
逢甲客家湯圓,吳炘潔,在地嚮導 · 48 則評論 · 38 張相片,2 年前,5 顆星,好好吃喔
逢甲客家湯圓,Yi Li,在地嚮導 · 73 則評論 · 70 張相片,2 年前,5 顆星,買過附近幾家燒仙草，就這家買的最多次了👍
逢甲客家湯圓,creatures Mars,在地嚮導 · 36 則評論,2 年前,1 顆星,以一般等級的螞蟻來說真的太甜了（就是很愛吃糖地瓜，半糖奶茶的等級），紅豆湯整個快死甜，燒麻糬也非常非常甜膩，燒麻糬泡在糖漿裡很甜可以理解，但紅豆湯或其他桂圓湯那些應該不用調這麼甜，難怪客人很少⋯
逢甲客家湯圓,Ruby Xu,在地嚮導 · 57 則評論 · 6 張相片,2 年前,1 顆星,綜合燒仙草 算好吃但是料少一碗60？有點貴😒 …
逢甲客家湯圓,汪汪,13 則評論 · 1 張相片,2 年前,1 顆星,態度超差！ 所有其他選擇 真心建議千萬不要來這間
逢甲客家湯圓,小渝兒,在地嚮導 · 174 則評論 · 602 張相片,2 年前,5 顆星,"來逢甲必買，想念的味道
綿密口感的花生+紅豆豆花👍👍超級讚 …"
逢甲客家湯圓,克萊兒,"在地嚮導 · 404 則評論 · 1,977 張相片",2 年前,4 顆星,紅豆熬的很嫩入味，但雪花冰口感比較像奶粉，不像鮮奶製作的
逢甲客家湯圓,楊P,4 則評論 · 2 張相片,2 年前,1 顆星,"點了布丁牛奶雪花冰，香精味超重/非常化學
價格又貴"
逢甲客家湯圓,洪大雄,在地嚮導 · 173 則評論 · 51 張相片,2 年前,4 顆星,芋圓花生仁湯蠻好吃的^^
逢甲客家湯圓,能能小姐,在地嚮導 · 115 則評論 · 264 張相片,2 年前,5 顆星,"紅豆湯配花生湯圓
好吃不死甜
冬天吃這個真的很棒💜
絲巴拉西 …"
逢甲客家湯圓,詹連金,在地嚮導 · 1 則評論,2 年前,4 顆星,
逢甲客家湯圓,Albert Chen,在地嚮導 · 42 則評論 · 8 張相片,2 年前,5 顆星,
逢甲客家湯圓,Mei,18 則評論 · 7 張相片,2 年前,1 顆星,"燒麻糬真的不ok….
感覺不是現做的…外面很軟但裡面超硬的
真的超難吃 價格也不便宜"
逢甲客家湯圓,怡shine,5 則評論 · 8 張相片,2 年前,2 顆星,"時間太晚不給內用我們接受
看著店員壓壓壓 倒倒倒
以為會跳到軟軟的麻糬
卻給我不熟的燒麻糬 好硬喔"
逢甲客家湯圓,J Lin,在地嚮導 · 194 則評論 · 417 張相片,2 年前,5 顆星,
逢甲客家湯圓,宋佩芬,"在地嚮導 · 5 則評論 · 8,437 張相片",2 年前,4 顆星,
逢甲客家湯圓,En Zh,在地嚮導 · 59 則評論 · 9 張相片,2 年前,4 顆星,
逢甲客家湯圓,敍儀陳（Rachell）,在地嚮導 · 115 則評論 · 74 張相片,2 年前,5 顆星,很多種豆花、雪花冰可以選擇🤪
逢甲客家湯圓,無虞,在地嚮導 · 76 則評論 · 313 張相片,2 年前,5 顆星,紅豆湯 好喝，買給同事們吃，大家都稱讚
逢甲客家湯圓,zun_rih日,在地嚮導 · 47 則評論 · 21 張相片,2 年前,5 顆星,"這麼多年沒吃到這麼紮實的豆花了👍
一碗熱呼呼的綜合豆花裡面，
滿出來的豆花，現煮的軟嫩花生，Q彈的芋圓，在寒流來襲的冬天吃上一碗，整個心都暖了起來， 湯頭跟飽滿的餡料毫不違和，一口料一口湯頭，心裡滿滿的感動，來逢甲，千萬不要錯過這家，能找回以前傳統豆花的幸福回憶！ …"
逢甲客家湯圓,マナ,4 則評論,2 年前,5 顆星,
逢甲客家湯圓,Steven Anggawijaya,10 則評論 · 5 張相片,2 年前,5 顆星,紅豆抹茶雪花冰 🤗 …
逢甲客家湯圓,蕭弘宜,"在地嚮導 · 339 則評論 · 3,424 張相片",2 年前,4 顆星,好吃喔
逢甲客家湯圓,貓頭鷹,在地嚮導 · 141 則評論 · 36 張相片,2 年前,1 顆星,"燒麻糬 價目表寫3顆
來的只有2顆………"
逢甲客家湯圓,wei ming Wang,12 則評論 · 1 張相片,2 年前,1 顆星,點芝麻湯圓一碗才3顆75元 真的超便宜cp值超高 不愧對客家湯圓 冷天必吃 吃了火直接上來完全不冷了讚讚
逢甲客家湯圓,黃俊榮,在地嚮導 · 189 則評論 · 109 張相片,2 年前,5 顆星,不會死甜，讓人感覺噁膩的紅豆系列，花生系列的甜湯，生意超好，不需多加介紹
逢甲客家湯圓,賴逸齊,在地嚮導 · 56 則評論 · 128 張相片,2 年前,4 顆星,"紅豆燒麻糬雪花冰-100
·冰品的口感稍甜(個人口感，偏牛奶味）
·蠻大一碗，可兩人吃
·店內環境佳
·麻糬很Q"
逢甲客家湯圓,普洱拿鐵寶寶,在地嚮導 · 307 則評論 · 299 張相片,2 年前,5 顆星,"料多
外圍半透明的麻糬和湯圓，建議吃熱的"
逢甲客家湯圓,雄太,在地嚮導 · 68 則評論 · 21 張相片,2 年前,5 顆星,喜歡甜品的你！一定要來吃吃！湯圓，芋圓，燒麻糬很推！紅豆湯很棒
逢甲客家湯圓,Stanley,在地嚮導 · 281 則評論 · 885 張相片,2 年前,5 顆星,料多實在，粉圓Q彈可口。
逢甲客家湯圓,藍梁宏鑫,在地嚮導 · 26 則評論 · 7 張相片,2 年前,3 顆星,
逢甲客家湯圓,王柚涵,"在地嚮導 · 131 則評論 · 1,073 張相片",2 年前,5 顆星,好吃
逢甲客家湯圓,余天圳,在地嚮導 · 6 則評論,2 年前,5 顆星,
逢甲客家湯圓,Yaya Fan,"在地嚮導 · 162 則評論 · 1,257 張相片",2 年前,5 顆星,"身為客家人 必須說⋯燒麻糬 超 好 吃😋👍🏻👍🏻
當下吃一口 為之驚艷！！立刻大肆宣傳✨

((後悔之完燒麻糬 去經過買了大X粉圓🙁"
逢甲客家湯圓,教練日常,"在地嚮導 · 199 則評論 · 1,562 張相片",2 年前,4 顆星,"冰品料多實在
花生口味的雪花冰很特別
比較在意的問題
應該是衛生紙吧...
找了一圈找不到衛生紙"
逢甲客家湯圓,錢文慶,13 則評論 · 3 張相片,2 年前,1 顆星,還沒遇過內用多要一個小碗不提供的店家欸⋯硬是要求花5元買紙碗⋯
逢甲客家湯圓,林小京,3 則評論,2 年前,1 顆星,"帶小孩來吃雪花冰與綠豆湯
跟老闆多要一個小碗 分食吃
竟然態度很差 不另外提供碗
要我們用5元去買紙碗
真心覺得太不環保
態度還很差"
逢甲客家湯圓,irene,"在地嚮導 · 2,873 則評論 · 5,152 張相片",2 年前,3 顆星,偶爾吃甜品不錯，小缺點有些甜度偏高。
逢甲客家湯圓,曹志強,3 則評論,2 年前,5 顆星,逢甲老店，很特別他們家有燒麻糬，冰品也不錯吃，最喜歡他家的薏仁系列，煮的很爛很好入口
逢甲客家湯圓,邱麗燕,在地嚮導 · 2 則評論 · 20 張相片,2 年前,4 顆星,
逢甲客家湯圓,陳TAKO,在地嚮導 · 73 則評論 · 244 張相片,2 年前,5 顆星,逛街逛累了來一碗熱紅豆麻糬湯
逢甲客家湯圓,Evan Eleven,在地嚮導 · 439 則評論 · 391 張相片,2 年前,4 顆星,"意外的很不錯,豆花仙草都有古早味。"
逢甲客家湯圓,kalia chang,在地嚮導 · 162 則評論 · 992 張相片,2 年前,4 顆星,"桌面清潔待加強，
燒麻糬最後一個太黏，整個沒有口感，
紅豆雪花冰還可以，但是價格偏高"
逢甲客家湯圓,.D.,在地嚮導 · 57 則評論 · 311 張相片,2 年前,1 顆星,
逢甲客家湯圓,Celeste Chen,9 則評論 · 4 張相片,2 年前,1 顆星,雪花冰超甜，口感很差，有怪味
逢甲客家湯圓,李學峰（A Feng）,在地嚮導 · 271 則評論 · 288 張相片,2 年前,5 顆星,好吃
逢甲客家湯圓,Chunki Chubbi,"在地嚮導 · 342 則評論 · 2,306 張相片",2 年前,3 顆星,"《內部使用》
燒楓雪花冰
炒年糕鬆軟刨冰

燒餅還是很好吃的
紅豆刨冰正常嗎？
我希望我能吃麻糬

尺寸很大而且不知何故
感覺我們兩個都吃光了✧◝(⁰▿⁰)◜✧"
逢甲客家湯圓,min yu,在地嚮導 · 119 則評論 · 824 張相片,2 年前,5 顆星,超愛這家芝麻湯圓紅豆湯❤️❤️甜甜熱熱的 生理期來吃超幸福ㄉ🥰
逢甲客家湯圓,賴不器,在地嚮導 · 145 則評論 · 9 張相片,2 年前,5 顆星,喜歡這裡，乾淨又平價，很多年的老店了
逢甲客家湯圓,Clare Lai,"在地嚮導 · 558 則評論 · 1,977 張相片",2 年前,5 顆星,"燒湯圓一定要吃
花生粉給的實在很大方
大大推薦"
逢甲客家湯圓,Mira Lazo,2 則評論 · 25 張相片,3 年前,5 顆星,
逢甲客家湯圓,秋天的思念,在地嚮導 · 13 則評論 · 1 張相片,3 年前,5 顆星,
逢甲客家湯圓,Christine Meng,在地嚮導 · 29 則評論 · 16 張相片,3 年前,5 顆星,"料多實在, 我最愛他們的豆花, 紅豆湯, 湯圓, 跟芋圓了。燒仙草也超讚的。

住在逢甲四年多，這是我唯一會去吃的甜點店。夏天我最愛他們的綜合豆花，我最愛加他們的紅豆，綠豆，跟薏仁，湯圓跟芋圓也都很不錯。如果有禮貌的詢問店家可不可以加冰，他們都會願意幫你加冰的。冬天我最愛的是他們的燒仙草。熱熱的吃，暖心又暖胃。"
逢甲客家湯圓,Jenner (Jenner_Call),在地嚮導 · 56 則評論 · 74 張相片,3 年前,4 顆星,
逢甲客家湯圓,劉璇,在地嚮導 · 156 則評論 · 122 張相片,3 年前,5 顆星,芝麻湯圓好吃
逢甲客家湯圓,野薑花,在地嚮導 · 92 則評論 · 125 張相片,3 年前,3 顆星,"燒麻糬花生湯超級小碗65（有旁邊牛肉麵當比例尺）

花生太軟、湯過甜，我螞蟻人都吃不太下
燒麻糬好吃"
逢甲客家湯圓,山本哲次,在地嚮導 · 4 則評論 · 10 張相片,3 年前,4 顆星,
逢甲客家湯圓,エリート朱雀,10 則評論,3 年前,5 顆星,"又便宜又好吃！
蕭哥大哇啊啊啊啊啊啊啊啊啊啊啊啊啊啊啊啊啊啊啊啊啊啊啊啊啊啊啊啊啊啊啊啊啊啊啊啊啊啊啊啊啊啊啊啊啊啊啊啊啊啊啊啊啊啊啊啊啊啊啊啊啊啊啊啊啊！"
逢甲客家湯圓,Ruru Ru,11 則評論 · 5 張相片,3 年前,1 顆星,"紅豆湯沒賣完到隔天一直賣..
看到那一鍋真的很母湯
老闆娘如果你要拆你的新包包你可以坐著面向門口拆
不是反著門口喔 客人來的都不知道
還要去你旁邊跟你點餐
做生意不是這樣的"
逢甲客家湯圓,Hsien-Tsung Lin,"在地嚮導 · 169 則評論 · 1,143 張相片",3 年前,4 顆星,芋圓和燒麻糬蠻好吃的
逢甲客家湯圓,戴DaDa,在地嚮導 · 32 則評論 · 7 張相片,3 年前,4 顆星,"店家態度好
點芋圓豆花
料給實在但偏硬"
逢甲客家湯圓,az891010 (dreamlife),在地嚮導 · 136 則評論 · 359 張相片,3 年前,4 顆星,燒麻糬紅豆湯$55，綜合豆花$55
逢甲客家湯圓,許有成,在地嚮導 · 40 則評論 · 129 張相片,3 年前,5 顆星,今天跟老婆吃完了午餐後到此點了一碗綜合豆花一起吃，老闆很窩心的自己給了我們二隻湯匙，東西也還不錯吃
逢甲客家湯圓,Эрик •ᴗ•,在地嚮導 · 88 則評論 · 93 張相片,3 年前,4 顆星,50塊麻吉嚐鮮，還不錯
逢甲客家湯圓,褚語潔,6 則評論 · 3 張相片,3 年前,3 顆星,
逢甲客家湯圓,徐明珠,"在地嚮導 · 296 則評論 · 2,136 張相片",3 年前,4 顆星,"好吃,寒冷天氣一肚子溫暖❤️❤️❤️"
逢甲客家湯圓,Ti,在地嚮導 · 71 則評論 · 567 張相片,3 年前,3 顆星,
逢甲客家湯圓,ï ö,在地嚮導 · 31 則評論 · 7 張相片,3 年前,4 顆星,
逢甲客家湯圓,T W,在地嚮導 · 48 則評論 · 827 張相片,3 年前,2 顆星,湯圓內餡有頭髮
逢甲客家湯圓,Steven,60 則評論 · 17 張相片,3 年前,1 顆星,"連著三天買 芝麻湯圓花生湯
結果竟然在元宵節這天 偷工減料
花生顆粒竟然不到平常的一半
今天才推薦朋友來買
真的是漏氣"
逢甲客家湯圓,A Yun,在地嚮導 · 60 則評論 · 441 張相片,3 年前,5 顆星,
逢甲客家湯圓,劉文正,在地嚮導 · 86 則評論,3 年前,4 顆星,
逢甲客家湯圓,Vanessa Huang,"在地嚮導 · 412 則評論 · 3,359 張相片",3 年前,5 顆星,非常便宜又美味
逢甲客家湯圓,Julia CHU,在地嚮導 · 37 則評論 · 26 張相片,3 年前,1 顆星,豆花快酸掉，回到家拉了2次
逢甲客家湯圓,朱香香,18 則評論 · 29 張相片,3 年前,1 顆星,"燒麻糬ㄧ上桌有一顆叉子叉不下超硬，跟老闆娘反應，老闆娘不以為意的說「有時候糖水泡太多就會這樣，可是還是很Q啊」，ㄧ咬下，媽呀！這什麼鬼啊⋯
紅豆湯圓也超難喝，紅豆已經快要酸掉了，小湯圓裡面是硬的。
綜合豆花也是微酸⋯
另一個包餡湯圓是唯一不那麼恐怖的⋯（但也是很不ok😂）
東西不好吃再加上老闆娘態度超不友善（上桌碗是用丟的，感覺好像心不甘情不願），超差的！"
逢甲客家湯圓,Janice J,3 則評論,3 年前,1 顆星,"不好吃，湯圓跟麻糬都煮爛了，爛到還硬掉！！反應還硬掰說「吃起來還是很Q啦」（事實一點也沒有無法入口我還吐掉了

最重要的是「態度很差」，點了七八碗每碗都大力放到「碰」一聲在桌上！

我們八個人要求使用小碗也不提供，請不要污名化客家人！！🤮🤮🤮"
逢甲客家湯圓,盧華成,23 則評論 · 3 張相片,3 年前,1 顆星,
逢甲客家湯圓,張峰榮,在地嚮導 · 20 則評論 · 31 張相片,3 年前,3 顆星,
逢甲客家湯圓,Rex Cho,在地嚮導 · 43 則評論 · 2 張相片,3 年前,4 顆星,
逢甲客家湯圓,陳國祥,在地嚮導 · 11 則評論 · 968 張相片,3 年前,4 顆星,
逢甲客家湯圓,LYW,在地嚮導 · 51 則評論 · 15 張相片,3 年前,5 顆星,"有包餡的或是沒包餡的都好吃～
花生糖好像有加米漿 超好喝～"
逢甲客家湯圓,陳昱廷,在地嚮導 · 61 則評論 · 9 張相片,3 年前,3 顆星,分量不是很大 但還不錯吃
逢甲客家湯圓,chien pei chih,"在地嚮導 · 357 則評論 · 1,500 張相片",3 年前,4 顆星,湯圓真的好吃，沒包餡料，搭配甜湯，不會太甜，麻糬升級好吃，用餐環境也是寬敞的木桌椅
逢甲客家湯圓,LIANG SHENG CHANG,15 則評論 · 1 張相片,3 年前,5 顆星,"目前只吃燒麻糬雪花冰。
燒麻糬的黏密灼熱感，加上雪花冰的綿密涼感，簡直冰火二重奏，嘴巴裡感覺要開花結果啦！
缺點是要特別咬斷麻糬才能搭配冰來吃，不介意的話是可以大口吃(ﾟ∀ﾟ)"
逢甲客家湯圓,Eva Ching,在地嚮導 · 256 則評論 · 6 張相片,3 年前,4 顆星,湯圆真好正！會再去及介紹绐朋友！.
逢甲客家湯圓,Y.F Shen,2 則評論 · 315 張相片,3 年前,4 顆星,
逢甲客家湯圓,花兒飛,在地嚮導 · 127 則評論 · 13 張相片,3 年前,1 顆星,"貴又難吃，湯圓死甜又太爛，一小碗沒幾顆60元
雷店！"
逢甲客家湯圓,邱佩珊,5 則評論 · 1 張相片,3 年前,1 顆星,有年冬至辦公室訂購他們家湯圓，有甜的跟鹹的口味 但居然在鹹肉湯圓裡面發現一整根湯匙。然後不知道是不是老闆娘的那位大姊態度也真的是不理想 我能懂你忙 但口氣態度不用這麼差。
逢甲客家湯圓,冰西瓜,在地嚮導 · 41 則評論 · 55 張相片,3 年前,5 顆星,麻糬超好吃，紅豆湯好喝
逢甲客家湯圓,龍鱒,"在地嚮導 · 32 則評論 · 1,038 張相片",3 年前,3 顆星,
逢甲客家湯圓,李侑庭,,3 年前,3 顆星,
逢甲客家湯圓,Lily Liao,在地嚮導 · 120 則評論 · 330 張相片,3 年前,5 顆星,
逢甲客家湯圓,阿寶老皮小小兵,在地嚮導 · 37 則評論 · 66 張相片,3 年前,5 顆星,
逢甲客家湯圓,戴旭美,"在地嚮導 · 205 則評論 · 1,972 張相片",3 年前,4 顆星,燒麻糬好吃，豆花也不錯吃！不會太甜！燒麻糬吃了還想再吃
逢甲客家湯圓,蔡宜臻,在地嚮導 · 28 則評論 · 8 張相片,3 年前,5 顆星,"料多實在，價錢不貴
很久沒有吃了，但依然不會忘記這家店"
逢甲客家湯圓,12345678 K20020412,在地嚮導 · 8 則評論 · 6 張相片,3 年前,5 顆星,
逢甲客家湯圓,黃國書,在地嚮導 · 3 則評論 · 3 張相片,3 年前,5 顆星,
逢甲客家湯圓,楊尚恩,4 則評論,3 年前,1 顆星,"雪花冰品質很爛 麻糬不好吃 紅豆也不好吃...
做過冰品店 真心覺得你們可以換一個牌子的雪花冰"
逢甲客家湯圓,Wen hsin Lee,31 則評論 · 21 張相片,3 年前,1 顆星,前一晚去吃，有剛買的東西忘了帶走，隔天上午回去店家詢問昨晚有沒有撿到東西，一位不知道是不是老闆娘的大姐回覆的態度很差，還叫我自己進去座位看，沒有的話就是沒有，下次去逢甲不會再光臨👎 …
逢甲客家湯圓,CJ YEH,在地嚮導 · 32 則評論 · 22 張相片,3 年前,4 顆星,
逢甲客家湯圓,江弘,在地嚮導 · 62 則評論 · 27 張相片,3 年前,5 顆星,料多實在，逢甲必吃
逢甲客家湯圓,陳子緯,12 則評論 · 1 張相片,3 年前,5 顆星,
逢甲客家湯圓,Nicole Tsai,,3 年前,4 顆星,
逢甲客家湯圓,Rabby Su,在地嚮導 · 37 則評論 · 55 張相片,3 年前,5 顆星,"招牌麻糬冰 ＄80
分量豪邁"
逢甲客家湯圓,徐Ruby,在地嚮導 · 108 則評論 · 164 張相片,3 年前,4 顆星,
逢甲客家湯圓,張弘毅,在地嚮導 · 18 則評論 · 51 張相片,3 年前,3 顆星,
逢甲客家湯圓,邱芷君,3 則評論,3 年前,4 顆星,
逢甲客家湯圓,Yu,在地嚮導 · 31 則評論 · 106 張相片,3 年前,5 顆星,每個配料都非常的好吃，最喜歡的是粉圓
逢甲客家湯圓,Chen Amy.,在地嚮導 · 74 則評論 · 40 張相片,3 年前,3 顆星,熱麻糬有點貴，多人合吃即可。
逢甲客家湯圓,吳憂無慮,"在地嚮導 · 282 則評論 · 2,235 張相片",3 年前,5 顆星,
逢甲客家湯圓,Albert wisdom,"在地嚮導 · 264 則評論 · 4,189 張相片",4 年前,5 顆星,很好吃
逢甲客家湯圓,Wen-ching Lin,"在地嚮導 · 234 則評論 · 1,338 張相片",4 年前,5 顆星,真材實料好味道
逢甲客家湯圓,郭奇蕙,13 則評論 · 1 張相片,4 年前,1 顆星,芋圓掉地上，撿起來繼續煮，不予置評
逢甲客家湯圓,黃雪玲,在地嚮導 · 34 則評論 · 16 張相片,4 年前,5 顆星,
逢甲客家湯圓,Amber,在地嚮導 · 21 則評論 · 11 張相片,4 年前,1 顆星,
逢甲客家湯圓,saendiou chen,在地嚮導 · 28 則評論 · 141 張相片,4 年前,4 顆星,自有特色的冰品。
逢甲客家湯圓,Key SickB,在地嚮導 · 91 則評論 · 6 張相片,4 年前,4 顆星,好吃 但價錢跟份量cp沒有到很高
逢甲客家湯圓,劉克遜,3 則評論,4 年前,3 顆星,
逢甲客家湯圓,陳妍,在地嚮導 · 22 則評論 · 14 張相片,4 年前,1 顆星,"下午買冷的綜合湯圓到附近拜土地公
拜完拿回家吃才發現裡面根本沒熟
真覺得很瞎欸
完全不推薦！！！"
逢甲客家湯圓,張凱翔,在地嚮導 · 19 則評論 · 2 張相片,4 年前,1 顆星,
逢甲客家湯圓,Cheryl L,在地嚮導 · 88 則評論 · 297 張相片,4 年前,5 顆星,地方寬敞明亮，環境比較乾淨。就在逢甲夜市旁邊，餓了可以步行過去吃！
逢甲客家湯圓,Ya-Ping Xiso,34 則評論 · 1 張相片,4 年前,1 顆星,東西是好吃 但老闆娘態度有夠差🙄東西直接用丟的給😑 …
逢甲客家湯圓,John Wu,在地嚮導 · 143 則評論 · 465 張相片,4 年前,5 顆星,好吃且選擇多樣
逢甲客家湯圓,Chuck Chen,在地嚮導 · 129 則評論 · 202 張相片,4 年前,5 顆星,
逢甲客家湯圓,小jo,"在地嚮導 · 405 則評論 · 3,655 張相片",4 年前,4 顆星,綜合嫩仙草好吃，料多實在，湯圓很Q，加上奶油球真的是提味不少。燒麻糬也很好吃😋 …
逢甲客家湯圓,Jennifer,在地嚮導 · 59 則評論 · 24 張相片,4 年前,3 顆星,偶爾吃可以，常常會覺得膩，但是好吃的。客家湯圓用料實在，很有飽足感，可能生意做久了，服務態度雖沒有不好，或許可以親切一些
逢甲客家湯圓,Peter Yang,"在地嚮導 · 1,639 則評論 · 9,157 張相片",4 年前,3 顆星,紅豆豆花還不錯，燒麻吉不推薦。
逢甲客家湯圓,Cedric Yung (Cedric),在地嚮導 · 33 則評論 · 75 張相片,4 年前,5 顆星,好吃 常來 推綜合嫩仙草 去冰
逢甲客家湯圓,YueFong Yang,"在地嚮導 · 512 則評論 · 1,675 張相片",4 年前,5 顆星,"好吃，紅豆綿密
甜湯順口"
逢甲客家湯圓,tadasi ls,"在地嚮導 · 1,809 則評論 · 8,686 張相片",4 年前,4 顆星,寒夜來碗熱呼呼的燒仙草🥣🥣+燒麻糬，吃完既溫暖又解饞😋😋。 …
逢甲客家湯圓,林庭,5 則評論 · 1 張相片,4 年前,5 顆星,
逢甲客家湯圓,黃世忠,3 則評論 · 3 張相片,4 年前,5 顆星,
逢甲客家湯圓,張巧智,在地嚮導 · 48 則評論 · 34 張相片,4 年前,2 顆星,對客人的態度不是很友善 推小孩推車被指責不能放在走道 問題桌椅都排滿了 推車沒地方放 除了桌椅剩下都走道 要放哪裡 口味一般般
逢甲客家湯圓,黃小翔,2 則評論,4 年前,3 顆星,
逢甲客家湯圓,リラ毛線ouo,在地嚮導 · 18 則評論 · 7 張相片,4 年前,1 顆星,"價位偏高 一碗60元的糖水圓仔湯
配上鑲金頭髮 值得60元來關顧嗎
超噁的"
逢甲客家湯圓,Celty,在地嚮導 · 27 則評論 · 11 張相片,4 年前,3 顆星,東西偏貴，口味太死甜，還忘記上東西。
逢甲客家湯圓,阿貴,在地嚮導 · 54 則評論 · 53 張相片,4 年前,1 顆星,剛剛買的紅豆湯，紅豆有一股酸味
逢甲客家湯圓,那個妹紙。小兔寶,"在地嚮導 · 489 則評論 · 1,785 張相片",4 年前,5 顆星,"種類超多，剉冰燒仙草湯圓麻糬等等
平價料多👍 …"
逢甲客家湯圓,許展誌,在地嚮導 · 10 則評論 · 4 張相片,4 年前,3 顆星,
逢甲客家湯圓,Strawberry,在地嚮導 · 63 則評論 · 45 張相片,4 年前,5 顆星,"真的很好吃
料也給的很足
內用也不用等太久
每次去都很多人買
還可以看天之嬌女😂
冷冷的冬天 就是要去吃碗湯圓 燒仙草！"
逢甲客家湯圓,Lynn Hernandez,在地嚮導 · 19 則評論 · 3 張相片,4 年前,5 顆星,好吃好吃好吃
逢甲客家湯圓,Jia,在地嚮導 · 134 則評論 · 70 張相片,4 年前,5 顆星,超好吃 租屋在附近 消夜很常來買碗芝麻湯圓紅豆湯，不會太甜，紅豆湯都煮得很熟很夠味
逢甲客家湯圓,白世杰,在地嚮導 · 1 則評論 · 77 張相片,4 年前,3 顆星,
逢甲客家湯圓,Ren Tseng,在地嚮導 · 199 則評論 · 89 張相片,4 年前,3 顆星,湯圓內餡非常甜，花生湯不錯
逢甲客家湯圓,洪建平,在地嚮導 · 313 則評論 · 513 張相片,4 年前,5 顆星,
逢甲客家湯圓,Wen J,在地嚮導 · 16 則評論 · 3 張相片,4 年前,4 顆星,
逢甲客家湯圓,米米蟲,在地嚮導 · 47 則評論 · 14 張相片,4 年前,3 顆星,"我外帶的餐點
小姐的服務態度我覺得不錯
不過，湯圓都硬掉了感覺好像放了很久一樣
紅豆湯的糖水味也很重,希望可以再改進"
逢甲客家湯圓,小愛地獄少女,在地嚮導 · 59 則評論,4 年前,4 顆星,雪花冰好吃~♡
逢甲客家湯圓,紫貪,38 則評論 · 1 張相片,4 年前,1 顆星,"又是女T
上一個客人的湯匙，直接自來水洗完，插到下一個客人的餐點
手上的水一直滴到那碗甜湯裡面......

你妹的，湯圓泡在保溫鍋保溫
是有多懶
整個爛糊湖的"
逢甲客家湯圓,嚴信義,在地嚮導 · 87 則評論 · 2 張相片,4 年前,1 顆星,"幹  花生湯圓爛爛的、變形破掉
是從保溫鍋拿出來的？？？？？？？"
逢甲客家湯圓,王世傑,在地嚮導 · 17 則評論 · 435 張相片,4 年前,4 顆星,
逢甲客家湯圓,莊蓉蓉,在地嚮導 · 980 則評論 · 236 張相片,4 年前,3 顆星,太甜膩，商業區的口味
逢甲客家湯圓,陳艾登,在地嚮導 · 90 則評論 · 29 張相片,4 年前,5 顆星,紅豆湯好吃！！
逢甲客家湯圓,ching hui huang,6 則評論 · 3 張相片,4 年前,1 顆星,"如果可以想給-10顆星！
態度有夠差勁 不曉得在跩什麼
尤其短頭髮那女生 要個分享碗跟要她命一樣
是有多不愛洗碗！"
逢甲客家湯圓,胡為雄,在地嚮導 · 31 則評論,4 年前,1 顆星,這個態度。
逢甲客家湯圓,許大胖,在地嚮導 · 57 則評論 · 180 張相片,4 年前,5 顆星,
逢甲客家湯圓,Lily Milk,在地嚮導 · 83 則評論 · 168 張相片,4 年前,1 顆星,蠻難吃的
逢甲客家湯圓,許琪琪,在地嚮導 · 24 則評論 · 447 張相片,4 年前,4 顆星,
逢甲客家湯圓,曾彭子文,在地嚮導 · 77 則評論,4 年前,3 顆星,普通
逢甲客家湯圓,賴肥肥,在地嚮導 · 134 則評論 · 559 張相片,4 年前,1 顆星,紅豆湯根本就是老妖怪。
逢甲客家湯圓,Hank,3 則評論,4 年前,2 顆星,
逢甲客家湯圓,羅密歐,在地嚮導 · 18 則評論 · 3 張相片,4 年前,1 顆星,"態度很差走進去當作沒看到
那個戴眼鏡短頭髮的女T
端湯圓上來大拇指還插進去！！
連端碗都不好哦！
點花生湯圓完全沒有內陷
雷爆"
逢甲客家湯圓,薛惠如,在地嚮導 · 233 則評論 · 264 張相片,4 年前,3 顆星,出餐點速度有點慢😅 …
逢甲客家湯圓,張飛飛,在地嚮導 · 8 則評論 · 81 張相片,4 年前,5 顆星,
逢甲客家湯圓,曾檀,112 則評論 · 132 張相片,4 年前,3 顆星,"覺得普通
偏貴"
逢甲客家湯圓,Sander Chen,在地嚮導 · 53 則評論 · 30 張相片,4 年前,5 顆星,
逢甲客家湯圓,Jasmine Yu,在地嚮導 · 26 則評論 · 61 張相片,4 年前,5 顆星,逢甲一帶好吃的甜品店
逢甲客家湯圓,七菜我婆,6 則評論 · 4 張相片,4 年前,4 顆星,
逢甲客家湯圓,MrKen790528,"在地嚮導 · 278 則評論 · 1,730 張相片",4 年前,3 顆星,
逢甲客家湯圓,L E,"在地嚮導 · 328 則評論 · 2,455 張相片",4 年前,4 顆星,
逢甲客家湯圓,Calvin Koay,"在地嚮導 · 54 則評論 · 2,051 張相片",4 年前,5 顆星,
逢甲客家湯圓,皮卡丘,12 則評論,4 年前,1 顆星,"差評！！！
沒吃過這麼令人氣憤的冰店！！！
絕對不會再來了！！！"
逢甲客家湯圓,陳阿寬,在地嚮導 · 101 則評論 · 91 張相片,4 年前,3 顆星,不難吃，但蠻普通的
逢甲客家湯圓,Lucius,在地嚮導 · 26 則評論 · 84 張相片,4 年前,4 顆星,
逢甲客家湯圓,衝衝衝,在地嚮導 · 133 則評論 · 939 張相片,4 年前,5 顆星,
逢甲客家湯圓,Ting-Hsuan Sun,18 則評論 · 13 張相片,4 年前,1 顆星,"用手拿冰磚加上抹茶吃起來就是香精味加上薄荷？態度差就算了，牛奶跟煉乳是完全不同的東西，這樣欺騙消費者還自以為多了不起！直接檢舉一破
波，不客氣。"
逢甲客家湯圓,老猴,6 則評論 · 2 張相片,4 年前,1 顆星,常常店裡看不到人，又沒有服務鈴可以按 今天到店買了巧克力雪花冰，拿到手的是布丁雪花冰..當下就反應你們做錯了，死不承認還硬凹是怎樣？  重做不就好了，妳自己做錯的你本來就該賠，是再凹什麼凹，差評 超沒禮貌。老闆娘慎選員工好嗎？不然就是做好訓練再出來啦
逢甲客家湯圓,U U,在地嚮導 · 97 則評論 · 374 張相片,4 年前,5 顆星,常吃的是：小湯圓+紅豆湯，鮮肉大湯圓+雞絲麵 ，好好吃😋 …
逢甲客家湯圓,陳明言,在地嚮導 · 246 則評論 · 70 張相片,4 年前,5 顆星,燒麻糬真的好吃到炸 麻糬軟又香 搭芝麻花生粉真是一絕
逢甲客家湯圓,蘇盈楹（Lydia Su）,在地嚮導 · 91 則評論 · 288 張相片,4 年前,3 顆星,"上餐速度快，給料也大方
只是雪花冰好像沒有想像中的那麼細緻，有點小可惜"
逢甲客家湯圓,林阿普,11 則評論 · 8 張相片,4 年前,1 顆星,"點冰的上來結果是溫的，想加碎冰竟然還要加錢？

店員態度真的有夠跩，尤其那個T，zzz"
逢甲客家湯圓,Diana Chen,在地嚮導 · 89 則評論 · 121 張相片,4 年前,5 顆星,珍珠和芋圓很Q！十分驚喜！
逢甲客家湯圓,Yeh Chan Pan,"在地嚮導 · 392 則評論 · 1,653 張相片",4 年前,4 顆星,點綜合豆花（冰或熱）+選3料
逢甲客家湯圓,史家瑋,在地嚮導,4 年前,5 顆星,
逢甲客家湯圓,Eric Yeh,11 則評論,4 年前,5 顆星,
逢甲客家湯圓,王秉献,10 則評論,4 年前,4 顆星,
逢甲客家湯圓,Darren Wu,在地嚮導 · 17 則評論 · 3 張相片,4 年前,3 顆星,
逢甲客家湯圓,蘇瑞國,"在地嚮導 · 633 則評論 · 2,802 張相片",4 年前,5 顆星,天氣熱外帶一碗爽口消暑
逢甲客家湯圓,Lin,在地嚮導 · 53 則評論 · 46 張相片,4 年前,4 顆星,"燒麻糬雪花冰$100
蠻大碗的兩人吃剛好👍（上桌的時候有提醒燒麻糬要先吃哦！不然會硬掉！！） …"
逢甲客家湯圓,黃鈤鍠,在地嚮導 · 7 則評論 · 2 張相片,4 年前,5 顆星,
逢甲客家湯圓,Ren,在地嚮導 · 224 則評論 · 182 張相片,4 年前,3 顆星,
逢甲客家湯圓,黃輝吉,4 則評論 · 36 張相片,4 年前,4 顆星,
逢甲客家湯圓,小豬,"在地嚮導 · 911 則評論 · 8,408 張相片",4 年前,4 顆星,好吃用料很實在，剉冰太消火真爽!❤選擇超多的必來的夜市美食名單💕不過服務不大好，臉頗臭的 …
逢甲客家湯圓,祥祥,在地嚮導 · 11 則評論 · 423 張相片,4 年前,5 顆星,
逢甲客家湯圓,Amazing Grace,在地嚮導 · 104 則評論 · 147 張相片,4 年前,5 顆星,"覺得很好吃，而且老闆娘用料多，芒果牛奶雪花冰$120,很大碗 ！！超消暑！會加煉乳和焦糖味道的醬非常好吃！推一個👍👍👍 …"
逢甲客家湯圓,尤,在地嚮導 · 19 則評論 · 12 張相片,4 年前,4 顆星,
逢甲客家湯圓,Kevin Tseng,"在地嚮導 · 254 則評論 · 5,333 張相片",5 年前,4 顆星,燒仙草還不錯喝，紅豆湯料有點少些
逢甲客家湯圓,juno,"在地嚮導 · 1,290 則評論 · 1,058 張相片",5 年前,3 顆星,價格偏高，燒麻薯有點糊，花生湯還ok
逢甲客家湯圓,吳昂展,在地嚮導 · 71 則評論 · 4 張相片,5 年前,5 顆星,剛剛買完離開了，才發現品項有誤，致電老闆，表示再換給我新的，服務真好!!
逢甲客家湯圓,陳黑人,在地嚮導 · 9 則評論 · 27 張相片,5 年前,5 顆星,
逢甲客家湯圓,萬學琪,在地嚮導 · 58 則評論 · 70 張相片,5 年前,4 顆星,
逢甲客家湯圓,陳冠豪,4 則評論 · 7 張相片,5 年前,4 顆星,
逢甲客家湯圓,F V,在地嚮導,5 年前,1 顆星,
逢甲客家湯圓,王偉軒,在地嚮導 · 66 則評論 · 157 張相片,5 年前,5 顆星,燒麻糬冰好吃，環境也乾淨
逢甲客家湯圓,BoRen Su,在地嚮導 · 33 則評論 · 7 張相片,5 年前,4 顆星,
逢甲客家湯圓,顏青慧,52 則評論 · 10 張相片,5 年前,5 顆星,無意間去吃到的店，點了綜合嫩仙草，不管之前網友評價如何，真心推薦綜合嫩仙草。
逢甲客家湯圓,烏拉啦,在地嚮導 · 22 則評論 · 75 張相片,5 年前,3 顆星,
逢甲客家湯圓,林竺潁,"在地嚮導 · 327 則評論 · 7,800 張相片",5 年前,4 顆星,
逢甲客家湯圓,John Yen,在地嚮導 · 87 則評論 · 27 張相片,5 年前,5 顆星,紅豆豆花料實在又豐富，燒麻糬黑糖薑湯喝完身體超暖和
逢甲客家湯圓,AR Chang,"在地嚮導 · 1,687 則評論 · 7,009 張相片",5 年前,4 顆星,麻薯，豆花與雞絲麵都還不錯。
逢甲客家湯圓,Kenley Lin,"在地嚮導 · 21 則評論 · 1,611 張相片",5 年前,4 顆星,
逢甲客家湯圓,Scott Chen,在地嚮導 · 56 則評論 · 150 張相片,5 年前,5 顆星,美味甜點
逢甲客家湯圓,陳東裕,,5 年前,5 顆星,
逢甲客家湯圓,獅獅,在地嚮導 · 55 則評論 · 170 張相片,5 年前,3 顆星,
逢甲客家湯圓,tzyyliang liau,在地嚮導 · 69 則評論,5 年前,2 顆星,這裡的。 產品大都是委外加工的。
逢甲客家湯圓,許明杰,在地嚮導 · 19 則評論,5 年前,2 顆星,不好吃
逢甲客家湯圓,大瑜,"在地嚮導 · 137 則評論 · 4,111 張相片",5 年前,4 顆星,紅豆麻糬湯好喝推！天冷來一碗暖暖身！
逢甲客家湯圓,林仁亮,在地嚮導 · 13 則評論 · 308 張相片,5 年前,5 顆星,
逢甲客家湯圓,Nicole Tsai,在地嚮導 · 3 則評論 · 3 張相片,5 年前,3 顆星,
逢甲客家湯圓,Mika米卡小姐（米卡）,在地嚮導 · 29 則評論 · 168 張相片,5 年前,1 顆星,"覺得一顆星都不行
態度不好👎 …"
逢甲客家湯圓,徐家宏,在地嚮導 · 40 則評論 · 24 張相片,5 年前,1 顆星,店家傲慢自大，尤其是那個T，跩什麼跩
逢甲客家湯圓,詹孟儒,在地嚮導 · 67 則評論 · 201 張相片,5 年前,4 顆星,
逢甲客家湯圓,Maggie Chang,在地嚮導 · 174 則評論 · 471 張相片,5 年前,4 顆星,芋圓好吃
逢甲客家湯圓,劉秀珍,在地嚮導 · 2 則評論 · 7 張相片,5 年前,5 顆星,
逢甲客家湯圓,辰知,"在地嚮導 · 510 則評論 · 2,664 張相片",5 年前,3 顆星,"鮮肉湯圓雞絲麵100元要等15分鐘，還蠻好吃的。若能用瓷器碗裝，看相會更佳。

50元三顆的燒麻糬也很好吃。

唯一美中不足的是一開始的老闆娘，招呼客人點餐說話讓我感覺冷冷的，沒什麼熱情，與這些美味的熱食形成強烈對比，大概是原本個性就如此吧。不過沒關係，我也不是第一次遇到這類型的老闆，個人認為東西好吃擺第一，這我還能忍受。"
逢甲客家湯圓,蔡薇心,17 則評論 · 2 張相片,5 年前,5 顆星,
逢甲客家湯圓,紛白,在地嚮導 · 74 則評論 · 307 張相片,5 年前,5 顆星,食材都是選用可重複利用的，以達到最大利益及環保意識，MR=MC，E=MC²
逢甲客家湯圓,藍腳哥哥,6 則評論,5 年前,1 顆星,不會再去第二次  貴且料少
逢甲客家湯圓,PX L,在地嚮導 · 45 則評論 · 82 張相片,5 年前,5 顆星,
逢甲客家湯圓,王閔,在地嚮導 · 44 則評論 · 137 張相片,5 年前,4 顆星,"四人座 九桌
雙人座 六桌"
逢甲客家湯圓,高世育,"在地嚮導 · 187 則評論 · 2,428 張相片",5 年前,4 顆星,
逢甲客家湯圓,蕾不雷,11 則評論 · 4 張相片,5 年前,1 顆星,服務態度超差！連碗都要錢！
逢甲客家湯圓,陳麒安,8 則評論,5 年前,4 顆星,
逢甲客家湯圓,Alice Chien,在地嚮導 · 55 則評論 · 61 張相片,5 年前,5 顆星,好吃，真材實料
逢甲客家湯圓,jinny yang,4 則評論 · 2 張相片,5 年前,5 顆星,2人共吃一碗，老板很貼心的給2支湯匙
逢甲客家湯圓,Sandy Yang,在地嚮導 · 334 則評論 · 450 張相片,5 年前,2 顆星,"好吃
但是點芝麻湯圓
裡面完全沒有芝麻湯圓......."
逢甲客家湯圓,Simon Hsu,在地嚮導 · 91 則評論 · 32 張相片,5 年前,5 顆星,逢甲難得的湯圓店 價格合理 料多實在
逢甲客家湯圓,陳勇材,在地嚮導 · 87 則評論 · 281 張相片,5 年前,3 顆星,東西不錯吃，可能商圈效應，價格偏貴！
逢甲客家湯圓,happy,在地嚮導 · 23 則評論 · 78 張相片,5 年前,4 顆星,料多實在！用餐環境還不錯！好吃！！！
逢甲客家湯圓,Winata Panjaya,"在地嚮導 · 375 則評論 · 1,322 張相片",5 年前,5 顆星,
逢甲客家湯圓,黃巧菱,在地嚮導 · 84 則評論 · 166 張相片,5 年前,4 顆星,冰品好吃，選擇多
逢甲客家湯圓,ken son,在地嚮導 · 205 則評論 · 24 張相片,5 年前,4 顆星,湯圓冰品逢甲首選！用料實在！冰品順口
逢甲客家湯圓,Liu Liu,在地嚮導,5 年前,4 顆星,
逢甲客家湯圓,Pei Zhang,在地嚮導 · 91 則評論 · 135 張相片,5 年前,1 顆星,"100元的雪花冰——
口感並不合胃口，不是綿密的那種雪花，比較像有甜味的清冰(口感很粗)
上面麻糬的口感也還好，偏硬。
這樣的價格會有更好的選擇ತಎತ
員工的口氣可以好一點"
逢甲客家湯圓,朱瑞玫,52 則評論 · 66 張相片,5 年前,5 顆星,"蠻乾淨明亮又便宜的冰店,
超級無敵好吃！！"
逢甲客家湯圓,揚揚,在地嚮導 · 191 則評論 · 2 張相片,5 年前,1 顆星,賣的很貴就算了 態度還很差  料也不多
逢甲客家湯圓,Angus Lin,在地嚮導 · 12 則評論 · 36 張相片,5 年前,1 顆星,買了3份，以份量來說價格稍貴，重點是湯太甜了，不僅我覺得膩，連小孩也都吃不下。
逢甲客家湯圓,Gini Ou,在地嚮導 · 223 則評論 · 479 張相片,5 年前,3 顆星,
逢甲客家湯圓,kenintw Chen,在地嚮導 · 125 則評論 · 135 張相片,5 年前,1 顆星,"不愧是客家湯圓
開在一級戰區不給小碗可以理解
連服務態度都省起來了真的很棒"
逢甲客家湯圓,廖志浩,12 則評論 · 1 張相片,5 年前,5 顆星,
逢甲客家湯圓,廣場旁邊的煙囪,在地嚮導 · 51 則評論 · 165 張相片,5 年前,4 顆星,燒麻糬不錯吃，剉冰還可以！
逢甲客家湯圓,林佳容,"在地嚮導 · 151 則評論 · 3,931 張相片",5 年前,4 顆星,是一家老招牌老字號的甜品店，食物的平均分很高，料多味美。
逢甲客家湯圓,風鈴聲,"在地嚮導 · 530 則評論 · 5,511 張相片",5 年前,3 顆星,東西不錯吃，合格的一間店。但沒開發票。。。。。
逢甲客家湯圓,Mimi Ku,51 則評論 · 24 張相片,5 年前,5 顆星,好吃😋 …
逢甲客家湯圓,Frank Wei,在地嚮導 · 136 則評論 · 256 張相片,5 年前,4 顆星,
逢甲客家湯圓,chihhung wang,,5 年前,4 顆星,
逢甲客家湯圓,芯綺張,在地嚮導 · 94 則評論 · 14 張相片,5 年前,4 顆星,
逢甲客家湯圓,james Lee,在地嚮導 · 62 則評論 · 18 張相片,5 年前,3 顆星,中等
逢甲客家湯圓,羅仰志,在地嚮導 · 57 則評論 · 274 張相片,5 年前,3 顆星,
逢甲客家湯圓,奧格戴,在地嚮導 · 130 則評論 · 19 張相片,5 年前,5 顆星,綜合湯圓芋圓加好加滿
逢甲客家湯圓,陳斯馨,在地嚮導 · 242 則評論 · 16 張相片,5 年前,5 顆星,
逢甲客家湯圓,Molly Wang,"在地嚮導 · 704 則評論 · 1,942 張相片",5 年前,2 顆星,難吃，煮太久，外皮軟內硬
逢甲客家湯圓,MISS MISS,在地嚮導 · 46 則評論 · 137 張相片,5 年前,5 顆星,工作壓力大的時候，就是需要來一份甜甜的燒麻糬，超舒壓！！！
逢甲客家湯圓,黃駿緯,在地嚮導 · 32 則評論 · 8 張相片,5 年前,2 顆星,偏貴
逢甲客家湯圓,仁亮林,在地嚮導 · 2 則評論 · 96 張相片,5 年前,4 顆星,
逢甲客家湯圓,芝麻,在地嚮導 · 76 則評論 · 5 張相片,5 年前,5 顆星,
逢甲客家湯圓,徐浩庭,在地嚮導 · 94 則評論 · 142 張相片,5 年前,4 顆星,嫩仙草還行
逢甲客家湯圓,Anthony M,在地嚮導 · 3 則評論 · 682 張相片,5 年前,5 顆星,
逢甲客家湯圓,Sunny Liao,"在地嚮導 · 262 則評論 · 2,808 張相片",5 年前,4 顆星,"好多人排隊的店 真是好吃
麻薯 芋圓 豆花都美味"
逢甲客家湯圓,chou-wei Huang,在地嚮導 · 97 則評論 · 436 張相片,5 年前,4 顆星,
逢甲客家湯圓,Ong Ponkai,"在地嚮導 · 210 則評論 · 2,131 張相片",5 年前,3 顆星,
逢甲客家湯圓,石子弘,在地嚮導 · 11 則評論 · 7 張相片,5 年前,5 顆星,
逢甲客家湯圓,YU CHUAN LIN,在地嚮導 · 709 則評論 · 509 張相片,5 年前,4 顆星,好吃
逢甲客家湯圓,Martin Tsai,在地嚮導 · 2 則評論 · 38 張相片,5 年前,5 顆星,
逢甲客家湯圓,ray Wu,在地嚮導 · 10 則評論 · 2 張相片,5 年前,4 顆星,
逢甲客家湯圓,林宜瑩,在地嚮導 · 2 則評論 · 12 張相片,5 年前,4 顆星,
逢甲客家湯圓,康思聖,在地嚮導 · 84 則評論 · 52 張相片,5 年前,4 顆星,
逢甲客家湯圓,楓葉紅,在地嚮導 · 250 則評論 · 908 張相片,5 年前,5 顆星,"很大碗,也蠻乾淨衛生的,好吃"
逢甲客家湯圓,Ivan Chen,在地嚮導 · 93 則評論 · 73 張相片,5 年前,3 顆星,
逢甲客家湯圓,余翰廷,在地嚮導 · 245 則評論 · 236 張相片,5 年前,3 顆星,
逢甲客家湯圓,Huan,在地嚮導 · 26 則評論 · 5 張相片,5 年前,1 顆星,"客人來了還在滑手機
沒有要招呼客人的意思

牛奶雪花冰口感跟挫冰沒兩樣
化學味很重"
逢甲客家湯圓,江江,在地嚮導 · 125 則評論 · 551 張相片,5 年前,3 顆星,麻糬本身Q彈，但花生粉太甜了
逢甲客家湯圓,JK08婕客林爸,在地嚮導 · 63 則評論 · 207 張相片,5 年前,3 顆星,"店家服務態度超差，問什麼東西不太想回答.二五80,000一樣"
逢甲客家湯圓,林靳凡,在地嚮導 · 615 則評論 · 555 張相片,5 年前,4 顆星,選擇很多樣，菜單的設計讓人很容易一目了然
逢甲客家湯圓,autumn Liao,在地嚮導 · 59 則評論 · 12 張相片,5 年前,3 顆星,
逢甲客家湯圓,陳佳雁,2 則評論 · 11 張相片,5 年前,5 顆星,
逢甲客家湯圓,Ivan Leo,在地嚮導 · 26 張相片,5 年前,5 顆星,
逢甲客家湯圓,Jeff,在地嚮導 · 66 則評論 · 182 張相片,5 年前,5 顆星,
逢甲客家湯圓,蔡銘華,在地嚮導 · 60 則評論 · 8 張相片,5 年前,2 顆星,"種類眾多，口味不錯（只吃仙草及豆花）
只是店家對員工不貼心，沒有使用托盤，導致店員端過來時兩隻大姆指各別插在冷熱湯中，讓我變吃邊心疼"
逢甲客家湯圓,Nicholas Hsu,在地嚮導 · 88 則評論 · 38 張相片,5 年前,1 顆星,"一份60元的燒麻糬花生湯只有一顆麻糬...
？？？？？"
逢甲客家湯圓,JIAN-XUAN LAN,在地嚮導 · 27 則評論 · 27 張相片,5 年前,5 顆星,
逢甲客家湯圓,琪琪兒,在地嚮導 · 115 則評論 · 159 張相片,5 年前,5 顆星,
逢甲客家湯圓,邱千倚,2 則評論 · 2 張相片,5 年前,5 顆星,
逢甲客家湯圓,方瑜,在地嚮導 · 29 則評論 · 11 張相片,5 年前,3 顆星,
逢甲客家湯圓,鄭Vicky,在地嚮導 · 17 則評論 · 291 張相片,5 年前,5 顆星,
逢甲客家湯圓,曼雲,在地嚮導 · 31 則評論 · 6 張相片,5 年前,4 顆星,
逢甲客家湯圓,曹昱維,在地嚮導 · 15 則評論 · 59 張相片,5 年前,4 顆星,
逢甲客家湯圓,林冠議,在地嚮導 · 2 則評論 · 354 張相片,5 年前,3 顆星,
逢甲客家湯圓,Tino Liu,在地嚮導 · 86 則評論 · 17 張相片,5 年前,1 顆星,牛奶雪花超雷，吃一口直接走人
逢甲客家湯圓,加州陽光,在地嚮導 · 37 則評論 · 1 張相片,5 年前,1 顆星,不好吃啊 桂圓麻糬湯 死甜 ..
逢甲客家湯圓,黃鈺珺,在地嚮導 · 71 則評論 · 78 張相片,5 年前,1 顆星,芒果冰的芒果有一半不新鮮
逢甲客家湯圓,minh yen,2 則評論 · 2 張相片,5 年前,5 顆星,
逢甲客家湯圓,李穎卓,在地嚮導 · 28 則評論 · 21 張相片,5 年前,5 顆星,
逢甲客家湯圓,Keith Man,在地嚮導 · 13 則評論 · 30 張相片,5 年前,5 顆星,大碗，美味，食物😋 …
逢甲客家湯圓,Fay,在地嚮導 · 251 則評論 · 283 張相片,5 年前,1 顆星,難吃又貴
逢甲客家湯圓,好奇寶寶,在地嚮導 · 36 則評論 · 27 張相片,5 年前,5 顆星,
逢甲客家湯圓,Zac Ching,在地嚮導 · 99 則評論 · 93 張相片,5 年前,5 顆星,非常好的甜點！又甜又新鮮的芒果
逢甲客家湯圓,Snoopy K,在地嚮導 · 407 則評論 · 155 張相片,5 年前,5 顆星,好吃，份量又大，吃不完可以兩人點一份喔！
逢甲客家湯圓,TW-Mvp Live,在地嚮導 · 52 則評論 · 257 張相片,5 年前,3 顆星,普普
逢甲客家湯圓,小艸,"在地嚮導 · 405 則評論 · 1,141 張相片",5 年前,4 顆星,"之前有吃過燒麻糬，三個50，覺得有點小貴😂看老闆把麻糬一整鍋泡著，但還不錯吃
芒果雪花冰的冰是芒果口味的⋯沒想到只是牛奶口味，芒果就是好吃 …"
逢甲客家湯圓,¿Alex ¿,在地嚮導 · 98 則評論 · 244 張相片,5 年前,5 顆星,
逢甲客家湯圓,Alice Lee (Dabas Walis),在地嚮導 · 84 則評論 · 126 張相片,5 年前,3 顆星,
逢甲客家湯圓,李宗恩,"在地嚮導 · 567 則評論 · 3,010 張相片",5 年前,4 顆星,麻糬超級推
逢甲客家湯圓,Miruru Miruru,在地嚮導 · 31 則評論 · 115 張相片,5 年前,5 顆星,"超愛燒麻糬❤️，芝麻花生粉灑在上面咬一口，那種不黏牙的口感真的很棒
對於不喜歡吃甜食的人，久久吃一次是OK的。另外還點了一份綜合豆花(可以點3種配料)，豆花的紮實感配上甜而不膩的薏仁、粉圓及芋圓，用料實在，價格親民，可以來嚐嚐唷！"
逢甲客家湯圓,C橘子亂滾,在地嚮導 · 29 則評論 · 36 張相片,5 年前,4 顆星,
逢甲客家湯圓,王登源,在地嚮導 · 9 則評論 · 5 張相片,5 年前,3 顆星,
逢甲客家湯圓,Dragon L,"在地嚮導 · 389 則評論 · 2,112 張相片",5 年前,3 顆星,雪不Ok
逢甲客家湯圓,朕成功,在地嚮導 · 158 則評論 · 387 張相片,6 年前,2 顆星,不是很好吃
逢甲客家湯圓,Sally Yu (サリー),在地嚮導 · 27 則評論 · 6 張相片,6 年前,3 顆星,
逢甲客家湯圓,Tei Lee,在地嚮導 · 299 則評論 · 43 張相片,6 年前,1 顆星,難吃 cp值低 店家男的態度不佳
逢甲客家湯圓,Lee Lingtai,在地嚮導 · 1 則評論 · 611 張相片,6 年前,4 顆星,
逢甲客家湯圓,陳小彥,在地嚮導 · 23 則評論 · 3 張相片,6 年前,4 顆星,
逢甲客家湯圓,YoYo Tiffany,在地嚮導 · 36 則評論 · 173 張相片,6 年前,4 顆星,
逢甲客家湯圓,棠哥,在地嚮導 · 140 則評論 · 563 張相片,6 年前,4 顆星,"不知道為何有很多1分的評分；
我覺得料滿滿的，推薦綜合嫩仙草一次滿足
嫩仙草很Q嫩好吃
用餐環境也乾淨"
逢甲客家湯圓,Jay Lu,"在地嚮導 · 565 則評論 · 7,450 張相片",6 年前,3 顆星,不錯吃
逢甲客家湯圓,金價派,153 則評論 · 81 張相片,6 年前,5 顆星,
逢甲客家湯圓,kevinFH Huang,"在地嚮導 · 1,106 則評論 · 1,866 張相片",6 年前,3 顆星,很貴
逢甲客家湯圓,Chen IT,在地嚮導 · 265 則評論 · 322 張相片,6 年前,3 顆星,份量大，但湯太甜
逢甲客家湯圓,張素靜,在地嚮導 · 360 則評論 · 203 張相片,6 年前,4 顆星,花生湯好好吃
逢甲客家湯圓,小夏,在地嚮導 · 24 則評論 · 3 張相片,6 年前,5 顆星,吃完很滿足
逢甲客家湯圓,Yu Tong Hsieh,"在地嚮導 · 705 則評論 · 1,975 張相片",6 年前,4 顆星,
逢甲客家湯圓,珞,"在地嚮導 · 379 則評論 · 3,038 張相片",6 年前,5 顆星,湯圓種類很多，我點了一份燒麻糬，很甜~
逢甲客家湯圓,Fan Huu,3 則評論 · 1 張相片,6 年前,2 顆星,很普通，不過態度很差
逢甲客家湯圓,Jiaxin Zhuo,在地嚮導 · 15 則評論 · 9 張相片,6 年前,5 顆星,
逢甲客家湯圓,閔柏惠,"在地嚮導 · 372 則評論 · 1,999 張相片",6 年前,4 顆星,稍微甜了一點
逢甲客家湯圓,HAO,在地嚮導 · 2 則評論 · 2 張相片,6 年前,3 顆星,
逢甲客家湯圓,蔡昇舉,26 則評論 · 9 張相片,6 年前,3 顆星,
逢甲客家湯圓,鄭潔安,在地嚮導 · 70 則評論 · 299 張相片,6 年前,4 顆星,
逢甲客家湯圓,GH PONG,在地嚮導 · 50 則評論 · 1 張相片,6 年前,5 顆星,雞絲麵肉湯圓好吃
逢甲客家湯圓,OuLee Dennis,在地嚮導 · 5 則評論 · 1 張相片,6 年前,3 顆星,
逢甲客家湯圓,"Loh Han Yang, Vincent",在地嚮導 · 31 則評論 · 998 張相片,6 年前,5 顆星,
逢甲客家湯圓,Bryan winardi,在地嚮導 · 19 則評論 · 5 張相片,6 年前,5 顆星,喜歡甜點😆😆 …
逢甲客家湯圓,Enya Chang,在地嚮導 · 383 則評論 · 40 張相片,6 年前,4 顆星,太甜了
逢甲客家湯圓,Yu Cheng Lin,在地嚮導 · 9 則評論 · 324 張相片,6 年前,3 顆星,
逢甲客家湯圓,Davis Nick,在地嚮導 · 56 則評論 · 2 張相片,6 年前,4 顆星,
逢甲客家湯圓,江婉榛,"在地嚮導 · 40 則評論 · 8,745 張相片",6 年前,5 顆星,
逢甲客家湯圓,Jennifer Wu,在地嚮導 · 48 則評論 · 277 張相片,6 年前,3 顆星,
逢甲客家湯圓,魏孟澤,15 則評論,6 年前,4 顆星,好吃
逢甲客家湯圓,黃建中,在地嚮導 · 32 則評論 · 525 張相片,6 年前,5 顆星,還好。
逢甲客家湯圓,Dante Siow,在地嚮導 · 76 則評論 · 40 張相片,6 年前,3 顆星,相當不錯的糯米球甜點。
逢甲客家湯圓,Min,在地嚮導 · 9 則評論 · 1 張相片,6 年前,5 顆星,
逢甲客家湯圓,黃國華,"在地嚮導 · 949 則評論 · 1,504 張相片",6 年前,4 顆星,湯圓還不錯，但店內太熱。
逢甲客家湯圓,Mikan Hsu,在地嚮導 · 37 則評論 · 119 張相片,6 年前,5 顆星,
逢甲客家湯圓,denzin cheden,在地嚮導 · 58 則評論 · 29 張相片,6 年前,5 顆星,
逢甲客家湯圓,梨水竹,在地嚮導 · 21 則評論 · 6 張相片,6 年前,1 顆星,
逢甲客家湯圓,Wayland Yen,在地嚮導 · 45 則評論 · 9 張相片,6 年前,5 顆星,
逢甲客家湯圓,鄭嬑琳,"在地嚮導 · 256 則評論 · 1,458 張相片",6 年前,2 顆星,吃起來普普就算了，也不便宜ㄚ。
逢甲客家湯圓,209侯韋呈（412-209）,2 則評論 · 12 張相片,6 年前,5 顆星,
逢甲客家湯圓,Bo Bo,在地嚮導 · 188 則評論 · 242 張相片,6 年前,3 顆星,"價格略高
比這間cp值高的還有很多
可能店租的關係??"
逢甲客家湯圓,Ed,在地嚮導 · 22 則評論,6 年前,1 顆星,"東西普通給3顆星，但店員（年輕胖女）態度差不耐煩的樣子給-2顆
3-2=1"
逢甲客家湯圓,Tzeng genome,"在地嚮導 · 616 則評論 · 1,266 張相片",6 年前,4 顆星,值得一吃 甜湯和冰品都很不錯喔！
逢甲客家湯圓,范怡菲,在地嚮導 · 228 則評論 · 17 張相片,6 年前,1 顆星,為什麼甜酒釀變的這麼難吃，完全失去貴店水準耶，不甜，超淡，沒有酒釀味，是怎麼了呢？ ？ ？ ？人們不退，印像中你們的東西都是很美味的，今天真的很失望的喝到這碗甜酒釀！  2018.11.18
逢甲客家湯圓,趙小瑛,在地嚮導 · 417 則評論 · 88 張相片,6 年前,4 顆星,"燒麻吉還行，綜合豆花料也很多，粉圓嫩仙草也是滿滿的一大碗。
雖然負評不少，但他們生意還是很好ㄟ。"
逢甲客家湯圓,生魚片,在地嚮導 · 42 則評論 · 1 張相片,6 年前,5 顆星,料多實在 價格便宜 種類多樣
逢甲客家湯圓,HuGo Lin,在地嚮導 · 5 則評論 · 22 張相片,6 年前,5 顆星,
逢甲客家湯圓,泡泡,在地嚮導 · 81 則評論 · 28 張相片,6 年前,5 顆星,
逢甲客家湯圓,蘇嘉和,"1,788 則評論 · 6,002 張相片",6 年前,2 顆星,"雪花冰吃起來有點怪味 不推薦
如果只吃甜湯圓的話還行"
逢甲客家湯圓,王皓祥,在地嚮導 · 11 則評論 · 4 張相片,6 年前,5 顆星,
逢甲客家湯圓,ting yi,22 則評論 · 6 張相片,6 年前,4 顆星,推酒釀湯圓
逢甲客家湯圓,李安安（不想婷）,在地嚮導 · 221 則評論 · 56 張相片,6 年前,4 顆星,真希望冬天還有芋泥吃
逢甲客家湯圓,Hsu “小許”,在地嚮導 · 69 則評論 · 376 張相片,6 年前,4 顆星,"逛逢甲突然想吃冰走到這裡，芒果消暑料多滿滿芒果
沒有網路上說的這麼誇張"
逢甲客家湯圓,柯姿妍,5 則評論,6 年前,1 顆星,態度極差👎🏽從沒遇過這種多要一個空碗給感冒的孩子分食竟然要多碗錢的！傻眼🙄親子不友善店家真是糟透了！ …
逢甲客家湯圓,LYNN HSU,在地嚮導 · 174 則評論 · 375 張相片,6 年前,3 顆星,"Cp值普通～～～
雪花冰沒有特別好吃
麻糬口感倒是不錯吃～很Q！"
逢甲客家湯圓,景賀張,10 則評論 · 2 張相片,6 年前,4 顆星,
逢甲客家湯圓,Lee Unice,在地嚮導 · 27 則評論 · 3 張相片,6 年前,3 顆星,
逢甲客家湯圓,Lu Lu,"在地嚮導 · 216 則評論 · 1,065 張相片",6 年前,4 顆星,"一年四季都可以吃到熱湯圓
尤其是芝麻酒釀湯圓更是好吃"
逢甲客家湯圓,黃琰琦,在地嚮導 · 15 則評論 · 45 張相片,6 年前,1 顆星,"一碗收60元的燒麻糬花生湯，詢問時說有兩顆，結果因為外帶也無法檢查，等打開要吃時傻眼，只有一顆...
同行的兩個人也都聽到是兩顆，如果是一顆誰要買啊！
沒想到上來看，店家的負評也太多了！
做生意不夠誠實...唉
現場是由一個戴黑框的年輕人做的。"
逢甲客家湯圓,吳明順,在地嚮導 · 60 則評論 · 18 張相片,6 年前,3 顆星,
逢甲客家湯圓,陳尚恩,在地嚮導 · 18 則評論,6 年前,3 顆星,
逢甲客家湯圓,魏嘉慶,在地嚮導 · 225 則評論 · 310 張相片,6 年前,4 顆星,美食盡在客家湯圓。
逢甲客家湯圓,羅秀宜,在地嚮導 · 13 則評論 · 31 張相片,6 年前,5 顆星,
逢甲客家湯圓,JIMMY TSAI,在地嚮導 · 559 則評論 · 147 張相片,6 年前,3 顆星,
逢甲客家湯圓,Amy Hsia,在地嚮導 · 86 則評論 · 37 張相片,6 年前,5 顆星,
逢甲客家湯圓,Jianfu Chang,在地嚮導 · 195 則評論 · 20 張相片,6 年前,3 顆星,普通
逢甲客家湯圓,楊㞾栭,在地嚮導 · 13 則評論 · 21 張相片,6 年前,4 顆星,"味道普普
店內環境還可以
但雪花冰的味道讓我有點....香精的味道"
逢甲客家湯圓,蚊子KaMG,在地嚮導 · 9 則評論 · 11 張相片,6 年前,3 顆星,
逢甲客家湯圓,佳嘉,在地嚮導 · 87 則評論 · 664 張相片,6 年前,3 顆星,
逢甲客家湯圓,Panda Pan,在地嚮導 · 58 則評論 · 19 張相片,6 年前,4 顆星,芒果牛奶綿綿冰：芒果料多，有吃到飽的感覺。
逢甲客家湯圓,大飛,在地嚮導 · 20 則評論,6 年前,5 顆星,
逢甲客家湯圓,樂樂,在地嚮導 · 125 則評論 · 239 張相片,6 年前,4 顆星,"消費過幾次
觀感上沒有網路所說這麼可怕
餐點還可以
店員態度也OK"
逢甲客家湯圓,Mouse Chen,在地嚮導 · 956 則評論 · 3 張相片,6 年前,4 顆星,還可以
逢甲客家湯圓,橙葉夏,在地嚮導 · 43 則評論 · 1 張相片,6 年前,1 顆星,32度還不開冷氣，想讓客人熱死?
逢甲客家湯圓,hsiehlian,在地嚮導 · 35 則評論 · 468 張相片,6 年前,4 顆星,
逢甲客家湯圓,22 3,在地嚮導 · 2 則評論,6 年前,3 顆星,
逢甲客家湯圓,洪英洲,在地嚮導 · 9 則評論 · 4 張相片,7 年前,5 顆星,值得推薦的好味道
逢甲客家湯圓,Mya Nee,在地嚮導 · 131 則評論 · 1 張相片,7 年前,1 顆星,曾經使用工業原料做湯圓
逢甲客家湯圓,Andre TSENG,在地嚮導 · 327 則評論 · 998 張相片,7 年前,2 顆星,超甜
逢甲客家湯圓,huey ni,在地嚮導 · 13 則評論 · 17 張相片,7 年前,3 顆星,
逢甲客家湯圓,Jane Kao,在地嚮導 · 23 則評論 · 2 張相片,7 年前,3 顆星,
逢甲客家湯圓,Rasmus,在地嚮導 · 37 則評論 · 458 張相片,7 年前,1 顆星,兩個字:化工
逢甲客家湯圓,weiwei Chen,在地嚮導 · 26 則評論,7 年前,1 顆星,吃鹹湯圓真的吃到吐，內餡比冷凍湯圓還不如，自己買冷凍鹹湯圓用清水煮還比較健康好吃，甜湯濃稠不好吃原來是有加料阿?想到女兒還小時會帶她去吃，也是吃一口就不吃，真是對不起小時候的她!!
逢甲客家湯圓,C C,在地嚮導 · 18 則評論 · 33 張相片,7 年前,2 顆星,不會再去
逢甲客家湯圓,surawo sura,2 則評論 · 29 張相片,7 年前,5 顆星,"柴馬園非常好吃。
餐廳的工作人員很友好，告訴我招牌上畫了哪些菜單項目，讓我有賓至如歸的感覺。
訂購很容易，因為它是填寫表格。"
逢甲客家湯圓,諸天兵,"在地嚮導 · 2,644 則評論 · 13,551 張相片",7 年前,4 顆星,豆花、剉冰、湯圓、八寶 都不錯，屁孩奧客很多
逢甲客家湯圓,Tim Chang,2 則評論,7 年前,1 顆星,
逢甲客家湯圓,張嘉麟,35 則評論 · 53 張相片,7 年前,1 顆星,一碗六十  只有一顆麻糬
逢甲客家湯圓,nrtceh chen,"在地嚮導 · 2,730 則評論 · 50,364 張相片",7 年前,4 顆星,吃冰，喝熱飲湯圓都好~
逢甲客家湯圓,蔡鼎翔,在地嚮導 · 51 則評論,7 年前,5 顆星,位於逢甲夜市 夏天可以吃一碗透心涼的芒果冰 冬天能喝一碗熱騰騰的燒仙草  真是美味
逢甲客家湯圓,小貝,在地嚮導 · 111 則評論 · 41 張相片,7 年前,2 顆星,東西普通 價格稍貴 態度⋯
逢甲客家湯圓,許榮進,9 則評論,7 年前,1 顆星,豆花是酸的，不敢在來吃了
逢甲客家湯圓,Lawrence Tang,"在地嚮導 · 1,145 則評論 · 9,488 張相片",7 年前,4 顆星,試了他們得紅豆豆花 除了比較稀以外 其他方面還好
逢甲客家湯圓,Deluxe S,176 則評論 · 201 張相片,7 年前,1 顆星,店員愛理不理，價錢不符合逢甲行情
逢甲客家湯圓,shih wen Fan,"在地嚮導 · 1,059 則評論 · 40,650 張相片",7 年前,3 顆星,豆花還可以，但在逢甲的確來說價格偏貴，服務員態度普普
逢甲客家湯圓,Aech Hsieh,在地嚮導 · 116 則評論 · 175 張相片,7 年前,1 顆星,花生湯加很多澱粉製造濃稠假象，太甜不好吃。
逢甲客家湯圓,kelvin chan,11 則評論 · 9 張相片,7 年前,1 顆星,用工業染料
逢甲客家湯圓,李易達,在地嚮導 · 142 則評論 · 63 張相片,7 年前,2 顆星,東西真的很普通，大概只有冬至才會很多人的店。
逢甲客家湯圓,王郁翔,15 則評論 · 4 張相片,8 年前,1 顆星,布丁牛奶冰上面有螞蟻很噁心
逢甲客家湯圓,Ann.H,在地嚮導 · 113 則評論 · 212 張相片,8 年前,1 顆星,烏梅冰就是冰淋上一勺烏梅醬，完全沒有配料一碗65元，坑人
逢甲客家湯圓,張狄恩,在地嚮導 · 180 則評論 · 217 張相片,8 年前,1 顆星,之前常常帶女朋友去吃，結果上新聞說是黑心店家，害我面子掛不住
逢甲客家湯圓,柴柴的愛荔絲,"在地嚮導 · 3,084 則評論 · 5,649 張相片",8 年前,1 顆星,買過一次 發現湯圓上都是螞蟻嚇死了~~~~
逢甲客家湯圓,Sheng Hsien Chiang,在地嚮導 · 111 則評論 · 65 張相片,8 年前,5 顆星,好吃
逢甲客家湯圓,Jimmy,在地嚮導 · 133 則評論 · 277 張相片,8 年前,1 顆星,抵制劣質店家
逢甲客家湯圓,紘-,在地嚮導 · 31 則評論,8 年前,1 顆星,吃過幾次，超惡劣用工業染料！！！我過去吃的屯積體內店家要陪嗎？！抵制這間店，讓它倒閉
逢甲客家湯圓,鄭勇志,2 則評論,8 年前,1 顆星,東西不便宜，也不好吃，做生意的態度待改進。
逢甲客家湯圓,Tzung-rung Yu,在地嚮導 · 251 則評論 · 206 張相片,8 年前,1 顆星,報載摻工業染料
逢甲客家湯圓,韓森博一,"在地嚮導 · 3,270 則評論 · 14,641 張相片",8 年前,1 顆星,紅湯圓摻工業染料。抵制。
逢甲客家湯圓,TCLCS,在地嚮導 · 227 則評論 · 536 張相片,8 年前,1 顆星,"花生湯圓吃到一碗的螞蟻 很誇張 雖然前幾次去吃味道不錯 但衛生還是要顧

被爆料了吼，使用黑心湯圓，無良業者"
逢甲客家湯圓,林柏呈,在地嚮導 · 21 則評論,8 年前,1 顆星,黑心店家 賣用工業染料湯圓
逢甲客家湯圓,魏勝,在地嚮導 · 19 則評論 · 6 張相片,8 年前,1 顆星,
逢甲客家湯圓,WEI,在地嚮導 · 108 則評論 · 19 張相片,8 年前,1 顆星,
逢甲客家湯圓,Ya Wen Hsieh,在地嚮導 · 119 則評論,8 年前,1 顆星,
逢甲客家湯圓,Allen Jheng (大Allen),在地嚮導 · 30 則評論 · 2 張相片,8 年前,1 顆星,違法使用鹽基性桃紅精工業色素湯圓，惡劣店家！
逢甲客家湯圓,Bryce Chen,3 則評論,8 年前,5 顆星,
逢甲客家湯圓,カシュウ柳,在地嚮導 · 35 則評論 · 21 張相片,8 年前,4 顆星,
逢甲客家湯圓,張雅玲,5 則評論,8 年前,5 顆星,
逢甲客家湯圓,zhucc,在地嚮導 · 51 則評論 · 984 張相片,8 年前,4 顆星,
逢甲客家湯圓,annie c,"在地嚮導 · 370 則評論 · 1,083 張相片",8 年前,3 顆星,"為了想吃熱芝麻湯圓，找到這𥚃⋯

看到店主一家三口在吃合菜便當⋯生意清淡⋯有些令人鼻酸～ …"
逢甲客家湯圓,林信懷,3 則評論 · 1 張相片,8 年前,2 顆星,冰很難吃
逢甲客家湯圓,吳律,在地嚮導 · 456 則評論 · 360 張相片,8 年前,2 顆星,
逢甲客家湯圓,John Lee,"在地嚮導 · 320 則評論 · 1,876 張相片",9 年前,2 顆星,
逢甲客家湯圓,Lumerry Lee,在地嚮導 · 149 則評論 · 21 張相片,9 年前,3 顆星,"推薦軟Q的燒麻糬(牛軛水),惟冰品類價格稍高"
逢甲客家湯圓,J-On Lab,在地嚮導 · 59 則評論 · 24 張相片,9 年前,2 顆星,裡面的挫冰都很隨便
逢甲客家湯圓,Yi Jason,在地嚮導 · 16 則評論 · 1 張相片,9 年前,1 顆星,態度很差
peropero gelato 沛樂義式冰淇淋,吃吃魚 IG:eateat_fish,在地嚮導 · 34 則評論 · 136 張相片,1 個月前,5 顆星,"逢甲夜市內超高CP值的冰淇淋😍
雙口味💰140 特殊口味加價
-
🍨海鹽開心果+20
開心果味明顯 口感滑順沒有膩感
🍧鳳梨釋迦
口感像雪酪 滿滿的釋迦香氣
-
@eateat_fish"
peropero gelato 沛樂義式冰淇淋,菲菲,在地嚮導 · 195 則評論 · 792 張相片,1 個月前,5 顆星,"好吃死了！
努力搜集各種口味中"
peropero gelato 沛樂義式冰淇淋,Chaya,在地嚮導 · 379 則評論 · 965 張相片,2 個月前,5 顆星,"（我以為我有留過評論結果沒有！）
已經吃過好多口味了 不只照片這些🫶🏻
可以追蹤哀居 每天限時動態會公布當日口味
很多很神奇的口味也很好吃 推推！
期待老闆研發越來越多酷口味✨👀"
peropero gelato 沛樂義式冰淇淋,蘋小果,5 則評論,2 個月前,5 顆星,超好吃的冰淇淋，特別推薦白鶴梅酒口味！
peropero gelato 沛樂義式冰淇淋,林威傑,8 則評論,2 個月前,5 顆星,"第一次吃就愛上的冰淇淋
在ig 上看到就來吃了非常好吃
下次再來吃其他口味"
peropero gelato 沛樂義式冰淇淋,廖珮茹,在地嚮導 · 17 則評論 · 23 張相片,3 個月前,5 顆星,"這次到台中旅遊，女兒今天特地帶我來吃義式冰淇淋，我們分別點海鹽開心果+法芙娜巧克力，以及砂糖橘+法芙娜巧克力。

我們點的每種口味都很好吃唷，巧克力是大人的苦甜口感，裡面還不時吃到巧克力碎片；砂糖橘不會很甜，我個人覺得很特別，也好吃耶！我們還跟老闆娘聊天，很開心，期待下次來台中時，再來店裡吃其他口味冰淇淋😋"
peropero gelato 沛樂義式冰淇淋,Catcher C,在地嚮導 · 27 則評論 · 14 張相片,3 個月前,5 顆星,"2025/01 更新
砂糖橘 有加入果皮所以有微微酸澀 吃起來不會甜膩
鹹檸檬非常檸檬 吃到會分泌口水🤤

2024/10 更新
今天來吃新口味 鳳梨金萱🍍
感覺像在吃鳳梨本人 非常濃🤩
坐等每次藍莓蜜茶回歸

2024/05 看朋友推薦後存進地標好久 前陣子終於來吃 真的好～好～吃～
尤其是藍莓蜜茶 是近期吃過最好吃的 愛鼠！！希望再推出！！
也推薦給朋友來吃 朋友也很喜歡☺️"
peropero gelato 沛樂義式冰淇淋,許家綾,2 則評論 · 1 張相片,3 個月前,5 顆星,開心果口味超級好吃！！
peropero gelato 沛樂義式冰淇淋,Yu C,12 則評論 · 3 張相片,3 個月前,5 顆星,"逢甲小巷子裡發現這樣特別的冰淇淋🥹🥹
梅酒口味的超好吃的🥰🥰
下次會再來！ …"
peropero gelato 沛樂義式冰淇淋,Yu,在地嚮導 · 31 則評論 · 54 張相片,3 個月前,5 顆星,"隱藏在超隱密巷子內的義式冰淇淋
很好吃而且老闆娘超漂亮的，點餐時不敢直視她🫣很親切人也很好"
peropero gelato 沛樂義式冰淇淋,Sarah Chen,在地嚮導 · 77 則評論 · 179 張相片,5 個月前,5 顆星,"冰淇淋很好吃
很多口味都想試試
目前喜歡鹹檸檬、鳳梨金萱、萊姆葡萄"
peropero gelato 沛樂義式冰淇淋,周芷盈,在地嚮導 · 115 則評論 · 4 張相片,6 個月前,3 顆星,一球$80的香草口味吃起來很像麥當勞蛋捲冰淇淋 吃完會有痰的冰
peropero gelato 沛樂義式冰淇淋,yunl_小五,在地嚮導 · 11 則評論 · 16 張相片,6 個月前,5 顆星,"這間冰淇淋店是我無意間亂刷google地圖看到的 今天心血來潮就跑去尋寶這家冰淇淋店
躲在小巷子裡面（小巷子標記有一間瓜董勇敢走進來就看到啦！）
店面很乾淨燈光明亮是我喜歡的原木簡潔風🥰剛出門口吃了一口 然後就跑回來跟闆娘說這個好好吃！（沒錯我就是吃到好吃東西還會跑回來跟店家說你這個做的有夠好吃！）🤣
我選的雙拼---鳳梨金萱🍍and鹹檸檬🍋 拜託拜託拜託🙏🏻一定要吃這兩種雙拼起來有夠好吃 好吃到咪咪冒冒😭🫶🏻
鳳梨金萱🍍新鮮鳳梨不會太酸太甜拿捏得剛好配合淡淡茶味（而且是不會苦的茶味！）🍵
鹹檸檬🍋愛吃酸或者很愛檸檬味必吃！恰到好處的海鹽味融合檸檬的香氣 沒在開玩笑直接嗑起來！😍（不會有檸檬苦味 闆娘處理得超級好！！！）
馬達加斯加香草口味真的很絕！能把經典口味的做得超好吃是神跡吧...🥹淡淡奶香味和香草莢（重點是拿到手吃一直到吃完 完全沒有臭臭奶腥味！！！吃完完全不膩口！不會有吃完糊嗓子的問題 有問過闆娘是鮮奶做的！🥛）🥹😭❤️我願意稱之為神級香草冰淇淋🍦
店外右手邊有兩個小垃圾桶和回收的部分（有夠細心吶厚🥹）座位內外都有位子可以坐 店內吧檯還有衛生紙可以吃完擦擦嘴巴😋
低脂低糖 減肥神人和愛吃冰淇淋的必須要有的收藏店鋪吧！帶小孩的爸爸媽媽也可以來這邊買冰淇淋堵住小孩的嘴🤫天然新鮮的食材 小孩也可以吃的安心爸爸媽媽也可以享受一下片刻的寧靜😮‍💨（有小孩的爸爸媽媽絕對有感）
下次我再去探索其他口味😋我唯一的冰淇淋愛店🥰（話太多了耐心看完真的非常感謝🤣🤣🤣）"
peropero gelato 沛樂義式冰淇淋,Mercy Chen,"在地嚮導 · 494 則評論 · 1,862 張相片",6 個月前,5 顆星,"店員蠻親切的，可以街口支付
點了一隻雙口味的130
很好吃！
用料很實在"
peropero gelato 沛樂義式冰淇淋,Ting365,"在地嚮導 · 1,608 則評論 · 5,407 張相片",6 個月前,5 顆星,逢甲夜市最好吃的冰淇淋！本來在等西瓜汁的時候看到暗巷裡出來兩個人手拿冰淇淋，看起來很好吃，所以好奇心驅使進去買了兩球，吃起來跟義式冰淇淋一樣非常好吃😋品質非常好，而且很香
peropero gelato 沛樂義式冰淇淋,Nico,12 則評論 · 4 張相片,6 個月前,5 顆星,"冰淇淋超難選擇，看起來都好好吃
老闆親切可愛！
吃完才想到要拍照"
peropero gelato 沛樂義式冰淇淋,陳丁,在地嚮導 · 33 則評論 · 47 張相片,6 個月前,5 顆星,十分好吃，老闆娘非常用心👍👍👍用料實在美味十足
peropero gelato 沛樂義式冰淇淋,AER,9 則評論,7 個月前,5 顆星,"水果系列超好吃!!
鹹檸檬🍋、蘋果多多🍎推推!!"
peropero gelato 沛樂義式冰淇淋,Roi hung,在地嚮導 · 17 則評論 · 25 張相片,7 個月前,5 顆星,美味的義式冰淇淋，在逢甲便當街鬧中取靜還有可以內用
peropero gelato 沛樂義式冰淇淋,喵喵米,在地嚮導 · 21 則評論 · 23 張相片,7 個月前,5 顆星,"路過看到～
清爽好吃的義式冰淇淋🍦

點了葡萄獨角獸🦄️
白葡萄與紫葡萄的香味，加上清爽的口感，很好吃唷！

老闆也很親切地介紹👍🏻有空會再來吃！"
peropero gelato 沛樂義式冰淇淋,Sunday,在地嚮導 · 176 則評論 · 537 張相片,7 個月前,4 顆星,
peropero gelato 沛樂義式冰淇淋,Wei K,在地嚮導 · 26 則評論 · 28 張相片,7 個月前,5 顆星,"最清爽紮實濃郁的義式冰淇淋🍦🍦
新鮮水果製成🤤🤤
好愛巧克力、香蕉可可❤️❤️
更多在IG:柯柯的社畜樂週末"
peropero gelato 沛樂義式冰淇淋,Tia,在地嚮導 · 41 則評論 · 23 張相片,7 個月前,5 顆星,老闆帥帥Der一個女森，態度超好，芒果和鐵觀音冰淇淋超好吃～～❤️❤️❤️
peropero gelato 沛樂義式冰淇淋,胡Carol,在地嚮導 · 42 則評論 · 20 張相片,7 個月前,5 顆星,"藏在巷內的小點✨
口味很豐富！環境舒服
謝謝漂亮老闆 讓我們休息一陣子
加上好吃的冰淇淋，療癒一整天的心情"
peropero gelato 沛樂義式冰淇淋,楊于萱,在地嚮導 · 14 則評論 · 17 張相片,7 個月前,5 顆星,
peropero gelato 沛樂義式冰淇淋,陳韋甫,在地嚮導 · 29 則評論 · 26 張相片,7 個月前,5 顆星,萊姆葡萄好吃😋
peropero gelato 沛樂義式冰淇淋,我愛一條柴,6 則評論 · 24 張相片,8 個月前,5 顆星,"好吃好吃🫶🏼
在附近吃飯，忽然好想吃gelato
Google到一間，在從來沒進去過的巷子
今天吃草莓優格、香蕉可可"
peropero gelato 沛樂義式冰淇淋,安安,16 則評論 · 3 張相片,8 個月前,3 顆星,小貴
peropero gelato 沛樂義式冰淇淋,江沐熹,在地嚮導 · 609 則評論 · 179 張相片,10 個月前,4 顆星,"綿密 gelato
更濃一點會更好

餅乾好吃"
peropero gelato 沛樂義式冰淇淋,VIVI CHENG,在地嚮導 · 38 則評論 · 44 張相片,10 個月前,5 顆星,"愛吃 Gelato 的一定一定一定要把這家放口袋！冰好吃，服務親切，環境乾淨舒服
怎麼還沒網紅起來呢！？
激推口味：白鶴梅酒"
peropero gelato 沛樂義式冰淇淋,V,在地嚮導 · 193 則評論 · 382 張相片,11 個月前,4 顆星,
peropero gelato 沛樂義式冰淇淋,Isabelle,在地嚮導 · 127 則評論 · 149 張相片,11 個月前,5 顆星,"本來想只點一杯的，結果不小心點了三杯。這甜蜜的放縱勾起了我在台中的回憶。

BTW，在最近的周年紀念活動中，今年5月20日之前購買兩種口味的冰淇淋即可獲得賓果樂透遊戲。

📍記得關注這個橘色旗幟，而義式冰淇淋就是gelato的意思。"
peropero gelato 沛樂義式冰淇淋,楊宣墀,在地嚮導 · 19 則評論 · 10 張相片,1 年前,5 顆星,"冰淇淋超級好吃，會有一些看起來很特殊口味，都可以嘗試！！！！
貓王吐司&墨西哥辣花生超好吃！！！"
peropero gelato 沛樂義式冰淇淋,Alison E,在地嚮導 · 191 則評論 · 70 張相片,1 年前,5 顆星,巨好吃😍
peropero gelato 沛樂義式冰淇淋,c,6 則評論 · 1 張相片,1 年前,5 顆星,手工冰淇淋 吃得出來用料非常實在 嚐過一次便念念不忘的味道😭
peropero gelato 沛樂義式冰淇淋,鄭博宸,15 則評論 · 3 張相片,1 年前,5 顆星,冰淇淋很好吃 店員老闆漂亮心地善良
peropero gelato 沛樂義式冰淇淋,張承濬,4 則評論,1 年前,5 顆星,完美
peropero gelato 沛樂義式冰淇淋,菱菱MLing H,在地嚮導 · 125 則評論 · 534 張相片,1 年前,5 顆星,在逢甲夜市小巷內的義式冰淇淋，老闆手工製作，製作冰淇淋的機器就放在店內，裡面有幾個吧檯坐位，冰淇淋不會過甜口味獨家，今天點了米香麵茶+？培茶茶味香濃，甜筒餅乾香脆👍😋
peropero gelato 沛樂義式冰淇淋,林捲毛,在地嚮導 · 27 則評論 · 31 張相片,1 年前,5 顆星,"老闆很親切，若選擇困難還會幫忙介紹口味，內用還有吧台桌可以慢慢舔，超讚。
西西里沙士口味激推！"
peropero gelato 沛樂義式冰淇淋,Levi,在地嚮導 · 240 則評論 · 30 張相片,1 年前,5 顆星,開心果味滿濃郁的
peropero gelato 沛樂義式冰淇淋,王建智,在地嚮導 · 155 則評論 · 134 張相片,1 年前,5 顆星,好吃 😆😆
peropero gelato 沛樂義式冰淇淋,Sin Lin (Sin),在地嚮導 · 180 則評論 · 109 張相片,1 年前,5 顆星,
peropero gelato 沛樂義式冰淇淋,An,在地嚮導 · 81 則評論 · 82 張相片,1 年前,5 顆星,
peropero gelato 沛樂義式冰淇淋,陳儒儒,在地嚮導 · 177 則評論 · 75 張相片,1 年前,5 顆星,"服務很好,老闆娘很熱情,香草,起司餅乾很好吃~
還有很多別的口味,每天口味都有不一樣"
peropero gelato 沛樂義式冰淇淋,Fan,在地嚮導 · 22 則評論 · 2 張相片,1 年前,5 顆星,好吃又不貴~~
peropero gelato 沛樂義式冰淇淋,無名,在地嚮導 · 13 則評論,1 年前,1 顆星,東西是好吃，但音樂很大聲，真的很吵，連說話都要跟著大聲，不然聽不見，耳朵真受不了，沒什麼氣氛可言。
peropero gelato 沛樂義式冰淇淋,JackyZeng曾閏韋,6 則評論 · 4 張相片,1 年前,5 顆星,"今天跟朋友偶然發現這家隱藏小店
冰淇淋好吃且風味多、提供各種選擇，內用老闆親切好聊，只可惜距離太遠無法定期造訪"
peropero gelato 沛樂義式冰淇淋,lc w,14 則評論 · 1 張相片,1 年前,5 顆星,巷弄間的小店，爆米花口味蠻香的，口感綿密好吃。
peropero gelato 沛樂義式冰淇淋,Amy Lee,在地嚮導 · 22 則評論 · 27 張相片,1 年前,5 顆星,
peropero gelato 沛樂義式冰淇淋,River Tsai,在地嚮導 · 192 則評論 · 311 張相片,1 年前,5 顆星,
peropero gelato 沛樂義式冰淇淋,殤,在地嚮導 · 127 則評論 · 859 張相片,1 年前,5 顆星,"好吃的gelato,大家快來舔舔😋😋"
peropero gelato 沛樂義式冰淇淋,Mark H,在地嚮導 · 12 則評論 · 7 張相片,1 年前,5 顆星,
peropero gelato 沛樂義式冰淇淋,Alea de Castro,在地嚮導 · 47 則評論 · 180 張相片,1 年前,4 顆星,抹茶很好吃，但味道不濃。很棒的服務。巷子裡位置好難找
peropero gelato 沛樂義式冰淇淋,凌,"在地嚮導 · 456 則評論 · 1,325 張相片",1 年前,5 顆星,"西西里沙士+法芙娜巧克力
lemon coffee sarsi

很好吃💕"
peropero gelato 沛樂義式冰淇淋,CHING KE,在地嚮導 · 53 則評論 · 112 張相片,1 年前,5 顆星,可惜沒有吃到藍色小精靈 不會有甜膩感 吃完也不會口渴 紅茶口味有香氣
peropero gelato 沛樂義式冰淇淋,中觀,在地嚮導 · 162 則評論 · 2 張相片,1 年前,1 顆星,口感像冰沙，還好。
peropero gelato 沛樂義式冰淇淋,陳泡泡,在地嚮導 · 221 則評論 · 194 張相片,1 年前,5 顆星,"乾淨舒服的小店，花生口味蠻好吃的。
逛街逛累想坐下來休息一下的話，是個可以考慮來小小享受的地方。
ㄧ球80，兩個口味130。
位置在不起眼的小巷內，要稍微注意找一下。"
peropero gelato 沛樂義式冰淇淋,YZ,12 則評論 · 1 張相片,1 年前,5 顆星,超級好吃冰淇淋！老闆很用心非常好吃！
peropero gelato 沛樂義式冰淇淋,林詩菁,6 則評論 · 4 張相片,1 年前,5 顆星,超好吃！！誒
peropero gelato 沛樂義式冰淇淋,小佩,1 則評論,1 年前,1 顆星,剛搬來2.3個月，一到假日貴店的大聲公就出來巷口喊，可以不要再喊了嗎？我住3樓都還聽得到，可以還給這裡住戶清靜嗎
peropero gelato 沛樂義式冰淇淋,Yenyun Chang (Yenyun Chang),在地嚮導 · 78 則評論 · 6 張相片,1 年前,2 顆星,看到評論來的，結果吃起來根本不是gelato反而像冰沙，也沒賣經典的pistachio之類，都是一些什麼五香乖乖、爆米香、薄荷西瓜？？跟一堆水果
peropero gelato 沛樂義式冰淇淋,yuyuan Hu,7 則評論 · 12 張相片,1 年前,5 顆星,"今天吃了鳳梨蘋果（左）、芭樂檸檬、草莓優格（右邊）
鳳梨蘋果有鳳梨香氣跟蘋果泥口感，第一次吃到這種組合，很好吃!芭樂檸檬就是冰的脆芭樂偏雪酪口感，尾韻檸檬味清爽!草莓優格的優格酸味強和草莓甜味和成強烈對比，好吃
看到有五香乖乖口味超特別！
下次到逢甲會再來吃~"
peropero gelato 沛樂義式冰淇淋,Tung,1 則評論 · 1 張相片,1 年前,5 顆星,"超級推😍 每個口味都超級好吃
不定時還會有新口味🤩 …"
peropero gelato 沛樂義式冰淇淋,Jacques Wang,在地嚮導 · 14 則評論 · 17 張相片,1 年前,5 顆星,
peropero gelato 沛樂義式冰淇淋,Tilly Yang,"在地嚮導 · 954 則評論 · 4,548 張相片",1 年前,5 顆星,百香多多，草莓優格好吃。
peropero gelato 沛樂義式冰淇淋,Xun Li,在地嚮導 · 39 則評論 · 3 張相片,1 年前,5 顆星,巷弄裡的冰淇淋，口味特別又好吃😋 …
peropero gelato 沛樂義式冰淇淋,Lexter Ng,在地嚮導 · 22 則評論 · 82 張相片,1 年前,5 顆星,嘗試了他們的鹹檸檬和發酵米櫻桃。非常好的質地和味道。在炎熱的夏天享用一頓美餐真是太好了。業主非常友好和樂於助人！花時間分享他們在該地區最喜歡的食物。嘗試了他們的大部分推薦，絕對沒有讓人失望。
peropero gelato 沛樂義式冰淇淋,Chen Amber,5 則評論 · 2 張相片,1 年前,5 顆星,"值得推薦的義式冰淇淋 口味用料到位 好吃！
很巷弄裡 但不難找"
peropero gelato 沛樂義式冰淇淋,靚芮,在地嚮導 · 58 則評論 · 176 張相片,1 年前,5 顆星,"位於瓜董西瓜汁🍉小巷子裏的義式冰淇淋
點了法芙娜可可 不甜 味道濃郁很剛好 還有可可碎片參雜其中 👍🏻
酒釀櫻桃🍒 味道濃郁香氣十足
標榜低脂 真的好吃😋 …"
peropero gelato 沛樂義式冰淇淋,Dreco,10 則評論 · 13 張相片,1 年前,5 顆星,老闆健談有趣，口味也很新奇。吃得出來真材實料的台灣水果。這次吃了 清爽的旺來田園與濃郁的抹茶花生口味
peropero gelato 沛樂義式冰淇淋,謝易霖,7 則評論 · 1 張相片,1 年前,5 顆星,"逢甲愛店再+1🥹👍
口味眾多、每天不盡相同
酒釀櫻桃真的很讚😎
來逢甲必吃！！ …"
peropero gelato 沛樂義式冰淇淋,zhu Tin,13 則評論 · 5 張相片,1 年前,5 顆星,"在逢甲小巷內隱藏的寶藏小店
真的太愛了😚🫶
有到逢甲必吃 …"
peropero gelato 沛樂義式冰淇淋,miranda,在地嚮導 · 17 則評論 · 10 張相片,1 年前,5 顆星,"藍莓起司口味實在是太好吃ㄌ🤩🤩
藍莓超級香整個好濃郁
（其他沒吃到的口味每個也都看起來很好吃🤤
而且店裡的氛圍好溫馨❤️老闆娘人也非常nice
一試成主顧😍下次一定會再來（N次）！"
peropero gelato 沛樂義式冰淇淋,Zih Tung,在地嚮導 · 36 則評論 · 37 張相片,1 年前,5 顆星,冰淇淋很好吃！今天吃蜂蜜威士忌和柳橙芭樂，第一次吃到雪酪口感的酒口味冰淇淋，很清爽好吃，口味每天都不太一樣，會想再訪🤍 …
peropero gelato 沛樂義式冰淇淋,楊依雯,11 則評論 · 9 張相片,1 年前,5 顆星,
peropero gelato 沛樂義式冰淇淋,國峰,在地嚮導 · 23 則評論 · 6 張相片,1 年前,5 顆星,隱藏在巷弄內的好吃的冰淇淋哦哦哦哦
peropero gelato 沛樂義式冰淇淋,簡廷峻,12 則評論 · 5 張相片,1 年前,5 顆星,
peropero gelato 沛樂義式冰淇淋,lo doublerich,在地嚮導 · 91 則評論 · 492 張相片,1 年前,5 顆星,好吃，雖然是在便當街裏面，但是卻是一個休息納涼吃冰的好地方，有很多獨特口味
peropero gelato 沛樂義式冰淇淋,vLvSino David,在地嚮導 · 31 則評論 · 16 張相片,1 年前,5 顆星,👍👍👍 …
peropero gelato 沛樂義式冰淇淋,賴勳逸,2 張相片,1 年前,5 顆星,
peropero gelato 沛樂義式冰淇淋,Bonnie Bonnie,在地嚮導 · 178 則評論 · 38 張相片,1 年前,5 顆星,貓咪餅乾好吃
peropero gelato 沛樂義式冰淇淋,Natcha Peechasaranont,1 張相片,1 年前,5 顆星,
peropero gelato 沛樂義式冰淇淋,nam,4 則評論 · 7 張相片,1 年前,5 顆星,👍👍 很好吃 ～ …
peropero gelato 沛樂義式冰淇淋,Lena,在地嚮導 · 20 則評論 · 15 張相片,1 年前,5 顆星,冰淇淋好吃，常常當作飯後的甜點！蘋蕉道（蘋果+香蕉）是我覺得最特別的口味，口感相較其他來說更綿。
peropero gelato 沛樂義式冰淇淋,林芷萱,在地嚮導 · 21 則評論 · 5 張相片,1 年前,5 顆星,"上次來吃過之後真的就開始期待下次來吃
（好好笑現在才留言）
店小小的但很可愛很溫馨 我很喜歡店外的這個招牌
冰淇淋口感很不錯 口味也很多 很多是外面沒看過的口味
從店到冰甚至到吃冰的湯匙都能感受到用心（冰的湯匙超可愛的 我第一次看到）
大家有機會可以轉進來巷子買冰淇淋 一定跟我一樣不會後悔ㄉ愛🥹🍦"
peropero gelato 沛樂義式冰淇淋,帶北移,在地嚮導 · 17 則評論 · 19 張相片,1 年前,5 顆星,"前幾天巧克力日點了提拉米蘇還有Oreo的雙口味
Oreo除了餅乾碎連冰淇淋本體都超級o!
非常適合我這種Oreo愛好者✨
提拉米蘇吃起來更是超級驚艷
彷彿吃到蛋糕本身
完全不是一般有簡單風味的冰淇淋
層次豐滿 咖啡香氣很濃郁
冰淇淋中也加入手指餅乾 層層堆疊
口感與層次都完美復刻了提拉米蘇

已經去吃好多次了
有好多口味都很好吃
除了提拉米蘇以外最喜歡的是開心果
堅果的香氣撲鼻 口感也超級滑順
但可惜口味賣完即輪替 希望下次還有機會可以吃到
老闆娘們都很親切可愛又好聊天
店裡小小的 只有吧台幾個位子
是一間很像小酒吧的冰淇淋店
範圍很舒適 冰淇淋也很好吃 非常推薦！"
peropero gelato 沛樂義式冰淇淋,蔡珮妤,4 則評論 · 2 張相片,1 年前,5 顆星,"提拉米蘇口味超還原！
甚至比提拉米蘇蛋糕的味道更香更濃⋯
完全不覺得自己在吃冰淇淋
連我不太吃甜品的人都超喜歡！
一定會推薦朋友去吃"
peropero gelato 沛樂義式冰淇淋,Joanne Chen,10 則評論 · 1 張相片,1 年前,5 顆星,吃了兩種口味都好喜歡，莓果雪酪清晰的酸感好消暑，但我個人更喜歡海鹽開心果，味道有讓我驚豔，以前沒吃過這種香醇的口味，列入我必點口味🥰 …
peropero gelato 沛樂義式冰淇淋,楊宗諺,8 則評論,1 年前,5 顆星,Oreo口味的冰，讚讚🤩 …
peropero gelato 沛樂義式冰淇淋,張品婕,在地嚮導 · 23 則評論 · 17 張相片,1 年前,5 顆星,"老闆娘人超好、超親切，我們坐在店內邊吃邊跟老闆娘聊天，老闆娘還請我試吃冰😍（是很清涼的口感！好像是莫西多調酒口味！超讚）
我一連好幾次去吃，我最喜歡的是開心果！真的超級無敵好吃🥹 …"
peropero gelato 沛樂義式冰淇淋,夏宇人,在地嚮導 · 86 則評論 · 41 張相片,1 年前,5 顆星,20230707世界巧克力，剛好來到這裡品味兩種的含酒的巧克力，橙酒香味搭配得宜，值得再訪
peropero gelato 沛樂義式冰淇淋,Vikash F. R.Hsu,在地嚮導 · 16 則評論 · 29 張相片,1 年前,5 顆星,鹹檸檬🍋，芒果🥭好吃 …
peropero gelato 沛樂義式冰淇淋,Miles,在地嚮導 · 26 則評論,1 年前,5 顆星,我跟我老婆來四天台中 今天是第二天 每天都會來光顧 超級好吃！ 老闆很大方！ 冰淇淋很紮實！
peropero gelato 沛樂義式冰淇淋,jean. lee,在地嚮導 · 93 則評論 · 53 張相片,1 年前,5 顆星,"非常好吃
點了起司餅乾跟鐵觀音
好濃好香好好吃！
高雄上來的
突然想吃冰
隨意找到的店 小小的店 吃了真的很驚艷 老闆也人很好讓我試吃了辣花生口味 很特別也很好吃
激推❗️"
peropero gelato 沛樂義式冰淇淋,vivi vivi,9 則評論 · 8 張相片,1 年前,5 顆星,"點了開心果跟肉桂蘋果
肉桂蘋果吃起來有梅子味 很好吃
份量滿多的"
peropero gelato 沛樂義式冰淇淋,Jenny,5 則評論,1 年前,5 顆星,好吃的冰淇淋，來了才有特製版，這是不能說的秘密㊙️。 甜筒控不能錯過好吃的甜筒🍦 …
peropero gelato 沛樂義式冰淇淋,游欣樵（Chiao）,2 則評論 · 6 張相片,1 年前,5 顆星,超好吃 推推！
peropero gelato 沛樂義式冰淇淋,cathy G,10 則評論 · 3 張相片,1 年前,5 顆星,"很喜歡鹹檸檬🍋🍋
夠酸很清爽 來不及拍照就吃完了😝 …"
peropero gelato 沛樂義式冰淇淋,yi,13 則評論 · 2 張相片,1 年前,5 顆星,"老闆娘很親切！
Gelato也很好吃！超級正宗💕 …"
peropero gelato 沛樂義式冰淇淋,蔡晉,5 則評論 · 1 張相片,1 年前,5 顆星,冰淇淋口味很多！很好吃！
peropero gelato 沛樂義式冰淇淋,Pei chi Shi,9 則評論 · 6 張相片,1 年前,5 顆星,"營業時間：下午3點-晚上10點👣
固定週四公休🍺
其餘活動及詳細資訊搜尋peropero gelato臉書，都有公佈哦！

由於每天部份冰淇淋口味都不一樣，所以來分享一下我吃到的口味，因為闆娘都會依現有的材料或當季水果來更換品項

先介紹第一碗：白雪公主+薄荷西瓜🍉

白雪公主👸
口味：蘋果香味鳳梨甜味
口感：綿密，細細品嚐是能吃出蘋果泥

薄荷西瓜🍉
口味：解暑西瓜配合薄荷提升清爽的感覺，但薄荷味不會太涼，也不會蓋過西瓜味
口感：綿密

我個人比較不喜歡太甜，但台灣的水果就是甜度爆表，真材實料，兩種水果mix起來的甜度真的香甜好吃，喜歡甜滋滋的朋友可以嘗試看看

第二碗：草莓🍓優格+全是藍莓🫐

草莓🍓優格
口味：淡淡草莓味配合優格奶酸味
口感：滑順

全是藍莓🫐
口味：真的全是滿滿的藍莓味不酸偏甜
口感：綿密，有細細的藍莓籽

冰淇淋必須加糖才能變得固體一點的口感，如果沒加糖就會像冰沙口感，所以以為會酸的口味都是偏甜，我太喜歡草莓優格所以沒拍照就吃完了😍

第三碗：檸香沙灘+鹹檸檬🍋

檸香沙灘
口味：淡淡的椰🥥香，不是椰子水味，是椰子裡面刮下來的椰肉味
口感：綿密，其實有很細的椰肉，但我吃不出來

鹹檸檬
口味：酸到很爽檸檬🍋味，但有檸檬皮苦味及鹹味
口感：綿密

鹹檸檬部份愛吃酸的我每一口吃的都很酸爽，先感受到檸檬酸味再來是檸檬皮苦味把鹹味變的合理融為一體，不敢吃酸的朋朋們，可能可以先吃朋友的再決定要不要來一整份的😆

以上為個人經驗分享，喜歡吃冰的朋朋們可以吃看看這間真材實料的義式冰淇淋店哦🧊"
peropero gelato 沛樂義式冰淇淋,Jorizel Alves,在地嚮導 · 21 則評論 · 25 張相片,1 年前,5 顆星,真是幸運的發現！我們發現這個地方的星期六非常熱，他們的冰淇淋讓一切變得更好！超好吃而且不是特別甜！這個地方很有美感，工作人員超級熱情好客💙如此優質的冰淇淋價格也很便宜🍨 …
peropero gelato 沛樂義式冰淇淋,黃阿靖,13 則評論 · 5 張相片,1 年前,5 顆星,不甜不膩的義式冰淇淋～砂糖橘及蘋蕉道很推！！
peropero gelato 沛樂義式冰淇淋,阿啾啾,在地嚮導 · 15 則評論 · 41 張相片,1 年前,5 顆星,"很好吃的gelato,最喜歡開心果跟Oreo"
peropero gelato 沛樂義式冰淇淋,chen兆,10 則評論 · 1 張相片,1 年前,5 顆星,"超棒的gelato 小店！！連怪口味都好好吃到底為什麼？...😩❤️
來南部啦拜託QQQQQQ …"
peropero gelato 沛樂義式冰淇淋,Carvven Goh,13 則評論 · 6 張相片,1 年前,5 顆星,棒
peropero gelato 沛樂義式冰淇淋,kuro1185,在地嚮導 · 72 則評論 · 54 張相片,1 年前,5 顆星,雙色葡萄很好吃！
peropero gelato 沛樂義式冰淇淋,卓琳娟,4 則評論 · 3 張相片,1 年前,5 顆星,好吃
peropero gelato 沛樂義式冰淇淋,Nien chen,在地嚮導 · 48 則評論 · 18 張相片,1 年前,5 顆星,"有義大利🇮🇹地道口味：開心果
蘭姆葡萄口味認真有酒～

每週還會特別推出特殊口味，挑戰對冰淇淋想像的極限！

需要從（瓜董）進入小巷弄，有點不好找，但有著美食雷達的人，總是能夠找到桃花源裡的小確幸～"
peropero gelato 沛樂義式冰淇淋,Cliff Chuang,1 則評論,1 年前,5 顆星,
peropero gelato 沛樂義式冰淇淋,Sunny,3 則評論 · 1 張相片,1 年前,5 顆星,"可愛的義式冰店❤️
好吃 推推～"
peropero gelato 沛樂義式冰淇淋,jojo hsieh,在地嚮導 · 104 則評論 · 145 張相片,1 年前,5 顆星,"小巷裡面的冰淇淋店，吃了一口驚為天人！直接吃三杯，本來晚餐要吃三杯雞變成三杯冰。
用料實在，甜度適中。難得吃到這麼好吃的冰淇淋🍦，好希望北部也有分店喔🥹
聲音低沈親切的闆娘長得像林辰唏😆。
我心中目前第一名：李子。
第二名：百香果。
期待下次去能吃到桑椹口味～"
peropero gelato 沛樂義式冰淇淋,粘頤誠,在地嚮導 · 75 則評論 · 40 張相片,1 年前,5 顆星,"分享在逢甲巷內的隱藏小店

""peropero gelato""
義式冰淇淋店

義式冰淇淋的特色是用鮮乳坊鮮奶取代奶油

所以入口超級綿密，味道濃郁又不失清爽

這次來點了法芙娜巧克力、開心果、白雪公主都好吃

尤其是開心果，經典義式口味但台灣很少見

老闆說因為成本太高，一般的店都不會賣

有別於正統義式冰淇淋的死甜

老闆也針對台灣人口味調整a.k.a不會太甜

沒去過義大利，至少要吃過開心果口味的義式冰淇淋

""peropero gelato""在逢甲鬧中取靜的小巷裡，

而且還有冷氣座位，在炎炎夏日逛累了

在這裡位子一坐、冷氣一吹、冰一點暑氣全消

可惜就是位置略顯偏僻，幫忙宣傳一波

來逢甲時千萬不要錯過"
peropero gelato 沛樂義式冰淇淋,陳宗男,"在地嚮導 · 7 則評論 · 1,021 張相片",1 年前,5 顆星,神秘的巷仔內
peropero gelato 沛樂義式冰淇淋,陳孟,在地嚮導 · 22 則評論 · 8 張相片,1 年前,5 顆星,"台中非常好吃的義式冰淇淋🍨
鹹檸檬、桑葚、巧克力口味超級好吃！
吃了台中多間gelato吃到後面都會膩掉🥲
Peropero完全不會！來逢甲必來訪
希望之後可以出外帶盒組～用荷包下架冰淇淋🤤🤤🤤"
peropero gelato 沛樂義式冰淇淋,Sabina Lin,在地嚮導 · 67 則評論 · 25 張相片,1 年前,5 顆星,開心果和蘋蕉道好好吃🤩 …
peropero gelato 沛樂義式冰淇淋,Larry,在地嚮導 · 16 則評論 · 31 張相片,1 年前,5 顆星,橙子伯爵好吃~
peropero gelato 沛樂義式冰淇淋,Liao YT,7 則評論 · 24 張相片,1 年前,5 顆星,激推白醬焗烤口味，新品種的冰淇淋❤️
peropero gelato 沛樂義式冰淇淋,DEE,在地嚮導 · 27 則評論 · 54 張相片,1 年前,5 顆星,"來吃過兩次了！
第一次吃開心果
第二次點香草榛果
都超香濃好吃😋
用料實在的義式冰淇淋"
peropero gelato 沛樂義式冰淇淋,阿文,在地嚮導 · 17 則評論 · 108 張相片,1 年前,5 顆星,
peropero gelato 沛樂義式冰淇淋,Dou Lin,3 則評論 · 3 張相片,1 年前,5 顆星,口味豐富真材實料～實在好吃耶～
peropero gelato 沛樂義式冰淇淋,muling shen,在地嚮導 · 14 則評論 · 4 張相片,1 年前,5 顆星,
peropero gelato 沛樂義式冰淇淋,shengyi fu,8 則評論 · 5 張相片,1 年前,5 顆星,"蘋蕉道超好吃 逢甲必吃義式冰淇淋🥹
地點比較隱密  直接差點迷路  瓜董彎進來就看到了💁‍♂️ …"
peropero gelato 沛樂義式冰淇淋,張皓鈞,2 則評論,1 年前,5 顆星,水好吃
peropero gelato 沛樂義式冰淇淋,YU FANG LIN,1 則評論 · 2 張相片,1 年前,5 顆星,"好吃～～鹹檸檬 清爽酸甜 好適合夏天！
甜橙伯爵也不錯！香甜的橙子味很足！"
peropero gelato 沛樂義式冰淇淋,Pei-ni Tsai,9 則評論 · 7 張相片,1 年前,5 顆星,"在逢甲一個神秘的地方🐈
日式風格設計的義式手作冰淇淋🍦
鹹檸檬🍋
伯爵柳橙🍊
桑椹
開心果
法芙娜巧克力🍫
天然 無添加任何化學成份
推推推 消暑解渴 👍🏻👍🏻👍🏻"
peropero gelato 沛樂義式冰淇淋,Peko Wang,在地嚮導 · 18 則評論 · 3 張相片,1 年前,5 顆星,😋😋😋好吃的義式冰淇淋🍦🍦🍦 …
peropero gelato 沛樂義式冰淇淋,Yi hsiu Wang,8 則評論 · 7 張相片,1 年前,5 顆星,"極推開心果口味，每個口味都料好實在!!
可愛的小店~"
peropero gelato 沛樂義式冰淇淋,小橋哞,10 則評論 · 2 張相片,1 年前,5 顆星,"冰淇淋好好吃，餅乾甜筒很脆~
開心果和蘭姆葡萄口味大推!!!
真材實料的好味道!"
peropero gelato 沛樂義式冰淇淋,建豐曾,5 則評論 · 1 張相片,1 年前,5 顆星,太讚了
peropero gelato 沛樂義式冰淇淋,黃政遠,5 則評論,1 年前,5 顆星,"開心果有夠讚
帶點茶味跟堅果香 不吃太甜的人點這個🔥
香蕉蘋果 果香氣很足 而且又不死甜 …"
peropero gelato 沛樂義式冰淇淋,張凱媛,8 則評論 · 1 張相片,1 年前,5 顆星,"推推 蘭姆葡萄乾很好吃！
甜而不膩  重點真的有酒味就是讚啦😖 …"
peropero gelato 沛樂義式冰淇淋,張chuchu,在地嚮導 · 13 則評論 · 12 張相片,1 年前,5 顆星,"開心果敲好吃😋
店很可愛☺️

Pero，舔👅"
peropero gelato 沛樂義式冰淇淋,James Chang,在地嚮導 · 12 則評論 · 13 張相片,1 年前,5 顆星,"鹹檸檬搭配香蕉蘋果
再熱的天氣都很順口"
小胖薏仁湯,Jamie Kuo,在地嚮導 · 16 則評論 · 106 張相片,1 週前,5 顆星,"最愛紅豆薏仁蓮子湯 冬天吃熱的 夏天吃冷的 冷熱都超級好吃🤤🤤 不會甜膩口感好 很綿密
沒有一次雷過！料也超多超豐富的！價格也非常合理 不會像是一般連鎖這三種料加起來都超貴～
下班後來逢甲一趟看到燈還亮著就會趕緊去買！老闆人很好👍👍"
小胖薏仁湯,Joy Huang,在地嚮導 · 47 則評論 · 17 張相片,1 個月前,5 顆星,豆花加薏仁、綠豆超級讚
小胖薏仁湯,Nara Cai,在地嚮導 · 61 則評論 · 71 張相片,1 個月前,1 顆星,"花生豆花湯沒有什麼味道
但沒想到等快吃完的時候
發現這個壞掉的花生….
吃完肚子非常痛也很想吐
個人覺得食材新鮮安全比服務態度更嚴重
以後不敢再消費了"
小胖薏仁湯,Liu Alex,在地嚮導 · 13 則評論 · 10 張相片,2 個月前,3 顆星,
小胖薏仁湯,體驗人生,"在地嚮導 · 945 則評論 · 7,249 張相片",2 個月前,3 顆星,花生豆花還算不錯，便宜又大碗！在天氣冷時，來上一碗，還真是讓人感覺暖活！
小胖薏仁湯,Akina Lin,在地嚮導 · 60 則評論 · 53 張相片,3 個月前,1 顆星,
小胖薏仁湯,weiwei Shih,在地嚮導 · 166 則評論 · 309 張相片,3 個月前,5 顆星,這家店應該開超過15年有了吧。夏天來吃刨冰，冬天來吃豆花或湯圓。不變的就是料很新鮮。住逢甲商圈附近，很喜歡這間。
小胖薏仁湯,Jed Sun,在地嚮導 · 22 則評論 · 37 張相片,3 個月前,5 顆星,懂嗎？ 就是沒辦法讓你看到碗內的食物。 來逢甲必吃平民美食！
小胖薏仁湯,cat dazzling,在地嚮導 · 23 則評論 · 2 張相片,3 個月前,5 顆星,好吃 比例剛剛好 豆花很嫩
小胖薏仁湯,Judy Luo,在地嚮導 · 21 則評論 · 6 張相片,3 個月前,5 顆星,珍珠紅豆湯好喝 冬天經過都一定會買
小胖薏仁湯,兩菁,在地嚮導 · 49 則評論 · 58 張相片,3 個月前,5 顆星,超好吃 燒仙草+豆花很棒  吃好幾次了 老闆很nice
小胖薏仁湯,ERIC CHEN,在地嚮導 · 26 則評論 · 12 張相片,4 個月前,1 顆星,花生湯非常稀，根本是花生加湯水調成，紅豆湯也非常稀，還沒幾顆，八寶粥都比他好吃。
小胖薏仁湯,Evonne Wang,3 則評論,4 個月前,5 顆星,紅頭芋圓湯好喝
小胖薏仁湯,Sharon Chen,"在地嚮導 · 1,055 則評論 · 5,779 張相片",4 個月前,3 顆星,價格親民 味道偏淡
小胖薏仁湯,台中IU,"在地嚮導 · 655 則評論 · 1,677 張相片",4 個月前,5 顆星,"便宜
🉑 …"
小胖薏仁湯,en zhuo wang,在地嚮導 · 21 則評論 · 11 張相片,4 個月前,5 顆星,"路過買了一碗花生豆花意外超好吃
豆花入口即化花生雖然偏少
但35元而已真的超值
老闆看起來不擅言詞但真的也沒感覺態度差"
小胖薏仁湯,yw c,9 則評論 · 7 張相片,5 個月前,5 顆星,
小胖薏仁湯,Renee,在地嚮導 · 29 則評論 · 9 張相片,5 個月前,5 顆星,"東西好吃料好實在每天必買非常棒的店家
重點價位便宜大推"
小胖薏仁湯,林菜肉,1 則評論,7 個月前,1 顆星,
小胖薏仁湯,歐尼,33 則評論,8 個月前,1 顆星,"看也沒很多人動作就很慢 問他要很久嗎 根本不回
態度差的要命 也沒比較好吃"
小胖薏仁湯,Music Art,"在地嚮導 · 399 則評論 · 1,254 張相片",8 個月前,3 顆星,112年，五種冰從35元，吃到現在60元，只能說台灣什麼都漲，只有薪水不漲，113年綜合豆花又漲5元，現在是45元
小胖薏仁湯,瑞秋,在地嚮導 · 41 則評論 · 12 張相片,8 個月前,1 顆星,態度有夠差，都說了是綜合豆花，他講了一堆什麼綠豆、紅豆、花生，我請他再講一次他ㄧ附妳白癡嗎的表情看人，我才傻眼吧～一般外面豆花都可以選配料，你配料冰櫃上面又沒有貼是買ㄘㄨㄚ冰才有的，態度在差什麼？而且你戴口罩講話跟含滷蛋一樣還要怪別人聽不清楚？不爽做生意包一包回家欸，爛店不會再來，有夠難溝通
小胖薏仁湯,Trisa Y,在地嚮導 · 88 則評論 · 123 張相片,9 個月前,3 顆星,"不太確定這個豆花是不是手工的，但蓮子我覺得不是新鮮蓮子煮的，口感更像是乾貨泡開的🤔

不會難吃，覺得🉑 …"
小胖薏仁湯,Monica Lu,在地嚮導 · 20 則評論 · 12 張相片,9 個月前,5 顆星,點了一碗粉圓花生豆花，粉圓意外的好吃，ㄧ碗$45，好吃！（吃完才想到忘了拍照）
小胖薏仁湯,Qi Qi,在地嚮導 · 68 則評論 · 37 張相片,9 個月前,5 顆星,"非常推薦🌟
紅豆芋頭牛奶冰或是綠豆薏仁蓮子湯都是我常點的。用料非常實在😋 …"
小胖薏仁湯,Chen Chen,在地嚮導 · 21 則評論 · 3 張相片,10 個月前,5 顆星,"豆花六種料才45塊 也太便宜了吧～  物超所值
CP值超高"
小胖薏仁湯,Lily,在地嚮導 · 17 則評論 · 8 張相片,10 個月前,5 顆星,"綜合豆花好吃😋
豆花本人很綿很香 …"
小胖薏仁湯,詹雅淳,8 則評論 · 5 張相片,11 個月前,5 顆星,
小胖薏仁湯,Yuehchin Lin,"在地嚮導 · 1,807 則評論 · 9,608 張相片",11 個月前,5 顆星,"深夜還有豆花吃
品項眾多讓人有選擇困難"
小胖薏仁湯,Elat Li,在地嚮導 · 164 則評論 · 843 張相片,1 年前,5 顆星,好食＾＾
小胖薏仁湯,蘇（妞）,在地嚮導 · 764 則評論 · 716 張相片,1 年前,5 顆星,好吃😋久久吃一次還不錯 …
小胖薏仁湯,erica,"在地嚮導 · 77 則評論 · 1,985 張相片",1 年前,5 顆星,
小胖薏仁湯,涼,在地嚮導 · 24 則評論 · 14 張相片,1 年前,5 顆星,原本以為口味是包在湯圓裡面的，結果是加在湯裡，有點意外，但整體好吃，適合冬天當宵夜😋😋 …
小胖薏仁湯,劉瑩香,,1 年前,5 顆星,
小胖薏仁湯,使用者名稱,"在地嚮導 · 457 則評論 · 1,582 張相片",1 年前,5 顆星,"老闆一直以來都話少
不擅長社交 大家沒必要這樣嚴格吧
是誰規定服務業一定要熱情活潑"
小胖薏仁湯,孟昭坊,7 則評論 · 1 張相片,1 年前,5 顆星,今天剛好路過，點了一碗紅豆豆花$35，因為太濃稠了，一舀起來，不小心打翻了，老闆態度很好，馬上幫我把桌面清理乾淨，真是不好意思！大大的給老闆100個讚👍，又重新點了一碗，吃起來，是真正紅豆熬煮，不是糖水另外加上紅豆。紅豆綿密，豆花軟嫩，甜度適中，真材實料，好吃😋 …
小胖薏仁湯,何匿名,在地嚮導 · 78 則評論 · 66 張相片,1 年前,5 顆星,好喝的紅豆湯
小胖薏仁湯,vese0420,在地嚮導 · 39 則評論 · 81 張相片,1 年前,5 顆星,薏仁湯濃郁好喝，綠豆豆花也不錯，二碗70👍 …
小胖薏仁湯,吕welin,2 則評論 · 1 張相片,1 年前,1 顆星,點外送花生湯，裡面的花生只有一點點，其他都是水，太坑了
小胖薏仁湯,vivian chang,"在地嚮導 · 433 則評論 · 7,116 張相片",1 年前,5 顆星,"從大學吃到現在的好味道；平價實在！
黑糖是老闆熬煮，健康自然香甜！
銀耳蓮子、布丁系列、薏仁花生豆花都還是好喜歡！
薏仁豆花一碗$35 ，銀耳蓮子一碗$50；都是滿滿的料，還有什麼好挑剔的呢🙌💕 …"
小胖薏仁湯,TY,在地嚮導 · 51 則評論 · 26 張相片,1 年前,5 顆星,CP值👍 …
小胖薏仁湯,葉綠體,在地嚮導 · 26 則評論 · 8 張相片,1 年前,4 顆星,"帶回家馬上吃 但整塊結塊了 不好吃不好喝
老闆態度也蠻冷淡的"
小胖薏仁湯,巫柏頡,在地嚮導 · 21 則評論 · 3 張相片,1 年前,5 顆星,"我覺得蠻便宜的而且又很好吃
大推特推👍👍👍👍 …"
小胖薏仁湯,RedBean Hung,6 則評論 · 2 張相片,1 年前,1 顆星,好吃但態度很差 還是推薦來吃
小胖薏仁湯,Y.C Chung,在地嚮導 · 36 則評論 · 20 張相片,1 年前,5 顆星,"很   好   吃！
老闆雖然面無表情，但是豆花跟薏仁都超級好吃，豆花有豆香味，是傳統豆花的綿密口感；薏仁湯甜度剛好，有薏仁清香，夏天吃很消暑"
小胖薏仁湯,劉小姐,6 則評論 · 1 張相片,1 年前,3 顆星,
小胖薏仁湯,Silda,在地嚮導 · 29 則評論 · 1 張相片,1 年前,5 顆星,真的好好吃～～推薦銀耳豆花+蓮子蒟蒻都好好吃！豆花很綿密，銀耳脆口，四樣60$飽腹感很強！之前冬季也吃過他的芋圓，裏面是包心的，好好吃🥺 …
小胖薏仁湯,卡卡,在地嚮導 · 135 則評論 · 272 張相片,1 年前,3 顆星,喜歡它大顆芋圓有包內餡，花生芋圓甜湯$50價格公道👍但花生稍嫌不爛、點冰的完全不冰，有些美中不足的望 …
小胖薏仁湯,Maggie C,在地嚮導 · 8 則評論 · 898 張相片,2 年前,5 顆星,料好實在😋 …
小胖薏仁湯,啟功,在地嚮導 · 161 則評論 · 18 張相片,2 年前,5 顆星,從高中時期吃到現在的好味道
小胖薏仁湯,yuki chen,在地嚮導 · 14 則評論 · 20 張相片,2 年前,5 顆星,料多實在，推薦
小胖薏仁湯,Yeh Chan Pan,"在地嚮導 · 392 則評論 · 1,653 張相片",2 年前,4 顆星,不錯，燒仙草才35元，天冷很快會變果凍，料有珍珠大豆綠豆附花生米。
小胖薏仁湯,Peng,在地嚮導 · 124 則評論 · 133 張相片,2 年前,5 顆星,"芋圓裡面有包地瓜很香
紅豆湯不會太甜"
小胖薏仁湯,Vita Wen,在地嚮導 · 81 則評論 · 305 張相片,2 年前,5 顆星,這家薏仁系列超級好喝！
小胖薏仁湯,佳玫,在地嚮導 · 70 則評論 · 747 張相片,2 年前,5 顆星,
小胖薏仁湯,JuMi ZHENG,在地嚮導 · 27 則評論 · 62 張相片,2 年前,5 顆星,便宜料多實在，熱的時候來一碗冰涼豆花，超讚！！
小胖薏仁湯,ab0932505103,在地嚮導 · 97 則評論 · 186 張相片,2 年前,5 顆星,好吃，實在，便宜，20-30年。
小胖薏仁湯,ZH,在地嚮導 · 159 則評論 · 163 張相片,2 年前,4 顆星,"中規中舉
份量充足"
小胖薏仁湯,黃釧儀,在地嚮導 · 51 則評論 · 127 張相片,2 年前,4 顆星,燒仙草真材實料，有附脆花生，對得起這碗的價值
小胖薏仁湯,Lim Evily,9 則評論 · 4 張相片,2 年前,5 顆星,
小胖薏仁湯,黃以加,在地嚮導 · 34 則評論 · 77 張相片,2 年前,5 顆星,"燒仙草好吃，有另外附加花生。
料有綠豆、大豆、粉圓。"
小胖薏仁湯,John Chen,"在地嚮導 · 96 則評論 · 2,399 張相片",2 年前,4 顆星,
小胖薏仁湯,李彥辰,在地嚮導 · 15 則評論 · 8 張相片,2 年前,5 顆星,豆花cp值高，花生非常好吃入味，會再光顧
小胖薏仁湯,Zac,5 則評論 · 2 張相片,2 年前,1 顆星,態度差
小胖薏仁湯,Shaniya Huang,"在地嚮導 · 179 則評論 · 1,501 張相片",2 年前,4 顆星,豆花很嫩，好吃
小胖薏仁湯,陳銘雄,在地嚮導 · 7 則評論 · 16 張相片,2 年前,5 顆星,
小胖薏仁湯,李敏誌,5 則評論 · 1 張相片,2 年前,1 顆星,
小胖薏仁湯,Staci Yang,在地嚮導 · 208 則評論 · 46 張相片,2 年前,5 顆星,好吃好吃好吃！
小胖薏仁湯,蛋寶,16 則評論 · 3 張相片,2 年前,1 顆星,"明明冰箱上面貼著任選五種$50，我買了2碗只選了3種料
老闆自己做錯其中一碗，我接收了他誤植的餐點～
總共是買了3碗都是3種料，應該是$150吧！
面癱老闆居然收我$160⋯
基於我後面有3個人在排隊，我就不跟老闆爭論那$10了，希望老闆做生意要憑良心收錢！"
小胖薏仁湯,Heavia Wu,在地嚮導 · 219 則評論 · 351 張相片,2 年前,5 顆星,小胖老闆雖然是面癱，但不影響豆花不變的好味道，從小吃到大，價格一舊便宜完全佛心
小胖薏仁湯,"Narin Stafford Texas and Taiwan,",在地嚮導 · 137 則評論 · 749 張相片,3 年前,5 顆星,逢甲商圈這家甜品算是便宜優惠的了，中午就有營業，當然路過要來嚐鮮一下，今天吃的是花生豆花，甜度適中，花生🥜也超軟爛的，很好吃，喜歡吃軟爛花生別錯過呀！ …
小胖薏仁湯,Cindy lin,在地嚮導 · 100 則評論 · 513 張相片,3 年前,3 顆星,料越來越少，可以久久吃一次
小胖薏仁湯,喬安姊姊 JoAn,在地嚮導 · 127 則評論 · 53 張相片,3 年前,1 顆星,燒仙草能備註 但不給換料，不給換料就算了 來的內容物也與平台上的內容物不一樣，為什麼店家可以自己換料 ？   燒仙草裡還有一根長長的頭髮 ，點了第二次 燒仙草還是不熱 送來都在吃仙草凍
小胖薏仁湯,洪青華,"在地嚮導 · 231 則評論 · 2,023 張相片",3 年前,5 顆星,小胖薏仁湯好吃、便宜、豆花+湯圓+花生50元、豆花+花生35元、甜度剛好、吃過之後到逢甲商圈就會再去、小胖不愛理人但不代表人不好也不是東西不好吃的🤣！ …
小胖薏仁湯,LK,在地嚮導 · 51 則評論 · 3 張相片,3 年前,1 顆星,老闆態度極差無比（特別是留絡腮鬍的那個）除了態度以外 買回來的燒仙草跟水一樣 根本就沒味道 根本偷工減料到一個極致 人品就算了 食物也請做的能吃點行嗎？
小胖薏仁湯,Tommy Yu,在地嚮導 · 27 則評論,3 年前,3 顆星,東西普普，小胖老闆感覺不太愛理人
小胖薏仁湯,chang,在地嚮導 · 28 則評論 · 3 張相片,3 年前,1 顆星,"這位小胖老闆你怎麼了？
做生意態度那麽差！
各位客官要來這裡消費請先做好接受老闆不屑的態度心裡準備，真的讓我大開眼界。"
小胖薏仁湯,Ellie Huang,在地嚮導 · 18 則評論 · 3 張相片,3 年前,4 顆星,"雖然老闆不太理人
但是食物好吃 而且客人也不少"
小胖薏仁湯,陳瑞成,2 則評論 · 2 張相片,3 年前,4 顆星,用心煮的綠豆意仁湯口味真是棒
小胖薏仁湯,hui-fen ying,在地嚮導 · 22 則評論 · 13 張相片,3 年前,5 顆星,算是用心煮的薏仁湯和綠豆湯，經營多年，價錢不貴。最主要是味道好。軟爛不膩，甜度適中，湯和料的份量配置剛剛好。
小胖薏仁湯,陳柏廷,11 則評論,3 年前,5 顆星,純薏仁湯~~推
小胖薏仁湯,彭晟瑋,11 則評論 · 2 張相片,3 年前,5 顆星,
小胖薏仁湯,Z,"在地嚮導 · 251 則評論 · 2,000 張相片",4 年前,5 顆星,雖然沒有喝過 但看起來非常好喝 人潮絡繹不絕 人聲鼎沸 真的是一家好店 老闆看起來很好
小胖薏仁湯,魷魚絲,在地嚮導 · 93 則評論 · 411 張相片,4 年前,4 顆星,
小胖薏仁湯,可可,在地嚮導 · 110 則評論 · 135 張相片,4 年前,5 顆星,"便宜又好吃😋
蠻傳統的 …"
小胖薏仁湯,Weichi Chen,在地嚮導 · 331 則評論 · 772 張相片,4 年前,4 顆星,好吃😋不會太甜～ …
小胖薏仁湯,黃郁杏,在地嚮導 · 33 則評論 · 2 張相片,4 年前,2 顆星,態度不太okay
小胖薏仁湯,yah1003 yah,5 則評論 · 1 張相片,4 年前,1 顆星,"同意下面那位, 這家cp值真的不高, 叫了一碗花生蓮子湯, 整碗花生跟蓮子只有大概不到1/6, 其餘都是湯.

服務態度不錯, 只是想吃個花生蓮子湯, 結果喝了一肚子糖水!"
小胖薏仁湯,樂樂,16 則評論 · 1 張相片,4 年前,1 顆星,"東西不好吃
態度極度差
彷彿欠他錢一樣"
小胖薏仁湯,西施乖乖站起來,在地嚮導 · 208 則評論 · 673 張相片,4 年前,4 顆星,東西cp值較不高，味道上還不錯，湯圓現煮要五分鐘，但等待是值得的，店員服務上還蠻「率性」的這樣😅 …
小胖薏仁湯,Irene Chang,16 則評論 · 4 張相片,4 年前,5 顆星,紅豆芋圓湯現煮真的好好吃
小胖薏仁湯,王婕琳,4 則評論,4 年前,5 顆星,"店員很親切服務態度很好👍
燒仙草超級好吃 硬花生很讚 …"
小胖薏仁湯,甫諠,3 則評論 · 2 張相片,4 年前,1 顆星,"規定我只能選擇離他近的料
態度超差
講話非常不客氣
下次絕不會再來！"
小胖薏仁湯,Q love,29 則評論 · 2 張相片,4 年前,1 顆星,衛生糟糕桌面不整理還黏踢踢一堆螞蟻，那個身材超好超魁梧的老闆態度不好溝通有困難，料少又比外面貴！建議不要來吃！吃了會後悔！身材超好的老闆態度很差很差很差！我猜他連1數到10都困難！
小胖薏仁湯,Fay,在地嚮導 · 251 則評論 · 283 張相片,4 年前,1 顆星,料少又貴 買50用35的碗裝，沒什麼人也要等老半天
