餐廳名稱,留言者,留言者身分,留言時間,星級評等,評論內容
全壘打牛排武聖店,莊程皓,324 則評論 · 207 張相片,2 週前,4 顆星,"牛排中規中矩
不過濃湯真的不錯喝，加上胡椒更讚了
內用位置蠻多的不用擔心沒位置"
全壘打牛排武聖店,王有沁,8 則評論 · 1 張相片,1 個月前,1 顆星,"爛店，員工
素質差"
全壘打牛排武聖店,洪柏銘,9 則評論 · 7 張相片,1 個月前,1 顆星,"我在貴店用餐，雞排、雞腿排肉吃起來不錯，但是直接在客人面前抽菸
我跟我女友臉上都是你的煙味
紅茶也有一股酸味，以後不會再來了"
全壘打牛排武聖店,gn Lee,在地嚮導 · 37 則評論 · 10 張相片,1 個月前,5 顆星,"口味尚可 一份80元有蛋有濃湯有餐包還要被抽手續費
原本以為送來會是小的那種便當盒 結果那個麵量夠我吃兩餐沒問題 食量小的說不定還能分三餐🥲"
全壘打牛排武聖店,羅婷萱,在地嚮導 · 23 則評論 · 9 張相片,2 個月前,1 顆星,"餐點需要花時間等待，因為隔壁桌(比我們晚來的)跟店員反應等了很久了，結果就優先上他們的餐點，感受很差……

建議人潮多時，可以先跟客人告知餐點需等候"
全壘打牛排武聖店,Q毛ㄟ阿政,在地嚮導 · 24 則評論 · 2 張相片,2 個月前,1 顆星,"出餐超慢，還有比我晚來2桌的都快吃完了，我們的才來。

1片薄薄的組合肉+白麵+蛋=150$"
全壘打牛排武聖店,吳先逸,在地嚮導 · 151 則評論 · 371 張相片,2 個月前,1 顆星,"這個味道不是印象中的全壘打
黑胡椒不像黑胡椒
蘑菇不像蘑菇
白麵條就是白麵條
放在一起就是不好吃👎
只有濃湯可以喝而已
剩下的真的…
好失望"
全壘打牛排武聖店,希兒,在地嚮導 · 21 則評論,2 個月前,1 顆星,很忙餐點很慢就算了，比我晚來的客人都吃飽離開很久了，餐點還沒來，問了兩次都說在做了，最後等了四十幾分鐘等不下去打算走了才說已經做好了要上餐了，厚片豬排是重組肉，沒味道又難咬，非常難吃，過年吃飯吃的一肚子氣
全壘打牛排武聖店,Cher Yu,在地嚮導 · 114 則評論 · 10 張相片,2 個月前,1 顆星,
全壘打牛排武聖店,yan Yan,在地嚮導 · 118 則評論 · 49 張相片,3 個月前,1 顆星,"比我們晚來的都已經上了，還要上前去問才發現忘記做（？
以前來武聖就有看到這間，以往都是吃巧虎，想說今天來吃看看，第一次就有不好的感受…"
全壘打牛排武聖店,AP 張 (ABY),5 則評論,3 個月前,1 顆星,餐點很久就算了 蛋散掉還完全沒熟 鐵板也不熱 問老闆沒熟這樣怎麼吃？ 老闆說就這樣吃啊  還有蛋殼跟老闆反應後 又拿一顆煎到焦掉的 吃完肚子也很不舒服 離開時看到客人用餐完的餐具都放在水溝上 …不予置評
全壘打牛排武聖店,文凱,在地嚮導 · 44 則評論 · 8 張相片,4 個月前,1 顆星,
全壘打牛排武聖店,議寬,1 則評論,4 個月前,1 顆星,
全壘打牛排武聖店,222ff Xue,在地嚮導 · 35 則評論 · 19 張相片,4 個月前,1 顆星,"雖然說夜市牛排一份也才不到兩百，口味的部分就不多說什麼，但是鐵盤一送上來就是冷的真的很誇張，上面的蛋從開動前到用餐完畢後至少15分鐘過了，蛋還是如照片上（用餐完畢後拍的）一樣很明顯蛋白沒有熟，整個蛋就像水一樣真的不敢吃欸⋯
再說一次
鐵盤一送上來就是冷的 真的很誇張！！！！！
不奢望店家看到，但至少客人們 自己避雷‼️"
全壘打牛排武聖店,林致炫,2 則評論,4 個月前,5 顆星,很久之前就來過一次了，覺得服務態度沒有很好，今天晚上來特地點了一份店裡最貴的菲力牛排，5分熟度剛剛好，煎台師傅人服務態度也很好，跟以前差很多，一個人大概150～250就能吃飽了，下次還會再來。
全壘打牛排武聖店,YU CHIA,在地嚮導 · 52 則評論 · 57 張相片,4 個月前,1 顆星,出餐有夠慢等了30分鐘，比我們慢來的客人餐都吃完了都還沒有來，實在有夠誇張。也沒來解釋什麼都沒有就算了，我還期待品質能多好….結果！蛋沒熟、麵沒醬！鐵板還有水殘留！活這麼久第一次吃到這麼難吃的雞腿排！不要被人潮騙了！看看評論再來考慮要不要吃！
全壘打牛排武聖店,黃偉銘,在地嚮導 · 194 則評論 · 138 張相片,4 個月前,4 顆星,CP值尚可的牛排店
全壘打牛排武聖店,林道火燒厝,12 則評論 · 2 張相片,5 個月前,1 顆星,第一次在夜市吃到這麼雷的牛排，點餐過了30分鐘想說怎麼都還沒上，詢問發現還沒做，餐點來了鐵板都沒有吱吱響明顯就是冷掉了，180元的無骨牛小排就是兩片又薄又硬的肉，跟130元的牛排吃起來一樣，笑死。果然3.3顆星是真的！
全壘打牛排武聖店,陳建宏,4 則評論 · 1 張相片,5 個月前,1 顆星,
全壘打牛排武聖店,廖牧花,1 則評論,5 個月前,1 顆星,
全壘打牛排武聖店,塵埃lkk值,6 則評論,5 個月前,1 顆星,等了超久詢問才發現忘記做有夠傻眼～
全壘打牛排武聖店,林杰勳,在地嚮導 · 14 則評論 · 4 張相片,6 個月前,1 顆星,
全壘打牛排武聖店,Antony C.,"在地嚮導 · 603 則評論 · 5,660 張相片",6 個月前,1 顆星,我住附近二年多了，走路三分鐘可以到，武聖夜市也算每週必逛，但我很少吃夜市的這種牛排豬排店，今天想說給他個機會，首次光顧，哎呀一吃不得了，google嚮導經營這麼久以來，我很少在google上給餐廳三星以下的，不信可以看我個人紀錄，九星嚮導不會亂評，，麵條就是清水燙熟，雞腿排就是煎到熟，根本沒味道，厲害的是綜合醬，也吃不出是甜的是鹹，還以為我味覺喪失？喝了杯死甜的紅茶才確認不是我味覺問題，總得來說不算好吃，不是在享受夜市美食，$150我寧願去買其他小吃湊一湊果腹
全壘打牛排武聖店,楊景文,8 則評論,8 個月前,1 顆星,本人於8/6 19:05外帶牛排然後加麵，外帶後回來明明要求蘑菇醬 開啟連個醬都沒有 是要怎麼吃啦
全壘打牛排武聖店,Lucas,"在地嚮導 · 43 則評論 · 8,249 張相片",8 個月前,4 顆星,
全壘打牛排武聖店,Lucas KUO,"在地嚮導 · 53 則評論 · 10,383 張相片",8 個月前,4 顆星,
全壘打牛排武聖店,Ee庫內,1 則評論 · 1 張相片,9 個月前,1 顆星,歡迎大家來吃，衛生超級好，食物絕對沒有科技與狠活，服務態度很好，等40分鐘就可以等到你的餐點了，我個人覺得非常快，我點的是雞排，推薦大家試試
全壘打牛排武聖店,高,4 則評論 · 1 張相片,9 個月前,1 顆星,
全壘打牛排武聖店,Joanna M,在地嚮導 · 317 則評論 · 630 張相片,10 個月前,4 顆星,假日人潮真的非常多 記得在門口先喊幾位 有濃湯跟紅茶自取喝到飽 牛排130也合理
全壘打牛排武聖店,鄭立謙,5 則評論,10 個月前,5 顆星,讚
全壘打牛排武聖店,1974年第一次在東南亞打自由搏擊,在地嚮導 · 48 則評論 · 120 張相片,10 個月前,5 顆星,好吃
全壘打牛排武聖店,7 7,6 則評論 · 1 張相片,11 個月前,1 顆星,"昨天打電話去點了一個豬排三個牛排外帶自取
我說我兩個牛排一個豬排， 麵換飯！
店員還有跟我複誦一次！
結果拿完回來打開看！只有豬排有換飯
其他兩個牛排內容物只有：兩顆蛋、肉、醬汁！啊飯呢？？？？？ 肉還有很重的油耗味

原本要吃別間，但是想說你們這間可以換飯所以選擇吃！結果傻眼🙄
一次店！"
全壘打牛排武聖店,張若蘭,在地嚮導 · 93 則評論 · 20 張相片,11 個月前,4 顆星,
全壘打牛排武聖店,柑仔店,3 則評論 · 2 張相片,11 個月前,1 顆星,"逛夜市看到的牛排店，，一吃才知道是大雷區！

豬肉排（片）又乾又柴。

雞腿排 又乾又柴。

列為 “美食黑名單”"
全壘打牛排武聖店,漫（慢人）,145 則評論 · 556 張相片,1 年前,2 顆星,"這個雞排又乾又柴
少數能被我記得吃起來如何的雞排
還有就是都吃完要離場了
玉米濃湯依舊空鍋"
全壘打牛排武聖店,柯居福,在地嚮導 · 23 則評論 · 74 張相片,1 年前,5 顆星,好吃，可免費加麵，玉米濃湯，跟飲料都吃到飽
全壘打牛排武聖店,廖紫妘,9 則評論 · 3 張相片,1 年前,1 顆星,現在用重組肉都不演了，成本這麼低，醬料味道也很淡，第一次吃到這麼不好吃的夜市牛排跟鐵板麵🫠 濃湯還可以😌
全壘打牛排武聖店,Alice baby,2 則評論,1 年前,1 顆星,餐點遲遲沒出詢問兩次，反被嗆為什麼客人自己沒提醒？！
全壘打牛排武聖店,Octavia Hung,11 則評論 · 5 張相片,1 年前,1 顆星,"等20分鐘，桌子是斜的，鐵板麵上桌有兩條在桌上，說一聲不好意思就走了！？
辛苦了☺️"
全壘打牛排武聖店,李承漢,7 則評論,1 年前,5 顆星,
全壘打牛排武聖店,比比,在地嚮導 · 16 則評論 · 5 張相片,1 年前,1 顆星,"在武聖夜市煎牛排那個胖胖的男生（下嘴唇有痣）
態度極差 滿嘴髒話 還時不時對旁邊點餐的阿姨說
是不是耳聾？ …"
全壘打牛排武聖店,ting lin,7 則評論,1 年前,1 顆星,餐點不錯，夜市有些服務人員真的不行，避免孩子會抓鐵盤去推倒桌上物品，送餐人員過來將桌上衛生紙放到還有餐點的餐盤上，是否有在趕客人的意思？
全壘打牛排武聖店,bm062058,12 則評論 · 2 張相片,1 年前,5 顆星,
全壘打牛排武聖店,shao yu tsai,在地嚮導 · 19 則評論 · 1 張相片,1 年前,1 顆星,"這家是我這輩子吃過原味雞腿排最難吃的一家(我中午去吃的),中午時段完全沒人,肉質硬,雞皮沒味道,沒人還可以等超久厲害,綜合醬完全沒昧道,我要一直加番茄醬才吃得下去,跟花園夜市有的比 …"
全壘打牛排武聖店,楊過,,1 年前,4 顆星,
全壘打牛排武聖店,jimmy陳志明,2 則評論,1 年前,1 顆星,牛排難吃的要死，肉都是筋，醬汁難吃，肉還沒有熟
全壘打牛排武聖店,黃睿誠,3 則評論 · 1 張相片,1 年前,1 顆星,位子偏外面走道！而且其它靠外側位子都沒有坐人！所以提出換位要求！有被換位後！一位穿白色上衣女服務員問我們四位能否移動至原本那個位子！告知她因為外側太接近走道深怕被撞到或影響他人行進！結果女士直接當著我們的面來一個大白眼！這態度！我真只能給您一顆！光這個白眼！食物如何都不重要了！
全壘打牛排武聖店,Vivian Cheng,在地嚮導 · 16 則評論 · 7 張相片,1 年前,3 顆星,叫了外送  東西明顯變少  也沒有以前好吃  有點失望🫠 …
全壘打牛排武聖店,李薇76,3 則評論,1 年前,1 顆星,金架洗五告拍甲
全壘打牛排武聖店,- YEN,在地嚮導 · 34 則評論 · 4 張相片,1 年前,1 顆星,
全壘打牛排武聖店,愛吃的豬豬,117 則評論 · 377 張相片,1 年前,5 顆星,豬排 玉米濃湯跟紅茶好喝 環境衛生 餐包好吃
全壘打牛排武聖店,華家華,在地嚮導 · 43 則評論 · 16 張相片,1 年前,5 顆星,
全壘打牛排武聖店,洪璿皓,在地嚮導 · 43 則評論 · 34 張相片,1 年前,4 顆星,
全壘打牛排武聖店,黃距融,在地嚮導 · 127 則評論 · 132 張相片,1 年前,5 顆星,
全壘打牛排武聖店,Venishel numsik Isopenisa philonedon mukeirw,3 則評論,1 年前,5 顆星,
全壘打牛排武聖店,八豆么,在地嚮導 · 241 則評論 · 227 張相片,1 年前,3 顆星,還ok啦！
全壘打牛排武聖店,林昌為,"在地嚮導 · 690 則評論 · 3,014 張相片",2 年前,3 顆星,普通
全壘打牛排武聖店,啟德,在地嚮導 · 24 則評論 · 8 張相片,2 年前,4 顆星,
全壘打牛排武聖店,綸綸,14 則評論 · 2 張相片,2 年前,1 顆星,等超級久的，工作人員都沒戴口罩，心情無敵糟
全壘打牛排武聖店,d fs,在地嚮導 · 21 則評論 · 4 張相片,2 年前,1 顆星,兩個字 超難吃
全壘打牛排武聖店,宇月まりな,在地嚮導 · 87 則評論 · 12 張相片,2 年前,1 顆星,"排餐的醬偏少，吃起來都偏乾，不好吃。
店員於店門口抽煙，店內都是煙味，臭。"
全壘打牛排武聖店,少廷,3 則評論,2 年前,1 顆星,非常難吃
全壘打牛排武聖店,Lucas Kuo,"在地嚮導 · 5 則評論 · 1,984 張相片",2 年前,4 顆星,
全壘打牛排武聖店,Lucas Kuo,"在地嚮導 · 28 則評論 · 2,496 張相片",2 年前,4 顆星,
全壘打牛排武聖店,雪人,在地嚮導 · 15 則評論 · 2 張相片,2 年前,4 顆星,
全壘打牛排武聖店,黑米江,在地嚮導 · 121 則評論 · 44 張相片,2 年前,5 顆星,我覺得雞腿很好吃耶！餐包也好吃，每次都會再加點！濃湯也好喝！而且他們都很有禮貌！
全壘打牛排武聖店,SH. S,在地嚮導 · 119 則評論 · 19 張相片,2 年前,1 顆星,難吃態度也差，由其是站夜市外面攬客的阿桑，臉超臭💩，難怪評價如此，應該態度佔一半 …
全壘打牛排武聖店,Carrie Yang,10 則評論 · 1 張相片,2 年前,1 顆星,備餐人員（煎肉排者），完全沒帶口罩（不是口罩拉下的那種），看了害怕！
全壘打牛排武聖店,黃金生,在地嚮導 · 64 則評論 · 457 張相片,2 年前,4 顆星,
全壘打牛排武聖店,蔡暘展,在地嚮導 · 155 則評論 · 126 張相片,2 年前,4 顆星,刀具是自助拿取。牛排好吃有豬肉有雞肉的，玉米濃湯、柳橙汁、紅茶可喝還有夾心麵包。環境整潔清新
全壘打牛排武聖店,Avente Yang,"在地嚮導 · 49 則評論 · 1,530 張相片",2 年前,4 顆星,
全壘打牛排武聖店,張雅惠,在地嚮導 · 214 則評論 · 18 張相片,2 年前,4 顆星,平價好吃，用料實在
全壘打牛排武聖店,林佳君,5 則評論,2 年前,2 顆星,味道可以接受～但無法接受的是店員沒人戴口罩（只有一人有戴，但是是拉到下巴），準備餐食過程中店員大家你一來我一句，如果天氣熱又悶，建議可用餐飲用的塑膠透明口罩～觀感也較衛生🙏🏻 …
全壘打牛排武聖店,on Yan,6 則評論,2 年前,1 顆星,340的菲力牛排跟金門牛肉乾一樣好吃欸
全壘打牛排武聖店,YK Liao,在地嚮導 · 86 則評論 · 29 張相片,2 年前,1 顆星,吃過最普通的鐵板麵
全壘打牛排武聖店,White,在地嚮導 · 61 則評論 · 38 張相片,2 年前,5 顆星,"感謝老闆貼心
餐點好好吃
使用熊貓訂餐
店家很貼心，把肉切成一口大小
真大心！"
全壘打牛排武聖店,Jou Kang,3 則評論 · 1 張相片,3 年前,5 顆星,"環境乾凈
有空調
價格合理"
全壘打牛排武聖店,張文燕,2 則評論,3 年前,1 顆星,
全壘打牛排武聖店,陳宏益,在地嚮導 · 69 則評論 · 408 張相片,3 年前,3 顆星,
全壘打牛排武聖店,尤信凱,在地嚮導 · 2 則評論,3 年前,5 顆星,
全壘打牛排武聖店,葉淑玲,"在地嚮導 · 1 則評論 · 1,812 張相片",3 年前,3 顆星,
全壘打牛排武聖店,LUCAS KUO,"在地嚮導 · 57 則評論 · 8,769 張相片",3 年前,4 顆星,
全壘打牛排武聖店,詹姆士,在地嚮導 · 176 則評論 · 127 張相片,3 年前,4 顆星,口味不錯，老闆很客氣
全壘打牛排武聖店,Hannah haung,在地嚮導 · 15 則評論 · 22 張相片,3 年前,5 顆星,"叫熊貓外送，送到安南區
雞腿排的皮還很脆，好吃耶
看評價很兩極，本來還不敢點餐，幸好有叫來吃看看，覺得品質很不錯啊！
只是蘑菇醬有點偏鹹，如果可以改善就更好了！"
全壘打牛排武聖店,劉榮霖,在地嚮導 · 48 則評論 · 270 張相片,3 年前,4 顆星,
全壘打牛排武聖店,Hsiumin Chuang (Vicky),在地嚮導 · 50 則評論 · 65 張相片,3 年前,5 顆星,
全壘打牛排武聖店,陳冠仁,5 則評論,3 年前,5 顆星,
全壘打牛排武聖店,Duck chen,在地嚮導 · 104 則評論 · 780 張相片,3 年前,5 顆星,店內乾淨，玉米濃湯極佳，肉質不會太硬，價格便宜，CP 值優
全壘打牛排武聖店,柑仔皮,12 則評論 · 3 張相片,3 年前,5 顆星,點了原味雞腿排加麵，裡面邊吃排餐邊吹冷氣就是舒服，給五星。
全壘打牛排武聖店,李菁玥,在地嚮導 · 64 則評論 · 114 張相片,3 年前,5 顆星,麵很多 食量大的可以來吃吃看 😁 老闆人很好 …
全壘打牛排武聖店,C.W LEE,在地嚮導 · 185 則評論,3 年前,3 顆星,
全壘打牛排武聖店,Ting Po,在地嚮導 · 21 則評論 · 11 張相片,3 年前,5 顆星,"東西是好吃 也很常去
只不過有一次吃到鐵絲就是了"
全壘打牛排武聖店,Chia-chen WU,在地嚮導 · 66 則評論 · 188 張相片,3 年前,5 顆星,"雖然因為疫情關係沒辦法現場吃，不過店員很主動的詢問要不要裝濃湯，還算不錯👌🏻
另外沙郎牛排有筋還不錯吃！麵的份量也很足夠！濃湯真的很濃湯的味道，很喜歡！CP不錯👍🏻👍🏻👍🏻 …"
全壘打牛排武聖店,林冠誼,在地嚮導 · 12 則評論 · 4 張相片,3 年前,3 顆星,
全壘打牛排武聖店,劉志民（豆）,"在地嚮導 · 9 則評論 · 2,201 張相片",3 年前,5 顆星,
全壘打牛排武聖店,Yolanda,在地嚮導 · 88 則評論 · 1 張相片,4 年前,5 顆星,
全壘打牛排武聖店,林沛錤,在地嚮導 · 45 則評論 · 2 張相片,4 年前,4 顆星,
全壘打牛排武聖店,智怡曾,"在地嚮導 · 170 則評論 · 5,719 張相片",4 年前,4 顆星,豬排好吃
全壘打牛排武聖店,劉品榮,在地嚮導 · 5 則評論 · 100 張相片,4 年前,4 顆星,
全壘打牛排武聖店,林松江,在地嚮導 · 1 則評論 · 14 張相片,4 年前,5 顆星,
全壘打牛排武聖店,yang sheng fan,在地嚮導 · 87 則評論 · 9 張相片,4 年前,1 顆星,"2月10日晚上8點多去用餐，濃湯已沒有，向店員反應，回應知道了，喝了一杯紅茶想再續，紅茶也沒了，到我的牛排快吃完仍未補，仍持續有客人走到湯及茶處觀望後失望而回，店家持續接客但仍未有要處理之意，我再向一為應該是老闆的大叔反應，他才驅車去載了紅茶回來補，湯仍沒有。對我來說，夜市牛排濃湯跟紅茶是基本，點餐時即收錢也是OK,, 但收了錢未提供客戶對等的服務，也未向客戶事先說明，仍持續接客，算不算騙人呢？？"
全壘打牛排武聖店,地方已婚爸爸,"在地嚮導 · 582 則評論 · 1,347 張相片",4 年前,4 顆星,味道上還可以，用餐環境乾淨
全壘打牛排武聖店,蔡閔豐,6 則評論 · 5 張相片,4 年前,5 顆星,
全壘打牛排武聖店,楷鴿,在地嚮導 · 82 則評論 · 30 張相片,4 年前,3 顆星,就夜市牛排。
全壘打牛排武聖店,Emerson Chiu,在地嚮導 · 1 則評論 · 21 張相片,4 年前,4 顆星,
全壘打牛排武聖店,林小龍,在地嚮導 · 142 則評論 · 615 張相片,4 年前,3 顆星,
全壘打牛排武聖店,Chen Yu Wen,在地嚮導 · 709 則評論 · 123 張相片,4 年前,3 顆星,牛排普普通通
全壘打牛排武聖店,鄭三哥,在地嚮導 · 179 則評論 · 203 張相片,4 年前,3 顆星,
全壘打牛排武聖店,哲仁涂,在地嚮導 · 61 則評論 · 39 張相片,4 年前,5 顆星,
全壘打牛排武聖店,施政旭,在地嚮導 · 250 則評論 · 303 張相片,4 年前,3 顆星,
全壘打牛排武聖店,Cheng yi,在地嚮導 · 30 則評論 · 6 張相片,4 年前,1 顆星,這個100 真是高價
全壘打牛排武聖店,wa Io,在地嚮導 · 8 則評論,4 年前,4 顆星,
全壘打牛排武聖店,大水牛,5 則評論,4 年前,5 顆星,
全壘打牛排武聖店,芮瑄,在地嚮導 · 3 則評論 · 3 張相片,4 年前,3 顆星,
全壘打牛排武聖店,阿彣,在地嚮導 · 33 則評論 · 6 張相片,4 年前,3 顆星,
全壘打牛排武聖店,wen,6 則評論 · 3 張相片,4 年前,1 顆星,武聖夜市裏的攤位，錢收快快，出餐慢到不行，兩份牛排可以等30分，一直先做後到客人的餐，直到我們要徹單才開始做
全壘打牛排武聖店,林娜娜,4 則評論 · 1 張相片,4 年前,5 顆星,很好吃😋 …
全壘打牛排武聖店,嘉實多,在地嚮導 · 61 則評論 · 260 張相片,4 年前,5 顆星,醬料 搭配的剛好
全壘打牛排武聖店,吳佳蓉,5 則評論,4 年前,5 顆星,
全壘打牛排武聖店,龔小俊,在地嚮導 · 93 則評論 · 54 張相片,5 年前,5 顆星,CP質高的排餐店
全壘打牛排武聖店,黃丁龍,2 則評論,5 年前,5 顆星,肉質好，玉米濃湯純，紅茶好喝，環境衛生良好，一定會再度光臨！
全壘打牛排武聖店,Dio LEE,在地嚮導 · 185 則評論 · 596 張相片,5 年前,5 顆星,空間乾淨 明亮 冬天不用去夜市吹冷風 夏天有空調
全壘打牛排武聖店,郭耀中,在地嚮導 · 2 則評論 · 18 張相片,5 年前,4 顆星,
全壘打牛排武聖店,蔡維哲,在地嚮導 · 46 則評論 · 47 張相片,5 年前,5 顆星,"非常感謝老闆解救我的內急！
祝福老闆生意興隆！"
全壘打牛排武聖店,陳正吉,在地嚮導 · 179 則評論 · 22 張相片,5 年前,3 顆星,個人覺的不錯豬排肉很大但生意清淡
全壘打牛排武聖店,劉阿碧,18 則評論 · 24 張相片,5 年前,4 顆星,
全壘打牛排武聖店,Dinoety,在地嚮導 · 1 則評論 · 435 張相片,5 年前,3 顆星,
全壘打牛排武聖店,Maruru,在地嚮導 · 36 則評論 · 11 張相片,5 年前,3 顆星,"店鋪版的夜市牛排 平價 餐點普通   醬偏甜
吃起來都是醬的味道 提供濃湯飲料
店內乾淨明亮 餐包酥脆好吃但偏小"
全壘打牛排武聖店,王建雄,在地嚮導 · 68 則評論,5 年前,3 顆星,
全壘打牛排武聖店,Sunny Tsai,9 則評論 · 3 張相片,5 年前,4 顆星,
全壘打牛排武聖店,蔡孚靈,在地嚮導 · 272 則評論 · 370 張相片,5 年前,3 顆星,
全壘打牛排武聖店,蔡福能,在地嚮導 · 177 則評論 · 523 張相片,5 年前,3 顆星,好的
全壘打牛排武聖店,yen jc,1 則評論,5 年前,1 顆星,花280元點5分熟變全熟的牛排，還是第一次吃到全熟的牛排，買牛肉乾也比你好吃，就一句抱歉你們會改，我就活該倒楣嗎？
全壘打牛排武聖店,曾立杰,在地嚮導 · 28 則評論,5 年前,2 顆星,麵不錯，但肉不敢恭維，點了雞腿排 切開裡面紅色有血水，問店員說是不是沒熟，他說不是但也講不出所以然，還問我說要不要在煎一下，這不是自己打臉嗎。
全壘打牛排武聖店,洋蔥,在地嚮導 · 1 則評論,5 年前,3 顆星,
全壘打牛排武聖店,傻楓,在地嚮導 · 6 則評論 · 3 張相片,5 年前,3 顆星,
全壘打牛排武聖店,Jenna,"在地嚮導 · 310 則評論 · 1,426 張相片",5 年前,4 顆星,還不錯
全壘打牛排武聖店,ichen LIU,在地嚮導 · 30 則評論 · 5 張相片,6 年前,1 顆星,貴就算了，煎牛排還能玩，這樣也算了，餐包濃湯全沒有，準備倒吧
全壘打牛排武聖店,蔡冠德（erix）,在地嚮導 · 94 則評論 · 247 張相片,6 年前,5 顆星,環境乾淨衛生，服務好，餐點附有玉米濃湯、餐包、飲料，附近好停車，WiFi 密碼前面記得多加06，東西好吃，雞腿排跟沙朗牛排可參考照片。
全壘打牛排武聖店,Rong Qi,在地嚮導 · 52 則評論 · 4 張相片,6 年前,5 顆星,Wifi密碼要+06
全壘打牛排武聖店,林邦彥,"在地嚮導 · 11 則評論 · 1,152 張相片",6 年前,3 顆星,
全壘打牛排武聖店,Yichun Huang,"在地嚮導 · 260 則評論 · 1,327 張相片",6 年前,4 顆星,普通
全壘打牛排武聖店,蔣建洲,在地嚮導 · 13 則評論 · 5 張相片,6 年前,5 顆星,
武聖夜市 阿樂牛排,王政傑,在地嚮導 · 348 則評論 · 1 張相片,2 個月前,3 顆星,生意好時態度很差！生意不好態度就會變好
武聖夜市 阿樂牛排,葉偉澤,"在地嚮導 · 273 則評論 · 3,110 張相片",4 個月前,5 顆星,還不錯
武聖夜市 阿樂牛排,白白,26 則評論 · 3 張相片,5 個月前,1 顆星,阿姨的態度超級差問他可以點餐嗎？竟然罵我說你是什麼東西說什麼，態度真的很差耶，這樣還可以開店嗎？倒不如不要開，而且東西難吃的要死，態度又很差，衛生又超級爛。
武聖夜市 阿樂牛排,dji hun,15 則評論 · 4 張相片,6 個月前,1 顆星,鐵板很髒 開起來都是驚喜...
武聖夜市 阿樂牛排,同班同學,1 則評論,7 個月前,5 顆星,
武聖夜市 阿樂牛排,陳建志,2 則評論,7 個月前,1 顆星,8月31號  等半小時 結果跑去問 點餐單還能不見？你們是怎麼做生意的？ 連一句抱歉都沒有  有夠爛  連客人點完的單子都能不見 阿如果沒問 不就要座到收攤？
武聖夜市 阿樂牛排,莊天天,6 則評論 · 3 張相片,8 個月前,5 顆星,老闆兒子很帥
武聖夜市 阿樂牛排,鄭維倫（阿倫）,在地嚮導 · 33 則評論 · 20 張相片,8 個月前,5 顆星,
武聖夜市 阿樂牛排,SPC生活日常,"在地嚮導 · 720 則評論 · 6,449 張相片",8 個月前,4 顆星,還可
武聖夜市 阿樂牛排,柴爸幸福吃喝,在地嚮導 · 192 則評論 · 957 張相片,9 個月前,3 顆星,"因為躲雨才進來消費
厚片牛排🥩，麵體還不錯吃，肉片略顯小。
總體還行！"
武聖夜市 阿樂牛排,sien,在地嚮導 · 19 則評論 · 13 張相片,9 個月前,1 顆星,"點餐大嬸態度極差！
遞菜單時未告知雞腿排要等候
待我們寫完菜單後，說什麼雞腿排就是要等啊！還畫雞腿排！ 菜單直接甩在桌上
當眾被罵的不知所措！

用餐前記得先看看甩態大嬸心情如何再決定是否要用餐"
武聖夜市 阿樂牛排,Halay Lee,在地嚮導 · 13 則評論 · 68 張相片,10 個月前,3 顆星,態度⋯
武聖夜市 阿樂牛排,閔,13 則評論 · 2 張相片,11 個月前,1 顆星,昨天買了鐵板麵 拉了5次肚子
武聖夜市 阿樂牛排,高寒,1 則評論,1 年前,1 顆星,"店內整體舒適度還行
夜市環境來說算乾淨、冷氣會涼

幫忙點餐的服務態度不是很好
當天不知道是醬料配置錯誤還是本來就這樣
甜到身為一個道地台南人都無法接受的甜
不誇張的說甜到抹在麵包當果醬都不違和
第一次吃牛排吃到滿滿拔絲地瓜的焦糖味

BTW牛排本身是那種每一塊都一樣形狀的重組肉"
武聖夜市 阿樂牛排,56施盈如,在地嚮導 · 40 則評論 · 25 張相片,1 年前,5 顆星,玉米濃湯好好喝
武聖夜市 阿樂牛排,鄭宇宸,,1 年前,5 顆星,
武聖夜市 阿樂牛排,鄭鄭,4 則評論,1 年前,5 顆星,好吃，味道比其他牛排店還要香
武聖夜市 阿樂牛排,高鐈,在地嚮導 · 11 則評論 · 10 張相片,1 年前,1 顆星,我說，這是醫藥餐飲異業結盟了是不，從第一口到最後一口，都是滿滿的醫院消毒藥水味
武聖夜市 阿樂牛排,皮小丘,"在地嚮導 · 221 則評論 · 3,056 張相片",1 年前,5 顆星,味道還可以
武聖夜市 阿樂牛排,曾翰文,在地嚮導 · 10 則評論 · 2 張相片,1 年前,5 顆星,
武聖夜市 阿樂牛排,吳拉拉（吳拉拉）,10 則評論 · 3 張相片,1 年前,1 顆星,難吃醬少 女阿桑態度差
武聖夜市 阿樂牛排,陳雅菁,在地嚮導 · 395 則評論 · 813 張相片,1 年前,5 顆星,"很多人，等比較久
口味比較清淡，
我覺得算起來有點貴欸！
因該吃一次就好啦！"
武聖夜市 阿樂牛排,Pantone 308,8 則評論,1 年前,5 顆星,
武聖夜市 阿樂牛排,Einstein Albert,在地嚮導 · 255 則評論 · 173 張相片,1 年前,1 顆星,6/24晚上，點個餐想說換一下主餐，女阿婆馬上說不行用下去了，結果過幾秒直接跟隔壁另個女阿婆說還有這樣換的唷，當下我直接回還嘴砲唷，結果結帳時居然還用手遮住說悄悄話。回去時肉整個超硬，根本無法下嚥直接丟廚餘
武聖夜市 阿樂牛排,鄭淳績,6 則評論 · 7 張相片,2 年前,5 顆星,這裡有附玉米濃湯還有古早味紅茶，尤其是他的厚切牛排入口即化，回味無窮！
武聖夜市 阿樂牛排,Miles Chi,在地嚮導 · 15 則評論 · 212 張相片,2 年前,4 顆星,
武聖夜市 阿樂牛排,池蓮蓮,6 則評論,2 年前,1 顆星,"超不推薦！
有一位阿桑講話很不客氣！
服務態度超級差！
帶小孩去過幾次，在小北的攤位，有去都會點兩份排餐，因為小孩突然想吃，但是今天有先買了其他食物，所以只點了一份排餐，負責送餐的阿桑看到就很兇罵我們說，不准拿２份餐具，馬上把我餐具收走，我向她說小孩也需要餐具，沒餐具要怎麼吃？
她才臉很臭去拿一支叉子來，而且還用丢的丢在桌上！！！超級沒禮貌！給小孩餐具用餐是有那麼困難那麼不爽嗎？
對待客人是用這種態度哦！
我當下忍住沒和她吵，但是覺得很不高興！
去吃了幾次，菜單幾乎點過一輪，發現肉其實都很薄很硬，湯很稀，紅茶不好喝，醬是甜的，桌子醬料瓶不乾淨，地上紙巾髒亂，送餐沒照順序，很多次比我晚到的人還比我先上餐，同一位阿桑常常態度又非常差！老闆到底為什麼要請這種人來工作？？？
以後不會再去了！！！
也會叫認識的人都不要去浪費錢還莫名其妙受氣！"
武聖夜市 阿樂牛排,郭明祥,在地嚮導 · 7 則評論 · 75 張相片,2 年前,5 顆星,
武聖夜市 阿樂牛排,Ii Li,在地嚮導 · 71 則評論 · 8 張相片,2 年前,5 顆星,"真的好愛黑胡椒醬和蘑菇醬的味道！
每次去都吃雞腿排
真的便宜好吃～"
武聖夜市 阿樂牛排,Ipad心,在地嚮導 · 72 則評論 · 117 張相片,2 年前,5 顆星,
武聖夜市 阿樂牛排,Lee1945 Kf14,在地嚮導 · 43 則評論 · 309 張相片,3 年前,5 顆星,
武聖夜市 阿樂牛排,品妏,在地嚮導 · 15 則評論 · 112 張相片,3 年前,1 顆星,"服務人員態度不好，只是怕會吃不完，點鐵版麵
竟然說點一個鐵版麵用講的就好…
如果你人多搞錯搞混呢?"
武聖夜市 阿樂牛排,王董,在地嚮導 · 32 則評論,3 年前,2 顆星,本來是夜市吃牛排的首選，現在只剩濃湯可以喝了
武聖夜市 阿樂牛排,Chen Yu Wen,在地嚮導 · 709 則評論 · 123 張相片,3 年前,4 顆星,普普通通
武聖夜市 阿樂牛排,Bo Kai HUANG,在地嚮導 · 15 則評論 · 6 張相片,4 年前,5 顆星,
武聖夜市 阿樂牛排,Bee Huang,6 則評論 · 4 張相片,4 年前,1 顆星,"環境超不衛生，老闆娘臉又超臭
生意好 就亂了手腳
要排隊也不事先講清楚，都點完餐了陸續一堆人潮都來了 才說要排隊～
請問 剛剛是在哈囉嗎！要排隊為什麼不事先講 早來的客人變得要排到最後面是怎樣！
再也不會去購買～"
武聖夜市 阿樂牛排,拍什麼東西,在地嚮導 · 57 則評論 · 42 張相片,4 年前,1 顆星,"點了一個厚片
肉超小就算了
竟然還是冷的 難切又難咬
整個不行⋯"
武聖夜市 阿樂牛排,凱傑,在地嚮導 · 25 則評論 · 1 張相片,4 年前,1 顆星,第一次吃到這麼難吃的夜市牛排…整塊我只吃了一口就走人了……
武聖夜市 阿樂牛排,吉吉ILOV,在地嚮導 · 51 則評論 · 31 張相片,4 年前,2 顆星,"不難吃，但遇到人多時同時接內用外帶
會手忙腳亂
今天去內用
單子填好給阿桑後
就去拿飲料
看到離飲料和湯最近的桌子
有一家人坐進來
後來我那桌附近
也有兩桌比我們晚來的有人坐了
等了一陣子
眼看比我們晚坐進來的那三桌食物都上來
我們點的都還沒送上
一整個火都來了
人多等還無所謂
比我們晚坐進來的全都來了我還在等？
跟那阿桑講
阿桑說照單子做啊
誰不知道照單子做？
我單子就拿給你，
你不知道誰比較早來誰比較晚來？
你當我坐在那裡沒眼睛看？
招呼客人招呼到不知道是西元幾年了？"
武聖夜市 阿樂牛排,リョウゲツ,"在地嚮導 · 1,108 則評論 · 1,166 張相片",5 年前,4 顆星,蠻便宜的，還有飲料跟濃湯，出餐很快、生意很好，翻桌率還蠻高的
武聖夜市 阿樂牛排,chen yan-e,在地嚮導 · 227 則評論 · 40 張相片,5 年前,2 顆星,好吃 肉比較小 湯料比較少 環境可能因為人多有點髒
武聖夜市 阿樂牛排,吾朗,"在地嚮導 · 1,005 則評論 · 5,449 張相片",5 年前,4 顆星,平價的夜市牛排，濃湯可以。肉一般～
武聖夜市 阿樂牛排,小不,在地嚮導 · 175 則評論 · 276 張相片,5 年前,5 顆星,小北成功夜市也吃的到😋 …
武聖夜市 阿樂牛排,陳志偉,在地嚮導 · 131 則評論 · 216 張相片,5 年前,4 顆星,
武聖夜市 阿樂牛排,饕喀,"在地嚮導 · 307 則評論 · 2,100 張相片",5 年前,4 顆星,平價美味又好吃，是夜市裏頭的好選擇
武聖夜市 阿樂牛排,xing,在地嚮導 · 54 則評論 · 84 張相片,6 年前,5 顆星,估計是全夜市最好吃的牛排了 連配角用料都相當的不馬虎 玉米濃湯香濃順口 用料實在 牛排鮮甜且非常的嫩 加上他的煎鐵板功力 熟度完全恰到好處 連蛋都不用翻剛好半生熟 cp值超高 逛夜市必回訪店家
武聖夜市 阿樂牛排,希曦,"在地嚮導 · 1,050 則評論 · 4,495 張相片",6 年前,5 顆星,濃湯好喝👍 …
武聖夜市 阿樂牛排,Angel Chen (陳小釗),在地嚮導 · 69 則評論 · 58 張相片,6 年前,5 顆星,
武聖夜市 阿樂牛排,張方如,在地嚮導 · 99 則評論 · 235 張相片,6 年前,5 顆星,出菜很快，餐點好吃，服務態度很好。
武聖夜市 阿樂牛排,黃千芳,"在地嚮導 · 142 則評論 · 4,006 張相片",6 年前,4 顆星,平價又美味，醬汁很道地，濃湯料多，整個武聖夜市牛排最推這家。
武聖夜市 阿樂牛排,吳玉霖,5 則評論 · 1 張相片,6 年前,5 顆星,夜市平價牛排 還不錯吃
武聖夜市 阿樂牛排,路易斯米豆,"在地嚮導 · 323 則評論 · 2,130 張相片",6 年前,4 顆星,還不錯，出菜速度很快的平價牛排（鐵板）。
阿誠牛肉湯,高偉琪,在地嚮導 · 96 則評論 · 703 張相片,1 天前,4 顆星,"很在地的店家。個人覺得老闆很親切呀！

牛肉湯的肉，個人不是很喜歡，感覺像牛腱肉，但店家說不是牛腱。湯頭濃郁略帶微微酸(店家用牛骨與水果熬製)還不錯喝
最超值的應該是蔥蛋(必點)
青菜稍弱，但有兩種青菜也是挺超值的
肉燥飯也還不錯吃。
可惜今天沒有牛舌😭老闆也說牛舌是店內招牌餐點...真的很可惜

很多人點 紅燒牛肉麵
(看起來真的不錯吃，而且份量很大碗)"
阿誠牛肉湯,林明宏,1 則評論 · 1 張相片,1 週前,5 顆星,
阿誠牛肉湯,楊仁仁,2 則評論,2 週前,5 顆星,給老闆五百個讚，超級客氣又熱情
阿誠牛肉湯,shih yejyuan,在地嚮導 · 813 則評論 · 946 張相片,2 週前,5 顆星,CP值高，蔥蛋、燙青菜都很便宜
阿誠牛肉湯,新酒,在地嚮導 · 15 則評論 · 8 張相片,3 週前,5 顆星,高cp 💕💕💕
阿誠牛肉湯,Alston,在地嚮導 · 114 則評論 · 12 張相片,3 週前,5 顆星,無敵了我的牛舌
阿誠牛肉湯,林芬芬,"在地嚮導 · 372 則評論 · 2,411 張相片",3 週前,5 顆星,牛舌湯超讚，外帶會給一大包湯，而且湯超級好喝的～推推推
阿誠牛肉湯,Paul Chiu,在地嚮導 · 41 則評論 · 16 張相片,3 週前,4 顆星,牛肉嫩又有嚼勁。下次來的時候想嘗試辣味版本。
阿誠牛肉湯,沈正偉,在地嚮導 · 3 則評論,1 個月前,5 顆星,老闆，老闆娘人很親切，餐點美味
阿誠牛肉湯,wei lee,在地嚮導 · 18 則評論 · 1 張相片,1 個月前,5 顆星,
阿誠牛肉湯,馬依靚,6 則評論 · 1 張相片,1 個月前,5 顆星,老闆很親人！超好吃 牛舌超嫩 肉臊超級好吃必點超嫩超嫩啦肉臊的肉很大塊😍😍😍
阿誠牛肉湯,YiChing Huang,在地嚮導 · 21 則評論 · 2 張相片,1 個月前,5 顆星,"餐點份量多又好吃,用料實在，非常推薦"
阿誠牛肉湯,shinex hun,在地嚮導 · 163 則評論 · 33 張相片,1 個月前,5 顆星,超級好喝
阿誠牛肉湯,唐正,11 則評論 · 7 張相片,2 個月前,5 顆星,人情味十足，份量很足，要吃麵的記得量力而為，不然會吃不完，浪費了食材
阿誠牛肉湯,帥,在地嚮導 · 305 則評論 · 41 張相片,2 個月前,2 顆星,"味道太淡我乾脆吃素就好了
等太久了 30分鐘
回家被老婆教訓….
特地從台中下來吃
建議現場增加人手
我還踩到地毯差點摔死"
阿誠牛肉湯,陳仕安,在地嚮導 · 23 則評論 · 4 張相片,2 個月前,5 顆星,牛肉湯好吃，肉多湯鮮，可惜肉燥飯的水準跟不上
阿誠牛肉湯,Liz Liu,在地嚮導 · 15 則評論 · 14 張相片,2 個月前,5 顆星,"超級大推薦👍🏻店家親切，餐點很美味～
滷肉飯不會油膩很優，牛肉湯的肉給的很足，店內薑絲和米酒能免費自取超大方！牛肉麵軟嫩湯頭甘醇，連炒青菜都好吃～而且價格便宜

最重要的是離開前老闆還溫柔詢問我們有沒有吃飽，是一家很溫暖的店～已列入來台南必吃清單"
阿誠牛肉湯,Leona,在地嚮導 · 39 則評論 · 15 張相片,2 個月前,5 顆星,"因為初九很多有名的牛肉湯都沒開
所以誤打誤撞來到了這間
沒想到意外的好吃！
以後來台南還會再過來吃的～～"
阿誠牛肉湯,萱,在地嚮導 · 16 則評論 · 7 張相片,2 個月前,5 顆星,老闆老闆娘人很好超熱情，聽老闆說他們的招牌是牛舌湯，所以點了一碗試看看，真的！！！超級好喝！！！超頂！！！有來的要記得喝看看欸😍
阿誠牛肉湯,07蔡宗彥,3 則評論,2 個月前,5 顆星,
阿誠牛肉湯,Kawada Hung,"在地嚮導 · 559 則評論 · 9,883 張相片",2 個月前,4 顆星,"🔍IG:kawada.foodie
某天下午時間，沒有靈感的肚子餓，地圖給了我指引，導到了也是旁的牛肉麵，沒有特別研究評論，看起來昏暗昏暗的很像準備休息，詢問了一下點餐，很快的送上桌來，牛肉湯蠻大一碗的，肉質較瘦但不至於到柴的口感，湯的口感比較蔬果香甜，肉燥飯要另外點，不是像其他牛肉湯有附一碗，如果有夜市營業，附近看來是不好停車，評論中還有一些推薦的有機會再來吃看看😋"
阿誠牛肉湯,周浩,2 則評論,2 個月前,5 顆星,
阿誠牛肉湯,張梅段,7 則評論 · 1 張相片,2 個月前,5 顆星,
阿誠牛肉湯,林軒民,在地嚮導 · 52 則評論 · 2 張相片,3 個月前,5 顆星,清湯系列，肉質新鮮，不論是肉片或帶筋的牛腩肉塊都很嫩，牛腩筋入口即化，價格不貴，非常實惠
阿誠牛肉湯,陳智謙,3 則評論,3 個月前,5 顆星,份量十足，老板很親切，推薦牛舌湯炒牛腩筋。
阿誠牛肉湯,林憶薇,2 則評論 · 1 張相片,3 個月前,5 顆星,餐點美味可口，份量超級足夠👍
阿誠牛肉湯,May,12 則評論 · 1 張相片,3 個月前,5 顆星,2025過年休假時間：1/22 ~2/4
阿誠牛肉湯,Zora Lo,在地嚮導 · 25 則評論,4 個月前,5 顆星,牛舌湯超爆好喝！超嫩！！
阿誠牛肉湯,Jenny Tsai (Jennieee269),在地嚮導 · 22 則評論,4 個月前,5 顆星,非常好吃，肉量又多！
阿誠牛肉湯,馮惠閔,6 則評論,4 個月前,5 顆星,牛肉鮮湯好喝，忍不住想多吃一碗，老闆老闆娘人親切，服務好👍👍
阿誠牛肉湯,湯志傑（Jeff）,在地嚮導 · 28 則評論 · 29 張相片,4 個月前,5 顆星,
阿誠牛肉湯,jhih_yi Huang,"在地嚮導 · 1,042 則評論 · 3,728 張相片",4 個月前,4 顆星,"清燉牛肉菜單註明現燙牛肉，麵上來的時候肉還有點微紅，整晚的肉跟麵非常多，湯的味道沒什麼特色不過很清淡爽口，可以另外加辣。要注意麵真的真的非常多，食量小的可以請老闆娘減少麵量，免得吃不完浪費～
小缺點店內空間不大，通風比較差一點，吃完麵全身都是味道·"
阿誠牛肉湯,林業,"在地嚮導 · 411 則評論 · 1,709 張相片",5 個月前,5 顆星,"113/11/22及23日到訪

這家在武聖夜市旁，內用、外帶都填單，內用座位不少且乾淨，用餐環境不錯，所以連兩天都來用餐

點了
牛肉牛肝雙補湯：130
就是肉跟肝兩種，肉很嫩，肝也好吃，吃起來比豬肝再嫩ㄧ些，且量很多，跟其他店家的量來比，真的CP值很高

牛舌湯：170
牛舌湯的量也是很多，因為不常吃牛舌，所以吃起來很像豬舌的口感，也是很嫩

青菜炒牛肉：120
這道的肉量看起來就差不多剛好，其他店也差不多，味道則普通，個人覺得還好，但不會到難吃

肉燥飯：20
就一般肉燥飯，味道ㄧ樣台南口味甜ㄧ些

整體上湯類的都很讚，下次再嚐嚐其它炒類

推薦大家來逛夜市可以順便吃牛肉湯"
阿誠牛肉湯,吳皇慶,5 則評論,5 個月前,1 顆星,打電話訂餐，老闆口氣非常差，還跟客人大小聲，沒有評論中好，大家別被騙了，花錢買麵還要先受氣 ….
阿誠牛肉湯,小鮮肉,,5 個月前,5 顆星,
阿誠牛肉湯,Ria,1 則評論,5 個月前,5 顆星,清湯牛肉麵好吃 麵都是牛肉的香氣 牛肉蛋炒飯也好吃 粒粒分明 老闆態度超親切 唉真好吃 早知不在夜市吃 直接過來這邊多點一份算了
阿誠牛肉湯,茉香隨風,在地嚮導 · 23 則評論 · 45 張相片,5 個月前,5 顆星,牛舌嫩，湯頭鮮香甜。老闆說湯頭只有加鹽，安心讓小孩喝。牛筋牛肉軟嫩，非常適合咀嚼較差的人吃。涼拌牛雜是我最愛的口味，夠酸夠味，口味偏像老四川餐前那份酸辣寬粉。
阿誠牛肉湯,吳銘豪,在地嚮導 · 395 則評論 · 178 張相片,5 個月前,5 顆星,好吃肉多
阿誠牛肉湯,Bubu Wu,在地嚮導 · 16 則評論 · 12 張相片,5 個月前,5 顆星,今天第一次去吃 牛舌湯真的好讚 牛舌很嫩 湯頭很香甜 我女兒也好愛！
阿誠牛肉湯,金仔,在地嚮導 · 424 則評論 · 3 張相片,5 個月前,5 顆星,
阿誠牛肉湯,鄭宜崴（NeuralxNet）,在地嚮導 · 114 則評論 · 201 張相片,5 個月前,5 顆星,"偶然發現的一家神級牛肉餐廳，超誇張的份量（而且都是肉！）、超美味的醬汁、牛肉湯肉比湯多，從沒見過這麼佛的店家😭😭😭
店家也非常親切、健談！

真心大推！！"
阿誠牛肉湯,楊忠翰,在地嚮導 · 114 則評論 · 58 張相片,5 個月前,5 顆星,"餐點價位合理
東西也好吃，用料實在
不管是白飯或肉燥飯 …"
阿誠牛肉湯,郭品秀,在地嚮導 · 74 則評論 · 34 張相片,5 個月前,5 顆星,"老闆非常親切，而且服務很好
會擔心我們吃不完
牛舌湯真的推薦 非常的軟嫩
我本身喜歡清湯口味的 真的很讚
爆炒牛腩筋非常入味
蔥蛋 跟青菜 cp高
真的來台南，歡迎大家來嚐嚐"
阿誠牛肉湯,A L,在地嚮導 · 21 則評論 · 2 張相片,5 個月前,5 顆星,真正的寶石。價格實惠的地方，有豐盛的牛肉湯和可愛的老主人。
阿誠牛肉湯,lio O,在地嚮導 · 195 則評論 · 763 張相片,6 個月前,5 顆星,外帶的湯給得也太大包，太爽了
阿誠牛肉湯,Zhaoliang Gou,在地嚮導 · 196 則評論 · 46 張相片,6 個月前,4 顆星,"在地美食與平價餐飲
老闆娘客氣與親切 知道外地來的 還會問餐飲吃的習慣嗎!"
阿誠牛肉湯,林俊呈,在地嚮導 · 45 則評論 · 132 張相片,6 個月前,5 顆星,大推牛舌湯，現炒也好吃😋 …
阿誠牛肉湯,WEI ZHE DING,1 則評論,6 個月前,5 顆星,老闆娘及老闆很親切，牛肉麵真的是俗擱大碗，推推
阿誠牛肉湯,Lydia,在地嚮導 · 51 則評論 · 3 張相片,6 個月前,5 顆星,
阿誠牛肉湯,CHEN Jace,"在地嚮導 · 550 則評論 · 2,272 張相片",6 個月前,5 顆星,"用料實在 大碗滿意
這邊首推肯定是牛舌湯
湯頭比較偏蔬果高湯路線 …"
阿誠牛肉湯,黃俊賓,1 則評論,6 個月前,5 顆星,
阿誠牛肉湯,小小,在地嚮導 · 34 則評論 · 40 張相片,6 個月前,5 顆星,大碗牛肉湯牛肉好吃，湯也好喝，肉燥飯也好吃👍🏻 …
阿誠牛肉湯,Zoe Chen,在地嚮導 · 22 則評論 · 43 張相片,7 個月前,5 顆星,"這是吃到一半才想到要拍的照片～牛舌湯比較少見，想說點來喝喝看，還好沒踩雷～牛舌吃起來很軟嫩、湯又清甜，整體搭配起來非常好喝！👏👏
相對之下牛小排就比較需要咬了喔！朋友點的是牛肉湯，吃起來口感也很好👍老闆服務也很親切，還說清湯如果還需要可以續，但我們還要留肚子吃其他台南美食啦😋我們去的時間剛好在下午1點多，不用等候就有空位了。"
阿誠牛肉湯,Han Ting Huang,在地嚮導 · 79 則評論 · 154 張相片,7 個月前,4 顆星,"如網友們說的
牛舌湯是一大亮點
湯頭比較偏蔬果高湯路線 …"
阿誠牛肉湯,David Tsai,在地嚮導 · 107 則評論 · 103 張相片,7 個月前,5 顆星,牛舌湯真的是必吃！
阿誠牛肉湯,BEAR WANG,在地嚮導 · 25 則評論 · 5 張相片,7 個月前,3 顆星,
阿誠牛肉湯,Kangwei,在地嚮導 · 117 則評論 · 433 張相片,7 個月前,5 顆星,這次點了清燙牛肉麵$120，份量很充足。
阿誠牛肉湯,林玟玲,3 則評論,7 個月前,5 顆星,"牛肉湯很好喝
老闆老闆娘態度很好"
阿誠牛肉湯,蘇羿云,7 則評論 · 6 張相片,7 個月前,5 顆星,
阿誠牛肉湯,Catherine Chuang,在地嚮導 · 26 則評論,7 個月前,5 顆星,愛情商店
阿誠牛肉湯,陳幸美,在地嚮導 · 80 則評論 · 91 張相片,7 個月前,5 顆星,
阿誠牛肉湯,Unie Yan,在地嚮導 · 25 則評論 · 30 張相片,7 個月前,5 顆星,"每次南下開會必吃店
老闆娘熱情和善
老闆帥氣手藝好

每次也都要打包帶回彰化，姪子指名必帶！"
阿誠牛肉湯,哈囉I’m Trista,8 則評論 · 10 張相片,8 個月前,5 顆星,
阿誠牛肉湯,Tsaihung Lin,在地嚮導 · 11 則評論 · 6 張相片,8 個月前,5 顆星,很好吃，吃的很飽
阿誠牛肉湯,Hensan Chen,"在地嚮導 · 279 則評論 · 5,666 張相片",8 個月前,5 顆星,
阿誠牛肉湯,uchen,在地嚮導 · 15 則評論 · 1 張相片,8 個月前,5 顆星,
阿誠牛肉湯,J C,在地嚮導 · 60 則評論 · 3 張相片,8 個月前,5 顆星,在地人才會來吃的 真的大推
阿誠牛肉湯,乘二,在地嚮導 · 36 則評論 · 6 張相片,8 個月前,5 顆星,
阿誠牛肉湯,陳秉閎,3 則評論,8 個月前,5 顆星,餐點份量很足 牛肉量超級多多多 老闆 老闆娘超客氣～
阿誠牛肉湯,Isaac,在地嚮導 · 20 則評論 · 9 張相片,8 個月前,5 顆星,"看到google評論而來
武聖夜市旁邊
中午剛去沒什麼人
點了牛舌湯、牛肉湯、肉燥飯、麻辣牛雜
牛舌湯一絕
牛舌又厚又軟
每個的份量真的很多
吃的超級飽
牛舌湯一碗才170元
已列入台南必吃小吃之一
其它菜色也好吃😋
吃完遇到老闆小聊幾句
很熱情的老闆
讓我開始期待下次的台南行了☺️"
阿誠牛肉湯,劉詠亭,3 則評論 · 1 張相片,8 個月前,5 顆星,一百分 牛舌湯太頂ㄌ⋯⋯
阿誠牛肉湯,sosohoi1,在地嚮導 · 18 則評論 · 8 張相片,8 個月前,5 顆星,湯頭台南甜但牛舌一絕，星期一找不到牛肉湯發現這家有開來試試，真心好吃
阿誠牛肉湯,彭啊抹,12 則評論 · 13 張相片,8 個月前,5 顆星,"看評論大家說牛舌湯很頂就點來喝喝看，吼真的超 級 好 喝！
牛舌切成薄片很嫩，而且每一片都不小！有些厚一點的也還是很嫩，真的是讓人驚艷的好吃！
湯也是很鮮甜、不膩，還可以免費續湯！
喝了牛舌湯之後朋友決定再加一碗牛肉湯，也是很好喝🥹🥹🥹
真的推推！

11點來不用排隊CP值高！
牛舌湯$170 牛肉湯$120 肉燥飯$20"
阿誠牛肉湯,yuchia 0516,7 則評論 · 11 張相片,8 個月前,5 顆星,
阿誠牛肉湯,真心不騙Toby,在地嚮導 · 23 則評論 · 12 張相片,8 個月前,5 顆星,"老闆真的讚
牛舌湯超級好喝，沒有地雷，都是恩典
份量大飽足感滿滿
耶和華祝福滿滿❤️"
阿誠牛肉湯,帥哥董事長,9 則評論 · 1 張相片,8 個月前,5 顆星,來買一定要吃牛肉炒飯.肉絲蛋炒飯.牛腩炒洋蔥.牛肉麵.牛肉湯.雙肝湯.這樣子就真的很滿足了
阿誠牛肉湯,Jay Huang,5 則評論,8 個月前,5 顆星,"第一次來點了牛肉、牛舌湯, 兩個字形容:
“驚豔”~ 😋👍🏻👍🏻👍🏻
下次來台南一定還會再來這家阿誠牛肉湯!!"
阿誠牛肉湯,楊惠文,8 則評論 · 1 張相片,8 個月前,1 顆星,
阿誠牛肉湯,Chun te Lee,在地嚮導 · 49 則評論 · 64 張相片,8 個月前,5 顆星,
阿誠牛肉湯,Jiajian Chen,在地嚮導 · 84 則評論 · 130 張相片,8 個月前,5 顆星,"很好喝的湯，又超大碗
有蘿蔔的清甜
牛肉軟軟好吃"
阿誠牛肉湯,Yun Lin,在地嚮導 · 73 則評論 · 36 張相片,8 個月前,5 顆星,"餐點份量很足麵多牛肉滿滿，吃得很滿足！
每次必點牛筋肉丼飯、牛肉湯！
味道很香，牛肉很新鮮沒有騷味！"
阿誠牛肉湯,蔡佩君,在地嚮導 · 116 則評論 · 548 張相片,8 個月前,5 顆星,"用料實在，價格便宜。真的是CP值爆表的點店家。紅燒湯頭是傳統的豆瓣醬的味道。熱炒類的也很好吃。

113/07/28 …"
阿誠牛肉湯,punny bid,在地嚮導 · 32 則評論,9 個月前,5 顆星,好吃
阿誠牛肉湯,譯,"在地嚮導 · 481 則評論 · 2,074 張相片",9 個月前,5 顆星,"突然發現這一家,牛肉新鮮湯頭好喝，肉量比其它間還多，餐點也滿多的，不輸其它名店"
阿誠牛肉湯,Lisa Han,"在地嚮導 · 533 則評論 · 1,139 張相片",9 個月前,5 顆星,這樣的價位這樣的美味，遠比夜市還高CP值！店內還有涼涼的冷氣吹！難怪朋友多次回訪並推薦我，紅燒牛肉麵牛腱入口即化下次要來試試老闆強力推薦的牛舌！老闆額頭忙碌的汗珠和離開前誠懇的詢問我們吃的如何？都說明他是充滿了熱誠在提供最美味的食物！
阿誠牛肉湯,HEI YU HI,在地嚮導 · 79 則評論 · 19 張相片,9 個月前,5 顆星,"讓人非常驚喜的店，當天所有點到品項都非常好吃，份量又大，主要是很喜歡家常菜味道的感覺！
大碗牛肉湯 牛肉很多很多，肉質嫩 好吃
牛肉米台目 好喜歡 麵qq的❤️❤️
燙青菜調味很足 高麗菜好好吃又多
只是夏天內容很熱，但店家貼心移動風扇給顧客，工業用風扇 夠涼快"
阿誠牛肉湯,陳春生,在地嚮導 · 1 則評論 · 1 張相片,9 個月前,4 顆星,
阿誠牛肉湯,許博偉,在地嚮導 · 50 則評論 · 239 張相片,9 個月前,5 顆星,便宜又大碗
阿誠牛肉湯,大海之子,"在地嚮導 · 315 則評論 · 2,420 張相片",9 個月前,5 顆星,"這種景氣下，還能這麼大口吃肉的店家
非屬阿誠牛肉湯了 …"
阿誠牛肉湯,Ethan Lin,"在地嚮導 · 565 則評論 · 1,594 張相片",9 個月前,5 顆星,
阿誠牛肉湯,單調,在地嚮導 · 21 則評論 · 15 張相片,9 個月前,5 顆星,很大一碗！！可以吃的超飽😆而且湯頭很鮮甜~值得來吃🥰🥰 …
阿誠牛肉湯,阿莎芯雅,6 則評論 · 1 張相片,9 個月前,5 顆星,台中逢甲來的，火車站租車大哥推薦，真的好吃，肉很軟，完勝逢甲牛肉麵，值得再來
阿誠牛肉湯,RZ,在地嚮導 · 10 則評論 · 17 張相片,9 個月前,5 顆星,"台中人去玩，看到現場很多在地人在吃。

老闆、老闆娘非常客氣人非常好👍 …"
阿誠牛肉湯,Thomas Long,在地嚮導 · 29 則評論 · 214 張相片,9 個月前,5 顆星,肉質軟嫩、湯頭清甜、座位舒適、老闆客氣有禮，餐點份量十足，CP值非常高，絕對值得再來。
阿誠牛肉湯,陳代勳,在地嚮導 · 73 則評論 · 67 張相片,10 個月前,5 顆星,便宜料多好吃的餐點
阿誠牛肉湯,徐志帆,在地嚮導 · 39 則評論 · 14 張相片,10 個月前,5 顆星,"滷肉飯好吃，愛吃Q Q的肥肉，不要錯過°
牛肉湯也超多湯，湯也很甜且免費續。"
阿誠牛肉湯,Function Liao,4 則評論 · 2 張相片,10 個月前,5 顆星,"兩人點了一碗清燉牛肉麵、滷牛腱、滷牛肚、牛舌炒及燙青菜。牛肉麵Q彈有勁好吃，有牛腱和牛肉片，牛肉片很軟嫩😋。

牛舌炒讓人驚豔開胃，第一次出來玩會羨慕在地人可以隨時到訪品嚐美食！！！ …"
阿誠牛肉湯,伶樺,在地嚮導 · 48 則評論 · 33 張相片,10 個月前,5 顆星,"大愛💗牛舌湯！超好吃很嫩、量多，下次一定要再來吃！

老闆娘很親切😇 …"
阿誠牛肉湯,吳欣怡,在地嚮導 · 199 則評論 · 42 張相片,10 個月前,5 顆星,假日來人超多需等待，份量大，好吃。
阿誠牛肉湯,WU Chun,1 則評論,10 個月前,5 顆星,餐點真的好吃，價格也公道。點了牛肉湯、牛舌丼飯、牛肉麵、牛肉蛋炒飯每一道全家都吃得很開心。
阿誠牛肉湯,Ivan083,在地嚮導 · 37 則評論 · 54 張相片,10 個月前,5 顆星,
阿誠牛肉湯,59王冠雲,,10 個月前,5 顆星,
阿誠牛肉湯,Jason Wang,在地嚮導 · 87 則評論 · 5 張相片,10 個月前,5 顆星,牛舌湯好喝！老闆很親切+1分
阿誠牛肉湯,Peter Chou,9 則評論 · 5 張相片,10 個月前,5 顆星,"超級好吃 從學生時代吃到出社會
料好實在服務態度親切，大力推薦"
阿誠牛肉湯,沈小岑,9 則評論 · 4 張相片,10 個月前,5 顆星,老闆熱情，牛舌湯超讚
阿誠牛肉湯,Terrence Hui,在地嚮導 · 1 則評論,10 個月前,5 顆星,
阿誠牛肉湯,L•Lawliet,在地嚮導 · 291 則評論 · 756 張相片,10 個月前,5 顆星,好吃的牛肉專賣店，牛肉麵的肉非常的軟，炒類也有很高的水準，價格不貴份量多
阿誠牛肉湯,薛弘淵,在地嚮導 · 168 則評論 · 288 張相片,10 個月前,5 顆星,好吃份量超足，還會再來吃。
阿誠牛肉湯,バナ（阿蕉）,在地嚮導 · 22 則評論 · 1 張相片,10 個月前,5 顆星,好吃，有冷氣
阿誠牛肉湯,廖明俊,在地嚮導 · 1 則評論 · 1 張相片,11 個月前,5 顆星,
阿誠牛肉湯,Oü,在地嚮導 · 19 則評論 · 7 張相片,11 個月前,5 顆星,"餐點很好吃，牛肉湯冬粉裡面還有幾片牛腱，涼拌牛雜很夠味。
價錢不貴，用料實在。CP值偏高。
老闆跟老闆娘都很客氣、親切。
推👍👍讚 …"
阿誠牛肉湯,tien orange,在地嚮導 · 36 則評論 · 19 張相片,11 個月前,5 顆星,"中午去外帶了一份 滷牛肉便當.
80元的便當 讓我吃的很滿足.
在這物價飛漲 許多店家都吃不消原物料上漲的時代.店家依然腳踏實地的堅持.
老闆娘 人很好，滷牛肉片味道很恰當.沒有過份的八角味也相當好入口 不乾柴.
相信牙口不好的人 也能輕鬆入口.
希望這美味又實際店家 大家能去多捧場.
真的比起一些網紅店請部落客寫文章的店家
， 阿誠的CP值好上太多 👍"
阿誠牛肉湯,胡朝陽,在地嚮導 · 90 則評論,11 個月前,5 顆星,"大推，真是佛心…不對是神恩浩蕩來著，是我吃過最好吃的滷牛舌，份量大又不貴，肉湯普普，不過份量上也令人滿意，絕對是填飽肚子的好選擇。
只是內用的話現場的狀況可能不太舒服。"
阿誠牛肉湯,Lovely_momo,在地嚮導 · 423 則評論 · 471 張相片,11 個月前,4 顆星,"紅燒牛肉好像是蕃茄的湯底
是不錯吃，口味是偏甜的"
阿誠牛肉湯,陳聖銓,1 則評論,11 個月前,5 顆星,本地人介紹 大份價格親民 好吃
阿誠牛肉湯,hank Y,在地嚮導 · 177 則評論 · 126 張相片,11 個月前,5 顆星,"老闆跟老闆娘都很熱情也好聊❤️
餐點超級好吃！！尤其牛舌湯超頂!
非常會煮ㄋㄟ！ …"
阿誠牛肉湯,陳Sir,在地嚮導 · 10 則評論 · 11 張相片,11 個月前,5 顆星,湯頭很好，屬於清湯牛肉麵，牛腩很好吃，牛排也不錯，不貴，真的很大碗，CP值很高，老闆娘很熱情接待，值得一去再去。
阿誠牛肉湯,CY C,在地嚮導 · 92 則評論 · 246 張相片,11 個月前,4 顆星,牛肉飯配菜不油，牛肉麵跟飯份量十足 CP高
阿誠牛肉湯,elson kawit,2 則評論,1 年前,5 顆星,來這裡包你吃飽飽，同時還能感受到老闆跟老闆娘滿滿的愛，值得大推善良店家。
阿誠牛肉湯,Lar DecKX,在地嚮導 · 22 則評論 · 12 張相片,1 年前,5 顆星,猛到不行 牛舌湯的牛舌有種吃和牛的香氣
阿誠牛肉湯,蔡氏清水,在地嚮導 · 41 則評論 · 11 張相片,1 年前,5 顆星,牛肉會動
阿誠牛肉湯,DZ YI Lee,在地嚮導 · 50 則評論 · 441 張相片,1 年前,5 顆星,青菜炒牛肉+牛肝肉湯，很飽！ CP值高
阿誠牛肉湯,孫孫,在地嚮導 · 165 則評論 · 513 張相片,1 年前,4 顆星,好吃！！服務好~
阿誠牛肉湯,莊采蓉,在地嚮導 · 96 則評論 · 2 張相片,1 年前,5 顆星,這是我吃過最值得的店了
阿誠牛肉湯,Youchun Chen,"在地嚮導 · 431 則評論 · 1,539 張相片",1 年前,4 顆星,"份量足 價位親民
口味個人也覺得不錯"
阿誠牛肉湯,葦葦,8 則評論,1 年前,5 顆星,"牛舌湯真的必點，非常好吃!
老闆、老闆娘很熱情招待客人~~"
阿誠牛肉湯,Hsin Yeh,在地嚮導 · 163 則評論 · 30 張相片,1 年前,5 顆星,"真是俗又大碗～
日常生活用餐的口袋名單"
阿誠牛肉湯,譚世毅,11 則評論 · 4 張相片,1 年前,4 顆星,CP值很高的店，湯頭是台南口味，老闆娘充滿熱情，會讓人想回訪的店家
阿誠牛肉湯,Frank Chen,"在地嚮導 · 662 則評論 · 6,411 張相片",1 年前,5 顆星,牛肉湯肉多大碗好喝，滷肉飯鹹甜適中，蔥蛋也有份量，這家真的是平價美食，最重要的重點是..老闆娘很親切，還會注意客人的用餐情況，對面空地也好停車，真心認真推，下次再來嚐嚐其他料理。
阿誠牛肉湯,戴閏生,1 則評論 · 1 張相片,1 年前,5 顆星,武聖夜市旁 湯頭鮮 肉質甜嫩 好吃😋 …
阿誠牛肉湯,鄭茗河（River）,"在地嚮導 · 80 則評論 · 2,548 張相片",1 年前,4 顆星,"開在武聖夜市旁的牛肉湯店
但不單純賣牛肉湯，還有很多牛肉系列的主食，例如紅燒牛肉麵、清燉牛肉麵、牛肉丼飯、牛肉板條

這次用餐是點牛肉湯加肉燥飯還有蔥蛋
肉燥飯滿好吃的是肥肉比較多的那種
蔥蛋也蠻香的外面有一點恰恰的
牛肉肉湯的部分肉很特別，有點脆脆的，比較少吃到這種口感

老闆和老闆娘應該是基督徒，招牌有很多耶穌愛你的標語

內用的位置有一種家常感也算是特別

住附近的話可吃吃看"
阿誠牛肉湯,Nickyin Wu,在地嚮導 · 23 則評論 · 33 張相片,1 年前,5 顆星,
阿誠牛肉湯,王勇智,"在地嚮導 · 518 則評論 · 3,045 張相片",1 年前,5 顆星,"份量超多、CP值超高的牛肉湯店！點了大碗肝肉湯，牛肉超多，差點吃不完！魯牛肉便當才90元，牛肉塊超多、牛肉軟嫩入味！還有一顆荷包蛋；泰式打拋豬肉麵也是滿滿一碗，味道是咖喱味，不會辣。
牛肉炒飯焦香美味，也是好吃！ …"
阿誠牛肉湯,ladin Pan,在地嚮導 · 38 則評論 · 3 張相片,1 年前,5 顆星,"牛肉湯大碗好喝
老闆娘人很好"
阿誠牛肉湯,陳給力,在地嚮導 · 319 則評論 · 935 張相片,1 年前,5 顆星,不起眼的店，但是料好實在
阿誠牛肉湯,高韋婕,在地嚮導 · 25 則評論 · 14 張相片,1 年前,4 顆星,牛肉湯讚讚讚
阿誠牛肉湯,Lee Peggy,"在地嚮導 · 1,194 則評論 · 9,013 張相片",1 年前,5 顆星,位於武聖夜市旁的牛肉專賣店，各式牛肉料理及少量豬肉料理，主打熱炒、丼飯、牛肉湯，份量大、湯可續，大推香爆牛腩筋，讓心靈及身體都十分飽足的店家，夜市未開時週邊好停車（白線及空地），現金交易。
阿誠牛肉湯,Wang BB,在地嚮導 · 152 則評論 · 164 張相片,1 年前,4 顆星,"食材料足可吃的很飽
口味略清淡的家常菜
老闆服務親切"
阿誠牛肉湯,000ᄀᄀᄀ,在地嚮導 · 63 則評論 · 17 張相片,1 年前,5 顆星,餐點口味不錯，經濟實惠，東西料很多！老闆很棒！
阿誠牛肉湯,Ling,在地嚮導 · 129 則評論 · 2 張相片,1 年前,5 顆星,"一大早隨意找的一間店
牛肉湯好喝，牛肉飯好吃不油膩
菜乾淨不會過度油膩"
阿誠牛肉湯,楊婷琋,12 則評論 · 26 張相片,1 年前,5 顆星,"到台南搜尋離住宿較近且評價高的牛肉湯店，剛好阿城牛肉湯符合條件雖沒聽過但還是抱著試試看的心態去嚐嚐，結果真沒失望
一碗120元肉多肉嫩 CP值超高、牛頰肉也很好吃一盤一百多而已若在台北肯定要超過200以上，用餐環境就一般般店面，但是不用排隊有能吃到不錯又料多的牛肉湯，地點在武聖夜市對面，老闆們很客氣親切ㄛ …"
阿誠牛肉湯,鄭怡欣,13 則評論 · 10 張相片,1 年前,5 顆星,"牛肉湯超好吃🥹🥹🥹
Cp值很高"
阿誠牛肉湯,年少有才,9 則評論 · 1 張相片,1 年前,5 顆星,台北專程去吃，塞車太晚到，很可惜沒吃到，但老闆跟闆娘很客氣，聽到台北來的，還招待一下，下次一定要吃到，祝老闆闆娘新年快樂，生意興隆
阿誠牛肉湯,Erine Wg,在地嚮導 · 34 則評論 · 27 張相片,1 年前,2 顆星,"看評價過來吃的
以往因為懶得排隊都隨便吃
隨便一家都不會太難吃
但這間真的不合胃口
湯很鹹
肉上來是全熟
炒菜無鍋氣
牛肉麵湯頭像粉泡的
雖然價格真的是很便宜
但點的東西沒一樣吃得完"
阿誠牛肉湯,胡廷倫,在地嚮導 · 115 則評論 · 236 張相片,1 年前,3 顆星,"炒飯普通 不夠香
牛肉麵 麵條蠻Q彈不錯 牛肉軟嫩 可惜湯頭只有豆瓣醬味
炒牛肉、牛舌 還不錯
牛肉湯中規中矩 薑絲要自己加"
阿誠牛肉湯,陳俊傑攝影師,在地嚮導 · 7 則評論 · 442 張相片,1 年前,5 顆星,台南市最值得體驗的美食。點牛排一份，附青菜和白飯，還有清湯一碗，同行的人就再點份牛肉湯。。。就真的幸福吃到飽了
阿誠牛肉湯,綠綠,在地嚮導 · 23 則評論 · 7 張相片,1 年前,5 顆星,服務態度很好 東西好吃
阿誠牛肉湯,Meaave,在地嚮導 · 53 則評論 · 97 張相片,1 年前,1 顆星,一直幫外帶做餐，內用等的要死，請搞清楚做餐順序好嗎？？？？？？
阿誠牛肉湯,Mickey,10 則評論 · 2 張相片,1 年前,5 顆星,"全台南最優的牛肉湯店
牛肉丼飯獨一無二
特地從高雄開車來吃很滿意
完全媲美米其林美食👍"
阿誠牛肉湯,張嘻嘻,在地嚮導 · 43 則評論 · 17 張相片,1 年前,5 顆星,料多肉鮮，推一個
阿誠牛肉湯,Rachel LAU,在地嚮導 · 57 則評論 · 18 張相片,1 年前,3 顆星,肉絲炒飯沒炒香，肉蛋料太少
阿誠牛肉湯,陳若耶,在地嚮導 · 41 則評論 · 93 張相片,1 年前,5 顆星,親切，不用等太久，湯多好喝。
阿誠牛肉湯,鄒蓓蓓,12 則評論 · 2 張相片,1 年前,5 顆星,"老闆態度親切
牛肉湯好喝👍"
阿誠牛肉湯,吳佩樺,6 則評論,1 年前,5 顆星,老闆親切服務好價格實在又公道
阿誠牛肉湯,陳立恆,4 則評論,1 年前,5 顆星,
阿誠牛肉湯,張嘻嘻,11 則評論 · 2 張相片,1 年前,5 顆星,料多好吃！推一個
阿誠牛肉湯,johnson Wang,11 則評論 · 6 張相片,1 年前,5 顆星,我是台南人，我很推薦這家哦
阿誠牛肉湯,四處旅遊的人,在地嚮導 · 46 則評論 · 38 張相片,1 年前,5 顆星,"Cp值很高
吃到超飽的"
阿誠牛肉湯,Kle,在地嚮導 · 25 則評論 · 15 張相片,1 年前,5 顆星,"超級驚艷的料理，而且不用排隊。
牛肉湯一大碗，肉多鮮甜，還可以免費加湯。
肉臊飯也是燉的相當入味。
蔥爆牛腩筋更是必點，入口即化卻保有彈性，超級好吃。
兩個人吃下來五百有找，真的超推。"
阿誠牛肉湯,zuojian1898,"在地嚮導 · 433 則評論 · 7,744 張相片",1 年前,5 顆星,"服務態度非常好，推薦

相思牛筋肉丼飯 …"
阿誠牛肉湯,Cheng Chih Shao,2 則評論 · 1 張相片,1 年前,5 顆星,
阿誠牛肉湯,Minhan Wu,44 則評論 · 64 張相片,1 年前,5 顆星,沒想到選舉竟然會影響來客率，大家趕緊來吃美味的牛舌湯
阿誠牛肉湯,吳克倫,在地嚮導 · 42 則評論 · 65 張相片,1 年前,5 顆星,東西如同店名，誠意滿滿，料好實在，服務更是親切，尤其是炒牛舌，是我這輩子吃過最最最好吃的牛舌！（太好吃所以來不及拍照）
阿誠牛肉湯,小晴૮ • ᴥ • ა,在地嚮導 · 27 則評論,1 年前,5 顆星,"真的超喜歡牛肉湯 超好喝啊啊啊啊😭
老闆跟老闆娘都很nice
只是店面有點小 招牌有點不顯眼 不過不影響他的美味❀(*´▽`*)❀ …"
阿誠牛肉湯,陳怡婷,4 則評論 · 1 張相片,1 年前,5 顆星,"高麗菜牛舌好吃
店員很有禮貌
還貼心的問青菜重複要不要更換"
阿誠牛肉湯,Cindy Huang,5 則評論 · 30 張相片,1 年前,5 顆星,老闆人很親切，食物超級好吃！
阿誠牛肉湯,hapi ma,在地嚮導 · 171 則評論 · 511 張相片,1 年前,5 顆星,"炒牛腩筋很好吃，料爆多
牛舌湯是整片牛舌去切長條型，跟我想像有點不同，加點米酒跟薑絲好喝！
青菜一份30有二種菜雙拼也很好吃喔！ …"
阿誠牛肉湯,魏妙玲,11 則評論 · 4 張相片,1 年前,5 顆星,肉好好吃😋，又好多！值得再吃！ …
阿誠牛肉湯,J Y,在地嚮導 · 30 則評論 · 8 張相片,1 年前,5 顆星,不需多說 真的很好吃👍🥰 …
阿誠牛肉湯,王志軒,在地嚮導 · 53 則評論 · 34 張相片,1 年前,5 顆星,"平價份量超大，蔥爆牛腩筋超好吃😋
牛舌湯也很不錯，高CP值店！"
阿誠牛肉湯,C H,在地嚮導 · 49 則評論 · 27 張相片,1 年前,5 顆星,
阿誠牛肉湯,rena Chen,在地嚮導 · 82 則評論 · 38 張相片,1 年前,5 顆星,"紅燒牛肉麵很讚，肉超多😋
牛肉湯超大一碗，份量也超足夠"
阿誠牛肉湯,許育宇,在地嚮導 · 44 則評論 · 6 張相片,1 年前,5 顆星,份量大，味道也棒
阿誠牛肉湯,C Y,"在地嚮導 · 1,093 則評論 · 4,430 張相片",1 年前,4 顆星,牛舌很嫩超級多，麻辣牛雜調味清爽
阿誠牛肉湯,瑋兒,在地嚮導 · 49 則評論 · 5 張相片,1 年前,5 顆星,"點了紅燒牛肉麵、青菜炒牛肉、蔥蛋、肉臊飯，
還有附一碗清湯
光是鮮味滿滿的清湯就令人驚豔，
食物美味且份量十足，價位也合理
值得推薦～"
阿誠牛肉湯,Arrow Lin,在地嚮導 · 167 則評論 · 52 張相片,1 年前,5 顆星,好吃，祝福老闆夫妻生意興隆
阿誠牛肉湯,Chloe Lin,在地嚮導 · 46 則評論 · 11 張相片,1 年前,5 顆星,超級好吃，老闆又親切和善，已經吃5-6次，每次來台南就是要吃阿誠！牛舌湯推爆！湯是舒服溫和的湯，牛肉湯料也超多超佛心，肉軟嫩好吃，絕對給阿誠六星好評🤍🤍🤍 …
阿誠牛肉湯,LiYu Lu,在地嚮導 · 85 則評論 · 54 張相片,1 年前,5 顆星,還蠻不錯的，值得專程來
阿誠牛肉湯,Maëva,在地嚮導 · 16 則評論 · 24 張相片,1 年前,5 顆星,"開在武聖夜市旁邊
招牌有點不顯眼要仔細找一下
📍紅燒牛肉麵 $120 …"
阿誠牛肉湯,Delia Wang,11 則評論,1 年前,5 顆星,
阿誠牛肉湯,Sho Wombat,"在地嚮導 · 597 則評論 · 2,032 張相片",1 年前,4 顆星,牛肉湯很大碗湯頭味道不錯，肉感覺像板腱肉，肉燥飯的米飯口感略糊稍微差了一點。
阿誠牛肉湯,Leo 6,在地嚮導 · 63 則評論 · 29 張相片,1 年前,5 顆星,"台南牛肉湯果然不用排隊
隨便選一家就超好吃
好吃到吃完才後悔沒拍照 …"
阿誠牛肉湯,魏麗珍,在地嚮導 · 71 則評論 · 330 張相片,1 年前,5 顆星,價廉味鮮 cp值高
阿誠牛肉湯,Chloe lee,9 則評論 · 11 張相片,1 年前,5 顆星,欠吃
阿誠牛肉湯,Hi MJ,"在地嚮導 · 891 則評論 · 1,024 張相片",1 年前,5 顆星,牛肉清湯也好喝 價廉味鮮 如果有六顆星 我推這家
阿誠牛肉湯,林秋華,3 則評論,1 年前,5 顆星,
阿誠牛肉湯,詹偉宏,在地嚮導 · 73 則評論 · 228 張相片,1 年前,5 顆星,好吃~服務態度佳~
阿誠牛肉湯,黃麟惠,在地嚮導 · 9 則評論 · 26 張相片,1 年前,5 顆星,"牛肉麵好好吃😋
炒牛舌也很好吃😋
老闆很親切😊"
阿誠牛肉湯,LM TSENG,在地嚮導 · 125 則評論 · 138 張相片,1 年前,5 顆星,炒牛腩必點，筋軟Q量多。牛肉湯好大一碗，提醒可以續湯棒，鐵腕裝好大一碗，肉不算少，很推CP值高
阿誠牛肉湯,黃小婕,在地嚮導 · 72 則評論 · 112 張相片,1 年前,5 顆星,招牌牛舌湯和洋蔥炒牛腩真的叫必點，湯真的好喝。建議非假日來
阿誠牛肉湯,Yu-ning Chiu,在地嚮導 · 20 則評論 · 5 張相片,1 年前,5 顆星,
阿誠牛肉湯,Camlinng Liao,在地嚮導 · 122 則評論 · 48 張相片,1 年前,5 顆星,"牛肉湯牛肉份量多，口味還不錯
就在武聖夜市對面"
阿誠牛肉湯,ORZ,在地嚮導 · 96 則評論 · 81 張相片,1 年前,5 顆星,"牛舌丼飯 還附一碗湯
好吃 讚！"
阿誠牛肉湯,Jackson Hu,18 則評論,1 年前,5 顆星,老闆和老闆娘態度親切，餐點平價好吃～
阿誠牛肉湯,邱kevin,在地嚮導 · 25 則評論 · 6 張相片,1 年前,5 顆星,"阿誠牛肉湯的特色就是好吃，
湯大碗肉又多，推薦香爆牛腩筋，牛腩一咬就化開一點都不黏牙。
店家對牛腩筋烹煮的火侯掌握的恰到好處
牛肉湯完全是牛大骨熬出來的鮮味
每早一大鍋牛骨及牛男牛舌熬出來鮮美的湯頭
牛小排套餐也極超值
牛肉燥飯讓人一吃就停不下來。
這家店好停車又美味，是值得一吃再吃的良心美食餐廳"
阿誠牛肉湯,Min,9 則評論 · 1 張相片,1 年前,5 顆星,
阿誠牛肉湯,Eric,在地嚮導 · 207 則評論 · 279 張相片,1 年前,5 顆星,"平價又好吃
每次來台南都一定要來吃一下
意猶未盡啊 …"
阿誠牛肉湯,Yun Chieh Tsai,11 則評論 · 6 張相片,1 年前,5 顆星,
阿誠牛肉湯,Vishir CHEN,在地嚮導 · 35 則評論 · 33 張相片,1 年前,5 顆星,"超好喝！牛肉湯的湯頭感覺是用很多玉米蔬菜熬煮而成的，喜歡蔬菜湯底的人應該會愛。
紅燒牛肉麵的湯和麵也超讚！麵體吃起來感覺像烏龍麵，紅燒湯頭有濃郁香氣，牛肉給的超大方、超多塊，又滷的很入味，真的超好吃！
老闆態度也好好，超級推薦的！
下次來台南也要來吃～"
阿誠牛肉湯,張玉麗,2 則評論,1 年前,5 顆星,阿誠牛肉湯的客人大家好、謝謝大家一直的支持跟相挺！我要回大陸10天、9月25日開始休到10月6日開始營業！謝謝大家！祝福大家平安喜樂！
阿誠牛肉湯,Mary Chiu,15 則評論 · 1 張相片,1 年前,5 顆星,牛肉湯鮮甜，滷肉飯香又可口。老闆推薦的招牌菜好吃。服務態度優良，令人想一再造訪。
阿誠牛肉湯,趙筱琪,6 則評論,1 年前,1 顆星,今天休息也不會公告。特意跑來吃，結果撲空。有夠爛
阿誠牛肉湯,Han (Han),在地嚮導 · 27 則評論 · 8 張相片,1 年前,5 顆星,喝過最好喝的牛肉湯 不油不膩 味道清爽又香 裡面牛肉又很軟 每次來台南 要喝牛肉湯都買這家
阿誠牛肉湯,Corgi huang,在地嚮導 · 114 則評論 · 143 張相片,1 年前,5 顆星,"牛舌湯跟牛肉湯都超級大碗😳
喝的第一口就覺得很驚艷
原本還害怕牛舌味道會很腥，但其實不太會，如果中途吃到一兩片有點腥味也可以用薑絲醬油豆瓣醬帶過。 …"
阿誠牛肉湯,星が輝く夜,在地嚮導 · 44 則評論 · 1 張相片,1 年前,4 顆星,蠻好吃的|˛˙꒳˙)♡⁠
阿誠牛肉湯,歪歪,在地嚮導 · 16 則評論 · 11 張相片,1 年前,5 顆星,老闆老闆娘人超級無敵好！！！4點台北下班衝下來就只為了喝阿誠！重點是超好吃超好喝！牛舌真的超好吃超值得❤️牛肉湯是心目中的第一名🏆瞬間開車的疲勞都不見了！ …
阿誠牛肉湯,王柏凱,在地嚮導 · 31 則評論 · 51 張相片,1 年前,5 顆星,"老闆很有親和力
餐點份量足哦👍 …"
阿誠牛肉湯,Bernie,在地嚮導 · 256 則評論 · 294 張相片,1 年前,5 顆星,"牛舌湯跟肉燥飯
牛舌湯腥味很重不是很愛
肉燥飯看著重口味道清淡
推薦逛夜市沒吃飽再來嚐鮮"
阿誠牛肉湯,Eason Chen,在地嚮導 · 21 則評論 · 4 張相片,1 年前,5 顆星,老闆和老闆娘非常親切，對小孩也很友善，東西好吃又大碗，帶妻小亂繞意外收穫的店，下次一定會再訪！
阿誠牛肉湯,CP Wang,在地嚮導 · 23 則評論 · 169 張相片,1 年前,5 顆星,
阿誠牛肉湯,振興醫美,2 則評論,1 年前,5 顆星,老闆和老闆娘非常善良熱情，餐點現作，新鮮美味😋～ …
阿誠牛肉湯,子恆,12 則評論,1 年前,5 顆星,"每到台南必報到，
牛舌很讚，湯頭更令人回味❤️
很推很推～"
阿誠牛肉湯,Da Xiong Lin,在地嚮導 · 155 則評論 · 77 張相片,1 年前,5 顆星,跟一般傳統牛肉湯店不同的是牛肉丼，滿滿的肉片上覆蓋完美的荷包蛋，值得多來幾次。
阿誠牛肉湯,gloria huang,7 則評論 · 1 張相片,1 年前,5 顆星,"牛肉湯湯頭很清甜
炒牛舌的
肉質很嫩謝謝你們做吃用心料理"
阿誠牛肉湯,阿雄,在地嚮導 · 26 則評論 · 18 張相片,1 年前,5 顆星,牛舌必點，我沒了
阿誠牛肉湯,妹妹哥哥,在地嚮導 · 5 則評論 · 6 張相片,1 年前,5 顆星,所有東西都好吃，尤其是老闆推薦的蔥爆牛腩
阿誠牛肉湯,王ox,5 則評論,1 年前,5 顆星,牛肉湯味道很棒，牛肉味道很濃👍 …
阿誠牛肉湯,洪珮語,7 則評論 · 8 張相片,1 年前,5 顆星,偶然發現的在地小店。牛肉麵料很足，喜歡吃辣的可以直接點大辣⋯自製榨菜就是讚！老闆人超級好，很有耐心又親切，出遊遇上颱風天，被帶著香氣的湯頭溫暖了⋯
阿誠牛肉湯,北科大-教務處-李玉如,在地嚮導 · 77 則評論 · 100 張相片,1 年前,5 顆星,好吃
阿誠牛肉湯,凃佩岑,8 則評論,1 年前,5 顆星,讚啦👍值得推薦 …
阿誠牛肉湯,Han,在地嚮導 · 17 則評論 · 1 張相片,1 年前,5 顆星,"老闆人真的好好 東西也好好吃🥺🥺🥺
快來快來 …"
阿誠牛肉湯,綠光,在地嚮導 · 16 則評論 · 1 張相片,1 年前,5 顆星,牛井飯好好吃喔 飯又多 牛肉湯可以免費續湯
阿誠牛肉湯,淋雨,3 則評論 · 1 張相片,1 年前,5 顆星,"老闆很熱情 紅燒牛肉麵好吃
不怕辣的可以考慮大辣
走之前還外帶了牛肉湯 讚讚"
阿誠牛肉湯,唐漢,13 則評論 · 2 張相片,1 年前,5 顆星,疼惜太太，夏天不下廚。一定要來阿誠牛肉湯朝聖，十幾年來的好味道，阿誠是我們的日常餐食，從來不令人失望！推薦牛肉湯 牛筋 牛肚 牛肉炒飯，如果你是大胃王，那牛肉麵值得把握，絕對值五顆星！
阿誠牛肉湯,黃玉琴,14 則評論,1 年前,5 顆星,萬物齊漲，阿誠牛肉湯竟然還能夠如此物美價廉，坐在冷氣房，享受老闆娘親自煮食的美味餐點，實在佛心！
阿誠牛肉湯,嚴信義,在地嚮導 · 87 則評論 · 2 張相片,1 年前,3 顆星,"3顆星給耶穌基督
牛舌湯的湯頭不行
牛小排很柴  實在吃不下 …"
阿誠牛肉湯,蔓蒂陳,17 則評論,1 年前,5 顆星,
阿誠牛肉湯,洪Bala,4 則評論 · 1 張相片,1 年前,5 顆星,"東西好吃
深受家人喜愛
老闆跟老闆娘人也很熱情"
阿誠牛肉湯,小傑（Jason Liu）,在地嚮導 · 77 則評論 · 103 張相片,1 年前,5 顆星,"店家的牛肉麵很棒➡️  （紅燒）
外帶湯粉多 肉燥飯也很棒 建議肉燥淋濕一點
更棒哦！ 去現場吃 可以向店家取牛肉清湯
店家人很好 路過附近不坊來嚐嚐吧！😁 …"
阿誠牛肉湯,vic huang,在地嚮導 · 37 則評論 · 5 張相片,1 年前,5 顆星,老闆娘挺好客的，肉量跟燙青菜的量都很大！
阿誠牛肉湯,Ďz,在地嚮導 · 184 則評論 · 2 張相片,1 年前,3 顆星,口味普通，但份量上很多價格便宜
阿誠牛肉湯,Annie Lu,在地嚮導 · 33 則評論 · 5 張相片,1 年前,5 顆星,
阿誠牛肉湯,胡名威,在地嚮導 · 12 則評論 · 11 張相片,1 年前,5 顆星,昨天傍晚初次造訪，點了紅燒牛肉麵、大碗牛肉湯及超讚臉頰肉切片，一家三口吃得非常開心，老闆經過時親切地說牛肉湯非常營養，如果喝完想再喝都可以續，即使份量已經十分飽足，還是忍不住續了一次好喝的牛肉湯，雖然外面下著難得一見的傾盆大雨，老闆娘貼心詢問是否有帶傘，都讓人留下溫暖且深刻的印象，下次再到臺南一定會回訪的店家。
阿誠牛肉湯,諺達,11 則評論 · 11 張相片,1 年前,5 顆星,好吃😋 …
阿誠牛肉湯,朱立綺,7 則評論 · 1 張相片,1 年前,5 顆星,魯肉飯好吃👍👍服務棒棒 …
阿誠牛肉湯,YuChuan Tang (Eva),"在地嚮導 · 341 則評論 · 2,099 張相片",1 年前,5 顆星,還沒爆紅的美食店！牛舌湯真的大碗料多，而且口感嫩，再帶有一點嚼勁。老闆人真的很熱情，很有老台南味道的一家店。
阿誠牛肉湯,Johannes Frank,在地嚮導 · 182 則評論 · 211 張相片,1 年前,5 顆星,我來台灣已經八個星期了。回想起來，我在這裡吃到了全台灣最好吃的牛肉湯。
阿誠牛肉湯,蔡博緯,在地嚮導 · 17 則評論 · 20 張相片,1 年前,5 顆星,雖然沒吃過但覺得很好吃
阿誠牛肉湯,Naomi Cheng,在地嚮導 · 62 則評論 · 73 張相片,1 年前,5 顆星,"牛肉湯跟牛舌湯都很好吃，很鮮甜，老闆也很客氣～
原本只有點牛肉湯，推薦我們牛舌的，吃一碗好吃又再點一碗～"
阿誠牛肉湯,Chen-Wei Lai,在地嚮導 · 63 則評論 · 4 張相片,1 年前,5 顆星,老闆、老闆娘待人和善，親切！牛肉湯好喝😋每次下台南玩都會繞道去吃。 …
阿誠牛肉湯,Louisa Yu,在地嚮導 · 10 則評論 · 17 張相片,1 年前,5 顆星,"牛舌湯非常鮮美好喝
喝完還可以加湯
肉量給得十分滿足
來台南不想擠名店 大推這間

老闆笑容親切 熱情招呼"
阿誠牛肉湯,黃仁杰,"在地嚮導 · 357 則評論 · 1,199 張相片",1 年前,5 顆星,牛舌湯牛舌超嫩 湯頭濃郁好喝👍👍👍 …
阿誠牛肉湯,王柏瑄,在地嚮導 · 30 則評論 · 64 張相片,1 年前,5 顆星,👍 …
阿誠牛肉湯,yanwei Chen,在地嚮導 · 8 則評論 · 2 張相片,1 年前,5 顆星,
阿誠牛肉湯,蘇希希,4 則評論,1 年前,5 顆星,如果只是想吃一點的話就不要考慮這間，這間的份量真的是很大，通常來說這樣的份量跟材料跟價錢完全對不上(便宜)，不過如果把肉片跟肉筋分開的話應該會更好
阿誠牛肉湯,吳政偉,在地嚮導 · 96 則評論 · 42 張相片,1 年前,5 顆星,今午媽媽生病想吃牛肉，恰巧經過阿誠，本不知道該點哪個餐點？老闆熱心介紹『香爆牛腩筋+白飯』附贈『牛骨湯』，媽媽吃得很開心，直說身體康復後要來店光顧。
阿誠牛肉湯,劉澔澤,在地嚮導 · 30 則評論 · 9 張相片,1 年前,5 顆星,吃很多年了，料多味美實在，老闆跟老闆娘人又親切，真希望芒果冰能回歸！
阿誠牛肉湯,曾廷裕,在地嚮導 · 29 則評論 · 2 張相片,1 年前,5 顆星,東西好吃！人也很客氣！讚
阿誠牛肉湯,Daisy “西西兒” Jhan,在地嚮導 · 21 則評論 · 20 張相片,2 年前,5 顆星,老闆親切熱心 牛肉湯大碗實在兩人喝一碗沒問題👌🏼大推薦逛夜市可以順便來喝碗熱湯喲👍🏻 …
阿誠牛肉湯,張秀雅（changhsiuya）,在地嚮導 · 136 則評論 · 95 張相片,2 年前,4 顆星,牛肉滑順口感不會柴☺️
阿誠牛肉湯,Al “Alaraxia” CH,在地嚮導 · 20 則評論 · 6 張相片,2 年前,5 顆星,牛肉麵很好吃，他們給了很好的吃法建議！
阿誠牛肉湯,Chak Tse,在地嚮導 · 63 則評論 · 11 張相片,2 年前,5 顆星,
阿誠牛肉湯,Jack志,在地嚮導 · 130 則評論 · 3 張相片,2 年前,5 顆星,牛肉湯鮮甜，肉質滑嫩，涼拌的麻辣牛雜好吃有特色，老闆也很客氣，願意等我們忘了帶錢的客人
阿誠牛肉湯,hsuan y,2 則評論,2 年前,5 顆星,
阿誠牛肉湯,徐珮甄,7 則評論 · 6 張相片,2 年前,5 顆星,老闆娘是天使
阿誠牛肉湯,李東陵,在地嚮導 · 19 則評論 · 4 張相片,2 年前,5 顆星,料多實在，喜歡吃牛肉的人不要錯過😋 …
阿誠牛肉湯,黃國展,在地嚮導 · 68 則評論 · 47 張相片,2 年前,5 顆星,好吃值得等待
阿誠牛肉湯,凱Kai,在地嚮導 · 50 則評論 · 25 張相片,2 年前,5 顆星,牛臉頰必點！
阿誠牛肉湯,林匀曼,9 則評論 · 13 張相片,2 年前,5 顆星,看到文章牛肉排隊的畫面果斷放棄了，偶爾搜到的店…味道居然不比文章牛肉差，好吃…
阿誠牛肉湯,王太一,13 則評論 · 3 張相片,2 年前,5 顆星,牛舌湯大推！老闆動作很迅速！
阿誠牛肉湯,小桂,在地嚮導 · 53 則評論 · 29 張相片,2 年前,3 顆星,牛肉湯還可以～ 牛肉炒飯不太好吃…
阿誠牛肉湯,Ray,在地嚮導 · 266 則評論 · 457 張相片,2 年前,4 顆星,牛舌湯很大碗，牛舌蠻多也Q彈，不會咬不爛，喜歡牛舌可以去
阿誠牛肉湯,建忻,在地嚮導 · 80 則評論 · 7 張相片,2 年前,5 顆星,牛肉麵湯頭微辣 豆瓣醬口味的 好喝 肉多又嫩 洋蔥炒牛肉也好吃 值得二訪
阿誠牛肉湯,瑪虹美甲,在地嚮導 · 57 則評論 · 178 張相片,2 年前,1 顆星,"牛肉丼飯份量很大整場吃下來覺得是便當嗎
高麗菜的份量跟豆乾的份量都很多整個很飽足感👍🏻豆乾好吃高麗菜不錯
還有另外付了一碗特大碗的清湯
紅燒牛肉麵份量也很大
炒青菜份量也很大
整場吃下來覺得可能口味不符合
湯頭的部分豆瓣醬很濃郁
好朋友推薦的可能他真的很喜歡這個口味
跟先生吃完的感覺是覺得很普通
這是跟先生個人的口感問題大家喜歡的味道不同可以嘗試看看說不定也會有其他人喜歡"
阿誠牛肉湯,muomuo,在地嚮導 · 11 則評論 · 6 張相片,2 年前,5 顆星,非常屌 沒什麼好說的 尤其是肉燥飯老闆非常親切 讚啦
阿誠牛肉湯,鍾小洋,6 則評論 · 1 張相片,2 年前,5 顆星,台南必來美食！推！
阿誠牛肉湯,TOU COACH,在地嚮導 · 5 則評論 · 21 張相片,2 年前,5 顆星,物超所值，肉肉超多，湯頭太美味了
阿誠牛肉湯,Momo Chang,在地嚮導 · 82 則評論 · 109 張相片,2 年前,5 顆星,"當天從早到晚吃了三間牛肉湯（阿誠、鴻品、阿杰），就是這間最好吃，下次一定再來，太爽了！

這次點了有夠額大碗牛舌湯和大碗牛肉湯，強力推薦牛舌湯！

牛舌富有彈性的口感又具有濃厚的牛味，而非一般的內臟味道，帶給你觸覺和味覺的雙重享受，極度鮮美直達極樂天堂！

牛肉泡在湯裡直到8分熟保持鮮嫩口感，不帶筋的肉片連小孩都能輕鬆下嚥，湯頭濃郁甘甜，果然是4.6星的店家，名符其實！

上次來沒查清楚開店時間，難怪這次經過覺得似曾相識，就是武聖夜市旁邊的連棟大樓轉角處。"
阿誠牛肉湯,楊詠傑,在地嚮導 · 20 則評論 · 6 張相片,2 年前,5 顆星,
阿誠牛肉湯,邱瑄琪,在地嚮導 · 46 則評論 · 83 張相片,2 年前,5 顆星,"上次下台南的三天兩夜都沒吃到牛肉湯😭，還好這次有找到這間還有營業，超好吃，份量很大，兩個人只吃了牛小排、肝肉湯、牛舌湯，完全沒吃的麻辣牛跟洋蔥牛改打包，再外帶一份牛舌湯+清湯一包回北部給媽媽吃，下次下台南會再訪🙂
老闆只有兩人作業，辛苦了💪祝平安喜樂 …"
阿誠牛肉湯,吳青龍,在地嚮導 · 46 則評論 · 12 張相片,2 年前,5 顆星,東西好吃，老闆娘跟闆娘女兒也很漂亮
阿誠牛肉湯,高玉雲,3 則評論,2 年前,5 顆星,"這是我吃過cp值最高的店家，常特地開車上去吃，我不敢說是最好吃的（口味因人而異），但我敢說是用料實在，價格便宜，每盤都很大一盤，老闆和老闆娘人也超級親切友善，力推牛肉牛肝湯、炒牛腩，炒牛舌，牛肉炒飯及牛小排飯。
每次吃完回高雄必須再外帶一些，感謝老闆常常都會多送蔥蛋，更感謝老闆娘今日特地讓我吃到牛肝，內心十分感動與感謝"
阿誠牛肉湯,何昌洲,1 則評論 · 1 張相片,2 年前,5 顆星,
阿誠牛肉湯,陳家福,8 則評論 · 7 張相片,2 年前,5 顆星,用料實在，湯頭鮮美，就是好吃。
阿誠牛肉湯,Xuan-Yu Luo,在地嚮導 · 136 則評論 · 118 張相片,2 年前,4 顆星,"2023/1/22 清燉牛肉湯

肉很好吃，湯很好喝 …"
阿誠牛肉湯,吳雅鈞,20 則評論 · 28 張相片,2 年前,5 顆星,超高CP值。
阿誠牛肉湯,stanley,8 則評論 · 1 張相片,2 年前,5 顆星,"牛舌太厲害！不管是牛舌湯還是牛舌丼
以後來台南的首選牛肉湯肯定是這間
🌟🌟🌟🌟🌟🌟🌟🌟
多補幾個星🤣 …"
阿誠牛肉湯,David Lou,在地嚮導 · 22 則評論,2 年前,5 顆星,物超所值
阿誠牛肉湯,Fish,在地嚮導 · 79 則評論 · 232 張相片,2 年前,4 顆星,"來台南一定要吃牛肉湯，聽朋友推薦來這。春節期間照常營業不休息。

🫕牛肉湯➖
一碗120，送來發現非常大碗，肉多湯多。不過肉片已經是全熟壯態，肉片油脂少比較像瘦肉；湯頭有一種甘甜的味道，可以加湯。

🍚肉燥飯➖
飯量蠻大份的，上面淋上滿滿的肉燥。肉汁不多，喜歡吃濕一點的，可以再跟老闆多淋一點湯汁（老闆連肉燥也都很大方滿滿一匙加上去）😳
口感是標準台南口味帶點甜而不鹹。

老闆、闆娘對待客人很客氣服務也蠻好的。
台南牛肉湯太多間了，不是特別出色的店家但也算是好吃的其中之一"
阿誠牛肉湯,葉傳宇,4 則評論 · 1 張相片,2 年前,5 顆星,
阿誠牛肉湯,許菁菁,11 則評論 · 20 張相片,2 年前,5 顆星,很好吃
阿誠牛肉湯,地球人黃吉元,在地嚮導 · 20 則評論 · 2 張相片,2 年前,5 顆星,好吃
阿誠牛肉湯,澍,在地嚮導 · 49 則評論 · 69 張相片,2 年前,4 顆星,
阿誠牛肉湯,洪佳吟,在地嚮導 · 100 則評論 · 132 張相片,2 年前,5 顆星,"老闆很熱情，東西好吃又就大份
能吃很飽"
阿誠牛肉湯,Thundias Wang,"在地嚮導 · 811 則評論 · 3,724 張相片",2 年前,4 顆星,"CP值很高！
還有甘草芭樂可以吃哈哈"
阿誠牛肉湯,Wilson Huang,"在地嚮導 · 108 則評論 · 4,378 張相片",2 年前,5 顆星,
阿誠牛肉湯,KUEI-JUNG HSU,在地嚮導 · 16 則評論 · 23 張相片,2 年前,5 顆星,"在地人的好滋味，CP值很高，份量大又好吃
推薦牛肉湯、紅燒牛肉麵
中午營業到三點，可以趁人少的時候來吃"
阿誠牛肉湯,hello,在地嚮導 · 33 則評論 · 5 張相片,2 年前,1 顆星,清燙牛肉麵
阿誠牛肉湯,林弘逸,在地嚮導 · 37 則評論 · 30 張相片,2 年前,5 顆星,份量超大
阿誠牛肉湯,David Lee,在地嚮導 · 68 則評論 · 177 張相片,2 年前,5 顆星,牛舌不錯，CP值高
阿誠牛肉湯,張延章,7 則評論 · 4 張相片,2 年前,5 顆星,超大碗牛肉湯名副其實
阿誠牛肉湯,鄭兆銘,在地嚮導 · 59 則評論 · 28 張相片,2 年前,5 顆星,
阿誠牛肉湯,Daphne Ho,5 則評論 · 17 張相片,2 年前,5 顆星,好吃、服務親切
阿誠牛肉湯,Aegon,7 則評論 · 2 張相片,2 年前,5 顆星,
阿誠牛肉湯,鄭Peter,在地嚮導 · 227 則評論 · 275 張相片,2 年前,5 顆星,牛肉份量大且美味😋，好吃呀！ …
阿誠牛肉湯,林資淵,在地嚮導 · 7 則評論 · 10 張相片,2 年前,5 顆星,牛肉好鮮，老闆、老闆娘很親切，牛舌要點要趁早，晚了就沒了！
阿誠牛肉湯,史千,在地嚮導 · 20 則評論 · 47 張相片,2 年前,5 顆星,"吃了好幾家，這家最讚！
點了牛肉湯+牛舌湯+滷肉飯！
牛舌湯必點，入口即化，
牛肉湯，好喝，肉鮮，
滷肉飯，甜香，油而不膩，讚讚讚！
建議老闆，招牌要弄一下，不然不熟的，會找很久！"
阿誠牛肉湯,OAO HAO,在地嚮導 · 68 則評論,2 年前,5 顆星,牛肉湯跟牛肉麵好吃
阿誠牛肉湯,Chun-Jung Huang,10 則評論,2 年前,1 顆星,
阿誠牛肉湯,Yuan Chuang,在地嚮導 · 50 則評論 · 81 張相片,2 年前,5 顆星,"天下第一帶我們來吃～
他非常推薦
牛舌湯真的很好喝湯頭很鮮，牛舌也給太多了吧！好喜歡
老闆娘很熱情❤️
會推薦朋友來捧場"
阿誠牛肉湯,蔡秉佑,在地嚮導 · 210 則評論 · 269 張相片,2 年前,3 顆星,"牛肉湯份量多 但是湯頭很淡
麵還好 沒什麼味道"
阿誠牛肉湯,Yoima Lin,"在地嚮導 · 390 則評論 · 2,789 張相片",2 年前,4 顆星,
阿誠牛肉湯,蔡恆毅,8 則評論 · 5 張相片,2 年前,1 顆星,基於本日購買體驗，外帶紅燒牛肉米苔目回家沒有給湯，真的是很難入口，只能勉強吃完，外帶請記得確認有湯的品項有沒有附上湯。
阿誠牛肉湯,彥G,在地嚮導 · 22 則評論 · 9 張相片,2 年前,5 顆星,來台南吃到最滿意的一餐，牛小排餐肉量超多很澎湃，牛肉湯肉多、湯甘甜不膩，很對我胃口，牛肉麵有兩種肉，牛腱肉很嫩，而且整體價格便宜，大推～
阿誠牛肉湯,洪辰宗,在地嚮導 · 43 則評論 · 223 張相片,2 年前,5 顆星,
阿誠牛肉湯,w indy,在地嚮導 · 211 則評論 · 343 張相片,2 年前,5 顆星,"絕對是滿分  一碗80滿滿牛肉
然後外帶一碗給三碗的湯 真的是很誇張
至於好吃嗎？口味 我覺得看人
一碗80塊 滿肉 我想沒什麼可以挑的"
阿誠牛肉湯,Shinja Lee,在地嚮導 · 105 則評論 · 321 張相片,2 年前,2 顆星,"牛舌湯份量很足但腥味略重
牛肉湯不是大家想的那種
不推"
阿誠牛肉湯,硬漢超人貓（愛吃泡泡魚）,在地嚮導 · 92 則評論 · 116 張相片,2 年前,5 顆星,讚，想吃得早點，不然有的東西會提早賣完
阿誠牛肉湯,T.H.,"在地嚮導 · 447 則評論 · 1,220 張相片",2 年前,5 顆星,武聖夜市旁，牛肉麵份量十足，洋蔥炒牛肉也不錯！價格實在。
阿誠牛肉湯,魏筱芳,在地嚮導 · 22 則評論 · 59 張相片,2 年前,5 顆星,超好吃的，價格便宜，待人親切，份量很足夠唷！
阿誠牛肉湯,林佳鴻,13 則評論 · 10 張相片,2 年前,5 顆星,飽足感
阿誠牛肉湯,夏依,14 則評論 · 7 張相片,2 年前,5 顆星,🤤 …
阿誠牛肉湯,小咩,42 則評論,2 年前,5 顆星,一個字 讚
阿誠牛肉湯,洪永能,在地嚮導 · 281 則評論 · 422 張相片,2 年前,4 顆星,老闆親切，湯頭.食材都好吃
阿誠牛肉湯,隹羽光（隹羽光短片剪輯/創作）,8 則評論 · 3 張相片,2 年前,4 顆星,
阿誠牛肉湯,高小淵,8 則評論 · 1 張相片,2 年前,5 顆星,誤打誤撞來到阿誠來吃飯，真的令人驚艷，好吃價錢又公道，湯頭鮮美，牛肉鮮嫩，又有很多在高雄吃不到的口味，真心推薦來台南吃阿誠。
阿誠牛肉湯,Shui Chin,"在地嚮導 · 228 則評論 · 2,712 張相片",2 年前,4 顆星,牛肉湯清甜可口
阿誠牛肉湯,Min Chih Hung,在地嚮導 · 501 則評論 · 19 張相片,2 年前,5 顆星,當地人才懂
阿誠牛肉湯,Lemming,"在地嚮導 · 574 則評論 · 1,600 張相片",2 年前,5 顆星,無骨牛小排已經切成一口大小，配菜有高麗菜跟小黃瓜，還搭一碗飯，真是太超值了，幾乎每桌都有點這道！
阿誠牛肉湯,Vincent Weng,在地嚮導 · 143 則評論 · 7 張相片,2 年前,5 顆星,好吃便宜老闆又熱情
阿誠牛肉湯,王查理,在地嚮導 · 66 則評論 · 52 張相片,2 年前,5 顆星,好吃的牛肉料理
阿誠牛肉湯,陳米亞美學館（新娘秘書霧眉霧唇美瞳線）,在地嚮導 · 131 則評論 · 577 張相片,2 年前,5 顆星,"天啊，好好喝的牛肉湯喔
老闆又整個笑臉迎人，讓我吃飯的心情超好。下次來台南我還會再過來光顧。"
阿誠牛肉湯,yun,在地嚮導 · 115 則評論 · 258 張相片,2 年前,5 顆星,"牛舌湯根本神湯，肉超嫩香
明明很飽了，湯喝完馬上再帶一份炒牛舌外帶"
阿誠牛肉湯,扭蛋,在地嚮導 · 46 則評論 · 33 張相片,2 年前,5 顆星,"點了牛肉湯 牛肉麵 肉燥飯 都好吃！
牛肉麵份量很多，小碗的可能要兩個女生分食。"
阿誠牛肉湯,邱小庭,13 則評論 · 10 張相片,2 年前,5 顆星,闆娘親切，好吃又便宜...吃了好幾年的忠實顧客😊 …
阿誠牛肉湯,Kang Chien Wu,14 則評論 · 13 張相片,2 年前,5 顆星,"好吃，天下第一味！
符合挑嘴人士品嚐"
阿誠牛肉湯,陳銘鴻,在地嚮導 · 15 則評論,2 年前,4 顆星,CP值超高，味道也不錯，但希望老闆和老闆娘可以把口罩戴好
阿誠牛肉湯,羅洋,在地嚮導 · 261 則評論 · 426 張相片,2 年前,4 顆星,大碗
阿誠牛肉湯,陳浩,在地嚮導 · 72 則評論 · 393 張相片,2 年前,5 顆星,
阿誠牛肉湯,S,在地嚮導 · 21 則評論 · 9 張相片,2 年前,1 顆星,點了滷牛肚 牛肉湯 牛肚比牛肉湯出色
阿誠牛肉湯,王哲忞,"在地嚮導 · 221 則評論 · 1,041 張相片",2 年前,4 顆星,"牛舌/肝都好吃，不腥, 值得來！"
阿誠牛肉湯,Gary Huang,"在地嚮導 · 452 則評論 · 1,518 張相片",2 年前,4 顆星,牛肉湯頭，血的味道比較重，可以加點薑絲，沾醬料去味，以價格來看，比一般賣牛肉湯的份量多很多，價格算便宜，也大碗，肉燥飯個人覺得尚可。
阿誠牛肉湯,柯JJ,在地嚮導 · 22 則評論 · 1 張相片,2 年前,5 顆星,
阿誠牛肉湯,Chen醬,在地嚮導 · 147 則評論 · 146 張相片,2 年前,4 顆星,"滷肉飯滷汁偏少，牛肉湯有油花，湯頭味道普普
但老闆跟老闆娘都很親切！"
阿誠牛肉湯,OE J,在地嚮導 · 14 則評論 · 27 張相片,2 年前,5 顆星,
阿誠牛肉湯,Delton Chen,在地嚮導 · 56 則評論 · 13 張相片,2 年前,5 顆星,牛舌湯，厚切牛舌超軟超嫩，超大一碗只要150，5星毫無懸念
阿誠牛肉湯,黑翼山石,在地嚮導 · 34 則評論 · 11 張相片,2 年前,5 顆星,整體中規中矩，味道不錯的牛肉湯
阿誠牛肉湯,Yama,在地嚮導 · 24 則評論 · 3 張相片,2 年前,5 顆星,第一次喝到這麼好喝的牛舌湯，真的好強👍👍👍 …
阿誠牛肉湯,葉葉葉,7 則評論,2 年前,5 顆星,台南牛肉湯我只服這間 其他再看看
阿誠牛肉湯,楊舜文,在地嚮導 · 50 則評論 · 33 張相片,2 年前,5 顆星,好吃肉多
阿誠牛肉湯,蘇玉穗,在地嚮導 · 42 則評論 · 17 張相片,2 年前,5 顆星,店裡居然有提供客人掛雨衣的地方，連碳佐麻里都沒有掛雨衣的地方，東西好吃，老闆娘人好，值得推薦👍 …
阿誠牛肉湯,Travel Rider,在地嚮導 · 18 則評論 · 30 張相片,2 年前,5 顆星,已完食！不解釋，超推！
阿誠牛肉湯,Hsiao ting Chen,12 則評論 · 2 張相片,2 年前,5 顆星,
阿誠牛肉湯,Yitzu Lu,在地嚮導 · 30 則評論 · 19 張相片,2 年前,5 顆星,"N次回訪
口味依然好吃
價格依舊便宜
闆娘依然親切
～～加上照片～～
牛肝肉湯
炒牛肉
牛肉蛋炒飯
牛肉湯
葱蛋+豆干
：：：：：：

牛肉好吃
價格公道
老闆娘親切"
阿誠牛肉湯,人文,"在地嚮導 · 576 則評論 · 1,762 張相片",2 年前,5 顆星,"牛舌很讚
給湯大方"
阿誠牛肉湯,bruce lee,在地嚮導 · 297 則評論 · 642 張相片,2 年前,5 顆星,吃完自動回甘，在門口就開始懷念的美食，牛舌湯一絕，老闆客氣。
阿誠牛肉湯,那個妹紙。小兔寶,"在地嚮導 · 489 則評論 · 1,785 張相片",2 年前,4 顆星,"位於武聖夜市旁，便宜又大碗的牛湯
男老闆很親切，可免費加湯（稍有肉味）"
阿誠牛肉湯,Shiuan,在地嚮導 · 93 則評論 · 32 張相片,2 年前,5 顆星,非常的優 在地人的愛店就是這個模樣
阿誠牛肉湯,簡百和,3 則評論 · 1 張相片,2 年前,5 顆星,牛肉量真多。紅燒湯頭也不死鹹。尤其是牛舌。真嫩。
阿誠牛肉湯,丘至恩,7 則評論,2 年前,5 顆星,願這家店成為召會的祝福，太好吃了
阿誠牛肉湯,楊子昇,在地嚮導 · 6 則評論 · 197 張相片,2 年前,4 顆星,
阿誠牛肉湯,Charlie Lin,在地嚮導 · 4 則評論 · 2 張相片,2 年前,4 顆星,
阿誠牛肉湯,張名萱,在地嚮導 · 78 則評論 · 160 張相片,2 年前,5 顆星,牛肉湯  湯頭好喝。肉嫩
阿誠牛肉湯,葉書豪,12 則評論 · 6 張相片,2 年前,5 顆星,"這天中午在不起眼的阿誠店門口疑惑...
但...真的不可貌相！
尤其這邊的牛舌真的是台南喇舌的絕對推薦~， …"
阿誠牛肉湯,白桓亮,2 則評論,2 年前,5 顆星,推薦滷肉飯，味道超好，而且一碗才二十；炒牛筋很有嚼勁，個人喜歡它偏甜的調味；牛肉湯的湯頭也很鮮美；另外，老闆也非常友善。
阿誠牛肉湯,吳界輝,在地嚮導 · 38 則評論 · 5 張相片,2 年前,5 顆星,佛心來了！超大碗的😘😘😘好吃軟嫩的牛舌湯！船形的牛排特餐，讓人有非常的飽足感！最特別的竟然牛肉湯，跟牛肉麵，加湯不用錢，真的很不錯又佛心的店！ …
阿誠牛肉湯,Leone,在地嚮導 · 18 則評論 · 42 張相片,2 年前,5 顆星,五星好評推爆，便宜大碗又好吃，牛肉湯可以一直續，有夠大方，老闆好客又客氣，懂做生意，推牛舌湯，肉大片又沒有怪味，真的有料
阿誠牛肉湯,Lin Dwyane,在地嚮導 · 211 則評論 · 23 張相片,2 年前,5 顆星,"非常優，
點了很多不同的菜色，
每一道都是佳餚， …"
阿誠牛肉湯,#19 Joyce彥妤,8 則評論 · 1 張相片,2 年前,5 顆星,超好吃的！尤其是清湯米苔目！
阿誠牛肉湯,YB Tsao,在地嚮導 · 200 則評論 · 409 張相片,2 年前,5 顆星,品質普通，勝在便宜。想吃飽的來。
阿誠牛肉湯,Cindy Liu,在地嚮導 · 20 則評論 · 8 張相片,2 年前,5 顆星,"牛肉湯超好喝，可以免費加湯
老闆娘跟老闆人超好，幫我們推薦的都超好吃，讚讚讚👍👍👍 …"
阿誠牛肉湯,savor tseng,在地嚮導 · 25 則評論 · 16 張相片,2 年前,5 顆星,牛舌及湯頭令人驚艷，值得回訪的在地台南好滋味。
阿誠牛肉湯,陳小次,"在地嚮導 · 1,048 則評論 · 3,888 張相片",2 年前,4 顆星,肉量很多，沒有附飯，肉腥味較重，湯和肉燥飯都不錯
阿誠牛肉湯,Wenny Ben,在地嚮導 · 37 則評論 · 91 張相片,2 年前,5 顆星,
阿誠牛肉湯,** owo,在地嚮導 · 52 則評論 · 9 張相片,2 年前,5 顆星,好吃，CP值很高～
阿誠牛肉湯,ony T,在地嚮導 · 28 則評論 · 1 張相片,2 年前,5 顆星,肉夠新鮮夠👍 …
阿誠牛肉湯,N,在地嚮導 · 60 則評論 · 82 張相片,2 年前,5 顆星,"先說：份量、價錢、味道都很棒

牛肉湯怕老掉可以選擇先不要煮(外帶)
回家肉放進去攪一攪，剛剛好。
其他餐點的份量、口味也是非常棒
牛肉湯牛舌湯大推😋"
阿誠牛肉湯,ANDREW YANG,在地嚮導 · 32 則評論 · 28 張相片,2 年前,5 顆星,超級好吃😋 …
阿誠牛肉湯,Yun,在地嚮導 · 18 則評論 · 14 張相片,2 年前,5 顆星,"湯頭超級好喝，而且料超多又不貴，整個CP值爆表！
而且可以一直續湯讚爆😚 …"
阿誠牛肉湯,Eclosion L,在地嚮導 · 48 則評論 · 36 張相片,2 年前,5 顆星,讚👍不多說 …
阿誠牛肉湯,IT CHEN,在地嚮導 · 7 則評論 · 22 張相片,2 年前,5 顆星,
阿誠牛肉湯,蓁蓁,2 則評論,2 年前,5 顆星,"真的給超多肉的，好好吃哦！
湯很鮮甜好喝😍 …"
阿誠牛肉湯,賴美月,8 則評論 · 1 張相片,2 年前,5 顆星,牛肉份量給很多，湯頭很鮮甜，服務非常親切，價錢便宜。
阿誠牛肉湯,花喵,在地嚮導 · 80 則評論 · 223 張相片,2 年前,5 顆星,牛肉湯一碗只要110，但是肉的份量是名店的兩倍以上，可以說物超所值！
阿誠牛肉湯,巧比菲特,12 則評論 · 3 張相片,2 年前,5 顆星,"有夠飽！太飽了
🤣
下次我只點一個餐點就好

還是台南人好、親切、熱情
台南食物好吃"
阿誠牛肉湯,墨默的,13 則評論,2 年前,5 顆星,"台南最推小店
牛舌超嫩牛肉湯份量大，
老闆跟老闆娘超親切 …"
阿誠牛肉湯,尤易民,7 則評論 · 1 張相片,2 年前,5 顆星,
阿誠牛肉湯,Chen Ni,在地嚮導 · 186 則評論 · 369 張相片,2 年前,5 顆星,"喝過肉最多最大碗的台南牛肉湯
送上桌真的傻眼
牛舌湯$150 牛舌超大片超多又軟嫩 …"
阿誠牛肉湯,Marquis,在地嚮導 · 32 則評論 · 12 張相片,2 年前,5 顆星,牛舌湯裡面的牛舌給超多超大片，還可以加湯，重點是還超好吃！難怪台南人都說牛肉湯我家巷口屌打，真的屌打許多名店！
阿誠牛肉湯,沒有用的年輕人,11 則評論,2 年前,5 顆星,俗擱大碗，好吃！
阿誠牛肉湯,doris,在地嚮導 · 86 則評論 · 3 張相片,2 年前,5 顆星,牛舌湯讚讚
阿誠牛肉湯,Bon Liu,在地嚮導 · 460 則評論 · 43 張相片,2 年前,5 顆星,
阿誠牛肉湯,Azu debu,5 則評論,3 年前,5 顆星,價格平價，份量足而且還不錯吃，用餐的時候可能剛開業就過去了速度有點慢，大約等了十五分鐘，不過整個餐點還蠻滿意的。（大碗牛肉麵是真的有點多，食量不大或是還想逛街吃別的慎選）
阿誠牛肉湯,corner escape,"在地嚮導 · 417 則評論 · 3,256 張相片",3 年前,5 顆星,就是好吃。
阿誠牛肉湯,Michi,"在地嚮導 · 1,181 則評論 · 6,844 張相片",3 年前,5 顆星,牛肉湯肉多，杏鮑菇牛肉很入味
阿誠牛肉湯,NR Han,在地嚮導 · 484 則評論 · 42 張相片,3 年前,5 顆星,"湯的份量應該是同價位中我喝過最多的
肝肉湯：肝的份量比肉多蠻多
整體來說走樸實路線"
阿誠牛肉湯,Joanne Lin,在地嚮導 · 14 則評論 · 3 張相片,3 年前,5 顆星,好吃
阿誠牛肉湯,黃耀德,在地嚮導 · 376 則評論 · 247 張相片,3 年前,5 顆星,超好吃😋招牌牛舌湯跟洋蔥牛腩真的一試成主顧，還可以加湯超級鮮甜，重點是老闆人超好🥰 …
阿誠牛肉湯,張文山,"在地嚮導 · 434 則評論 · 2,726 張相片",3 年前,5 顆星,"老闆親切老闆娘熱情 黑金滷肉飯為之驚艷
牛肉湯 清甜溫順 適合下雨的三月底 來上一碗😋 …"
阿誠牛肉湯,Sharon Chen,11 則評論 · 6 張相片,3 年前,5 顆星,湯頭牛肉好吃，料超多
阿誠牛肉湯,賴郁霖,9 則評論 · 1 張相片,3 年前,5 顆星,湯頭100分 👍 …
阿誠牛肉湯,Joshua Cho,2 則評論 · 17 張相片,3 年前,5 顆星,讚！
阿誠牛肉湯,Yingching Chen,"在地嚮導 · 478 則評論 · 1,465 張相片",3 年前,5 顆星,"五星推爆好店！
東西實在健康，老闆還問我們會不會點太多🥺用心在做食物跟照顧顧客。
回鍋炒牛舌🌕🌕🌕🌕🌕
牛舌Q彈有勁，調味處理的恰到好處沒有牛腥味又嘗得到牛舌味，搭配清脆鮮甜的高麗菜整個無敵，讓人驚艷又印象深刻。
炒青菜🌕🌕🌕🌕
色香味俱全。
牛肉湯🌕🌕🌕🌕🌕
湯頭喝的出是新鮮熬煮不加味精，會自然回甘不口渴！牛肉厚度適宜，不會太薄嚐得到牛肉口感也不會太柴。
蔥蛋🌕🌕🌕🌕🌕
也是不加味精只有少許鹽調味的好料理。
肉燥飯🌕🌕🌕🌕
中規中矩的台南甜肉燥飯。"
阿誠牛肉湯,國棟高,在地嚮導 · 23 則評論 · 5 張相片,3 年前,4 顆星,
阿誠牛肉湯,王柏凱,"1,897 則評論",3 年前,3 顆星,"人很親切，善良的價格。

覺得麵有點太多可少兩成，配料不多到後面小吃不下。"
阿誠牛肉湯,鄭琮維,"在地嚮導 · 648 則評論 · 8,336 張相片",3 年前,5 顆星,C/P超高，紅燒牛肉佔了1/4碗，光吃肉就飽了！後悔點了麵，聽說牛肉湯也是C/P到不行
阿誠牛肉湯,Joyce Liang,在地嚮導 · 23 則評論 · 9 張相片,3 年前,5 顆星,過中午時間想喝牛肉湯，好不容易找到還有營業的阿誠，一吃驚豔，牛肉湯分量超大，牛肉軟嫩，湯夠味不腥，肉燥飯也十分美味！又找到一家好店！
阿誠牛肉湯,James Chou,在地嚮導 · 153 則評論 · 359 張相片,3 年前,5 顆星,在地朋友推薦，果然好吃！
阿誠牛肉湯,程翊珺,在地嚮導 · 96 則評論 · 234 張相片,3 年前,4 顆星,"大碗牛肉湯端上來有嚇到
真的超級大
這家CP值很高"
阿誠牛肉湯,依賴,在地嚮導 · 276 則評論 · 750 張相片,3 年前,5 顆星,牛舌湯份量給超級多，比吃燒烤還要超值、牛肉湯的肉片整塊紋路也美呆，湯頭屬於清淡ㄧ點的路線，牛肉湯本來就是要喝鮮甜原味。湯本來就無敵大碗老闆還說湯不夠可以在加🤣。炒青菜是高麗菜，蒜頭給的不少，現炒香氣很夠量又是驚人的一份❤️ …
阿誠牛肉湯,長陞標線長陞標線,在地嚮導 · 8 則評論 · 44 張相片,3 年前,5 顆星,
阿誠牛肉湯,周睦桓,在地嚮導 · 166 則評論 · 70 張相片,3 年前,5 顆星,"牛肉鮮嫩可口好吃，極品推薦👍🏽👍🏽
湯頭甘甜美味
大碗又超值 …"
阿誠牛肉湯,李小蛙,在地嚮導 · 57 則評論 · 267 張相片,3 年前,5 顆星,"料理好吃
CP值超高"
阿誠牛肉湯,連翊珹,在地嚮導 · 96 則評論 · 46 張相片,3 年前,5 顆星,這種上等牛肉都被你們這樣賤賣！讓不讓人活啊？吃你們一次以後離開台南都不用吃飯了是不是？
阿誠牛肉湯,Celia,"在地嚮導 · 484 則評論 · 4,133 張相片",3 年前,5 顆星,"超推大家來吃！！超級愛店！超好吃，價格超級划算
牛肉湯超好喝會回甘！！

肉肝湯真材實料、一碗超大碗牛肉麵只要85元！我們還要跟老闆說麵少， 不然那個量真的很可怕😂🤣🤣

老闆娘和員工親切大方❤️❤️❤️"
阿誠牛肉湯,RyanYang,在地嚮導 · 197 則評論 · 155 張相片,3 年前,5 顆星,"這次只買牛肉湯
好喝"
阿誠牛肉湯,L L,"在地嚮導 · 453 則評論 · 1,322 張相片",3 年前,4 顆星,牛肉多到滿出來，價格實惠110幾乎在外面吃不到
阿誠牛肉湯,阿琳琳,5 則評論,3 年前,5 顆星,"老闆、老闆娘很熱情，餐點cp值很高
值得推薦👏 …"
阿誠牛肉湯,chen yi,10 則評論 · 2 張相片,3 年前,5 顆星,
阿誠牛肉湯,Cheng vicky,15 則評論 · 9 張相片,3 年前,5 顆星,"飯店住附近 看google map找最高分的
果然評價是對的！！
牛肉湯大碗肉也好吃 燙青菜分量沒看過這麼多的
超級推薦👍👍 …"
阿誠牛肉湯,Cheng-Yu Lu,在地嚮導 · 57 則評論 · 36 張相片,3 年前,5 顆星,好吃又實在！
阿誠牛肉湯,志強張,在地嚮導 · 73 則評論 · 22 張相片,3 年前,3 顆星,
阿誠牛肉湯,lanawu wu,在地嚮導 · 46 則評論 · 52 張相片,3 年前,5 顆星,"CP值很高，種類豐富好吃，老闆很親切，還會送好喝的清湯。
這裡搬到武聖夜市旁邊，繼續支持！
家人最愛牛肉麵、香爆牛腩筋、打拋豬肉麵"
阿誠牛肉湯,Silver,在地嚮導 · 52 則評論 · 16 張相片,3 年前,4 顆星,
阿誠牛肉湯,王妮可,4 則評論,3 年前,4 顆星,食物好吃又大份，cp值超高
阿誠牛肉湯,許智偉,"在地嚮導 · 989 則評論 · 14,754 張相片",3 年前,4 顆星,大碗 料多
阿誠牛肉湯,Hung-Pin Chou,在地嚮導 · 19 則評論 · 671 張相片,3 年前,5 顆星,
阿誠牛肉湯,陳映廷,5 則評論 · 9 張相片,3 年前,5 顆星,"食物5/5: 非常推薦牛舌湯以及牛肉乾麵，牛肉湯也是我目前吃過最好吃的。
服務5/5: 老闆超熱心，特地來跟我們推薦怎麼樣點剛剛好不會太多，點什麼是他們招牌。"
阿誠牛肉湯,Beryl,9 則評論 · 4 張相片,3 年前,5 顆星,"大推牛舌湯 牛肉湯麵 牛肉湯 目前吃到最好吃的一家！
老闆老闆娘也人非常好！ 下次一定會再來！"
阿誠牛肉湯,芸,在地嚮導 · 19 則評論 · 3 張相片,3 年前,5 顆星,非常推薦牛舌湯，CP值很高👍 …
阿誠牛肉湯,Syuan J,在地嚮導 · 354 則評論 · 176 張相片,3 年前,5 顆星,"大大推薦愛牛舌的各位點牛舌湯
湯頭既清爽又渾厚
牛舌份量也給的大方"
阿誠牛肉湯,周珈亦,在地嚮導 · 50 則評論 · 29 張相片,3 年前,5 顆星,"第一次去，因為不想吃飯，就詢問老闆能不能幫我牛舌湯加冬粉，老闆娘不僅加了好多冬粉好多青菜，結果竟然只算我湯的錢😭😭怎麼可以這樣（感動到不想回台北了啦）

By the way 牛舌沾玫瑰鹽超提甜味👍 …"
阿誠牛肉湯,chia-chi Chang,在地嚮導 · 12 則評論 · 4 張相片,3 年前,5 顆星,"CP值超高的牛肉湯店
第一訪超級喜歡 …"
阿誠牛肉湯,吳振銘,在地嚮導 · 38 則評論 · 1 張相片,3 年前,5 顆星,好吃
阿誠牛肉湯,ANCY N,在地嚮導 · 63 則評論 · 57 張相片,3 年前,5 顆星,"老闆很客氣
湯頭不錯👍肉也好好吃
跟外面賣的牛肉湯部位不一樣
但別有一番風味
湯還可以續😽😽😽"
阿誠牛肉湯,鄂小喵,7 則評論 · 1 張相片,3 年前,5 顆星,超佛心的，便宜大碗又好吃～
阿誠牛肉湯,Morgan Wu,"在地嚮導 · 48 則評論 · 1,792 張相片",3 年前,5 顆星,
阿誠牛肉湯,Nancy Cat,15 則評論 · 2 張相片,3 年前,5 顆星,"牛肉湯湯頭很棒
Cp值高
老闆娘親切熱情
推薦大家一定要來喔"
阿誠牛肉湯,shih min Lin,在地嚮導 · 35 則評論 · 5 張相片,3 年前,5 顆星,
阿誠牛肉湯,鍾佳展,在地嚮導 · 18 則評論 · 38 張相片,3 年前,5 顆星,"超高CP值的牛舌湯🤩
牛舌鮮嫩有嚼勁！湯頭鮮美又清爽～
闆娘滿滿台南人的熱情❤️
來台南必吃啊！ …"
阿誠牛肉湯,洪建豐,在地嚮導 · 40 則評論 · 1 張相片,3 年前,5 顆星,好吃，料多女生可能吃不完，重點是便宜
阿誠牛肉湯,翁嗡嗡,在地嚮導 · 216 則評論 · 729 張相片,3 年前,5 顆星,"🧝🏻牛舌湯：150元。牛舌份量還可以哦～牛舌肉質很軟，也很鮮，湯頭牛肉味十足，牛舌沾沙茶好吃。
👉星期一有營業到下午3點
👉老闆娘很親切😊
110.11.15 …"
阿誠牛肉湯,Thomas (4D班長),在地嚮導 · 53 則評論 · 368 張相片,3 年前,4 顆星,麻辣牛雜好吃
阿誠牛肉湯,曾元亨,在地嚮導 · 13 則評論 · 881 張相片,3 年前,5 顆星,
阿誠牛肉湯,William (歐巴弘),在地嚮導 · 173 則評論 · 158 張相片,3 年前,5 顆星,
阿誠牛肉湯,星星佳,在地嚮導 · 54 則評論 · 10 張相片,3 年前,5 顆星,CP值超高
阿誠牛肉湯,J,在地嚮導 · 29 則評論 · 16 張相片,3 年前,5 顆星,超厲害的牛肉 牛舌湯  讚讚讚  讓人驚艷
阿誠牛肉湯,Dylan Hsaio,在地嚮導 · 196 則評論 · 7 張相片,3 年前,4 顆星,服務態度很棒，東西也很物美價廉
阿誠牛肉湯,Shen Wang,5 則評論 · 1 張相片,3 年前,5 顆星,
阿誠牛肉湯,林育姍,6 則評論 · 3 張相片,3 年前,5 顆星,紅燒牛肉麵，原味無骨牛小排，炒牛舌超好吃、份量超多
阿誠牛肉湯,許長渝,在地嚮導 · 23 則評論 · 5 張相片,3 年前,5 顆星,"我以為我在跟牛喇舌
又軟又嫩
牛舌湯 我願稱他天下第一"
阿誠牛肉湯,許來福,在地嚮導 · 111 則評論 · 41 張相片,3 年前,3 顆星,好吃口袋名單的好地方
阿誠牛肉湯,吳天笢,8 則評論 · 4 張相片,3 年前,5 顆星,
阿誠牛肉湯,Steve Chen,10 則評論 · 15 張相片,3 年前,5 顆星,麵超級大碗，給肉大方不手軟，牛肉湯的肉片是安平運河一帶的店家的兩倍，又便宜，牛肉炒飯料很多，道地台南口味，cp值高。
阿誠牛肉湯,peach mini,在地嚮導 · 17 則評論 · 10 張相片,3 年前,5 顆星,推牛舌湯好好喝，肉很Q彈，牛肉湯又是不同的味道👍🏻 …
阿誠牛肉湯,陳小姐,,3 年前,5 顆星,
阿誠牛肉湯,C,在地嚮導 · 59 則評論 · 184 張相片,3 年前,5 顆星,"牛舌湯超強～要不是因為趕車，肯定還想再來喝一次！
牛舌軟嫩不柴，厚度恰到好處，湯也很鮮甜，不知不覺就喝光光了😋
肉臊飯口味偏甜，北部人可能不太習慣。

老闆娘超級熱情可愛，結帳時只和我們收了整數金額，雖然不很多，但是感覺就超棒的👍🏼

之後來台南或是朋友去台南一定會推薦！"
阿誠牛肉湯,鄭運珈,17 則評論 · 3 張相片,3 年前,5 顆星,"牛肉湯超好喝，還可以加湯
老闆娘人很親切"
阿誠牛肉湯,hua hua,在地嚮導 · 119 則評論 · 72 張相片,3 年前,5 顆星,料好實在，老闆十分熱情
阿誠牛肉湯,Wei Terry,在地嚮導 · 122 則評論 · 95 張相片,3 年前,5 顆星,記點!!!
阿誠牛肉湯,大詮周,在地嚮導 · 52 則評論 · 133 張相片,3 年前,4 顆星,"今天點肝肉湯，料蠻多的
湯還算清爽，對本人而言不喜歡但也不算討厭，算是中上左右"
阿誠牛肉湯,timmy kuo,在地嚮導 · 223 則評論 · 298 張相片,3 年前,4 顆星,老闆娘招呼熱情，牛肉給的大方，湯可以再加，肉燥飯特別好吃，有獨特的香氣，可以另外點一荷包蛋，將蛋汁攪飯更是一絕
阿誠牛肉湯,洪偉哲,在地嚮導 · 147 則評論 · 144 張相片,3 年前,5 顆星,"今天去吃，超好吃
點了一船的牛肉，有菜有滷肉飯有湯
每一樣都很好吃
價格也很親民
老闆服務也很熱情
滿分奉上！"
阿誠牛肉湯,郭雪卿,1 則評論 · 2 張相片,3 年前,5 顆星,
阿誠牛肉湯,蔡昕翰,8 則評論 · 2 張相片,3 年前,5 顆星,Cp值高，口味棒
阿誠牛肉湯,吳芸,在地嚮導 · 25 則評論 · 16 張相片,3 年前,5 顆星,"牛肉湯很大碗！老闆很親切 還可以免費續湯！
很讚"
阿誠牛肉湯,Evelyn Chen,在地嚮導 · 148 則評論 · 102 張相片,3 年前,5 顆星,"原來要去吃排隊名店文X牛肉
但人太多評價二極
在夜市旁找到這件在地老店

湯也太大碗了！可以免費續湯
老闆很客氣很親切
東西好吃，這次沒吃到牛舌湯可惜😆下次會再來"
阿誠牛肉湯,林汶蒨,"在地嚮導 · 1,008 則評論 · 2,449 張相片",3 年前,5 顆星,牛舌湯非常好食 份量大
阿誠牛肉湯,張峯瑋,7 則評論 · 2 張相片,3 年前,5 顆星,
阿誠牛肉湯,77,在地嚮導 · 39 則評論 · 15 張相片,3 年前,5 顆星,"好吃😋牛肉麵、煎牛排、牛肉湯都好好吃
老闆娘很熱情，衛生也不錯👍
動作也好快！ …"
阿誠牛肉湯,陳雯宜,在地嚮導 · 3 則評論,3 年前,5 顆星,
阿誠牛肉湯,蔡佳珍,"在地嚮導 · 122 則評論 · 2,791 張相片",3 年前,5 顆星,
阿誠牛肉湯,許鶴籌,在地嚮導 · 76 則評論 · 52 張相片,3 年前,4 顆星,好吃，CP值高，店員指甲太長，會碰到食物
阿誠牛肉湯,韓吉,"在地嚮導 · 476 則評論 · 3,056 張相片",3 年前,5 顆星,在地人的牛肉湯
阿誠牛肉湯,林林,在地嚮導 · 198 則評論 · 882 張相片,3 年前,5 顆星,便宜好吃
阿誠牛肉湯,Kenny Lin,在地嚮導 · 81 則評論 · 100 張相片,4 年前,5 顆星,"原本要吃附近的阿寶但打烊了，
來這邊也是令人驚艷，
肉燥飯跟牛肉湯都好好吃~
下午只開到三點，我們剛好三點來~
還好老闆娘還是讓我們進去~
錯過這間真的可惜~"
阿誠牛肉湯,aaoeve tai,在地嚮導 · 1 則評論 · 498 張相片,4 年前,5 顆星,
阿誠牛肉湯,yu Fu,"在地嚮導 · 313 則評論 · 1,348 張相片",4 年前,5 顆星,老闆一直阻止......真的很大碗吃不完
阿誠牛肉湯,阿彣,在地嚮導 · 33 則評論 · 6 張相片,4 年前,5 顆星,料好實在！物超所值！
阿誠牛肉湯,陳威廷,在地嚮導 · 98 則評論 · 126 張相片,4 年前,5 顆星,"好吃又便宜大碗
舒服"
阿誠牛肉湯,TingYu Lin,在地嚮導 · 110 則評論 · 39 張相片,4 年前,5 顆星,"⭐紅燒牛肉麵
牛肉燉的非常嫩，湯頭風味豐富，麵條也非常順口。
份量不小，食量一般的女生可以兩個人吃一碗，再點些其他的菜~
老闆很親切，內用空間小但很乾淨。"
阿誠牛肉湯,鍾平貴,4 則評論 · 4 張相片,4 年前,5 顆星,料多好吃，又便宜，真是物美價廉，物超所值。老闆人親切，熱心。值得推薦
阿誠牛肉湯,咩咩旻,在地嚮導 · 35 則評論 · 48 張相片,4 年前,5 顆星,"一行人找了附近最近的牛肉湯店
誤打誤撞進來發現評價很高耶🤩lucky

牛肉湯第一口覺得有點鹹
但越喝越好喝～牛肉也多❤️湯可以免費續加
燙青菜跟牛肉炒青菜也好吃😋
還有肉燥飯滿驚豔的
肉汁很多～整碗拌下來不會有吃白飯的感覺👍🏻好吃

老闆跟老闆娘也很熱情😄服務態度🏆"
阿誠牛肉湯,陳雪琴,30 則評論 · 3 張相片,4 年前,5 顆星,好吃 老闆娘又好  餐點肉又多 又便宜
阿誠牛肉湯,辛文山,在地嚮導 · 15 則評論 · 3 張相片,4 年前,5 顆星,
阿誠牛肉湯,Chang hsiang Lin,在地嚮導 · 11 則評論 · 1 張相片,4 年前,5 顆星,
阿誠牛肉湯,金屬製品金屬製品,4 則評論,4 年前,4 顆星,便宜大碗
阿誠牛肉湯,Jason Chiu,在地嚮導 · 39 則評論 · 197 張相片,4 年前,5 顆星,"好吃好喝，每年都要回訪！
從學生吃到畢業👍 …"
阿誠牛肉湯,Richeal R,"在地嚮導 · 1,162 則評論 · 4,847 張相片",4 年前,5 顆星,"高麗菜軟軟的個人不愛，
牛舌湯、炒牛腩筋好吃，份量十足而且可以續湯。"
阿誠牛肉湯,穆暄愷樂,在地嚮導 · 49 則評論 · 151 張相片,4 年前,5 顆星,"牛肉切超厚，口感好還不會過老；份量蠻多，牛肝也是厚片，肉燥飯不會鹹，肥嫩肥嫩吃了還想再來一碗！
老闆娘態度親切熱情，很推薦喔！"
阿誠牛肉湯,197610222,69 則評論 · 2 張相片,4 年前,5 顆星,便宜又大碗
阿誠牛肉湯,Znkeo Hsu,在地嚮導 · 142 則評論 · 10 張相片,4 年前,5 顆星,好吃不貴量多，老闆親切，值得再來！
阿誠牛肉湯,莊美香,36 則評論 · 73 張相片,4 年前,4 顆星,
阿誠牛肉湯,刺貓,在地嚮導 · 23 則評論 · 28 張相片,4 年前,5 顆星,牛肉好吃，湯好喝，肉是全熟的，怕血的可以來這邊喔~
阿誠牛肉湯,Kim Lin,12 則評論 · 2 張相片,4 年前,5 顆星,
阿誠牛肉湯,Mike Lee,"在地嚮導 · 6 則評論 · 1,511 張相片",4 年前,5 顆星,
阿誠牛肉湯,yy55ity,在地嚮導 · 105 則評論 · 6 張相片,4 年前,4 顆星,"就在武聖夜市旁，ㄧ碗紅燒牛肉麵只要80元,大碗100元，食量不是很大千萬不要點大碗，撲滿大碗口的牛肉是驚人多,麵份量大,會吃不完！只是他的是紅燒蕃茄牛肉麵不太適合我都口味，他清燉的沒吃過，但真的便宜又大碗！"
阿誠牛肉湯,方韻雯,在地嚮導 · 16 則評論 · 5 張相片,4 年前,5 顆星,"牛舌湯超好喝
非常鮮甜肉質也很軟嫩
而且老闆還說不夠可以再加湯！"
阿誠牛肉湯,范虹盈,5 則評論 · 2 張相片,4 年前,5 顆星,"牛肉湯超好喝，又大碗，肉又多
牛小排超好吃
幸福阿~~"
阿誠牛肉湯,Chia-Hsiang Li,4 則評論,4 年前,5 顆星,老闆娘人很好
阿誠牛肉湯,Fang Chen,在地嚮導 · 153 則評論 · 200 張相片,4 年前,5 顆星,俗擱大碗的牛肉湯，肉質好嫩，個人是吃不出騷味，店家生意很好，待客一樣親切
阿誠牛肉湯,蘇水水,3 則評論,4 年前,5 顆星,原來搬家了！之前在金華路跟民族路那邊，後來過去看到開新店想說怎麼不見了，太好了！
阿誠牛肉湯,酪梨 Roni,"在地嚮導 · 444 則評論 · 1,705 張相片",4 年前,5 顆星,"料多實在！真謂福音廚房
不論紅燒或清燙湯頭，都令人食指大動☝🏻
#紅燒牛肉麵(大) 100 …"
阿誠牛肉湯,蔡康榮,"在地嚮導 · 1,215 則評論 · 5,134 張相片",4 年前,5 顆星,"肉燥飯很入味

燙高麗菜很大一盤 …"
阿誠牛肉湯,Elisha Hsu,在地嚮導 · 87 則評論 · 49 張相片,4 年前,5 顆星,肉品新鮮好吃又大碗，老板熱情親切，菜單上什麼都便宜好吃，我們家每週會來1-3次。
阿誠牛肉湯,Yolanda,在地嚮導 · 88 則評論 · 1 張相片,4 年前,5 顆星,❤️
阿誠牛肉湯,西西,在地嚮導 · 37 則評論 · 34 張相片,4 年前,4 顆星,"建議感覺點牛舌湯比較好，牛肉湯感覺是肉片湯（？），肉蠻不錯的但像別人說的真的有一點點騷，湯也不錯喝又大一碗
整體就是蠻有家常味的一間店
有那種回到家吃東西的溫馨感"
阿誠牛肉湯,HSIN-HSIN TENG,在地嚮導 · 9 則評論 · 45 張相片,4 年前,5 顆星,這個價格，真的便宜又大碗。一張國父孫中山，即可享受到他的大碗牛肉麵......👍👍👍 …
阿誠牛肉湯,有為青年,在地嚮導 · 162 則評論 · 382 張相片,4 年前,5 顆星,"從外地第一次來有點迷路，原來在轉角處，一進去迎面而來的是非常風趣熱情的闆娘招呼，老闆也非常老實客氣，光服務就一百分沒話說💯

老闆一家是虔誠的基督徒，很多人客似乎也是教友，水準也非常高，客氣相待，很難想像這樣的牛肉湯店竟然來店客素質都如此與眾不同。

連廁所的垃圾桶內，看上去就知道人客的衛生素質有多高⋯

回歸話題，如其他人所說，CP值高，份量真的比其他家多⋯尤其是牛肉湯！這次真的吃到好撐，一定會帶朋友來吃！"
阿誠牛肉湯,日子還是要過,在地嚮導 · 101 則評論,4 年前,5 顆星,c/p值高 便宜美味大碗 服務親切 生意很好
阿誠牛肉湯,林采妮,在地嚮導 · 22 則評論 · 12 張相片,4 年前,5 顆星,蠻喜歡的一家店~便宜到有點不可思議，但重點是，他真的蠻好吃的！尤其是牛肉湯跟炒青菜，是食物的鮮甜味！
阿誠牛肉湯,陳誠民,8 則評論,4 年前,5 顆星,
阿誠牛肉湯,Fish yukuo,在地嚮導 · 84 則評論 · 841 張相片,4 年前,5 顆星,"吃一次就愛上了，那欸安內
助手我的菜，誤"
阿誠牛肉湯,林知潁,"在地嚮導 · 545 則評論 · 1,860 張相片",4 年前,5 顆星,超大一碗才100，味道和其他間比較不一樣
阿誠牛肉湯,宋貓,在地嚮導 · 43 則評論 · 74 張相片,4 年前,5 顆星,超便宜又美味！肉給的很多，味道清爽，後悔沒早點來吃，老闆跟老闆娘親切又熱心，只能怪自己食量不夠大只吃一碗麵就飽了啊！
阿誠牛肉湯,威凱邱,在地嚮導 · 25 則評論 · 42 張相片,4 年前,4 顆星,"100元就可以喝到這麼大碗的牛肉湯,料多實在真的是便宜又大碗,而且還可以續湯！
肉燥飯也滿好吃的。"
阿誠牛肉湯,吳政彥,16 則評論,4 年前,5 顆星,"好吃美味
用料實在"
阿誠牛肉湯,Fen Li,在地嚮導 · 93 則評論,4 年前,5 顆星,"(打拋豬肉麵)和(牛肉麵)都太好吃了~
每次只要上班累到不行的時候.....
來這裡吃碗麵~馬上就會精神滿滿!!元氣十足!!
老闆甚至還會送你牛肉清湯~
這麼佛心的店家,真是太少見了"
阿誠牛肉湯,Wu Rita,18 則評論 · 1 張相片,4 年前,5 顆星,
阿誠牛肉湯,CI,在地嚮導 · 24 則評論 · 15 張相片,4 年前,5 顆星,"吃了這家店五六年
吃遍台南這麼多牛肉湯店
還是這家最對味
感謝老闆娘每次都熱情招待熟客❤️"
阿誠牛肉湯,楊政基,在地嚮導 · 30 則評論 · 14 張相片,4 年前,5 顆星,好吃 便宜 每次來都撐著回去
阿誠牛肉湯,C,在地嚮導 · 260 則評論 · 643 張相片,4 年前,5 顆星,量多美味
阿誠牛肉湯,黃士軒,在地嚮導 · 3 則評論 · 1 張相片,4 年前,5 顆星,
阿誠牛肉湯,羅瑪羅瑪,在地嚮導 · 7 則評論 · 10 張相片,4 年前,4 顆星,
阿誠牛肉湯,YJ Lin,在地嚮導 · 122 則評論 · 40 張相片,4 年前,5 顆星,個人吃過CP值最高的牛肉湯/牛肉麵店，喜歡牛舌的人一定要點牛舌湯，牛舌多到讓人懷疑外面一盤動輒兩三百的店家，不會賺太多嗎？！
阿誠牛肉湯,Anpanman Tsai,在地嚮導 · 68 則評論 · 109 張相片,4 年前,4 顆星,牛肉很嫩，肉給得很足
阿誠牛肉湯,Yichen,"在地嚮導 · 849 則評論 · 5,145 張相片",4 年前,5 顆星,"聽朋友推薦很久了，終於來踩點。
只能說真是太晚來吃了，牛肉好嫩好好吃，榮登我心中第一名牛肉店～～"
阿誠牛肉湯,周安國,"在地嚮導 · 407 則評論 · 3,938 張相片",4 年前,4 顆星,物美價廉
阿誠牛肉湯,Steven Li,在地嚮導 · 47 則評論 · 3 張相片,4 年前,5 顆星,好吃，老闆娘很開朗
阿誠牛肉湯,邱威閔,在地嚮導 · 30 則評論 · 6 張相片,4 年前,5 顆星,
阿誠牛肉湯,楊晴雯,在地嚮導 · 261 則評論 · 270 張相片,4 年前,5 顆星,好吃，推牛肉湯！
阿誠牛肉湯,吳昶逸,在地嚮導 · 29 則評論 · 55 張相片,4 年前,5 顆星,兩個人吃飽的要死才200多，湯有夠大，湯清肉好吃
阿誠牛肉湯,イワン（響音Xer）,在地嚮導 · 123 則評論 · 149 張相片,4 年前,5 顆星,"110元 大碗肝肉湯
真的太豐盛 相同價錢份量是其他間的2倍！ …"
阿誠牛肉湯,Eden,在地嚮導 · 21 則評論,4 年前,5 顆星,"牛肉湯非常的鮮甜,比起其他店大碗很多,cp值非常高"
阿誠牛肉湯,Jin Wang,在地嚮導 · 188 則評論 · 534 張相片,4 年前,5 顆星,意外好吃⋯ 湯鮮甜牛肉嫩
阿誠牛肉湯,Allen Lai,"在地嚮導 · 1,633 則評論 · 7,975 張相片",4 年前,5 顆星,牛肉湯90元，很大一碗，湯頭醇厚好喝，牛肉份量不少也好吃，會想再訪的店家。
阿誠牛肉湯,蔡宗育,在地嚮導 · 28 則評論 · 46 張相片,4 年前,5 顆星,"非常便宜大碗的店
牛肉湯如果喜歡牛味夠濃的可以考慮
肉燥飯膠質多夠黏不錯吃"
阿誠牛肉湯,姜婉茹,在地嚮導 · 20 則評論 · 42 張相片,4 年前,4 顆星,
阿誠牛肉湯,蔡萬金,"在地嚮導 · 514 則評論 · 4,732 張相片",4 年前,4 顆星,最早是在民族路上，現在又換地方到武聖夜市旁，牛肉麵就這樣的級數，這樣的價位，絕對是平價的牛肉麵，牛肉清湯也是讓人滿意，可是用餐環境變小，平面座位一樣擁擠，特點是還有甜點冰品。
阿誠牛肉湯,PHILIP LIANG,在地嚮導 · 163 則評論 · 81 張相片,4 年前,5 顆星,"就在武聖夜市旁，比起其他牛肉湯名店毫不遜色，大碗平價又美味，服務態度也很客氣。
我們經常夫妻兩個散步過去享用，點一碗大碗牛肉湯或牛肝湯、青菜炒牛肉，加上肉燥飯，就可以吃得飽足又滿意，值得推薦。"
阿誠牛肉湯,VT,在地嚮導 · 21 則評論,4 年前,5 顆星,價格實惠，而且口味很棒很道地，值得再訪
阿誠牛肉湯,w ahuan,11 則評論 · 12 張相片,4 年前,5 顆星,選擇多樣又經濟實惠 食材佳
阿誠牛肉湯,郭東宜,3 則評論 · 4 張相片,4 年前,5 顆星,
阿誠牛肉湯,Penny Wang,在地嚮導 · 94 則評論 · 255 張相片,4 年前,5 顆星,牛肉好吃，價格實惠。
阿誠牛肉湯,DH Huang,"在地嚮導 · 180 則評論 · 10,559 張相片",4 年前,5 顆星,
阿誠牛肉湯,hsinting chang,8 則評論 · 2 張相片,4 年前,5 顆星,好好吃，真材實料的牛肉湯，推薦！
阿誠牛肉湯,Su,在地嚮導 · 436 則評論 · 2 張相片,4 年前,4 顆星,"牛肉麵讚
炒飯就不推"
阿誠牛肉湯,Roseshow Lin,"在地嚮導 · 196 則評論 · 1,213 張相片",4 年前,5 顆星,"在台南生活的日子裡
最喜歡的牛肉湯⋯⋯
真的非常、非常想念
阿姨好親切 滷肉飯雖然有點甜甜
卻回味無窮
牛肉湯超級好喝濃郁
加入米酒更是美味極有記憶點
拜託台南的朋友多去幫忙捧場捧場絕對不會失望"
阿誠牛肉湯,柯盛文,在地嚮導 · 163 則評論 · 285 張相片,4 年前,5 顆星,好吃份量足
阿誠牛肉湯,鄭大龍,在地嚮導 · 12 則評論 · 9 張相片,4 年前,5 顆星,"牛肉湯，牛舌湯還有芒果雪花冰都超美味。
老闆娘人也超友善。"
阿誠牛肉湯,Yuan,在地嚮導,4 年前,5 顆星,
阿誠牛肉湯,王秀玲,2 則評論 · 11 張相片,4 年前,5 顆星,
阿誠牛肉湯,方楷博,11 則評論 · 8 張相片,4 年前,5 顆星,
阿誠牛肉湯,Chen,在地嚮導 · 391 則評論 · 848 張相片,4 年前,5 顆星,"$100的牛肉麵麵量、肉量超多！！！
這間店太佛了，用新台幣支持到底！"
阿誠牛肉湯,高王韋,在地嚮導 · 97 則評論 · 73 張相片,4 年前,4 顆星,"份量都很大；肉超多！
肉食超推！"
阿誠牛肉湯,王熊,在地嚮導 · 344 則評論 · 578 張相片,4 年前,4 顆星,好吃的店，有點不太好找，牛小排非常的好吃，但是丼飯有點貴了(145$)不太值得，肉太鹹，滷牛雜很不錯值得吃。
阿誠牛肉湯,Tingyi Wu,在地嚮導 · 12 則評論 · 159 張相片,4 年前,5 顆星,
阿誠牛肉湯,Leslie Lin,6 則評論 · 2 張相片,4 年前,4 顆星,店家熱情，食物份量多又美味，經濟實惠，對孩子友善。值得再訪！
阿誠牛肉湯,郭宏,1 則評論 · 1 張相片,4 年前,5 顆星,味美量大又便宜，老闆娘又親切
阿誠牛肉湯,mori brian,在地嚮導 · 19 則評論 · 5 張相片,4 年前,5 顆星,好吃又實在👍 …
阿誠牛肉湯,Stan Wang,在地嚮導 · 12 則評論 · 90 張相片,4 年前,5 顆星,
阿誠牛肉湯,Sandy,在地嚮導 · 89 則評論 · 126 張相片,4 年前,5 顆星,各種餐點都很大份量，用料不手軟，友人覺得牛肉湯調味有點重
阿誠牛肉湯,松井翔,在地嚮導 · 90 則評論 · 26 張相片,4 年前,5 顆星,湯鮮味美肉大塊!!
阿誠牛肉湯,Albert Lin,在地嚮導 · 154 則評論 · 444 張相片,4 年前,5 顆星,"東西好吃份量大！！
牛小排就有附菜了，多到吃不完😂😂😂
相較其他家，這家cp值超高！ …"
阿誠牛肉湯,莊國仁,在地嚮導 · 7 則評論 · 6 張相片,4 年前,5 顆星,
阿誠牛肉湯,施惠惇,在地嚮導 · 70 則評論 · 58 張相片,5 年前,5 顆星,"隱藏在住家內的超級好吃喝的牛肉湯，味道清甜非常推薦!!!
無骨牛小排也大推!!!份量很捨得給，便宜又好吃!!
老闆老闆娘人很客氣"
阿誠牛肉湯,許雅玲,"33 則評論 · 1,455 張相片",5 年前,3 顆星,
阿誠牛肉湯,黃小六,在地嚮導 · 316 則評論 · 644 張相片,5 年前,5 顆星,人好價美好吃。一定要去吃。牛肉麵，牛小排，打拋豬肉麵。
阿誠牛肉湯,林友正Winson,"在地嚮導 · 863 則評論 · 2,264 張相片",5 年前,5 顆星,"東西好吃價格實惠
有別其他傳統的牛肉湯
還有許久特別的菜色"
阿誠牛肉湯,Hsaio Chun Lin,在地嚮導 · 124 則評論 · 27 張相片,5 年前,5 顆星,物美價廉，滿足一餐的好選擇！
阿誠牛肉湯,kechung miao,在地嚮導 · 47 則評論 · 463 張相片,5 年前,5 顆星,這是我心目中，台南市地區CP值最高~高~高的牛肉湯餐館 ，湯純肉多又便宜，牛小排&肉燥飯必點，“蔥蛋”這道菜也是“佛心+感謝主”，分享完我又想安排出發了，反正每次經過台南市，是我繞路過去武聖夜市的唯一理由，不怕你踢館啦！😁😁😁 …
阿誠牛肉湯,王勇強,在地嚮導 · 528 則評論 · 240 張相片,5 年前,5 顆星,服務員很好，介紹的很清楚，力推。自助式服務。
阿誠牛肉湯,蕭宇評,在地嚮導 · 32 則評論 · 4 張相片,5 年前,5 顆星,牛肉湯好喝，料多實在，老闆娘也很親切，是在地吃牛肉湯的好去處!
阿誠牛肉湯,Andy Chen,在地嚮導 · 66 則評論 · 387 張相片,5 年前,5 顆星,
阿誠牛肉湯,蘇敏慧,在地嚮導 · 115 則評論,5 年前,3 顆星,大碗 實惠   坐二樓 要自助端餐，有自動送餐電梯，但是要起身自己去端。
阿誠牛肉湯,nien chin lin,在地嚮導 · 78 則評論 · 299 張相片,5 年前,5 顆星,好棒的牛肉湯。
阿誠牛肉湯,ping Ho,7 則評論 · 2 張相片,5 年前,5 顆星,
阿誠牛肉湯,hh,在地嚮導 · 572 則評論 · 224 張相片,5 年前,4 顆星,
阿誠牛肉湯,Chiao Ru (Ru),6 則評論 · 3 張相片,5 年前,5 顆星,
阿誠牛肉湯,Ray,在地嚮導 · 20 則評論 · 88 張相片,5 年前,5 顆星,老闆跟員工很親切，牛肉給很多、喜歡大吃牛肉的人可以去吃看看！CP值很高！
阿誠牛肉湯,王昱凱,在地嚮導 · 1 則評論 · 24 張相片,5 年前,5 顆星,
阿誠牛肉湯,lylis ma,3 則評論,5 年前,5 顆星,"牛肉麵超讚!  牛肉湯好喝!  來台南必吃!
店長親切又熱情，2020年繼續來當老主顧!"
阿誠牛肉湯,のらねこ,257 則評論 · 235 張相片,5 年前,5 顆星,"我點了紅燒牛肉麵85元。
牛肉完美地放在拉麵碗大小的碗裡。
現在85元很便宜！
味道又辣又好吃！"
阿誠牛肉湯,鍾芳盈,在地嚮導 · 22 則評論 · 110 張相片,5 年前,5 顆星,
阿誠牛肉湯,何彩綿,,5 年前,5 顆星,
阿誠牛肉湯,洪添喜,在地嚮導 · 58 則評論 · 25 張相片,5 年前,4 顆星,不只是牛肉系列，肉燥飯甚至比一般肉燥飯專賣店的更好吃。
阿誠牛肉湯,許魯安（H99）,1 則評論 · 1 張相片,5 年前,5 顆星,
阿誠牛肉湯,Salom,在地嚮導 · 91 則評論 · 1 張相片,5 年前,5 顆星,
阿誠牛肉湯,石博弈,7 則評論,5 年前,4 顆星,
阿誠牛肉湯,張崑哲,3 則評論,5 年前,5 顆星,
阿誠牛肉湯,Chou Big,在地嚮導 · 27 則評論 · 14 張相片,5 年前,5 顆星,超愛他的清燉牛肉麵搭配米苔目的麵，覺得味道太淡的話可以在加上店內免費的榨菜，重點是超便宜！！至於紅燒的話個人不推，有點油膩，建議可以在點一盤有啥炒啥當配菜吃，如果剛好是芒果的產季還會有雪花冰可以點，大推！
阿誠牛肉湯,Hong,在地嚮導 · 132 則評論 · 539 張相片,5 年前,5 顆星,我朋友馬路楊推薦這家.老闆和店員都親切.好吃.
阿誠牛肉湯,林智哲,,5 年前,5 顆星,
阿誠牛肉湯,超級布丁,在地嚮導 · 33 則評論 · 140 張相片,5 年前,5 顆星,
阿誠牛肉湯,吳俞槿,在地嚮導 · 59 則評論 · 149 張相片,5 年前,4 顆星,
阿誠牛肉湯,Frances Kuo,在地嚮導 · 34 則評論 · 16 張相片,5 年前,3 顆星,
阿誠牛肉湯,鄭欽澤,在地嚮導 · 28 則評論 · 3 張相片,5 年前,5 顆星,便宜又好吃，大力推薦！
阿誠牛肉湯,Rou Su,,5 年前,5 顆星,
阿誠牛肉湯,李桓,在地嚮導 · 134 則評論 · 239 張相片,5 年前,5 顆星,
阿誠牛肉湯,新像,,5 年前,5 顆星,
阿誠牛肉湯,洪耀南（Dapper Hung）,在地嚮導 · 6 則評論 · 258 張相片,5 年前,5 顆星,
阿誠牛肉湯,雞塊,在地嚮導 · 7 則評論 · 46 張相片,5 年前,5 顆星,當時點牛筋肉丼飯 送上桌時無法相信這種份量只需這種價格，肉吃起來嫩而不老，下次去台南一定再光顧
阿誠牛肉湯,William,"在地嚮導 · 1,302 則評論 · 13,791 張相片",5 年前,4 顆星,"口味好，價格合理，
沒有夜市時候好停車"
阿誠牛肉湯,林育聖,在地嚮導 · 119 則評論 · 22 張相片,5 年前,5 顆星,牛肉湯大碗便宜但蠻好吃的，肉的量比起其他間給很多，湯頭還行，但是有點血味，會在意的人要注意。
阿誠牛肉湯,Z.Y. H,在地嚮導 · 293 則評論 · 723 張相片,5 年前,5 顆星,"打拋豬味道特殊，口味偏甜，但非常好吃。價錢又超便宜，台灣找不到了。
榨菜不會死鹹，應該是店家自製。台灣很難找到不死鹹的榨菜。
雖只一人用餐，但大噸位的冷氣照開服務，實在很難找到這樣的店家。"
阿誠牛肉湯,林暉智,2 則評論 · 2 張相片,5 年前,5 顆星,
阿誠牛肉湯,周柏璁,在地嚮導 · 9 則評論 · 2 張相片,5 年前,5 顆星,
阿誠牛肉湯,林于萱,在地嚮導 · 12 則評論 · 10 張相片,5 年前,5 顆星,
阿誠牛肉湯,胡小海,"在地嚮導 · 454 則評論 · 4,969 張相片",5 年前,5 顆星,"牛肉麵好吃
麵多肉又多
$80佛心來的"
阿誠牛肉湯,凱強梁,在地嚮導 · 49 則評論 · 22 張相片,5 年前,4 顆星,
阿誠牛肉湯,ue R,在地嚮導 · 22 則評論 · 18 張相片,5 年前,5 顆星,CP質超級高 料多價格不貴又好吃
阿誠牛肉湯,吳小明,3 則評論 · 4 張相片,5 年前,5 顆星,
阿誠牛肉湯,Break therule,在地嚮導 · 43 則評論 · 5 張相片,5 年前,4 顆星,
阿誠牛肉湯,Mickaël Lin (YangYang),在地嚮導 · 143 則評論 · 40 張相片,5 年前,5 顆星,
阿誠牛肉湯,yeh hua,在地嚮導 · 465 張相片,5 年前,4 顆星,
阿誠牛肉湯,bingshin Lee,5 則評論,5 年前,5 顆星,非常好吃
阿誠牛肉湯,陳光賢,在地嚮導 · 16 則評論 · 26 張相片,5 年前,5 顆星,
阿誠牛肉湯,洪麓路,78 則評論,5 年前,5 顆星,大推牛肉湯！
阿誠牛肉湯,林茜妍,在地嚮導 · 22 則評論 · 118 張相片,5 年前,5 顆星,
阿誠牛肉湯,施志興,在地嚮導 · 3 則評論 · 15 張相片,5 年前,5 顆星,
阿誠牛肉湯,Vicky Chen,"在地嚮導 · 2,226 則評論 · 12,863 張相片",5 年前,5 顆星,很可惜沒有芒果冰了，只剩50的雪花冰，不過很大一盤還有加煉乳，綿密的雪花冰也是很好吃
阿誠牛肉湯,胡卜仁,在地嚮導 · 214 則評論 · 168 張相片,5 年前,5 顆星,大碗好吃😋 …
阿誠牛肉湯,陳鶯妹,,5 年前,5 顆星,
阿誠牛肉湯,steve lu,在地嚮導 · 141 則評論 · 222 張相片,5 年前,4 顆星,
阿誠牛肉湯,林秋華,11 則評論 · 2 張相片,5 年前,5 顆星,"物美價廉營養食物，可以享受新鮮牛肉的美味。💋💋💋💋
👍👍👍👍👍👍👏👏👏👏👏👏 …"
阿誠牛肉湯,Lance Chen,在地嚮導 · 4 則評論 · 1 張相片,5 年前,4 顆星,
阿誠牛肉湯,Po-Yu Huang,在地嚮導 · 21 則評論 · 23 張相片,5 年前,5 顆星,
阿誠牛肉湯,王王威翔,1 則評論,5 年前,5 顆星,超好吃 有空可以來吃吃看很不錯
阿誠牛肉湯,alumis@gmail.com peggy135,4 則評論 · 5 張相片,5 年前,5 顆星,
阿誠牛肉湯,徐利亞,,5 年前,5 顆星,
阿誠牛肉湯,吳青峰,1 則評論,5 年前,5 顆星,
阿誠牛肉湯,洪小全,6 則評論,5 年前,5 顆星,
阿誠牛肉湯,Felicia Yu,在地嚮導 · 301 則評論 · 269 張相片,5 年前,4 顆星,CP值高但不是最好吃的，芒果冰很厲害很便宜
阿誠牛肉湯,Daniel Kuo,在地嚮導 · 2 則評論 · 158 張相片,5 年前,5 顆星,
阿誠牛肉湯,就是愛吃Wolf,"在地嚮導 · 394 則評論 · 4,254 張相片",5 年前,3 顆星,服務親切，cp值高
阿誠牛肉湯,陳恆毅,在地嚮導 · 9 則評論 · 624 張相片,5 年前,4 顆星,量多味美
阿誠牛肉湯,東穎,3 則評論 · 1 張相片,5 年前,5 顆星,
阿誠牛肉湯,羅艷玲,在地嚮導 · 31 則評論 · 101 張相片,5 年前,5 顆星,
阿誠牛肉湯,尤小魚,在地嚮導 · 91 則評論 · 12 張相片,5 年前,5 顆星,東西實在，牛肉分量多，價格合理！
阿誠牛肉湯,Choco Shen,在地嚮導 · 20 則評論 · 18 張相片,5 年前,5 顆星,推推！價格便宜
阿誠牛肉湯,欒柏勳,在地嚮導 · 64 則評論 · 9 張相片,5 年前,4 顆星,不錯
阿誠牛肉湯,Eric Cheng,在地嚮導 · 9 則評論 · 25 張相片,5 年前,5 顆星,
阿誠牛肉湯,張偉昇,在地嚮導 · 24 則評論 · 6 張相片,5 年前,4 顆星,
阿誠牛肉湯,陳政憲,在地嚮導 · 17 則評論 · 34 張相片,5 年前,5 顆星,
阿誠牛肉湯,張KIDD,在地嚮導 · 28 則評論 · 149 張相片,5 年前,5 顆星,
阿誠牛肉湯,施冠榕,在地嚮導 · 25 則評論 · 1 張相片,5 年前,5 顆星,
阿誠牛肉湯,Jane Lin,在地嚮導 · 205 則評論 · 561 張相片,5 年前,5 顆星,位於武聖夜市旁邊。特別推薦這家的牛肉湯跟紅燒牛肉麵!!! 很好吃，份量也很大，但是價錢不貴。吃完也可以到旁邊的武聖夜市逛逛~是一家值得再訪的店。
阿誠牛肉湯,OLEG CHANG,3 則評論 · 1 張相片,5 年前,4 顆星,
阿誠牛肉湯,柳丁,5 則評論,5 年前,5 顆星,
阿誠牛肉湯,施長青,在地嚮導 · 34 則評論 · 36 張相片,5 年前,5 顆星,平價又美味！
阿誠牛肉湯,parry,在地嚮導 · 237 則評論 · 325 張相片,5 年前,5 顆星,好吃，份量大，價位合理，推推
阿誠牛肉湯,Ruei Jing Wang,4 則評論 · 13 張相片,5 年前,5 顆星,
阿誠牛肉湯,william chu,在地嚮導 · 98 則評論 · 76 張相片,5 年前,5 顆星,總和口味和價錢比較 台南cp值前幾名的牛肉湯
阿誠牛肉湯,軒,在地嚮導 · 71 則評論 · 36 張相片,5 年前,5 顆星,東西好吃 老闆娘很親切 一定要來!!
阿誠牛肉湯,薛香蘭,在地嚮導 · 49 則評論 · 18 張相片,5 年前,5 顆星,"牛肉湯湯頭有天然甜味，入口潤喉。牛肉肉片軟嫩。
牛肉炒飯很讚。吃了還想再吃。"
阿誠牛肉湯,周靜容,在地嚮導 · 66 則評論 · 26 張相片,5 年前,4 顆星,好吃平價，服務親切，老闆超大氣，一定會再去吃的店。
阿誠牛肉湯,陳冠丞,在地嚮導 · 291 則評論 · 975 張相片,5 年前,4 顆星,味道不錯
阿誠牛肉湯,吳亭尹,在地嚮導 · 39 則評論 · 15 張相片,5 年前,5 顆星,CP值高
阿誠牛肉湯,Lo Roger,在地嚮導 · 262 則評論 · 564 張相片,5 年前,5 顆星,不是夜市日好停車 東西好吃不貴 經濟實惠  店家人員親切 竟然還有牛排和芋頭冰
阿誠牛肉湯,莊順閔,在地嚮導 · 419 則評論 · 128 張相片,5 年前,5 顆星,超好吃 老闆人也好
阿誠牛肉湯,jsm Asd,5 則評論 · 4 張相片,5 年前,5 顆星,便宜
阿誠牛肉湯,郭書宏,在地嚮導 · 14 則評論 · 10 張相片,5 年前,5 顆星,
阿誠牛肉湯,黃呆毛,在地嚮導 · 71 則評論 · 65 張相片,5 年前,5 顆星,
阿誠牛肉湯,Jeff,在地嚮導 · 1 則評論 · 1 張相片,5 年前,4 顆星,
阿誠牛肉湯,張宸罡,在地嚮導 · 33 則評論 · 12 張相片,6 年前,5 顆星,
阿誠牛肉湯,建彰,在地嚮導 · 100 則評論 · 76 張相片,6 年前,4 顆星,蠻特殊的店，東西蠻好吃的
阿誠牛肉湯,鄭金進,11 則評論,6 年前,5 顆星,不但好吃又便宜，最主要是服務親切，是很好的用餐選擇
阿誠牛肉湯,曾筱慧,在地嚮導 · 47 則評論 · 30 張相片,6 年前,4 顆星,令人回味的味道…
阿誠牛肉湯,TOTO,在地嚮導 · 32 則評論 · 4 張相片,6 年前,5 顆星,方圓幾公里最好吃的
阿誠牛肉湯,Chih-Kai Hong,在地嚮導 · 117 則評論 · 162 張相片,6 年前,5 顆星,"便宜又大碗的在地美食
喜歡喝牛肉湯的老饕千萬別錯過！
禮拜二固定公休"
阿誠牛肉湯,jojo wu,在地嚮導 · 58 則評論 · 688 張相片,6 年前,5 顆星,
阿誠牛肉湯,St C,"在地嚮導 · 501 則評論 · 1,057 張相片",6 年前,4 顆星,要喝台南經典的牛肉湯，不應來這家。但牛肉麵CP值極高(選肉很好 麵條普通 份量大碗滿意) 值得點一碗來吃，還有洋蔥炒牛肝 搭配很棒。
阿誠牛肉湯,周玲卉,在地嚮導 · 29 則評論 · 15 張相片,6 年前,4 顆星,
阿誠牛肉湯,劉亨利,在地嚮導 · 220 則評論 · 585 張相片,6 年前,4 顆星,價格算評價 吃起來口味也不錯
阿誠牛肉湯,陳伯愷,"在地嚮導 · 1,003 則評論 · 1,888 張相片",6 年前,5 顆星,口味只有三顆星，但價格是五顆星，再加上是寵物友善餐廳，這點很加分！看不慣帶寵物在這裡用餐的可以滾去別家
阿誠牛肉湯,蔡東昇,,6 年前,5 顆星,
阿誠牛肉湯,黃承韋,在地嚮導 · 73 則評論 · 15 張相片,6 年前,5 顆星,唯一五星推薦，內行人的牛肉湯！！
阿誠牛肉湯,凌恩立,在地嚮導 · 137 則評論 · 35 張相片,6 年前,5 顆星,牛肉湯很清甜，麵也很大碗
阿誠牛肉湯,林志展,7 則評論 · 7 張相片,6 年前,5 顆星,
阿誠牛肉湯,蔡雨賢,338 則評論,6 年前,4 顆星,最初店名就是阿誠牛肉湯，店面開立於金華路與民族路口附近，食材料理口味眾多，講究平價價位美食，生意興隆客源好多，只是現在搬遷至武聖夜市旁，原因不詳也不好意思過問，反正是平價大眾化口感，我每一次來，也就是一碗牛肉湯+一碗牛肉麵，也會順便來一盤炒牛肝。
阿誠牛肉湯,劉建助,"在地嚮導 · 622 則評論 · 2,396 張相片",6 年前,4 顆星,牛肉柔嫩氣味鮮甜，湯很大碗，讚！
阿誠牛肉湯,郭得煌,1 則評論,6 年前,4 顆星,
阿誠牛肉湯,Tin Yeung Wong,在地嚮導 · 186 則評論 · 622 張相片,6 年前,5 顆星,水準中上嘅牛肉湯
阿誠牛肉湯,Charles Tsai,"在地嚮導 · 401 則評論 · 1,079 張相片",6 年前,5 顆星,餐點好吃，用餐區舒適，CP值高。
阿誠牛肉湯,小包爾皮皮,在地嚮導 · 28 則評論 · 47 張相片,6 年前,5 顆星,好久沒吃過那麼實惠的牛肉麵，老闆真是太有誠意了
阿誠牛肉湯,Fred Chiou,在地嚮導 · 178 則評論 · 136 張相片,6 年前,4 顆星,不錯
阿誠牛肉湯,陳亭伊,3 則評論,6 年前,4 顆星,接近快打烊的時間到，老闆還願意為我們煮牛肉湯～很美味！
阿誠牛肉湯,呂佳彥,在地嚮導 · 1 則評論 · 4 張相片,6 年前,5 顆星,
阿誠牛肉湯,黄皓塵,18 則評論,6 年前,5 顆星,親切，cp 值很高，值得再訪的地方
阿誠牛肉湯,Molly Du,在地嚮導 · 55 則評論 · 9 張相片,6 年前,5 顆星,"2017/11/8
符合店名 俗哥喝呷、服務親切
可惜離家有點距離

初次下載GOMAJI APP→到我的訂單→賺取優惠→輸入邀請碼MS693就會馬上得到$120抵用金-2019/2/23更新"
阿誠牛肉湯,邱建臺,99 則評論,6 年前,4 顆星,乾淨明亮 環境不錯 牛肉湯還好
阿誠牛肉湯,吉利,在地嚮導 · 98 則評論 · 17 張相片,6 年前,5 顆星,
阿誠牛肉湯,Ciao Hong,"在地嚮導 · 337 則評論 · 1,259 張相片",6 年前,5 顆星,美味，實惠
阿誠牛肉湯,51,在地嚮導 · 90 則評論 · 117 張相片,6 年前,5 顆星,平價
阿誠牛肉湯,カシワ,11 則評論 · 3 張相片,6 年前,5 顆星,
阿誠牛肉湯,WEI,在地嚮導 · 23 則評論 · 27 張相片,6 年前,5 顆星,
阿誠牛肉湯,wii,在地嚮導 · 127 則評論 · 250 張相片,6 年前,5 顆星,還不錯 新鮮好吃
阿誠牛肉湯,平安喜樂,在地嚮導 · 242 則評論 · 83 張相片,6 年前,5 顆星,cp值超高的店，一試成主顧~
阿誠牛肉湯,Lance,在地嚮導 · 53 則評論 · 8 張相片,6 年前,4 顆星,耶穌真的很愛你
阿誠牛肉湯,楊棨翔,在地嚮導 · 18 則評論 · 55 張相片,6 年前,4 顆星,
阿誠牛肉湯,Chao-Yang Fu,在地嚮導 · 327 則評論 · 347 張相片,6 年前,5 顆星,"真的CP超高，桌面也很乾淨
紅燒牛肉麵85元便宜又大碗，麵多, 湯多, 肉很多(至少6塊以上)，肉還有牛腱&牛腩兩種~"
阿誠牛肉湯,洪浩寧,在地嚮導 · 52 則評論 · 9 張相片,6 年前,5 顆星,湯太好喝了
阿誠牛肉湯,吳佳靜,23 則評論 · 4 張相片,6 年前,5 顆星,
阿誠牛肉湯,YONG LIN TSAI,12 則評論 · 2 張相片,6 年前,5 顆星,
阿誠牛肉湯,何侯希,在地嚮導 · 53 則評論 · 9 張相片,6 年前,5 顆星,好吃
阿誠牛肉湯,南拳北腿孫中山,67 則評論,6 年前,1 顆星,喜愛的阿誠牛肉湯，已經是老顧客了，但是越來越不想再上門，因為此地也淪為寵物一族的用餐環境，很噁心的狀況，人一口狗一口，還狗兒還坐椅子上，這種情況之下，已經沒了用餐興趣，必須改進禁止寵物進入。
阿誠牛肉湯,林宏榮,在地嚮導 · 72 則評論 · 33 張相片,6 年前,4 顆星,平價好吃
阿誠牛肉湯,young張,,6 年前,4 顆星,
阿誠牛肉湯,高蟬鳳,"在地嚮導 · 88 則評論 · 3,035 張相片",6 年前,4 顆星,
阿誠牛肉湯,LUCAS KUO,"在地嚮導 · 57 則評論 · 8,769 張相片",6 年前,3 顆星,
阿誠牛肉湯,劉桂銘,在地嚮導 · 10 則評論,6 年前,5 顆星,
阿誠牛肉湯,Yu Hui Chen,在地嚮導 · 68 則評論 · 860 張相片,6 年前,5 顆星,今天和同事外帶紅燒牛肉麵，CP值真的太高了，好吃又大碗啊!!!  大推推
阿誠牛肉湯,蔡政達,在地嚮導 · 19 則評論 · 4 張相片,6 年前,3 顆星,
阿誠牛肉湯,曲佳盈,18 則評論,6 年前,5 顆星,當地人的私人美食
阿誠牛肉湯,冠智彭,在地嚮導 · 144 則評論 · 1 張相片,6 年前,5 顆星,東西很多元，而且便宜好吃。
阿誠牛肉湯,方國權,在地嚮導 · 91 則評論 · 7 張相片,6 年前,4 顆星,好吃的牛肉料理，牛肉湯清甜牛骨頭味道很濃鬱，CP值高，物超所值。紅燒牛肉麵大碗肉片放的很豪氣。
阿誠牛肉湯,黃大承,在地嚮導 · 16 則評論 · 18 張相片,6 年前,5 顆星,
阿誠牛肉湯,chang fu hsueh,在地嚮導 · 120 則評論 · 973 張相片,6 年前,4 顆星,物美價廉的牛肉料理、尤其牛脥肉在別的地方吃不到哦
阿誠牛肉湯,wu kaijung,在地嚮導 · 30 則評論 · 55 張相片,6 年前,5 顆星,
阿誠牛肉湯,王寶源,在地嚮導 · 13 則評論 · 14 張相片,6 年前,5 顆星,
阿誠牛肉湯,Emily Tzeng,在地嚮導 · 399 則評論 · 764 張相片,6 年前,5 顆星,
阿誠牛肉湯,明仁,在地嚮導 · 2 則評論 · 5 張相片,6 年前,5 顆星,
阿誠牛肉湯,Tu Tu,在地嚮導 · 181 則評論 · 121 張相片,6 年前,5 顆星,24小時供餐服務，提供在地食材。
阿誠牛肉湯,吳昀恩,3 則評論 · 1 張相片,6 年前,4 顆星,
阿誠牛肉湯,謝俊能,在地嚮導 · 2 則評論 · 5 張相片,6 年前,5 顆星,
阿誠牛肉湯,Chihnan Rex,在地嚮導 · 13 則評論 · 40 張相片,6 年前,5 顆星,Cp又好吃
阿誠牛肉湯,張Q咩,2 則評論,6 年前,4 顆星,
阿誠牛肉湯,小雄（小雄）,19 張相片,6 年前,5 顆星,
阿誠牛肉湯,大鼻子,在地嚮導 · 44 則評論 · 10 張相片,6 年前,5 顆星,
阿誠牛肉湯,瑞樺蘭園,在地嚮導 · 33 則評論 · 134 張相片,6 年前,4 顆星,
阿誠牛肉湯,陳志鵬,1 則評論 · 1 張相片,6 年前,5 顆星,
阿誠牛肉湯,Doris Lo,在地嚮導 · 10 則評論 · 7 張相片,6 年前,4 顆星,
阿誠牛肉湯,謝雯喬,在地嚮導 · 11 則評論 · 2 張相片,6 年前,5 顆星,食品好吃，服務親切
阿誠牛肉湯,顏曉辰,11 則評論,6 年前,5 顆星,料好實在cp值破表
阿誠牛肉湯,江鴻恩,在地嚮導 · 9 則評論 · 28 張相片,6 年前,5 顆星,
阿誠牛肉湯,陳聰,在地嚮導 · 121 則評論 · 14 張相片,6 年前,5 顆星,
阿誠牛肉湯,張健暐,在地嚮導 · 44 則評論 · 256 張相片,6 年前,5 顆星,
阿誠牛肉湯,Joan O,在地嚮導 · 17 則評論,6 年前,5 顆星,
阿誠牛肉湯,莊雁淩,7 則評論,6 年前,5 顆星,好吃又便宜😋 …
阿誠牛肉湯,黃任民,12 則評論 · 1 張相片,6 年前,5 顆星,好吃
阿誠牛肉湯,Aries H,在地嚮導 · 130 則評論 · 400 張相片,6 年前,5 顆星,平價好吃
阿誠牛肉湯,黃何明,2 則評論,6 年前,5 顆星,
阿誠牛肉湯,憨憨,在地嚮導 · 35 則評論 · 40 張相片,6 年前,5 顆星,"80塊？？？！
芒果雪花冰
- …"
阿誠牛肉湯,鐵金鋼,在地嚮導 · 48 則評論 · 105 張相片,6 年前,5 顆星,
阿誠牛肉湯,yaknow LEE,"在地嚮導 · 363 則評論 · 3,899 張相片",6 年前,4 顆星,有好吃的芒果冰
阿誠牛肉湯,jukun Tsai,在地嚮導 · 14 則評論,6 年前,3 顆星,
阿誠牛肉湯,陳小豬,"在地嚮導 · 121 則評論 · 2,466 張相片",6 年前,4 顆星,"喜歡哦
牛肉湯比較淡一點
但是牛肉好吃
有玫瑰鹽可以加味

肉燥飯的肉好吃
飯如果再Q一點。會更愛"
阿誠牛肉湯,Daniel Hsu,3 則評論 · 3 張相片,6 年前,5 顆星,物美價廉
阿誠牛肉湯,Emerson Chiu,在地嚮導 · 1 則評論 · 21 張相片,6 年前,4 顆星,
阿誠牛肉湯,金發食品,在地嚮導 · 10 則評論 · 22 張相片,6 年前,5 顆星,
阿誠牛肉湯,julliard,在地嚮導 · 370 則評論 · 785 張相片,6 年前,4 顆星,
阿誠牛肉湯,何昉,在地嚮導 · 89 則評論 · 31 張相片,6 年前,5 顆星,好吃 好吃 好吃
阿誠牛肉湯,KunChe Young,,6 年前,5 顆星,
阿誠牛肉湯,Ivy Chu,在地嚮導 · 74 則評論 · 104 張相片,6 年前,5 顆星,超級好吃的，牛筋肉丼飯配滿滿的兩樣青菜，營養滿分，不像別家一般的丼飯都沒什麼配菜。芒果冰cp值超高，老闆跟闆娘也都很親切。
阿誠牛肉湯,郭信宏,在地嚮導 · 66 則評論 · 183 張相片,6 年前,5 顆星,
阿誠牛肉湯,程玉貞,77 則評論,6 年前,3 顆星,很平價的料理，附近周圍也有幾家牛料理，價貴又沒什麼內容，阿誠牛肉湯很平價，內容物又算多，所以時常經過會來吃上一餐。
阿誠牛肉湯,Joshua Huang,在地嚮導 · 59 則評論 · 345 張相片,6 年前,5 顆星,俗又大碗
阿誠牛肉湯,PJ Wu,在地嚮導 · 11 則評論 · 65 張相片,6 年前,5 顆星,
阿誠牛肉湯,zi yu 羽 (羽),在地嚮導 · 4 則評論 · 11 張相片,6 年前,5 顆星,
阿誠牛肉湯,lee nova,在地嚮導 · 38 則評論 · 123 張相片,6 年前,5 顆星,
阿誠牛肉湯,Uncle Pan,在地嚮導 · 15 則評論 · 18 張相片,6 年前,5 顆星,
阿誠牛肉湯,david lu,3 則評論,6 年前,5 顆星,俗又大碗，好吃又便宜
阿誠牛肉湯,吳信憲,在地嚮導 · 26 則評論 · 28 張相片,6 年前,5 顆星,
阿誠牛肉湯,盧冠霖,在地嚮導 · 21 則評論 · 19 張相片,6 年前,5 顆星,物美價廉，有吃過100元的牛舌湯嗎！？
阿誠牛肉湯,吳欣潔,在地嚮導 · 54 則評論,6 年前,5 顆星,好吃又平價...老闆人不錯，心情好或熟客還會送你一盤炒豆芽菜。
阿誠牛肉湯,張阿彥,4 則評論,6 年前,5 顆星,
阿誠牛肉湯,毛妤媗,在地嚮導 · 56 則評論 · 1 張相片,6 年前,3 顆星,好吃
阿誠牛肉湯,zhen su,在地嚮導 · 91 則評論 · 29 張相片,7 年前,5 顆星,便宜大碗又好吃哦
阿誠牛肉湯,黃冠潮,在地嚮導 · 35 則評論 · 17 張相片,7 年前,5 顆星,讚讚 很好吃
阿誠牛肉湯,王柏文,在地嚮導 · 113 則評論 · 521 張相片,7 年前,5 顆星,"我一定要推薦大家去 阿誠牛肉湯，武聖夜市對面，我之前就在臉書大力推薦了！今天再來，還是要再推一次！
他們現在搬到武聖夜市對面
剛剛點了40塊的炒青菜 天哪！還給我大骨頭肉！這邊也有雞腿排，還有鴕鳥肉！！！"
阿誠牛肉湯,Harry,在地嚮導 · 225 則評論 · 437 張相片,7 年前,5 顆星,
阿誠牛肉湯,歐德曼,"在地嚮導 · 355 則評論 · 5,677 張相片",7 年前,5 顆星,
阿誠牛肉湯,Alfred Wu,在地嚮導 · 56 則評論 · 38 張相片,7 年前,5 顆星,"第一次看到牛大骨炒青菜，驚人的好吃。

青菜爽口配上熬高湯的牛大骨，吃起來非常順口，一大盤的青菜一下就吃完了。還有一些美味的骨邊肉可以啃。 …"
阿誠牛肉湯,施鴻琪,1 則評論,7 年前,5 顆星,
阿誠牛肉湯,Sunny Chen,在地嚮導 · 565 則評論 · 365 張相片,7 年前,5 顆星,選擇很多，老闆常有新創意，美女主廚熱情親切，餐點新鮮現點現炒，牛肉湯用大骨蔬菜熬煮清香鮮甜，肉燥飯香甜嫩口，俗擱喝甲！
阿誠牛肉湯,Kao K,在地嚮導 · 154 則評論 · 279 張相片,7 年前,5 顆星,來台南都會吃！好吃便宜
阿誠牛肉湯,Chenyu Chang,在地嚮導 · 17 則評論 · 6 張相片,7 年前,5 顆星,東西好吃價格便宜， 服務人員親切， 現在平常日好停車
阿誠牛肉湯,廖健凱,在地嚮導 · 81 則評論 · 114 張相片,7 年前,5 顆星,好吃 在地 實在 用心開發新菜色令人驚艷
阿誠牛肉湯,楊阿珙,在地嚮導 · 147 則評論 · 20 張相片,7 年前,5 顆星,牛肉湯好喝，份量也很足夠，滷肉飯也好好吃，台南最喜歡的牛肉湯！
阿誠牛肉湯,Anne Wu,在地嚮導 · 296 則評論 · 462 張相片,7 年前,5 顆星,"幫店娘跟大家報告，阿誠牛肉已經搬家到武聖夜市對面！
（ 武聖路69號40弄4號）
牛肉炒飯和滷牛肉便當很好吃，湯很好喝 =D"
阿誠牛肉湯,Jing Yu Chen,在地嚮導 · 210 則評論 · 164 張相片,7 年前,5 顆星,雖然店名滿搞笑但是牛肉湯真的非常好喝!!!
阿誠牛肉湯,周志峯,1 則評論 · 3 張相片,7 年前,3 顆星,
阿誠牛肉湯,Buckly,在地嚮導 · 41 則評論 · 31 張相片,7 年前,5 顆星,
阿誠牛肉湯,林望,在地嚮導 · 16 則評論,7 年前,5 顆星,
阿誠牛肉湯,徐春安,在地嚮導 · 33 則評論 · 107 張相片,7 年前,3 顆星,ロ感不錯，服務不錯，價格平價。
阿誠牛肉湯,謝承嶧,1 則評論,7 年前,5 顆星,
阿誠牛肉湯,點點點,在地嚮導 · 166 則評論 · 31 張相片,7 年前,4 顆星,便宜好吃的牛肉麵 不過稍嫌沒特色
阿誠牛肉湯,林清田,在地嚮導 · 35 則評論,7 年前,5 顆星,便宜、份量多，老闆超佛心!!
阿誠牛肉湯,林敬智,4 則評論,7 年前,5 顆星,
阿誠牛肉湯,游景堯,在地嚮導 · 250 則評論 · 952 張相片,7 年前,5 顆星,非常好吃而且份量充足，適合一家大小吃飽！年底他們要搬到武聖路喔，期待中
阿誠牛肉湯,熊復輝,,7 年前,5 顆星,
阿誠牛肉湯,蔡立德,"在地嚮導 · 113 則評論 · 1,737 張相片",7 年前,5 顆星,
阿誠牛肉湯,台中583傅彥儒,26 則評論,7 年前,4 顆星,御前點評中上駟，不枉牛生
阿誠牛肉湯,魔術師劉又誠,在地嚮導 · 349 則評論 · 539 張相片,7 年前,4 顆星,
阿誠牛肉湯,楊蹄,"在地嚮導 · 568 則評論 · 2,312 張相片",7 年前,3 顆星,東西便宜實在，蔥蛋好吃，牛肉湯牛肉有點老，肉燥飯肉燥很香很有味，炒高麗菜好吃很爽口
阿誠牛肉湯,Jung,7 則評論 · 3 張相片,7 年前,5 顆星,
阿誠牛肉湯,Joegg Lin,"在地嚮導 · 1,019 則評論 · 1,241 張相片",7 年前,4 顆星,真的是便宜，還不錯吃啦，但真的要好吃還是會找別家
阿誠牛肉湯,ZAI AN,在地嚮導 · 522 則評論 · 899 張相片,7 年前,3 顆星,牛肉湯尚可
阿誠牛肉湯,顏銘良,在地嚮導 · 2 則評論 · 7 張相片,7 年前,4 顆星,
阿誠牛肉湯,Peter Chen,在地嚮導 · 84 則評論 · 171 張相片,7 年前,4 顆星,
阿誠牛肉湯,張庭瑋,"在地嚮導 · 1,536 則評論 · 4,588 張相片",7 年前,3 顆星,賣的東西很雜，分量多不貴，但牛肉湯端上來時已經全熟了，如果要吃台南道地牛肉湯，我不會選這家。
阿誠牛肉湯,吳宜展,在地嚮導 · 129 則評論 · 3 張相片,7 年前,5 顆星,好吃，不貴
阿誠牛肉湯,蘇子評,"在地嚮導 · 324 則評論 · 1,453 張相片",7 年前,3 顆星,滿滿的基督教教義~~~都是基督教的話語
阿誠牛肉湯,C Hannah,在地嚮導 · 79 則評論 · 30 張相片,7 年前,4 顆星,湯很大碗好喝，肉比較老，炒牛筋好吃～
阿誠牛肉湯,黃銘源,"在地嚮導 · 433 則評論 · 1,468 張相片",7 年前,4 顆星,牛肉還不錯，芒果雪花冰消暑
阿誠牛肉湯,徐偉泓,在地嚮導 · 43 則評論 · 8 張相片,7 年前,4 顆星,料好實在，牛肉湯、芒果冰必吃!
阿誠牛肉湯,畢凱崴,在地嚮導 · 55 則評論 · 13 張相片,7 年前,4 顆星,
阿誠牛肉湯,張煒文,在地嚮導 · 61 則評論 · 118 張相片,7 年前,4 顆星,冷氣好像沒開。熱
阿誠牛肉湯,李林嶧,2 則評論,7 年前,1 顆星,
阿誠牛肉湯,Jett Ding,在地嚮導 · 2 則評論 · 1 張相片,7 年前,5 顆星,俗哥喝呷
阿誠牛肉湯,Howard Tang,在地嚮導 · 21 則評論 · 530 張相片,7 年前,5 顆星,
阿誠牛肉湯,姆咪騎士,"在地嚮導 · 72 則評論 · 4,449 張相片",7 年前,5 顆星,老闆很熱情，湯很清甜，便宜大碗，新鮮有品質。唯獨牛肉湯上來時候要先撈，偏瘦肉，所以過熟會太硬。
阿誠牛肉湯,Mar Lee,26 則評論 · 13 張相片,7 年前,3 顆星,牛肉湯牛騷味較濃、芒果雪花冰冰體濃濃香精味。另外建議店家標桌號，把送錯桌的食物重新裝碗端回來令人感覺很不好，對方本來正要開始吃的又被端走，感覺一定更差。
阿誠牛肉湯,J,"在地嚮導 · 251 則評論 · 1,385 張相片",7 年前,4 顆星,
阿誠牛肉湯,川勤 博文,2 則評論 · 9 張相片,7 年前,5 顆星,
阿誠牛肉湯,Grace Wang,,7 年前,2 顆星,
阿誠牛肉湯,Edmond Fisher,在地嚮導 · 241 則評論 · 3 張相片,7 年前,1 顆星,牛肉太老太熟，完全不好吃，阿給細粉也不好吃
阿誠牛肉湯,許淳涵,2 則評論,7 年前,4 顆星,
阿誠牛肉湯,hong kang,在地嚮導 · 24 則評論 · 13 張相片,7 年前,5 顆星,
阿誠牛肉湯,kyo tue,在地嚮導 · 48 則評論 · 7 張相片,7 年前,5 顆星,"好吃又便宜
一定要來吃吃看"
阿誠牛肉湯,James L,在地嚮導 · 47 則評論 · 3 張相片,7 年前,5 顆星,好吃又便宜，讚！
阿誠牛肉湯,kasa yang,在地嚮導 · 33 則評論 · 40 張相片,7 年前,4 顆星,很大碗
阿誠牛肉湯,W D,在地嚮導 · 88 則評論 · 7 張相片,7 年前,5 顆星,"牛肉湯好喝,手工芋頭冰好吃,價格都不貴"
阿誠牛肉湯,PY Kao,在地嚮導 · 39 則評論 · 59 張相片,7 年前,4 顆星,老闆娘很熱情。牛丼飯分量十足，且蔬菜很多。本來有額外單點燙青菜，老闆娘先上牛丼飯後，再問說確定是否還需要燙青菜。讓我們不會點太多吃不完。
阿誠牛肉湯,黃建良,在地嚮導 · 14 則評論 · 8 張相片,7 年前,5 顆星,牛肉湯特鮮，好吃，來台南不嚐會遺憾。老闆熱情，不來會後悔
阿誠牛肉湯,我愛桌球郵購園地-PP桌球拍Tony HSU,在地嚮導 · 27 則評論 · 87 張相片,7 年前,5 顆星,好吃的私房料理，俗又大碗---直得您到此品嘗台南道地的美食---
阿誠牛肉湯,boy Astro,"在地嚮導 · 561 則評論 · 1,945 張相片",8 年前,5 顆星,便宜又大碗，好吃又實在。老闆超級熱情！
阿誠牛肉湯,許朝陽,在地嚮導 · 96 則評論 · 168 張相片,8 年前,3 顆星,
阿誠牛肉湯,郭大可,在地嚮導 · 62 則評論 · 27 張相片,8 年前,3 顆星,
阿誠牛肉湯,cmobot H,3 則評論,8 年前,3 顆星,
阿誠牛肉湯,江阿球,在地嚮導 · 42 則評論 · 10 張相片,8 年前,4 顆星,味道不錯，菜色也比較多。
阿誠牛肉湯,Maji Me,在地嚮導 · 153 則評論 · 50 張相片,8 年前,4 顆星,什麼都賣
阿誠牛肉湯,陳嘉宏,在地嚮導 · 46 則評論 · 131 張相片,8 年前,4 顆星,
阿誠牛肉湯,胡順銘,"在地嚮導 · 69 則評論 · 2,818 張相片",8 年前,3 顆星,便宜好吃的料理
阿誠牛肉湯,Aurora,在地嚮導 · 37 則評論 · 4 張相片,8 年前,5 顆星,牛肉湯清甜好喝，一喝就忘不了 下次有機會來臺南一定再次拜訪！
阿誠牛肉湯,荊昭白晝,在地嚮導 · 34 則評論 · 6 張相片,8 年前,4 顆星,這家牛肉湯好吃，肉燥飯讚讚。好吃。
阿誠牛肉湯,楊可樂,在地嚮導 · 517 則評論 · 771 張相片,8 年前,5 顆星,真的物超所值（對寵物非常友善哦～還會送狗狗牛大骨！！大家一起吃飽飽
阿誠牛肉湯,Ryan Chen,"在地嚮導 · 1,244 則評論 · 10,631 張相片",8 年前,4 顆星,料多實在，好吃
阿誠牛肉湯,Bell Ring,2 則評論,8 年前,5 顆星,到台南想吃道地的牛肉湯及牛肉肉燥飯，我推薦俗哥喝呷牛料理，因為我是在地人，我知道阿誠老闆本著良心做料理。到台南旅遊的好朋友，不要迷信fb或所謂美食節目達人推薦，也不用在其他的牛肉店（攤）排隊等待，到俗哥喝呷保證讓你物超所值，回味再三。Trust me!跟著在地人就沒錯。
阿誠牛肉湯,呂琦玉,4 則評論 · 4 張相片,8 年前,5 顆星,只有讚
阿誠牛肉湯,Yi-Ta Pan,"在地嚮導 · 514 則評論 · 1,734 張相片",8 年前,4 顆星,便宜又大碗 推薦羊肉爐 口水雞跟 無骨牛小排
阿誠牛肉湯,yunchu hsu,在地嚮導 · 21 則評論 · 23 張相片,8 年前,3 顆星,
阿誠牛肉湯,阿梅佳麟,在地嚮導 · 88 則評論 · 361 張相片,8 年前,4 顆星,
阿誠牛肉湯,許建台,12 則評論 · 3 張相片,8 年前,5 顆星,就是好吃
阿誠牛肉湯,Jason Lin,在地嚮導 · 6 則評論 · 17 張相片,8 年前,5 顆星,
阿誠牛肉湯,川瀬隆,在地嚮導 · 7 則評論 · 35 張相片,8 年前,4 顆星,
阿誠牛肉湯,YR Lai,在地嚮導 · 246 則評論 · 95 張相片,8 年前,4 顆星,辣炒牛舌超級好吃
阿誠牛肉湯,Peter H,"在地嚮導 · 1,085 則評論",8 年前,4 顆星,"俗哥喝呷牛料理(阿誠牛肉湯）便宜又好吃~~肉燥飯能排前三名~~~~
超值美味芒果冰~~阿誠牛肉湯!!"
阿誠牛肉湯,HUANG HUANG HUANG,在地嚮導 · 28 則評論 · 39 張相片,8 年前,5 顆星,
阿誠牛肉湯,陳郁蓁,1 則評論,8 年前,5 顆星,物廉價美
阿誠牛肉湯,totoro Hsu,"在地嚮導 · 51 則評論 · 2,841 張相片",8 年前,4 顆星,
阿誠牛肉湯,La Jola,"在地嚮導 · 488 則評論 · 2,041 張相片",8 年前,5 顆星,美味的食物
阿誠牛肉湯,JH Wu,在地嚮導 · 2 則評論 · 36 張相片,8 年前,1 顆星,
阿誠牛肉湯,林盈辰,在地嚮導 · 53 則評論 · 97 張相片,8 年前,4 顆星,好吃
阿誠牛肉湯,明山李,在地嚮導 · 125 則評論 · 356 張相片,8 年前,5 顆星,老闆娘超熱情，牛肉新鮮，湯頭好
阿誠牛肉湯,Fred,在地嚮導 · 292 則評論 · 732 張相片,8 年前,5 顆星,好吃
阿誠牛肉湯,TAKER Wu,在地嚮導 · 48 則評論 · 55 張相片,8 年前,2 顆星,牛肉湯肉有點老
阿誠牛肉湯,Cristi Seah,14 則評論 · 6 張相片,8 年前,5 顆星,"真的好吃！牛肉湯好甜不會有腥味，臉頰肉很嫩、香爆牛腩筋也好香很好吃！滷肉飯便宜....滷肉爛爛的入口即化❤️
重點老闆娘好親切，會跟客人聊天。
週二公休。"
阿誠牛肉湯,中村詠吉,,8 年前,5 顆星,
阿誠牛肉湯,朱家賢,"在地嚮導 · 356 則評論 · 1,487 張相片",8 年前,5 顆星,"牛肉湯好喝價格也不貴，老闆很熱情
牛肉丼飯,燙青菜份量很大"
阿誠牛肉湯,Alison,在地嚮導 · 610 則評論 · 996 張相片,8 年前,5 顆星,"牛肉湯好喝到不行！！😭
牛肉丼飯也很不錯～皇宮菜份量大野味十足超讚👍🏻✨
老闆娘跟老闆都很親切熱情～飯後還要請我們吃冰～☺️
很棒的店！下次一定會再光顧！ …"
阿誠牛肉湯,Allen H. Chang,在地嚮導 · 35 則評論 · 108 張相片,8 年前,5 顆星,
阿誠牛肉湯,Wisteria,在地嚮導 · 44 則評論 · 582 張相片,8 年前,5 顆星,便宜，真才實料，最推薦金錢肉，友善的店面，盡美食俗哥大碗。
阿誠牛肉湯,ruolan chen,在地嚮導 · 29 則評論 · 75 張相片,8 年前,5 顆星,"牛肉湯好喝
更推薦芒果冰，cp值超高
好好吃 …"
阿誠牛肉湯,蔡俊卿,2 則評論 · 3 張相片,8 年前,5 顆星,湯頭道地，牛肉新鮮，又大份，很親切的老闆，物超所值
阿誠牛肉湯,莊博甯,在地嚮導 · 310 則評論 · 125 張相片,8 年前,5 顆星,就是好吃
阿誠牛肉湯,陳豆腐,在地嚮導 · 105 則評論 · 374 張相片,8 年前,5 顆星,便宜實在
阿誠牛肉湯,Joyce Chang,"在地嚮導 · 495 則評論 · 2,557 張相片",8 年前,3 顆星,
阿誠牛肉湯,魚魚,在地嚮導 · 79 則評論 · 61 張相片,8 年前,5 顆星,
阿誠牛肉湯,Richard Wang,"在地嚮導 · 1,144 則評論 · 497 張相片",8 年前,5 顆星,真的好吃!!雖然我是台南人，但卻是第一次在台南吃牛肉湯!!XD
阿誠牛肉湯,abby Yen,在地嚮導 · 33 則評論,9 年前,5 顆星,牛肉湯好吃沒有血腥味！
阿誠牛肉湯,Julie Wu,"在地嚮導 · 637 則評論 · 1,660 張相片",9 年前,5 顆星,CP值好高!!! 推推推
阿誠牛肉湯,張懷文,在地嚮導 · 86 則評論 · 6 張相片,9 年前,5 顆星,老闆人很好 價錢便宜 味道不錯
阿誠牛肉湯,David Clarkson,在地嚮導 · 209 則評論 · 129 張相片,9 年前,3 顆星,老闆娘很熱心服務也不錯，喝牛肉湯得永生
阿誠牛肉湯,Mark Ke,在地嚮導 · 161 則評論 · 98 張相片,9 年前,2 顆星,普通
阿誠牛肉湯,Henry Mao,"在地嚮導 · 962 則評論 · 4,707 張相片",9 年前,3 顆星,還好
阿誠牛肉湯,Terry Ou,,9 年前,5 顆星,
阿誠牛肉湯,黃小芸,2 則評論,9 年前,4 顆星,
阿誠牛肉湯,張劭謙,在地嚮導 · 197 則評論 · 501 張相片,9 年前,5 顆星,超值
阿誠牛肉湯,Rodman,在地嚮導 · 57 則評論 · 4 張相片,9 年前,4 顆星,讚
阿誠牛肉湯,Tim,7 則評論 · 5 張相片,9 年前,4 顆星,
洋金菓酒,林楷洺,1 則評論,3 個月前,5 顆星,服務態度熱情
洋金菓酒,蔡紘,16 則評論 · 7 張相片,7 個月前,5 顆星,"闆娘人超nice,價格親民"
洋金菓酒,邱明發,5 則評論,7 個月前,5 顆星,價格親民
洋金菓酒,劉宗偉,3 則評論,7 個月前,5 顆星,"老闆娘人漂亮,服務又好"
洋金菓酒,米勒,5 則評論 · 2 張相片,7 個月前,5 顆星,"☺️好辣
美女真辣"
洋金菓酒,晴,8 則評論 · 2 張相片,7 個月前,5 顆星,價格親民哦..闆娘人很好.😍 …
洋金菓酒,阿傑,6 則評論 · 1 張相片,7 個月前,5 顆星,價格親民，闆娘親切，很辣🤤 …
洋金菓酒,呂明哲,在地嚮導 · 100 則評論 · 321 張相片,8 個月前,5 顆星,"老闆娘很親切
我家小朋友進去買蛋買飲料有時候拿糖果跟餅乾給小朋友吃
反而餅乾跟糖果比要買的商品貴
根本是出來交朋友的不是出來開店的
這麼親切的老闆娘一定要用新台幣給他下架"
洋金菓酒,劉昌杰,3 則評論 · 5 張相片,8 個月前,5 顆星,讚！
洋金菓酒,黃昱彰,,8 個月前,5 顆星,
洋金菓酒,黃敏碩,1 則評論,8 個月前,5 顆星,"美麗老闆娘親切體貼，像家人朋友一般，商品價位合理，推薦有菸酒飲品的需求
前往店內詢問購置"
洋金菓酒,麻吉一族李瑞良,3 則評論 · 1 張相片,8 個月前,5 顆星,"闆娘，服務好，人美。
這邊沒有真情在
只有一瓶3000塊😆 …"
洋金菓酒,郭上華,3 則評論,8 個月前,5 顆星,
洋金菓酒,Amy lee,在地嚮導 · 88 則評論 · 797 張相片,8 個月前,5 顆星,老闆娘親切又漂亮
洋金菓酒,Kimi,7 則評論,8 個月前,5 顆星,闆娘漂亮人又親切，強力推薦👍 …
洋金菓酒,黃偉修,,8 個月前,5 顆星,
洋金菓酒,A-Lu Du,3 則評論 · 1 張相片,8 個月前,5 顆星,親切
洋金菓酒,陳慧諭,1 則評論,8 個月前,5 顆星,
洋金菓酒,吳俊億,3 則評論 · 1 張相片,8 個月前,5 顆星,價錢合理.可以去購買
洋金菓酒,酒標吧,27 則評論 · 6 張相片,8 個月前,5 顆星,"買酒方便酒款豐富
闆娘漂亮，又親切大推👍👍 …"
洋金菓酒,李永龍,1 則評論,8 個月前,5 顆星,
洋金菓酒,王宴,在地嚮導 · 68 則評論 · 31 張相片,8 個月前,5 顆星,美女店員服務態度超好。
洋金菓酒,吳雅琪,4 則評論,8 個月前,5 顆星,服務很好，價錢比別家便宜，找這家買就對了
洋金菓酒,双海,3 則評論,8 個月前,5 顆星,闆娘美麗又漂亮..商品多價格又公道
洋金菓酒,王美娟,3 則評論,8 個月前,5 顆星,小姐服務很親切
洋金菓酒,陳昱齊,2 則評論 · 1 張相片,8 個月前,5 顆星,
洋金菓酒,柯昆茂,1 則評論 · 1 張相片,8 個月前,5 顆星,服務好。
洋金菓酒,黃榮敏,7 則評論 · 11 張相片,8 個月前,5 顆星,闆娘很辣，超有親和力，走過路過不要錯過喔！
洋金菓酒,Lee Iris,2 則評論,8 個月前,5 顆星,
洋金菓酒,皇庭,在地嚮導 · 37 則評論 · 24 張相片,8 個月前,5 顆星,"最愛來找美女姐姐啦😚
服務好 東西讚👍 …"
洋金菓酒,賴著倪,7 則評論 · 2 張相片,8 個月前,5 顆星,老闆娘親切又水嘎💕💕 …
洋金菓酒,Kaydow Su,在地嚮導 · 16 則評論 · 5 張相片,8 個月前,5 顆星,服務極佳，價格親民
洋金菓酒,潘少,1 則評論,8 個月前,5 顆星,
洋金菓酒,黃祺翔,2 則評論 · 1 張相片,8 個月前,5 顆星,
洋金菓酒,aas aas,2 則評論,8 個月前,5 顆星,服務好老闆娘又漂亮
洋金菓酒,林榮昭,2 則評論,8 個月前,5 顆星,
洋金菓酒,王淑貞,3 則評論,8 個月前,5 顆星,親切，服務好。
洋金菓酒,劉玉真,4 則評論,8 個月前,5 顆星,闆美麗大方又健談，已回購多次，價格超親民而且闆會針對您的需求介紹產品唷！
洋金菓酒,紹瑋邱,8 則評論 · 1 張相片,8 個月前,5 顆星,美麗闆娘身材火辣，價格公道～
洋金菓酒,盧姿盈,4 則評論 · 2 張相片,8 個月前,5 顆星,闆娘好漂亮
洋金菓酒,我很妖,5 則評論,8 個月前,5 顆星,服務超好，價格親民
洋金菓酒,江家其,1 則評論,8 個月前,5 顆星,親民小舖，值得推薦
洋金菓酒,吳美惠,,8 個月前,5 顆星,
洋金菓酒,陳宇華,在地嚮導 · 1 則評論 · 83 張相片,8 個月前,5 顆星,服務超好的一間店 值得推薦
洋金菓酒,Romeo Chen,2 則評論 · 3 張相片,8 個月前,5 顆星,親民小鋪，物超所值
洋金菓酒,張閃閃,2 則評論,8 個月前,5 顆星,老闆娘年輕漂亮，親切又專業，菸酒品項齊全，連雞蛋都有，以小型雜貨菸酒店來說，算是很棒的地方，推推👍👍 …
洋金菓酒,阿忠,13 則評論 · 2 張相片,8 個月前,5 顆星,老闆娘親切漂亮。不管是什麼酒都能幫你找到。
洋金菓酒,gu Hank,1 則評論,8 個月前,5 顆星,老闆娘親切和善美麗大方！不光顧對不起自己
洋金菓酒,楊依橙,5 則評論 · 1 張相片,8 個月前,5 顆星,滿滿五顆星
洋金菓酒,莊峰,1 則評論,8 個月前,5 顆星,老闆娘很辣喔
洋金菓酒,阿仁,在地嚮導 · 12 則評論 · 5 張相片,8 個月前,5 顆星,
洋金菓酒,凡夫俗子,3 則評論 · 2 張相片,8 個月前,5 顆星,"人超好的闆娘也是個大美女
需要菸酒的朋友可以光顧"
洋金菓酒,思念界線,9 則評論 · 2 張相片,8 個月前,5 顆星,有我想要的菸，姐姐人很好
洋金菓酒,許慈惠,在地嚮導 · 8 則評論 · 10 張相片,8 個月前,4 顆星,
洋金菓酒,徐誠鴻,1 則評論,8 個月前,5 顆星,服務只有讚而已🫡 …
洋金菓酒,黃鈺婷,3 則評論,8 個月前,5 顆星,
洋金菓酒,DJ-spider 熊,8 則評論 · 3 張相片,8 個月前,5 顆星,"櫃檯有漂亮小姊姊
顧客至上 讚啦👍 …"
洋金菓酒,吳明隆,2 則評論,8 個月前,5 顆星,服務好的菸酒店
洋金菓酒,李豈銘,4 則評論,8 個月前,5 顆星,"服務超級好
大家需要菸酒的人可以去哦"
洋金菓酒,王淑真,9 則評論 · 1 張相片,8 個月前,5 顆星,"闆娘超級辣～
辣到讓你跪地膜拜
歡迎俊男美女來光顧🤌 …"
洋金菓酒,張美娟,,8 個月前,5 顆星,
洋金菓酒,Sam Chen,在地嚮導 · 135 則評論 · 822 張相片,8 個月前,5 顆星,價格親民又實在，闆娘服務親切。
洋金菓酒,林政賢,1 則評論,8 個月前,5 顆星,
洋金菓酒,0117 ken,9 則評論 · 2 張相片,8 個月前,5 顆星,價格公道服務又好 優質店👍 …
洋金菓酒,JieQ Wang,2 則評論,8 個月前,5 顆星,
洋金菓酒,蔡國樟,2 則評論 · 1 張相片,8 個月前,5 顆星,
洋金菓酒,趙俊瑋,1 則評論,8 個月前,5 顆星,闆娘漂亮，東西的價格實在
洋金菓酒,張博淮,4 則評論 · 2 張相片,8 個月前,5 顆星,
洋金菓酒,Bunny Lu,9 則評論,8 個月前,5 顆星,闆娘以客為尊、顧客至上👏 …
洋金菓酒,木易峰易,1 則評論 · 2 張相片,8 個月前,5 顆星,
洋金菓酒,陳小冠,5 則評論,8 個月前,5 顆星,很親切的老闆娘😏😏😏 …
洋金菓酒,杜瑋,在地嚮導 · 21 則評論 · 3 張相片,8 個月前,5 顆星,
洋金菓酒,徐天龍,1 則評論,8 個月前,5 顆星,五顆星
洋金菓酒,陳Deemer,,8 個月前,5 顆星,
洋金菓酒,李健銘,2 則評論,8 個月前,5 顆星,"闆娘：服務極佳，重點賣的東西價錢親民💰
更特別的是：闆娘超級辣！前凸後翹。YA …"
洋金菓酒,李權志,在地嚮導 · 8 則評論 · 17 張相片,8 個月前,5 顆星,這家店有正妹姐姐在顧！人美心善喲！
洋金菓酒,陳振嘉,3 則評論,8 個月前,5 顆星,
洋金菓酒,張小犬,5 則評論,8 個月前,5 顆星,
洋金菓酒,林大頭,10 則評論 · 5 張相片,8 個月前,5 顆星,"態度親切
老闆美麗大方"
洋金菓酒,許堯鈁,,8 個月前,5 顆星,
洋金菓酒,小鍏許,11 則評論 · 3 張相片,8 個月前,5 顆星,價錢公道呀！
洋金菓酒,蔡岱玲,4 則評論 · 1 張相片,8 個月前,5 顆星,優質店家
洋金菓酒,張誌文,16 則評論 · 2 張相片,8 個月前,5 顆星,物美價廉 需要菸酒就來這👍 …
洋金菓酒,胡妡語,3 則評論 · 6 張相片,8 個月前,5 顆星,"闆娘：服務極佳，重點賣的東西價錢親民💰
更特別的是：闆娘超級辣！美噠噠 …"
洋金菓酒,張家銘,2 則評論,8 個月前,5 顆星,服務好，態度親切
洋金菓酒,李峰楠,1 則評論,8 個月前,5 顆星,菸酒種類多樣，價美物廉，態度親切
洋金菓酒,歐滴,4 則評論 · 2 張相片,8 個月前,5 顆星,辣娘子一枚，該凸有凸，該有都有，服務好
洋金菓酒,許朝棟,在地嚮導 · 17 則評論 · 9 張相片,8 個月前,5 顆星,服務親切，待人和善，到此購買還能看到美麗的美女老板。絕對物超所值！
洋金菓酒,洪振瑋,4 則評論,8 個月前,5 顆星,阿姐人很親切服務 人漂亮又搞笑
洋金菓酒,wen lu,在地嚮導 · 28 則評論 · 101 張相片,8 個月前,5 顆星,闆娘親切服務，人又長的漂亮，價格合理！推薦👍 …
洋金菓酒,吳昇賢,5 則評論 · 4 張相片,8 個月前,5 顆星,晚上買東西...🤣打電話給老闆娘比較保險，她會提前離開喔 …
洋金菓酒,陳建宏,在地嚮導 · 5 則評論 · 5 張相片,8 個月前,5 顆星,停車方便.價格合理
洋金菓酒,董雅惠,11 則評論 · 3 張相片,8 個月前,5 顆星,"闆娘漂亮又親切，很有耐心的回復我，
想要找什麼都會幫我找，服務超好☺️☺️"
洋金菓酒,陳元陞,1 則評論,8 個月前,5 顆星,停車方便、貨品齊全、親切專業
洋金菓酒,王錦玉,在地嚮導 · 1 則評論 · 1 張相片,8 個月前,5 顆星,
洋金菓酒,林芷語,在地嚮導 · 46 則評論 · 105 張相片,8 個月前,5 顆星,"老闆娘很正點😍, 服務也很好!
有需要可以跟她訂購煙酒!🚬🍺
很常回購!讚👍！ …"
洋金菓酒,陳高進,4 則評論,8 個月前,5 顆星,
洋金菓酒,Huang Sky (Sola),在地嚮導 · 23 則評論 · 2 張相片,8 個月前,5 顆星,專業程度佳 態度非常好
洋金菓酒,熊熊,7 則評論 · 3 張相片,8 個月前,5 顆星,老闆娘。和藹可親。善解人意 人美心善。價格合理
洋金菓酒,蔡宗翰（阿翰）,4 則評論,8 個月前,5 顆星,老闆娘天使臉孔魔鬼的身材，服務親切又大方，歡迎顧客多多來交關。
臭YO薯（臭薯條）,吳昱緹,9 則評論 · 1 張相片,4 個月前,5 顆星,真的爆好吃！
臭YO薯（臭薯條）,eva wu,在地嚮導 · 18 則評論 · 5 張相片,2 年前,5 顆星,"第一次嚐鮮臭yo薯，很特別、很好吃
什麼最好吃呢？椒鹽、泰式、孜然"
臭YO薯（臭薯條）,sevenbee,7 則評論 · 11 張相片,2 年前,5 顆星,推薦椒鹽和泰式口味，值得一試喔～
臭YO薯（臭薯條）,朱修驛,在地嚮導 · 22 則評論,2 年前,5 顆星,
臭YO薯（臭薯條）,緋村梨絵,6 則評論,2 年前,5 顆星,
臭YO薯（臭薯條）,Chen Amanda,在地嚮導 · 23 則評論 · 3 張相片,2 年前,5 顆星,口味非常獨特好吃😋值得一吃再吃👍 …
臭YO薯（臭薯條）,calvin shi,在地嚮導 · 3 則評論 · 3 張相片,2 年前,5 顆星,經過買來試吃，口感蠻不錯的，會再蒞臨購買~
臭YO薯（臭薯條）,林孟民,4 則評論,2 年前,5 顆星,點了番茄和咖喱口味，都好吃😋 …
臭YO薯（臭薯條）,roan shin-an-,8 則評論 · 6 張相片,2 年前,5 顆星,
臭YO薯（臭薯條）,里見琴葉,7 則評論 · 8 張相片,2 年前,5 顆星,千萬不要試吃！！！因為試吃就會不小心又多買一包宵夜回家，怎麼能這麼好吃，下次還想再買🤤🤤🤤 …
臭YO薯（臭薯條）,Mei Mei,9 則評論 · 7 張相片,2 年前,5 顆星,推薦椒鹽和泰式口味真的很好吃，口感內軟外酥，新奇又特別，讓人一口接一口，一定會再回購的。
臭YO薯（臭薯條）,十二少,5 則評論,2 年前,5 顆星,本以為就是普通的臭豆腐，但試吃後～讚！既方便食用又好吃！
臭YO薯（臭薯條）,吳雅芳,在地嚮導 · 4 則評論 · 1 張相片,2 年前,5 顆星,
臭YO薯（臭薯條）,曾佰祥,,2 年前,5 顆星,
168老潭關肉夾饃,陳韋名,在地嚮導 · 24 則評論 · 17 張相片,7 個月前,5 顆星,是目前在台南市吃到最喜歡的肉夾膜，希望老闆可以常在小北新成功夜市擺攤
168老潭關肉夾饃,姜曉華,4 則評論 · 1 張相片,1 年前,5 顆星,
168老潭關肉夾饃,郭忻瑀,3 則評論,1 年前,5 顆星,"涼皮內容物超豐富 料多味美 醬料獨特
每次去一定回購 超讚的
推推"
168老潭關肉夾饃,Ting Chien,在地嚮導 · 32 則評論 · 3 張相片,1 年前,1 顆星,酸辣涼粉 沒有辣 90
168老潭關肉夾饃,陳亮穎,3 則評論 · 1 張相片,1 年前,5 顆星,"涼皮
好好吃 刷嘴"
168老潭關肉夾饃,王姿婷,5 則評論 · 2 張相片,1 年前,5 顆星,"招排全家
豬肉夾洋蔥
但是可以客製化
也可以加青椒
有時還有豆皮
超貼心的啦"
168老潭關肉夾饃,ChengEn,8 則評論 · 1 張相片,1 年前,1 顆星,招牌不推
168老潭關肉夾饃,姚瑞家,12 則評論 · 4 張相片,1 年前,1 顆星,12/16禮拜六晚，在武聖夜市購入上酸辣土豆片肉夾饃80元，洋蔥跟肉的比例大概是2比1，全部都是生洋蔥的嗆辣口感，肉真的超級少（大概只有一般刈包肉量的1/4，還比刈包貴這麼多）吃起來很空虛！！！建議別去踩雷
168老潭關肉夾饃,皮小丘,"在地嚮導 · 221 則評論 · 3,056 張相片",1 年前,5 顆星,好吃
168老潭關肉夾饃,許詠緁,在地嚮導 · 17 則評論 · 23 張相片,1 年前,5 顆星,超好吃道地美食😍😍喜歡🥰🥰
168老潭關肉夾饃,sarah chu,"在地嚮導 · 144 則評論 · 1,084 張相片",1 年前,5 顆星,"第一次買，95元不便宜，但味道很讓人驚艷，值得。
招牌全家肉夾饃有碎肉、洋蔥、酸豆、馬鈴薯片，饃餅表層酥脆，一口咬下孜然香味和各食材交集成特別的美味，很值得一試。

馬鈴薯片脆脆的，似乎成了主角，肉屑較少，肉味比較不突出。"
168老潭關肉夾饃,邱楷勛,在地嚮導 · 23 則評論 · 3 張相片,1 年前,5 顆星,老闆娘很親切，餅皮酥酥脆脆很好吃
168老潭關肉夾饃,劉哲瑜,6 則評論,1 年前,1 顆星,店家說要等十幾分鐘，實際上在現場等了40分鐘，專門點餐的人員即使有空和客人聊天和空檔沒事，也沒有過來和我說過一句話交代說還有等多久。
168老潭關肉夾饃,Traveler,"在地嚮導 · 1,379 則評論 · 7,643 張相片",1 年前,5 顆星,"內餡與餅皮很特殊
味道也非常特別
沒吃過的可以嚐嚐"
168老潭關肉夾饃,38flower,在地嚮導 · 146 則評論 · 531 張相片,1 年前,4 顆星,好吃，但是等太久，而且硬生生比別人貴，我覺得不值得那個價碼啦
168老潭關肉夾饃,Zack Fan,12 則評論 · 10 張相片,1 年前,5 顆星,"肉夾饃🥙
優秀，遇到老闆娘就像是老鄉一樣
擁有相同在深圳打工的回憶呀
味道好，服務好。
推薦給大家。"
168老潭關肉夾饃,曾晟遠,15 則評論 · 1 張相片,1 年前,5 顆星,酸辣土豆片超好吃，一定會二訪
168老潭關肉夾饃,黃士瑞,18 則評論 · 2 張相片,1 年前,5 顆星,吃過最好吃道地的肉夾饃 大推酸辣土豆片口味 真的超好吃
168老潭關肉夾饃,周志翰,4 則評論,1 年前,5 顆星,好吃，帶回家皮還是脆的。今天說店面快開了，到時再去吃吃看其他食物。
168老潭關肉夾饃,鄭雅珊,6 則評論 · 1 張相片,1 年前,5 顆星,老闆娘很親切，肉夾饃裡面的土豆超好吃🫶
168老潭關肉夾饃,顧詠心,在地嚮導 · 10 則評論 · 3 張相片,1 年前,5 顆星,"老闆娘超讚！好好吃！大家快去吃👍🏻
聽說之後要開店好興奮ㄌ"
168老潭關肉夾饃,Lu Lu,在地嚮導 · 8 則評論 · 16 張相片,1 年前,5 顆星,好吃😋 …
168老潭關肉夾饃,wei chen,在地嚮導 · 14 則評論 · 3 張相片,1 年前,5 顆星,料很多，口味特別，好吃～～～
168老潭關肉夾饃,1萱,在地嚮導 · 15 則評論 · 10 張相片,1 年前,5 顆星,為什麼最近去武聖都沒看到了🥲
168老潭關肉夾饃,田田,7 則評論,1 年前,5 顆星,"好吃，料多實在（比別家的料還要多）
喜歡吃手工限量的涼粉涼皮、肉夾饃我也好愛❤️
老闆娘人很漂亮又親切～現吃還會貼心給衛生紙唷😆"
無敵袋奶,飛比,"在地嚮導 · 557 則評論 · 3,227 張相片",3 個月前,5 顆星,"👉玫瑰奶茶：$80點的是熱的，所以多+$5，用杯子裝，如果可以喝冰的建議點冰的，不然很甜🤣
整體喝起來是還不錯，不過甜度是固定的

👉綠奶茶：$70點的是冰的，用玫瑰袋子裝，感覺質感整個上來了，不過這款個人喝起來很像感冒藥水，甜度也是固定

是在高雄夢時代-夜市王決賽買來吃的

*現金支付"
無敵袋奶,Liang,在地嚮導 · 25 則評論 · 1 張相片,1 年前,5 顆星,超好喝的袋奶，明明就持續營業中，生意還超好！
無敵袋奶,丹丹,"在地嚮導 · 691 則評論 · 3,717 張相片",1 年前,4 顆星,"武聖夜市裡好喝的泰奶
有茶味 只是剛拿到和第一口覺得好甜 要等過一會冰塊溶解稀釋後 就順口些"
戲漁蒸鮮烤魚,moka,在地嚮導 · 153 則評論 · 48 張相片,3 週前,5 顆星,"同一天吃戲漁跟海口人,海口人甚至還是現場吃的,魚完全不夠鹹味,而戲漁則是外帶回去過了3小時以後吃還是很好吃!大勝!用LINE預定很方便,時間到直接取不用等"
戲漁蒸鮮烤魚,黃先生,11 則評論 · 3 張相片,1 個月前,5 顆星,鹽烤魚 非常好吃，新鮮度夠，肉甜，非常嫩，極推，武聖夜市必吃的烤魚
戲漁蒸鮮烤魚,愛琳,13 則評論,1 個月前,2 顆星,買好幾次 這次都沒有鹽 不知道是不是忘記放
戲漁蒸鮮烤魚,R. weee_9,"在地嚮導 · 1,083 則評論 · 8,361 張相片",2 個月前,5 顆星,"位於武聖夜市內，一份$200
需排隊抽號碼牌，點餐流程在圖三"
戲漁蒸鮮烤魚,wen kuo,在地嚮導 · 401 則評論 · 513 張相片,2 個月前,5 顆星,烤魚好吃😋🐟肉很嫩
戲漁蒸鮮烤魚,朱信全,在地嚮導 · 34 則評論 · 27 張相片,3 個月前,5 顆星,好吃的烤魚❤️終於開放預訂了💯
戲漁蒸鮮烤魚,蔡1一淮庭,2 則評論,4 個月前,1 顆星,服務態度差
戲漁蒸鮮烤魚,TsaiTsai Tsai,在地嚮導 · 287 則評論 · 419 張相片,5 個月前,5 顆星,"不得不說
魚好好吃
魚處理的很乾淨
連肚子黑黑的都清掉了
魚肉吃起來很嫩"
戲漁蒸鮮烤魚,Caitlyn Yu,"在地嚮導 · 240 則評論 · 2,662 張相片",5 個月前,5 顆星,"一條240元
很好吃 很新鮮、多汁😋
魚肚裡面有塞洋蔥 沒有土味
可以擠檸檬 沾胡椒鹽 超級好吃啦！👍
阿姨很親切好聊～😊
吃完一條吃不夠！再點一條！！！"
戲漁蒸鮮烤魚,柴爸幸福吃喝,在地嚮導 · 192 則評論 · 957 張相片,9 個月前,4 顆星,"因今日逛夜市下了一場臨時雨
就來到戲漁躲雨吃魚

很大尾哦，沒有土味、加了胡椒鹽鮮嫩好吃。"
戲漁蒸鮮烤魚,黃依萍,在地嚮導 · 140 則評論 · 707 張相片,9 個月前,5 顆星,"等待烤魚的時間很久
價格（一條220）也還可以接受
魚肉鮮嫩，還附檸檬和胡椒鹽
單吃就很鮮甜
外帶客，老闆也很細心
提醒外帶時該注意什麼
吃的時候要注意什麼"
戲漁蒸鮮烤魚,JQ L,在地嚮導 · 13 則評論 · 11 張相片,9 個月前,5 顆星,肉質很嫩~新鮮乾淨~味道鹹淡剛剛好還有附檸檬跟胡椒
戲漁蒸鮮烤魚,姿言,在地嚮導 · 18 則評論 · 4 張相片,9 個月前,5 顆星,爆炸好吃 嫩香鮮 大推
戲漁蒸鮮烤魚,Jing Chen,7 則評論 · 4 張相片,9 個月前,5 顆星,"點餐方式用餐方式都有巧思～ 點餐完拿號碼牌等漁烤好的時間再回來入座 不會一堆排隊的人佔用走道極度友善 又很擅用時間
服務又親切 下次還要去吃👍"
戲漁蒸鮮烤魚,6-08廖哲禾,在地嚮導 · 167 則評論 · 24 張相片,10 個月前,5 顆星,魚肉超級嫩！
戲漁蒸鮮烤魚,Lin,在地嚮導 · 419 則評論 · 600 張相片,11 個月前,5 顆星,"新鮮好吃又大條～態度好
環境也很乾淨～
一隻220還是比其他地區的便宜很多
要等待一下子"
戲漁蒸鮮烤魚,江Mini,在地嚮導 · 15 則評論 · 12 張相片,1 年前,5 顆星,老闆不好意思 有在你們坐位區撿到一個呆火鱷的冰箱貼嗎？有的話請聯繫我 Line:mini40819
戲漁蒸鮮烤魚,遠寬科技有限公司,1 則評論,1 年前,5 顆星,
戲漁蒸鮮烤魚,賴美褕,在地嚮導 · 31 則評論 · 14 張相片,1 年前,5 顆星,魚很好吃，可是我的鞋子好像落在那裡了，希望店家可以聯絡我(;´༎ຶД༎ຶ`)
戲漁蒸鮮烤魚,Sylvia Chan,在地嚮導 · 67 則評論 · 588 張相片,1 年前,5 顆星,真的好吃，又新鮮耶！還很大尾喔
戲漁蒸鮮烤魚,PAN PAN,在地嚮導 · 307 則評論,1 年前,4 顆星,生意超好，會給號碼牌，時間到了再回去，不會枯等。一整條魚，兩個人吃剛好，很清爽好吃。
戲漁蒸鮮烤魚,皮小丘,"在地嚮導 · 221 則評論 · 3,056 張相片",1 年前,5 顆星,好吃
戲漁蒸鮮烤魚,wei steph,"在地嚮導 · 646 則評論 · 2,065 張相片",1 年前,5 顆星,這家一條200元，雖然附近也有$190的，但這間速度快調味更好發放號碼牌也非常井然有序，魚也非常嫩沒有什麼土味，因此非常推薦這間烤魚！
戲漁蒸鮮烤魚,吳螯蝦,在地嚮導 · 22 則評論 · 2 張相片,1 年前,5 顆星,好吃就是讚
戲漁蒸鮮烤魚,菀爾,"在地嚮導 · 468 則評論 · 4,337 張相片",1 年前,5 顆星,魚鮮嫩 汁水多
戲漁蒸鮮烤魚,sss wu,3 則評論,1 年前,5 顆星,"很久沒來善化了哦！
想吃買不到"
戲漁蒸鮮烤魚,Huang Hedy,在地嚮導 · 32 則評論 · 70 張相片,1 年前,5 顆星,"烤鯛魚 一隻200元
可搭配胡椒跟檸檬
口感很嫩 沒有腥味
以後來武聖都會想吃😋"
戲漁蒸鮮烤魚,Traveler,"在地嚮導 · 1,379 則評論 · 7,643 張相片",1 年前,5 顆星,"一隻200元很大隻
味道還不錯"
戲漁蒸鮮烤魚,Li Ting Jhuo,在地嚮導 · 27 則評論 · 14 張相片,1 年前,5 顆星,"一條兩百元，鹽焗就是鮮甜，兩人吃超飽😆
想吃的話先去抽號碼牌，先付款，店員會跟你說什麼時候再回來（例如25分鐘後）

可以先去逛逛，再回來，領魚的時候可以選擇內用或外帶，有胡椒鹽跟檸檬可以替換口味吃（其實原味就很讚了啦）

武聖夜市裡的超強美食，推推推！"
戲漁蒸鮮烤魚,Jenny Yao,15 則評論 · 2 張相片,1 年前,5 顆星,"週六的武聖夜市吃到🥰
200元超大一條
肉很鮮很嫩！"
碳烤雄大香雞排,Xiao Ha,在地嚮導 · 51 則評論 · 9 張相片,5 天前,5 顆星,好吃 回家放到冷掉了也好吃
碳烤雄大香雞排,Iris,在地嚮導 · 145 則評論 · 87 張相片,1 個月前,5 顆星,"雞排很好吃！而且很厚～
皮脆肉嫩 讚
老闆人好好～當天下雨還叫我進去躲雨🫶🏻🥹 …"
碳烤雄大香雞排,Ada H,在地嚮導 · 62 則評論 · 27 張相片,2 個月前,1 顆星,"超難吃欸謝謝死鹹 雞排掉進鹽巴袋裡 肉柴
90塊買鹹骨頭"
碳烤雄大香雞排,Ann U,在地嚮導 · 10 則評論 · 2 張相片,3 個月前,1 顆星,"Linepay條碼被他們遮住
請老闆娘拿出來
臉不知道在臭什麼
態度直接很差一直逼我拿收據給他看
你條碼遮住我要怎麼給你看收據啦？？？
很好笑欸"
碳烤雄大香雞排,Carl Chen,在地嚮導 · 215 則評論 · 224 張相片,3 個月前,5 顆星,軟嫩好吃
碳烤雄大香雞排,馬武耀,在地嚮導 · 20 則評論 · 1 張相片,9 個月前,1 顆星,號碼牌要記得收好
碳烤雄大香雞排,神秘客斐,10 則評論 · 2 張相片,1 年前,1 顆星,
碳烤雄大香雞排,NJ,"在地嚮導 · 756 則評論 · 3,520 張相片",1 年前,4 顆星,"醬不錯吃 蜜汁味
皮炸得是願意吃的 不會太厚或太油
肉不會過乾
整體算不錯
切塊邊走邊吃 有方便"
武聖夜市 阿樂牛排,王政傑,在地嚮導 · 348 則評論 · 1 張相片,2 個月前,3 顆星,生意好時態度很差！生意不好態度就會變好
武聖夜市 阿樂牛排,葉偉澤,"在地嚮導 · 273 則評論 · 3,110 張相片",4 個月前,5 顆星,還不錯
武聖夜市 阿樂牛排,白白,26 則評論 · 3 張相片,5 個月前,1 顆星,阿姨的態度超級差問他可以點餐嗎？竟然罵我說你是什麼東西說什麼，態度真的很差耶，這樣還可以開店嗎？倒不如不要開，而且東西難吃的要死，態度又很差，衛生又超級爛。
武聖夜市 阿樂牛排,dji hun,15 則評論 · 4 張相片,6 個月前,1 顆星,鐵板很髒 開起來都是驚喜...
武聖夜市 阿樂牛排,同班同學,1 則評論,7 個月前,5 顆星,
武聖夜市 阿樂牛排,陳建志,2 則評論,7 個月前,1 顆星,8月31號  等半小時 結果跑去問 點餐單還能不見？你們是怎麼做生意的？ 連一句抱歉都沒有  有夠爛  連客人點完的單子都能不見 阿如果沒問 不就要座到收攤？
武聖夜市 阿樂牛排,莊天天,6 則評論 · 3 張相片,8 個月前,5 顆星,老闆兒子很帥
武聖夜市 阿樂牛排,鄭維倫（阿倫）,在地嚮導 · 33 則評論 · 20 張相片,8 個月前,5 顆星,
武聖夜市 阿樂牛排,SPC生活日常,"在地嚮導 · 720 則評論 · 6,449 張相片",8 個月前,4 顆星,還可
武聖夜市 阿樂牛排,柴爸幸福吃喝,在地嚮導 · 192 則評論 · 957 張相片,9 個月前,3 顆星,"因為躲雨才進來消費
厚片牛排🥩，麵體還不錯吃，肉片略顯小。
總體還行！"
武聖夜市 阿樂牛排,sien,在地嚮導 · 19 則評論 · 13 張相片,9 個月前,1 顆星,"點餐大嬸態度極差！
遞菜單時未告知雞腿排要等候
待我們寫完菜單後，說什麼雞腿排就是要等啊！還畫雞腿排！ 菜單直接甩在桌上
當眾被罵的不知所措！

用餐前記得先看看甩態大嬸心情如何再決定是否要用餐"
武聖夜市 阿樂牛排,Halay Lee,在地嚮導 · 13 則評論 · 68 張相片,10 個月前,3 顆星,態度⋯
武聖夜市 阿樂牛排,閔,13 則評論 · 2 張相片,11 個月前,1 顆星,昨天買了鐵板麵 拉了5次肚子
武聖夜市 阿樂牛排,高寒,1 則評論,1 年前,1 顆星,"店內整體舒適度還行
夜市環境來說算乾淨、冷氣會涼

幫忙點餐的服務態度不是很好
當天不知道是醬料配置錯誤還是本來就這樣
甜到身為一個道地台南人都無法接受的甜
不誇張的說甜到抹在麵包當果醬都不違和
第一次吃牛排吃到滿滿拔絲地瓜的焦糖味

BTW牛排本身是那種每一塊都一樣形狀的重組肉"
武聖夜市 阿樂牛排,56施盈如,在地嚮導 · 40 則評論 · 25 張相片,1 年前,5 顆星,玉米濃湯好好喝
武聖夜市 阿樂牛排,鄭宇宸,,1 年前,5 顆星,
武聖夜市 阿樂牛排,鄭鄭,4 則評論,1 年前,5 顆星,好吃，味道比其他牛排店還要香
武聖夜市 阿樂牛排,高鐈,在地嚮導 · 11 則評論 · 10 張相片,1 年前,1 顆星,我說，這是醫藥餐飲異業結盟了是不，從第一口到最後一口，都是滿滿的醫院消毒藥水味
武聖夜市 阿樂牛排,皮小丘,"在地嚮導 · 221 則評論 · 3,056 張相片",1 年前,5 顆星,味道還可以
武聖夜市 阿樂牛排,曾翰文,在地嚮導 · 10 則評論 · 2 張相片,1 年前,5 顆星,
武聖夜市 阿樂牛排,吳拉拉（吳拉拉）,10 則評論 · 3 張相片,1 年前,1 顆星,難吃醬少 女阿桑態度差
武聖夜市 阿樂牛排,陳雅菁,在地嚮導 · 395 則評論 · 813 張相片,1 年前,5 顆星,"很多人，等比較久
口味比較清淡，
我覺得算起來有點貴欸！
因該吃一次就好啦！"
武聖夜市 阿樂牛排,Pantone 308,8 則評論,1 年前,5 顆星,
武聖夜市 阿樂牛排,Einstein Albert,在地嚮導 · 255 則評論 · 173 張相片,1 年前,1 顆星,6/24晚上，點個餐想說換一下主餐，女阿婆馬上說不行用下去了，結果過幾秒直接跟隔壁另個女阿婆說還有這樣換的唷，當下我直接回還嘴砲唷，結果結帳時居然還用手遮住說悄悄話。回去時肉整個超硬，根本無法下嚥直接丟廚餘
武聖夜市 阿樂牛排,鄭淳績,6 則評論 · 7 張相片,2 年前,5 顆星,這裡有附玉米濃湯還有古早味紅茶，尤其是他的厚切牛排入口即化，回味無窮！
武聖夜市 阿樂牛排,Miles Chi,在地嚮導 · 15 則評論 · 212 張相片,2 年前,4 顆星,
武聖夜市 阿樂牛排,池蓮蓮,6 則評論,2 年前,1 顆星,"超不推薦！
有一位阿桑講話很不客氣！
服務態度超級差！
帶小孩去過幾次，在小北的攤位，有去都會點兩份排餐，因為小孩突然想吃，但是今天有先買了其他食物，所以只點了一份排餐，負責送餐的阿桑看到就很兇罵我們說，不准拿２份餐具，馬上把我餐具收走，我向她說小孩也需要餐具，沒餐具要怎麼吃？
她才臉很臭去拿一支叉子來，而且還用丢的丢在桌上！！！超級沒禮貌！給小孩餐具用餐是有那麼困難那麼不爽嗎？
對待客人是用這種態度哦！
我當下忍住沒和她吵，但是覺得很不高興！
去吃了幾次，菜單幾乎點過一輪，發現肉其實都很薄很硬，湯很稀，紅茶不好喝，醬是甜的，桌子醬料瓶不乾淨，地上紙巾髒亂，送餐沒照順序，很多次比我晚到的人還比我先上餐，同一位阿桑常常態度又非常差！老闆到底為什麼要請這種人來工作？？？
以後不會再去了！！！
也會叫認識的人都不要去浪費錢還莫名其妙受氣！"
武聖夜市 阿樂牛排,郭明祥,在地嚮導 · 7 則評論 · 75 張相片,2 年前,5 顆星,
武聖夜市 阿樂牛排,Ii Li,在地嚮導 · 71 則評論 · 8 張相片,2 年前,5 顆星,"真的好愛黑胡椒醬和蘑菇醬的味道！
每次去都吃雞腿排
真的便宜好吃～"
武聖夜市 阿樂牛排,Ipad心,在地嚮導 · 72 則評論 · 117 張相片,2 年前,5 顆星,
武聖夜市 阿樂牛排,Lee1945 Kf14,在地嚮導 · 43 則評論 · 309 張相片,3 年前,5 顆星,
武聖夜市 阿樂牛排,品妏,在地嚮導 · 15 則評論 · 112 張相片,3 年前,1 顆星,"服務人員態度不好，只是怕會吃不完，點鐵版麵
竟然說點一個鐵版麵用講的就好…
如果你人多搞錯搞混呢?"
武聖夜市 阿樂牛排,王董,在地嚮導 · 32 則評論,3 年前,2 顆星,本來是夜市吃牛排的首選，現在只剩濃湯可以喝了
武聖夜市 阿樂牛排,Chen Yu Wen,在地嚮導 · 709 則評論 · 123 張相片,3 年前,4 顆星,普普通通
武聖夜市 阿樂牛排,Bo Kai HUANG,在地嚮導 · 15 則評論 · 6 張相片,4 年前,5 顆星,
武聖夜市 阿樂牛排,Bee Huang,6 則評論 · 4 張相片,4 年前,1 顆星,"環境超不衛生，老闆娘臉又超臭
生意好 就亂了手腳
要排隊也不事先講清楚，都點完餐了陸續一堆人潮都來了 才說要排隊～
請問 剛剛是在哈囉嗎！要排隊為什麼不事先講 早來的客人變得要排到最後面是怎樣！
再也不會去購買～"
武聖夜市 阿樂牛排,拍什麼東西,在地嚮導 · 57 則評論 · 42 張相片,4 年前,1 顆星,"點了一個厚片
肉超小就算了
竟然還是冷的 難切又難咬
整個不行⋯"
武聖夜市 阿樂牛排,凱傑,在地嚮導 · 25 則評論 · 1 張相片,4 年前,1 顆星,第一次吃到這麼難吃的夜市牛排…整塊我只吃了一口就走人了……
武聖夜市 阿樂牛排,吉吉ILOV,在地嚮導 · 51 則評論 · 31 張相片,4 年前,2 顆星,"不難吃，但遇到人多時同時接內用外帶
會手忙腳亂
今天去內用 …"
武聖夜市 阿樂牛排,リョウゲツ,"在地嚮導 · 1,108 則評論 · 1,166 張相片",5 年前,4 顆星,蠻便宜的，還有飲料跟濃湯，出餐很快、生意很好，翻桌率還蠻高的
武聖夜市 阿樂牛排,chen yan-e,在地嚮導 · 227 則評論 · 40 張相片,5 年前,2 顆星,好吃 肉比較小 湯料比較少 環境可能因為人多有點髒
武聖夜市 阿樂牛排,吾朗,"在地嚮導 · 1,005 則評論 · 5,449 張相片",5 年前,4 顆星,平價的夜市牛排，濃湯可以。肉一般～
武聖夜市 阿樂牛排,小不,在地嚮導 · 175 則評論 · 276 張相片,5 年前,5 顆星,小北成功夜市也吃的到😋 …
武聖夜市 阿樂牛排,陳志偉,在地嚮導 · 131 則評論 · 216 張相片,5 年前,4 顆星,
武聖夜市 阿樂牛排,饕喀,"在地嚮導 · 307 則評論 · 2,100 張相片",5 年前,4 顆星,平價美味又好吃，是夜市裏頭的好選擇
武聖夜市 阿樂牛排,xing,在地嚮導 · 54 則評論 · 84 張相片,6 年前,5 顆星,估計是全夜市最好吃的牛排了 連配角用料都相當的不馬虎 玉米濃湯香濃順口 用料實在 牛排鮮甜且非常的嫩 加上他的煎鐵板功力 熟度完全恰到好處 連蛋都不用翻剛好半生熟 cp值超高 逛夜市必回訪店家
武聖夜市 阿樂牛排,希曦,"在地嚮導 · 1,050 則評論 · 4,495 張相片",6 年前,5 顆星,濃湯好喝👍 …
武聖夜市 阿樂牛排,Angel Chen (陳小釗),在地嚮導 · 69 則評論 · 58 張相片,6 年前,5 顆星,
武聖夜市 阿樂牛排,張方如,在地嚮導 · 99 則評論 · 235 張相片,6 年前,5 顆星,出菜很快，餐點好吃，服務態度很好。
武聖夜市 阿樂牛排,黃千芳,"在地嚮導 · 142 則評論 · 4,006 張相片",6 年前,4 顆星,平價又美味，醬汁很道地，濃湯料多，整個武聖夜市牛排最推這家。
武聖夜市 阿樂牛排,吳玉霖,5 則評論 · 1 張相片,6 年前,5 顆星,夜市平價牛排 還不錯吃
武聖夜市 阿樂牛排,路易斯米豆,"在地嚮導 · 323 則評論 · 2,130 張相片",6 年前,4 顆星,還不錯，出菜速度很快的平價牛排（鐵板）。
施子韓國烤肉,YintingLiao,16 則評論 · 4 張相片,8 個月前,5 顆星,評論有人說夭壽好吃 真的夭壽好吃
施子韓國烤肉,施立文,在地嚮導 · 20 則評論 · 18 張相片,1 年前,5 顆星,夭壽好吃
施子韓國烤肉,yuda Uruha,12 則評論 · 3 張相片,1 年前,5 顆星,
霞蜜蜜罐罐烤奶,Ping Feng,在地嚮導 · 55 則評論 · 61 張相片,2 個月前,1 顆星,"點了桂花烤奶
完全沒桂花的香味
一度懷疑嘴巴是不是有問題"
無敵banana,蛋糕,2 則評論,4 個月前,5 顆星,"這間香蕉煎餅是可以吃到跟老闆認識的程度了
小建議！盡量買的當下就吃不然那個口感跟脆度就不見了"
無敵banana,mo na,"在地嚮導 · 657 則評論 · 3,452 張相片",7 個月前,5 顆星,南部第一名香蕉煎餅（先暫定南部因為還沒在北部吃過🤣）
無敵banana,Yuki Nagado,在地嚮導 · 68 則評論 · 272 張相片,8 個月前,5 顆星,現在正值榴蓮煎餅時間，愛吃榴蓮不要錯過！！
無敵banana,Snake,在地嚮導 · 137 則評論 · 267 張相片,11 個月前,5 顆星,吃過最好吃的脆皮香蕉煎餅
無敵banana,Chien,在地嚮導 · 48 則評論 · 30 張相片,11 個月前,5 顆星,"餐點滿大份的至少要兩個人一起吃
餅皮很脆不會太油 推薦美祿口味！"
無敵banana,邱羽禔,"在地嚮導 · 674 則評論 · 3,045 張相片",1 年前,5 顆星,"不管是Banana還是袋奶都超讚👍
香蕉餅 外層酥脆 像餅乾 內餡的香蕉軟甜
美祿口味還是最好吃的 因為可可粉有些苦甜 能中和掉香蕉的甜
袋奶的泰奶、奶綠都好喝，奶味濃郁 也夠甜，還是最愛這裡的泰奶"
無敵banana,Treeoflife,在地嚮導 · 42 則評論 · 158 張相片,1 年前,5 顆星,坦白說店名跟裝潢我會誤以為只是各種曇花一現新潮夜市小吃之一，抱著姑且一試的心態買了濃巧克力口味，原來如此，難怪這個甜點那麼紅，原來香蕉煎餅是這麼一回事，皮薄且脆，上面甜甜的巧克力跟煉乳加上中間的脆皮以及隨之而來的香蕉的香甜，很可以呀，害我把其他的小吃都先放在旁邊，默默的一個人把一盤嗑掉，比起其他小吃價位還是稍高，不過這麼好吃的異國甜點，嘻皮值給滿👍
無敵banana,劉禹彤,在地嚮導 · 40 則評論 · 88 張相片,1 年前,4 顆星,好喜歡他的餅皮好酥脆。。。。香蕉份量很有誠意。。
無敵banana,陳提花,在地嚮導 · 31 則評論 · 29 張相片,1 年前,5 顆星,"原本聽到香蕉煎餅就不吃的我
是朋友一直推薦才吃的
沒想到一吃就愛上🤩
餅皮超脆，像餅乾一樣
而且還買到老闆都認得我😂
前幾次路過都排隊沒買，
今天已經再也忍不了了
我一定要買到美祿口味！！😋😋"
無敵banana,cc c.,在地嚮導 · 60 則評論 · 6 張相片,1 年前,5 顆星,"是自助投幣的方式
老闆很有趣
很愛榴槤口味
跟朋友一起吃完回到民宿後還是心心念念的
希望老闆能北上創業xD"
無敵banana,李宜璇,在地嚮導 · 25 則評論,1 年前,5 顆星,
無敵banana,呂書維,在地嚮導 · 26 則評論 · 7 張相片,1 年前,5 顆星,好吃，但是越來越貴了😢
無敵banana,Eric Huang,"在地嚮導 · 189 則評論 · 1,176 張相片",1 年前,3 顆星,皮太硬，價格偏高，無驚艷感！
黃記辣脆腸,Ting Ting,在地嚮導 · 27 則評論 · 16 張相片,3 週前,1 顆星,"東西不好吃 脆腸一小撮100就算了
超級硬 根本咬不了之外 兩位老闆態度超差
想練牙口跟心情不好的 可以來"
黃記辣脆腸,Nina,在地嚮導 · 122 則評論 · 103 張相片,3 個月前,2 顆星,辣脆腸份量偏少，幾乎都是酸菜，偏偏酸菜又重鹹🥺
黃記辣脆腸,黃書偉,在地嚮導 · 14 則評論 · 2 張相片,4 個月前,5 顆星,
黃記辣脆腸,游緹,12 則評論 · 4 張相片,4 個月前,1 顆星,結帳順序沒說清楚，根本沒標示要把碗「放在」桌上，排在我後面的客人可能是常客，所以直接把碗放在桌上推到離老闆最近的地方，而我是把碗拿著，老闆做完前面那一組客人的餐後，直接拿桌上的碗問說是誰的，結果先做他的，這已經是「插隊」行為了好嗎，奉勸要來的客人把碗好好「放在」桌上，不過我不會再來了，真的沒想到後面的客人也當作沒事欸
黃記辣脆腸,77,在地嚮導 · 81 則評論 · 36 張相片,5 個月前,1 顆星,東西酸掉了！應該是目前吃過最難吃的辣脆腸
黃記辣脆腸,F,5 則評論,6 個月前,1 顆星,"老闆沒戴口罩邊聊天邊剪食物
真夠難吃"
黃記辣脆腸,Lillian,在地嚮導 · 29 則評論 · 8 張相片,7 個月前,1 顆星,老闆娘講話超沒禮貌 不知道是欠他錢還是怎樣
黃記辣脆腸,Pony,在地嚮導 · 381 則評論 · 20 張相片,7 個月前,1 顆星,東西酸的
黃記辣脆腸,Chun Chun,在地嚮導 · 120 則評論 · 89 張相片,9 個月前,1 顆星,玉米筍酸掉？
黃記辣脆腸,郁雯,23 則評論 · 8 張相片,9 個月前,1 顆星,"您好不知道怎麼與您聯繫
今天大約19:30至現場購買辣脆腸
回到家要吃大約21:00 吃的內容物都是酸的⋯
味道也不太好 整個都浪費掉也沒吃到
目前是還未將餐點丟掉
想請問怎麼與您聯繫呢😓"
黃記辣脆腸,Sabine Nice,在地嚮導 · 133 則評論 · 158 張相片,9 個月前,1 顆星,排隊完全沒順序，已經很多人在等，老闆還一直閒聊，速度超級慢，而且完全把客人當空氣！
黃記辣脆腸,Zoe,"在地嚮導 · 734 則評論 · 3,540 張相片",1 年前,5 顆星,"點小辣 吃起來像大辣🌶️
很辣很夠味 👍"
黃記辣脆腸,Tseng Luna,2 則評論,1 年前,1 顆星,點小份的脆腸只有七塊脆腸……..超級少，全部都是酸菜
黃記辣脆腸,Xian Yao,在地嚮導 · 9 則評論 · 4 張相片,1 年前,1 顆星,"買了兩次，第一次到家後發現東西跟價錢不符合，被多收五十元，想說算了都離開了
今天去逛武聖，女朋友想吃所以又買了一次，結帳我大概算一算大概一百七到一百五，直接跟我喊兩百五，結帳後覺得不對

後來當面跟他把所有品項對一次，還堅持說我有夾蔬菜什麼的，金額怎麼加也對不上兩百五，才退我一百

袋子裡面的竹籤在對品項的時候拿走也不給我了，算錯錢連個抱歉的態度也沒有

大家買的人自己注意金額品項對不對

之後去武聖夜市管理處直接請他注意這家攤商，管理處只推說是消費糾紛等等

所以夜市管理處只能收錢不能管理有問題的攤商嗎？"
黃記辣脆腸,陳偉維,43 則評論,1 年前,1 顆星,真心覺得難吃，怎麼排成這樣，買了125雖然不多，但是這樣就吃不完了…
黃記辣脆腸,Eric Huang,"在地嚮導 · 189 則評論 · 1,176 張相片",1 年前,3 顆星,脆腸口感清脆，麻辣好吃，但榨菜好鹹！排隊人很多，沒有好吃到要排隊的程度！
黃記辣脆腸,Dash Wang,"在地嚮導 · 355 則評論 · 1,564 張相片",1 年前,5 顆星,很好吃！但偏辣喔！怕辣的別點小辣！
黃記辣脆腸,K T,在地嚮導 · 37 則評論 · 3 張相片,1 年前,2 顆星,"一次店，份量跟另一家比真的差超多的
另一家買120元一大袋
這裡買兩百多竟然只有約一半的份量😅
味道見仁見智，但真的不會一試即成主顧啦😂"
黃記辣脆腸,雨雨,在地嚮導 · 114 則評論 · 37 張相片,1 年前,1 顆星,排隊毫無順序可言，告知老闆我先來的，還被忽略！硬是叫了後面的人！感受超差！！！
蔬菜園辣脆腸,KYLE CHOU,在地嚮導 · 30 則評論 · 11 張相片,3 週前,1 顆星,真的很難吃 完全沒入味 而且臭酸了 直接送上丟拉圾桶照
蔬菜園辣脆腸,陳建男,在地嚮導 · 9 則評論 · 71 張相片,4 個月前,4 顆星,
蔬菜園辣脆腸,candy Ya,2 則評論,4 個月前,5 顆星,
蔬菜園辣脆腸,魏子涵,在地嚮導 · 27 則評論 · 31 張相片,7 個月前,1 顆星,酸菜好吃（但這不是餐點是配菜），雞胗 脆腸 豆乾 豬肝 都有臭酸味，只有米血能吃。
蔬菜園辣脆腸,香菇頭,1 則評論 · 1 張相片,9 個月前,5 顆星,好吃😋，會在訪👍
蔬菜園辣脆腸,Wei ting Cong,13 則評論 · 1 張相片,9 個月前,1 顆星,明明是辣脆腸但整個味道像水煮，貢丸跟星星腸有酸掉的味道，真不開心🫤🫤
蔬菜園辣脆腸,郭詠灃,在地嚮導 · 30 則評論 · 9 張相片,1 年前,1 顆星,實在傻眼，想說體驗看看…第一次購買回到家吃，豆腐臭酸的……
蔬菜園辣脆腸,SHU YIN,在地嚮導 · 32 則評論,1 年前,3 顆星,味道很夠味，！但奇怪了？怎麼沒看到辣脆腸，只有鹹菜而已呢？
蔬菜園辣脆腸,Chiaki,在地嚮導 · 14 則評論 · 17 張相片,1 年前,1 顆星,"調味真的不錯，
但口感讓人以為在吃甘蔗。"
蔬菜園辣脆腸,Emily Huang,14 則評論 · 4 張相片,1 年前,1 顆星,買了一整袋的雞肝，每個吃起來都像冷凍過的，乾乾粉粉的
蔬菜園辣脆腸,金田先生,在地嚮導 · 29 則評論 · 11 張相片,1 年前,5 顆星,"我媽吃到馬上流眼淚.....
讚"
蔬菜園辣脆腸,connie yang,4 則評論 · 1 張相片,1 年前,5 顆星,買了辣脆腸和豆皮豆乾很入味好吃，蔬菜點了龍鬚菜和四季豆很新鮮脆口，口味可以調整鹹淡
蔬菜園辣脆腸,GY H,在地嚮導 · 166 則評論 · 581 張相片,1 年前,3 顆星,"只收現金，無載具發票，酸菜要另外加購。

📍推薦：杏鮑菇、筍片，口感佳且入味。
📍正常：高麗菜、花椰菜，調味偏淡，重口味者可搭配重口味的筍片、酸菜味道較剛好。
📍不推：苦瓜，口味生、味道重，吃不習慣。"
蔬菜園辣脆腸,bro,在地嚮導 · 156 則評論 · 126 張相片,1 年前,5 顆星,"武聖夜市內，小排隊，但前後等不到10分鐘。
偏鹹，可是每樣都超新鮮超好吃！價格合理！
我點了 芋頭粿、豆包、杏鮑菇，花椰菜、海菜、小黃瓜，下次還要吃別的菜，要記得叫老闆醬料和酸菜少一點😂"
湖美孫師兄豆花,劉子瑜,1 則評論,3 週前,5 顆星,豆花超好吃的，糖水不會太甜！很幸運遇到豆花伯伯！😁 …
湖美孫師兄豆花,hsinhui,3 則評論 · 1 張相片,3 週前,5 顆星,
湖美孫師兄豆花,Haru Chen培莉,在地嚮導 · 13 則評論,3 週前,5 顆星,
湖美孫師兄豆花,Wayne Lo,"在地嚮導 · 668 則評論 · 1,439 張相片",1 個月前,5 顆星,"無意間遇到 用Google map才知道老爺爺到處擺攤 我在西門路703巷遇到
優點就是便宜基本款25元 加料例如薏仁加五元 算我吃過豆花最不甜的一點都不甜 份量小小一杯"
湖美孫師兄豆花,萊夫方程式Life Eq.,"在地嚮導 · 189 則評論 · 1,420 張相片",1 個月前,5 顆星,"出沒巷弄的豆花攤車
純豆花25塊，加料+5元
在旁邊的茶店喝茶
看到馬上奔跑過去"
湖美孫師兄豆花,Anita Liu,9 則評論 · 2 張相片,1 個月前,5 顆星,逛國華街的時候剛好巧遇阿伯！豆花很傳統好吃且甜而不膩
湖美孫師兄豆花,coofootra,"在地嚮導 · 445 則評論 · 10,594 張相片",2 個月前,5 顆星,傳統的味道
湖美孫師兄豆花,Rou,"在地嚮導 · 225 則評論 · 5,390 張相片",3 個月前,5 顆星,可以看到在店附近推著攤位（安平育平路附近）價格便宜，豆花好吃
湖美孫師兄豆花,Amber Amber,在地嚮導 · 29 則評論,3 個月前,5 顆星,好吃
湖美孫師兄豆花,檬,在地嚮導 · 51 則評論 · 89 張相片,3 個月前,5 顆星,從小吃到大，可遇不可求，如果有遇到一定要來上一碗！
湖美孫師兄豆花,達叔的塔羅命理與美食之旅,"在地嚮導 · 762 則評論 · 6,196 張相片",3 個月前,5 顆星,"這是台南的傳奇小攤
湖美孫師兄豆花
是流動的手推攤車
看到這樣的攤車
我這老漢就很想推......

點了薏仁豆花吃
因為沒有我愛的花生
薏仁吃起來還可以
但是豆花很讚
豆香味濃口感軟嫩
原味豆花25元
加料變成30元
實在有夠便宜的
而且還很好吃

如果妳走在台南路上
跟叔叔一樣人品很好
就有機會遇到孫師兄
記得一定要買來吃

#台南美食
#豆花"
湖美孫師兄豆花,ガンダムエアリアル,在地嚮導 · 15 則評論 · 3 張相片,3 個月前,5 顆星,老闆態度認真感動到我，還有豆花非常好吃甜度適中。
湖美孫師兄豆花,Chiahwa Lin,在地嚮導 · 22 則評論,3 個月前,5 顆星,"豆花好吃! 老闆親切! 佛心價位!
市售的店豆花無人能及!
看到老闆的餐車，
來一杯豆花，
回味古早味，
很棒!"
湖美孫師兄豆花,張艾嫩,"在地嚮導 · 469 則評論 · 9,706 張相片",4 個月前,5 顆星,美味🤤
湖美孫師兄豆花,黃子豪,10 則評論 · 1 張相片,4 個月前,5 顆星,好吃😋 …
湖美孫師兄豆花,黃雅雯,15 則評論 · 3 張相片,4 個月前,5 顆星,"在兩個不同且開車距離15分鐘的地方遇到伯伯兩次，推著推車走這麼遠的地方，覺得真的是緣分就買了兩個吃看看（綠豆和珍珠）
豆花非常綿密，糖水不會很甜，真的是古早味的豆花，小小一杯才30$，真的經濟又實惠！
而且伯伯有重聽，很怕把我的餐點做錯，所以問了三次🥹真的很可愛還跟我道歉"
湖美孫師兄豆花,李小妮,在地嚮導 · 134 則評論 · 767 張相片,5 個月前,5 顆星,好吃不甜膩的豆花，還可以拜託伯伯半糖就好🥰🥰
湖美孫師兄豆花,晏淳（Yam）,1 則評論,6 個月前,5 顆星,路過民生路，剛好看到老闆辛苦的推者豆花車，買了3碗手工豆花才90元，炒糖漿很香好吃、綠豆、紅豆煮的入味、粉圓很Q都好好吃，純手工的店家，大家多捧場
湖美孫師兄豆花,Carrie Zan,11 則評論 · 8 張相片,8 個月前,5 顆星,"簡單、清爽、美味😋
一杯$25，加料$30，價錢非常佛心。我只加薏仁一樣，完全不會很甜，也非常消暑。
老闆也很好、客氣，自己推車賣豆花辛苦了，祝福人客多多～
Ps.我是在神農街遇到的（週六）"
湖美孫師兄豆花,wei steph,"在地嚮導 · 646 則評論 · 2,065 張相片",9 個月前,5 顆星,"在假日的國華街上碰到了一位伯伯賣傳統豆花。他的豆花價格實在，口味也不會過於甜膩，真是佛心來的。伯伯非常客氣，希望大家有機會的話，多多支持他。

（伯伯都是步行，推著小推車走很遠來擺攤的！）"
湖美孫師兄豆花,亮亮兒,"在地嚮導 · 967 則評論 · 4,219 張相片",9 個月前,5 顆星,"假日國華街遇到～

傳統豆花 佛心價格
口味也不會過於甜膩
伯伯很客氣
希望大家有遇到多多支持一下

（伯伯都步行 推著小推車推超遠擺攤！）"
湖美孫師兄豆花,Wang Kevin,在地嚮導 · 100 則評論 · 542 張相片,10 個月前,5 顆星,阿北沒有固定位置，我在神農街遇到，銅板手工豆花必吃！
湖美孫師兄豆花,海獺,8 則評論 · 3 張相片,10 個月前,5 顆星,兒時記憶中的豆花，入口即化
湖美孫師兄豆花,Rose Hsu,"在地嚮導 · 210 則評論 · 3,148 張相片",10 個月前,5 顆星,台南必吃豆花，傳統豆花一杯25元好佛心
湖美孫師兄豆花,sandra lin,在地嚮導 · 117 則評論 · 490 張相片,10 個月前,5 顆星,"阿伯推著推車 隨叫隨停 ，阿伯有點重聽但講話輕聲細語 服務超好
豆花屬傳統款，嫩綿  配料選紅豆、薏仁，不過甜有煮透
便宜又好吃 值得推推

用自己的杯子裝也可以 沒有折五元
價格合理  支持👍"
湖美孫師兄豆花,Tiffany Hsieh,7 則評論,11 個月前,5 顆星,
湖美孫師兄豆花,周芷盈,在地嚮導 · 115 則評論 · 4 張相片,1 年前,5 顆星,"便宜好吃！！是傳統手作豆花不是粉泡的
豆花份量也很多 超便宜糖水也很好吃
推推"
湖美孫師兄豆花,Chen,在地嚮導 · 7 則評論,1 年前,5 顆星,
湖美孫師兄豆花,Meteor Yu,"在地嚮導 · 583 則評論 · 2,968 張相片",1 年前,5 顆星,"無意間看到的豆花，就買了試一試。
豆花的豆香味濃郁，是一個很傳統的味道，粉圓吃起來很Q，與糖水的組合非常消暑，吃到最後會稍微甜。

2024.02.17"
湖美孫師兄豆花,He-Fe Ho,在地嚮導 · 46 則評論 · 10 張相片,1 年前,5 顆星,必須推，每次去臺南玩都要追著阿伯，來吃兩杯😂好喜歡阿伯樸實的豆花，希望看到評論的人都來吃！多推推，比那些觀光客聚集的豆花好多了 …
湖美孫師兄豆花,Hi MJ,"在地嚮導 · 891 則評論 · 1,024 張相片",1 年前,5 顆星,豆花好吃 勝過很多店家 老人推車 態度又好 要多支持
湖美孫師兄豆花,Mm,在地嚮導 · 26 則評論 · 11 張相片,1 年前,5 顆星,"很好吃的傳統豆花
和其他豆花店不一樣
吃起來入口即化 不假滑 手工的就是好吃
豆花只有熱的但是很好吃"
湖美孫師兄豆花,rling,9 則評論 · 2 張相片,1 年前,5 顆星,很傳統的豆花，綠豆口味非常好吃！
湖美孫師兄豆花,Hannah Lin,在地嚮導 · 17 則評論 · 15 張相片,1 年前,5 顆星,回台必吃的味道😋
湖美孫師兄豆花,沈裕家,在地嚮導 · 118 則評論 · 214 張相片,1 年前,5 顆星,好吃👍可遇不可求，你想吃就吃得到嗎
湖美孫師兄豆花,Yun,在地嚮導 · 24 則評論 · 8 張相片,1 年前,5 顆星,別看伯伯一個攤子，他的豆花真的很好吃。一杯綜合豆花（綠豆、紅豆、珍珠），帶走著邊吃邊逛國華街，很快就吃完了！可惜忘了拍照😅
湖美孫師兄豆花,Jolin Lu,在地嚮導 · 46 則評論 · 34 張相片,1 年前,5 顆星,很親切的阿伯👍🏻
湖美孫師兄豆花,廖斐昭,在地嚮導 · 22 則評論 · 3 張相片,1 年前,5 顆星,阿北豆花好吃！很親和！推過車真的有重，請多支持~
湖美孫師兄豆花,sa Li,在地嚮導 · 40 則評論 · 33 張相片,1 年前,5 顆星,"超便宜超好吃😋 豆花超綿密 料也多
阿伯年紀比較大一點 大聲一點點+慢慢說阿伯聽就好！！ 阿伯也很親切可愛🥰
營業時間非上面寫的 大家可以看相片裡有人拍攝喔！"
湖美孫師兄豆花,Tina sun,17 則評論 · 7 張相片,1 年前,5 顆星,
速立邁沙威瑪,杜怡慧,在地嚮導 · 123 則評論 · 404 張相片,2 週前,3 顆星,"看到一堆人排隊就來試試
麵包小小一個，1片生菜，洋蔥，肉有咖哩味
唯一特別的是麵包表面脆脆的
吃完有種空虛感"
速立邁沙威瑪,Appuww,4 則評論,3 週前,1 顆星,你好 之前很好吃 今天禮拜五 我去武聖吃 變了 還是..這間不是你們的？
速立邁沙威瑪,Wei,"在地嚮導 · 686 則評論 · 1,482 張相片",1 個月前,5 顆星,沙威瑪好吃！咖喱香、麵包脆。美乃滋有說要少一點但是還是覺得太多。排隊30分鐘才買到，每次去都很多人。
速立邁沙威瑪,537,在地嚮導 · 219 則評論 · 15 張相片,2 個月前,5 顆星,喜歡美乃滋多多的沙威瑪
速立邁沙威瑪,Ping Feng,在地嚮導 · 55 則評論 · 61 張相片,2 個月前,1 顆星,"一堆人排隊還以為多好吃
吃完一整個空虛
麵包小小一個 幾片生菜 洋蔥 肉末 50"
速立邁沙威瑪,Carol H,在地嚮導 · 40 則評論 · 7 張相片,4 個月前,3 顆星,不僅變貴，麵包還變小🫠 …
速立邁沙威瑪,Charles,在地嚮導 · 72 則評論 · 76 張相片,5 個月前,2 顆星,料少、難吃、價位高
速立邁沙威瑪,台南幫飲料安中店小e,在地嚮導 · 230 則評論 · 500 張相片,6 個月前,5 顆星,"小時候吃到現在
35元～現在50元
好吃😋 …"
速立邁沙威瑪,NJ,"在地嚮導 · 756 則評論 · 3,520 張相片",7 個月前,4 顆星,"莫名很多人排隊的沙威瑪(?)
不過不錯吃到是
麵包有烤 有加一點生菜 不錯"
速立邁沙威瑪,Timothy,在地嚮導 · 19 則評論,7 個月前,4 顆星,"好吃
綁包頭的姊姊漂亮"
速立邁沙威瑪,大河馬叔叔,"在地嚮導 · 937 則評論 · 12,329 張相片",10 個月前,4 顆星,"我不知道為什麼要買沙威瑪看到大家都在排隊我就跟著排隊
我就是隨波逐流因為隨波逐流不用想
排隊就是最好吃的"
速立邁沙威瑪,Chien,在地嚮導 · 48 則評論 · 30 張相片,11 個月前,3 顆星,"看網路上有人推薦來吃的
要排隊排一段時間
肉還滿柴的 吃過一次就不會想要回購"
速立邁沙威瑪,Lin Lin,在地嚮導 · 59 則評論 · 14 張相片,1 年前,1 顆星,"態度很差 東西能好吃到哪？
一個詢問 什麼時候開始賣
連看一眼都不看就被揮手像在趕小貓小狗一樣這種基本尊重都沒有！
而且裡面2-3人都是這種態度
生意好到老闆可以囂張"
速立邁沙威瑪,Peizu Lee,在地嚮導 · 31 則評論 · 21 張相片,1 年前,5 顆星,麵包酥、調味也好，雖然只有一種口味，但真的很好吃。
速立邁沙威瑪,Ha Hyu,在地嚮導 · 34 則評論 · 26 張相片,1 年前,1 顆星,第一次逛武聖，看到人群排隊心想應該很好吃，跟著排了20幾分鐘，拿到手冷的，麵包空洞又硬，肉末沒幾塊，好奇這些排隊的客人是回頭還是都第一次購買、真的是我這輩子吃過最難吃的沙威瑪
速立邁沙威瑪,皮小丘,"在地嚮導 · 221 則評論 · 3,056 張相片",1 年前,5 顆星,麵皮有點脆，又香香的。  肉有點微微的焦香味，非常好吃。
速立邁沙威瑪,Eva GUO,在地嚮導 · 20 則評論 · 3 張相片,1 年前,1 顆星,"看到有人先點兩份，才跟著點了一份，老闆卻問：你有看到肉嗎？
沒有預定那為什麼剛剛前面的可以訂？（夜市的管委可以訂，一般客人去旁邊烘乾！？）
還沒好就說還沒好，態度差又一堆廢話
因為動作慢才一堆人排隊，千萬不要浪費生命排這種都是美乃滋的麵包"
速立邁沙威瑪,Cristine,在地嚮導 · 177 則評論 · 730 張相片,1 年前,5 顆星,好吃，可以加一點辣
速立邁沙威瑪,妤安以恩,"在地嚮導 · 1,744 則評論 · 5,145 張相片",1 年前,4 顆星,老婆的回憶
速立邁沙威瑪,Eric Huang,"在地嚮導 · 189 則評論 · 1,176 張相片",1 年前,2 顆星,排隊成這樣，食物卻讓人大失所望，一點點肉而已，完全沒感覺在吃沙威瑪。一次店！
速立邁沙威瑪,Bernie,在地嚮導 · 256 則評論 · 294 張相片,1 年前,5 顆星,"排隊要半小時起跳
沙威瑪切的非常慢沒太大意義
因為肉很少咬下去都是美乃滋
肉只有口感沒有味道"
速立邁沙威瑪,QQQ Q,在地嚮導 · 36 則評論 · 11 張相片,1 年前,5 顆星,"從小吃到大 就算離開台南
一樣會為了買沙威馬回去"
速立邁沙威瑪,愛拍屁喵喵,在地嚮導 · 146 則評論 · 723 張相片,1 年前,1 顆星,明明可以製作的快一點，三個人力也不是不足，就偏偏要慢慢來製造排隊人潮，飢餓行銷，口味是有比其它攤好吃一咪咪，但實在不值得花大把的時間排它。
速立邁沙威瑪,楊彩琳,"在地嚮導 · 2,261 則評論 · 11,452 張相片",2 年前,4 顆星,"夜市銅板美食
一份45元，很多人排隊～大概等15分鐘。
味道還不錯，麵包有烤過會脆脆的，美乃滋加滿多的(＞人＜;)記得點餐時要請店員加少一點！減少一下熱量哈哈😜😜 …"
速立邁沙威瑪,LEE ee,在地嚮導 · 826 則評論 · 344 張相片,2 年前,1 顆星,"強烈建議不要放肉跟菜了
直接麵包夾一整根美乃滋就好
我如果有糖尿病一定直接去世"
速立邁沙威瑪,葉葉,"在地嚮導 · 504 則評論 · 2,080 張相片",2 年前,2 顆星,"排隊要排很久真的大可不必他就是普通偏乾偏小然後美乃滋多到你會吐的沙威瑪，
相信我，其他評論叫你不要跟風排是真的不是在唬爛，他不是什麼真的隱藏版美食，就是大家跟著排而已
已經幫你踩過雷ㄌ，夜市有更多好吃的東西，你真的可以把錢省起來。
-
麵包小小個，美乃滋多爆，是半個麵包整面擠上
已經點了少醬還是超多，膩
麵包在火烤過後已經有點過硬，一咬下去就會脆掉
整體吃起來沒有一體感
肉也沒有說很好吃很特別，肉跟生菜也不多
真的想吃沙威瑪可以買啦，可能不用排隊的時候再買ㄅ。（然後把醬去掉"
速立邁沙威瑪,鄭小象,在地嚮導 · 19 則評論 · 12 張相片,2 年前,5 顆星,去夜市一定會買2份，一份當場吃完，一份隔天氣炸烤箱再加熱當早餐，一樣美味！
速立邁沙威瑪,維特Witt,在地嚮導 · 28 則評論 · 21 張相片,2 年前,5 顆星,"沒人排隊的時候去買
價格反應在份量
漲價後一份45個人覺得稍貴
不過服務態度加了很多分

真的是加很多美乃滋的沙威瑪
我還蠻喜歡美乃滋的
所以還蠻符合我的口味
推薦給喜歡美乃滋的你！"
速立邁沙威瑪,王姿璇,5 則評論 · 3 張相片,2 年前,4 顆星,"老闆娘態度很親切
餐點製作用心
沙威瑪有點小
肉偏乾 嚐鮮即可"
速立邁沙威瑪,張簡伯涵,在地嚮導 · 49 則評論 · 40 張相片,2 年前,1 顆星,"先不管好不好吃
等了那麼久
等來的是老闆一句溫馨的 姬芭勒
還砸錢
重點是還不好吃
再來一遍我就是狗"
速立邁沙威瑪,Wei-Chung C,在地嚮導 · 87 則評論 · 1 張相片,2 年前,1 顆星,廢到笑，還在排隊的你現在停損還來得及
速立邁沙威瑪,Pei,"在地嚮導 · 539 則評論 · 3,232 張相片",2 年前,3 顆星,不懂排隊的點...
速立邁沙威瑪,Iris,在地嚮導 · 421 則評論 · 733 張相片,2 年前,4 顆星,"麵包外皮微脆，餡料不多
要排隊"
速立邁沙威瑪,麥朵IG: lovefood.maiduo,"在地嚮導 · 871 則評論 · 2,470 張相片",2 年前,3 顆星,"IG:lovefood.maiduo

每次武聖夜市都排隊很夯的沙威瑪！

平日晚上過來幾乎不用排(๑•́ ₃ •̀๑)
一個40元，但是也小小個。

好吃在於它的麵包烤得很酥脆，但是也反應在它價格上，內餡其實很空虛，不然味道其實很好。

如果排隊要很久，我是不建議去排隊啦🤣～會覺得排隊排那麼久吃到空虛。

不排隊才建議買。

🏠店名：速立邁沙威瑪
📍地址：700台南市中西區武聖路69巷101號（武聖夜市）

#台南美食 #台南旅遊 #台南  #臺灣 #台灣旅遊 #台灣景點 #臺南美食 #臺南 #臺南旅遊 #台南小吃 #沙威瑪 #臺灣景點 #旅遊景點 #臺南小吃  #臺灣旅遊"
速立邁沙威瑪,豬寶寶,在地嚮導 · 38 則評論 · 131 張相片,3 年前,5 顆星,"好吃 會想排隊等的唯一一家沙威瑪
重點是老闆整年裝扮都一樣，白上衣西裝褲
冬天只有加個毛帽太強了"
速立邁沙威瑪,Kuanwei Chen,在地嚮導 · 131 則評論 · 143 張相片,3 年前,3 顆星,味道還不錯，麵包酥脆但偏小，肉給的也偏少些。
速立邁沙威瑪,趙貞盈,在地嚮導 · 84 則評論 · 23 張相片,3 年前,5 顆星,很好吃！目前吃過最好吃的沙威瑪
速立邁沙威瑪,ying ming,在地嚮導 · 735 則評論 · 555 張相片,3 年前,5 顆星,沙威瑪中排名在前三名
速立邁沙威瑪,王曉凡,在地嚮導 · 74 則評論 · 23 張相片,3 年前,3 顆星,吃快20年的顧客路過。味道跟麵包脆度還維持著，但現在沒有番茄了，覺得品質跟用料越來越差，倒還不如漲價，不然懶得每次回台南特地來吃。推薦旁邊的碳烤雞排
速立邁沙威瑪,wei hsu,"在地嚮導 · 153 則評論 · 1,154 張相片",3 年前,5 顆星,從學生時期，這間沙威瑪還在逢甲路雙子星夜市時就開始吃，數十年依然美味可口，連小孩都成“老主顧”啦！在武聖和花園夜市皆有輪流擺攤，最好早點去購買，不然，大排長龍啊！
速立邁沙威瑪,林大慶,14 則評論,3 年前,4 顆星,
速立邁沙威瑪,悠寶,"在地嚮導 · 1,483 則評論 · 6,690 張相片",3 年前,4 顆星,"看到排隊來跟一下～
咖喱口味的，麵包會抹一層美乃滋
加一片生菜跟些許洋蔥
麵包烤的微焦
整體還不賴 小小一個40也OK

⭐悠悠飲食參考：
甜：手搖飲半糖>偶爾3分糖
鹹：蠻重鹹的
辣：中辣"
速立邁沙威瑪,關李屁氏,105 則評論 · 68 張相片,3 年前,1 顆星,麵包都擠好美乃滋放好洋蔥了，雞肉也切好了，還在那邊滾雞肉。排了15分鐘終於拿到手，一吃...冷的，雞肉粉粉的，也沒口感，不好吃，根本飢餓行銷，不用浪費時間排隊了！
速立邁沙威瑪,Dean Wang,9 則評論 · 1 張相片,4 年前,1 顆星,非常普通，加完料麵包居然還可以完美蓋回去，小號沙威瑪
速立邁沙威瑪,Gee Lee,在地嚮導 · 172 則評論 · 616 張相片,4 年前,1 顆星,觀光客排隊人潮不少，排了一陣子有點期待(牌子說明排隊路線及規則)，非以往黑胡椒炒洋蔥肉，僅放肉跟美乃汁，比平常麵包店肉堡少了蛋，分量很少且貴，有點不知道吃的是...建議買之前先爬文。
速立邁沙威瑪,Ryan Wu,在地嚮導 · 67 則評論 · 87 張相片,4 年前,1 顆星,"這次回台南排了好長的隊伍才買到，沒想到...變好難吃！
肉很乾柴沒什麼味道，麵包也非常普通，完全不會有想把它吃完的動力...
印象中小時候這家店還不錯啊，怎麼會變這樣子呢？"
速立邁沙威瑪,JL Lee,在地嚮導 · 29 則評論 · 1 張相片,4 年前,5 顆星,
速立邁沙威瑪,葳倫,在地嚮導 · 66 則評論 · 61 張相片,4 年前,2 顆星,不錯吃，份量太小，但態度跟以前還沒爆紅差很多，路竹有一攤不輸他們的沙威瑪，好吃份量算多，態度也不會跩的二五八萬的
速立邁沙威瑪,Rita Cheng,在地嚮導 · 31 則評論 · 60 張相片,4 年前,3 顆星,
速立邁沙威瑪,是好奇的啵魯先生啊,"在地嚮導 · 72 則評論 · 1,340 張相片",4 年前,3 顆星,"吃貨們大家好⛄️三星=普通還可以⛄️
👇👇三人六手完美默契沙威瑪秀👇👇
還在架攤就開始排隊了，讓我頗好奇
原來是網上有名聲的沙威瑪名店
怎麼辦我很討厭排隊，但現在才排了三個人
再不排我就一定不會排了...😑

我號稱沙威瑪魔人也從沒碰過要排隊的
決定來排下去！一排就是40分鐘...

第一次看到沙威瑪攤這麼大陣仗
排隊時看看架攤跟備料，讓我不太無聊
這攤由三人協力運作，演出一場好秀
😎一人烤肉 切肉 包肉
手動旋轉烤肉串，認真掌握熟度，還挑掉焦黑
🤑一人刷醬 包裝 收錢
站在C位，負責點單包裝出菜，同時給肉串上醬
😯一人麵包 抹醬 加料
等待烤肉完成前，才把麵包配料組裝，避免潮掉

這完美的搭配，執著的職人精神
看得我心曠神怡，越來越期待吃到它

#沙威瑪
推薦度：🔆🔆🔆
油亮光滑的深褐色麵包，微微的脆
略帶筋道，跟一般的軟包不同
但不是熱呼呼的，讓我有點意外

內夾的生菜爽脆，醬料比例拿捏得當
烤肉充滿香料味，烤的略帶焦香
不過沒有我想像中的多汁，甚至有點點乾

特別的是，它特別小啊
假如一般的是M號，那他就是S
整體吃起來是特別的，算是買個體驗
要我再排一次隊？這個味道不值

不過看到這麼特別的沙威秀，也算是開了眼界
只是說厚...這麼認真的職人精神
怎麼沒在味道上表現出來啊😅😅😅

🚩排隊現場LIVE分析🚩
我拿到的時候，後面已經排了50人以上
而且很多人一次買好幾份
我是第四位，已經是第25份了...
那第五十位到底要等幾份？要不要排自己考慮

🔎出沒資訊🔎
二、五→小北(近寶雅)
三、六→五聖(停車場邊)
四、日→花園(近1號出口)
—————————————————————
我是啵嚕先生🔆⛄️🔆
人一世物一世🌎什麼我都要試一試
喜歡我的熱心分享👍請點個讚👍
🔔追蹤我👀可以跟進更多美味❤️"
速立邁沙威瑪,阿勛,在地嚮導 · 42 則評論 · 132 張相片,4 年前,5 顆星,"路過就跟著排隊了😊
還沒開賣就一堆人在排隊了
果真是道地的台灣人 …"
速立邁沙威瑪,梁盛文,在地嚮導 · 301 則評論 · 95 張相片,4 年前,5 顆星,努力排隊中
速立邁沙威瑪,Allen Hsiao,"776 則評論 · 3,658 張相片",4 年前,4 顆星,"BC。40元便宜又好吃。
帶點咖哩味道的調味。"
速立邁沙威瑪,Pei Huang,在地嚮導 · 51 則評論 · 13 張相片,4 年前,4 顆星,一份價格40元，麵包薄脆有口感，包裹雞肉、蔬菜與醬料，比例得宜，整體吃起來口味十分均衡。份量小，算是吃巧不吃飽的夜市小吃。
速立邁沙威瑪,藍紫芸,在地嚮導 · 44 則評論 · 54 張相片,5 年前,1 顆星,"看到很多人就跟著排隊了，整體一起咬的時候肉跟不存在一樣，桂冠美乃滋存在感過高，麵包過度酥脆，咬得上顎很痛 QQ
另外，我正在享用津津有味的統大雞排時，甚至離攤位有些距離，老闆跨出一大步向前問：你們有沒有帶口罩？解釋了只是因為在吃雞排所以沒有戴上，請問是要怎麼戴著口罩吃雞排"
速立邁沙威瑪,就是愛旅行,"在地嚮導 · 276 則評論 · 1,447 張相片",5 年前,2 顆星,料有點少，口味普通，喜歡吃酥脆麵包的話麵包還不錯，不過不會想再排隊了。
速立邁沙威瑪,吳漢陽,"在地嚮導 · 11 則評論 · 2,812 張相片",5 年前,4 顆星,
速立邁沙威瑪,峻,在地嚮導 · 22 則評論,5 年前,1 顆星,
速立邁沙威瑪,Isaac Ho,"在地嚮導 · 515 則評論 · 3,936 張相片",5 年前,5 顆星,"位於Poya入口附近，常有人排隊。這個特別之處在於麵包。包子皮酥脆，每一口都發出爆裂聲！我給麵包5顆星！

至於餡料，肉、洋蔥、生菜和蛋黃醬很一般，平均只有3顆星。

我又回去買了一個麵包，因為！那位女士會仔細觀察他們的準備過程，並負責將包子切成兩半作為餡料。如果她發現麵包不脆，她會把它放在靠近火焰的地方。上菜前，肉站的工作人員會用夾子再次將包子放在火焰附近幾秒鐘，以將包子烤焦。

一份是 TWD40.00。"
速立邁沙威瑪,Hemeia,在地嚮導 · 268 則評論 · 106 張相片,5 年前,5 顆星,"喜歡麵包很酥脆
肉紮實沒有水水的
對於愛吃沙拉醬的人很喜歡
熱量高所以小小一個剛好"
速立邁沙威瑪,Mars,在地嚮導 · 284 則評論 · 407 張相片,5 年前,4 顆星,"好吃
但真的排好久"
速立邁沙威瑪,Zhu Zhu,"在地嚮導 · 415 則評論 · 1,892 張相片",5 年前,5 顆星,先說數量 再說要不要特製 然後要不要提袋
速立邁沙威瑪,C.Y Mao,在地嚮導 · 181 則評論 · 185 張相片,5 年前,2 顆星,"脆的麵包皮
料有點少"
速立邁沙威瑪,心好,9 則評論 · 1 張相片,5 年前,2 顆星,"真的不用去排隊 不值得
要吃莎威瑪還是推新竹東門街"
速立邁沙威瑪,Jazz,在地嚮導 · 406 則評論 · 849 張相片,6 年前,3 顆星,麵包烤的表皮脆脆的 料還算多 口味也還不錯
速立邁沙威瑪,Dorry,在地嚮導 · 121 則評論 · 56 張相片,6 年前,3 顆星,麵包是脆，但講實在話排那麼久吃到感覺真的很普通……
速立邁沙威瑪,Tody,"在地嚮導 · 1,445 則評論 · 7,849 張相片",6 年前,3 顆星,"痾
真的過譽了
真的好吃的點就是再約麵包特別酥脆 …"
速立邁沙威瑪,小蛙蛙,在地嚮導 · 433 則評論 · 14 張相片,6 年前,5 顆星,口味蠻特別的。麵包很脆，但不喜歡的會覺得太乾，偏小，味道蠻喜歡
速立邁沙威瑪,陳建宇,"在地嚮導 · 209 則評論 · 3,007 張相片",6 年前,4 顆星,個人在台南最喜歡的沙威瑪
速立邁沙威瑪,Ivy Chen,在地嚮導 · 269 則評論 · 987 張相片,6 年前,5 顆星,麵包又脆又軟。餡料有洋蔥、雞肉和蔬菜。美味多汁。我喜歡它！
速立邁沙威瑪,Chen Yuan Wang,在地嚮導 · 295 則評論 · 519 張相片,7 年前,1 顆星,"不懂為什麼那麼多人排隊
麵包超級乾，不好吃，沒有什麼特色"
速立邁沙威瑪,Chiu Scott,在地嚮導 · 30 則評論 · 10 張相片,8 年前,2 顆星,那麼多部落客推薦，味道比路邊還差，不推薦來吃
麻糬-武聖店,alavi sadre anne jessica,在地嚮導 · 22 則評論 · 14 張相片,3 個月前,5 顆星,一位可愛的小女士，精心製作了多種口味的精美麻糬。我們點了12個什錦，有紅豆沙、花生、黑芝麻、芋頭和地瓜（我想）。出色的！所以如果你路過的話就去看她吧！
麻糬-武聖店,Shon Wu,在地嚮導 · 34 則評論 · 15 張相片,6 個月前,4 顆星,"每次去武聖夜市，都會經過，因為攤子不起眼，常常經過也不會買。但有次買綜合的，吃吃看，卻驚覺麻糬很好吃，現包現吃！皮很Q彈又軟，花生跟紅豆都很好吃！星期三跟六才有賣，星期五去都沒有買到！
買個100元都吃到很飽！很新鮮、不會像有的皮都很硬，很不Q，都像機器包的！"
麻糬-武聖店,邱鵬蓁,10 則評論,1 年前,5 顆星,超好吃  請問在那幾個夜市有排
麻糬-武聖店,辛奕萱,4 則評論 · 13 張相片,1 年前,5 顆星,看上面留言評論很高 去逛武聖順特別去買這家麻糬 先買一盒試吃 沒想到真的真的是這麼好吃.. 有驚艷到!!! 馬上又再去買了幾盒帶回家分享朋友... 真的好吃❤
麻糬-武聖店,E.C Chen,"在地嚮導 · 233 則評論 · 1,844 張相片",1 年前,5 顆星,老闆!! 你們真的太低調了啦!! Google也很難找到!! 建議先取一個不錯的店名讓大家好找~ 無意間買到你們攤的麻糬 ㄧ吃驚為天人!!! 我也是麻糬愛好者 吃過滿多地方的麻糬 不得不說你們這家實在是好吃到誇張!! 外皮那個軟嫩Q度跟嚼勁 ㄧ吃就知道這是很厲害的麻糬 整個塞進去 一直咀嚼 就慢慢入口即化 非常誇張.. 然後內餡各個口味也是塞好塞滿 整個融為一體. 尤其花生口味好吃到我回高雄還念念不忘..吃過你們家的麻糬讓我為了你們到武聖夜市又多了個理由😂 有買回去給朋友家人吃他們也說比花蓮有名的麻糬還好吃 長輩喜歡芝麻 一開始入口有芝麻偏苦的自然風味 但馬上就香甜味道慢慢上來~ 低調不起眼的攤位 但完全吃的出來是用心好好調理制作的美味小吃! 真的不要這麼低調 你們麻糬的好吃程度值得大力推薦!!!👍👍👍以後一定會每去一次必買一次!!!
螺王黃金露舌,周小明,在地嚮導 · 27 則評論 · 60 張相片,1 年前,5 顆星,"老闆很健談
東西好吃"
阿河豆乳雞豆乳翅,うちわ煮,在地嚮導 · 252 則評論 · 350 張相片,3 個月前,5 顆星,真是太好吃了。孩子很不高興。
阿河豆乳雞豆乳翅,愛吃的豬豬,117 則評論 · 377 張相片,1 年前,5 顆星,"這家豆乳雞真的很好吃
他的雞脖子比頂呱呱還好吃"
阿河豆乳雞豆乳翅,曼陀螺,"在地嚮導 · 1,201 則評論 · 31,569 張相片",1 年前,5 顆星,沒有吃過豆乳雞豆乳翅的朋友可以吃看看，中年人創業不易值得多多支持。推薦給在地鄉親及來武聖玩的朋友。
函館日式丼飯-台南武聖夜市店,頭份分隊,1 則評論,4 週前,5 顆星,
函館日式丼飯-台南武聖夜市店,Katie K,在地嚮導 · 18 則評論 · 12 張相片,2 個月前,1 顆星,"老闆請我們直接點餐不用寫單，結果比我們晚來的在兩分鐘內拿到餐點。我們坐了十分鐘，老闆都沒有發現自己沒有做餐。
當下沒有其他客人，令人不解怎麼會漏掉。"
函館日式丼飯-台南武聖夜市店,吳銘豪,在地嚮導 · 395 則評論 · 178 張相片,1 年前,5 顆星,
函館日式丼飯-台南武聖夜市店,黃楙棊,8 則評論 · 7 張相片,1 年前,5 顆星,
326臭臭鍋,皮小丘,"在地嚮導 · 221 則評論 · 3,056 張相片",8 個月前,5 顆星,
326臭臭鍋,曼陀螺,"在地嚮導 · 1,201 則評論 · 31,569 張相片",1 年前,5 顆星,CP值很高的小火鍋店，武聖必吃店家，推薦給各位。
326臭臭鍋,Olivia Chou,在地嚮導 · 53 則評論 · 122 張相片,1 年前,5 顆星,價格實惠，餐點好吃。熱門時段會很多人要耐心等待座位。值得一吃。
326臭臭鍋,金玉の旅遊部落格,"在地嚮導 · 266 則評論 · 1,689 張相片",1 年前,5 顆星,"幾年前在職訓上課的時候 剛好看到隱藏在夜市看起來CP值很高的小火鍋店 ！？
那天下課就特別約了職訓同學一起來吃 真的CP值很高 那時候一鍋牛雜+一碗白飯100元解決 完全是下課後的小確幸！
-
牛雜鍋給的牛雜一點也不小氣 還給了一大塊吸附滿滿湯頭的深坑臭豆腐 臭氣四溢超爽🤣
原本以為口味上會普普通通 吃完後認真覺得可以無限回購 加上帶了男朋友去吃也超喜歡！ 已經不知道買了幾次 從100元有找到現在140元了還是覺得很划算！
-
還有吃過什錦鍋、腸旺鍋、大腸鴨血鍋 價位上雖然有差別 如果對牛雜膩了真的可以試試大腸鴨血鍋 料超多 湯頭很清甜加辣更過癮 鴨血也不會說沒入味 大腸就像圖片中的一樣很大！大腸鴨血很超值😍
甚至現在最愛吃的是大腸鴨血鍋！ 可惜的是豆腐不是跟牛雜鍋一樣一大塊⋯不過也算多了！想吃少一點就可以點腸旺鍋🤤🤤
-
我都在善化夜市買的 離家裡比較近 這是第一間可以讓我突然想吃就騎摩托車去買的火鍋攤🤤
缺點大概只有每次都要等很久🫠  夏天竟然也是要等20分以上的😵
要吃到CP值高的餐點 付出一點勞力是值得的哈哈😂"
吉哆啦銅鑼燒,YZ Liam,127 則評論 · 3 張相片,1 個月前,5 顆星,讚！
吉哆啦銅鑼燒,陳燕生,2 則評論 · 17 張相片,7 個月前,5 顆星,
吉哆啦銅鑼燒,家誼,在地嚮導 · 14 則評論 · 7 張相片,10 個月前,5 顆星,
吉哆啦銅鑼燒,Huang睿鈺（Ray）,"在地嚮導 · 746 則評論 · 2,145 張相片",10 個月前,5 顆星,小銅鑼燒
吉哆啦銅鑼燒,微笑,13 則評論 · 2 張相片,1 年前,5 顆星,非常好吃的銅鑼燒🧡
吉哆啦銅鑼燒,小軟,"在地嚮導 · 132 則評論 · 1,100 張相片",1 年前,5 顆星,"最近很喜愛的銅鑼燒
12入100 6入60
有很多種口味選擇
單吃銅鑼燒不加料也好吃
比較偏乾 但我覺得還不錯 布丁奶油很不錯"
吉哆啦銅鑼燒,曼陀螺,"在地嚮導 · 1,201 則評論 · 31,569 張相片",1 年前,5 顆星,生意很好的銅鑼燒，排隊需要15分鐘，口味很多，餅皮不是我喜歡的那種，餡料不錯，推薦給大家試試。
35年老店現煎小鳥蛋（小志．武聖．宗霖）,Y I,"在地嚮導 · 1,846 則評論 · 9,946 張相片",10 個月前,5 顆星,"7顆$35
12顆$50

可以選擇兩種醬，這次點醬油膏跟海苔粉

他們的海苔粉是海苔鹽，有點過鹹😂"
2486辣脆腸,william (陳),在地嚮導 · 139 則評論 · 91 張相片,6 天前,1 顆星,老闆很厭世，東西沒有預想的好吃 沒味道
2486辣脆腸,鄭阿嵐,"在地嚮導 · 698 則評論 · 3,090 張相片",3 個月前,4 顆星,"🌸評論很差，但現場在地人很多，我還是排隊來試。先說結論：東西實在入味、好吃、便宜，蔬菜1份才20元，特別推薦蘿蔔、四季豆等。招牌脆腸個人覺得偏硬但可接受。
👉評論差是來自老闆「態度」，觀察現場只有1個人確實忙不過來，導致口氣比較不友善。建議至少可作購買告知事項（如夾1個代表1份、只能現場排等、要辣請先說等）來分攤些事務，可能會較佳。
➡️整體而言，下次再來武聖夜市，這家是回購名單。"
2486辣脆腸,Russell Tong,3 則評論 · 4 張相片,3 個月前,1 顆星,"脆腸真的超老 難吃到不行
老闆娘也超搞笑的 後面一堆人排隊放著不理 自己去擺弄食物 把食物左放到右 右放到左 袋子裡的湯汁倒一倒 一堆人看著她弄了十分鐘 硬是沒補貨 不知道在幹嘛 態度還超差 翻十個白眼🙄
沒吃過那麼難吃的脆腸"
2486辣脆腸,葉偉澤,"在地嚮導 · 273 則評論 · 3,110 張相片",4 個月前,5 顆星,不過不失
2486辣脆腸,黃阿莫,13 則評論 · 2 張相片,4 個月前,1 顆星,女的態度差 食物有夠普 值得六星評論
2486辣脆腸,Justin,在地嚮導 · 166 則評論 · 84 張相片,5 個月前,1 顆星,
2486辣脆腸,李惠珍,8 則評論 · 1 張相片,9 個月前,2 顆星,老闆娘很有個性，問了也不太回答不知道是幾個意思，其中點了一份筍片有算錢但整包滷味裡面卻只有我夾的那片真的很傻眼！
2486辣脆腸,黑暗（addq2211501）,15 則評論 · 8 張相片,9 個月前,5 顆星,超好吃 尤其是茭白筍
2486辣脆腸,Z L,在地嚮導 · 45 則評論 · 7 張相片,10 個月前,1 顆星,"脆腸沒了不會先說 要自己問
好不容易排到才說沒了
一副你要其他的就點其他的 不要就直接離開
要不要改名叫2486辣滷味"
2486辣脆腸,56施盈如,在地嚮導 · 40 則評論 · 25 張相片,11 個月前,5 顆星,
2486辣脆腸,Nicholas Lee,在地嚮導 · 34 則評論 · 17 張相片,1 年前,1 顆星,老闆娘真的很可悲。出來做生意怨氣那麼大做什麼？？沒人欠你，你是在兇什麼？怪不得看起來身體那麼差。可憐
2486辣脆腸,吳函育,10 則評論 · 3 張相片,1 年前,5 顆星,"老闆比較有原則
✔️盆子不能直接放在食物上
✔️夾一個就是要一份
✔️錢不能放桌上，因為桌上有食物
✔️可以調整醬料
整體來說，環境很乾淨，東西很便宜又好吃，排隊也很快！會再持續購買👍🏻"
2486辣脆腸,陳鏡方,在地嚮導 · 50 則評論 · 7 張相片,1 年前,5 顆星,"老闆娘態度 問答時不太耐煩
但東西好吃而且便宜 還是給了五星
肝連肉、豬心 40塊 給的蠻大塊
其他蔬菜、辣脆腸 吃起來也蠻新鮮的

一人作業 手腳算蠻快的
人不多去排的 前面三張單
大概等了5-6分鐘 還行"
2486辣脆腸,陳小麗,在地嚮導 · 24 則評論 · 7 張相片,1 年前,1 顆星,東西好吃，但是店員只有一位（她很忙碌，火氣也很大，態度不是很友善）真的要等超久，吃美食要有心理準備，如果老闆多點親切，客人應該也很願意等吧！！！！
2486辣脆腸,阿彣,在地嚮導 · 33 則評論 · 6 張相片,1 年前,1 顆星,
2486辣脆腸,M.H. Chiou,3 則評論 · 2 張相片,1 年前,1 顆星,排隊也不說排哪裡，根本隨便插隊隨便用搶的，等到一肚子氣，服務態度極差！
2486辣脆腸,花花,在地嚮導 · 53 則評論 · 18 張相片,1 年前,5 顆星,東西便宜！調味也很好吃！
京典酵素臭豆腐武聖店,陳灌希,在地嚮導 · 64 則評論 · 67 張相片,6 天前,3 顆星,"不酥也不脆也不臭服務態度很差沒有半個人購買 全部炸好在台上 胡椒粉要求多一點也捨不得撒 這種的酵素豆腐是酥脆超臭外酥內軟的
這家沒有一樣符合只有價錢是一致👍"
京典酵素臭豆腐武聖店,P Conor,在地嚮導 · 34 則評論 · 23 張相片,2 個月前,5 顆星,超 好 吃！
京典酵素臭豆腐武聖店,鄭阿嵐,"在地嚮導 · 698 則評論 · 3,090 張相片",3 個月前,4 顆星,不錯吃耶。外酥內嫩，炸得也不會刮嘴，豆腐也都很大塊，吃起來滿足。酵素應該是泡菜浸味，可推薦。
京典酵素臭豆腐武聖店,柴爸幸福吃喝,在地嚮導 · 192 則評論 · 957 張相片,7 個月前,4 顆星,"大100元

很酥脆但少了臭豆腐的臭味

普通還行"
京典酵素臭豆腐武聖店,戴小薇,8 則評論 · 1 張相片,9 個月前,4 顆星,在武聖夜市第一行，因為它的好處是他是用非基因改造的臭豆腐去做的，建議要吃的人可以早點去吃，比較不會吃到別人炸剩下的油
京典酵素臭豆腐武聖店,Chiu-hsia Liao,在地嚮導 · 113 則評論 · 265 張相片,1 年前,5 顆星,"炸豆腐外酥內嫩，胡椒粉很香
小份$70、大份$100
值得再訪😋"
京典酵素臭豆腐武聖店,Amber,在地嚮導 · 219 則評論 · 160 張相片,1 年前,1 顆星,長頭髮女生不知道在瞎忙什麼 ，要客人按照指示排隊然後其他人直接從前面插隊點餐？？有夠白癡的店家
臭YO薯（臭薯條）,吳昱緹,9 則評論 · 1 張相片,4 個月前,5 顆星,真的爆好吃！
臭YO薯（臭薯條）,eva wu,在地嚮導 · 18 則評論 · 5 張相片,2 年前,5 顆星,"第一次嚐鮮臭yo薯，很特別、很好吃
什麼最好吃呢？椒鹽、泰式、孜然"
臭YO薯（臭薯條）,sevenbee,7 則評論 · 11 張相片,2 年前,5 顆星,推薦椒鹽和泰式口味，值得一試喔～
臭YO薯（臭薯條）,朱修驛,在地嚮導 · 22 則評論,2 年前,5 顆星,
臭YO薯（臭薯條）,緋村梨絵,6 則評論,2 年前,5 顆星,
臭YO薯（臭薯條）,Chen Amanda,在地嚮導 · 23 則評論 · 3 張相片,2 年前,5 顆星,口味非常獨特好吃😋值得一吃再吃👍 …
臭YO薯（臭薯條）,calvin shi,在地嚮導 · 3 則評論 · 3 張相片,2 年前,5 顆星,經過買來試吃，口感蠻不錯的，會再蒞臨購買~
臭YO薯（臭薯條）,林孟民,4 則評論,2 年前,5 顆星,點了番茄和咖喱口味，都好吃😋 …
臭YO薯（臭薯條）,roan shin-an-,8 則評論 · 6 張相片,2 年前,5 顆星,
臭YO薯（臭薯條）,里見琴葉,7 則評論 · 8 張相片,2 年前,5 顆星,千萬不要試吃！！！因為試吃就會不小心又多買一包宵夜回家，怎麼能這麼好吃，下次還想再買🤤🤤🤤 …
臭YO薯（臭薯條）,Mei Mei,9 則評論 · 7 張相片,2 年前,5 顆星,推薦椒鹽和泰式口味真的很好吃，口感內軟外酥，新奇又特別，讓人一口接一口，一定會再回購的。
臭YO薯（臭薯條）,十二少,5 則評論,2 年前,5 顆星,本以為就是普通的臭豆腐，但試吃後～讚！既方便食用又好吃！
臭YO薯（臭薯條）,吳雅芳,在地嚮導 · 4 則評論 · 1 張相片,2 年前,5 顆星,
臭YO薯（臭薯條）,曾佰祥,,2 年前,5 顆星,
GMW96雞蛋臭豆腐,曼陀螺,"在地嚮導 · 1,201 則評論 · 31,569 張相片",1 年前,5 顆星,特殊口味，值得試試看。
一加一臭豆腐,張淳,在地嚮導 · 41 則評論 · 38 張相片,8 個月前,1 顆星,60元，慎選
一加一臭豆腐,蔣聲源,在地嚮導 · 97 則評論 · 505 張相片,11 個月前,2 顆星,聞起來香，但吃起來味道不行
一加一臭豆腐,買可樂高手,在地嚮導 · 38 則評論 · 17 張相片,1 年前,1 顆星,"態度非常差！
外帶的臭豆腐吃兩口就丟夜市垃圾桶了！"
一加一臭豆腐,星が輝く夜,在地嚮導 · 44 則評論 · 1 張相片,1 年前,4 顆星,滿讚的
一加一臭豆腐,哲哲,在地嚮導 · 19 則評論 · 2 張相片,1 年前,1 顆星,"要不是另一家打烊也不會來消費,臭豆腐量少泡菜更少,辣椒就不辣還要一直強調朝天椒,店家態度真夠差"
武聖真好味臭臭鍋,Alice,在地嚮導 · 52 則評論 · 67 張相片,2 週前,3 顆星,"牛肉鍋$170小貴
肉質不錯
環境不優，需等待"
武聖真好味臭臭鍋,Rain Ya,在地嚮導 · 45 則評論 · 13 張相片,4 週前,5 顆星,好吃
武聖真好味臭臭鍋,Teresa Lee,12 則評論 · 1 張相片,1 個月前,4 顆星,服務態度親切，火鍋好吃，價位實在
武聖真好味臭臭鍋,蔡永霖,在地嚮導 · 8 則評論 · 6 張相片,2 個月前,5 顆星,
武聖真好味臭臭鍋,鍾布丁,9 則評論 · 7 張相片,2 個月前,2 顆星,"常常會來的小火鍋店
今天外帶回家吃
飯吃到一半想說怎麼嘴巴刺刺的..
結果是很利的塑膠片……..

多給一顆星是因為店員很親切😂
但如果飯裡塑膠片這麼尖感覺很危險..
還好邊吃邊看影片吃很慢
不然吞下去就慘了

希望店家可以注意這方面問題"
武聖真好味臭臭鍋,李承翰,在地嚮導 · 47 則評論 · 4 張相片,3 個月前,5 顆星,嗚ㄚ
武聖真好味臭臭鍋,Ariel Ariel,在地嚮導 · 101 則評論 · 160 張相片,3 個月前,1 顆星,冬粉和科學麵居然沒分開，回家火鍋完全被吸乾，麵也都膨脹
武聖真好味臭臭鍋,沈依潔,在地嚮導 · 36 則評論 · 2 張相片,4 個月前,1 顆星,第一次買海鮮豆腐鍋 不知道現在物價這麼高 海鮮鍋沒有蝦子沒有蛤蜊 只有兩片機器切的魷魚……是還不錯吃 服務也很好 可是CP值好像不夠呢…
武聖真好味臭臭鍋,pu pu,8 張相片,5 個月前,1 顆星,
武聖真好味臭臭鍋,小小魚,在地嚮導 · 163 則評論 · 294 張相片,6 個月前,5 顆星,"餐點火鍋是不錯，覺得挺新鮮的，
就是那台飲料機，飲料味道都很奇怪....
店家說每天洗ㄝ，不知道為啥 飲料味道就是跟一般汽水都不同"
武聖真好味臭臭鍋,張靜茹,7 則評論 · 4 張相片,6 個月前,5 顆星,"店員很親切❤️
火鍋好吃😋湯頭超好喝👍"
武聖真好味臭臭鍋,ShuLin,在地嚮導 · 64 則評論 · 5 張相片,7 個月前,4 顆星,"海鮮鍋說沒有蝦子了換成蛤蜊，我也回覆OK
回家吃怎麼撈就只有2顆…現在海鮮鍋已經沒有蛤蜊了嗎🥹"
武聖真好味臭臭鍋,Kai Kai,2 則評論,8 個月前,1 顆星,食物中毒 住院4天 有待加強
武聖真好味臭臭鍋,W Ei,在地嚮導 · 23 則評論 · 8 張相片,8 個月前,1 顆星,8/5號 去外帶了一份泡菜火鍋 回家吃完後隔天送醫院 急性腸胃炎 細菌感染 整天就只吃了你們一個火鍋 ，看員工找錢都戴手套又戴著找錢的手套去撲火鍋料，我是覺得這樣衛生可能不太好。
武聖真好味臭臭鍋,王可（CoCo）,在地嚮導 · 42 則評論 · 83 張相片,9 個月前,5 顆星,"有素食火鍋與素食鍋燒♡
不吃蛋可以換菜～
店家很親切～讚讚的(⁎⁍̴̛ᴗ⁍̴̛⁎)ჱ̒"
武聖真好味臭臭鍋,檬,在地嚮導 · 51 則評論 · 89 張相片,9 個月前,5 顆星,牛奶鍋非常好吃，濃郁香醇～👍 …
武聖真好味臭臭鍋,DDD Wu,在地嚮導 · 119 則評論 · 149 張相片,10 個月前,2 顆星,"不知道為何分數可以來到4分多…
可能是因為，漂亮親切的短褲 店員姐姐們吧？
好湯頭.中型蛤蠣.沒了
.
工作結束來吃個晚餐，價格跟別家白飯、麵和點心吃到飽的不相上下.
加點的鴨血，切薄薄的，煮好一咬下去有奧味……沒到很重，但就是有.
吃到第二片，還是有奧味…算了，乾脆都不吃了，下班吃個飯整個心情更差了…
幸好湯只有一點點那個奧血的味道，喝掉一部份奧味的，剩下的湯算甜.
飲料口味只有2種.
看其他評論都是說價格便宜？？？？
是一般價格而已吧…？老實說…大呼過癮都比這個划算…"
武聖真好味臭臭鍋,綺檬子,12 則評論,10 個月前,5 顆星,真的用心在服務每位去用餐的客人，值得推薦各位去吃
武聖真好味臭臭鍋,陳呈呈,在地嚮導 · 81 則評論 · 148 張相片,11 個月前,5 顆星,
武聖真好味臭臭鍋,王弈詠,在地嚮導 · 20 則評論 · 4 張相片,11 個月前,5 顆星,湯頭喝得出來真材實料熬的，豆腐很好吃，價位比起其他小火鍋店便宜👍🏻
武聖真好味臭臭鍋,喜臨,在地嚮導 · 43 則評論 · 1 張相片,11 個月前,1 顆星,"爛死了，明明點餐付錢時交代用塑膠袋裝就好、店員也確認不用給紙碗？我也說好！
拿到時依舊是紙碗裝、我心想算了、都裝好了也不好意思在讓倒出來，回家放著洗個澡出來發現底部已濕軟、拿個鍋子想倒出來換個碗吃、一拿起來整個傾瀉而出、衣服桌上腳上全都是火鍋湯料、真的心情有夠差"
武聖真好味臭臭鍋,喵兒呼,在地嚮導 · 69 則評論 · 4 張相片,11 個月前,5 顆星,很好吃的小火鍋 價格便宜 態度又親切
武聖真好味臭臭鍋,Zolio守豐,在地嚮導 · 85 則評論 · 175 張相片,1 年前,5 顆星,
武聖真好味臭臭鍋,Leo Chen,在地嚮導 · 211 則評論 · 18 張相片,1 年前,5 顆星,先不說好不好吃，但裡面的帥哥美女服務真是佳，進去離開都會打招呼，這就打趴許多店。餐點就是一般小火鍋，有飲料喝到飽，服務好就會再回訪的店
武聖真好味臭臭鍋,老子警告你,在地嚮導 · 26 則評論 · 25 張相片,1 年前,1 顆星,"一個海鮮鍋140
兩顆蛤蠣都沒開
不曉得煮的人這麼隨便
都不需要檢查嗎？
傻眼🙄"
武聖真好味臭臭鍋,陳亨展,7 則評論 · 3 張相片,1 年前,3 顆星,剛才叫沙茶豬鍋，沒放沙茶
武聖真好味臭臭鍋,均Ling,3 則評論,1 年前,5 顆星,起司牛奶鍋超讚
武聖真好味臭臭鍋,丸子,在地嚮導 · 18 則評論 · 29 張相片,1 年前,5 顆星,最愛麻辣冬粉
武聖真好味臭臭鍋,sbear Li,在地嚮導 · 35 則評論 · 25 張相片,1 年前,5 顆星,"消費時間2023/12/1 晚上八點
外帶原味湯底回家煮牛肉火鍋，大家都很喜歡這個湯頭，之前在店內吃鍋就覺得湯頭很讚，沒想到湯底依然這麼厲害。員工很有朝氣，速度快，笑臉迎人，收費態度謹慎，顏值高。👍"
武聖真好味臭臭鍋,Kiwi Liu,1 則評論 · 3 張相片,1 年前,1 顆星,太不衛生了，怎麼會有木材，還這麼多，麻煩注重一下衛生可以嗎？😡
武聖真好味臭臭鍋,。祤,在地嚮導 · 21 則評論 · 5 張相片,1 年前,5 顆星,養生羊肉鍋，泡菜鍋跟海鮮鍋都很好吃，重點是服務超親切的，而且也很便宜還吃的飽！又開的很晚，超讚的😍
武聖真好味臭臭鍋,賴甫齊,在地嚮導 · 256 則評論 · 30 張相片,1 年前,5 顆星,平價又實惠的小火鍋，湯頭美味！用餐時段需等候，可以電話預訂再去拿，很方便。
武聖真好味臭臭鍋,TONY YAN,"在地嚮導 · 322 則評論 · 1,557 張相片",1 年前,4 顆星,
武聖真好味臭臭鍋,小羊,19 則評論 · 3 張相片,1 年前,5 顆星,好吃！從小吃到大
武聖真好味臭臭鍋,Patty Lin,36 則評論 · 36 張相片,1 年前,5 顆星,"今天下班突然很想吃火鍋🍲
四點多剛到，店家應該剛營業，詢問店家營業了嗎？店員很客氣說可以點餐，點了一鍋養身羊肉鍋做外帶…
餐點好了之後，店員貼心提醒：外帶很燙要小心😊
拿完餐點，老闆和店員很熱情說掰掰👋
回到家，喝了一口湯，原以為是咖啡色中藥那種味道，湯是乳白色的，喝下去有淡淡的中藥味，重點是清爽的，沒有味素那種喝完很口渴…
真心覺得吃上小小鍋，店家服務態度很好👌
推一個😊"
武聖真好味臭臭鍋,Stacy Hung,在地嚮導 · 39 則評論 · 14 張相片,1 年前,5 顆星,泡菜鍋的味道很夠，不想吃飯還可以換冬粉或菜，好吃!!!
武聖真好味臭臭鍋,Terence Huang (阿囧二世),在地嚮導 · 51 則評論 · 22 張相片,1 年前,5 顆星,親切好吃
武聖真好味臭臭鍋,星が輝く夜,在地嚮導 · 44 則評論 · 1 張相片,1 年前,4 顆星,很好吃 店員人很好🫶 …
武聖真好味臭臭鍋,蔡惠鈴,10 則評論 · 2 張相片,1 年前,5 顆星,
武聖真好味臭臭鍋,尤冠柏,2 則評論,1 年前,5 顆星,臭臭鍋
武聖真好味臭臭鍋,玉珍白,8 則評論 · 10 張相片,1 年前,2 顆星,
武聖真好味臭臭鍋,蘇文賢,在地嚮導 · 353 則評論 · 574 張相片,1 年前,3 顆星,有蔥加分！還不錯吃！
武聖真好味臭臭鍋,C.W LEE,在地嚮導 · 185 則評論,1 年前,3 顆星,
武聖真好味臭臭鍋,蔡培芬,在地嚮導 · 65 則評論 · 1 張相片,1 年前,4 顆星,
武聖真好味臭臭鍋,張光信 Rex,在地嚮導 · 14 則評論 · 11 張相片,1 年前,5 顆星,真的好吃
武聖真好味臭臭鍋,Nan Hsiang Yeh,16 則評論 · 15 張相片,1 年前,5 顆星,鍋類口味多好吃，生意很好，員工服務態度也很好
武聖真好味臭臭鍋,陳羿亨,5 則評論,1 年前,4 顆星,
武聖真好味臭臭鍋,郭承禹,"在地嚮導 · 132 則評論 · 1,937 張相片",2 年前,5 顆星,"平價美味的火鍋店
可以內用也可以外帶
料多味美實在"
武聖真好味臭臭鍋,高婉茹,在地嚮導 · 217 則評論 · 213 張相片,2 年前,4 顆星,
武聖真好味臭臭鍋,朱桂儂,在地嚮導 · 21 則評論 · 32 張相片,2 年前,5 顆星,
武聖真好味臭臭鍋,鄭琮維,"在地嚮導 · 648 則評論 · 8,336 張相片",2 年前,4 顆星,"112年2/12 天氣越來越暖了，趕緊來一鍋~
°°4 °°西瓜綿多利魚鍋 酸溜酸溜的~就是愛這味~
^_›^                                                ^‹_^
112年1/5 很久後的再訪，醬料無限的店越來越少了，還好這一直沒變！
#3 #西瓜綿多利魚鍋 就是愛西瓜綿這味！酸溜酸溜的~
^_›^                                                ^‹_^
111年10/20 又到了適合吃鍋的季節，這間可是附近相當火紅的火鍋店，內用、外帶、外送不斷，環境就像一般的臭臭鍋店，醬料飲料無限量，有冷氣洗手間，老闆和店員都超友善有禮
#西瓜綿多利魚鍋 這的西瓜綿酸勁十足，鍋物內容都可隨意調整，火鍋料多樣、蔬菜多、肉片、蛤蜊等料豐
單點食材也很實惠，平價又實惠的好鍋店"
武聖真好味臭臭鍋,邱嘉欣,在地嚮導 · 297 則評論 · 19 張相片,2 年前,5 顆星,這間臭臭鍋超好吃的喔！
武聖真好味臭臭鍋,黃婷莉,在地嚮導 · 14 則評論 · 12 張相片,2 年前,5 顆星,
武聖真好味臭臭鍋,呂宜芳Candy老師奕靜媽咪,在地嚮導 · 22 則評論 · 3 張相片,2 年前,5 顆星,"我點素食烏龍麵
有蛋和滿滿烏龍麵
還附鍋子煮

湯頭很好喝
醬料很到位
服務很親近
平價實惠的好選擇！"
武聖真好味臭臭鍋,錢修哥,在地嚮導 · 20 則評論 · 1 張相片,2 年前,5 顆星,"超級好吃😋
湯頭好喝！
泡菜鍋、海鮮鍋、南洋鍋一流的好吃 …"
武聖真好味臭臭鍋,Zhang,在地嚮導 · 129 則評論 · 20 張相片,2 年前,4 顆星,"超級好吃
點了西瓜棉多利魚鍋
湯頭有夠濃！很可以 …"
武聖真好味臭臭鍋,許家豪,在地嚮導 · 2 則評論,2 年前,5 顆星,
武聖真好味臭臭鍋,莊荔茗,233 則評論 · 115 張相片,2 年前,5 顆星,喜歡吃個人小鍋的這裡的湯頭可以喔
武聖真好味臭臭鍋,葉國秋,在地嚮導 · 4 則評論 · 82 張相片,2 年前,5 顆星,
武聖真好味臭臭鍋,林昌為,"在地嚮導 · 690 則評論 · 3,014 張相片",2 年前,4 顆星,很普通的火鍋店
武聖真好味臭臭鍋,洪婉珊,16 則評論 · 8 張相片,2 年前,2 顆星,海鮮鍋沒放蝦子進去
武聖真好味臭臭鍋,Jane Tsai,13 則評論,2 年前,4 顆星,
武聖真好味臭臭鍋,黃億利,在地嚮導 · 43 則評論 · 320 張相片,2 年前,5 顆星,
武聖真好味臭臭鍋,甘純萍,6 則評論 · 14 張相片,2 年前,5 顆星,
武聖真好味臭臭鍋,楊蕙芳,在地嚮導 · 13 則評論 · 3 張相片,2 年前,5 顆星,
武聖真好味臭臭鍋,郭志翔,4 則評論 · 2 張相片,2 年前,1 顆星,想先打電話叫火鍋店家常常把電話拿起來不給客人打進去
武聖真好味臭臭鍋,黃雙兒,在地嚮導 · 20 則評論,2 年前,5 顆星,"武聖元老珍好味，改名「真」好味
雖改名了，口味一樣讚，大推，在地平價小鍋"
武聖真好味臭臭鍋,Kavana陳俊瑋,在地嚮導 · 214 則評論 · 597 張相片,2 年前,5 顆星,"離家不遠
附近雖然蠻多火鍋店
但還是這家比較有人情味
口味也好吃"
武聖真好味臭臭鍋,Jason (Jason),在地嚮導 · 79 則評論 · 22 張相片,2 年前,2 顆星,
武聖真好味臭臭鍋,Mi Mi,在地嚮導 · 48 則評論 · 20 張相片,2 年前,2 顆星,"泡菜鍋無味，完全沒辣沒味道 ...
肉三片 菜多
料少「無味無味無味無味」.......
希望店家能再加油💪 …"
武聖真好味臭臭鍋,郭千雯,在地嚮導 · 331 則評論 · 610 張相片,2 年前,5 顆星,120元 料多
武聖真好味臭臭鍋,Chai Ni Lin,在地嚮導 · 12 則評論 · 9 張相片,2 年前,5 顆星,我們是有感健身，上次訂後同事驚為天人尤其是吃麻辣鍋的同事說吃到小時候的湯頭。是一家很用心料理的好店，非常推薦！
武聖真好味臭臭鍋,ALWAYS要生活,在地嚮導 · 106 則評論 · 183 張相片,2 年前,3 顆星,"有經過會來吃的一間火鍋。
8/7叫外送沒有加魚冊"
武聖真好味臭臭鍋,Shinmi,在地嚮導 · 111 則評論 · 334 張相片,2 年前,5 顆星,沒有高級的環境、也沒有冰淇淋，但這家小火鍋的湯頭有奇特的魔力，讓人一吃就上癮。很久沒吃就是會懷念😋 …
武聖真好味臭臭鍋,黃淑銘,在地嚮導 · 5 則評論 · 40 張相片,2 年前,5 顆星,
武聖真好味臭臭鍋,VIVI,在地嚮導 · 25 則評論,2 年前,5 顆星,
武聖真好味臭臭鍋,劉昌盛,在地嚮導 · 86 則評論 · 7 張相片,2 年前,4 顆星,
武聖真好味臭臭鍋,Annie Cheng,在地嚮導 · 28 則評論 · 64 張相片,2 年前,4 顆星,
武聖真好味臭臭鍋,TITO LIU,在地嚮導 · 31 則評論 · 188 張相片,2 年前,5 顆星,
武聖真好味臭臭鍋,胡善淇,在地嚮導 · 55 則評論 · 7 張相片,2 年前,4 顆星,
武聖真好味臭臭鍋,蘇小豪,在地嚮導 · 2 則評論 · 2 張相片,2 年前,5 顆星,
武聖真好味臭臭鍋,h H,15 則評論,2 年前,3 顆星,
武聖真好味臭臭鍋,曾Jimmy,在地嚮導 · 137 則評論 · 91 張相片,2 年前,5 顆星,"常常來買 還不錯的小火鍋店！
而且工作人員所有的人都超有禮貌的 …"
武聖真好味臭臭鍋,weizhe Zhou,"在地嚮導 · 145 則評論 · 3,162 張相片",3 年前,4 顆星,
武聖真好味臭臭鍋,劉志民（豆豆）,在地嚮導 · 2 則評論 · 1 張相片,3 年前,5 顆星,
武聖真好味臭臭鍋,Mo On,6 則評論 · 4 張相片,3 年前,5 顆星,
武聖真好味臭臭鍋,如妹妹,10 則評論 · 1 張相片,3 年前,5 顆星,好吃😋 …
武聖真好味臭臭鍋,Xiang (Sam),在地嚮導 · 73 則評論 · 104 張相片,3 年前,4 顆星,
武聖真好味臭臭鍋,陳立庭,在地嚮導 · 134 則評論 · 346 張相片,3 年前,4 顆星,
武聖真好味臭臭鍋,Ester Tsai,在地嚮導 · 56 則評論 · 332 張相片,3 年前,5 顆星,
武聖真好味臭臭鍋,王雅俊,在地嚮導 · 135 則評論 · 5 張相片,3 年前,5 顆星,
武聖真好味臭臭鍋,郭政洋,在地嚮導 · 1 則評論,3 年前,5 顆星,
武聖真好味臭臭鍋,fe fe,在地嚮導 · 188 則評論 · 603 張相片,3 年前,5 顆星,
武聖真好味臭臭鍋,顏培真,9 則評論 · 7 張相片,3 年前,5 顆星,
武聖真好味臭臭鍋,郭志翔,1 則評論,3 年前,1 顆星,晚上打電話外帶店家故意不接電話
武聖真好味臭臭鍋,慈慈,7 則評論 · 6 張相片,3 年前,5 顆星,"算便宜又好吃
南瓜牛奶+芋頭 我的最愛"
武聖真好味臭臭鍋,IU小豬,10 則評論 · 1 張相片,3 年前,5 顆星,泡菜鍋味道超好吃😋、三媽完全比不上
武聖真好味臭臭鍋,CheChia Hsu,在地嚮導 · 41 則評論 · 32 張相片,3 年前,4 顆星,
武聖真好味臭臭鍋,陳瑜姍,在地嚮導 · 23 則評論 · 2 張相片,3 年前,5 顆星,
武聖真好味臭臭鍋,李Doreen,在地嚮導 · 278 則評論 · 465 張相片,3 年前,5 顆星,好吃
武聖真好味臭臭鍋,佳樺,4 則評論 · 1 張相片,3 年前,1 顆星,外帶人多需等待我接受，但明明單上有加點料，錢都收了，回到家後才發現跟本沒有加到，就算東西不錯吃，出這種錯誤，感覺真的很差。
武聖真好味臭臭鍋,林良,在地嚮導 · 28 則評論 · 21 張相片,3 年前,5 顆星,好吃
武聖真好味臭臭鍋,Shang Chen,在地嚮導 · 66 則評論 · 27 張相片,3 年前,5 顆星,非常好吃，湯頭好喝👍👍 …
武聖真好味臭臭鍋,陳楷霖,在地嚮導 · 9 則評論 · 1 張相片,3 年前,5 顆星,很好吃整體很不錯
武聖真好味臭臭鍋,滋瀅林,2 則評論,3 年前,1 顆星,"海鮮豆腐鍋，看不到海鮮，外送一個還要150，真的是太誇張了
裡面料也少的可以"
武聖真好味臭臭鍋,鄭Jenny,在地嚮導 · 78 則評論 · 7 張相片,3 年前,4 顆星,
武聖真好味臭臭鍋,Dylan Chen,"在地嚮導 · 311 則評論 · 1,313 張相片",3 年前,5 顆星,海鮮意麵超好吃！！湯頭很棒！
武聖真好味臭臭鍋,WW W,1 則評論 · 1 張相片,3 年前,1 顆星,
武聖真好味臭臭鍋,八神隆至,3 則評論,3 年前,1 顆星,今天點四個鍋，電話上講的很清楚還重覆一次!結果四個鍋有一個鍋做錯，兩個少放加點的東西還收了錢，本來開心用餐的心情都沒了😩😩😩 …
武聖真好味臭臭鍋,Jane,在地嚮導 · 125 則評論 · 637 張相片,3 年前,5 顆星,"火鍋口味選擇很多👍
湯頭很不錯、份量也很足👍
外帶了幾次都吃的很開心～ …"
武聖真好味臭臭鍋,李貞誼,2 則評論,3 年前,5 顆星,
武聖真好味臭臭鍋,阿彣,在地嚮導 · 33 則評論 · 6 張相片,4 年前,4 顆星,
武聖真好味臭臭鍋,楊志忠,在地嚮導 · 5 則評論 · 71 張相片,4 年前,4 顆星,
武聖真好味臭臭鍋,一一,1 則評論,4 年前,1 顆星,在平台上點這家的餐點結果2碗火鍋的紙碗從底部破裂，料及及菜及湯都漏到袋子裡面，跟隔層紙板紙碗混在一起，根本不能吃了，真的傻眼，希望店家能重視這個區塊，不然訂了餐點卻不能吃卻要餓肚子真無奈。
武聖真好味臭臭鍋,蔡閔豐,6 則評論 · 5 張相片,4 年前,5 顆星,
武聖真好味臭臭鍋,H,在地嚮導 · 23 則評論 · 7 張相片,4 年前,5 顆星,
武聖真好味臭臭鍋,王清文,2 則評論,4 年前,4 顆星,
武聖真好味臭臭鍋,瓊稻穗宮原,在地嚮導 · 209 則評論 · 116 張相片,4 年前,5 顆星,
武聖真好味臭臭鍋,陳雅苓,6 則評論,4 年前,4 顆星,工作人員親切，備餐速度也快!
武聖真好味臭臭鍋,鄭永宥,在地嚮導 · 23 則評論,4 年前,5 顆星,
武聖真好味臭臭鍋,吳澤興,在地嚮導 · 35 則評論 · 4 張相片,4 年前,5 顆星,吃南瓜牛奶鍋，湯頭很合我口味，濃濃的牛奶加蔬菜甘甜味
武聖真好味臭臭鍋,N N,在地嚮導 · 72 則評論 · 37 張相片,4 年前,5 顆星,
武聖真好味臭臭鍋,曾欲哲,在地嚮導 · 10 則評論 · 5 張相片,4 年前,5 顆星,"湯頭比永康的珍好味好吃
量多味鮮，只是天氣冷的時候
要等很久"
武聖真好味臭臭鍋,Lucas,"在地嚮導 · 43 則評論 · 8,249 張相片",4 年前,3 顆星,
武聖真好味臭臭鍋,Ting Chien,在地嚮導 · 32 則評論 · 3 張相片,4 年前,4 顆星,
武聖真好味臭臭鍋,洪振銘,在地嚮導 · 53 則評論 · 25 張相片,4 年前,4 顆星,
武聖真好味臭臭鍋,00 00,在地嚮導 · 27 則評論,4 年前,1 顆星,店家自己疏失漏放泡菜，還好意思打電話叫外送員折返拿取，而且一句道歉都沒有，十分惡劣
武聖真好味臭臭鍋,蘇小俊,在地嚮導 · 7 則評論,4 年前,5 顆星,
武聖真好味臭臭鍋,邱阿毛,在地嚮導 · 41 則評論 · 2 張相片,4 年前,2 顆星,不怎麼樣
武聖真好味臭臭鍋,今剛宸,在地嚮導 · 436 則評論 · 343 張相片,4 年前,4 顆星,口味比較大眾化
武聖真好味臭臭鍋,林絹琄（貓咪不吃魚）,6 則評論 · 1 張相片,4 年前,5 顆星,好吃又便宜，工作人員都很親切
武聖真好味臭臭鍋,林永欽,在地嚮導 · 149 則評論 · 447 張相片,4 年前,3 顆星,平價火鍋店
武聖真好味臭臭鍋,張政宏,在地嚮導 · 196 則評論 · 825 張相片,4 年前,3 顆星,
武聖真好味臭臭鍋,金鑫,在地嚮導 · 6 則評論 · 12 張相片,5 年前,5 顆星,
武聖真好味臭臭鍋,Penny Chou,在地嚮導 · 170 則評論 · 303 張相片,5 年前,4 顆星,"湯頭不錯，喝完不會感覺口渴
我點大腸臭臭鍋，
大腸份量還算剛好，臭豆腐有四塊，
火鍋料鑫鑫腸、兩顆不同口味的小丸子
如果可以換掉鑫鑫腸應該會好點
鑫鑫腸不管怎麼煮，都是那個味道
實在不適合放進火鍋"
武聖真好味臭臭鍋,陳俊達,在地嚮導 · 14 則評論 · 57 張相片,5 年前,4 顆星,
武聖真好味臭臭鍋,奧斯摩比,1 則評論 · 1 張相片,5 年前,4 顆星,
武聖真好味臭臭鍋,蔡議賢,在地嚮導 · 61 則評論 · 4 張相片,5 年前,4 顆星,平價 東西不錯吃
武聖真好味臭臭鍋,冠兆陳,在地嚮導 · 299 則評論 · 73 張相片,5 年前,5 顆星,讚  好吃
武聖真好味臭臭鍋,Jaes Chen,在地嚮導 · 23 則評論 · 183 張相片,5 年前,4 顆星,
武聖真好味臭臭鍋,Yolanda,在地嚮導 · 88 則評論 · 1 張相片,5 年前,4 顆星,
武聖真好味臭臭鍋,王禎憶,4 則評論,5 年前,4 顆星,
武聖真好味臭臭鍋,HSUAN LEE,在地嚮導 · 50 則評論 · 306 張相片,5 年前,4 顆星,
武聖真好味臭臭鍋,羅莉塔,6 則評論 · 1 張相片,5 年前,4 顆星,
武聖真好味臭臭鍋,賴進銘,1 則評論 · 1 張相片,5 年前,5 顆星,
武聖真好味臭臭鍋,張翔麟（翔）,在地嚮導 · 21 則評論 · 242 張相片,5 年前,3 顆星,
武聖真好味臭臭鍋,真的哦,在地嚮導 · 800 則評論 · 167 張相片,5 年前,4 顆星,跟總店比食材吃起來較沒總店的新鮮，配料也比總店多，總店讓我驚艷，但分店也可以屌打3媽了
武聖真好味臭臭鍋,蔡芸苗,在地嚮導 · 25 則評論 · 13 張相片,5 年前,5 顆星,
武聖真好味臭臭鍋,林宗賢,"在地嚮導 · 311 則評論 · 1,052 張相片",5 年前,5 顆星,好吃
武聖真好味臭臭鍋,鄭雅方,在地嚮導 · 13 則評論 · 17 張相片,5 年前,4 顆星,湯頭好喝，還會回訪的店
武聖真好味臭臭鍋,林士峯,在地嚮導 · 10 則評論 · 25 張相片,5 年前,5 顆星,
武聖真好味臭臭鍋,張慧如,在地嚮導 · 38 則評論 · 12 張相片,5 年前,4 顆星,好吃
武聖真好味臭臭鍋,戴國峰,在地嚮導 · 16 則評論 · 26 張相片,5 年前,2 顆星,
武聖真好味臭臭鍋,Binpee餅皮,在地嚮導 · 52 則評論 · 15 張相片,5 年前,4 顆星,
武聖真好味臭臭鍋,陳真茹,1 則評論 · 6 張相片,5 年前,4 顆星,
武聖真好味臭臭鍋,李李季芳,7 則評論,5 年前,5 顆星,"真好味臭臭鍋真的湯頭不錯好吃^^
我是可以天天吃火鍋的人這間必推"
武聖真好味臭臭鍋,陳韶恩,10 則評論 · 4 張相片,5 年前,5 顆星,
武聖真好味臭臭鍋,陳比,10 則評論 · 3 張相片,5 年前,5 顆星,
武聖真好味臭臭鍋,婕瑀,在地嚮導 · 130 則評論 · 2 張相片,6 年前,5 顆星,我喜歡他的湯頭，不會很加工哦
武聖真好味臭臭鍋,陳拉拉,11 則評論,6 年前,5 顆星,
武聖真好味臭臭鍋,沈揚理,在地嚮導 · 42 則評論 · 10 張相片,6 年前,5 顆星,
武聖真好味臭臭鍋,柔依,在地嚮導 · 179 則評論 · 215 張相片,6 年前,4 顆星,料多湯頭好、便宜110-190元/鍋，人蠻多的
武聖真好味臭臭鍋,等不及,在地嚮導 · 26 則評論 · 10 張相片,6 年前,5 顆星,
武聖真好味臭臭鍋,蔡禮安,1 則評論,6 年前,5 顆星,
武聖真好味臭臭鍋,黃志誠,在地嚮導 · 69 則評論 · 11 張相片,6 年前,5 顆星,味道美。價格實在。
武聖真好味臭臭鍋,安平伍哥,"在地嚮導 · 679 則評論 · 4,985 張相片",6 年前,4 顆星,好吃的
武聖真好味臭臭鍋,葉天宏（台南大叔）,在地嚮導 · 150 則評論 · 181 張相片,6 年前,3 顆星,
武聖真好味臭臭鍋,Mckenna Kuo,在地嚮導 · 161 則評論 · 24 張相片,6 年前,5 顆星,便宜好吃~店裡人都很親切，武聖路平價火鍋首選!
武聖真好味臭臭鍋,林正順,在地嚮導 · 49 則評論 · 19 張相片,6 年前,5 顆星,湯頭很鮮甜 用料也很實在
武聖真好味臭臭鍋,范建豐,在地嚮導 · 19 則評論 · 1 張相片,6 年前,5 顆星,
武聖真好味臭臭鍋,elizabeth goh,在地嚮導 · 24 則評論 · 13 張相片,6 年前,5 顆星,當我們在細雨中尋求庇護時，偶然發現了這個地方。我們吃了南瓜牛奶火鍋和日本蘑菇火鍋。兩者都非常美味和健康，因為有許多成分，如肉、雞蛋和蔬菜。我有沒有提到它很實惠，因為每個大約 6 新元。
武聖真好味臭臭鍋,陳南宏（鋐煜）,在地嚮導 · 16 則評論 · 4 張相片,6 年前,5 顆星,
武聖真好味臭臭鍋,林姿華,在地嚮導 · 116 則評論 · 329 張相片,6 年前,5 顆星,
武聖真好味臭臭鍋,Id Chang,在地嚮導 · 48 則評論 · 9 張相片,6 年前,1 顆星,泡菜鍋，料非常少⋯⋯非常非常，九成都是高麗菜。
武聖真好味臭臭鍋,chung lin,在地嚮導 · 563 則評論 · 26 張相片,6 年前,3 顆星,人多才開冷氣
武聖真好味臭臭鍋,歐安崔,,6 年前,1 顆星,
武聖真好味臭臭鍋,さだこ,在地嚮導 · 51 則評論 · 26 張相片,6 年前,5 顆星,便宜好吃
武聖真好味臭臭鍋,路易斯米豆,"在地嚮導 · 323 則評論 · 2,130 張相片",6 年前,4 顆星,"平價火鍋口味還不錯，
素食的選擇也算多，
除了普通的素食鍋、素食養生鍋外，
還有牛奶、番茄、起司牛奶等口味，
若覺得火鍋份量較大，也有素食鍋燒意麵可以選擇。

附圖裡面的老闆每次去都很親切熱情招呼，
若素食和葷食同時在檯面上烹煮，
也會換湯匙攪拌，滿用心的。"
武聖真好味臭臭鍋,黃酩訓,在地嚮導 · 7 則評論 · 4 張相片,7 年前,4 顆星,
武聖真好味臭臭鍋,Yunhsien SU,在地嚮導 · 442 則評論 · 641 張相片,7 年前,4 顆星,還不錯吃的小火鍋
三輪車大腸香腸,chung lin,在地嚮導 · 563 則評論 · 26 張相片,10 個月前,2 顆星,大腸很鹹 配料沒了都沒補
三輪車大腸香腸,simon yang,"在地嚮導 · 202 則評論 · 1,034 張相片",1 年前,4 顆星,"很有味道的攤車
大腸和香腸切塊
然後配料自己夾
生意很好
不過醬油膏是甜的
我真的不行
🤣"
大腸包小腸 ( 武聖夜市 ),ㄚ鴻遊趣,"在地嚮導 · 1,458 則評論 · 9,103 張相片",2 個月前,3 顆星,排隊店，幾年前買過，這次再買後應該不會再忘記跳過了，一般般食物，主要還是配菜再吸引人吧，cp值不高。
大腸包小腸 ( 武聖夜市 ),CYT,"在地嚮導 · 726 則評論 · 2,066 張相片",3 個月前,5 顆星,"2024.12 價格
自選配料
陳記是煎 兩家都不錯吃
看你想要陳記30+30包一起還是這家切好自己抓配料"
大腸包小腸 ( 武聖夜市 ),鍾昭祥,"在地嚮導 · 76 則評論 · 2,112 張相片",5 個月前,4 顆星,
大腸包小腸 ( 武聖夜市 ),Hao (Hao),"在地嚮導 · 570 則評論 · 1,634 張相片",9 個月前,4 顆星,好吃九層塔和配料很多，可惜昨日去時已經沒大腸
大腸包小腸 ( 武聖夜市 ),J R,在地嚮導 · 57 則評論 · 24 張相片,9 個月前,5 顆星,不是傳統大腸包小腸，是切小塊的，小份70（約香腸米腸各一條）、大份140，米腸很好吃，腸衣不會像橡皮筋，很容易咬，可以自己加爆配料（四種：辣椒蘿蔔、小黃瓜蘿蔔、辣椒洋蔥、蒜片洋蔥），但70元一份還是偏貴😔 …
大腸包小腸 ( 武聖夜市 ),蔡大大,"在地嚮導 · 744 則評論 · 7,853 張相片",9 個月前,5 顆星,香腸與大腸應該自家做的有誠意，特別的是用剪炒的，並提供好幾種配菜自行添加，很不錯。
大腸包小腸 ( 武聖夜市 ),黑暗（addq2211501）,15 則評論 · 8 張相片,9 個月前,5 顆星,超好吃的 大家一定要來試試看
大腸包小腸 ( 武聖夜市 ),Ceques Woo,在地嚮導 · 227 則評論 · 927 張相片,10 個月前,4 顆星,當然要買大盒的140元，配上小黃瓜解膩
大腸包小腸 ( 武聖夜市 ),chung lin,在地嚮導 · 563 則評論 · 26 張相片,10 個月前,2 顆星,大腸很鹹 配料沒了都沒補
大腸包小腸 ( 武聖夜市 ),庚庚,在地嚮導 · 33 則評論 · 13 張相片,2 年前,1 顆星,感覺味道和之前差很多，大腸有不熟悉的味道，配料味道也不同，蒜片的味道竟然是酸酸的….。
大腸包小腸 ( 武聖夜市 ),Thundias Wang,"在地嚮導 · 811 則評論 · 3,724 張相片",2 年前,4 顆星,"米腸跟香腸口味普通
但是配料超有水準"
大腸包小腸 ( 武聖夜市 ),吳柏承,在地嚮導 · 41 則評論 · 4 張相片,2 年前,5 顆星,配料超搭，九層塔、蒜片、洋蔥、小黃瓜配著香腸米腸一起吃很讚
大腸包小腸 ( 武聖夜市 ),Alidia Lee,"在地嚮導 · 354 則評論 · 3,212 張相片",4 年前,4 顆星,米腸好吃 有Q 香腸稍微普通 沒什麼味道 自行調味的洋蔥有辣很好吃👍🏻 …
大腸包小腸 ( 武聖夜市 ),Rita Cheng,在地嚮導 · 31 則評論 · 60 張相片,4 年前,4 顆星,
大腸包小腸 ( 武聖夜市 ),Oakley Yu,在地嚮導 · 36 則評論 · 51 張相片,4 年前,1 顆星,"天氣熱心情不好能理解
口氣態度就不能好一點"
大腸包小腸 ( 武聖夜市 ),雲淡風清,在地嚮導 · 68 則評論 · 2 張相片,4 年前,4 顆星,有加九層塔味道更好吃，若加辣，辣椒味道特別。
大腸包小腸 ( 武聖夜市 ),Memento Mori,"在地嚮導 · 1,488 則評論 · 5,904 張相片",4 年前,2 顆星,就一般大腸小腸
大腸包小腸 ( 武聖夜市 ),KB,"在地嚮導 · 350 則評論 · 4,126 張相片",5 年前,4 顆星,
大腸包小腸 ( 武聖夜市 ),郭小姐,在地嚮導 · 32 則評論 · 335 張相片,6 年前,5 顆星,好特別的大腸~香腸
施記麻辣豆腐麻辣鴨血,Calvin HUANG,"在地嚮導 · 306 則評論 · 1,682 張相片",2 週前,1 顆星,"料真的夠少，東西真的不行，
價格又貴，
態度極差，愛理不理，
一件事情說了三次，
速度又慢，
想吃這種東西的，
千萬不要考慮這家，
不好吃，又貴，態度又差，
真的沒有以後了。"
施記麻辣豆腐麻辣鴨血,品芸,在地嚮導 · 33 則評論 · 11 張相片,2 週前,1 顆星,"豆腐跟鴨血都NG
完全不入味"
施記麻辣豆腐麻辣鴨血,吳芯宇（吳芯宇）,在地嚮導 · 41 則評論 · 43 張相片,1 個月前,5 顆星,鴨血跟魚蛋好吃，也有位子可以內用，老闆態度很好，下次逛夜市會想再來
施記麻辣豆腐麻辣鴨血,陳以智,12 則評論,1 個月前,1 顆星,泡菜鍋120連一片肉一顆蛋都沒有，菜也幾片而已，一塊超大豆腐，不知道在吃什麼東西==
施記麻辣豆腐麻辣鴨血,Winnie,12 則評論 · 1 張相片,2 個月前,1 顆星,等超久 老闆還忘記單 ？
施記麻辣豆腐麻辣鴨血,林郁馨,17 則評論 · 1 張相片,2 個月前,1 顆星,動線不明 態度超差😡😡😡
施記麻辣豆腐麻辣鴨血,陳妍萱,10 則評論 · 3 張相片,4 個月前,1 顆星,"不知道是我眼睛有問題還是怎樣。。
我點了一碗鴨血+魚蛋的（$70），另外還有多加科學麵一份（$15），收了我總共$85，結果回到家打開來一條麵影都沒看到。這不是基本的嗎？買什麼給什麼，我確實有點科學麵，賣家確實也有收我多的那15塊，什麼服務啊⋯無語死了"
施記麻辣豆腐麻辣鴨血,謝小翰,"在地嚮導 · 487 則評論 · 2,203 張相片",5 個月前,3 顆星,"夜市麻辣鴨血
倒沒吃出太多特色
但如果肚子很餓可以吃一下

腸子算比較肥的那種
且沒有太多入味"
施記麻辣豆腐麻辣鴨血,歐不點,7 則評論 · 1 張相片,6 個月前,1 顆星,"有很長的頭髮，拿給店員看，老闆還說是不是玉米鬚⋯⋯⋯⋯⋯
鴨血也沒入味"
施記麻辣豆腐麻辣鴨血,Wind Chen,在地嚮導 · 12 則評論 · 13 張相片,10 個月前,1 顆星,"因為吃素食，特別問店家鍋具有沒有混用
店家表示有分開才點餐結帳
結果煮的夾子好像繳攪了素的 又攪葷的
有回來用素鍋
領餐還跟人員說 他們還說沒有
但長輩有看到 整鍋不敢吃"
施記麻辣豆腐麻辣鴨血,Momo,6 則評論 · 4 張相片,11 個月前,1 顆星,"花120吃一個整碗都是燒焦味的東西
豆腐鴨血不入味就算了
整碗都是燒焦味要怎麼吃==
打開就覺得不對勁 吃一口直接整碗丟掉"
施記麻辣豆腐麻辣鴨血,Xu Jun,在地嚮導 · 37 則評論 · 75 張相片,1 年前,4 顆星,"座位有點擁擠
這次點招牌麻辣豆腐
湯頭有藥膳味，很香很順口
點了小辣，好吃的辣
不太吃辣的可以接受"
施記麻辣豆腐麻辣鴨血,菀爾,"在地嚮導 · 468 則評論 · 4,337 張相片",1 年前,4 顆星,等的時間偏長，其他沒有太多問題
施記麻辣豆腐麻辣鴨血,小晴૮ • ᴥ • ა,在地嚮導 · 27 則評論,1 年前,5 顆星,"有時來都會買
反正就是一般的麻辣鴨血(◐‿◑)"
施記麻辣豆腐麻辣鴨血,張世杰,在地嚮導 · 66 則評論 · 107 張相片,1 年前,5 顆星,豆腐香氣十足
施記麻辣豆腐麻辣鴨血,126 YPC,6 則評論 · 1 張相片,1 年前,1 顆星,
旺旺涼拌滷味（武聖夜市）,HSIN-CHIN JI,在地嚮導 · 249 則評論 · 763 張相片,4 個月前,4 顆星,價格清楚，份量中等，排隊人潮眾多，賣相最吸引我的豆乾反而口感偏乾，麻油豬肝、小黃瓜、涼拌鴨掌好吃，如果等候時間還行，屬於會回購
旺旺涼拌滷味（武聖夜市）,寶可夢,在地嚮導 · 104 則評論 · 69 張相片,6 個月前,2 顆星,看很多人排，所以買買看。腰子是軟軟的不是脆的，不知道是不是不新鮮？滷味沒有很入味，但價錢有點貴，有點失望☹️
旺旺涼拌滷味（武聖夜市）,路易斯米豆,"在地嚮導 · 323 則評論 · 2,130 張相片",10 個月前,5 顆星,
旺旺涼拌滷味（武聖夜市）,麥葛門,6 則評論 · 2 張相片,11 個月前,1 顆星,"點完餐付完錢
拿到手麵跟魚板沒給到"
旺旺涼拌滷味（武聖夜市）,曼陀螺,"在地嚮導 · 1,201 則評論 · 31,569 張相片",1 年前,5 顆星,武聖夜市人氣攤位，需要排隊很久，若去鹽行夜市也買的到。
旺旺涼拌滷味（武聖夜市）,My Love,在地嚮導 · 21 則評論 · 2 張相片,1 年前,5 顆星,"老闆很帥
牛肉很推
涼拌菜也很棒"
旺旺涼拌滷味（武聖夜市）,陳婉華,1 則評論,1 年前,5 顆星,"好吃😋
每次去武聖一定要吃到的滷味 …"
旺旺涼拌滷味（武聖夜市）,胖老爹,在地嚮導 · 42 則評論 · 5 張相片,1 年前,1 顆星,"等很久吃起來真的蠻普通的
花椰菜感覺沒有很熟 梗超級硬跟鑽石差不多了
韓國炸醬麵完全沒味道
買了沒幾樣東西而已 價格超級貴的 吃起來真的很普通 不懂為什麼可以這麼多人 排這麼久
從外地來 真的有夠失望"
旺旺涼拌滷味（武聖夜市）,綿綿羊,在地嚮導 · 17 則評論 · 5 張相片,2 年前,5 顆星,"有到武聖旅遊都會購買的滷味，味道依然不變會創新商品很讚吃不膩！

推薦商品：牛腱牛肚/青菜類（新鮮清脆）/豬肝也很好吃處理的很好沒有腥味～"
旺旺涼拌滷味（武聖夜市）,翊彤吳（小彤）,在地嚮導 · 60 則評論 · 11 張相片,2 年前,1 顆星,"滷味都沒有味道…..豬血糕有一面還是硬的口感想吃的很老的蘿蔔，豬皮沒有味道就算了吃起來想塑膠….當初就是看很多人買才想說買一點回去民宿吃，結果完全被騙…..不推薦外地朋友購買
不推薦指數：⭐️⭐️⭐️⭐️⭐️⭐️"
旺旺涼拌滷味（武聖夜市）,ㄚ斌,在地嚮導 · 54 則評論 · 4 張相片,2 年前,3 顆星,"12/14 東西沒有很入味
只有小黃瓜還行
適合口味超清淡的人去😵‍💫😵‍💫
希望只是今天的食材沒處理好
（但食材口感跟新鮮度都不錯）"
旺旺涼拌滷味（武聖夜市）,張晉瑋,6 則評論,2 年前,5 顆星,怎麼可以這麼好吃
旺旺涼拌滷味（武聖夜市）,全湘琪,3 則評論,2 年前,5 顆星,每一樣東西都好吃，謝謝老闆
旺旺涼拌滷味（武聖夜市）,黃建中,6 則評論 · 7 張相片,2 年前,5 顆星,這兩位年輕人的攤滷味真的很不錯👍！價位也便宜，味道很入味，品項有20多種，比一些其他滷味攤多了很多選擇！我每次去都會光顧一下～～ …
旺旺涼拌滷味（武聖夜市）,Mina Happy,"在地嚮導 · 337 則評論 · 1,004 張相片",2 年前,5 顆星,推薦雞心
三兄弟沙茶蟹肉蒜味蟹腳,余銘昌,10 則評論,1 個月前,1 顆星,拒絕往來互 態度不好 再好吃也不會在去買了
三兄弟沙茶蟹肉蒜味蟹腳,大錦鯉,在地嚮導 · 189 則評論 · 305 張相片,1 個月前,5 顆星,要拿號碼牌才買的到的蟹腳，特大蟹腳吃起來超滿足，新產品蒜味鮑魚小貴，但蒜味超濃郁好吃
三兄弟沙茶蟹肉蒜味蟹腳,陳憶欣,在地嚮導 · 285 則評論 · 108 張相片,1 個月前,5 顆星,喜歡蟹肉及胡椒蝦，建議買回去用氣炸鍋加熱超美味😁，100分。 …
三兄弟沙茶蟹肉蒜味蟹腳,簡小祐,在地嚮導 · 17 則評論 · 17 張相片,3 個月前,1 顆星,沒擺攤還顯示營業中🙄白跑一趟 完全沒辦法詢問有無開業😮‍💨 …
三兄弟沙茶蟹肉蒜味蟹腳,CYT,"在地嚮導 · 726 則評論 · 2,066 張相片",3 個月前,5 顆星,"2024.12價格
每次都買不到蟹腳
要吃辣的好吃"
三兄弟沙茶蟹肉蒜味蟹腳,雲如,5 則評論,5 個月前,1 顆星,做生意不留電話而且還讓客人不能預定這種做生意的手法已經老套了啦台南市又不是只有你們在賣而已而且重點不是非常好吃
三兄弟沙茶蟹肉蒜味蟹腳,Sinyi,5 則評論,6 個月前,1 顆星,做個生意是在囂張什麼，客人買東西還要忍受店家態度，東西多好吃也沒有心情吃！
三兄弟沙茶蟹肉蒜味蟹腳,Ann Wu,在地嚮導 · 25 則評論 · 44 張相片,7 個月前,5 顆星,"逛夜市絕對要買的！！三兄弟！！🦀🦀🦀
有時候很快賣完就會收攤了
剛好蝦子賣光光了🥺
老闆還送我一隻比較NG沒有賣相的🦐
老闆人有夠好🤩🤩🤩"
三兄弟沙茶蟹肉蒜味蟹腳,波霸奶茶,1 則評論,8 個月前,5 顆星,
三兄弟沙茶蟹肉蒜味蟹腳,yu Chan,15 則評論 · 9 張相片,10 個月前,2 顆星,"第一次來不清楚點餐模式，客氣詢問怎麼點，卻迎來老闆娘語氣非常不客氣且不耐煩的態度，後來帶回的蟹腳我沒什麼吃。
不管再怎麼好吃的東西，吃的時候頭腦連結到不愉快的經驗，美味程度應該都會大打折扣吧"
三兄弟沙茶蟹肉蒜味蟹腳,XV黑熊,"在地嚮導 · 432 則評論 · 2,396 張相片",10 個月前,4 顆星,"三兄弟螃蟹是去玩時吃的店，三兄弟螃蟹位於市區的大東東夜市內，該區為交通熱區，附近攤位林立，是小吃界的一級戰區，車流量相當大，交通壅塞，人潮很多，交通上需要注意安全，雖然路邊有位置，但真的也要看運氣，位置相當不好停，必須停到較遠的地方，或是騎摩托車前來較為洽當。

😍三兄弟螃蟹有豪邁的風格，螃蟹特殊的處理方法，蟹殼也不會太硬，甚至可以直接吃下去，獨家的調味醬汁，又香又辣非常涮嘴，吃起來很過癮菜色霸氣豪邁，

三兄弟螃蟹上菜速度很快，不用等到太久，老闆娘很熱情，有接地氣，價格也不貴，出菜速度甚快，是方便帶著走邊吃的小吃，前去夜市邊逛邊吃的好選擇，也可以作為回家的下酒菜。"
三兄弟沙茶蟹肉蒜味蟹腳,奇諾,3 則評論,11 個月前,1 顆星,我當時最早到，還沒開賣，告訴我15分鐘後再來，再來的時候已經排很多人都拿號碼牌了，到我的時候已經不夠 要多等半小時，有號碼牌怎麼不早說？？？
三兄弟沙茶蟹肉蒜味蟹腳,張誌嘉,"在地嚮導 · 546 則評論 · 6,133 張相片",1 年前,4 顆星,台南最愛的蒜味蟹腳，可惜不知道何時開始，都要排隊了，今天剛好回公司發年終，順路拿到號碼牌，再次回味一番😋 …
三兄弟沙茶蟹肉蒜味蟹腳,曼陀螺,"在地嚮導 · 1,201 則評論 · 31,569 張相片",1 年前,5 顆星,在地老店，可以買買看。
三兄弟沙茶蟹肉蒜味蟹腳,XD,在地嚮導 · 32 則評論 · 21 張相片,1 年前,5 顆星,蒜味蟹肉感覺有一點點辣，好吃👍 …
三兄弟沙茶蟹肉蒜味蟹腳,Amber.W,在地嚮導 · 50 則評論 · 161 張相片,1 年前,5 顆星,"五點整過來買就只剩螃蟹身體
沒有蟹腳了QQ
真的要提早來排隊才有蟹腳可吃嗚嗚"
三兄弟沙茶蟹肉蒜味蟹腳,Wei LoL,在地嚮導 · 49 則評論 · 8 張相片,2 年前,1 顆星,態度極差👍 …
三兄弟沙茶蟹肉蒜味蟹腳,Peggy Chen,"在地嚮導 · 770 則評論 · 3,175 張相片",2 年前,5 顆星,新營團購買了蒜味蟹腳，真的新鮮好吃，搭配飲料很讚。
三兄弟沙茶蟹肉蒜味蟹腳,宋星瀚,在地嚮導 · 90 則評論 · 12 張相片,2 年前,1 顆星,貴了點
三兄弟沙茶蟹肉蒜味蟹腳,Amberrr.C,在地嚮導 · 172 則評論 · 41 張相片,2 年前,5 顆星,"每次想吃！都從台中跑到台南買🦀️🥹
心心念念的好滋味呀～
態度方面見仁見智～我是覺得還好啦！
可能自己也是餐飲服務業？（誤😂
有買到有吃到～開心最重要😍😍"
三兄弟沙茶蟹肉蒜味蟹腳,陳小姐,在地嚮導 · 63 則評論 · 15 張相片,2 年前,4 顆星,東西很好吃，但老闆娘很兇，所以扣1🌟 …
三兄弟沙茶蟹肉蒜味蟹腳,Judy Huang,在地嚮導 · 57 則評論 · 198 張相片,2 年前,5 顆星,"臉書搜尋「台南三兄弟螃蟹」，只要有擺攤，就會在當天下午公告幾點拿號碼牌、幾點開始銷售。

週一二公休、三六武聖夜市、四日花園夜市、偶爾不定時公休

2022/9/14去武聖夜市買，15:00發號碼牌，拿完號碼牌可以先離開，16:30開始叫號銷售。

輪到我時，老闆娘說每個品項最少要買150元，所以買了400元螃蟹腳、150元胡椒蝦、150元螃蟹身，蟹腳真的好吃！

胡椒蝦的蝦很新鮮很有肉、調味也很好，會辣，可惜小孩說太辣無法吃，大人吃很剛好，可以配酒。太晚去的話，會只剩胡椒蝦可以買。

螃蟹身脆脆的，整隻可以連殻吃，好吃。

我沒有遇到態度不好的問題，可是前一組客人有遇到，有聽到他們在討論店家態度。"
三兄弟沙茶蟹肉蒜味蟹腳,何盈青,在地嚮導 · 34 則評論 · 3 張相片,2 年前,5 顆星,真的太好吃了，我吃過最好吃的螃蟹，他們的蒜頭真的讚！尤其是螃蟹肉，又甜又嫩，瞎子也是彈性鮮甜😋😋😛😋 …
三兄弟沙茶蟹肉蒜味蟹腳,吳文心,在地嚮導 · 49 則評論 · 21 張相片,2 年前,1 顆星,特地早點過去買 結果老闆娘連抬頭都沒有 就說號碼牌在那邊 我4點才開始賣 整個態度超級差的～不建議去買～態度有夠差
三兄弟沙茶蟹肉蒜味蟹腳,林廷科,1 則評論,3 年前,1 顆星,糟糕的店家
三兄弟沙茶蟹肉蒜味蟹腳,Ting,在地嚮導 · 173 則評論 · 179 張相片,3 年前,5 顆星,超好吃
三兄弟沙茶蟹肉蒜味蟹腳,kenken,"在地嚮導 · 915 則評論 · 6,694 張相片",3 年前,5 顆星,"炸螃蟹和蒜味螃蟹都好吃~
以螃蟹來說價位不算貴~
都在夜市擺攤，超推~！！！"
三兄弟沙茶蟹肉蒜味蟹腳,Anne Q,在地嚮導 · 108 則評論 · 367 張相片,3 年前,4 顆星,"雖然態度差但東西好吃😂
蟹腳很難買 要買先看臉書粉專
並且早點去拿號碼牌（尤其是假日）
不然是買不到的～
調味滿滿蒜味很適合配酒，蟹腳新鮮好吃
另外還有買蝦，蝦子普通有幾隻粉粉不新鮮"
三兄弟沙茶蟹肉蒜味蟹腳,LIN SHENG XUN,在地嚮導 · 28 則評論 · 15 張相片,3 年前,5 顆星,"聽說蟹腳要3點前排隊才買的到
我5點排到5：45才勉強買到蟹肉
蒜頭口味真的讚👍🏻 …"
三兄弟沙茶蟹肉蒜味蟹腳,姵娜海,"在地嚮導 · 469 則評論 · 5,161 張相片",3 年前,5 顆星,"超～好～吃！！！🤤🤤
又香又入味又鮮甜👍👍
提到這個招牌應該沒人不知道！！！
配下酒菜的好伙食⋯⋯就算直接當點心啃都很過癮又刷嘴🤨
還沒開吃就會被濃濃香氣撲鼻，微辣微辣的口味，忍不住ㄧ支接著ㄧ支⋯⋯⋯然後只有一個字「爽」👍
包個幾份探親送禮都包準滿意，久沒吃還會想念！
每次吃都新鮮，就算已經被調味包覆，肉質的甜味依然感受得到，必推👍👍"
三兄弟沙茶蟹肉蒜味蟹腳,陳秉稜,在地嚮導 · 21 則評論 · 486 張相片,3 年前,5 顆星,"蟹肉相當美味，蟹腳更是屬於極品
惟有想要買到蟹腳需要靠點運氣這點
小弟我個人覺得有改善的空間

真心覺得，如此美味的蟹腳
應該要讓更多的人有機會
能夠品嘗到才是～^_^"
三兄弟沙茶蟹肉蒜味蟹腳,Jia Hao Ye,"在地嚮導 · 473 則評論 · 3,237 張相片",3 年前,5 顆星,擺攤在夜市外圍，很好吃，來夜市一定會買很好嗑
三兄弟沙茶蟹肉蒜味蟹腳,紙筷套,6 則評論 · 10 張相片,3 年前,5 顆星,"三年前偶然買到一次後,常常載著內人專程從彰化開2個小時車到台南,只為這一味!!!
不過目前累積約14次買不到,今年已超過5次買不到,...從18:00~20:00時間點到達;17:30到;17:00到,的經驗修正後,武聖約莫需15:00前到,花園需在15:30前到達.才有些微機會買到."
三兄弟沙茶蟹肉蒜味蟹腳,Sean Su,7 則評論 · 1 張相片,4 年前,1 顆星,態度極差
三兄弟沙茶蟹肉蒜味蟹腳,C C,在地嚮導 · 59 則評論 · 15 張相片,4 年前,1 顆星,"很臭又難吃
秤完重（？
拿了最前面的一包
放了很久的感覺
沙茶蟹腳整個只有臭啦🤢"
三兄弟沙茶蟹肉蒜味蟹腳,Kuo Joy,"在地嚮導 · 539 則評論 · 1,187 張相片",4 年前,4 顆星,蟹腳比蟹身體好吃！ 腳比較鮮甜，相較之下身體的肉比較沒甜味也沒什麼味道！但蟹腳也太難買了吧
三兄弟沙茶蟹肉蒜味蟹腳,X uan,在地嚮導 · 17 則評論 · 12 張相片,4 年前,5 顆星,"超級好吃😋
好希望可以來台中開一間
每次都要跑去台南買
雖然可以宅配
但還是想吃到現場的那種感覺😭"
三兄弟沙茶蟹肉蒜味蟹腳,T Y,7 則評論,4 年前,1 顆星,"第一次買 就覺得踩雷🙄️
到此攤位就被一個木頭人盯著看
連介紹都不願意⋯ 不知道是在做什麼生意⋯
吃了一口..嗯.. 直接整包丟了
失望啊😩😩"
三兄弟沙茶蟹肉蒜味蟹腳,リョウゲツ,"在地嚮導 · 1,108 則評論 · 1,166 張相片",5 年前,5 顆星,分店越來越多、越來越多地方可以買到了！不管哪一家都是大排長龍，超好吃的！
三兄弟沙茶蟹肉蒜味蟹腳,廖文碩,,5 年前,5 顆星,
三兄弟沙茶蟹肉蒜味蟹腳,吾朗,"在地嚮導 · 1,005 則評論 · 5,449 張相片",5 年前,4 顆星,蟹肉真的好吃沒話說👍 …
三兄弟沙茶蟹肉蒜味蟹腳,MU MU,在地嚮導 · 151 則評論 · 604 張相片,5 年前,5 顆星,"第一次去買一百吃不夠
第二次去買兩百還是吃不夠
第三次去不知道要買多少！太涮嘴了吧！好吃到停不下來！"
三兄弟沙茶蟹肉蒜味蟹腳,倪娜娜,在地嚮導 · 22 則評論,5 年前,5 顆星,"每次去花園夜市如果有營業必買的小吃店
雖然價格真的蠻貴的>_<
隨便買一買就好幾百了
但是就是底不過螃蟹的誘惑~~~
真的超好吃！"
三兄弟沙茶蟹肉蒜味蟹腳,杰哥,3 則評論,5 年前,4 顆星,
三兄弟沙茶蟹肉蒜味蟹腳,黃芷葳,在地嚮導 · 90 則評論 · 322 張相片,6 年前,5 顆星,花園夜市超好吃的蟹腳👍👍❤️味道很夠 …
三兄弟沙茶蟹肉蒜味蟹腳,陳毅平,9 則評論 · 11 張相片,6 年前,5 顆星,
三兄弟沙茶蟹肉蒜味蟹腳,Mi Wu,"在地嚮導 · 464 則評論 · 2,382 張相片",6 年前,3 顆星,
三兄弟沙茶蟹肉蒜味蟹腳,anmy秋,在地嚮導 · 290 則評論 · 250 張相片,6 年前,5 顆星,"蟹腳新鮮好吃，價格合理
殼敲得很碎，食用時非常好剝"
伊豆站（冰淇淋）,蔡幸子,"在地嚮導 · 395 則評論 · 1,921 張相片",3 週前,3 顆星,"夏天熱熱的找冰沙來喝
看到有賣火龍果冰沙就點了一杯
原本很期待有火龍果味 結果一整杯都是金桔的味道 喝到後面整個嘴巴都是金桔酸酸微苦澀的味道 沒喝完就倒掉了

去之前有看到評論寫有金桔味 原以為多了個味道是加分的 結果是扣分🫠"
伊豆站（冰淇淋）,ORZ,在地嚮導 · 96 則評論 · 81 張相片,7 個月前,5 顆星,
伊豆站（冰淇淋）,Tai Chien Tsai,4 則評論 · 1 張相片,7 個月前,5 顆星,"綠豆沙好濃郁
覺得比雙X好吃 XD
花時間排隊
不如騎車過來買比較快又好吃
其他冰品也都很好吃
一定要來吃看看
吃完會想再來"
伊豆站（冰淇淋）,珮慈方,在地嚮導 · 83 則評論 · 563 張相片,8 個月前,5 顆星,"冰沙系列每個口味都好吃
因為闆娘請我全部吃遍😋

老闆娘不只親切又大方
每樣都是純手工熬煮、製做的
食物天然、真材又實料👍🏻

值得推薦的好店家
歡迎大家前往嚐鮮🙌🏻
重點天天都有營業（不只有夜市時間才有喔）"
伊豆站（冰淇淋）,Lucy Su,15 則評論 · 4 張相片,9 個月前,5 顆星,"用料真材實料 👍🏻👍🏻👍🏻

綠豆沙牛奶很優秀"
伊豆站（冰淇淋）,Afra Wu,9 則評論 · 1 張相片,9 個月前,5 顆星,真材實料，水果新鮮，香醇可口～
伊豆站（冰淇淋）,謝宛妤,6 則評論 · 1 張相片,10 個月前,5 顆星,
伊豆站（冰淇淋）,林冠瑋,2 則評論,10 個月前,5 顆星,紅龍果冰沙好喝
伊豆站（冰淇淋）,小晴૮ • ᴥ • ა,在地嚮導 · 27 則評論,1 年前,5 顆星,推綠豆冰沙 超讚( *´︶`*)
伊豆站（冰淇淋）,李小京,12 則評論 · 6 張相片,1 年前,5 顆星,最天然的水果味，CP值高的價格，紅龍果冰沙還用了金桔來提味，微酸滋味清涼消暑，大推👍👍👍 …
伊豆站（冰淇淋）,Sherry,在地嚮導 · 20 則評論 · 4 張相片,1 年前,5 顆星,超好喝，超天然，還可以適合決定口味😍😍 …
伊豆站（冰淇淋）,Mickey Tsai,13 則評論 · 3 張相片,1 年前,5 顆星,"真材實料，環境乾淨衛生，
值得再從台中跑來一次！！！"
伊豆站（冰淇淋）,加零壹貳叁肆伍陸柒捌玖拾,2 則評論,1 年前,5 顆星,
伊豆站（冰淇淋）,魏仁傑,在地嚮導 · 14 則評論 · 6 張相片,1 年前,5 顆星,
伊豆站（冰淇淋）,Yumin Wang,在地嚮導 · 36 則評論 · 122 張相片,1 年前,5 顆星,"天然綠豆製造
非常美味😋 …"
伊豆站（冰淇淋）,benching6,8 則評論,2 年前,5 顆星,老闆人真的很好很好 飲料也很好喝清爽～之後再來逛夜市一定會去買
伊豆站（冰淇淋）,劉小貝,在地嚮導 · 33 則評論 · 8 張相片,2 年前,5 顆星,老闆親切，人超好，飲料好喝又便宜
伊豆站（冰淇淋）,商巧聿,2 則評論 · 1 張相片,2 年前,5 顆星,"老闆娘很親切且服務貼心
冰沙很讚，真材實料又美味
特推火龍果冰沙"
伊豆站（冰淇淋）,Nion nion,9 則評論,2 年前,5 顆星,阿姨跟阿北很輕切，冰很吃起來很爽口，是新鮮水果的那種鮮味，不是死甜，真的很讚🥰👍 …
伊豆站（冰淇淋）,cheer kuo,在地嚮導 · 23 則評論 · 5 張相片,2 年前,5 顆星,冰沙好喝！
伊豆站（冰淇淋）,羅安安,在地嚮導 · 17 則評論 · 10 張相片,2 年前,5 顆星,有夠讚👍🏻 …
阿堯師雞蛋糕(武聖夜市),楊彩琳,"在地嚮導 · 2,261 則評論 · 11,452 張相片",1 週前,3 顆星,點了奶油口味，覺得普普通通
阿堯師雞蛋糕(武聖夜市),YaYa Hsueh,在地嚮導 · 90 則評論 · 124 張相片,2 週前,5 顆星,第一名雞蛋糕超好吃！
阿堯師雞蛋糕(武聖夜市),Q,"在地嚮導 · 2,067 則評論 · 3,873 張相片",2 週前,5 顆星,不錯
阿堯師雞蛋糕(武聖夜市),Sandy ABC美食旅遊,在地嚮導 · 272 則評論 · 515 張相片,4 週前,5 顆星,"我最愛黑爵士口味啦啦啦
巧克力可可濃郁不會死甜
餡料超多滿滿的
好吃一直吃一直吃一直吃
可惜只有夜市分店有賣（淚

武聖不知道要不要排隊
我都去小北買，要排隊一下下"
阿堯師雞蛋糕(武聖夜市),Let’s go!共玩,在地嚮導 · 85 則評論 · 701 張相片,1 個月前,5 顆星,"朋友點了綜合（奶油、紅豆、原味各2）50元
我點黑爵士（巧克力*3）40元
我只有吃原味、巧克力、奶油
奶油跟巧克力都蠻好吃的，而且巧克力他們說是自己做的醬，72%的確不會太甜很好吃👍🏻
剛好看到排隊人潮沒那麼多的時候買的
整體來說蠻好吃的，看到會想再買來吃。"
阿堯師雞蛋糕(武聖夜市),金城武,"在地嚮導 · 561 則評論 · 4,534 張相片",2 個月前,4 顆星,還不錯吃，排一下子就買到了
阿堯師雞蛋糕(武聖夜市),W Chen,"在地嚮導 · 2,582 則評論 · 11,359 張相片",2 個月前,4 顆星,很多人排但也消化的很快，奶油、巧克力還不錯，3顆30，餡很多會爆漿
阿堯師雞蛋糕(武聖夜市),吳偉誠,"在地嚮導 · 335 則評論 · 2,561 張相片",2 個月前,4 顆星,還不錯的雞蛋糕 雖然漲價不少 偶爾吃吃還行
阿堯師雞蛋糕(武聖夜市),PLEASE,"在地嚮導 · 689 則評論 · 1,660 張相片",2 個月前,5 顆星,有蜂蜜香味 外脆內軟 奶油的不是傳統那種克林姆 是卡士達 會爆漿 很好吃 紅豆的比較一般
阿堯師雞蛋糕(武聖夜市),冠冠,在地嚮導 · 21 則評論,3 個月前,5 顆星,"有蜂蜜的香味真的好好吃
每次都點奶油口味 冰起來也超好吃啊啊啊啊"
阿堯師雞蛋糕(武聖夜市),しゅうどうふ控です,在地嚮導 · 203 則評論 · 229 張相片,4 個月前,5 顆星,"奶油巨爆好吃！！！
餡多到炸開
奶香濃不會太甜
糕體很香
吃完直接回頭買四份回家"
阿堯師雞蛋糕(武聖夜市),Jodie L,在地嚮導 · 18 則評論 · 17 張相片,4 個月前,5 顆星,隊伍很長，但是下得很快。超輕盈蓬鬆，內含豐富的奶凍餡料
阿堯師雞蛋糕(武聖夜市),謝易城,"在地嚮導 · 1,611 則評論 · 3,568 張相片",5 個月前,5 顆星,奶油非常好吃！ ！ ！
阿堯師雞蛋糕(武聖夜市),王帥哥,在地嚮導 · 45 則評論 · 4 張相片,6 個月前,5 顆星,還有開嗎 沒看到了
阿堯師雞蛋糕(武聖夜市),柴爸幸福吃喝,在地嚮導 · 192 則評論 · 957 張相片,9 個月前,5 顆星,"很好吃哦
武聖夜市首選的雞蛋糕，台南朋友特別推薦來買的，確實好吃😋

奶油口味最好吃"
阿堯師雞蛋糕(武聖夜市),Chien,在地嚮導 · 48 則評論 · 30 張相片,11 個月前,5 顆星,"點了一個綜合的45元有六個
奶油的很好吃內餡很燙
吃得出來皮有蜂蜜香味
就算是原味也很好吃
紅豆個人覺得比較還好"
阿堯師雞蛋糕(武聖夜市),高小凱,3 則評論 · 4 張相片,1 年前,5 顆星,
阿堯師雞蛋糕(武聖夜市),мм,在地嚮導 · 128 則評論 · 344 張相片,1 年前,5 顆星,"總店太遠🥹
所以每次來逛都必買的雞蛋糕🤤
奶油可能賣最好所以剛做好最燙！
個人排名：奶油=黑爵士(苦甜巧克力)>紅豆
但都很好吃啦皮很薄內餡又多
吃的時候要小心🤤

夜市才有黑爵士巧克力口味喔
總店才有芋頭口味 也好吃🤤"
阿堯師雞蛋糕(武聖夜市),YJ Y,在地嚮導 · 19 則評論 · 6 張相片,1 年前,2 顆星,排隊的時候讓，後來的人插隊點餐
阿堯師雞蛋糕(武聖夜市),劉禹彤,在地嚮導 · 40 則評論 · 88 張相片,1 年前,5 顆星,"照片來不及拍就吃完了。。🤣
購買了綜合口味。裡面有原味.卡士達.紅豆。卡士達吃要小心燙口它不像有些是一坨稠稠像漿糊的那種。是屬於計較稀一點會流動的內餡不會太甜。外層雞蛋糕有個淡淡甜甜的蛋香味。原味屬於是紮實很有彈性的口感不會空空的。紅豆個人就覺得偏甜。我喜歡原味的口味🤗。價錢6顆45跟其他造型雞蛋糕比起來價錢挺可愛的"
阿堯師雞蛋糕(武聖夜市),無段道楓,"在地嚮導 · 854 則評論 · 3,269 張相片",1 年前,4 顆星,"朋友推薦的雞蛋糕
稍微排隊
綜合口味包含原味奶油紅豆各二

原味太乾
奶油紅豆還不錯。奶油要注意燙口"
阿堯師雞蛋糕(武聖夜市),柔柔,在地嚮導 · 89 則評論 · 27 張相片,1 年前,5 顆星,很晚去不用排隊，最愛奶油口味，超好吃～
阿堯師雞蛋糕(武聖夜市),皮小丘,"在地嚮導 · 221 則評論 · 3,056 張相片",1 年前,5 顆星,皮薄餡多又會爆漿。
阿堯師雞蛋糕(武聖夜市),丹丹,"在地嚮導 · 691 則評論 · 3,717 張相片",1 年前,4 顆星,"奶油口味超愛
每次都直接吃完 忘了拍照"
阿堯師雞蛋糕(武聖夜市),楊明照,"在地嚮導 · 322 則評論 · 4,233 張相片",1 年前,5 顆星,"這攤雞蛋糕是武聖夜市的名店！因爲怕胖好久不曾光顧，在生日這天（11/16）看排隊人尚少（下午3:25）去買綜合口味2份，我和老公各一份，看價目表貼上新價格，漲了兩成，但也是多虧他們穩了許久才漲，不容易了！
沒吃完的，隔天早上放電鍋乾蒸（不加水）就恢復原來的味道了。"
阿堯師雞蛋糕(武聖夜市),Yy Cc,3 則評論 · 1 張相片,1 年前,5 顆星,這家真的超好吃的，除了夜市還有自己的店面🤩 …
阿堯師雞蛋糕(武聖夜市),尹詠萱,"在地嚮導 · 987 則評論 · 2,995 張相片",1 年前,5 顆星,餡很滿 好吃
阿堯師雞蛋糕(武聖夜市),Wiwi,在地嚮導 · 232 則評論 · 481 張相片,1 年前,4 顆星,"奶油的3個一份 $30
感覺有點貴
但真的超好吃🥺 …"
阿堯師雞蛋糕(武聖夜市),黃玉嫥,"在地嚮導 · 731 則評論 · 3,640 張相片",1 年前,5 顆星,"排隊不會很久～
是軟皮的那種我好喜歡！奶油的很香、巧克力比較不是我的胃口～"
阿堯師雞蛋糕(武聖夜市),YPP,"在地嚮導 · 249 則評論 · 1,221 張相片",1 年前,4 顆星,雞蛋糕冷掉也好吃 但覺得原味就好了 奶油還好
阿堯師雞蛋糕(武聖夜市),黃庭毅Allen,"在地嚮導 · 1,187 則評論 · 14,187 張相片",1 年前,5 顆星,爆漿好吃。
阿堯師雞蛋糕(武聖夜市),W_,在地嚮導 · 41 則評論 · 67 張相片,1 年前,5 顆星,很厲害👍🏻 …
阿堯師雞蛋糕(武聖夜市),Emily Emily,41 則評論,2 年前,4 顆星,在小北的攤子女生用的都很乾，屢試不爽每個星期買兩次只要遇到那女的用我都像在吃乾糧，
阿堯師雞蛋糕(武聖夜市),Lin Lin,2 則評論 · 1 張相片,2 年前,5 顆星,物超所值
阿堯師雞蛋糕(武聖夜市),Y怡,在地嚮導 · 126 則評論 · 13 張相片,2 年前,5 顆星,
阿堯師雞蛋糕(武聖夜市),蔡雅雯,在地嚮導 · 31 則評論 · 1 張相片,2 年前,4 顆星,請問連假你們有排嗎禮拜日也有賣嗎
阿堯師雞蛋糕(武聖夜市),LT Wang,"在地嚮導 · 311 則評論 · 2,196 張相片",2 年前,5 顆星,人多但前進速度蠻快的，奶油口味好吃👍 …
阿堯師雞蛋糕(武聖夜市),黃大米,在地嚮導 · 112 則評論 · 7 張相片,2 年前,5 顆星,奶油口味超好吃！價格令人感動
阿堯師雞蛋糕(武聖夜市),Eileen,在地嚮導 · 22 則評論 · 5 張相片,2 年前,5 顆星,
阿堯師雞蛋糕(武聖夜市),杜比菲,在地嚮導 · 106 則評論 · 22 張相片,2 年前,4 顆星,好吃
阿堯師雞蛋糕(武聖夜市),Thundias Wang,"在地嚮導 · 811 則評論 · 3,724 張相片",2 年前,4 顆星,奶油口味真的讚
阿堯師雞蛋糕(武聖夜市),宋書豪,在地嚮導 · 63 則評論 · 577 張相片,2 年前,1 顆星,買一份雞蛋糕，連一根竹籤叉子都沒有，不知道在摳什麼。沒有餐具不然用手抓嗎？還是用倒的？莫名其妙…
阿堯師雞蛋糕(武聖夜市),Sichuan,在地嚮導 · 20 則評論 · 43 張相片,2 年前,5 顆星,"排隊排很長 但是隊伍移動速度蠻快的
雞蛋糕冷掉也好吃 奶油更讚👍🏽 …"
阿堯師雞蛋糕(武聖夜市),林建豪,7 則評論 · 2 張相片,2 年前,5 顆星,太好吃了
阿堯師雞蛋糕(武聖夜市),周冠呈,在地嚮導 · 62 則評論 · 53 張相片,2 年前,4 顆星,路過吃一下 奶油口味不錯 蠻香的奶油
阿堯師雞蛋糕(武聖夜市),Ciliya,在地嚮導 · 37 則評論 · 13 張相片,2 年前,5 顆星,熱熱吃最好吃 也可以冰到隔天當早餐吃也好吃
阿堯師雞蛋糕(武聖夜市),Iris,在地嚮導 · 421 則評論 · 733 張相片,2 年前,4 顆星,外皮偏乾，整體中規中矩沒有特別突出的感覺，有淡淡蜂蜜味
阿堯師雞蛋糕(武聖夜市),花子,在地嚮導 · 153 則評論 · 48 張相片,2 年前,5 顆星,"必買必吃
每次來一定要買
現在漲價 奶油三顆25 …"
阿堯師雞蛋糕(武聖夜市),Bianca,在地嚮導 · 77 則評論 · 251 張相片,2 年前,5 顆星,雞蛋糕愛好者認證，不是脆皮，蛋糕體本身軟綿，帶著淡淡香氣，原味表現中規中矩，紅豆是豐富豆餡，真材實料沒有夾雜大豆，值得嘉許，最後是我最喜歡的奶油口味，卡士達奶油濕潤不膩口，非常好吃 ❤️❤️❤️
阿堯師雞蛋糕(武聖夜市),Yogo Lei,"在地嚮導 · 311 則評論 · 1,059 張相片",2 年前,5 顆星,牛奶好吃
阿堯師雞蛋糕(武聖夜市),陳琮勝,在地嚮導 · 168 則評論 · 481 張相片,2 年前,5 顆星,"之前來武聖夜市無意間買到的~
我跟老婆一值念念不忘!XD …"
阿堯師雞蛋糕(武聖夜市),邊走編吃,在地嚮導 · 422 則評論 · 468 張相片,3 年前,5 顆星,"這家的奶油口味超好吃!比文賢路正老牌還好吃! 內餡飽滿,口感絲滑細緻,卡士達奶香輕柔甜度低不膩口

紅豆也吃的出淡淡清香

原味則是有個蜂蜜香味"
阿堯師雞蛋糕(武聖夜市),YI HSIEN WANG,在地嚮導 · 20 則評論 · 74 張相片,3 年前,1 顆星,3/30在武聖夜市買了一份綜合及一份黑爵士（巧克力口味），結果黑爵士裡面裝的不是巧克力口味，全是奶油口味，超傻眼，建議大家買了之後要確認口味無誤後再離開。
阿堯師雞蛋糕(武聖夜市),Craig,在地嚮導 · 171 則評論 · 349 張相片,3 年前,5 顆星,"品項: 綜合雞蛋糕(原味*2, 奶油*2, 紅豆*2), 才30塊!!
評價: 五顆星
評論: 雖然小小一顆, 但是有包料的內餡充足, 不膩口死甜, 價格也非常便宜, 小缺點就是排隊人潮蠻多的, 會再訪"
阿堯師雞蛋糕(武聖夜市),Kuanwei Chen,在地嚮導 · 131 則評論 · 143 張相片,3 年前,5 顆星,以綜合6個30算是蠻便宜的（2個紅豆，2個奶油，2個原味）。奶油有淡淡的蜂蜜香。原味好吃不像其他家有很重的麵粉味。如果有再訪台南，會再光顧。
阿堯師雞蛋糕(武聖夜市),Christy,在地嚮導 · 29 則評論 · 31 張相片,3 年前,5 顆星,超好吃！ ！ ！ ！
阿堯師雞蛋糕(武聖夜市),Rhea Hsu,8 則評論 · 11 張相片,3 年前,5 顆星,不誇張 每次來台南都要吃
阿堯師雞蛋糕(武聖夜市),Aileen Li,"在地嚮導 · 405 則評論 · 1,165 張相片",3 年前,5 顆星,大學時期很喜歡，畢業以後每次來台南也一定要特地來武聖吃！奶油口味最好吃，不過其他口味也不錯～
阿堯師雞蛋糕(武聖夜市),蔡侑姍,在地嚮導 · 271 則評論 · 24 張相片,3 年前,4 顆星,偶然經過被它的香味吸引過來，在這之前沒聽過這家也沒吃，原來它在這裡算小有名氣，這也算無意中的收貨。
阿堯師雞蛋糕(武聖夜市),吃飯,在地嚮導 · 238 則評論 · 311 張相片,3 年前,5 顆星,找不到阿北
阿堯師雞蛋糕(武聖夜市),Blair Lee,在地嚮導 · 57 則評論 · 101 張相片,3 年前,5 顆星,"全台最愛的雞蛋糕，有蜂蜜的香味，口感也很棒
奶油口味的內餡有點鹹鹹的，吃不膩
最喜歡原味，就算冷掉還是非常好吃"
阿堯師雞蛋糕(武聖夜市),Minmin Mei,在地嚮導 · 36 則評論 · 9 張相片,3 年前,5 顆星,"就算是冷了也沒有蛋腥味
甜度適中 內餡也好吃
真的好厲害😋😋😋 …"
阿堯師雞蛋糕(武聖夜市),陳宥樺,1 則評論,3 年前,1 顆星,11/19在小北買了一個巧克力一個奶油結果到家才發現是奶油，下次請確認好再給客人可以嗎？
阿堯師雞蛋糕(武聖夜市),poporu yen,在地嚮導 · 88 則評論 · 27 張相片,4 年前,5 顆星,非常好吃，奶油口味的雞蛋糕餡料很足，又不會到太多、太甜，吃起來很剛好！是這輩子吃過最好吃的雞蛋糕，必吃。
阿堯師雞蛋糕(武聖夜市),Y,在地嚮導 · 70 則評論 · 19 張相片,4 年前,5 顆星,很推奶油口味的，目前吃過最好吃的雞蛋糕！
阿堯師雞蛋糕(武聖夜市),Chen Yu Wen,在地嚮導 · 709 則評論 · 123 張相片,4 年前,3 顆星,雞蛋糕香精用太多了 吃起來味道很不自然
阿堯師雞蛋糕(武聖夜市),Ruru Kitty,在地嚮導 · 39 則評論 · 18 張相片,4 年前,5 顆星,😋 …
阿堯師雞蛋糕(武聖夜市),Duncan Hsu,在地嚮導 · 32 則評論,4 年前,5 顆星,香氣濃郁，價格親民
阿堯師雞蛋糕(武聖夜市),顏楠庭,在地嚮導 · 78 則評論 · 12 張相片,4 年前,5 顆星,
阿堯師雞蛋糕(武聖夜市),阿傑,"在地嚮導 · 506 則評論 · 1,742 張相片",4 年前,5 顆星,誇張的好吃 又便宜
阿堯師雞蛋糕(武聖夜市),DD T,在地嚮導 · 80 則評論 · 784 張相片,4 年前,5 顆星,
阿堯師雞蛋糕(武聖夜市),Elly Chiu,在地嚮導 · 675 則評論 · 651 張相片,4 年前,5 顆星,巧克力、奶油口味都超讚！！
阿堯師雞蛋糕(武聖夜市),Sherry Shih,在地嚮導 · 292 則評論 · 494 張相片,5 年前,5 顆星,"台南最好吃雞蛋糕
推奶油跟抹茶"
阿堯師雞蛋糕(武聖夜市),SaBi Wa,在地嚮導 · 25 則評論 · 10 張相片,5 年前,4 顆星,點奶油就好了 ～ 點其他口味會顯的蛋糕體一般般
阿堯師雞蛋糕(武聖夜市),KB,"在地嚮導 · 350 則評論 · 4,126 張相片",5 年前,5 顆星,
阿堯師雞蛋糕(武聖夜市),リョウゲツ,"在地嚮導 · 1,108 則評論 · 1,166 張相片",5 年前,4 顆星,生意超好，還沒六點就好多人在排隊，原味一份六個只要20元，口感比較偏軟嫩的雞蛋糕，味道有點偏甜，整體來說CP值很高
阿堯師雞蛋糕(武聖夜市),E B,"354 則評論 · 3,934 張相片",5 年前,5 顆星,
阿堯師雞蛋糕(武聖夜市),小貝,在地嚮導 · 111 則評論 · 41 張相片,5 年前,4 顆星,"買了原味跟奶油的
熱熱的吃 原味的口感扎實不空洞也不會太乾
奶油的個人不是很喜歡 說是爆漿也不是 整體的餡偏水"
阿堯師雞蛋糕(武聖夜市),yuin,在地嚮導 · 310 則評論 · 302 張相片,5 年前,5 顆星,氣死人了！奶油燙到嘴巴！可惡還這麼好吃！！
阿堯師雞蛋糕(武聖夜市),Vivian Yeh,"在地嚮導 · 344 則評論 · 1,167 張相片",6 年前,5 顆星,阿堯師明明就是全台灣最好吃的雞蛋糕...
阿堯師雞蛋糕(武聖夜市),Ming-Fong Hong,"在地嚮導 · 970 則評論 · 14,288 張相片",6 年前,3 顆星,便宜但不算好吃，皮不脆，裡面不紮實，整體偏乾，特色是有蜂蜜味，原味一份20元有6個。
阿堯師雞蛋糕(武聖夜市),Joanna Li,"376 則評論 · 12,303 張相片",6 年前,4 顆星,奶油口味很好吃！
阿堯師雞蛋糕(武聖夜市),伶楓,在地嚮導 · 71 則評論 · 11 張相片,6 年前,4 顆星,奶油超好吃
阿堯師雞蛋糕(武聖夜市),Sodaowl,"在地嚮導 · 702 則評論 · 5,094 張相片",6 年前,4 顆星,"好吃好吃！
生意好但也不會等太久"
阿堯師雞蛋糕(武聖夜市),Zhen Chiu,在地嚮導 · 55 則評論 · 223 張相片,7 年前,3 顆星,"可能是很多人都想吃阿堯師雞蛋糕的關係，阿堯師就也馬不停蹄的為客人準備，雖然是小小的攤販，人手卻十分齊全！

第一次買了奶油和抹茶口味，抹茶口味的不推🙅🏻奶油口味一咬下去爆漿倒是完全讓我驚喜😳（還有點燙到⋯）跟雞蛋糕綿綿的外皮非常搭～也因為這樣我馬上逛完夜市一圈又去回購！
但第二次就讓我有點稍稍失望，因為時間較晚可能準備收了，就多是冷掉的，口感受到蠻大影響"
五番茶,Ricky Wong,6 則評論 · 8 張相片,1 年前,5 顆星,鹿谷烏龍茶味出色，前後還買了兩杯😂
五番茶,希兒,在地嚮導 · 21 則評論,1 年前,5 顆星,紅茶很好喝，很喜歡，每次逛夜市必買😍
五番茶,王雅雯,在地嚮導 · 16 則評論 · 3 張相片,1 年前,5 顆星,無糖綠後味不澀且有香氣，是我唯一一間可以喝完的無糖飲料店～推薦給大家～
台南美食武聖夜市 煎哥 蚵仔煎,吳心維,在地嚮導 · 17 則評論 · 3 張相片,1 個月前,5 顆星,武聖夜市的蚵仔煎裡這間的醬最好吃
台南美食武聖夜市 煎哥 蚵仔煎,Izu Shin Sai,在地嚮導 · 95 則評論 · 73 張相片,6 個月前,5 顆星,隨便逛逛買的，結果驚為天人的好吃，老闆做很久但是很值得！！加豆芽菜很清爽口感也很好，蛋有鐵板的焦香味，淋醬口味也很棒而且不會膩，真的非常好吃！！
台南美食武聖夜市 煎哥 蚵仔煎,陳永柔,6 則評論 · 3 張相片,8 個月前,5 顆星,"每次來武聖夜市都必吃
以前跟男友隨便吃卻意外好吃
現在已經升級老公還是常常來回味"
台南美食武聖夜市 煎哥 蚵仔煎,王瑞賢,在地嚮導 · 23 則評論 · 1 張相片,1 年前,5 顆星,煎哥真的好吃
台南美食武聖夜市 煎哥 蚵仔煎,劉佳佳漢唐交趾陶劉佳玲團隊（CHI）,"在地嚮導 · 1,153 則評論 · 25,117 張相片",1 年前,5 顆星,每次過來武聖夜市，都會回訪。
台南美食武聖夜市 煎哥 蚵仔煎,洋洋媽,在地嚮導 · 20 則評論 · 3 張相片,1 年前,5 顆星,"很意外的超好吃 特地來留好評
念念不忘啊"
台南美食武聖夜市 煎哥 蚵仔煎,雨,在地嚮導 · 74 則評論 · 216 張相片,1 年前,5 顆星,昨天去夜市隨便坐下來吃的，結果蝦仁煎超好吃，最後離開前又回頭打包一份
螺王黃金雲吞,周小明,在地嚮導 · 27 則評論 · 60 張相片,1 年前,5 顆星,"老闆很健談
東西好吃"
武聖夜市周爸爸雞蛋糕,周小明,在地嚮導 · 27 則評論 · 60 張相片,5 年前,5 顆星,道地古早味 老闆用心堅持自己對健康食品的理念 傳承父親好口味
Q哥地瓜球,CYT,"在地嚮導 · 726 則評論 · 2,066 張相片",3 個月前,5 顆星,"2024.12
熱熱吃好吃
冷掉也好吃
回台北都會想念
目前最愛地瓜球"
Q哥地瓜球,高小凱,3 則評論 · 4 張相片,10 個月前,5 顆星,賣家有提供LINE PAY服務很貼心 獨特的綠色抹茶味地瓜球 紫色和原味地瓜球 有濃濃的地瓜香氣 大顆香Q酥脆 很好吃 值的推薦
Q哥地瓜球,Y I,"在地嚮導 · 1,846 則評論 · 9,946 張相片",10 個月前,4 顆星,"大份15顆$50
小份8顆$30

蠻好吃的，是三種口味的地瓜球，有另外提供巧克力粉之類的調味粉可以加
但短髮女的態度很差，跟他講話都只回一個喔，好像欠他錢，所以扣一顆星"
Q哥地瓜球,Jia Hong Keep,在地嚮導 · 844 則評論 · 74 張相片,11 個月前,5 顆星,👍👍👍
魷皇駕到（武聖夜市）,張秀雅（changhsiuya）,在地嚮導 · 136 則評論 · 95 張相片,6 個月前,5 顆星,讚！
日野章魚燒,買可樂高手,在地嚮導 · 38 則評論 · 17 張相片,3 個月前,1 顆星,章魚燒好吃又便宜👍
日野章魚燒,yi s,"在地嚮導 · 304 則評論 · 6,273 張相片",5 個月前,5 顆星,"行經台南這片土地，耳聞此地有一名為武聖夜市的奇特市場，便決定前往一探究竟。在那熙熙攘攘的人潮之中，一攤小小的章魚燒攤位，竟深深吸引了我的目光。

初入口時，那金黃酥脆的外皮，如我無敵的軍隊般銳利，而內裡的章魚塊，卻又如我心中戰略的柔韌，彈牙有勁，完美無瑕。再加上那淋上的特製醬汁，恰似我在戰場上佈下的天羅地網，完美覆蓋每一口。小小章魚燒，竟蘊藏如此豐富的層次，實乃出奇制勝之妙品。

這章魚燒如同我行軍時每一個精妙的計謀，外在與內涵皆無可挑剔。台南這夜市，雖市井庸常，卻在這小小的章魚燒中，展現出一種戰無不勝的美食力量。倘若我手下的將士們能每日享用此等美味，定能在戰場上勇猛無敵。如此佳餚，堪稱美食界的阿usterlitz戰役。"
日野章魚燒,NJ,"在地嚮導 · 756 則評論 · 3,520 張相片",7 個月前,5 顆星,"Always很推這間章魚燒XDD
來武聖必吃
外層有點口感 內軟
很好吃!!!!!"
日野章魚燒,琇瑩王,在地嚮導 · 136 則評論,10 個月前,5 顆星,這是我吃過 ，最好吃😋最好吃😋最好吃的章魚燒😋超級無敵好吃👍
日野章魚燒,朋,"在地嚮導 · 369 則評論 · 1,791 張相片",10 個月前,5 顆星,"原本是很餓，想說隨便買個東西充飢，結果超好吃！
是吃過外皮最脆的章魚燒，內餡吃起來就跟外面的差不多，但我們拿到的第一份是有點冷掉的，所以超讚！不會被燙到哭出來，我很喜歡，為什麼說第一份呢..因為我們後來覺得太好吃就回去買了一份9顆的，現在想到都還會分泌口水，極高評價！

滿分100給179。"
日野章魚燒,鄭Amy,在地嚮導 · 132 則評論 · 57 張相片,1 年前,1 顆星,內餡吃起來軟軟的，麵粉感覺吃起來沒有熟
日野章魚燒,曼陀螺,"在地嚮導 · 1,201 則評論 · 31,569 張相片",1 年前,5 顆星,可以來吃看看。
阿發臭豆腐,LoopStep Yang,在地嚮導 · 13 則評論 · 11 張相片,1 個月前,1 顆星,"泡菜一點都沒有入味，像早晨剛採收的一樣生脆，醬汁調味也淡淡的，還好至少炸出來的豆腐外酥內軟。
說難吃對老闆太嚴苛，但整體平淡無味勉強靠辣椒配著吃完。
只給一星是因為糟蹋了泡菜令人生氣。"
阿發臭豆腐,林弘哲,在地嚮導 · 19 則評論 · 21 張相片,6 個月前,1 顆星,阿就還有客人一直在撤桌子，想下班直接收攤啦
阿發臭豆腐,Y I,"在地嚮導 · 1,846 則評論 · 9,946 張相片",10 個月前,4 顆星,"可能是因為台南的緣故，泡菜吃起來有點甜，然後有添加檸檬，還有點香茅的味道，個人吃不太習慣

臭豆腐還不錯，脆脆的沒有很臭"
阿發臭豆腐,黃怡禎,在地嚮導 · 11 則評論 · 3 張相片,1 年前,4 顆星,
阿發臭豆腐,黃才祐,在地嚮導 · 195 則評論 · 58 張相片,1 年前,4 顆星,特色算有添加檸檬汁 泡菜普通 老闆友善態度好
阿發臭豆腐,林宗翰,在地嚮導 · 115 則評論 · 28 張相片,2 年前,1 顆星,"一直敢人又不是吃完死不走
盤子就還有東西就在趕
有夠難吃的臭豆腐"
阿發臭豆腐,zxzx105060,在地嚮導 · 62 則評論,2 年前,5 顆星,
阿發臭豆腐,Angelina chi,13 則評論 · 15 張相片,2 年前,5 顆星,好好吃夜市臭豆腐，本來以為踩雷機率高，沒想到外酥內嫩，醬料看起來無味，吃起來鹹淡事宜，泡菜脆口酸甜剛好👍推推推👍👍老闆爸媽待客都好客氣👍👍👍大推喔！
阿發臭豆腐,Thundias Wang,"在地嚮導 · 811 則評論 · 3,724 張相片",2 年前,5 顆星,"超好吃臭豆腐
醬汁帶著檸檬酸甜清香
吃來爽口完全不膩"
謝 - 旗魚黑輪（台南武聖夜市）,CYT,"在地嚮導 · 726 則評論 · 2,066 張相片",3 個月前,5 顆星,"2024.12
魚漿味不錯
沒有挖沙米"
謝 - 旗魚黑輪（台南武聖夜市）,ABao,"在地嚮導 · 535 則評論 · 2,412 張相片",4 個月前,5 顆星,好吃！
謝 - 旗魚黑輪（台南武聖夜市）,Caitlyn Yu,"在地嚮導 · 240 則評論 · 2,662 張相片",5 個月前,5 顆星,"朋友懷念的好味道
真的好好吃 先做現炸 中間有包蛋👍
1支20
6支100"
謝 - 旗魚黑輪（台南武聖夜市）,台中古天樂,"在地嚮導 · 1,573 則評論 · 8,863 張相片",6 個月前,5 顆星,2024/10/4 好吃😋推薦👍
謝 - 旗魚黑輪（台南武聖夜市）,周育民,在地嚮導 · 1 則評論 · 1 張相片,1 年前,5 顆星,
謝 - 旗魚黑輪（台南武聖夜市）,Dorry,在地嚮導 · 121 則評論 · 56 張相片,6 年前,4 顆星,一支10元，真的便宜又好吃，可以試試看！
謝 - 旗魚黑輪（台南武聖夜市）,Sodaowl,"在地嚮導 · 702 則評論 · 5,094 張相片",6 年前,4 顆星,很好吃，但是非常
謝 - 旗魚黑輪（台南武聖夜市）,Caitlyn Yu,"在地嚮導 · 240 則評論 · 2,662 張相片",5 個月前,5 顆星,"朋友懷念的好味道
真的好好吃 先做現炸 中間有包蛋👍
1支20
6支100"
謝 - 旗魚黑輪（台南武聖夜市）,CYT,"在地嚮導 · 726 則評論 · 2,066 張相片",3 個月前,5 顆星,"2024.12
魚漿味不錯
沒有挖沙米"
謝 - 旗魚黑輪（台南武聖夜市）,台中古天樂,"在地嚮導 · 1,573 則評論 · 8,863 張相片",6 個月前,5 顆星,2024/10/4 好吃😋推薦👍
謝 - 旗魚黑輪（台南武聖夜市）,Dorry,在地嚮導 · 121 則評論 · 56 張相片,6 年前,4 顆星,一支10元，真的便宜又好吃，可以試試看！
謝 - 旗魚黑輪（台南武聖夜市）,ABao,"在地嚮導 · 535 則評論 · 2,412 張相片",4 個月前,5 顆星,好吃！
謝 - 旗魚黑輪（台南武聖夜市）,Sodaowl,"在地嚮導 · 702 則評論 · 5,094 張相片",6 年前,4 顆星,很好吃，但是非常
謝 - 旗魚黑輪（台南武聖夜市）,周育民,在地嚮導 · 1 則評論 · 1 張相片,1 年前,5 顆星,
南京冰糖醬鴨,郭小葵,"在地嚮導 · 1,215 則評論 · 18,732 張相片",4 個月前,5 顆星,113.12.11晚上來到宜蘭清溝夜市購買1/4盒的冰糖醬鴨🦆，醬汁鹹中帶甜味，本以為鴨肉會很硬不好咬，結果一吃發現很軟耶，醬料裹的很厚，差一點連手指頭都吃下去了😆😆😆好吃又獨特的冰糖醬鴨～👍
蕃薯潘地瓜球-總店,飛比,"在地嚮導 · 557 則評論 · 3,227 張相片",3 個月前,5 顆星,"👉買的是綜合版，一份$50還蠻多顆的，有原味、紫薯跟梅子的樣子，個人覺得梅子的口味有點不太能接受，還是原味最好吃

👉球裡還有一點餡，也不算完全空心的

是在高雄夢時代-夜市王決賽買來吃的

*現金支付"
蕃薯潘地瓜球-總店,chung lin,在地嚮導 · 563 則評論 · 26 張相片,10 個月前,3 顆星,硬硬的 沒什麼味道
蕃薯潘地瓜球-總店,林雯,在地嚮導 · 2 則評論,1 年前,5 顆星,
蕃薯潘地瓜球-總店,JASON TSENG,在地嚮導 · 28 則評論 · 3 張相片,1 年前,5 顆星,
蕃薯潘地瓜球-總店,蕭詩諭,在地嚮導 · 647 則評論 · 27 張相片,1 年前,2 顆星,
王滷味,CYT,"在地嚮導 · 726 則評論 · 2,066 張相片",3 個月前,5 顆星,"2024.12價格
很便宜
蠻入味
要加辣
推雞腳/板條
不推豬皮"
餚饌廣式腸粉,社長,在地嚮導 · 16 則評論 · 77 張相片,2 週前,5 顆星,
餚饌廣式腸粉,林小芷,在地嚮導 · 39 則評論 · 2 張相片,3 週前,5 顆星,好吃
餚饌廣式腸粉,Louisa Lei (毛毛蟲),在地嚮導 · 67 則評論 · 29 張相片,1 個月前,4 顆星,"武聖夜市新店
腸粉很q"
餚饌廣式腸粉,程于瑄,在地嚮導 · 26 則評論 · 3 張相片,1 個月前,5 顆星,台南終於有好吃的廣式腸粉了～🥹 …
餚饌廣式腸粉,羅煌翔,在地嚮導 · 9 則評論 · 6 張相片,1 個月前,5 顆星,"腸粉用料實在
口味鹹淡剛剛好"
佳佳木瓜牛奶,PLEASE,"在地嚮導 · 689 則評論 · 1,660 張相片",2 個月前,5 顆星,用的是統一保久乳 布丁牛奶有點水 就是一般夜市果汁攤加水和冰塊下去打的味道 算是符合價格
佳佳木瓜牛奶,葉偉澤,"在地嚮導 · 273 則評論 · 3,110 張相片",4 個月前,5 顆星,算好喝。
茶の魔手-台南武聖店,flix net,2 則評論,1 個月前,1 顆星,女店員態度很棒給六顆星
茶の魔手-台南武聖店,台東人,7 則評論 · 1 張相片,1 個月前,1 顆星,非常誇張 點了一杯山楂烏龍半糖去冰 一杯台灣青茶溫的無糖 結果來了一杯蜂蜜檸檬微糖去冰 一杯山楂烏龍無糖 兩杯沒有一杯是對的
茶の魔手-台南武聖店,蔡兆翔,11 則評論 · 3 張相片,2 個月前,2 顆星,點了珍珠奶烏，奶粉都沒攪開，都是奶粉味😇 …
茶の魔手-台南武聖店,獅子,在地嚮導 · 226 則評論 · 338 張相片,5 個月前,2 顆星,有載具也不主動問，人家問了又說來不及了，老闆 懂環保嗎
茶の魔手-台南武聖店,蔡雨靜,1 則評論,5 個月前,5 顆星,
茶の魔手-台南武聖店,CRK Wang,在地嚮導 · 185 則評論 · 598 張相片,6 個月前,2 顆星,每次都點青梅綠微糖，但是甜度都不一樣，一下很甜一下喝起來像無糖很澀，希望店長能夠重視
茶の魔手-台南武聖店,Sukie R,在地嚮導 · 10 則評論 · 6 張相片,8 個月前,1 顆星,"在點餐人不多時，還能搞不清顧客的訂單，出單時詢問品項還說不是我的，整杯飲料被晚來的人拿走，害我浪費時間在那邊等！
到底為什麼先收錢不會認客人還不給號碼單之類的
天氣很熱，火氣都上來"
茶の魔手-台南武聖店,jojonicole Kao,在地嚮導 · 8 則評論 · 1 張相片,8 個月前,4 顆星,
茶の魔手-台南武聖店,weison,12 則評論 · 1 張相片,10 個月前,2 顆星,早班戴眼鏡的小帥哥， 工作若要板著臉，一臉厭煩，這麼心不甘情不願的態度，真的很糟糕
茶の魔手-台南武聖店,顗鉉賴,在地嚮導 · 208 則評論 · 33 張相片,10 個月前,5 顆星,最好喝的奶香瀟洱
茶の魔手-台南武聖店,小芭,"在地嚮導 · 467 則評論 · 5,566 張相片",1 年前,4 顆星,店員看起來很想下班，方便臨停，他們這家的蜂蜜就算微蜜也跟全蜜一樣，只能台灣pay跟現金。
茶の魔手-台南武聖店,蕭明筠,3 則評論 · 1 張相片,1 年前,3 顆星,
茶の魔手-台南武聖店,八嘎,7 則評論,1 年前,5 顆星,
茶の魔手-台南武聖店,留言機器人,2 則評論,1 年前,1 顆星,我只能說我買的這邊他們推薦的梅子綠茶除了能拿來冰敷我的智齒其他優點都沒有 再來店員態度超差講話直接在超級裡面邊 做自己的事邊講 啊明明就有兩個店員為什麼不一個做事一個幫忙結帳 另一個就在那邊看戲當啞巴 我只能說這間店能活著全靠武聖夜市的人流在撐 因為上述原因我覺得送他們六顆星完全沒問題（多一顆星就是變這樣😀
茶の魔手-台南武聖店,Cheng Kang,在地嚮導 · 91 則評論 · 639 張相片,1 年前,5 顆星,
茶の魔手-台南武聖店,包龍星,8 則評論 · 2 張相片,1 年前,5 顆星,店員有夠ㄅ棒
茶の魔手-台南武聖店,夜阁主•憍,在地嚮導 · 42 則評論 · 14 張相片,1 年前,5 顆星,"4/29 晚上9：30左右,上班的姐姐辛苦了！！
態度真的很好,她哪怕很忙還是會用溫暖的微笑面對每一個客人😃 …"
茶の魔手-台南武聖店,845098王緯翔,2 則評論 · 2 張相片,2 年前,5 顆星,"上班路上都會經過,去買的時候發現意外的好喝,大推！"
茶の魔手-台南武聖店,王緯翔,1 則評論,2 年前,5 顆星,"去逛夜市必買,態度好！"
茶の魔手-台南武聖店,Missy,2 則評論,2 年前,5 顆星,"長髮女店員態度很好
很會講話"
茶の魔手-台南武聖店,胡得,12 則評論 · 4 張相片,2 年前,5 顆星,店員親切會跟客人聊天，飲料好喝
茶の魔手-台南武聖店,Danny,在地嚮導 · 70 則評論 · 12 張相片,2 年前,1 顆星,超級誇張點微微，喝完還有半杯的冰，可以再誇張一點，漲價也漲了，茶魔都沒有在控制分店的品質嗎，已經好幾次遇到冰都沒有微微，這樣詐欺看你們能開多久，以後都不喝茶魔了。
茶の魔手-台南武聖店,陳華中,7 則評論,2 年前,1 顆星,以前純茶類味道都蠻正常的，最近這兩個月買，常常買到喝起來完全沒味道，跟喝水一樣，品質控管非常糟糕，跟武聖二店那間一樣（全家對面），不知道是不是同一個老闆
茶の魔手-台南武聖店,丸子,在地嚮導 · 18 則評論 · 29 張相片,2 年前,5 顆星,
茶の魔手-台南武聖店,Jason,在地嚮導 · 14 則評論 · 7 張相片,2 年前,1 顆星,店員小姐態度極差，不開心可以離職不要口氣差臉又那麼臭，來買飲料不是來受氣的💁🏾‍♂️
茶の魔手-台南武聖店,荒唐事不休,2 則評論,2 年前,1 顆星,"2022/09/04 下午快四點，第一次點珍珠烏龍奶茶，不知是被男店員還是店長用""命令後輩語氣態度""告知此店不賣珍珠只賣波霸，要珍珠去另一間買。我就差沒當奧客當面嗆請問沒賣珍珠怎不修改menu把珍珠相關飲品刪除?? 客人應該被你教育教訓?"
茶の魔手-台南武聖店,弱勢兒童強勢出擊,"在地嚮導 · 379 則評論 · 2,426 張相片",2 年前,5 顆星,喝飲料，專業迅速。
茶の魔手-台南武聖店,王培潔,在地嚮導 · 47 則評論 · 54 張相片,2 年前,1 顆星,買了普洱茶喝起來像喝冰水，還有一個長髮女生臉很臭
茶の魔手-台南武聖店,Wen Shih,在地嚮導 · 41 則評論 · 5 張相片,2 年前,1 顆星,"今天去買飲料
是紅髮男生幫我結帳的
沒說謝謝沒關係
但錢找錯好歹說聲不好意思吧
連問話回答的也不是他
後來飲料好了
有買袋子也沒給
現場沒有很忙 加我才兩位
看他態度那麼差我也不想跟他要了=="
茶の魔手-台南武聖店,Rui,10 則評論 · 3 張相片,2 年前,5 顆星,店員親切，熱心給予幫助，祝生意興隆！
茶の魔手-台南武聖店,kevin_GoogleAccount,"在地嚮導 · 1,094 則評論 · 8,071 張相片",3 年前,5 顆星,店員主動不加價升級特大杯，真的很好喝
茶の魔手-台南武聖店,鄭運珈,17 則評論 · 3 張相片,3 年前,3 顆星,
茶の魔手-台南武聖店,林蘋蘋,1 則評論,3 年前,5 顆星,
茶の魔手-台南武聖店,陳致穎,,3 年前,5 顆星,
茶の魔手-台南武聖店,柏愷（愷哥）,在地嚮導 · 27 則評論 · 47 張相片,4 年前,4 顆星,
茶の魔手-台南武聖店,Yolanda,在地嚮導 · 88 則評論 · 1 張相片,5 年前,4 顆星,
茶の魔手-台南武聖店,李小孟,在地嚮導 · 91 則評論 · 335 張相片,5 年前,3 顆星,
茶の魔手-台南武聖店,夏語沁,在地嚮導 · 68 則評論 · 17 張相片,5 年前,1 顆星,超難吃的波霸奶茶喝一口就不行了 珍珠超級爛 超級黏 一整坨 很難吃 最難吃的茶魔...............倒掉再聯絡
茶の魔手-台南武聖店,晨曦,在地嚮導 · 173 則評論 · 553 張相片,5 年前,3 顆星,
茶の魔手-台南武聖店,陳世侃,在地嚮導 · 45 則評論 · 3 張相片,5 年前,3 顆星,
茶の魔手-台南武聖店,陳律維,10 則評論 · 1 張相片,5 年前,5 顆星,服務優質
茶の魔手-台南武聖店,劉志民（豆）,"在地嚮導 · 9 則評論 · 2,201 張相片",5 年前,5 顆星,
茶の魔手-台南武聖店,李銘駿,7 則評論 · 6 張相片,5 年前,5 顆星,
茶の魔手-台南武聖店,紹平楊,8 則評論 · 1 張相片,5 年前,5 顆星,
茶の魔手-台南武聖店,陳冠宇,,5 年前,1 顆星,
茶の魔手-台南武聖店,Mega Chen,在地嚮導 · 450 則評論 · 523 張相片,5 年前,4 顆星,
茶の魔手-台南武聖店,徐國棟,在地嚮導 · 3 則評論 · 3 張相片,5 年前,3 顆星,
茶の魔手-台南武聖店,王建凱,在地嚮導 · 8 則評論,5 年前,5 顆星,
茶の魔手-台南武聖店,賴姵伶,在地嚮導 · 66 則評論 · 29 張相片,6 年前,4 顆星,品質維持不錯
茶の魔手-台南武聖店,Ray Chen,"在地嚮導 · 1,327 則評論 · 16,380 張相片",6 年前,4 顆星,梅子綠茶好喝👍 …
茶の魔手-台南武聖店,鍾年祐,"在地嚮導 · 315 則評論 · 1,128 張相片",6 年前,5 顆星,
茶の魔手-台南武聖店,盧冠霖,在地嚮導 · 21 則評論 · 19 張相片,6 年前,4 顆星,
茶の魔手-台南武聖店,nrtceh chen,"在地嚮導 · 2,730 則評論 · 50,364 張相片",7 年前,5 顆星,"今日前去，有2男1女。
飲料好喝，服務一流"
茶の魔手-台南武聖店,Hante,在地嚮導 · 16 則評論 · 13 張相片,8 年前,5 顆星,服務超好的，飲料更好喝
茶之魔手 - 武聖二店,蕭苡岑,,3 週前,5 顆星,
茶之魔手 - 武聖二店,Yuchi Huang,在地嚮導 · 23 則評論 · 13 張相片,3 週前,5 顆星,3/28晚上8:00的妹仔超親切！服務超級好～怕我們不習慣，還讓我們試喝確認味道～超級大感謝！
茶之魔手 - 武聖二店,90%off,在地嚮導 · 656 則評論 · 466 張相片,1 個月前,5 顆星,"茶魔是一個開箱好壞店員的地方
但在這家早晚兩次來
都遇到態度好的店員
喜歡"
茶之魔手 - 武聖二店,蕭美櫻,"在地嚮導 · 91 則評論 · 3,181 張相片",5 個月前,4 顆星,
茶之魔手 - 武聖二店,Am Holl,6 則評論 · 12 張相片,7 個月前,1 顆星,
茶之魔手 - 武聖二店,十三,4 則評論 · 2 張相片,9 個月前,5 顆星,"沒注意看電燈已經關了
還下車點餐
謝謝6/28晚上9:21還特別通融讓我點餐的男生店員🙏"
茶之魔手 - 武聖二店,林,在地嚮導 · 101 則評論 · 4 張相片,9 個月前,1 顆星,"06/28 11:00至店買飲料
一顆星都不想給 ，我只有百鈔
你們店家也不能刷卡和行動支付
店員還指責罵我為什麼不換錢？
請問這是店家該有的水準嗎？？？
還頭一次遇到這樣 ，刷新我三觀！"
茶之魔手 - 武聖二店,Ning,在地嚮導 · 1 則評論 · 6 張相片,11 個月前,5 顆星,
茶之魔手 - 武聖二店,清展王,在地嚮導 · 2 則評論,1 年前,4 顆星,
茶之魔手 - 武聖二店,Teemo,17 則評論 · 2 張相片,1 年前,1 顆星,"3/23晚上八點半左右去買飲料
員工還在戴耳機邊講電話 有客人還在講
點完餐還在跟電話中的人聊天說還有什麼茶之類的 可以尊重一下客人嗎？也只有我一個人點飲料而已 兩杯飲料等了5-10分鐘就算了還給錯吸管 點了鮮奶茶喝起來卻有青茶的味道
這感覺真的很差 不會再來第二次了"
茶之魔手 - 武聖二店,劉寶民,1 則評論,1 年前,4 顆星,請老闆或店長向總公司反應一下～我常買你們家的茶。最近幾次發現冰箱有茶流一地，檢查杯子封口沒破，卻有一兩杯茶容量剩一半，最後發現杯體ㄌㄡˇ空字體處會有茶漏出！！已經好幾次了，請反應給公司改善杯體設計好嗎？
茶之魔手 - 武聖二店,Candy Momo,在地嚮導 · 29 則評論,1 年前,2 顆星,"點青茶，一杯30元，好像在喝家裡的白開水。
珍珠烏龍，一杯35，珍珠過軟，烏龍茶一樣跟水一樣。（本來想說為何小孩不太喝，他們最愛喝這類飲品，自己喝就找到原因）"
茶之魔手 - 武聖二店,蔡承恩,在地嚮導 · 21 則評論 · 19 張相片,1 年前,1 顆星,打電話叫外送，連點都還沒點就說要一個小時，可能店裡沒人我能接受，但一聽到我能接受，又立馬改口要一個多小時==不想送直接說沒有外送就好，真的不能接受這樣瞎掰欸。
茶之魔手 - 武聖二店,八嘎,7 則評論,1 年前,5 顆星,
茶之魔手 - 武聖二店,侯君達,2 則評論,1 年前,1 顆星,先來的不先泡先泡別人的
茶之魔手 - 武聖二店,呂細鳳,在地嚮導 · 17 則評論 · 2 張相片,1 年前,4 顆星,好喝
茶之魔手 - 武聖二店,維哲林,6 則評論,1 年前,1 顆星,阿到底去9點還是10點休息
茶之魔手 - 武聖二店,林學彥,8 則評論 · 3 張相片,2 年前,5 顆星,剛剛去問了店員小姐有沒有廢棄的紙箱，小姐的態度超親切，原本打算要回去買飲料謝謝店員，結果已經打烊了，下次來台南一定光顧！謝謝那位店員的幫助👍 …
茶之魔手 - 武聖二店,ふゆね,在地嚮導 · 7 則評論 · 11 張相片,2 年前,5 顆星,
茶之魔手 - 武聖二店,Vans 9418,11 則評論,2 年前,1 顆星,"這家真的不好,每次要甚麼沒甚麼,飲料糖度冰塊都亂做,服務態度又爛"
茶之魔手 - 武聖二店,HLhorn,3 則評論,2 年前,1 顆星,晚班一位身高很不一般的男店員，收錢找錢後不給發票，開口詢問沒給發票，只回答後面有其他人要點餐，要求離開櫃檯，再次要求給發票，結果回應發票還在跑，拒絕立刻給。後來店員堅持要現場所有客人都點完，再把全部發票放櫃臺讓大家找自己的拿取，不知道茶的魔手為什麼會用這種造成顧客困擾的點餐方式？
茶之魔手 - 武聖二店,胖達爸爸,14 則評論 · 3 張相片,2 年前,1 顆星,服務態度爛到爆，我明明買五杯卻沒有買五送一，理由是一開始沒有說，時間誤差沒有超過15秒！！！我聽你說謊！
茶之魔手 - 武聖二店,陳華中,7 則評論,2 年前,1 顆星,"早班店員態度非常不好。
店員戴耳機又帶口罩講話很小聲，在確認我點的茶飲是什麼，問了我兩次我都聽不懂再問什麼，我第三次詢問他說什麼，直接臉超臭很兇的吼我，我耐心好聲好氣的不跟你計較你帶耳機講話又小聲，倒是先對我發脾氣。
飲料拿回家後發現我叫的微冰居然整杯都是冰！其中點的青茶全都是水味。

貴店員工教育做的真好，臉臭、講話又衝、態度很跩，飲料還泡的亂七八糟"
茶之魔手 - 武聖二店,皮皮,2 則評論,2 年前,1 顆星,明明買純茶類 卻用750的杯子？？
茶之魔手 - 武聖二店,蘇文弘,1 則評論,2 年前,1 顆星,說了正常甜 給我無糖
茶之魔手 - 武聖二店,慈慈,7 則評論 · 6 張相片,3 年前,5 顆星,
茶之魔手 - 武聖二店,顏偉傑,4 則評論 · 1 張相片,3 年前,1 顆星,"我有購買一杯飲品 要加料 當下沒有要飲用
要求店家分開裝 也表示承擔塑膠杯的費用
可是店家卻不同意 服務態度有待改善"
茶之魔手 - 武聖二店,陳致穎,在地嚮導 · 38 則評論 · 3 張相片,3 年前,5 顆星,"看到某樓的說冰太多
感覺好像不常喝飲料內
少冰是八分冰
如果不能喝太多冰要叫微冰或是小碎冰

飲料煮的很有味道哦～"
茶之魔手 - 武聖二店,Dylan Chen,"在地嚮導 · 311 則評論 · 1,313 張相片",3 年前,4 顆星,
茶之魔手 - 武聖二店,sam_寶哥 shih,在地嚮導 · 63 則評論 · 232 張相片,3 年前,1 顆星,要少冰，都說不能吃冰，還是半杯冰。
茶之魔手 - 武聖二店,賴漢禹,"在地嚮導 · 446 則評論 · 7,309 張相片",3 年前,3 顆星,夏天天氣炎熱，買杯冷飲降降火氣。
茶之魔手 - 武聖二店,蔡鎮鴻,在地嚮導 · 22 則評論 · 2 張相片,3 年前,5 顆星,
茶之魔手 - 武聖二店,尚源企業社,在地嚮導 · 201 則評論 · 166 張相片,3 年前,4 顆星,
茶之魔手 - 武聖二店,柏縉陳,在地嚮導 · 4 則評論,4 年前,5 顆星,店員小姐真美麗
茶之魔手 - 武聖二店,生活意義,10 則評論,4 年前,1 顆星,以前服務生態度還好，現在白天班這個，像欠他會錢似的，爛的要命
茶之魔手 - 武聖二店,陳昱齊,5 則評論 · 2 張相片,5 年前,1 顆星,
茶之魔手 - 武聖二店,Karim Djaoui,在地嚮導 · 177 則評論 · 161 張相片,5 年前,4 顆星,夜市是嘗試當地美食如燒烤火鍋的好地方...
茶之魔手 - 武聖二店,tasy weast,在地嚮導 · 356 則評論 · 388 張相片,6 年前,5 顆星,
茶之魔手 - 武聖二店,許小慶,在地嚮導 · 38 則評論 · 33 張相片,6 年前,4 顆星,
茶之魔手 - 武聖二店,楊忠憲,在地嚮導 · 47 則評論 · 37 張相片,6 年前,5 顆星,很棒
茶之魔手 - 武聖二店,莊芷涵,在地嚮導 · 15 則評論 · 3 張相片,6 年前,5 顆星,
茶之魔手 - 武聖二店,穎川雪,在地嚮導 · 10 則評論 · 38 張相片,6 年前,5 顆星,
茶之魔手 - 武聖二店,Hensan Chen,"在地嚮導 · 279 則評論 · 5,666 張相片",6 年前,5 顆星,
茶之魔手 - 武聖二店,Hank Lai,在地嚮導 · 19 則評論 · 1 張相片,7 年前,5 顆星,
金村 香噴三角骨 爆炸大魷魚 武聖店,Q,"在地嚮導 · 2,067 則評論 · 3,873 張相片",2 週前,4 顆星,不錯
金村 香噴三角骨 爆炸大魷魚 武聖店,靖慈,在地嚮導 · 16 則評論 · 7 張相片,1 個月前,2 顆星,"120魷魚吃兩口 覺得不新鮮
個人口味"
金村 香噴三角骨 爆炸大魷魚 武聖店,Elma,在地嚮導 · 286 則評論 · 507 張相片,3 個月前,3 顆星,鹽行夜市的三角骨沒有以前好吃變很油，不會再回購了！而且份量變少，以前大份100元是兩包，現在買一百大概只有80元的份量。
金村 香噴三角骨 爆炸大魷魚 武聖店,詹佩臻,5 則評論 · 5 張相片,4 個月前,5 顆星,
金村 香噴三角骨 爆炸大魷魚 武聖店,蔡1一淮庭,2 則評論,4 個月前,5 顆星,服務態度超好
金村 香噴三角骨 爆炸大魷魚 武聖店,小手收,在地嚮導 · 89 則評論 · 4 張相片,10 個月前,5 顆星,超神三角骨 賊香
金村 香噴三角骨 爆炸大魷魚 武聖店,S.C,在地嚮導 · 9 則評論 · 7 張相片,11 個月前,5 顆星,好吃
金村 香噴三角骨 爆炸大魷魚 武聖店,黃詩涵,在地嚮導 · 78 則評論 · 44 張相片,1 年前,5 顆星,爆炸好吃的三角骨，老公買過一次吃了驚為天人！第一次吃到這麼多肉的三角骨，重點是還不油超推，還沒吃過的一定要嚐嚐看
金村 香噴三角骨 爆炸大魷魚 武聖店,朱映融,251 則評論,1 年前,5 顆星,份量挺大的，價錢也算合理，重點是東西好吃，不知不覺就把三角骨嗑完了，魷魚加一點辣，還有蒜頭、洋蔥，幾者比例調配起來剛剛好，吃起來不會很膩。
金村 香噴三角骨 爆炸大魷魚 武聖店,蘇靜雯,在地嚮導 · 27 則評論 · 1 張相片,1 年前,5 顆星,好吃
金村 香噴三角骨 爆炸大魷魚 武聖店,金玉の旅遊部落格,"在地嚮導 · 266 則評論 · 1,689 張相片",1 年前,5 顆星,"從國中就很愛吃學校附近的三角骨 大學來到台南後看到三角骨幾乎都會吸引我去買來吃！
吃過了好幾間後 完全找不到 當初的滋味 不是炸過頭就是太乾 胡椒粉不香⋯ 真的想放棄尋找記憶中的那個味道了⋯⋯
同事突然提到 金村三角骨後 完全讓我起了興趣！！ ！
距離我目前住的地方還蠻遠的 想說跟金村沒緣份了 ⋯⋯
竟然又有另外一個同事跟我提到！？ 這下真的不得不嚐鮮一下了啦！！
-
因為沒有佳里安西夜市的 所以跑來這裡留評論～～ 不管是鹽行夜市還是安西夜市都是必備排隊才買得到🥺⋯
早點到也是得排隊 只是不會等很久！
排隊不會太久 一鍋一鍋現炸 很快～
這次也有漲價 最低要$60元一份 認真說$60元一份 份量算蠻多的 加上不太喜歡吃炸物的男友竟然也跟我說很好吃！三角骨有醃過很香！加上獨門胡椒粉更香！
而且每次買都是現炸 熱熱的吃 炸的剛剛好的三角骨 真的是我的一大享受欸 尤其是吃到記憶之的三角骨～～
第一次買直接200元 發現回家根本沒人吃 最後都很收斂買個一份或者100元 自己可以吃的完的量就好🤣
真的真的很怕買不夠自己吃不夠！ 還是不要過多的好 有一次買太多很膩哈哈哈哈哈！
魷魚也很推！ 配料給的超級滿！魷魚也很新鮮下去炸～～ 魷魚店員都會排隊的時候詢問有沒有人要買 會一起下去炸～ 這樣輪到自己的時候就不用等 可以現拿🤩
-
竹籤要自己拿的樣子 買完後發現沒有竹籤又回去拿了😂
總而言之真的超級推的啦！
不枉費排隊買 想要屑屑可以告知就會給囉～ 只是放到隔夜太油了 最後也不會要了😂"
金村 香噴三角骨 爆炸大魷魚 武聖店,艾橙,"在地嚮導 · 584 則評論 · 8,828 張相片",1 年前,3 顆星,武聖夜市；明明現點，但是拿的是放在旁邊已經冷掉的給客人，吃2塊就覺得膩了，優點是份量還算大
金村 香噴三角骨 爆炸大魷魚 武聖店,X DE,5 則評論,1 年前,5 顆星,很好吃，我媽媽很喜歡，說不會油，今天會在那裡擺攤？我們都是在復華夜市買的
金村 香噴三角骨 爆炸大魷魚 武聖店,Elaine Chen,15 則評論 · 7 張相片,1 年前,3 顆星,有人發現嗎？上週五去復華夜市買，覺得變不好吃
味珍白糖粿武聖夜市分店,熊貓大師,在地嚮導 · 27 則評論 · 36 張相片,3 個月前,1 顆星,不給兌換就別害人白跑一趟，去了找一圈都沒看到有開的實在是無言......
味珍白糖粿武聖夜市分店,C.C.L,在地嚮導 · 43 則評論 · 1 張相片,5 個月前,5 顆星,第一次買白糖粿，選了抹茶和梅子口味，咬下去外酥內Q，熱熱吃真的好吃😋，外面粉也增添了風味，會讓我ㄧ直回想的好滋味
味珍白糖粿武聖夜市分店,• impenny,"在地嚮導 · 1,164 則評論 · 4,976 張相片",9 個月前,5 顆星,"白糖粿有很多口味粉可以加
年糕也滿好吃的 要是有紅豆口味更棒"
味珍白糖粿武聖夜市分店,Karis Cheng,在地嚮導 · 17 則評論 · 3 張相片,10 個月前,5 顆星,
阿美嬤紅茶奶-武聖店,林怡岑,在地嚮導 · 15 則評論 · 25 張相片,1 個月前,5 顆星,服務人員親切，飯糰好吃😋
阿美嬤紅茶奶-武聖店,Camilla,在地嚮導 · 493 則評論 · 14 張相片,1 個月前,5 顆星,紅茶牛奶好喝，不會很甜。
阿美嬤紅茶奶-武聖店,金城武,"在地嚮導 · 561 則評論 · 4,534 張相片",2 個月前,1 顆星,單喝紅茶又苦又澀，隨便一家連鎖的紅茶都不會長這個樣子
阿美嬤紅茶奶-武聖店,Winnie,在地嚮導 · 74 則評論 · 139 張相片,2 個月前,5 顆星,"只要去夜市就一定會買的手搖飲料
👍🏻"
阿美嬤紅茶奶-武聖店,貓貓,"在地嚮導 · 871 則評論 · 2,095 張相片",4 個月前,3 顆星,奶茶有點太甜 喝到最後很口渴
阿美嬤紅茶奶-武聖店,yeah7623,19 則評論 · 3 張相片,6 個月前,5 顆星,來台南這幾天喝到最好喝的飲料
阿美嬤紅茶奶-武聖店,ki aissy,在地嚮導 · 485 則評論 · 616 張相片,6 個月前,3 顆星,紅茶牛奶，茶味苦苦的
阿美嬤紅茶奶-武聖店,高速婆婆,在地嚮導 · 106 則評論 · 3 張相片,7 個月前,5 顆星,好想再喝一次 好喝！
阿美嬤紅茶奶-武聖店,Bobo Co,在地嚮導 · 498 則評論 · 462 張相片,8 個月前,5 顆星,"來這邊喝一個可愛 踩點的概念
店家非常親切
感覺不錯👍 …"
阿美嬤紅茶奶-武聖店,想瘦的女孩,在地嚮導 · 21 則評論 · 1 張相片,8 個月前,3 顆星,紅茶牛奶偏普通試過一次就好
阿美嬤紅茶奶-武聖店,Cy,10 則評論,8 個月前,5 顆星,
阿美嬤紅茶奶-武聖店,YING,在地嚮導 · 72 則評論 · 31 張相片,9 個月前,2 顆星,在新竹巨城快閃店買了70元雷夢紅茶，小孩說味道很奇怪，我和先生各喝了一口也是一種說不上來的味道，有點類似清潔劑？後來整杯倒掉了。另外有購買罐裝冷泡茶味道是ok的。
阿美嬤紅茶奶-武聖店,吳莉穎（Phoebe）,4 則評論 · 4 張相片,1 年前,5 顆星,
阿美嬤紅茶奶-武聖店,溫蒂,8 則評論 · 4 張相片,1 年前,1 顆星,"在武聖夜市。 買 紅茶去冰   只有八分滿
這真的很不行。終於知道
為什麼別間生意好
這間生意差"
阿美嬤紅茶奶-武聖店,小毓,在地嚮導 · 29 則評論 · 6 張相片,1 年前,1 顆星,在武聖夜市擺攤的店員口氣很差
阿美嬤紅茶奶-武聖店,阿星阿星,在地嚮導 · 18 則評論,1 年前,5 顆星,
阿美嬤紅茶奶-武聖店,王瑜,在地嚮導 · 20 則評論 · 7 張相片,1 年前,5 顆星,
阿美嬤紅茶奶-武聖店,好運西瓜,6 則評論 · 4 張相片,1 年前,5 顆星,朋友推薦的 雖然我很討厭排隊 但值得 還不錯👍
阿美嬤紅茶奶-武聖店,Kristy Lin,"在地嚮導 · 670 則評論 · 13,989 張相片",1 年前,5 顆星,紅茶牛奶大推，好喝到爆炸！
阿美嬤紅茶奶-武聖店,시윤 ིྀ,在地嚮導 · 61 則評論 · 149 張相片,1 年前,5 顆星,好好喝ㄟ 奶茶真的很好喝  朋友外帶給我的 不然我根本不知道這間！推推
阿美嬤紅茶奶-武聖店,maggie Tim,56 則評論 · 9 張相片,1 年前,1 顆星,就一般紅茶鮮奶，拿到時茶量只有8分滿，還正常冰，瞎爆，絕對不會再買的雷店
阿美嬤紅茶奶-武聖店,拗寶,"在地嚮導 · 137 則評論 · 1,009 張相片",1 年前,3 顆星,"大東東夜市。
蠻多人排隊的，紅茶牛奶很普通，以價位來說不值得。"
阿美嬤紅茶奶-武聖店,蔡旻軒,"在地嚮導 · 480 則評論 · 4,430 張相片",1 年前,5 顆星,飲料好喝是古早味紅茶，服務員非常親切地幫我們拍照
阿美嬤紅茶奶-武聖店,星球過客（Planet Traveler）,在地嚮導 · 190 則評論 · 184 張相片,1 年前,1 顆星,
阿美嬤紅茶奶-武聖店,Favorite Ryan,在地嚮導 · 272 則評論 · 370 張相片,1 年前,5 顆星,"真的好喝 、茶味重
看美女處理好像還好、結果還沒拍照 整路喝就結束了⋯有北部快閃 可以通知一下。"
阿美嬤紅茶奶-武聖店,Ov O,在地嚮導 · 191 則評論 · 736 張相片,1 年前,1 顆星,"個人紀錄
台南夜市
不值得排這麼久"
阿美嬤紅茶奶-武聖店,Kai,在地嚮導 · 113 則評論 · 457 張相片,1 年前,5 顆星,
阿美嬤紅茶奶-武聖店,愛吃的豬豬,117 則評論 · 377 張相片,1 年前,5 顆星,紅茶牛奶很好喝 但是60元有點貴
阿美嬤紅茶奶-武聖店,蘇（妞）,在地嚮導 · 764 則評論 · 716 張相片,1 年前,4 顆星,紅茶☕️牛奶還可以，袋子裝很不方便
阿美嬤紅茶奶-武聖店,Percival Huang,在地嚮導 · 328 則評論 · 644 張相片,1 年前,5 顆星,紅茶牛奶：🌕🌕🌕🌗🌑 …
阿美嬤紅茶奶-武聖店,柯科,在地嚮導 · 487 則評論 · 641 張相片,1 年前,5 顆星,新竹巨城快閃，一定要來喝一杯，紅茶牛奶❤️，傳統的味道果然經典🥳 …
阿美嬤紅茶奶-武聖店,liang Liang,"356 則評論 · 1,347 張相片",1 年前,3 顆星,新竹巨城快閃店買的，包裝設計還不錯，ㄧ杯紅茶牛奶80元價格偏高。
阿美嬤紅茶奶-武聖店,CC Chen,"在地嚮導 · 908 則評論 · 3,355 張相片",1 年前,2 顆星,"新竹巨城快閃店 一杯80元 感覺沒那樣好喝 特別的味道
（20230806）"
阿美嬤紅茶奶-武聖店,Lexie Wu,在地嚮導 · 25 則評論 · 17 張相片,1 年前,2 顆星,這紅茶鮮奶真的不行，就是牛排店的古早味紅茶加鮮奶的味道，一袋60元，cp值低。但不能只有我看到前面那麼多評價去買，推薦客官買來自己體會。
阿美嬤紅茶奶-武聖店,S I,在地嚮導 · 226 則評論 · 272 張相片,1 年前,4 顆星,"很好喝 味道很夠
包裝很文青 很可愛"
阿美嬤紅茶奶-武聖店,Deary,在地嚮導 · 300 則評論 · 635 張相片,1 年前,5 顆星,"好喝的紅茶奶必須推薦
分別在大東跟武聖夜市擺攤
現在一袋是60元

沒有現喝會有點不方便，插著吸管沒有提好感覺會漏"
阿美嬤紅茶奶-武聖店,楊于萱,在地嚮導 · 275 則評論 · 771 張相片,1 年前,5 顆星,超讚的奶茶，心中的第一名奶茶👍 …
阿美嬤紅茶奶-武聖店,Corrie Deng,在地嚮導 · 127 則評論 · 473 張相片,1 年前,5 顆星,"鮮奶味很濃醇
屬於微糖以上半糖以下的甜度
整體喝起來很順口"
阿美嬤紅茶奶-武聖店,EVEN CHENG,在地嚮導 · 49 則評論 · 983 張相片,1 年前,5 顆星,紅茶牛奶好喝👍🏼 …
阿美嬤紅茶奶-武聖店,Ann,在地嚮導 · 523 則評論 · 840 張相片,2 年前,1 顆星,帶有咖啡味，包裝拿著不方便
阿美嬤紅茶奶-武聖店,何雅青,在地嚮導 · 71 則評論 · 72 張相片,2 年前,5 顆星,我在大東夜市買的，滑順奶茶不膩口帶點咖啡香。配夜市滷味和蔥油餅都很搭配
阿美嬤紅茶奶-武聖店,Jessie Huang,13 則評論 · 6 張相片,2 年前,5 顆星,茶香味濃厚的奶茶，超好喝！
阿美嬤紅茶奶-武聖店,Tiffany Lin,在地嚮導 · 146 則評論 · 392 張相片,2 年前,5 顆星,沒有調甜度，差點以為會被台南的甜度齁死，結果超好喝，推推🤍 …
阿美嬤紅茶奶-武聖店,Ya-Jing Yang,在地嚮導 · 35 則評論 · 118 張相片,2 年前,5 顆星,"很好喝～
第一次是聽人家推薦去買的
結果喝一口之後決定離開夜市前再外帶兩杯 …"
阿美嬤紅茶奶-武聖店,Zheng Tuto,6 則評論,2 年前,5 顆星,好喝
阿美嬤紅茶奶-武聖店,H sing,在地嚮導 · 52 則評論 · 50 張相片,2 年前,5 顆星,超好喝耶 以後來台南，有好喝的飲料了
阿美嬤紅茶奶-武聖店,Mia Chen,在地嚮導 · 70 則評論 · 18 張相片,2 年前,5 顆星,紅茶牛奶超級好喝👍👍👍👍👍👍 …
阿美嬤紅茶奶-武聖店,周育寧,在地嚮導 · 18 則評論 · 30 張相片,2 年前,5 顆星,
阿美嬤紅茶奶-武聖店,Jay Hong,"在地嚮導 · 258 則評論 · 7,360 張相片",2 年前,4 顆星,
阿美嬤紅茶奶-武聖店,Ruby hair,在地嚮導 · 9 則評論 · 34 張相片,2 年前,5 顆星,"好喝到瘋掉！
連不太喝飲料的男友也後悔沒多買👍🏻👍🏻👍🏻👍🏻 …"
阿美嬤紅茶奶-武聖店,Aurora Liau,在地嚮導 · 12 則評論,2 年前,4 顆星,
阿美嬤紅茶奶-武聖店,W_,在地嚮導 · 41 則評論 · 67 張相片,2 年前,5 顆星,
阿美嬤紅茶奶-武聖店,燕繡,14 則評論 · 2 張相片,2 年前,5 顆星,這紅茶的味道 讚讚耶！有點像韓國的咖啡牛奶味道，也不是一般常見的決明子紅茶，直接加買紅茶牛奶！冰冰很好喝，而且值得一提的是加了鮮奶並沒有沖淡茶本身的香味～很讚讚
阿美嬤紅茶奶-武聖店,kevin_GoogleAccount,"在地嚮導 · 1,094 則評論 · 8,071 張相片",2 年前,5 顆星,濃紅茶非常濃厚有味道。超級推薦鮮奶紅茶，超濃超香，外面很少喝到呀👍🏼👍🏼👍🏼 …
阿美嬤紅茶奶-武聖店,TSUNG-YU LIN,在地嚮導 · 361 則評論 · 676 張相片,2 年前,5 顆星,
阿美嬤紅茶奶-武聖店,島田半藏,68 則評論,3 年前,5 顆星,"這陣子喝過最好喝ㄉ鮮奶茶
老闆看我女友正，直接免費送她一杯
人正真這陣子喝過最好喝ㄉ鮮奶茶 …"
鏢漢燒烤宵夜食堂 （非酒吧）,Chun Sian Lee,在地嚮導,1 個月前,5 顆星,
鏢漢燒烤宵夜食堂 （非酒吧）,yuan,3 則評論,1 個月前,5 顆星,"點了一次外送 好吃 超香👍
都想下次直接帶女朋友去店裡約會"
鏢漢燒烤宵夜食堂 （非酒吧）,叮小噹,在地嚮導 · 31 則評論 · 12 張相片,1 個月前,1 顆星,"爛透了
一個炒飯是要等多久
是要等母雞下蛋484
就一個客人
等半小時一份炒飯"
鏢漢燒烤宵夜食堂 （非酒吧）,林依舊（依舊）,2 則評論 · 4 張相片,2 個月前,5 顆星,
鏢漢燒烤宵夜食堂 （非酒吧）,張立凱,1 則評論,5 個月前,1 顆星,"時不時半夜，在外面講話大小聲，各種噪音
四周住戶開始在反應。
小孩老人不是睡到一半被吵醒，
隔天要上班，也被吵的無法入睡"
鏢漢燒烤宵夜食堂 （非酒吧）,Brian Chen,在地嚮導 · 27 則評論 · 6 張相片,6 個月前,5 顆星,餐點現烤需要等一下，但份量很足、十分好吃
鏢漢燒烤宵夜食堂 （非酒吧）,JJ Liu,2 則評論,6 個月前,5 顆星,坐我旁邊的帥哥闆闆女友的店，某次員工餐叫了一回，吃過就忘不了的好味道🤟🏾
鏢漢燒烤宵夜食堂 （非酒吧）,豆花,在地嚮導 · 17 則評論 · 27 張相片,7 個月前,5 顆星,烤肉跟飯拌一起吃，超爽，非常美味可口
鏢漢燒烤宵夜食堂 （非酒吧）,林木木,在地嚮導 · 16 則評論 · 14 張相片,7 個月前,5 顆星,
鏢漢燒烤宵夜食堂 （非酒吧）,蘇煜翔,在地嚮導 · 45 則評論 · 8 張相片,8 個月前,5 顆星,"外送來還是熱的 好吃啊
加入愛店 有空去現場"
鏢漢燒烤宵夜食堂 （非酒吧）,謝燈,在地嚮導 · 31 則評論 · 6 張相片,8 個月前,1 顆星,"第二次來...一次煙味比一次重... 對於不抽菸的人
環境真的讓我掙扎..."
鏢漢燒烤宵夜食堂 （非酒吧）,是花花吖ئ,在地嚮導 · 124 則評論 · 206 張相片,10 個月前,5 顆星,意外的好吃😋半夜還有煎餃吃真的幸福❤️
鏢漢燒烤宵夜食堂 （非酒吧）,黃純樸黃純樸,在地嚮導 · 25 則評論 · 58 張相片,11 個月前,5 顆星,東西好吃又平價，感覺像是在家裡吃的感覺，沒有過多的裝璜。
鏢漢燒烤宵夜食堂 （非酒吧）,Allen,在地嚮導 · 29 則評論 · 6 張相片,11 個月前,5 顆星,烤肉飯好吃很大份，烤肉很入味，建議現場買，熊貓抽成太多，現場更有性價比
鏢漢燒烤宵夜食堂 （非酒吧）,薛予融,在地嚮導 · 40 則評論,11 個月前,5 顆星,
鏢漢燒烤宵夜食堂 （非酒吧）,董季穎,4 則評論,1 年前,5 顆星,店員人很好 服務態度超好👍
鏢漢燒烤宵夜食堂 （非酒吧）,Lucien Koscu,1 則評論,1 年前,2 顆星,來了兩次，食物不錯。不過兩次都有同樣的狀況，有顧客在不該抽菸的地方抽菸。對於怕煙味的我來說，是個折磨。
鏢漢燒烤宵夜食堂 （非酒吧）,ゴアキン,,1 年前,5 顆星,
鏢漢燒烤宵夜食堂 （非酒吧）,883B 057王繹翔,,1 年前,5 顆星,
鏢漢燒烤宵夜食堂 （非酒吧）,Run kui,在地嚮導 · 10 則評論 · 3 張相片,1 年前,5 顆星,
鏢漢燒烤宵夜食堂 （非酒吧）,CC CHANG,在地嚮導 · 84 則評論 · 2 張相片,1 年前,5 顆星,煎餃好吃
鏢漢燒烤宵夜食堂 （非酒吧）,陳玄聰,12 則評論 · 4 張相片,1 年前,5 顆星,服務員 東西好吃😋 …
鏢漢燒烤宵夜食堂 （非酒吧）,崔嘉斌,6 則評論,1 年前,5 顆星,烤肉好好吃，份量很夠，老闆娘人很親切熱情，很推薦的店家
鏢漢燒烤宵夜食堂 （非酒吧）,Gloria Lee,在地嚮導 · 77 則評論 · 102 張相片,1 年前,5 顆星,推推 醬燒奶油五花蛋炒飯很好吃！老闆娘服務態度很好~有機會會再回訪！
鏢漢燒烤宵夜食堂 （非酒吧）,以煙,1 則評論,1 年前,1 顆星,點了快500的東西外加一個炸醬麵，送來的份量少的可憐，份量就一個炒飯的盒子，泡麵更誇張，雖然味道不錯，但不會在點
鏢漢燒烤宵夜食堂 （非酒吧）,驊,10 則評論 · 5 張相片,1 年前,5 顆星,"謝謝老闆的可樂！但絕對點超過20次了自己的手機優惠用完就去用女友的哈哈哈！
很好吃下班回家宵夜唯一選擇！
很推薦大家點來吃！"
鏢漢燒烤宵夜食堂 （非酒吧）,小瑜,在地嚮導 · 26 則評論 · 3 張相片,1 年前,5 顆星,"炒飯超級頂今天點熊貓反應昨天飯軟硬度問題也有馬上調整還有多送🥺🥺
真的好吃到不敢在熊貓評論怕點不到🤣🤣 …"
鏢漢燒烤宵夜食堂 （非酒吧）,林修緯,在地嚮導 · 15 則評論,2 年前,5 顆星,
鏢漢燒烤宵夜食堂 （非酒吧）,黃智強,在地嚮導 · 2 則評論 · 33 張相片,2 年前,5 顆星,
鏢漢燒烤宵夜食堂 （非酒吧）,GTOCHU CHU (GTO),在地嚮導 · 1 則評論,2 年前,4 顆星,
鏢漢燒烤宵夜食堂 （非酒吧）,陳怡宏,在地嚮導 · 33 則評論 · 34 張相片,2 年前,5 顆星,路過很多次但都沒機會吃，今天剛好在Uber Eats 上看到想說點來吃吃看，結果超好吃！：）（好吃到來評論）底下給一星的那位你要不要自己烤自己煮？？
鏢漢燒烤宵夜食堂 （非酒吧）,龍崎嵐,在地嚮導 · 69 則評論 · 258 張相片,2 年前,5 顆星,相當好吃 而且好便宜
鏢漢燒烤宵夜食堂 （非酒吧）,Frank Hu,8 則評論 · 2 張相片,2 年前,5 顆星,
鏢漢燒烤宵夜食堂 （非酒吧）,張琮禮,13 則評論 · 1 張相片,2 年前,5 顆星,環境氣氛很棒，老闆親切，讓客人感覺很放鬆，👍 …
鏢漢燒烤宵夜食堂 （非酒吧）,Tainan Cocktail Bar,1 則評論 · 10 張相片,2 年前,1 顆星,
鏢漢燒烤宵夜食堂 （非酒吧）,黃宏澤,11 則評論 · 1 張相片,2 年前,5 顆星,沃草 這個炒飯超好吃 心中第一
鏢漢燒烤宵夜食堂 （非酒吧）,葉姵岑,在地嚮導 · 14 則評論 · 10 張相片,2 年前,1 顆星,難吃死了，炒飯沒炒均勻，燒烤也不入味🙄️ …
鏢漢燒烤宵夜食堂 （非酒吧）,吳紫涵,在地嚮導 · 12 則評論 · 19 張相片,2 年前,5 顆星,"季節特調「滿月」很讚！
而菜單能夠直接瞭解各飲品的酒精、酸度、甜度，都有標示出來，下次來台南會再訪❤️❤️
＊沒有限時間＊
＊建議可以先打電話訂位！＊"
鏢漢燒烤宵夜食堂 （非酒吧）,Ivy Su,10 則評論,2 年前,5 顆星,菜單很清楚、調酒師老闆人超好😍🥰很適合情侶朋友一起來放鬆！❤️❤️ …
鏢漢燒烤宵夜食堂 （非酒吧）,黃宣禺,7 則評論,2 年前,5 顆星,老闆人很好很好相處，店內環境舒適，是個可以心情放鬆一下的地方，推推！
鏢漢燒烤宵夜食堂 （非酒吧）,ERTY 7,在地嚮導 · 10 則評論 · 1 張相片,2 年前,5 顆星,氣氛很好的餐酒館，老闆調酒調的很好喝！裝潢也很不錯，是跟朋友聊天喝酒的好地方
鏢漢燒烤宵夜食堂 （非酒吧）,鄭詠綺,12 則評論 · 1 張相片,2 年前,5 顆星,"餐點都很好吃、服務很好
氣氛也很好，整體來說都很棒！"
鏢漢燒烤宵夜食堂 （非酒吧）,尤柏仁,在地嚮導 · 15 則評論 · 6 張相片,2 年前,5 顆星,這裡的環境很舒適，很適合晚上有空想來喝點酒玩一下飛鏢的人
鏢漢燒烤宵夜食堂 （非酒吧）,周璇妤,9 則評論 · 1 張相片,2 年前,5 顆星,店裡有一隻超可愛的貓！！！我們三個女生吃的很飽，cp值很高，酒當然也好喝的沒話說，最喜歡的當然是他們的氛圍，永遠都是我與朋友聚會的首選
鏢漢燒烤宵夜食堂 （非酒吧）,陳伯宗,6 則評論,2 年前,5 顆星,白雪公主氣泡感很讚，怦然心動的水果味我很喜歡。還有酒館氣氛很讚！
鏢漢燒烤宵夜食堂 （非酒吧）,愷岑,在地嚮導 · 21 則評論 · 4 張相片,2 年前,5 顆星,酒單很多元～也很好喝 有機會會再去呦！
鏢漢燒烤宵夜食堂 （非酒吧）,蔣騰葳,20 則評論 · 1 張相片,2 年前,5 顆星,調酒師人很好，而且飲料也都很好喝，推薦和朋友一起
鏢漢燒烤宵夜食堂 （非酒吧）,Cho-yee Wong,14 則評論 · 6 張相片,2 年前,5 顆星,"真好吃，真的好好吃，讚讚讚讚讚啦，希望還有機會
去，約上朋友們一起去吃啦，絕對會再來啦，讚讚讚讚
讚。"
鏢漢燒烤宵夜食堂 （非酒吧）,CC L,在地嚮導 · 34 則評論 · 31 張相片,2 年前,5 顆星,"😺店裡有一隻可愛的貓，會到處尋田水給客人摸，很有業務魂🤣🤣🤣（但好像從他的眼神中看到職業倦怠了哈哈

🍝我和朋友四人總共點了炸物拼盤、牛肉麵、可樂滷控肉飯和干貝義大利麵 …"
鏢漢燒烤宵夜食堂 （非酒吧）,旻芳莊,1 則評論,2 年前,5 顆星,"炒飯超好吃
二樓24小時吸貓天堂ʕ •ᴥ•ʔ"
鏢漢燒烤宵夜食堂 （非酒吧）,黃品婕,11 則評論 · 5 張相片,2 年前,5 顆星,"老闆超級超級好相處好聊
調酒好喝到爆 超級會調 東西好吃
下班放鬆好去處 一定要來看看
無敵大推♡♡♡♡♡"
鏢漢燒烤宵夜食堂 （非酒吧）,浩修（BaLu）,1 則評論,2 年前,5 顆星,
鏢漢燒烤宵夜食堂 （非酒吧）,Stanley Chen,4 則評論 · 4 張相片,2 年前,5 顆星,老闆調酒超好喝，又具有創意，店內環境舒適又高級，餐點好吃，大推牛肉麵及創意調酒，一定要過來試試👍 …
鏢漢燒烤宵夜食堂 （非酒吧）,王瑞君,10 則評論 · 8 張相片,2 年前,5 顆星,貓咪超親人很懂得招呼客人，老闆也都非常親切～～太讚了！
鏢漢燒烤宵夜食堂 （非酒吧）,Minnie,14 則評論 · 6 張相片,2 年前,5 顆星,"酒很好喝～還有可愛的摩羯貓貓陪酒🥰
店員很親切很好聊天～推推！ …"
鏢漢燒烤宵夜食堂 （非酒吧）,林墨墨,1 則評論 · 1 張相片,2 年前,5 顆星,"與其他知名酒吧不同的是，空間上讓人十分舒適，目前也沒有限制用餐時間；外場服務親切、調酒師也會貼心詢問是否需要調整，當不知道要喝什麼的時候，也會專業的設計出適合客人的好喝調酒。
如同年輕老闆說的，他致力於改變大環境對於飛鏢餐酒館的印象，誠懇期盼此地會成為更多人的口袋名單，絕對是值得支持的優良店家。"
鏢漢燒烤宵夜食堂 （非酒吧）,張絜,在地嚮導 · 58 則評論 · 69 張相片,2 年前,5 顆星,環境舒適，酒類選項都不錯，且調起來蠻符合期待的，而且食物東西蠻好吃的，老闆真的很親切，水餃有好吃。
鏢漢燒烤宵夜食堂 （非酒吧）,Eric Sanchez,20 則評論,2 年前,5 顆星,涼爽的氛圍，優質的雞尾酒
鏢漢燒烤宵夜食堂 （非酒吧）,曾睿昱,3 則評論,2 年前,5 顆星,
鏢漢燒烤宵夜食堂 （非酒吧）,林瓊雪,8 則評論 · 1 張相片,2 年前,5 顆星,老闆跟員工都很好相處，餐點好吃很推的鏢吧
鏢漢燒烤宵夜食堂 （非酒吧）,hank SU,4 則評論,2 年前,5 顆星,老闆跟闆娘很nice滿月超推，炸物是氣炸的還不賴很適合久待
鏢漢燒烤宵夜食堂 （非酒吧）,Jack Cheng,9 則評論 · 4 張相片,2 年前,5 顆星,
鏢漢燒烤宵夜食堂 （非酒吧）,王鑫,在地嚮導 · 103 則評論 · 45 張相片,2 年前,5 顆星,老板人很好，燒烤不貴
鏢漢燒烤宵夜食堂 （非酒吧）,david shon,在地嚮導 · 16 則評論 · 11 張相片,2 年前,5 顆星,絕對是五星！！很好玩酒也好喝 大家人都很棒很熱情！！
鏢漢燒烤宵夜食堂 （非酒吧）,Kenny Wang,8 則評論 · 1 張相片,2 年前,5 顆星,老闆超級Nice 剛好八月壽星 招待一堆shot 有機會一定還會再來
鏢漢燒烤宵夜食堂 （非酒吧）,柏盛,在地嚮導 · 31 則評論,2 年前,5 顆星,闆娘溫和不失溫馨小頂嘴 親手作愛的滷肉飯讓人黯然銷魂 全台南最美味 沒有之一
鏢漢燒烤宵夜食堂 （非酒吧）,陳冠穎,9 則評論 · 1 張相片,2 年前,5 顆星,老闆人很好 店員服務很親切
鏢漢燒烤宵夜食堂 （非酒吧）,劉邑宣,2 則評論,2 年前,5 顆星,
鏢漢燒烤宵夜食堂 （非酒吧）,王凱弘,11 則評論 · 2 張相片,2 年前,5 顆星,超讚，貓咪超可愛，滷肉飯超好吃！！
鏢漢燒烤宵夜食堂 （非酒吧）,Steven Wang (碩輔),9 則評論 · 6 張相片,2 年前,5 顆星,
鏢漢燒烤宵夜食堂 （非酒吧）,李信嶸拖土,6 則評論 · 4 張相片,2 年前,5 顆星,氣氛佳 環境好 服務人員態度很讚
鏢漢燒烤宵夜食堂 （非酒吧）,Anson Chen,4 則評論,2 年前,5 顆星,"老闆人帥 調酒也很讚
滷肉飯聽說很棒 下次要吃！
超級大推大推大推"
鏢漢燒烤宵夜食堂 （非酒吧）,郭胖,3 則評論,2 年前,5 顆星,氣氛很好，酒很好喝，服務員很正
鏢漢燒烤宵夜食堂 （非酒吧）,Su,2 則評論,2 年前,5 顆星,適合放鬆聊天的地方 服務很好👍 …
鏢漢燒烤宵夜食堂 （非酒吧）,Cathy,在地嚮導 · 36 則評論 · 14 張相片,2 年前,5 顆星,環境舒適，可以射飛鏢，店員也很親切～
鏢漢燒烤宵夜食堂 （非酒吧）,郭巧雯,10 則評論 · 1 張相片,2 年前,5 顆星,"老闆人爆幹超好
超貼心 長超帥
酒很好喝！ …"
鏢漢燒烤宵夜食堂 （非酒吧）,牟翊愷,3 則評論,2 年前,5 顆星,
鏢漢燒烤宵夜食堂 （非酒吧）,蘇姵伃,11 則評論 · 4 張相片,2 年前,5 顆星,"一樓的環境很舒適適合坐下聊天吃燒烤
二樓24hr鏢機想打隨時都可以去打鏢，還有貓貓可以摸，舒適度滿分✧٩(ˊωˋ*)و✧"
鏢漢燒烤宵夜食堂 （非酒吧）,柯伃臻（柯魚）,在地嚮導 · 18 則評論 · 5 張相片,2 年前,5 顆星,"超棒的地方👍
碳烤有夠香超好吃
樓上還有飛鏢可以玩 …"
鏢漢燒烤宵夜食堂 （非酒吧）,卓俊杰,7 則評論,2 年前,5 顆星,燒烤好吃
鏢漢燒烤宵夜食堂 （非酒吧）,PING,12 則評論 · 6 張相片,2 年前,5 顆星,有可愛的貓咪！
鏢漢燒烤宵夜食堂 （非酒吧）,chuan,12 則評論 · 2 張相片,2 年前,5 顆星,烤功了得，要甜一點酸一點淡一點鹹一點都可以，主委加碼五星好評
鏢漢燒烤宵夜食堂 （非酒吧）,steven hsu,4 則評論 · 2 張相片,2 年前,5 顆星,環境舒適 貓咪很可愛
鏢漢燒烤宵夜食堂 （非酒吧）,嘉南藥理大學B0709033,1 則評論 · 1 張相片,2 年前,5 顆星,"平價碳烤也好吃
每天啤酒都有優惠
很適合學生聯誼社聚的飛鏢吧"
鏢漢燒烤宵夜食堂 （非酒吧）,林紹童,6 則評論 · 2 張相片,2 年前,5 顆星,調酒好喝，環境舒服！
鏢漢燒烤宵夜食堂 （非酒吧）,Rich騏騏,10 則評論 · 2 張相片,2 年前,5 顆星,好地方，涼爽又有趣
鏢漢燒烤宵夜食堂 （非酒吧）,York Wei,在地嚮導 · 28 則評論 · 340 張相片,2 年前,5 顆星,氣氛不錯
鏢漢燒烤宵夜食堂 （非酒吧）,鄭雨潔,15 則評論 · 4 張相片,2 年前,5 顆星,不錯
鏢漢燒烤宵夜食堂 （非酒吧）,UNA HUNG,8 則評論 · 2 張相片,2 年前,5 顆星,黑市碳烤串燒美味多汁，老闆親切。
鏢漢燒烤宵夜食堂 （非酒吧）,郭學穎,7 則評論 · 1 張相片,2 年前,5 顆星,平價美味燒烤，一口燒肉一口啤酒，此生無憾。
鏢漢燒烤宵夜食堂 （非酒吧）,CHEN YU,10 則評論 · 3 張相片,2 年前,5 顆星,好吃好吃！ 二樓飛鏢24小時 想來就來～ 還有貓貓們
鏢漢燒烤宵夜食堂 （非酒吧）,楊東偉,7 則評論 · 1 張相片,2 年前,5 顆星,
鏢漢燒烤宵夜食堂 （非酒吧）,munu Lu,在地嚮導 · 20 則評論 · 7 張相片,2 年前,5 顆星,好粗好粗
鏢漢燒烤宵夜食堂 （非酒吧）,wei,在地嚮導 · 19 則評論 · 10 張相片,2 年前,5 顆星,"好店(*•̀ᴗ•́*)و ̑̑ 想私藏又想分享
牛五花豬五花四季豆雞心 什麼都好好吃⋯"
鏢漢燒烤宵夜食堂 （非酒吧）,鍾哲遠,8 則評論 · 4 張相片,2 年前,5 顆星,
鏢漢燒烤宵夜食堂 （非酒吧）,小建,4 則評論 · 2 張相片,2 年前,5 顆星,有飛鏢可打有貓可擼
鏢漢燒烤宵夜食堂 （非酒吧）,黃歆雅（可愛女人）,8 則評論,2 年前,5 顆星,吃消夜啦！
鏢漢燒烤宵夜食堂 （非酒吧）,Jessica Yeh,13 則評論 · 6 張相片,2 年前,5 顆星,
鏢漢燒烤宵夜食堂 （非酒吧）,Nick Chen,31 則評論 · 10 張相片,2 年前,5 顆星,"老闆烤功跟食神一樣
太神啦"
鏢漢燒烤宵夜食堂 （非酒吧）,蘇敬倫,7 則評論 · 6 張相片,2 年前,5 顆星,"大口吃肉！大口喝酒的好去處
老闆烤功我給滿分💯 …"
鏢漢燒烤宵夜食堂 （非酒吧）,鐵手調酒團,4 則評論 · 1 張相片,2 年前,5 顆星,
鏢漢燒烤宵夜食堂 （非酒吧）,李晟,25 則評論 · 6 張相片,2 年前,5 顆星,平價好吃的烤肉
鏢漢燒烤宵夜食堂 （非酒吧）,B0810187 CNU,2 則評論,2 年前,5 顆星,"碳烤的串燒很香很好吃！還有飛鏢機超級讚
老闆親切好聊天，2樓是24小時很讚"
鏢漢燒烤宵夜食堂 （非酒吧）,77,在地嚮導 · 28 則評論 · 13 張相片,2 年前,5 顆星,好吃 可是老闆很胖
鏢漢燒烤宵夜食堂 （非酒吧）,林育任,5 則評論,2 年前,5 顆星,很好吃
鏢漢燒烤宵夜食堂 （非酒吧）,張凱炫,13 則評論 · 1 張相片,2 年前,5 顆星,好吃
鏢漢燒烤宵夜食堂 （非酒吧）,郭立信,5 則評論 · 1 張相片,2 年前,5 顆星,吃超好吃是好吃
鏢漢燒烤宵夜食堂 （非酒吧）,張峻豪,在地嚮導 · 15 則評論 · 1 張相片,2 年前,5 顆星,
鏢漢燒烤宵夜食堂 （非酒吧）,林嬅昀,在地嚮導 · 19 則評論 · 9 張相片,2 年前,5 顆星,品質非常良好😍 …
鏢漢燒烤宵夜食堂 （非酒吧）,貝樂嶼,"在地嚮導 · 176 則評論 · 1,100 張相片",2 年前,5 顆星,感覺是個很酷的店，路過買幾支燒烤。
鏢漢燒烤宵夜食堂 （非酒吧）,林冠廷,4 則評論,2 年前,5 顆星,讚
鏢漢燒烤宵夜食堂 （非酒吧）,楊鎧謙,6 則評論 · 1 張相片,2 年前,5 顆星,"當作宵夜是很棒的選擇
老闆又親切
歡迎大家來吃～～！"
鏢漢燒烤宵夜食堂 （非酒吧）,李季旻,4 則評論,2 年前,5 顆星,炭烤的東西便宜好吃
鏢漢燒烤宵夜食堂 （非酒吧）,陳科丞,1 則評論,2 年前,5 顆星,鹹豬肉好吃大推
鏢漢燒烤宵夜食堂 （非酒吧）,許丕睿,5 則評論 · 1 張相片,2 年前,5 顆星,雞心 杏鮑菇爆推 很爽
鏢漢燒烤宵夜食堂 （非酒吧）,Dora Yang,在地嚮導 · 18 則評論 · 21 張相片,2 年前,5 顆星,"經過時傳來的香味令人流連忘返
台南難得的深夜美食
撫慰我空虛的胃
推！"
鏢漢燒烤宵夜食堂 （非酒吧）,Lian yuan Zeng,12 則評論,2 年前,5 顆星,
鏢漢燒烤宵夜食堂 （非酒吧）,羅璽阜,在地嚮導 · 37 則評論,3 年前,5 顆星,
鏢漢燒烤宵夜食堂 （非酒吧）,Tim Lin,8 則評論 · 2 張相片,3 年前,4 顆星,
鏢漢燒烤宵夜食堂 （非酒吧）,T Lin,在地嚮導 · 255 則評論 · 901 張相片,3 年前,5 顆星,讚！
鏢漢燒烤宵夜食堂 （非酒吧）,Chun,12 則評論 · 4 張相片,4 年前,4 顆星,
鏢漢燒烤宵夜食堂 （非酒吧）,喔烏龜喔烏龜,在地嚮導 · 30 則評論 · 44 張相片,4 年前,5 顆星,"超讚的喝酒必來
有飛鏢可打
老闆人超好"
鏢漢燒烤宵夜食堂 （非酒吧）,Pericles Tsai,在地嚮導 · 20 則評論 · 3 張相片,4 年前,5 顆星,店內裝潢優、氣氛佳，有貓貓！
鏢漢燒烤宵夜食堂 （非酒吧）,蘇郁婷,"在地嚮導 · 434 則評論 · 1,553 張相片",4 年前,4 顆星,場地舒服，但位置不明顯。大東夜市附近
鏢漢燒烤宵夜食堂 （非酒吧）,陳宜嫻,8 則評論 · 1 張相片,4 年前,5 顆星,"貓貓可愛(((o(*ﾟ▽ﾟ*)o)))有貓就讚！
青蘋果很好喝！"
鏢漢燒烤宵夜食堂 （非酒吧）,林采謙,9 則評論 · 5 張相片,4 年前,5 顆星,貓貓好香，還不來嚕爆，卡比羅斯卡好喝，喜歡~
鏢漢燒烤宵夜食堂 （非酒吧）,陳楨荃,10 則評論 · 15 張相片,4 年前,5 顆星,老闆超讚 有香噴噴的貓❤️❤️
鏢漢燒烤宵夜食堂 （非酒吧）,水水,9 則評論 · 4 張相片,4 年前,5 顆星,
鏢漢燒烤宵夜食堂 （非酒吧）,郭建志,1 則評論,4 年前,5 顆星,環境好，氣氛佳，有酒喝，有飛鏢射，有貓咪可玩，，，
鏢漢燒烤宵夜食堂 （非酒吧）,jay (阿Jay),在地嚮導 · 24 則評論 · 9 張相片,4 年前,5 顆星,有貓~
鏢漢燒烤宵夜食堂 （非酒吧）,陳宸宸,在地嚮導 · 29 則評論 · 6 張相片,4 年前,5 顆星,"貓咪可愛 環境好
想喝東西玩貓咪射飛鏢都來"
鏢漢燒烤宵夜食堂 （非酒吧）,momo,在地嚮導 · 36 則評論 · 22 張相片,4 年前,5 顆星,"有可愛貓貓 店員們人又很親切٩(˃̶͈̀௰˂̶͈́)و
超推 氣氛超棒"
鏢漢燒烤宵夜食堂 （非酒吧）,森,16 則評論 · 3 張相片,4 年前,5 顆星,環境好，服務人員親切，很棒
鏢漢燒烤宵夜食堂 （非酒吧）,Jok Liu,"在地嚮導 · 281 則評論 · 2,198 張相片",4 年前,5 顆星,"老闆很友善
玩鏢、撲克、骰子都有
飛鏢機台是鳳凰
也有100打120 300打90分鐘的包台玩法

目前評論送shot
舒服"
鏢漢燒烤宵夜食堂 （非酒吧）,陳柏翰,,4 年前,5 顆星,
鏢漢燒烤宵夜食堂 （非酒吧）,彭宇謙,6 則評論,4 年前,5 顆星,"氣氛很好的酒吧
老闆推推👍🏻
Chill~ …"
鏢漢燒烤宵夜食堂 （非酒吧）,李祐陞,15 則評論,4 年前,5 顆星,老闆健談 酒好喝～
鏢漢燒烤宵夜食堂 （非酒吧）,何品謙,6 則評論,4 年前,5 顆星,小藍真的親切又可愛
鏢漢燒烤宵夜食堂 （非酒吧）,Leo Lin,6 則評論,4 年前,5 顆星,"bartender根本天菜
調的酒又超好喝
環境舒適根本第二個家
pizza也是人間美味"
鏢漢燒烤宵夜食堂 （非酒吧）,黃玟榤,6 則評論 · 1 張相片,4 年前,5 顆星,
鏢漢燒烤宵夜食堂 （非酒吧）,Lion,14 則評論 · 8 張相片,4 年前,5 顆星,氣氛好
鏢漢燒烤宵夜食堂 （非酒吧）,何育慈,在地嚮導 · 21 則評論 · 3 張相片,4 年前,5 顆星,"老闆超好聊調酒也好喝
不一定要射飛鏢也有牌可以玩
貓咪們超口愛很親人❤️"
鏢漢燒烤宵夜食堂 （非酒吧）,趙心妍,1 則評論,4 年前,5 顆星,
鏢漢燒烤宵夜食堂 （非酒吧）,HsiangLing Huang,12 則評論 · 2 張相片,4 年前,5 顆星,有貓咪 酒好喝 超讚
鏢漢燒烤宵夜食堂 （非酒吧）,卓佳妤,在地嚮導 · 12 則評論,4 年前,5 顆星,很棒的地方 老闆很熱情👍👍 …
鏢漢燒烤宵夜食堂 （非酒吧）,拿扳手敲欺負薔薇的人,在地嚮導 · 40 則評論 · 6 張相片,4 年前,5 顆星,年輕人就是要來鏢漢打鏢呀!!牛肉麵又好吃~~~~
鏢漢燒烤宵夜食堂 （非酒吧）,范修瑋,3 則評論,4 年前,5 顆星,Bartender 很親切，環境很好沒有煙味，兩隻貓超可愛❤️
鏢漢燒烤宵夜食堂 （非酒吧）,李少白,在地嚮導 · 18 則評論,4 年前,5 顆星,改到長榮路的地點很不錯 有飛鏢也有桌遊 適合放鬆. 老闆親切大方 偶爾還會等客人玩到盡興.
鏢漢燒烤宵夜食堂 （非酒吧）,石凱文,2 則評論,4 年前,5 顆星,壞境優美 調酒不錯喝
鏢漢燒烤宵夜食堂 （非酒吧）,林庭緯,2 則評論,4 年前,5 顆星,環境優美 在大東夜市旁邊 一二五還可以帶外食
鏢漢燒烤宵夜食堂 （非酒吧）,YanTing Lin,14 則評論 · 5 張相片,4 年前,5 顆星,環境很好 給人很舒服的感覺 外面還有陽台可以抽煙 兩隻貓很可愛 在飛鏢吧可以喝到很不錯的調酒 物超所值
鏢漢燒烤宵夜食堂 （非酒吧）,Rido Chen (綠豆),"在地嚮導 · 228 則評論 · 6,600 張相片",4 年前,5 顆星,
鏢漢燒烤宵夜食堂 （非酒吧）,陳玟伶,4 則評論,4 年前,5 顆星,
鏢漢燒烤宵夜食堂 （非酒吧）,張張,9 則評論,4 年前,5 顆星,
鏢漢燒烤宵夜食堂 （非酒吧）,黃妤婕,7 則評論,4 年前,5 顆星,
鏢漢燒烤宵夜食堂 （非酒吧）,Peter小勳,在地嚮導 · 15 則評論 · 45 張相片,5 年前,5 顆星,老闆跟店員都非常的棒也非常的好客，而且就算你們不會飛鏢或者不知道怎麼玩店員跟老闆也都會非常用心的教導而且裡面也要販賣各式鏢品跟美食還有各式酒類可以讓大家做選擇！  激推
鏢漢燒烤宵夜食堂 （非酒吧）,James Jou,6 則評論,5 年前,5 顆星,
鏢漢燒烤宵夜食堂 （非酒吧）,蘇宏穎,在地嚮導 · 1 則評論 · 1 張相片,5 年前,5 顆星,
鏢漢燒烤宵夜食堂 （非酒吧）,陳映羽,"在地嚮導 · 295 則評論 · 1,797 張相片",5 年前,5 顆星,老闆很親切，價位合理，很有人情味
鏢漢燒烤宵夜食堂 （非酒吧）,yung chang chen,在地嚮導 · 11 則評論 · 5 張相片,5 年前,5 顆星,
鏢漢燒烤宵夜食堂 （非酒吧）,Garry Yeung,"在地嚮導 · 1,084 則評論 · 5,619 張相片",5 年前,4 顆星,"老闆很親切
二樓飛鏢可以 $100 鏢到飽 但還是要低消一杯飲料"
鏢漢燒烤宵夜食堂 （非酒吧）,王仁宏,在地嚮導 · 60 則評論 · 31 張相片,5 年前,4 顆星,
鏢漢燒烤宵夜食堂 （非酒吧）,西川梓奈（Nishikawa_Shina）,在地嚮導 · 33 則評論 · 12 張相片,5 年前,5 顆星,
鏢漢燒烤宵夜食堂 （非酒吧）,AC,在地嚮導 · 90 則評論 · 63 張相片,5 年前,5 顆星,"老闆人超好 想喝什麼想玩什麼跟老闆說
下面是跟老闆要求的特調"
鏢漢燒烤宵夜食堂 （非酒吧）,邱大皮,"在地嚮導 · 155 則評論 · 1,597 張相片",5 年前,5 顆星,老闆親切好聊
鏢漢燒烤宵夜食堂 （非酒吧）,Ivan Cheng,在地嚮導 · 82 則評論 · 13 張相片,5 年前,5 顆星,放鬆的去處
鏢漢燒烤宵夜食堂 （非酒吧）,Wen Zhu,9 則評論 · 6 張相片,5 年前,5 顆星,
鏢漢燒烤宵夜食堂 （非酒吧）,蔡宗奇,在地嚮導 · 16 則評論 · 15 張相片,6 年前,5 顆星,
鏢漢燒烤宵夜食堂 （非酒吧）,陳紫穎,5 則評論,6 年前,5 顆星,
鏢漢燒烤宵夜食堂 （非酒吧）,Steven,在地嚮導 · 107 則評論 · 44 張相片,6 年前,5 顆星,老闆很nice
鏢漢燒烤宵夜食堂 （非酒吧）,Rain,在地嚮導 · 2 則評論 · 271 張相片,6 年前,4 顆星,
鏢漢燒烤宵夜食堂 （非酒吧）,吳芓葳職安碩專（夢遊Joännä凱莉）,在地嚮導 · 60 則評論 · 322 張相片,6 年前,4 顆星,打鏢好去處，裡面還有綠茶
鏢漢燒烤宵夜食堂 （非酒吧）,Craig Bossley,"在地嚮導 · 624 則評論 · 4,768 張相片",6 年前,5 顆星,他們目前（2018 年 9 月）正在經歷所有權變更，但空間很小，可以玩飛鏢、喝點飲料或抽根菸。這很有趣
鏢漢燒烤宵夜食堂 （非酒吧）,游仁和,"在地嚮導 · 108 則評論 · 2,131 張相片",6 年前,5 顆星,店內調酒令人為之驚艷，老闆毛哥幽默風趣((長相也很幽默
鏢漢燒烤宵夜食堂 （非酒吧）,jer le Lin,在地嚮導 · 20 則評論 · 5 張相片,6 年前,5 顆星,
鏢漢燒烤宵夜食堂 （非酒吧）,Yeh Tony,在地嚮導 · 283 則評論 · 885 張相片,6 年前,5 顆星,
鏢漢燒烤宵夜食堂 （非酒吧）,YUNG-HSIN LIN,"在地嚮導 · 223 則評論 · 1,747 張相片",6 年前,5 顆星,
鏢漢燒烤宵夜食堂 （非酒吧）,黃茂墉,在地嚮導 · 19 則評論,6 年前,4 顆星,
鏢漢燒烤宵夜食堂 （非酒吧）,chen hungjui,"在地嚮導 · 32 則評論 · 2,697 張相片",6 年前,5 顆星,
鏢漢燒烤宵夜食堂 （非酒吧）,Matthew Coles,在地嚮導 · 9 則評論 · 3 張相片,7 年前,5 顆星,非常有趣，是玩飛鏢遊戲的好地方。
鏢漢燒烤宵夜食堂 （非酒吧）,孫鋅瀚,3 則評論,7 年前,5 顆星,店長是個正妹！
越周到台越美食,Kwanwon,9 則評論 · 6 張相片,16 小時前,5 顆星,"超級好吃！！！有淡淡的檸檬味 好喜歡
不會太油膩
而且很便宜！ 超級大碗😭

老闆娘還請了滷蛋～下次再去買！！！"
越周到台越美食,呂雞蛋妹,7 則評論,21 小時前,5 顆星,
越周到台越美食,Liou C.Y,在地嚮導 · 11 則評論,1 天前,5 顆星,划算，好吃，冷氣很舒服！環境乾淨
越周到台越美食,多多綠,在地嚮導 · 8 則評論 · 68 張相片,4 天前,5 顆星,點了海鮮河粉和豬腳，老闆娘送蔥蛋(太棒了)，海鮮河粉加檸檬汁後，湯口味更鮮甜，為什麼這樣我也不知道，好吃，豬腳也不錯，好吃，滷到有夠入味，下次出差經過再來吃其它項
越周到台越美食,沈美娟,在地嚮導 · 14 則評論 · 10 張相片,5 天前,5 顆星,老闆娘很親切，食物好吃！湯頭是用心熬煮的！位置雖不多，但有冷氣。
越周到台越美食,陳悦,在地嚮導 · 53 則評論 · 44 張相片,5 天前,5 顆星,"河粉湯頭清甜
老闆娘非常客氣服務非常好
店內有冷氣不怕吃的滿頭大汗
老闆娘自己做的辣椒非常有勁
喜歡吃辣的可以加一些！"
越周到台越美食,沈冠宏,3 則評論,5 天前,5 顆星,
越周到台越美食,Zei,14 則評論 · 4 張相片,1 週前,5 顆星,好吃
越周到台越美食,Vadym Kaplun,在地嚮導 · 56 則評論 · 34 張相片,1 週前,5 顆星,煮得很快，非常友好，美味，而且價格合理。謝謝你！
越周到台越美食,你好,1 則評論,1 週前,5 顆星,東西好吃，份量足夠，價格實惠，老闆娘人很好👍
越周到台越美食,Debbie Huang,在地嚮導 · 14 則評論 · 12 張相片,1 週前,5 顆星,
越周到台越美食,cyc chien,在地嚮導 · 190 則評論 · 361 張相片,1 週前,4 顆星,"不是一般的飯湯粥,是用米熬煮的粥真材實料。"
越周到台越美食,momo0124,在地嚮導 · 203 則評論 · 134 張相片,1 週前,5 顆星,好吃！
越周到台越美食,董卓軍,在地嚮導 · 13 則評論 · 6 張相片,2 週前,5 顆星,這是粥，不是飯加湯，放心來買
越周到台越美食,907 K,1 則評論,2 週前,5 顆星,好吃，方便
越周到台越美食,柳耀勛,5 則評論 · 3 張相片,2 週前,5 顆星,
越周到台越美食,Catherine,35 則評論 · 21 張相片,2 週前,5 顆星,"第一次買就被圈粉了🤤🤤
太好吃了吧
買了一碗鍋燒意麵跟豬肉河粉
小孩第一次主動說還要菜跟肉😱
一直說好好吃喔！明天還要再吃
豬肉河粉也超好吃😋我明天還要吃"
越周到台越美食,loliba08,在地嚮導 · 221 則評論 · 358 張相片,2 週前,5 顆星,好吃 新鮮又健康
越周到台越美食,范亞靜,1 則評論,2 週前,5 顆星,
越周到台越美食,柔安,1 則評論 · 1 張相片,2 週前,5 顆星,"在foodpanda 上下單了豬肉河粉
湯麵有分開裝 另外付了檸檬汁
湯頭清甜 份量足料又多 價錢不貴 cp值高！
而且闆娘很熱情 還多送了份蔥花蛋招待
推薦大家都來嚐嚐看😋"
越周到台越美食,Leona,12 則評論 · 3 張相片,2 週前,5 顆星,闆娘很親切，食材新鮮，東西好吃😋
越周到台越美食,Yic Su,16 則評論 · 5 張相片,2 週前,5 顆星,東西好吃 老闆娘非常健談^^
越周到台越美食,陳冠瑋,9 則評論 · 1 張相片,2 週前,5 顆星,"老闆娘很nice ,份量超多"
越周到台越美食,楊庭绒,10 則評論 · 5 張相片,3 週前,5 顆星,"份量很大
湯頭很棒"
越周到台越美食,潘嘉宇,2 則評論,3 週前,5 顆星,料多價格公道 闆娘超Nice！
越周到台越美食,張熊熊,10 則評論 · 1 張相片,3 週前,5 顆星,料很實在，口味不錯，cp值高的店！
越周到台越美食,陳平芳,5 則評論,3 週前,5 顆星,別人推薦來的 老闆娘人很親切 推推
越周到台越美食,R.T. CC,2 則評論,3 週前,5 顆星,餐點好吃，蔥蛋好吃，雖然小小店家，但口味不錯
越周到台越美食,吳柏緯,6 則評論,3 週前,5 顆星,老闆娘很親切，用料品質很好，食材非常新鮮，下次一定會再來訪
越周到台越美食,Lijung Lin,1 則評論 · 2 張相片,4 週前,5 顆星,這家店很不錯，靠近武聖夜市的巷子裡，老闆說湯是自己熬煮、肉片是腰內肉、鍋燒除了甜不辣和肉丸之外其餘都是新鮮食材。今天點了海鮮河粉，裡面有大顆蛤蜊、蝦子、花枝和肉片，味道清爽好吃，很讚！下次要來嚐嚐特製無菜單餐盒
越周到台越美食,鹿珂,6 則評論,4 週前,5 顆星,"四訪店家🤣老闆娘人很好很可愛🥺
皮蛋瘦肉粥真的很好吃 買第四次了🤣
讚讚👍"
越周到台越美食,蘇彥蓁,11 則評論 · 3 張相片,4 週前,5 顆星,老闆娘很親切，這次點的是牛肉河粉，湯頭鮮美，茶葉蛋很入味，下次還想嚐嚐其他產品，首次體驗非常好👍 …
越周到台越美食,JOHN,9 則評論 · 2 張相片,4 週前,5 顆星,老闆娘人很好😆 …
越周到台越美食,Ya wen Chan,在地嚮導 · 40 則評論 · 3 張相片,1 個月前,5 顆星,老闆娘人很好！東西也好吃 會再回訪🫶 …
越周到台越美食,shun-kai Lin,在地嚮導 · 7 則評論 · 31 張相片,1 個月前,5 顆星,
越周到台越美食,陳宗遠,3 則評論,1 個月前,5 顆星,老闆看到我們一團人來後，直接收拾她在使用的桌子讓我們併桌，之後還送了我們滷蛋，實在是人很好。
越周到台越美食,monica Wang,2 則評論,1 個月前,5 顆星,非常好吃
越周到台越美食,芳稼,12 則評論 · 3 張相片,1 個月前,5 顆星,
越周到台越美食,Zoya L,,1 個月前,5 顆星,
越周到台越美食,歐家宏,,1 個月前,5 顆星,
越周到台越美食,黃宜聖,10 則評論,1 個月前,5 顆星,老闆娘人很大方，食物也很好吃
越周到台越美食,蔡繡安,5 則評論 · 4 張相片,1 個月前,5 顆星,還不錯吃⋯⋯如果有辣椒醬就更好了⋯⋯
越周到台越美食,侯廷錡,"在地嚮導 · 277 則評論 · 1,227 張相片",1 個月前,5 顆星,好吃
越周到台越美食,沈昕盐,1 則評論,1 個月前,5 顆星,因為老闆不小心忘記放蛤蜊，還免費送了一顆茶葉蛋，嘿嘿
越周到台越美食,蕭圓圓,在地嚮導 · 24 則評論 · 4 張相片,1 個月前,5 顆星,餐點好吃，老闆娘很好客
越周到台越美食,張耘芝,10 則評論 · 10 張相片,1 個月前,5 顆星,粥是米熬的很軟的粥！河粉的湯也熬的很香！便當配菜不馬虎認真好吃😋 …
越周到台越美食,黃綮宥,4 則評論,1 個月前,5 顆星,
越周到台越美食,Ri Yu,在地嚮導 · 19 則評論 · 5 張相片,1 個月前,5 顆星,"營業到很晚～～!!!!
老闆娘超好的
東西很好吃!! …"
越周到台越美食,楊曉琳,4 則評論,1 個月前,5 顆星,越周到 在外送平台已回購數次 很好吃 料多實在 今天店家還送五顆茶葉蛋（超級香）謝謝闆娘招待
越周到台越美食,五元,4 則評論,1 個月前,5 顆星,第一次吃 體驗很不錯 闆娘也很熱情 招待了餐點
越周到台越美食,宋星瀚,在地嚮導 · 90 則評論 · 12 張相片,1 個月前,5 顆星,感動….老闆娘幫我外送皮蛋瘦肉粥！服務很好👍
越周到台越美食,杜昇茂,4 則評論 · 2 張相片,1 個月前,5 顆星,天然食材適合全家人的餐點
越周到台越美食,Allie Chen,4 則評論 · 11 張相片,1 個月前,5 顆星,"二訪的好店家，夏天有冷氣可以吹，不怕喝熱湯流汗～
闆娘很親切可愛！看評論大家推薦皮蛋瘦肉粥，真的好好吃🤤 …"
越周到台越美食,洪耀南（Dapper Hung）,在地嚮導 · 6 則評論 · 258 張相片,1 個月前,5 顆星,
越周到台越美食,Evangeline劉玉琳,20 則評論 · 5 張相片,1 個月前,5 顆星,老板娘很貼心，冬天喝熱湯最適合了
越周到台越美食,氨,4 則評論 · 5 張相片,1 個月前,5 顆星,
越周到台越美食,吳展霈,5 則評論 · 1 張相片,1 個月前,5 顆星,環境整潔，餐點好吃價格合理，老闆娘隨時都保持笑容
越周到台越美食,Pu Pu,6 則評論 · 2 張相片,1 個月前,5 顆星,第一次吃 有請蔥蛋 還不錯
越周到台越美食,Queena Q,在地嚮導 · 72 則評論 · 19 張相片,1 個月前,5 顆星,滿滿營養，讚讚
越周到台越美食,李橘子,6 則評論,1 個月前,5 顆星,老闆娘非常的親切，餐點也好吃😛
越周到台越美食,qaz33787,在地嚮導 · 10 則評論,1 個月前,5 顆星,"隱藏巷弄裡的小店，乾淨衛生
河粉湯頭清甜好吃
開到晚上10點，晚下班的人也可以吃到熱騰騰的料理👍 …"
越周到台越美食,邱宛屏,10 則評論 · 9 張相片,1 個月前,5 顆星,老板娘態度親切，用料實在，餐點細緻，適合早午餐，廣東粥料多，香氣逼人，值得一試！
越周到台越美食,無宇,在地嚮導 · 22 則評論 · 3 張相片,1 個月前,5 顆星,店面不大但簡約乾淨，要外帶可以先打電話點餐，價格實惠，還有提供洗手間
越周到台越美食,李寶根,在地嚮導 · 20 則評論 · 33 張相片,1 個月前,5 顆星,老闆娘超熱情，粥跟意麵都超好吃的，超級推薦可以來試試看～
越周到台越美食,史瑞克,8 則評論 · 2 張相片,1 個月前,5 顆星,"老闆娘親切
意麵跟粥都有水準
蝦子新鮮"
越周到台越美食,葉大君,2 則評論,1 個月前,5 顆星,
越周到台越美食,王姵絨,6 則評論 · 1 張相片,1 個月前,5 顆星,餐點好吃 老闆娘人很好
越周到台越美食,Money Chang,3 則評論,1 個月前,4 顆星,"點了：豬肉河粉、蔥花蛋、一份小菜。
經濟實惠，吃好飽，像回家吃飯的感覺，很放鬆！"
越周到台越美食,謝Aho,30 則評論 · 13 張相片,1 個月前,5 顆星,"很好吃，用料豐富！
謝謝老闆的茶葉蛋😁 …"
越周到台越美食,woanyuh song,在地嚮導 · 12 則評論 · 79 張相片,1 個月前,5 顆星,
越周到台越美食,祐慈,3 則評論,1 個月前,5 顆星,好吃又便宜
越周到台越美食,fish yu,10 則評論 · 4 張相片,1 個月前,5 顆星,河粉價格划算份量足，口味清爽，打卡有送茶葉蛋
越周到台越美食,CHOU JJL,3 則評論,1 個月前,5 顆星,河粉好吃，價錢便宜，cp值很高
越周到台越美食,burgeon1987,在地嚮導 · 35 則評論,1 個月前,5 顆星,鍋燒意麵湯頭不錯，皮蛋瘦肉粥好吃😋闆娘人很客氣 …
越周到台越美食,Hua,2 則評論,1 個月前,5 顆星,好吃 好飽
越周到台越美食,陳俐雯,在地嚮導 · 20 則評論 · 5 張相片,1 個月前,5 顆星,"河粉好吃且料多
闆娘客氣送蔥蛋"
越周到台越美食,白世昌,3 則評論 · 7 張相片,1 個月前,5 顆星,自己是三餐老是在外的人，第一次來吃，感覺就是家裡在煮的家常菜一樣。
越周到台越美食,La Cotto,在地嚮導 · 100 則評論 · 97 張相片,1 個月前,5 顆星,"湯頭鮮美，要親自品嚐才能體會到版娘的用心，不吝嗇的選用溫體豬肉來做鍋燒意麵的配菜，新鮮美味，
大推健康餐盒，配菜不是單純水煮的味道，主菜肉品不油不膩！值得推薦，但建議要預約喔~"
越周到台越美食,王曉蜂,2 則評論,1 個月前,5 顆星,薑母鴨好吃，老闆娘人美心善，對客人一級棒
越周到台越美食,王秋萍,1 則評論,1 個月前,4 顆星,
越周到台越美食,Xi Lun Zhang,7 則評論 · 2 張相片,1 個月前,5 顆星,老闆、老闆娘親切，粥很好吃，很常來這邊吃粥
越周到台越美食,Rita Lee,在地嚮導 · 34 則評論 · 14 張相片,1 個月前,4 顆星,河粉CP值很高，味道也還不錯
越周到台越美食,LyTW Hol,2 則評論,1 個月前,5 顆星,我吃了海鮮河粉。我很高興這是一個很大的數字。我收到了一份煎蛋捲作為服務。
越周到台越美食,Shih Allen,13 則評論 · 2 張相片,1 個月前,5 顆星,"河粉加入檸檬汁後 酸爽開胃
湯頭清甜 老闆娘熱情待客☺️"
越周到台越美食,cy g,9 則評論 · 1 張相片,1 個月前,5 顆星,闆娘人超好！🥰
越周到台越美食,買雅雯,在地嚮導 · 6 則評論 · 62 張相片,1 個月前,5 顆星,闆娘非常親切，河粉湯頭鮮甜，重點是冷氣很涼
越周到台越美食,周慧庭,1 則評論 · 1 張相片,1 個月前,5 顆星,老闆娘人超好很客氣，份量也很足夠東西又好吃😋👍
越周到台越美食,李邦誠,14 則評論 · 1 張相片,1 個月前,5 顆星,
越周到台越美食,周雅芬,3 則評論,1 個月前,5 顆星,
越周到台越美食,張順利,2 則評論,1 個月前,5 顆星,這家店美食很周司
越周到台越美食,Jay A,6 則評論 · 1 張相片,1 個月前,5 顆星,方便又好吃
越周到台越美食,王子漢,4 則評論 · 3 張相片,1 個月前,5 顆星,好吃
越周到台越美食,林沂,7 則評論 · 3 張相片,1 個月前,5 顆星,"突然很想吃粥，在估狗上找到這間
雖然在巷子裡但很好找
老闆娘很親切，粥也很好吃
下次想吃吃看鍋燒意麵❤️"
越周到台越美食,Ruby Kuo,3 則評論,1 個月前,5 顆星,海鮮河粉好吃料又多，超推
越周到台越美食,雨小,2 則評論 · 1 張相片,1 個月前,5 顆星,"鍋燒烏龍 湯都好喝
老闆親切"
越周到台越美食,廖珮妘,9 則評論 · 3 張相片,1 個月前,5 顆星,老闆娘很親切🫶🫶
越周到台越美食,Peter Wu (JK),3 則評論,2 個月前,5 顆星,"我在foodpanda點外賣的
餐點份量很足夠 很好吃 味道有店舖特色
愛上了 吃飽飽的"
越周到台越美食,蔡旻衡,在地嚮導 · 19 則評論 · 10 張相片,2 個月前,5 顆星,"老闆娘很客氣  這次去還多送了一顆茶葉蛋👍
他們家的粥 真滴讚 粥就要有粥的樣子 米要煮到爛 這能叫做粥 …"
越周到台越美食,陳一誠,在地嚮導 · 47 則評論 · 18 張相片,2 個月前,5 顆星,親和力十足，料理實在，物美價廉👍👍👍 …
越周到台越美食,卓子鈞,在地嚮導 · 38 則評論 · 10 張相片,2 個月前,5 顆星,好吃 老闆還送煎蛋
越周到台越美食,周韋漢,8 則評論 · 2 張相片,2 個月前,5 顆星,冷冷的天來這裡吃熱熱的河粉 讚👍 老闆還有招待蔥蛋 …
越周到台越美食,Eric Chen,9 則評論 · 1 張相片,2 個月前,4 顆星,今天吃牛肉河粉，湯頭很清甜，很好喝，料也蠻有誠意的
越周到台越美食,謝佩君,11 則評論 · 9 張相片,2 個月前,5 顆星,"闆娘很親切 河粉很好吃
湯很清爽，豬肉很嫩
還可以訂健康餐盒👍 …"
越周到台越美食,莊祐詡,在地嚮導 · 166 則評論 · 48 張相片,2 個月前,4 顆星,老闆娘親切，地點很隱密。環境乾淨，食物美味。
越周到台越美食,張柏文,在地嚮導 · 29 則評論 · 94 張相片,2 個月前,5 顆星,餐點好吃，來台南找不太到粥，多數都是鹹粥（米根本沒煮爛），皮蛋瘦肉粥味道不錯，還有放油條，現場還有看到有提供待用餐的布條，有空肯定多多光顧支持生意。
越周到台越美食,宋俊逸,11 則評論 · 7 張相片,2 個月前,5 顆星,份量十足～
越周到台越美食,鄭佳蒨,17 則評論 · 2 張相片,2 個月前,5 顆星,老闆娘很健談 料很多 謝謝招待
越周到台越美食,wang zi,9 則評論 · 6 張相片,2 個月前,5 顆星,"老闆娘好可愛 很健談像回老家吃飯的感覺
東西好吃又便宜 好難得了🥹 …"
越周到台越美食,沈恬嘉,3 則評論,2 個月前,5 顆星,"大大稱讚老闆娘的服務態度，
餐點「鍋燒意麵」🧑‍🍳🧑‍🍳🍽️🍽️🥢🥢
更是好吃到爆🙂🙂🙂 …"
越周到台越美食,飲水思源PCLearn0915,在地嚮導 · 5 則評論 · 38 張相片,2 個月前,5 顆星,偉大的
越周到台越美食,李俊杰,5 則評論,2 個月前,5 顆星,
越周到台越美食,吳偉誠,"在地嚮導 · 335 則評論 · 2,561 張相片",2 個月前,4 顆星,"武聖夜市附近的小店

內用位置不多 整體蠻乾淨 餐具桌面廁所都很乾淨

海鮮河粉湯頭清甜 河粉份量不少

燒肉餐盒有兩個蔬菜 一個煎蛋 一片燒肉跟一碗餛飩湯 燒肉口味比較重 剛好配飯吃

闆娘待客親切，還送了一份玉米煎蛋"
越周到台越美食,仲尼黃,在地嚮導 · 44 則評論 · 14 張相片,2 個月前,5 顆星,皮蛋瘦肉粥很好吃
越周到台越美食,fish Wang,7 則評論,2 個月前,5 顆星,湯頭鮮美，老闆娘親切，晚一點都沒有餐點可以吃，難得找到一家好吃又開得比較晚的店
越周到台越美食,宋柏賢（SPH）,12 則評論 · 3 張相片,2 個月前,5 顆星,"料多實在
還有闆娘招待的茶葉蛋👍👍"
越周到台越美食,龍彥凱,7 則評論 · 3 張相片,2 個月前,4 顆星,老闆招待茶葉蛋
越周到台越美食,M Q,11 則評論 · 1 張相片,2 個月前,5 顆星,老闆娘親切招待，非常感謝
越周到台越美食,Hnn J,9 則評論 · 6 張相片,2 個月前,5 顆星,我們點牛肉河粉 好吃 老闆娘還送我們他自製的茶葉蛋
越周到台越美食,K,11 則評論,2 個月前,5 顆星,"湯頭很讚😎
老闆娘很用心又貼心還多送東西💛 …"
越周到台越美食,陳尤娟A,7 則評論,2 個月前,5 顆星,買回家，媽媽説好吃~
越周到台越美食,心諮-王韻涵,在地嚮導 · 53 則評論 · 12 張相片,2 個月前,5 顆星,"初一還有開 讚
經濟實惠😻 …"
越周到台越美食,rain,10 則評論,2 個月前,5 顆星,闆娘人很nice餐點也好吃，推一下
越周到台越美食,張宇,2 則評論,3 個月前,5 顆星,老闆娘服務態度非常好，東西好吃👍 …
越周到台越美食,鄭方形,4 則評論 · 2 張相片,3 個月前,5 顆星,好吃
越周到台越美食,鄭雅瑄,6 則評論,3 個月前,5 顆星,
越周到台越美食,郭昱玲,3 則評論 · 1 張相片,3 個月前,5 顆星,乾淨又美味，料多實在，好吃😋 …
越周到台越美食,CoCo Lin,8 則評論 · 7 張相片,3 個月前,5 顆星,老闆娘人好，東西又好吃😋，推薦 …
越周到台越美食,Harry Pon,5 則評論 · 1 張相片,3 個月前,5 顆星,餐點美味，老闆娘很親切！
越周到台越美食,鍾祁,6 則評論 · 2 張相片,3 個月前,5 顆星,餐點美味
越周到台越美食,陳鏡方,在地嚮導 · 50 則評論 · 7 張相片,3 個月前,5 顆星,"粥裡的白飯是有燉軟的 不是湯泡飯
用料豐富 值得推薦"
越周到台越美食,陳怡君,9 則評論 · 4 張相片,3 個月前,5 顆星,老闆娘非常用心！食材認真準備！
越周到台越美食,王品瑜,9 則評論 · 3 張相片,3 個月前,5 顆星,"老闆娘超親切！☺️☺️
薑母鴨好吃，超高CP值！
肯定會再來
推推 👍"
越周到台越美食,patrick lu,17 則評論,3 個月前,5 顆星,滿滿的人情味，老闆娘很親切
越周到台越美食,陳思頻,13 則評論 · 5 張相片,3 個月前,5 顆星,非常好吃 價格公道
越周到台越美食,Ben Lee,在地嚮導 · 21 則評論 · 3 張相片,3 個月前,5 顆星,"非常非常好吃的一間店
回家吃餐點時，可以感受到老闆娘對食物的熱愛
到店拿餐點時，老闆娘真誠的對待客人 …"
越周到台越美食,姚迪谷,"在地嚮導 · 340 則評論 · 3,233 張相片",3 個月前,5 顆星,"20250105
無論是食材或是口味，均能吃得出細心與用心，老闆娘的滷肉入味軟嫩，一口咬下香味滿溢，會讓人信念與會做的好味道。 …"
越周到台越美食,黃勢傑,2 則評論,3 個月前,5 顆星,"老闆服務佳
食物好吃"
越周到台越美食,陳孟旻,9 則評論 · 15 張相片,3 個月前,5 顆星,"Cp值蠻高的，老闆娘人好，多放很多料
店面比較隱密，不好發現哦！"
越周到台越美食,陶如成,,3 個月前,5 顆星,
越周到台越美食,Mavis Li,在地嚮導 · 56 則評論 · 46 張相片,3 個月前,5 顆星,"冷冷的天來上一碗皮蛋瘦肉粥
還有老闆娘的貼心贈送蔥蛋"
越周到台越美食,吳偉誠,9 則評論 · 3 張相片,3 個月前,5 顆星,私藏小吃店 料多實在 湯底鮮甜 太餓了我繼續吃
越周到台越美食,宜萱楊,9 則評論 · 7 張相片,4 個月前,5 顆星,大碗～
越周到台越美食,黃平運,10 則評論 · 4 張相片,4 個月前,5 顆星,"東西大碗又好吃～～
重點老闆娘很親切👍 …"
越周到台越美食,蔥,5 則評論 · 7 張相片,4 個月前,5 顆星,
越周到台越美食,大盜江洋,7 則評論 · 4 張相片,4 個月前,5 顆星,
越周到台越美食,黃淑茵,6 則評論 · 1 張相片,4 個月前,5 顆星,特製皮蛋瘦肉粥加上肉鬆有夠好吃的，大碗又便宜
越周到台越美食,謝森澤,10 則評論 · 9 張相片,4 個月前,5 顆星,餐點好吃，人很nice
越周到台越美食,Lin Hung,19 則評論 · 2 張相片,4 個月前,5 顆星,海鮮河粉 👍
越周到台越美食,蔡式彬,4 則評論 · 7 張相片,4 個月前,5 顆星,餐點好吃 料豐富  適合晚點才吃又想吃粥的來吃
越周到台越美食,Vanessa Agron,5 則評論 · 1 張相片,4 個月前,5 顆星,
越周到台越美食,鄭川,3 則評論 · 3 張相片,4 個月前,5 顆星,餐點美味，有機會再吃不同餐點看看。
越周到台越美食,進擊光,在地嚮導 · 23 則評論 · 1 張相片,4 個月前,5 顆星,老闆 老闆娘都很客氣
越周到台越美食,林廷芝,8 則評論 · 5 張相片,5 個月前,5 顆星,半路經過想說外帶幾份晚餐回家，老闆老闆娘人好好還送今天自滷的蛋蛋給小朋友們吃😋好貼心❤️ …
越周到台越美食,haha huang,在地嚮導 · 37 則評論 · 31 張相片,5 個月前,5 顆星,河粉份量大，湯頭不錯，粥也很好吃
越周到台越美食,秀,在地嚮導 · 19 則評論 · 11 張相片,5 個月前,5 顆星,好吃價格很親民🫶🏻☺️晚上肚子餓好去處！ …
越周到台越美食,Chialin Sun,14 則評論 · 1 張相片,5 個月前,5 顆星,老闆娘親切，湯頭用料都有用心
越周到台越美食,陳珮宜,4 則評論,5 個月前,5 顆星,食材新鮮又好吃
越周到台越美食,Weiwei Chen,1 則評論,5 個月前,5 顆星,老闆親切、冷氣涼
越周到台越美食,Je C,在地嚮導 · 22 則評論 · 2 張相片,5 個月前,5 顆星,餐點好吃、價位親民
越周到台越美食,Show Lee,"在地嚮導 · 130 則評論 · 4,471 張相片",5 個月前,5 顆星,感謝店家在颱風天還辛苦營業，才能在風大雨大的颱風天夜晚吃到暖心的餐點～～
越周到台越美食,Ching-Yi Chen (Jean),在地嚮導 · 16 則評論 · 9 張相片,5 個月前,5 顆星,"河粉份量很大 湯頭也很香!
喜歡吃酸 所以加了2包檸檬🤣下次想直接去現場吃~"
越周到台越美食,連叡斈,8 則評論 · 1 張相片,5 個月前,5 顆星,粥料多！老闆娘服務態度很好！
越周到台越美食,dong sin,24 則評論 · 8 張相片,6 個月前,5 顆星,今天點海鮮河粉，超大碗 價格也便宜 好吃推薦
越周到台越美食,王智乾,11 則評論 · 2 張相片,6 個月前,5 顆星,好吃！老闆娘很親切！推薦！
越周到台越美食,林佩蓁,4 則評論,6 個月前,5 顆星,鍋燒麵好吃～下次再去買粥來吃吃看
越周到台越美食,Cai-Tong Dong,在地嚮導 · 15 則評論 · 36 張相片,6 個月前,5 顆星,老闆人超親切，粥濃稠、口味佳！河粉份量多，下次再試看看其他餐點。
越周到台越美食,李雅婷,7 則評論 · 2 張相片,6 個月前,5 顆星,老闆娘很親切，粥很濃稠。
越周到台越美食,顏秀容,17 則評論,6 個月前,5 顆星,謝謝老闆娘
越周到台越美食,Cindy,5 則評論 · 12 張相片,6 個月前,5 顆星,粥份量很多
越周到台越美食,肯尼,在地嚮導 · 49 則評論 · 5 張相片,6 個月前,5 顆星,好吃
越周到台越美食,特樂希,13 則評論 · 3 張相片,6 個月前,5 顆星,"粥好吃，實實在在的粥，非飯湯!!!
老闆娘很熱情，也很願意傾聽消費者的意見。"
越周到台越美食,JEAN WU,13 則評論,6 個月前,5 顆星,鹹淡適中，很美味
越周到台越美食,佑理,8 則評論 · 2 張相片,6 個月前,5 顆星,好吃吃吃
越周到台越美食,蔡立信,5 則評論 · 2 張相片,6 個月前,5 顆星,便宜又好吃 老闆娘人還很好
越周到台越美食,張竣為,10 則評論 · 1 張相片,6 個月前,5 顆星,
越周到台越美食,KU辜,在地嚮導 · 70 則評論 · 3 張相片,7 個月前,5 顆星,"有冷氣的越南河粉，
湯頭的部分是老闆娘親自熬的，不是用高湯粉，在煮的時候就能聞到家裡熬的排骨湯味道。
河粉會額外加越南的魚露，怕太鹹的可以跟老闆娘說少加一點。"
越周到台越美食,小羊,19 則評論 · 3 張相片,7 個月前,4 顆星,"不是正宗的越南河粉～
老闆娘態度很好
比較推薦粥👍👍 …"
越周到台越美食,Eric,在地嚮導 · 152 則評論 · 348 張相片,8 個月前,5 顆星,很不錯很親切的點了一份牛肉河粉聞起來很香這樣，正帶回去吃
越周到台越美食,周小茹,在地嚮導 · 34 則評論 · 46 張相片,9 個月前,5 顆星,
越周到台越美食,Ruby,在地嚮導 · 14 則評論 · 20 張相片,11 個月前,5 顆星,餐點份量非常大！好吃美味又健康💕💕 …
越周到台越美食,Sharon Chou,14 則評論 · 5 張相片,11 個月前,5 顆星,"這家小店離武聖夜市只有幾步的距離，
但是CP值卻比夜市的任何一攤都還高，
老闆娘很親切，出餐速度也快， …"
越周到台越美食,曾昭穎,在地嚮導 · 5 則評論 · 4 張相片,1 年前,5 顆星,
越周到台越美食,龍恐,在地嚮導 · 16 則評論 · 2 張相片,1 年前,5 顆星,銅板美食，闆娘很用心，湯頭濃郁，連鍋燒意麵的肉片還醃漬過很入味，料多，餐點非常好吃，大推喔
越周到台越美食,潘素蓉,15 則評論 · 9 張相片,1 年前,5 顆星,"新鮮美味😋
闆娘佛心❤️"
越周到台越美食,趙秋月,11 則評論 · 4 張相片,1 年前,5 顆星,"我又來了！在武聖夜市旁巷子裡的「越周到」廣東粥、鍋燒系列~
闆娘每天都用雞大骨、豬大骨下去熬三個小時湯頭濃郁鮮美,食材新鮮豐富,吃過一次後就一直想再來。
聽說這裏的客戶有許多位都是天天來報到的餒
CP值超高的"
越周到台越美食,林靜慧,1 張相片,1 年前,5 顆星,
越周到台越美食,白如玉,1 則評論 · 1 張相片,1 年前,5 顆星,
越周到台越美食,耶律磊（馨心）,在地嚮導 · 22 則評論 · 4 張相片,1 年前,5 顆星,
越周到台越美食,錢慧芳,9 則評論,1 年前,5 顆星,皮蛋瘦肉粥超好吃的+鍋燒意麵湯頭好喝蝦子又大又彈牙，值得推推推
越周到台越美食,雨晴寶寶rain sun baby,7 則評論 · 2 張相片,1 年前,5 顆星,
糖心室串串糖葫蘆,小瑜,,2 個月前,1 顆星,
糖心室串串糖葫蘆,loser MC_,4 則評論,4 個月前,5 顆星,糖到心裡去 好吃到起飛
糖心室串串糖葫蘆,杜冠霖,30 則評論 · 4 張相片,4 個月前,5 顆星,好吃不會膩
糖心室串串糖葫蘆,王玉婷,6 則評論 · 1 張相片,4 個月前,5 顆星,"超好吃 ！
老闆老闆娘都很甜"
糖心室串串糖葫蘆,李玟葶,4 則評論,1 年前,5 顆星,糖葫蘆跟老闆娘一樣甜美可人！超贊👍
糖心室串串糖葫蘆,Kelly CHENG,在地嚮導 · 55 則評論 · 8 張相片,1 年前,5 顆星,
糖心室串串糖葫蘆,ledd Yeh,在地嚮導 · 16 則評論 · 900 張相片,1 年前,4 顆星,
糖心室串串糖葫蘆,覃勤,2 則評論 · 4 張相片,1 年前,5 顆星,
糖心室串串糖葫蘆,Chieh Ying,7 則評論 · 2 張相片,1 年前,5 顆星,讚讚
糖心室串串糖葫蘆,葉少禹,5 則評論 · 1 張相片,1 年前,5 顆星,好吃一直吃，老闆人好好，讚讚讚👍
糖心室串串糖葫蘆,SS雪莉,13 則評論 · 10 張相片,1 年前,5 顆星,不會很甜！好吃 支持年輕老闆！
糖心室串串糖葫蘆,Tomo Yama,14 則評論 · 6 張相片,1 年前,5 顆星,老闆 帥 又大方贊贊贊
糖心室串串糖葫蘆,安安,1 則評論,1 年前,5 顆星,四顆150太划算了啦
糖心室串串糖葫蘆,孫小珮,在地嚮導 · 125 則評論 · 145 張相片,1 年前,5 顆星,"已經連續兩個禮拜五來買一串犒賞上班五天的自己😍😍😇
老闆老闆娘很nice推推
東西放在冰箱裡面不會黏風沙灰塵感覺很衛生
剛好大益停機車超友善好喜歡"
糖心室串串糖葫蘆,jjj,2 則評論,1 年前,5 顆星,
糖心室串串糖葫蘆,KappaEn,15 則評論 · 4 張相片,1 年前,5 顆星,老闆和老闆和藹可親 糖葫蘆也很讚
糖心室串串糖葫蘆,紋欸、,在地嚮導 · 15 則評論 · 8 張相片,1 年前,5 顆星,老闆好帥老闆娘很正，吃過這家後好吃到回不去了
糖心室串串糖葫蘆,郭冠呈,6 則評論 · 1 張相片,1 年前,5 顆星,老闆很帥老闆娘很正 吃過這間就回不去了
糖心室串串糖葫蘆,包偉辰,在地嚮導 · 16 則評論 · 11 張相片,1 年前,5 顆星,老闆很帥，老闆娘很正
糖心室串串糖葫蘆,小蝸牛,7 則評論 · 8 張相片,1 年前,5 顆星,好吃的
糖心室串串糖葫蘆,庭伊葉,在地嚮導 · 35 則評論 · 48 張相片,1 年前,5 顆星,"#糖心宝 超讚 🤩💗💟💌
超甜不膩， ♡ͥ ♡ͦ ♡ͮ ♡ͤ ( ˘ ³˘)♡

冬天補充熱量好罪惡 =）
💌💌💌👍"
糖心室串串糖葫蘆,林宇茹,3 則評論,1 年前,5 顆星,草莓很大顆也很好吃😋
糖心室串串糖葫蘆,君劉,3 則評論,1 年前,5 顆星,"闆娘漂亮親切
餐點好吃不甜膩"
糖心室串串糖葫蘆,朱大同,1 則評論,1 年前,5 顆星,糖葫蘆水果新鮮，特地使用蛋糕冰櫃（既乾淨又衛生），看得出老闆的用心，值得推薦！
糖心室串串糖葫蘆,xin,1 則評論,1 年前,5 顆星,糖葫蘆很好吃，會為了吃糖葫蘆去大益夜市
糖心室串串糖葫蘆,陳心,在地嚮導 · 34 則評論 · 1 張相片,1 年前,5 顆星,"好吃到繞回來買第二隻
美女闆娘還認出我：你剛剛有來～
我說因為很好吃😝
闆娘說喜歡可以五星好評
我就來嚕😙"
糖心室串串糖葫蘆,謝惠真,10 則評論 · 1 張相片,1 年前,5 顆星,糖葫蘆水果新鮮又好吃，重點店員服務很親切熱情。
糖心室串串糖葫蘆,陳俐安,6 則評論 · 1 張相片,1 年前,5 顆星,攤車佈置十分可愛 ，各種口味的糖葫蘆任君挑選，各種口味都好吃，風味不同，甜而不膩，也不太黏牙，推薦！
糖心室串串糖葫蘆,邱布布,12 則評論 · 3 張相片,1 年前,5 顆星,
糖心室串串糖葫蘆,蔡珊珊,6 則評論 · 1 張相片,1 年前,5 顆星,第一眼看到老闆送來的糖葫蘆，直覺的說～哇～也太澎湃和美味了，視覺和味覺都滿足到了，能感受到老闆的用心👍
糖心室串串糖葫蘆,黃葉香,,1 年前,5 顆星,
糖心室串串糖葫蘆,x,2 則評論,1 年前,5 顆星,超好吃😋
糖心室串串糖葫蘆,鹿先生,4 則評論 · 1 張相片,1 年前,5 顆星,糖葫蘆😍不買後悔
糖心室串串糖葫蘆,000,8 則評論 · 4 張相片,1 年前,5 顆星,草莓超大顆超甜超好吃！！！店員也很正😻
糖心室串串糖葫蘆,蔡翔宇,3 則評論 · 2 張相片,1 年前,5 顆星,"好吃
草苺超大顆的"
糖心室串串糖葫蘆,晴晴,11 則評論 · 2 張相片,1 年前,5 顆星,"糖葫蘆新鮮好吃不甜膩
老闆娘漂亮又親切
值得再訪🧡 …"
糖心室串串糖葫蘆,楊志偉,1 張相片,1 年前,4 顆星,
糖心室串串糖葫蘆,黃Yumi,在地嚮導 · 59 則評論 · 76 張相片,2 年前,5 顆星,剛好看到這間買我最喜歡吃的糖葫蘆，就覺得一定要買幾根回來吃，吃完後才發現有點驚艷到我了，因為他的糖不是那種跟外面也是有些裹得很厚，他是每一顆都有裹得很好，然後糖也很薄不會吃到最後像是再吃糖果的感覺，蕃茄跟蜜餞的部分也是都跟平時古早味一樣，老闆跟老闆娘也是都對每個人非常親切和靄，能感覺他們在做每一隻糖葫蘆都是很認真用心的對待👍 …
糖心室串串糖葫蘆,劉忠衍,10 則評論 · 2 張相片,2 年前,5 顆星,好吃😋 …
糖心室串串糖葫蘆,阿骨,2 則評論 · 4 張相片,2 年前,5 顆星,好吃的東西不用多說了
糖心室串串糖葫蘆,花惹發廢片,12 則評論 · 3 張相片,2 年前,5 顆星,"老闆跟老闆娘和藹可親
東西好吃 來台南玩必買的美食之一
推推"
糖心室串串糖葫蘆,Ruth,"在地嚮導 · 259 則評論 · 2,027 張相片",2 年前,5 顆星,"3根蕃茄蜜餞100$
連續2天買了6根
外帶包裝包得很用心꒰⑅°͈꒳°͈꒱･*♡♡♡
蕃茄新鮮好吃👍🏻 …"
糖心室串串糖葫蘆,歐買尬,在地嚮導 · 117 則評論 · 606 張相片,2 年前,5 顆星,好吃便宜
糖心室串串糖葫蘆,CKC,"在地嚮導 · 512 則評論 · 8,269 張相片",2 年前,5 顆星,小朋友的最愛❤️😄 …
糖心室串串糖葫蘆,jerry chang,12 則評論 · 10 張相片,2 年前,5 顆星,好吃😋老闆娘親切 …
糖心室串串糖葫蘆,林瓏穎,,2 年前,5 顆星,
糖心室串串糖葫蘆,李韋誌,4 則評論 · 1 張相片,2 年前,5 顆星,超好吃，人也恨好
糖心室串串糖葫蘆,劉冠廷,3 則評論 · 7 張相片,2 年前,5 顆星,好吃
糖心室串串糖葫蘆,王小維,3 則評論,2 年前,5 顆星,好吃
糖心室串串糖葫蘆,John,在地嚮導 · 17 則評論 · 5 張相片,2 年前,5 顆星,會讓你一吃再吃的美味食物，值得來買 讚～
糖心室串串糖葫蘆,余姿靜,13 則評論 · 5 張相片,2 年前,5 顆星,"老闆堅持不用色素跟任何添加劑，超級棒
不然坊間的糖葫蘆需要色素來讓賣像好看
還有添加物讓食材可以久放
現在還是越天然越好，很棒的店家"
糖心室串串糖葫蘆,洪FU,在地嚮導 · 8 則評論 · 2 張相片,2 年前,5 顆星,"味覺甜甜外，視覺也甜甜，古早味加上新創
讓糖葫蘆不再侷限番茄.草莓"
糖心室串串糖葫蘆,Cody,10 則評論 · 2 張相片,2 年前,5 顆星,好吃，可以再來～
糖心室串串糖葫蘆,林承義,8 則評論 · 3 張相片,2 年前,5 顆星,
糖心室串串糖葫蘆,吳國輝,6 則評論,2 年前,5 顆星,超好吃😋 …
糖心室串串糖葫蘆,余季霖,4 則評論 · 1 張相片,2 年前,5 顆星,
糖心室串串糖葫蘆,yu,在地嚮導 · 46 則評論 · 10 張相片,2 年前,5 顆星,
糖心室串串糖葫蘆,陳建銘,4 則評論 · 1 張相片,2 年前,5 顆星,
糖心室串串糖葫蘆,通訊行回收手機,在地嚮導 · 39 則評論 · 2 張相片,2 年前,5 顆星,"好吃 又衛生
沒有色素！

👍"
糖心室串串糖葫蘆,郭蕙瑜,在地嚮導 · 9 則評論 · 6 張相片,2 年前,5 顆星,好吃~吃過最好吃的糖葫蘆
糖心室串串糖葫蘆,蔡素珠,1 則評論 · 2 張相片,2 年前,5 顆星,
糖心室串串糖葫蘆,李懿純,2 則評論,2 年前,5 顆星,好吃讚
糖心室串串糖葫蘆,hippo,15 則評論 · 2 張相片,2 年前,5 顆星,好吃
糖心室串串糖葫蘆,七九,8 則評論,2 年前,5 顆星,給五星是因為老闆跟我一樣帥😂 …
糖心室串串糖葫蘆,張勝凱,5 則評論 · 2 張相片,2 年前,5 顆星,
糖心室串串糖葫蘆,妲己,6 則評論,2 年前,5 顆星,非常好吃！老闆、老闆娘態度非常和藹可親，很帥、很美哦！
糖心室串串糖葫蘆,王宏翌,7 則評論,2 年前,5 顆星,水果新鮮 用料實在
糖心室串串糖葫蘆,吳昇鴻,在地嚮導 · 24 則評論 · 30 張相片,2 年前,5 顆星,"真的很好吃欸
感性滷味 真心推薦"
糖心室串串糖葫蘆,鄭奕倩,10 則評論 · 1 張相片,2 年前,5 顆星,超好吃的糖葫蘆，甜度剛好，水果新鮮，闆娘nice，推推❤️
糖心室串串糖葫蘆,林心怡,10 則評論 · 2 張相片,2 年前,5 顆星,水果新鮮 甜而不膩 👍 …
糖心室串串糖葫蘆,洪國碩,在地嚮導 · 37 則評論 · 25 張相片,2 年前,5 顆星,老闆娘用料實在，東西好吃
糖心室串串糖葫蘆,黃威仁,7 則評論 · 3 張相片,2 年前,5 顆星,"新鮮好吃😋
吃好吃滿就對了👍 …"
糖心室串串糖葫蘆,terrence,1 則評論 · 1 張相片,2 年前,5 顆星,
糖心室串串糖葫蘆,江家年,9 則評論 · 5 張相片,2 年前,5 顆星,好的！
糖心室串串糖葫蘆,林傳恩,2 則評論,2 年前,5 顆星,超好吃的糖葫蘆 闆娘很親切漂亮喲☺️
糖心室串串糖葫蘆,鄭雯娟,2 則評論,2 年前,5 顆星,水果很新鮮，好吃
糖心室串串糖葫蘆,林巧巧,在地嚮導 · 81 則評論 · 125 張相片,2 年前,5 顆星,第一次購買吃吃看.很親切.蠻乾淨的.價位可以.好吃.大推
糖心室串串糖葫蘆,王宥甯,在地嚮導 · 96 則評論 · 621 張相片,2 年前,5 顆星,草莓好吃😋大顆一點會更讚👍🏿 …
糖心室串串糖葫蘆,沈旻誼,6 則評論,2 年前,5 顆星,支持年青人創業、甜而不膩、真這是我吃過最優的糖葫蘆、還有、還有闆娘超正唷真是養眼又可口😂😂😂 …
糖心室串串糖葫蘆,鄭又瑄,12 則評論 · 6 張相片,2 年前,5 顆星,"美麗糖衣搭配草莓超級爽口，顆顆像寶石一樣晶瑩剔透。
重點是還有帥哥美女親切服務，想不到小小攤位有讓我驚艷到。"
糖心室串串糖葫蘆,森Mori,在地嚮導 · 11 則評論 · 17 張相片,2 年前,5 顆星,好粗～年輕人創業　＋＋Ｕ
糖心室串串糖葫蘆,達,"在地嚮導 · 941 則評論 · 3,011 張相片",2 年前,5 顆星,便宜 好吃
糖心室串串糖葫蘆,V Y,2 則評論,2 年前,5 顆星,好吃~👍 …
糖心室串串糖葫蘆,陳建賓,1 則評論 · 1 張相片,2 年前,5 顆星,超好吃的
糖心室串串糖葫蘆,catherine wu,7 則評論,2 年前,5 顆星,超好吃
糖心室串串糖葫蘆,愛吃遊玩人生,在地嚮導 · 176 則評論 · 177 張相片,2 年前,5 顆星,好吃😋 delicious …
糖心室串串糖葫蘆,吳美慧,1 則評論,2 年前,5 顆星,
糖心室串串糖葫蘆,小瑋,7 則評論,2 年前,5 顆星,爽脆 超級好吃的😋 …
糖心室串串糖葫蘆,Hsiao Chiu,2 則評論 · 1 張相片,2 年前,5 顆星,超讚的❤️
糖心室串串糖葫蘆,Shiue_er,6 則評論 · 1 張相片,2 年前,5 顆星,
糖心室串串糖葫蘆,梁峻瑀,1 則評論,2 年前,5 顆星,
糖心室串串糖葫蘆,黃淑榮,,2 年前,5 顆星,
糖心室串串糖葫蘆,王漢珽,4 則評論 · 1 張相片,2 年前,5 顆星,大推，糖葫蘆好吃
糖心室串串糖葫蘆,林晉宇,2 則評論,2 年前,5 顆星,
糖心室串串糖葫蘆,林秉緯,4 則評論 · 6 張相片,2 年前,5 顆星,
糖心室串串糖葫蘆,阿鼎,1 則評論 · 1 張相片,2 年前,5 顆星,
糖心室串串糖葫蘆,欣怡渣,4 則評論 · 2 張相片,2 年前,5 顆星,我吃過最好吃的糖葫蘆讚讚👍🏻 …
糖心室串串糖葫蘆,億聯油脂,3 則評論,2 年前,5 顆星,很好吃 推推
糖心室串串糖葫蘆,Zoe maria,在地嚮導 · 81 則評論 · 23 張相片,2 年前,5 顆星,水果爆甜爆好吃😋 …
糖心室串串糖葫蘆,姚仲宇,2 則評論,2 年前,5 顆星,"超好粗～
大家快來吃"
糖心室串串糖葫蘆,Showshow Lin,4 則評論 · 5 張相片,2 年前,5 顆星,好吃
鬍鬚生炒無骨鴨肉羹,Una Hsieh,在地嚮導 · 24 則評論 · 33 張相片,6 天前,5 顆星,份量可，雖較少生炒的鍋氣香味，但其他部分都喜歡。
鬍鬚生炒無骨鴨肉羹,Fanny Fanny,在地嚮導 · 108 則評論,1 週前,1 顆星,不好吃，湯太甜又稠，確定有炒過？完全沒香味，雷。
鬍鬚生炒無骨鴨肉羹,翔,18 則評論 · 4 張相片,2 週前,1 顆星,只能說難吃又貴，沒吃過這麼難吃的鴨肉羹，而且吃起來也不像鴨肉羹，只能說是筍子羹，爛透了👎！ …
鬍鬚生炒無骨鴨肉羹,ZY,在地嚮導 · 17 則評論 · 2 張相片,1 個月前,1 顆星,"這個叫鴨肉羹…不要鬧了吧
單論價格和份量就完全不行，更不用說味道了…
一上桌我還女友光肉眼看都傻眼了…那個湯的樣子和黏稠程度..看起來就不會好吃
味道也不對  我加了大量的醋和辣椒粉才勉強吃的下去 鴨肉沒鴨肉味 筍子沒筍味  湯到底是什麼鬼，我不知道我到底買了什麼？

我第一次來武聖夜市逛的差不多想說吃個熱湯  結果就踩雷  而且還是雷到不行的那種
一顆星都嫌多"
鬍鬚生炒無骨鴨肉羹,EN KUO,在地嚮導 · 57 則評論 · 51 張相片,2 個月前,5 顆星,最好吃的鴨肉羹🤤
鬍鬚生炒無骨鴨肉羹,Wayne Tseng,"在地嚮導 · 1,102 則評論 · 6,712 張相片",2 個月前,3 顆星,
鬍鬚生炒無骨鴨肉羹,Lee Lei,在地嚮導 · 294 則評論 · 381 張相片,5 個月前,1 顆星,肉有一個怪味道…..說不上來….
鬍鬚生炒無骨鴨肉羹,台中古天樂,"在地嚮導 · 1,573 則評論 · 8,863 張相片",6 個月前,3 顆星,2024/10/4 甜了點😌我不推
鬍鬚生炒無骨鴨肉羹,渝蒨,8 則評論 · 1 張相片,9 個月前,1 顆星,我懷疑這是史萊姆羹吧！
鬍鬚生炒無骨鴨肉羹,samantha Chen,在地嚮導 · 101 則評論 · 127 張相片,10 個月前,1 顆星,湯頭酸酸甜甜，肉有腥味，而且有的肉片很乾澀，個人覺得不是很好吃
鬍鬚生炒無骨鴨肉羹,Alan,在地嚮導 · 58 則評論 · 6 張相片,1 年前,1 顆星,上餐的時候 手指縫插進羹裡 所以我整碗都不吃了
鬍鬚生炒無骨鴨肉羹,EI W,在地嚮導 · 35 則評論 · 13 張相片,1 年前,1 顆星,超腥臭 喝一口就走了
鬍鬚生炒無骨鴨肉羹,KB,在地嚮導 · 31 則評論 · 13 張相片,1 年前,1 顆星,跟嘉義的差超多，鴨肉不香，筍絲超少，然後價格偏貴，吃過別的地方的鴨肉羹來吃這裡會失望。
鬍鬚生炒無骨鴨肉羹,曼陀螺,"在地嚮導 · 1,201 則評論 · 31,569 張相片",1 年前,5 顆星,不是我喜歡的口味風格。食材新鮮，生意很好，值得推薦給附近的朋友來吃。
鬍鬚生炒無骨鴨肉羹,皮小丘,"在地嚮導 · 221 則評論 · 3,056 張相片",1 年前,5 顆星,好吃
鬍鬚生炒無骨鴨肉羹,Ez Too,18 則評論 · 5 張相片,1 年前,5 顆星,從小吃到大！！去小北有看到必買
鬍鬚生炒無骨鴨肉羹,E.C Chen,"在地嚮導 · 233 則評論 · 1,844 張相片",1 年前,5 顆星,這家炒鴨肉 超級無敵好吃!!! 蔥 蒜辣椒獨特沙茶炒到收汁!! 整個入味到不行..每一口都真材實料 太好吃了啦!!!!!!!必點!!!!
鬍鬚生炒無骨鴨肉羹,芋頭仔,"在地嚮導 · 760 則評論 · 3,733 張相片",1 年前,2 顆星,"味道不錯 鴨肉也很大片
但價格也不便宜就是了…
熱天在內用區喝 會大粒汗小粒汗"
鬍鬚生炒無骨鴨肉羹,周育民,在地嚮導 · 1 則評論 · 1 張相片,1 年前,5 顆星,
鬍鬚生炒無骨鴨肉羹,陳俊維,7 則評論 · 3 張相片,1 年前,1 顆星,
鬍鬚生炒無骨鴨肉羹,Tyler C (tylersohungry),在地嚮導 · 151 則評論 · 608 張相片,1 年前,5 顆星,"武聖夜市美食好讚讚，生炒鴨肉羹酸甜好滋味 🥰

生炒鴨肉羹也是我來武聖夜市必吃的一道料理
勾芡的羹湯，嚐起來酸酸甜甜
搭配筍絲脆脆的口感
實在是好滿足～～～ 🥰

主食有米飯、米粉、麵可以選擇
也可以單點鴨肉羹歐
有來武聖夜市的話，來嚐嚐看吧 😍"
(鬍鬚） 生炒無骨鴨肉羹,Amanda Chou,"在地嚮導 · 13 則評論 · 1,058 張相片",6 個月前,4 顆星,
(鬍鬚） 生炒無骨鴨肉羹,黃伊城,11 則評論,7 個月前,1 顆星,別鬧了 這個可以叫鴨肉羹嗎？ 真好騙，一碗80賣那什麼東西？ 建議沒吃過鴨肉羹的不用吃了，去嘉義吃比較實際，便宜又好吃。
(鬍鬚） 生炒無骨鴨肉羹,西西里黃后,"在地嚮導 · 1,199 則評論 · 10,357 張相片",8 個月前,4 顆星,湯很濃稠，勾芡膏膏的，味道不錯，小孩也喜歡
(鬍鬚） 生炒無骨鴨肉羹,YUAN YU WU,12 則評論 · 2 張相片,11 個月前,5 顆星,不能只有我被雷
(鬍鬚） 生炒無骨鴨肉羹,謝明呈,13 則評論 · 5 張相片,1 年前,1 顆星,是不是以為麵勾芡加幾片肉就可以開店賺錢了？？？
(鬍鬚） 生炒無骨鴨肉羹,涼涼,"在地嚮導 · 178 則評論 · 6,273 張相片",1 年前,5 顆星,
(鬍鬚） 生炒無骨鴨肉羹,ANDY LIAO,"在地嚮導 · 628 則評論 · 2,977 張相片",1 年前,4 顆星,湯頭美味，加點黑醋更優。
(鬍鬚） 生炒無骨鴨肉羹,黃翌瑄,8 則評論 · 5 張相片,1 年前,1 顆星,"完全沒學到嘉義的精髓
鴨肉不香 料很少 很貴 cp值超低"
(鬍鬚） 生炒無骨鴨肉羹,史瑞隆,在地嚮導 · 29 則評論 · 197 張相片,1 年前,3 顆星,
(鬍鬚） 生炒無骨鴨肉羹,Kate Lin,在地嚮導 · 22 則評論 · 7 張相片,1 年前,1 顆星,吃過雲林的生炒鴨肉羹，會覺得這間味道實在不行！！！料也沒多少，一碗要價85元真的很盤，倒不如吃旁邊的蚵仔煎.....
(鬍鬚） 生炒無骨鴨肉羹,Roy Yeh,在地嚮導 · 6 則評論,1 年前,5 顆星,
(鬍鬚） 生炒無骨鴨肉羹,z77 M,在地嚮導 · 55 則評論 · 6 張相片,1 年前,3 顆星,太稠了
(鬍鬚） 生炒無骨鴨肉羹,Smith John,在地嚮導 · 106 則評論 · 291 張相片,1 年前,3 顆星,中規中矩，老闆娘很漂亮
(鬍鬚） 生炒無骨鴨肉羹,Ate,"在地嚮導 · 558 則評論 · 1,227 張相片",1 年前,2 顆星,"太稠
沒什麼料
麵普通
不好吃"
(鬍鬚） 生炒無骨鴨肉羹,廖清水,在地嚮導 · 27 則評論 · 3 張相片,6 年前,3 顆星,已關店
(鬍鬚） 生炒無骨鴨肉羹,楊琢琨,在地嚮導 · 295 則評論 · 242 張相片,6 年前,4 顆星,我會再來吃
(鬍鬚） 生炒無骨鴨肉羹,Anthony Bidard,在地嚮導 · 13 則評論 · 3 張相片,6 年前,5 顆星,台灣最好吃的肉乾！我們原本應該去另一家餐廳，但被那股令人驚嘆的氣味所吸引後改變了計劃
(鬍鬚） 生炒無骨鴨肉羹,皮老闆,在地嚮導 · 160 則評論 · 995 張相片,6 年前,5 顆星,"南部口味的銅板小吃,武聖夜市起家到現今的店面,軟嫩無骨鴨肉羹, 喜歡吃的到米粒口感的鴨米血,便宜好吃~"
(鬍鬚） 生炒無骨鴨肉羹,Chin-yao Huang,"在地嚮導 · 51 則評論 · 1,730 張相片",6 年前,4 顆星,
(鬍鬚） 生炒無骨鴨肉羹,王凱禾,,7 年前,5 顆星,
(鬍鬚） 生炒無骨鴨肉羹,Lisa Wu,在地嚮導 · 391 則評論 · 120 張相片,7 年前,5 顆星,湯好喝，環境整潔
(鬍鬚） 生炒無骨鴨肉羹,WEI DING,在地嚮導 · 986 則評論 · 942 張相片,7 年前,5 顆星,"物美價廉，湯頭不像一般那麼鹹，份量十足！
新開的店，透過Go麻吉才知道，更超值！"
(鬍鬚） 生炒無骨鴨肉羹,紀柔,在地嚮導 · 117 則評論 · 461 張相片,7 年前,3 顆星,在武聖夜市也有擺攤的鬍鬚鴨肉羹，羹的口味偏甜鴨肉份量滿多的，說不上來好吃，但是是可以選擇用餐的店家，環境乾淨明亮舒服。
(鬍鬚） 生炒無骨鴨肉羹,Alien Ho,在地嚮導 · 60 則評論 · 4 張相片,7 年前,5 顆星,"好吃乾淨衛生,使用陶器皿,看得出店家的用心！第一次去點的鴨肉米粉羹和鴨血非常好吃~羹裡面放洋蔥感覺健康清血，下次會再去。"
巧虎牛排,愛車人試 AWeiAutoLife,在地嚮導 · 19 則評論 · 8 張相片,5 天前,5 顆星,
巧虎牛排,Cheng,在地嚮導 · 55 則評論 · 25 張相片,1 個月前,5 顆星,豬排好好吃，肉質軟嫩超級讚👍👍👍 …
巧虎牛排,天開兄,在地嚮導 · 27 則評論 · 10 張相片,3 個月前,1 顆星,找不到地方能評論， 肉用化學方法醃到 只有脆口感、完全完無肉味。
巧虎牛排,劉怡文,在地嚮導 · 48 則評論 · 26 張相片,9 個月前,1 顆星,"不好吃
醬沒味道，一上餐立馬翻蛋，都燒焦又黏著，烤盤應該刷一點油"
巧虎牛排,曼陀螺,"在地嚮導 · 1,201 則評論 · 31,569 張相片",1 年前,5 顆星,本地牛排老店。
濟陽堂正味烤肉刈包武聖店,Elly Shih,在地嚮導 · 72 則評論 · 20 張相片,2 週前,5 顆星,超好吃😋
濟陽堂正味烤肉刈包武聖店,Yo shi,13 則評論 · 1 張相片,2 個月前,1 顆星,"邊抽菸邊包裝刈包
煙燻口味嗎？
邊講話聊天噴口水
還不帶口罩
應該叫做煙燻口水刈包
看到如此惡劣的環境
認真覺得去夜店前面擺攤好了
不要來夜市"
濟陽堂正味烤肉刈包武聖店,徐采薇,在地嚮導 · 116 則評論 · 1 張相片,2 個月前,1 顆星,"超級噁心又難吃的掛包
老闆剛抽完菸再用那隻二手煙的手拿掛包
又一直聊天噴口水在掛包上
想吃老闆二手菸跟口水的歡迎去買"
濟陽堂正味烤肉刈包武聖店,王家宏,4 則評論,4 個月前,1 顆星,邊做邊講話。都吃他的口水就好了 還不帶口罩。
濟陽堂正味烤肉刈包武聖店,Traveler,"在地嚮導 · 1,379 則評論 · 7,643 張相片",8 個月前,5 顆星,"這間刈包的肉是用烤肉片
重點是老闆給的很多啊！！
滿滿的肉塞爆刈包有夠多
每一口都能咬到烤肉片😋
好吃又很滿足，很推薦！"
濟陽堂正味烤肉刈包武聖店,漫（慢人）,145 則評論 · 556 張相片,1 年前,5 顆星,"此店的刈包是包烤肉
在一旁小鍋滷完後上鐵板烤過
再由前台包製
想要即食者會再加上“厚”衛生紙讓你不至於燙手"
濟陽堂正味烤肉刈包武聖店,曼陀螺,"在地嚮導 · 1,201 則評論 · 31,569 張相片",1 年前,5 顆星,老闆烤肉烤的很用心，大家可以試看看好不好吃，算是有特色的店。
星之蝦滑 手打蝦滑,陳愉珊,在地嚮導 · 20 則評論 · 4 張相片,1 年前,5 顆星,"闆娘很正，很細心介紹～
推泰式酸辣蝦滑冬粉煲，冬粉吸飽湯汁很入味，蝦滑很Q彈，非常唰嘴～
可以在夜市吃到很有特色的小吃，給個大拇指👍
位置在H37，只要看到攤位有一堆卡比就是那家了！"
星之蝦滑 手打蝦滑,劉旻芳,5 則評論 · 1 張相片,6 個月前,5 顆星,"非常好吃
不過闆娘最近都沒有出現了，不知道是不是收攤了？😭😭😭😭 …"
星之蝦滑 手打蝦滑,WEN WANG,12 則評論 · 1 張相片,1 年前,5 顆星,很好吃 是夜市沒有的新奇食物
星之蝦滑 手打蝦滑,加農,7 則評論,1 年前,5 顆星,蝦子很新鮮 超香👍
星之蝦滑 手打蝦滑,彌生,在地嚮導 · 466 則評論 · 63 張相片,9 個月前,5 顆星,不錯吃
星之蝦滑 手打蝦滑,Lynn,14 則評論 · 1 張相片,9 個月前,5 顆星,辣味的好吃 希望台中也有🥺 …
星之蝦滑 手打蝦滑,Jin Hsu,2 則評論 · 1 張相片,1 年前,5 顆星,
星之蝦滑 手打蝦滑,郭美雲,7 則評論 · 1 張相片,1 年前,5 顆星,
星之蝦滑 手打蝦滑,Hannah Guo,14 則評論 · 4 張相片,1 年前,5 顆星,
星之蝦滑 手打蝦滑,郭子豪,8 則評論,8 個月前,5 顆星,
土耳其手工烤餅雞肉捲,吳翊寧,12 則評論 · 5 張相片,1 個月前,5 顆星,
土耳其手工烤餅雞肉捲,黃筠婷,2 則評論,4 個月前,5 顆星,
土耳其手工烤餅雞肉捲,Su,15 則評論 · 6 張相片,10 個月前,5 顆星,"有人知道為什麼暫停營業嗎
好不容易有動力去夜市
怎麼突然就沒了"
土耳其手工烤餅雞肉捲,塞利姆,2 則評論 · 12 張相片,11 個月前,5 顆星,老闆很親切！！！
土耳其手工烤餅雞肉捲,RLu,在地嚮導 · 58 則評論 · 54 張相片,1 年前,5 顆星,完全忘記拍照就直接下肚了，老闆很客氣，東西也好吃，第一次購買加了番茄醬、美乃滋、優格（土耳其優格），一口下去整個很清爽👍
土耳其手工烤餅雞肉捲,含含,"在地嚮導 · 267 則評論 · 1,610 張相片",1 年前,4 顆星,"價位是>>一捲100；兩捲180
總共有四種醬可以選 一捲可以挑兩種醬搭配
我們買了一捲番茄醬+美乃滋 跟 一捲辣椒醬+優格
份量個人覺得給得很有誠意
跟臺灣的沙威瑪比起來肉量真的多很多
個人認為一捲90在夜市小吃算中價位 但挺飽的
下次會想嘗試只有辣椒醬的口味 因為我覺得可能被優格中和掉了
喜歡辣辣的感覺><

現場需要小排隊因為一次只能烤一片餅
但其實前進速度算快除非有人一次點很多
但當天排隊大部分人都是一~兩捲在點而已!

兩位老闆也很熱情很可愛ouo"
土耳其手工烤餅雞肉捲,E.C Chen,"在地嚮導 · 233 則評論 · 1,844 張相片",1 年前,4 顆星,"超級好吃!!!!! 花園夜市一定要買~
醬料很順口又入味 餅皮香脆 肉絲滑香嫩"
土耳其手工烤餅雞肉捲,曼陀螺,"在地嚮導 · 1,201 則評論 · 31,573 張相片",1 年前,5 顆星,土耳其人用雙手製作的烙餅，是最道地的土耳其手工烙餅，沒吃過土耳其人親手製作的烙餅，建議可以嘗鮮吃看看，或許你會喜歡，推薦給喜歡吃土耳其人手工製作出的烙餅的朋友，老闆非常友善有趣，可以跟他們聊天。
小飛新疆烤肉串,棕毛大型犬,在地嚮導 · 465 則評論 · 588 張相片,1 個月前,5 顆星,"牛肉串最好吃也是我唯一會回購的！！
醬汁醃的味道也真的很讚
但其他滷肉、鴕鳥肉、雞皮都不是我的菜🥲 …"
小飛新疆烤肉串,慕安,11 則評論 · 8 張相片,7 個月前,5 顆星,
小飛新疆烤肉串,Rocky Chou,在地嚮導 · 18 則評論 · 4 張相片,8 個月前,5 顆星,味道不會太重，烤的好吃😋
小飛新疆烤肉串,Boni ka,在地嚮導 · 112 則評論 · 73 張相片,8 個月前,5 顆星,是好吃的👍🏻 …
小飛新疆烤肉串,曼陀螺,"在地嚮導 · 1,201 則評論 · 31,573 張相片",1 年前,5 顆星,看起來還不錯，可以吃看看。
