餐廳名稱,留言者,留言者身分,留言時間,星級評等,評論內容,留言者ID
大東夜市,張瑞欽,在地嚮導 · 7 則評論 · 10 張相片,58 分鐘前,5 顆星,,https://www.google.com/maps/contrib/115768766587467480280/reviews?hl=zh-TW
大東夜市,Jim Courville,"在地嚮導 · 507 則評論 · 1,840 張相片",4 小時前,2 顆星,嗯。沒有留下什麼印象。兩個夜市並排而立，但食物種類卻很少。很多油炸食品和遊戲。幾乎沒有地方可以處理垃圾，也沒有可以坐下來吃飯的桌子。看起來混亂且失敗,https://www.google.com/maps/contrib/112013820553611659458/reviews?hl=zh-TW
大東夜市,范啟東,在地嚮導 · 22 則評論 · 279 張相片,5 小時前,2 顆星,,https://www.google.com/maps/contrib/110971768939361183302/reviews?hl=zh-TW
大東夜市,湯家權,在地嚮導 · 237 則評論 · 903 張相片,5 小時前,5 顆星,好逛的夜市,https://www.google.com/maps/contrib/116076301724462924545/reviews?hl=zh-TW
大東夜市,蔡政吉,在地嚮導 · 12 則評論 · 14 張相片,13 小時前,4 顆星,,https://www.google.com/maps/contrib/110742061046330161941/reviews?hl=zh-TW
大東夜市,吳畢菱,2 則評論 · 4 張相片,16 小時前,2 顆星,以前逛夜市走路間距寬大舒服，現在實在太擠了，有品質的夜市文化才能長久。,https://www.google.com/maps/contrib/103706981604852111308/reviews?hl=zh-TW
大東夜市,Benjamin Yi,在地嚮導 · 990 則評論 · 21 張相片,16 小時前,4 顆星,雖然夜市規模不大，但依然是一個不錯的消磨時間的地方。,https://www.google.com/maps/contrib/116878317745940840680/reviews?hl=zh-TW
大東夜市,佑佑田,在地嚮導 · 20 則評論 · 2 張相片,23 小時前,5 顆星,很好逛 東西多樣化,https://www.google.com/maps/contrib/116471883704830502423/reviews?hl=zh-TW
大東夜市,xie frank,在地嚮導 · 35 則評論 · 53 張相片,1 天前,3 顆星,,https://www.google.com/maps/contrib/100492292713135648679/reviews?hl=zh-TW
大東夜市,Allen H. Chang,在地嚮導 · 35 則評論 · 108 張相片,1 天前,4 顆星,,https://www.google.com/maps/contrib/104831737319833854860/reviews?hl=zh-TW
大東夜市,Hank Kingsman,在地嚮導 · 12 則評論,1 天前,5 顆星,,https://www.google.com/maps/contrib/105544996122860539149/reviews?hl=zh-TW
大東夜市,Nabila Putri Rachmadani,在地嚮導 · 4 則評論 · 16 張相片,1 天前,5 顆星,有各種適合穆斯林的食物：清真土耳其沙瓦瑪（就像在印尼一樣）、巨型章魚、炸墨魚、泰式茶、魚餅、蜜汁地瓜、甜玉米、地瓜球、柳橙汁檸檬汁,https://www.google.com/maps/contrib/109031731271367708968/reviews?hl=zh-TW
大東夜市,YC CHU,在地嚮導 · 54 則評論 · 240 張相片,1 天前,3 顆星,,https://www.google.com/maps/contrib/111449427582221890617/reviews?hl=zh-TW
大東夜市,吳宜桑,在地嚮導 · 6 則評論 · 1 張相片,1 天前,5 顆星,,https://www.google.com/maps/contrib/103918140530091784388/reviews?hl=zh-TW
大東夜市,ying xuan,6 則評論 · 9 張相片,1 天前,5 顆星,,https://www.google.com/maps/contrib/100346693588473095334/reviews?hl=zh-TW
大東夜市,James Chen,"在地嚮導 · 375 則評論 · 1,906 張相片",2 天前,5 顆星,"從年輕逛到中年～逛了24年
變成大東和大東東有點不習慣",https://www.google.com/maps/contrib/101798529615365568018/reviews?hl=zh-TW
大東夜市,부금문,在地嚮導 · 77 則評論 · 124 張相片,2 天前,5 顆星,分成大東和大東東後第一次去,https://www.google.com/maps/contrib/116770336862681441921/reviews?hl=zh-TW
大東夜市,Arylena Hayloft,在地嚮導 · 48 則評論 · 41 張相片,3 天前,5 顆星,真的很棒的夜市，有很多種類的美味食物。一點也不後悔。,https://www.google.com/maps/contrib/114780291463186260069/reviews?hl=zh-TW
大東夜市,CS Kuo,在地嚮導 · 291 則評論 · 692 張相片,3 天前,5 顆星,,https://www.google.com/maps/contrib/100381899523898638134/reviews?hl=zh-TW
大東夜市,Chen Hung,在地嚮導 · 18 則評論 · 7 張相片,3 天前,5 顆星,,https://www.google.com/maps/contrib/113231873430999192530/reviews?hl=zh-TW
大東夜市,小晴,在地嚮導 · 37 則評論 · 5 張相片,3 天前,1 顆星,一顆星給槍射氣球的老闆，還沒完就問老闆一局多少老闆就說錢不用管打就對了，而且還卡彈兩三次說要補也沒補，結果朋友打中六顆有一隻娃娃（小隻的）我們兩個人各玩一局（因該是兩百）老闆卻跟我們收400元，希望大家別受騙（此攤販在射弓手旁邊）請大家注意,https://www.google.com/maps/contrib/116519032824248284165/reviews?hl=zh-TW
大東夜市,Chang Duncan,在地嚮導 · 32 則評論 · 12 張相片,3 天前,2 顆星,人擠爆 …擠了一圈。花了1個多小時買了個排骨酥…,https://www.google.com/maps/contrib/113368871390117604533/reviews?hl=zh-TW
大東夜市,Shuk Chun Cheung,在地嚮導 · 173 則評論 · 44 張相片,4 天前,4 顆星,好多食物選擇，但有鐵板牛排就有d懷疑牛嘅成份,https://www.google.com/maps/contrib/103344176671874752382/reviews?hl=zh-TW
大東夜市,高菀妤,在地嚮導 · 35 則評論 · 3 張相片,4 天前,5 顆星,非常好逛逛,https://www.google.com/maps/contrib/109671411364914363115/reviews?hl=zh-TW
大東夜市,顏書舲,在地嚮導 · 28 則評論 · 27 張相片,4 天前,5 顆星,,https://www.google.com/maps/contrib/118410139153076821896/reviews?hl=zh-TW
大東夜市,王元宏,在地嚮導 · 39 則評論 · 3 張相片,4 天前,5 顆星,,https://www.google.com/maps/contrib/108337328310926147764/reviews?hl=zh-TW
大東夜市,劉彥妤,在地嚮導 · 1 則評論,5 天前,5 顆星,,https://www.google.com/maps/contrib/116896877106414751417/reviews?hl=zh-TW
大東夜市,YaWen Hsu,在地嚮導 · 29 則評論 · 9 張相片,5 天前,5 顆星,很多吃的！,https://www.google.com/maps/contrib/110752760173319139317/reviews?hl=zh-TW
大東夜市,劉慶明,在地嚮導 · 10 則評論 · 8 張相片,5 天前,5 顆星,,https://www.google.com/maps/contrib/111075708045240135260/reviews?hl=zh-TW
大東夜市,張巧虎,"在地嚮導 · 549 則評論 · 3,321 張相片",5 天前,4 顆星,還行,https://www.google.com/maps/contrib/106601870387301522199/reviews?hl=zh-TW
大東夜市,Vivian Lau,在地嚮導 · 17 則評論 · 242 張相片,5 天前,4 顆星,,https://www.google.com/maps/contrib/110298153680994397726/reviews?hl=zh-TW
大東夜市,咻咻蹦,5 則評論,5 天前,3 顆星,攤販有點少，但整體規劃還不錯,https://www.google.com/maps/contrib/102595430086848238232/reviews?hl=zh-TW
大東夜市,陳文捷,3 則評論 · 2 張相片,6 天前,2 顆星,,https://www.google.com/maps/contrib/112049319777382457214/reviews?hl=zh-TW
大東夜市,Sun,8 則評論 · 4 張相片,6 天前,5 顆星,,https://www.google.com/maps/contrib/109476581351628269318/reviews?hl=zh-TW
大東夜市,沛堤,在地嚮導 · 13 則評論 · 4 張相片,6 天前,3 顆星,,https://www.google.com/maps/contrib/110619732398952938610/reviews?hl=zh-TW
大東夜市,N•O•Y ninio,在地嚮導 · 16 則評論 · 154 張相片,6 天前,4 顆星,,https://www.google.com/maps/contrib/111778746830557365601/reviews?hl=zh-TW
大東夜市,ping,2 則評論 · 1 張相片,6 天前,5 顆星,,https://www.google.com/maps/contrib/116803087174851796766/reviews?hl=zh-TW
大東夜市,YL Z,在地嚮導 · 16 則評論 · 6 張相片,1 週前,5 顆星,環境整潔 東西還不錯👍🏿 …,https://www.google.com/maps/contrib/116040846257846787211/reviews?hl=zh-TW
大東夜市,Jun,8 則評論,1 週前,5 顆星,,https://www.google.com/maps/contrib/109130965413555463127/reviews?hl=zh-TW
大東夜市,Vignesh Sarvothamaraj,在地嚮導 · 41 則評論 · 318 張相片,1 週前,3 顆星,,https://www.google.com/maps/contrib/112197098261839146406/reviews?hl=zh-TW
大東夜市,陳鵬全,"在地嚮導 · 34 則評論 · 1,248 張相片",1 週前,5 顆星,,https://www.google.com/maps/contrib/101241341977541614633/reviews?hl=zh-TW
大東夜市,曾怡禎,在地嚮導 · 16 則評論 · 17 張相片,1 週前,5 顆星,很喜歡,https://www.google.com/maps/contrib/116969257768466455466/reviews?hl=zh-TW
大東夜市,pann,在地嚮導 · 9 則評論 · 39 張相片,1 週前,4 顆星,沒什麼好看的。,https://www.google.com/maps/contrib/114393486497579953431/reviews?hl=zh-TW
大東夜市,風（在下毛毛雨）,在地嚮導 · 8 則評論 · 41 張相片,1 週前,4 顆星,地主吵架所以分成兩邊,https://www.google.com/maps/contrib/114870152507037076938/reviews?hl=zh-TW
大東夜市,泥瞅啥（庫巴蝦餃）,在地嚮導 · 19 則評論 · 14 張相片,1 週前,4 顆星,,https://www.google.com/maps/contrib/101739855295549803444/reviews?hl=zh-TW
大東夜市,洪連鴻,在地嚮導 · 1 則評論 · 79 張相片,1 週前,3 顆星,,https://www.google.com/maps/contrib/114569459001804153917/reviews?hl=zh-TW
大東夜市,楊季葳,在地嚮導 · 21 則評論 · 49 張相片,1 週前,5 顆星,,https://www.google.com/maps/contrib/100306702228654999453/reviews?hl=zh-TW
大東夜市,coofootra,"在地嚮導 · 445 則評論 · 10,596 張相片",1 週前,4 顆星,越來越少攤販了,https://www.google.com/maps/contrib/117825641680415047464/reviews?hl=zh-TW
大東夜市,楊竣詠,在地嚮導 · 767 則評論 · 175 張相片,1 週前,5 顆星,很棒的夜市，東西好吃。,https://www.google.com/maps/contrib/105602816958955014492/reviews?hl=zh-TW
大東夜市,Steven Chong,在地嚮導 · 138 則評論 · 62 張相片,1 週前,3 顆星,一個乾淨的地方，但不是那麼大。,https://www.google.com/maps/contrib/100656293383001531349/reviews?hl=zh-TW
大東夜市,詹旻翰,5 則評論 · 1 張相片,1 週前,1 顆星,超傻眼，買2件衣服而已，其中一件就拿錯貨，原本一天的好心情都被破壞了，而且我住台中，是叫我在開車回去找攤位退嘛…,https://www.google.com/maps/contrib/107641250923835742806/reviews?hl=zh-TW
大東夜市,Toh CJ,在地嚮導 · 117 則評論 · 183 張相片,1 週前,5 顆星,,https://www.google.com/maps/contrib/116115010603642178571/reviews?hl=zh-TW
大東夜市,Sweetnsourgruffi,在地嚮導 · 21 則評論 · 306 張相片,1 週前,4 顆星,,https://www.google.com/maps/contrib/104456487344036643680/reviews?hl=zh-TW
大東夜市,Richard Lim,在地嚮導 · 13 則評論 · 5 張相片,1 週前,4 顆星,,https://www.google.com/maps/contrib/102003347348308277159/reviews?hl=zh-TW
大東夜市,逸翔,在地嚮導 · 19 則評論 · 10 張相片,1 週前,4 顆星,,https://www.google.com/maps/contrib/117537427349987529798/reviews?hl=zh-TW
大東夜市,李憶慈,6 則評論 · 1 張相片,1 週前,3 顆星,,https://www.google.com/maps/contrib/105650202294210164286/reviews?hl=zh-TW
大東夜市,江盛文,"在地嚮導 · 4 則評論 · 1,114 張相片",1 週前,4 顆星,,https://www.google.com/maps/contrib/105088534575027636355/reviews?hl=zh-TW
大東夜市,曾晏旼,13 則評論,1 週前,1 顆星,觀光夜市，東西貴，用料又不實在,https://www.google.com/maps/contrib/100991216558490929362/reviews?hl=zh-TW
大東夜市,Julius Fernandez,在地嚮導 · 4 則評論 · 35 張相片,1 週前,5 顆星,,https://www.google.com/maps/contrib/102015175580332473726/reviews?hl=zh-TW
大東夜市,張顯主,在地嚮導 · 62 則評論 · 81 張相片,1 週前,5 顆星,,https://www.google.com/maps/contrib/108356923921408108743/reviews?hl=zh-TW
大東夜市,幸福小窩,3 則評論 · 4 張相片,1 週前,3 顆星,,https://www.google.com/maps/contrib/113434508709886920712/reviews?hl=zh-TW
大東夜市,ledd Yeh,在地嚮導 · 16 則評論 · 900 張相片,1 週前,4 顆星,,https://www.google.com/maps/contrib/103305552940663353648/reviews?hl=zh-TW
大東夜市,陳威儒,5 則評論,1 週前,4 顆星,,https://www.google.com/maps/contrib/112135039672629486445/reviews?hl=zh-TW
大東夜市,賴意函,在地嚮導 · 53 則評論 · 9 張相片,1 週前,5 顆星,,https://www.google.com/maps/contrib/110534184415819811737/reviews?hl=zh-TW
大東夜市,Q毛,在地嚮導 · 105 則評論 · 43 張相片,1 週前,3 顆星,動線規劃不錯 路很大條 吃的就普通,https://www.google.com/maps/contrib/113934614771436728298/reviews?hl=zh-TW
大東夜市,施丙戊,2 則評論 · 1 張相片,1 週前,4 顆星,,https://www.google.com/maps/contrib/116824107474832930777/reviews?hl=zh-TW
大東夜市,紫維,"在地嚮導 · 145 則評論 · 2,057 張相片",1 週前,3 顆星,,https://www.google.com/maps/contrib/102782507731736935686/reviews?hl=zh-TW
大東夜市,劉家溶,在地嚮導 · 31 則評論 · 115 張相片,1 週前,4 顆星,,https://www.google.com/maps/contrib/111916034690172261018/reviews?hl=zh-TW
大東夜市,pb220701,在地嚮導 · 32 則評論 · 21 張相片,1 週前,3 顆星,很擠動線差難停車,https://www.google.com/maps/contrib/111862505358721917723/reviews?hl=zh-TW
大東夜市,星空,在地嚮導 · 32 則評論 · 20 張相片,1 週前,3 顆星,停車位少的可憐,https://www.google.com/maps/contrib/112408953251756836147/reviews?hl=zh-TW
大東夜市,Eartha Chu,在地嚮導 · 88 則評論 · 70 張相片,1 週前,4 顆星,,https://www.google.com/maps/contrib/115231397844193142556/reviews?hl=zh-TW
大東夜市,chi wai kong,4 張相片,2 週前,4 顆星,,https://www.google.com/maps/contrib/114274910966797311767/reviews?hl=zh-TW
大東夜市,洋銘胡,在地嚮導 · 62 則評論 · 322 張相片,2 週前,5 顆星,,https://www.google.com/maps/contrib/115217186821963528557/reviews?hl=zh-TW
大東夜市,林昌為,"在地嚮導 · 690 則評論 · 3,014 張相片",2 週前,5 顆星,不好逛,https://www.google.com/maps/contrib/106185108428515089836/reviews?hl=zh-TW
大東夜市,Kuan-Yu Lu,在地嚮導 · 6 則評論 · 5 張相片,2 週前,5 顆星,,https://www.google.com/maps/contrib/114458511823110306016/reviews?hl=zh-TW
大東夜市,劉秀吟,在地嚮導 · 3 則評論 · 8 張相片,2 週前,5 顆星,,https://www.google.com/maps/contrib/104767858594244965698/reviews?hl=zh-TW
大東夜市,林家禾,在地嚮導 · 57 則評論 · 4 張相片,2 週前,5 顆星,好逛,https://www.google.com/maps/contrib/109683774585897850885/reviews?hl=zh-TW
大東夜市,冏冏,在地嚮導 · 24 則評論 · 7 張相片,2 週前,5 顆星,,https://www.google.com/maps/contrib/100662138189350785483/reviews?hl=zh-TW
大東夜市,Anthony Wu,7 則評論 · 4 張相片,2 週前,5 顆星,方形的夜市,https://www.google.com/maps/contrib/108766859362304983608/reviews?hl=zh-TW
大東夜市,張喬瑄,4 則評論 · 4 張相片,2 週前,4 顆星,,https://www.google.com/maps/contrib/114605150516786087146/reviews?hl=zh-TW
大東夜市,張喬清江,在地嚮導 · 9 則評論,2 週前,3 顆星,,https://www.google.com/maps/contrib/110894813382228088949/reviews?hl=zh-TW
大東夜市,蘇紘億,在地嚮導 · 48 則評論 · 117 張相片,2 週前,5 顆星,,https://www.google.com/maps/contrib/102218415861599313423/reviews?hl=zh-TW
大東夜市,謝碧樂,在地嚮導 · 28 則評論 · 828 張相片,2 週前,4 顆星,,https://www.google.com/maps/contrib/115674567902677616049/reviews?hl=zh-TW
大東夜市,林林,在地嚮導 · 96 則評論 · 56 張相片,2 週前,3 顆星,,https://www.google.com/maps/contrib/111888564832732391896/reviews?hl=zh-TW
大東夜市,何凱文,在地嚮導 · 9 則評論 · 222 張相片,2 週前,4 顆星,,https://www.google.com/maps/contrib/109623797848940917843/reviews?hl=zh-TW
大東夜市,恩恩寶貝,在地嚮導 · 35 則評論 · 8 張相片,2 週前,4 顆星,投籃添狗遇見美女大放送🤣 …,https://www.google.com/maps/contrib/110933857490433924776/reviews?hl=zh-TW
大東夜市,黃裕翔,在地嚮導 · 15 則評論 · 15 張相片,2 週前,5 顆星,,https://www.google.com/maps/contrib/112253264099455313829/reviews?hl=zh-TW
大東夜市,蔡翔宇,在地嚮導 · 18 則評論 · 4 張相片,2 週前,5 顆星,"大東果然是大東
不愧是ko.3",https://www.google.com/maps/contrib/105518013845116791542/reviews?hl=zh-TW
大東夜市,Edgar Gättner,"在地嚮導 · 1,239 則評論 · 11,738 張相片",2 週前,5 顆星,還有一個非常好的夜市。,https://www.google.com/maps/contrib/115517946552527951887/reviews?hl=zh-TW
大東夜市,michael chang,在地嚮導 · 5 則評論,2 週前,4 顆星,,https://www.google.com/maps/contrib/111494084179128910736/reviews?hl=zh-TW
大東夜市,Desmon Lai,"在地嚮導 · 808 則評論 · 10,499 張相片",2 週前,3 顆星,一點都不令人覺得驚喜,https://www.google.com/maps/contrib/114715756151690313371/reviews?hl=zh-TW
大東夜市,陳則穎,在地嚮導 · 11 則評論,2 週前,5 顆星,,https://www.google.com/maps/contrib/115361104775772126692/reviews?hl=zh-TW
大東夜市,Melody Hwang,在地嚮導 · 7 則評論 · 67 張相片,2 週前,5 顆星,,https://www.google.com/maps/contrib/113294934200696007904/reviews?hl=zh-TW
大東夜市,遊俠,在地嚮導 · 138 則評論 · 84 張相片,2 週前,5 顆星,行~攤位多，不錯逛~,https://www.google.com/maps/contrib/102081317860549074079/reviews?hl=zh-TW
大東夜市,游順翔,在地嚮導 · 43 則評論 · 9 張相片,2 週前,5 顆星,,https://www.google.com/maps/contrib/104506462117978307273/reviews?hl=zh-TW
大東夜市,Tainan Maizuru 台南民宿舞鶴_我在booking.com喔,在地嚮導 · 721 則評論 · 838 張相片,2 週前,5 顆星,開心🥳 …,https://www.google.com/maps/contrib/113074782454152641505/reviews?hl=zh-TW
大東夜市,陳先生,在地嚮導 · 75 則評論 · 49 張相片,2 週前,5 顆星,好吃好玩缺點人太多😆 …,https://www.google.com/maps/contrib/106157839804797177705/reviews?hl=zh-TW
大東夜市,張鹽巴,在地嚮導 · 23 則評論 · 2 張相片,2 週前,5 顆星,,https://www.google.com/maps/contrib/113613573635299450238/reviews?hl=zh-TW
大東夜市,林小薰,4 則評論 · 2 張相片,2 週前,5 顆星,叻沙豬肉油麵好吃～棒棒,https://www.google.com/maps/contrib/104914672639480277554/reviews?hl=zh-TW
大東夜市,吳朋恩,在地嚮導 · 26 則評論 · 2 張相片,2 週前,5 顆星,我是來台南觀光的，夜市真的超好逛東西超多，裡面有古早味的香腸,https://www.google.com/maps/contrib/112595305493213009802/reviews?hl=zh-TW
大東夜市,RLin Chan,,2 週前,5 顆星,,https://www.google.com/maps/contrib/110149933649186120031/reviews?hl=zh-TW
大東夜市,曾樺瑋,在地嚮導 · 45 則評論 · 49 張相片,2 週前,5 顆星,,https://www.google.com/maps/contrib/108685775822821952668/reviews?hl=zh-TW
大東夜市,林阿倫,3 則評論 · 1 張相片,2 週前,5 顆星,,https://www.google.com/maps/contrib/101162044671710202583/reviews?hl=zh-TW
大東夜市,David Yin,在地嚮導 · 11 則評論 · 7 張相片,2 週前,5 顆星,,https://www.google.com/maps/contrib/104930613226146781798/reviews?hl=zh-TW
大東夜市,mark wang,在地嚮導 · 86 則評論 · 19 張相片,2 週前,5 顆星,好吃好玩 好好逛逛,https://www.google.com/maps/contrib/107491972699146685053/reviews?hl=zh-TW
大東夜市,Nina Hsieh,6 則評論 · 3 張相片,2 週前,5 顆星,,https://www.google.com/maps/contrib/107831829606599657654/reviews?hl=zh-TW
大東夜市,翁佩瑄,3 則評論,2 週前,4 顆星,,https://www.google.com/maps/contrib/117307942728231233577/reviews?hl=zh-TW
大東夜市,陳延杰,4 則評論 · 1 張相片,2 週前,4 顆星,,https://www.google.com/maps/contrib/109378408910002006265/reviews?hl=zh-TW
大東夜市,張崇連,在地嚮導 · 4 則評論 · 122 張相片,2 週前,3 顆星,,https://www.google.com/maps/contrib/104086985829833752417/reviews?hl=zh-TW
大東夜市,張佩茹,在地嚮導 · 27 則評論 · 6 張相片,2 週前,5 顆星,,https://www.google.com/maps/contrib/110032892584798001201/reviews?hl=zh-TW
大東夜市,瀚帥,17 則評論 · 3 張相片,2 週前,5 顆星,,https://www.google.com/maps/contrib/108287332236951218623/reviews?hl=zh-TW
大東夜市,黃科傑,在地嚮導 · 13 則評論 · 10 張相片,2 週前,5 顆星,,https://www.google.com/maps/contrib/112388574506649172548/reviews?hl=zh-TW
大東夜市,Jason Wu,在地嚮導 · 18 則評論 · 3 張相片,2 週前,4 顆星,賣的東西沒什麼特別的…跟其它地方都一樣,https://www.google.com/maps/contrib/111882280440856576372/reviews?hl=zh-TW
大東夜市,李夏菁,在地嚮導 · 35 則評論 · 27 張相片,3 週前,5 顆星,,https://www.google.com/maps/contrib/110379365053935118821/reviews?hl=zh-TW
大東夜市,橘子,在地嚮導 · 19 則評論 · 9 張相片,3 週前,5 顆星,,https://www.google.com/maps/contrib/108616667534699130084/reviews?hl=zh-TW
大東夜市,Mie Chen,在地嚮導 · 15 則評論 · 15 張相片,3 週前,5 顆星,,https://www.google.com/maps/contrib/117473118862417926587/reviews?hl=zh-TW
大東夜市,雷丘,4 則評論 · 5 張相片,3 週前,5 顆星,,https://www.google.com/maps/contrib/109001116657665929269/reviews?hl=zh-TW
大東夜市,Xiang Ling,4 則評論,3 週前,5 顆星,,https://www.google.com/maps/contrib/115728556194313866879/reviews?hl=zh-TW
大東夜市,成嘉張,在地嚮導 · 20 則評論 · 3 張相片,3 週前,2 顆星,變成大大東跟大東完全不好逛,https://www.google.com/maps/contrib/116443275860830112095/reviews?hl=zh-TW
大東夜市,侯冠廷,在地嚮導 · 229 則評論 · 150 張相片,3 週前,5 顆星,不錯 不過盡量別週五來 人很多,https://www.google.com/maps/contrib/103149722786941418614/reviews?hl=zh-TW
大東夜市,craig Huang,在地嚮導 · 42 則評論 · 13 張相片,3 週前,5 顆星,很久沒去了！還是一樣蠻好逛的,https://www.google.com/maps/contrib/115391086813938884717/reviews?hl=zh-TW
大東夜市,肥勇俊,在地嚮導 · 34 則評論 · 19 張相片,3 週前,5 顆星,,https://www.google.com/maps/contrib/114541572010252324758/reviews?hl=zh-TW
大東夜市,y Mk,1 則評論,3 週前,1 顆星,,https://www.google.com/maps/contrib/107869202116604255631/reviews?hl=zh-TW
大東夜市,凝凝,8 則評論 · 3 張相片,3 週前,5 顆星,,https://www.google.com/maps/contrib/100565026231512259430/reviews?hl=zh-TW
大東夜市,DI DI,在地嚮導 · 18 則評論 · 1 張相片,3 週前,5 顆星,,https://www.google.com/maps/contrib/100145764188716467317/reviews?hl=zh-TW
大東夜市,郭彥宏,在地嚮導 · 40 則評論 · 18 張相片,3 週前,5 顆星,能吃到飽的地方,https://www.google.com/maps/contrib/110987719821769329442/reviews?hl=zh-TW
大東夜市,Liting Chiou,3 則評論,3 週前,4 顆星,,https://www.google.com/maps/contrib/103912836461732365742/reviews?hl=zh-TW
大東夜市,劉庭安,在地嚮導 · 19 則評論 · 12 張相片,3 週前,5 顆星,,https://www.google.com/maps/contrib/115194153086695130500/reviews?hl=zh-TW
大東夜市,芳,"在地嚮導 · 35 則評論 · 1,093 張相片",3 週前,3 顆星,,https://www.google.com/maps/contrib/111217269622425132169/reviews?hl=zh-TW
大東夜市,CC Yeh,26 則評論,3 週前,4 顆星,停車有點不方便，夜市有兩個區塊， 對外地人的我們可能會有點不熟悉，還以為夜市很小，建議有關單位可以規劃的更好 或是有清楚的指示,https://www.google.com/maps/contrib/104942993141971725640/reviews?hl=zh-TW
大東夜市,蔡小姐,在地嚮導 · 320 則評論 · 212 張相片,3 週前,4 顆星,由於清明兒童節連續假日，人潮真的多到爆。,https://www.google.com/maps/contrib/103712926108671764573/reviews?hl=zh-TW
大東夜市,鄭智謙,在地嚮導 · 4 則評論,3 週前,4 顆星,,https://www.google.com/maps/contrib/100963011749725954017/reviews?hl=zh-TW
大東夜市,魁.,在地嚮導 · 16 則評論 · 3 張相片,3 週前,5 顆星,,https://www.google.com/maps/contrib/111769931677618583867/reviews?hl=zh-TW
大東夜市,Kenny Fu,"在地嚮導 · 31 則評論 · 2,422 張相片",3 週前,3 顆星,人超多，吃的東西一般般,https://www.google.com/maps/contrib/104832137363528804082/reviews?hl=zh-TW
大東夜市,yenchun,在地嚮導 · 50 則評論 · 30 張相片,3 週前,4 顆星,場地太擠，停車困難，攤位好吃。,https://www.google.com/maps/contrib/102922402287759129348/reviews?hl=zh-TW
大東夜市,TINNNA,在地嚮導 · 56 則評論 · 56 張相片,3 週前,5 顆星,"希望可以有停車場
路邊停車格真的太少了",https://www.google.com/maps/contrib/103789847495229100568/reviews?hl=zh-TW
大東夜市,輕鬆自在,在地嚮導 · 56 則評論 · 7 張相片,3 週前,3 顆星,夜市太擁擠了，不好逛。路小條。,https://www.google.com/maps/contrib/110970370875480767647/reviews?hl=zh-TW
大東夜市,Jerry Lin,在地嚮導 · 38 則評論 · 2 張相片,3 週前,4 顆星,,https://www.google.com/maps/contrib/114543183439596585654/reviews?hl=zh-TW
大東夜市,uuud buuu_,3 則評論 · 1 張相片,3 週前,5 顆星,絕對不要去玩射飛鏢的攤位，打手槍的那攤好很多,https://www.google.com/maps/contrib/114233218209425443561/reviews?hl=zh-TW
大東夜市,鍾育丞（LEO）,在地嚮導 · 96 則評論 · 445 張相片,3 週前,4 顆星,好久沒去大東夜市，這次再訪有點小失望，感覺攤位變少不少，以前熱鬧的感覺有點不見了。不過還是有幾家熟悉的老攤在，味道還是一樣好，吃起來很有回憶的感覺。整體逛起來算輕鬆，人潮也沒以前那麼擠，但少了那種熱鬧氣氛就有點可惜。希望未來能再慢慢回到以前那種盛況吧～給個四星鼓勵一下,https://www.google.com/maps/contrib/115307502892406960048/reviews?hl=zh-TW
大東夜市,jenny wang,在地嚮導 · 53 則評論 · 1 張相片,3 週前,1 顆星,今天去買靠近公廁的旗魚黑輪時候，旁邊是賣可莉餅的，我們正在排隊要買旗魚黑輪時候，可莉餅老闆態度就很差的叫我們不要排到他這裡來⋯重點是排黑輪的隊伍就是會排到他前面去，再說他自己的客人也是排到隔壁的炒麵去⋯而且他還用警告意味⋯我跟我先生真的傻眼⋯我們也沒很靠近他的攤位就被講成這樣，而且他時不時還叫他旁邊的助手跟我們說⋯⋯希望管委會可以控制攤位動線嗎⋯完全無言排隊的路是大家可以走動的，還要被這樣對待,https://www.google.com/maps/contrib/111241195220988655056/reviews?hl=zh-TW
大東夜市,巫志強,在地嚮導 · 32 則評論 · 339 張相片,3 週前,4 顆星,,https://www.google.com/maps/contrib/113902117558934784733/reviews?hl=zh-TW
大東夜市,yingying,在地嚮導 · 81 則評論 · 571 張相片,3 週前,4 顆星,,https://www.google.com/maps/contrib/113638802278872650331/reviews?hl=zh-TW
大東夜市,莊家玟,"在地嚮導 · 125 則評論 · 1,717 張相片",3 週前,5 顆星,夜市還挺大的，吃的東西不少！只是找停車場需要耗費一些時間，只能走遠一點！,https://www.google.com/maps/contrib/106032531087381795091/reviews?hl=zh-TW
大東夜市,Vinh Phat,在地嚮導 · 31 則評論 · 587 張相片,3 週前,5 顆星,,https://www.google.com/maps/contrib/112423301793130119630/reviews?hl=zh-TW
大東夜市,Lin Yang,8 則評論 · 3 張相片,3 週前,5 顆星,,https://www.google.com/maps/contrib/101775541334000189623/reviews?hl=zh-TW
大東夜市,Richard Tsai,在地嚮導 · 137 則評論 · 206 張相片,3 週前,4 顆星,,https://www.google.com/maps/contrib/101203984350679230909/reviews?hl=zh-TW
大東夜市,大前田長五郎,在地嚮導 · 133 則評論 · 106 張相片,3 週前,5 顆星,比武聖夜市還要擁擠很多，裡面有的店家其他夜市也有，應該是大武花裡面墊底的了。 這家雞排好吃！,https://www.google.com/maps/contrib/107942390891629644540/reviews?hl=zh-TW
大東夜市,Miller Liu,在地嚮導 · 367 則評論 · 756 張相片,3 週前,5 顆星,大東與大東東，都是夜市,https://www.google.com/maps/contrib/102419044231071479897/reviews?hl=zh-TW
大東夜市,欣玫,在地嚮導 · 9 則評論 · 3 張相片,3 週前,2 顆星,,https://www.google.com/maps/contrib/101180152056606931443/reviews?hl=zh-TW
大東夜市,ntckent,在地嚮導 · 122 則評論 · 99 張相片,3 週前,1 顆星,沒什麼特色,https://www.google.com/maps/contrib/102432860339102110444/reviews?hl=zh-TW
大東夜市,Mark Yeh,16 則評論 · 6 張相片,3 週前,2 顆星,,https://www.google.com/maps/contrib/116461337919128951309/reviews?hl=zh-TW
大東夜市,S.S Shen,在地嚮導 · 13 則評論 · 1 張相片,3 週前,4 顆星,,https://www.google.com/maps/contrib/101144828973663512283/reviews?hl=zh-TW
大東夜市,Peace U,在地嚮導 · 21 則評論 · 18 張相片,3 週前,2 顆星,"分成大東與大東東夜市後，吃的選擇變少了，繞了幾圈都沒什麼可以吃。
如果是要去吃晚餐或點心，建議去花園夜市比較多選擇也比較好逛。

餐點：沒什麼特別必吃的，餐飲選擇性少

交通：距離市區很近，機車方便停車，汽車停車位要找很久",https://www.google.com/maps/contrib/100616023930981213601/reviews?hl=zh-TW
大東夜市,追月風,在地嚮導 · 33 則評論,3 週前,3 顆星,慢慢的開始在走下坡了,https://www.google.com/maps/contrib/104688020751406222127/reviews?hl=zh-TW
大東夜市,Kam Yin Fan,6 則評論 · 5 張相片,3 週前,5 顆星,,https://www.google.com/maps/contrib/117102739148333907695/reviews?hl=zh-TW
大東夜市,Chi Yang,在地嚮導 · 6 則評論 · 3 張相片,3 週前,5 顆星,,https://www.google.com/maps/contrib/105491218385306831650/reviews?hl=zh-TW
大東夜市,MAX,在地嚮導 · 74 則評論,3 週前,5 顆星,,https://www.google.com/maps/contrib/104787124051414062202/reviews?hl=zh-TW
大東夜市,Hong Zhang Wong,7 則評論 · 2 張相片,3 週前,5 顆星,,https://www.google.com/maps/contrib/112228054588760771949/reviews?hl=zh-TW
大東夜市,林凡士,在地嚮導 · 1 則評論 · 155 張相片,3 週前,5 顆星,,https://www.google.com/maps/contrib/117106604490512276367/reviews?hl=zh-TW
大東夜市,Michael Tan,在地嚮導 · 19 則評論 · 77 張相片,3 週前,4 顆星,另類選擇，而台南其他夜市週二休市。,https://www.google.com/maps/contrib/111099850074330147648/reviews?hl=zh-TW
大東夜市,Ming Love,在地嚮導 · 20 則評論 · 13 張相片,3 週前,5 顆星,很棒,https://www.google.com/maps/contrib/111856480672511453892/reviews?hl=zh-TW
大東夜市,張理查,4 則評論 · 11 張相片,3 週前,5 顆星,,https://www.google.com/maps/contrib/110957410710689894271/reviews?hl=zh-TW
大東夜市,鄭志鵬,在地嚮導 · 49 則評論 · 22 張相片,3 週前,2 顆星,停車很不放便只有機車位沒汽車位逛街慾望不打不如去花園夜市停車方便又好逛而且攤位差不多,https://www.google.com/maps/contrib/102273163401374872441/reviews?hl=zh-TW
大東夜市,鄭永順,在地嚮導 · 164 則評論 · 530 張相片,3 週前,4 顆星,,https://www.google.com/maps/contrib/111187218485031923755/reviews?hl=zh-TW
大東夜市,Joseph Lim,在地嚮導 · 37 則評論 · 11 張相片,3 週前,5 顆星,,https://www.google.com/maps/contrib/109929562383263435856/reviews?hl=zh-TW
大東夜市,Chia Mu Lee,在地嚮導 · 373 則評論 · 88 張相片,3 週前,3 顆星,,https://www.google.com/maps/contrib/117183894389448487634/reviews?hl=zh-TW
大東夜市,蔣智任,在地嚮導 · 37 則評論 · 18 張相片,3 週前,5 顆星,吃的東西不少，有吃到想吃的東西，地方沒有很大就是。,https://www.google.com/maps/contrib/110439690839709066396/reviews?hl=zh-TW
大東夜市,黃美雪,在地嚮導 · 15 則評論 · 7 張相片,3 週前,4 顆星,,https://www.google.com/maps/contrib/116016103635837385025/reviews?hl=zh-TW
大東夜市,Fong,在地嚮導 · 231 則評論 · 679 張相片,4 週前,3 顆星,停車有點亂,https://www.google.com/maps/contrib/114042232896372287926/reviews?hl=zh-TW
大東夜市,黃士誠,"在地嚮導 · 240 則評論 · 1,874 張相片",4 週前,5 顆星,"今天來到「大東夜市」，這裡是台南著名的夜市之一，攤位種類豐富，美食選擇超多，整體逛下來真的很有滿足感。一進夜市，就能聞到四處飄來的香氣，炸物、烤肉、滷味、甜點應有盡有，每個攤位前都擠滿了人潮，氣氛熱鬧非凡。

首先當然要先來點台南必吃小吃，像是碳烤雞排、鹽酥雞，外皮酥脆，肉質多汁，超級涮嘴。接著又買了大腸包小腸，糯米腸Q彈，搭配炭烤香腸和蒜片，口感豐富又香氣十足。還點了一碗羊肉湯，湯頭溫潤，帶著淡淡的中藥香，喝起來相當暖胃。最後當然不能錯過甜點，選了古早味粉圓豆花，豆花細緻滑順，搭配Q彈的粉圓和黑糖糖水，簡單卻讓人回味無窮。

整體來說，大東夜市的攤販種類真的很齊全，不管是經典小吃還是特色料理，應有盡有，還有一些趣味遊戲攤位可以玩，逛起來完全不無聊。價格算是合理，份量也足夠，很適合和朋友或家人一起來邊吃邊逛。如果喜歡台南夜市文化，大東夜市絕對值得一來，下次一定會再來探索更多美食！",https://www.google.com/maps/contrib/112244293073162589149/reviews?hl=zh-TW
大東夜市,yi s,"在地嚮導 · 304 則評論 · 6,273 張相片",4 週前,4 顆星,東西玲琅滿目，但物價已經偏高了,https://www.google.com/maps/contrib/110792477687874815769/reviews?hl=zh-TW
大東夜市,帳號抖音,5 張相片,4 週前,4 顆星,,https://www.google.com/maps/contrib/109808642996910389492/reviews?hl=zh-TW
大東夜市,Maggie Lam,在地嚮導 · 12 則評論 · 45 張相片,4 週前,5 顆星,身為遊客我覺得比花園夜市好逛吃，因為沒有那麼多人，可以更自如的吃到大部分夜市小吃～因為第二天去花園夜市其實也有看到很多重複的店家和品類！,https://www.google.com/maps/contrib/102692493896848872873/reviews?hl=zh-TW
大東夜市,小熊維尼,在地嚮導 · 54 則評論 · 157 張相片,4 週前,5 顆星,第一次來大東夜市，導航汽車車位結果是汽機車監理站，沒車位要到路邊找收費車位，臭豆腐好吃，烤魚也很嫩，章魚燒很香，吉拿棒很甜,https://www.google.com/maps/contrib/112341422989940931873/reviews?hl=zh-TW
大東夜市,ADVAN ASSEN,在地嚮導 · 604 則評論 · 213 張相片,4 週前,5 顆星,環境良好,https://www.google.com/maps/contrib/114002001681808521068/reviews?hl=zh-TW
大東夜市,Tung Tung,在地嚮導 · 11 則評論 · 8 張相片,4 週前,5 顆星,,https://www.google.com/maps/contrib/105469606496607035621/reviews?hl=zh-TW
大東夜市,Miggy Gee,在地嚮導 · 13 則評論 · 107 張相片,4 週前,3 顆星,,https://www.google.com/maps/contrib/101279537910571552151/reviews?hl=zh-TW
大東夜市,Alan Li,7 則評論 · 4 張相片,4 週前,5 顆星,,https://www.google.com/maps/contrib/114957776470409131212/reviews?hl=zh-TW
大東夜市,Ching Lu,在地嚮導 · 60 則評論 · 64 張相片,4 週前,5 顆星,"不愧是夜市王該主題得主，雞排有很特別的醬汁，讓雞排吃起來別有風味，肉質也很棒！

夜市的第一排蔥油餅、大腸包小腸都神好吃～☺️☺️",https://www.google.com/maps/contrib/106776780766712115601/reviews?hl=zh-TW
大東夜市,張功人,2 則評論 · 4 張相片,1 個月前,4 顆星,,https://www.google.com/maps/contrib/114665079319566225652/reviews?hl=zh-TW
大東夜市,J J,在地嚮導 · 44 則評論 · 3 張相片,1 個月前,5 顆星,"儘管你很忙，我還是被你的善良所感動。
野豬腸、地瓜湯+QQ丸、蔥油餅？請嘗試一下。很好吃。",https://www.google.com/maps/contrib/100295754500259186411/reviews?hl=zh-TW
大東夜市,Anmol Nigam,在地嚮導,1 個月前,5 顆星,,https://www.google.com/maps/contrib/112967163318413736318/reviews?hl=zh-TW
大東夜市,Cookie “Falkor” M,在地嚮導 · 235 則評論 · 89 張相片,1 個月前,5 顆星,很多美味的食物而且非常便宜,https://www.google.com/maps/contrib/105579963388416168055/reviews?hl=zh-TW
大東夜市,楊淳傅,在地嚮導 · 15 則評論 · 2 張相片,1 個月前,4 顆星,,https://www.google.com/maps/contrib/104728339866189133139/reviews?hl=zh-TW
大東夜市,藍默,在地嚮導 · 15 則評論,1 個月前,4 顆星,,https://www.google.com/maps/contrib/102127488390665487144/reviews?hl=zh-TW
大東夜市,zhi long Lin (開運竹),在地嚮導 · 55 則評論 · 119 張相片,1 個月前,5 顆星,店家空攤位較多 人潮還保持一些 多數攤位差不多,https://www.google.com/maps/contrib/101773702605722023957/reviews?hl=zh-TW
大東夜市,Shin. Hu Su,在地嚮導 · 146 則評論 · 62 張相片,1 個月前,5 顆星,,https://www.google.com/maps/contrib/110460877128031919852/reviews?hl=zh-TW
大東夜市,苏振源,在地嚮導 · 11 則評論 · 30 張相片,1 個月前,5 顆星,,https://www.google.com/maps/contrib/111750959026513065647/reviews?hl=zh-TW
大東夜市,士軒黃,11 則評論 · 2 張相片,1 個月前,5 顆星,,https://www.google.com/maps/contrib/110550630490227062015/reviews?hl=zh-TW
大東夜市,chihwei Hong,在地嚮導 · 17 則評論 · 8 張相片,1 個月前,5 顆星,很好逛，小吃都很好吃，阿桂嬤👍👍 …,https://www.google.com/maps/contrib/104211349461787558489/reviews?hl=zh-TW
大東夜市,王秀玲,在地嚮導 · 40 則評論 · 5 張相片,1 個月前,3 顆星,攤位少,https://www.google.com/maps/contrib/101169322877722521553/reviews?hl=zh-TW
大東夜市,流口水,在地嚮導 · 16 則評論 · 4 張相片,1 個月前,5 顆星,,https://www.google.com/maps/contrib/109974729575451178780/reviews?hl=zh-TW
大東夜市,小羽（玥璃喵喵喵叫）,7 則評論 · 3 張相片,1 個月前,5 顆星,單純就是很愛逛夜市,https://www.google.com/maps/contrib/115173975657905034347/reviews?hl=zh-TW
大東夜市,許靜宜,在地嚮導 · 23 則評論 · 24 張相片,1 個月前,4 顆星,,https://www.google.com/maps/contrib/117955524598188264238/reviews?hl=zh-TW
大東夜市,fon,在地嚮導 · 48 則評論 · 324 張相片,1 個月前,5 顆星,,https://www.google.com/maps/contrib/111787985364786515862/reviews?hl=zh-TW
大東夜市,凌晨,在地嚮導 · 187 則評論 · 41 張相片,1 個月前,5 顆星,超級好逛，食物很多類~~,https://www.google.com/maps/contrib/111230503287096184648/reviews?hl=zh-TW
大東夜市,王子,在地嚮導 · 61 則評論 · 1 張相片,1 個月前,4 顆星,,https://www.google.com/maps/contrib/107826360222489550034/reviews?hl=zh-TW
大東夜市,界廣（Rock）,在地嚮導 · 2 則評論 · 10 張相片,1 個月前,5 顆星,,https://www.google.com/maps/contrib/106533661014880116070/reviews?hl=zh-TW
大東夜市,徐全德 samuel syu,在地嚮導 · 16 則評論 · 2 張相片,1 個月前,4 顆星,"分家後，真的要跟以前比較起來的確是相對不好逛，但依舊值得去。
但吃的還是好吃，還是期待之後再次合一！",https://www.google.com/maps/contrib/100391453365925452246/reviews?hl=zh-TW
大東夜市,Huang,在地嚮導 · 45 則評論 · 33 張相片,1 個月前,3 顆星,,https://www.google.com/maps/contrib/117938105247979327371/reviews?hl=zh-TW
大東夜市,林承頡,在地嚮導 · 18 則評論 · 34 張相片,1 個月前,5 顆星,,https://www.google.com/maps/contrib/111304865060902895797/reviews?hl=zh-TW
大東夜市,Jean Chen,在地嚮導 · 12 則評論 · 3 張相片,1 個月前,4 顆星,"吃的攤位很多，很豐富,缺點就是很多老闆在攤位抽菸更扯的是邊煮邊抽菸.....我就會盡量避開不買了！",https://www.google.com/maps/contrib/103559744132479059034/reviews?hl=zh-TW
大東夜市,Nathan Younkin,在地嚮導 · 21 則評論 · 167 張相片,1 個月前,5 顆星,一切都好市場,https://www.google.com/maps/contrib/102740984609691969777/reviews?hl=zh-TW
大東夜市,vivin wu,在地嚮導 · 114 則評論 · 924 張相片,1 個月前,1 顆星,"真的不怎麼樣
可能是現在夜市就都是這樣吧
但是特別不OK的，就是鴨肉羹麵
這個一碗$70可以算是坑人了
台灣的小吃如果再不進步，我想也是很快就沒落了
這裡也不是美國鳳凰城
這種價格就算是通貨膨脹也沒辦法解釋
總之，不要期待就不會受傷害
希望不要全台灣的夜市都是這樣的程度
沒有照片，因為實在不知道該拍什麼",https://www.google.com/maps/contrib/104943736074851328851/reviews?hl=zh-TW
大東夜市,尤薪壹（嘉宏）,在地嚮導 · 9 則評論 · 8 張相片,1 個月前,5 顆星,,https://www.google.com/maps/contrib/112729185951894324103/reviews?hl=zh-TW
大東夜市,陳弘毅,在地嚮導 · 61 則評論 · 5 張相片,1 個月前,4 顆星,,https://www.google.com/maps/contrib/112101808093023309570/reviews?hl=zh-TW
大東夜市,徐華,"在地嚮導 · 25 則評論 · 2,291 張相片",1 個月前,1 顆星,,https://www.google.com/maps/contrib/107389183693796930232/reviews?hl=zh-TW
大東夜市,王俊傑,10 則評論 · 2 張相片,1 個月前,5 顆星,好吃的很多,https://www.google.com/maps/contrib/100388578989697211524/reviews?hl=zh-TW
大東夜市,蘇于玲,在地嚮導 · 10 則評論 · 20 張相片,1 個月前,5 顆星,喜歡吃韓國烤肉和蔥油餅，好吃好逛的夜市,https://www.google.com/maps/contrib/113572718179897898657/reviews?hl=zh-TW
大東夜市,Jouyil Kim,在地嚮導 · 12 則評論 · 12 張相片,1 個月前,5 顆星,,https://www.google.com/maps/contrib/100763710848753627984/reviews?hl=zh-TW
大東夜市,張全福,在地嚮導 · 15 則評論 · 27 張相片,1 個月前,4 顆星,,https://www.google.com/maps/contrib/109383759934108373675/reviews?hl=zh-TW
大東夜市,suwen Lin,在地嚮導 · 162 則評論 · 585 張相片,1 個月前,4 顆星,,https://www.google.com/maps/contrib/102522818949604098509/reviews?hl=zh-TW
大東夜市,Al Lu,4 則評論,1 個月前,5 顆星,,https://www.google.com/maps/contrib/114464876938585489753/reviews?hl=zh-TW
大東夜市,jiaping,在地嚮導 · 87 則評論 · 17 張相片,1 個月前,5 顆星,星期一去人潮比較還好 星期五小擠,https://www.google.com/maps/contrib/115584131647875700490/reviews?hl=zh-TW
大東夜市,Wu Cash,8 則評論 · 2 張相片,1 個月前,3 顆星,,https://www.google.com/maps/contrib/103557852442032582720/reviews?hl=zh-TW
大東夜市,JAY HUNG,在地嚮導 · 63 則評論 · 35 張相片,1 個月前,4 顆星,,https://www.google.com/maps/contrib/100197465334753341152/reviews?hl=zh-TW
大東夜市,Jiang Jiang,5 則評論 · 1 張相片,1 個月前,5 顆星,,https://www.google.com/maps/contrib/100381649100232119589/reviews?hl=zh-TW
大東夜市,Johnathan Liu,在地嚮導 · 8 則評論 · 252 張相片,1 個月前,4 顆星,"大東夜市跟大東東夜市兩相隔壁
各有特色
開車去要找停車位大不易",https://www.google.com/maps/contrib/115950006985968037486/reviews?hl=zh-TW
大東夜市,巫婆奶奶,在地嚮導 · 9 則評論 · 50 張相片,1 個月前,5 顆星,,https://www.google.com/maps/contrib/113929898511678728866/reviews?hl=zh-TW
大東夜市,詹佩璋,5 則評論,1 個月前,4 顆星,,https://www.google.com/maps/contrib/104331936144526618028/reviews?hl=zh-TW
大東夜市,Quella,8 則評論 · 2 張相片,1 個月前,3 顆星,,https://www.google.com/maps/contrib/112333109452903709880/reviews?hl=zh-TW
大東夜市,Ni Mai梅雅妮,在地嚮導 · 28 則評論 · 92 張相片,1 個月前,5 顆星,很多吃跟很好買停車建議去公園對面的大樓有地下停車場,https://www.google.com/maps/contrib/117154047198791266560/reviews?hl=zh-TW
大東夜市,臺南市政府衛生局鄧嘉仁,"在地嚮導 · 4 則評論 · 1,445 張相片",1 個月前,5 顆星,,https://www.google.com/maps/contrib/113012119282732419085/reviews?hl=zh-TW
大東夜市,Tiểu Linh,在地嚮導 · 10 則評論 · 19 張相片,1 個月前,5 顆星,還不錯的,https://www.google.com/maps/contrib/102424834392104263184/reviews?hl=zh-TW
大東夜市,阮暐恩,在地嚮導 · 103 則評論 · 8 張相片,1 個月前,5 顆星,還不錯 但就是東西有點貴,https://www.google.com/maps/contrib/111192897484622449137/reviews?hl=zh-TW
大東夜市,jiyan Zhou,2 則評論 · 2 張相片,1 個月前,5 顆星,,https://www.google.com/maps/contrib/108087898792034367415/reviews?hl=zh-TW
大東夜市,Arviyan Wisnu,在地嚮導 · 8 則評論 · 20 張相片,1 個月前,5 顆星,這不是個壞地方,https://www.google.com/maps/contrib/107923221297030198384/reviews?hl=zh-TW
大東夜市,黃金蛋蛋,在地嚮導 · 23 則評論 · 2 張相片,1 個月前,5 顆星,,https://www.google.com/maps/contrib/102928537223237021197/reviews?hl=zh-TW
大東夜市,Liz Chang,3 則評論,1 個月前,5 顆星,,https://www.google.com/maps/contrib/106964964968656881719/reviews?hl=zh-TW
大東夜市,10 JENG,3 則評論 · 5 張相片,1 個月前,4 顆星,,https://www.google.com/maps/contrib/100934736548972910538/reviews?hl=zh-TW
大東夜市,黃展雲,9 則評論 · 1 張相片,1 個月前,1 顆星,,https://www.google.com/maps/contrib/117307735884947518521/reviews?hl=zh-TW
大東夜市,加薪,在地嚮導 · 9 則評論 · 3 張相片,1 個月前,5 顆星,,https://www.google.com/maps/contrib/114486911347861003389/reviews?hl=zh-TW
大東夜市,林宏偉,在地嚮導 · 39 則評論 · 133 張相片,1 個月前,4 顆星,,https://www.google.com/maps/contrib/104153528284771952965/reviews?hl=zh-TW
大東夜市,魯勒勒,5 則評論,1 個月前,5 顆星,"地方大，東西好吃~
台南必逛夜市~",https://www.google.com/maps/contrib/112047915705142725873/reviews?hl=zh-TW
大東夜市,一十一,在地嚮導 · 22 則評論 · 36 張相片,1 個月前,4 顆星,白天沒有夜市，週六、日是假日農市,https://www.google.com/maps/contrib/112331506144607144940/reviews?hl=zh-TW
大東夜市,花生,在地嚮導 · 12 則評論 · 6 張相片,1 個月前,5 顆星,,https://www.google.com/maps/contrib/113838865986650657814/reviews?hl=zh-TW
大東夜市,劉昱恩,在地嚮導 · 17 則評論 · 90 張相片,1 個月前,5 顆星,,https://www.google.com/maps/contrib/111744930198469953933/reviews?hl=zh-TW
大東夜市,方為紘,在地嚮導 · 13 則評論 · 27 張相片,1 個月前,5 顆星,比起東東大夜市食物比較便宜一些,https://www.google.com/maps/contrib/106610626747511245600/reviews?hl=zh-TW
大東夜市,王森玄,,1 個月前,5 顆星,,https://www.google.com/maps/contrib/112550861868841076336/reviews?hl=zh-TW
大東夜市,黃韻華,在地嚮導 · 7 則評論 · 941 張相片,1 個月前,5 顆星,,https://www.google.com/maps/contrib/102654283438195810501/reviews?hl=zh-TW
大東夜市,史偉仁,5 則評論 · 3 張相片,1 個月前,5 顆星,好逛，素食料理也好吃,https://www.google.com/maps/contrib/107632170122026474314/reviews?hl=zh-TW
大東夜市,Ethan Wang,"在地嚮導 · 1,353 則評論 · 249 張相片",1 個月前,5 顆星,攤位變少了,https://www.google.com/maps/contrib/105244961145563180801/reviews?hl=zh-TW
大東夜市,彭進輝,在地嚮導 · 166 則評論 · 161 張相片,1 個月前,4 顆星,,https://www.google.com/maps/contrib/111489716449989248837/reviews?hl=zh-TW
大東夜市,吳雙和,在地嚮導 · 1 則評論,1 個月前,2 顆星,,https://www.google.com/maps/contrib/106915137592538727416/reviews?hl=zh-TW
大東夜市,徐世謙,在地嚮導 · 68 則評論 · 3 張相片,1 個月前,3 顆星,,https://www.google.com/maps/contrib/102119630238248323234/reviews?hl=zh-TW
大東夜市,高子承,5 則評論,1 個月前,5 顆星,不錯逛,https://www.google.com/maps/contrib/103468562075482774236/reviews?hl=zh-TW
大東夜市,Julie Chen,6 則評論,1 個月前,4 顆星,,https://www.google.com/maps/contrib/111177262465080761660/reviews?hl=zh-TW
大東夜市,Siang-ling Su,在地嚮導 · 28 則評論 · 54 張相片,1 個月前,5 顆星,食物和飲品種類多、遊戲項目也不少⋯CP值算高，老少皆宜。,https://www.google.com/maps/contrib/102196565703454068067/reviews?hl=zh-TW
大東夜市,三井壽,5 則評論,1 個月前,5 顆星,小東東夜市人偶,https://www.google.com/maps/contrib/107137075406665275963/reviews?hl=zh-TW
大東夜市,x o,5 則評論,1 個月前,5 顆星,,https://www.google.com/maps/contrib/101394922830115095312/reviews?hl=zh-TW
大東夜市,xin ning Hu,在地嚮導 · 8 則評論 · 1 張相片,1 個月前,1 顆星,"攤位少，好不容易找到喜歡吃的（麻辣臭豆腐）
到家開吃後、竟然是甜的！！！吃完還拉肚子！",https://www.google.com/maps/contrib/104132141112532439481/reviews?hl=zh-TW
大東夜市,陳蟲蟲,在地嚮導 · 10 則評論 · 8 張相片,1 個月前,5 顆星,,https://www.google.com/maps/contrib/108283479239486308169/reviews?hl=zh-TW
大東夜市,陳慧鈺,在地嚮導 · 86 則評論 · 5 張相片,1 個月前,5 顆星,很多年輕人可以逛的攤位,https://www.google.com/maps/contrib/107547837679026476038/reviews?hl=zh-TW
大東夜市,NICK HUNG,在地嚮導 · 6 則評論 · 11 張相片,1 個月前,5 顆星,分拆後不好逛了,https://www.google.com/maps/contrib/114904655737730978510/reviews?hl=zh-TW
大東夜市,姿姿,在地嚮導 · 61 則評論 · 374 張相片,1 個月前,5 顆星,,https://www.google.com/maps/contrib/101503646242497004168/reviews?hl=zh-TW
大東夜市,YI SHAN TSAI,在地嚮導 · 202 則評論 · 269 張相片,1 個月前,3 顆星,除了失望還是失望⋯雞排沒什麼醬料味道還有很重雞味，蚵仔煎的醬直接用番茄醬，根本超不用心，炸排骨酥冷掉自來水好重，總之夜市王炒作下很成功！不會再去了,https://www.google.com/maps/contrib/114571174419591774949/reviews?hl=zh-TW
大東夜市,王清和,在地嚮導 · 18 則評論 · 14 張相片,1 個月前,5 顆星,,https://www.google.com/maps/contrib/108568998961508979731/reviews?hl=zh-TW
大東夜市,陳正鴻,"在地嚮導 · 652 則評論 · 2,857 張相片",1 個月前,5 顆星,,https://www.google.com/maps/contrib/102839871723141709832/reviews?hl=zh-TW
大東夜市,Peter Li,"在地嚮導 · 204 則評論 · 19,851 張相片",1 個月前,5 顆星,,https://www.google.com/maps/contrib/118114472878677385812/reviews?hl=zh-TW
大東夜市,蘇炳憲,在地嚮導 · 89 則評論 · 47 張相片,1 個月前,5 顆星,星期一沒什麼人 太晚來11:30很多店都關了,https://www.google.com/maps/contrib/100233419548730099533/reviews?hl=zh-TW
大東夜市,陳永貴,在地嚮導 · 5 則評論 · 1 張相片,1 個月前,5 顆星,,https://www.google.com/maps/contrib/111217480458035519787/reviews?hl=zh-TW
大東夜市,徐俊忠,在地嚮導 · 7 則評論 · 6 張相片,1 個月前,5 顆星,,https://www.google.com/maps/contrib/104003095044739392209/reviews?hl=zh-TW
大東夜市,timmy kuo,在地嚮導 · 223 則評論 · 298 張相片,1 個月前,3 顆星,場地太擁擠，停車不方便，適合外地遊客,https://www.google.com/maps/contrib/113055052362074446205/reviews?hl=zh-TW
大東夜市,FKS,在地嚮導 · 31 則評論 · 1 張相片,1 個月前,4 顆星,目前已經拆成兩塊，其實不太方便，大東東的美食比較多，不過東西老樣子的沒什麼變化，還行,https://www.google.com/maps/contrib/111191386843219883834/reviews?hl=zh-TW
大東夜市,吳陳翰,在地嚮導 · 19 則評論 · 6 張相片,1 個月前,5 顆星,,https://www.google.com/maps/contrib/117174480625712456636/reviews?hl=zh-TW
大東夜市,Chris,在地嚮導 · 62 則評論 · 27 張相片,1 個月前,5 顆星,,https://www.google.com/maps/contrib/107487945682794485680/reviews?hl=zh-TW
大東夜市,林祺叡,在地嚮導 · 8 則評論 · 9 張相片,1 個月前,5 顆星,,https://www.google.com/maps/contrib/115830550585736124034/reviews?hl=zh-TW
大東夜市,Su BlackJack,在地嚮導 · 12 則評論 · 1 張相片,1 個月前,4 顆星,,https://www.google.com/maps/contrib/114689031681703609587/reviews?hl=zh-TW
大東夜市,Cheri C,在地嚮導 · 38 則評論 · 44 張相片,1 個月前,2 顆星,食物不多，很小。食物不是那麼好吃..,https://www.google.com/maps/contrib/112404315076279971492/reviews?hl=zh-TW
大東夜市,藍智輝,在地嚮導 · 25 則評論 · 2 張相片,1 個月前,5 顆星,普通人好多 招牌很漂亮,https://www.google.com/maps/contrib/102721650896360290170/reviews?hl=zh-TW
大東夜市,Wu hao,在地嚮導 · 20 則評論 · 3 張相片,1 個月前,5 顆星,,https://www.google.com/maps/contrib/105302208609858460351/reviews?hl=zh-TW
大東夜市,Willie Wei,在地嚮導 · 49 則評論 · 90 張相片,1 個月前,3 顆星,現在分開成大東東/大東，真的不知道是什麼東東了，很不好逛,https://www.google.com/maps/contrib/109802425511283073494/reviews?hl=zh-TW
大東夜市,HH Wang,在地嚮導 · 90 則評論 · 220 張相片,1 個月前,5 顆星,很多好吃的，只是停車場塞滿滿,https://www.google.com/maps/contrib/113698984832645267066/reviews?hl=zh-TW
大東夜市,Iris,在地嚮導 · 146 則評論 · 89 張相片,1 個月前,5 顆星,"最推！！！
吳記排骨酥、雄大雞排

吃過會再想念的味道～",https://www.google.com/maps/contrib/117179577585368879393/reviews?hl=zh-TW
大東夜市,Hui Ling,在地嚮導 · 18 則評論 · 4 張相片,1 個月前,4 顆星,"❤️咖啡牛奶、綜合奶茶2杯100，濃醇香
❤️地瓜球2份50
❤️大腸、香腸，買了2家。。一家配菜多但主食少，另一家主食多
❤️銅鑼燒。。紅豆可，不太甜。其他不推，鹹奶油太油",https://www.google.com/maps/contrib/115133351969724277117/reviews?hl=zh-TW
大東夜市,hiu C,在地嚮導 · 22 則評論 · 9 張相片,1 個月前,5 顆星,,https://www.google.com/maps/contrib/107222990900498947457/reviews?hl=zh-TW
大東夜市,Trung Võ,1 則評論,1 個月前,4 顆星,,https://www.google.com/maps/contrib/110935337494675222362/reviews?hl=zh-TW
大東夜市,Antje Sutton,在地嚮導 · 10 則評論 · 132 張相片,1 個月前,5 顆星,,https://www.google.com/maps/contrib/112133295960777322306/reviews?hl=zh-TW
大東夜市,Ina M,在地嚮導 · 45 則評論 · 26 張相片,1 個月前,3 顆星,分2邊變得好難逛,https://www.google.com/maps/contrib/109441257659442017142/reviews?hl=zh-TW
大東夜市,Jeremy Chen,在地嚮導 · 34 則評論 · 18 張相片,1 個月前,2 顆星,拆2邊後，動線要繞好遠，想找以前愛吃的攤位繞到懷疑人生,https://www.google.com/maps/contrib/103728928683987447367/reviews?hl=zh-TW
大東夜市,蔡宏彬,1 則評論,1 個月前,5 顆星,很讚,https://www.google.com/maps/contrib/107120883745871677901/reviews?hl=zh-TW
大東夜市,Saito Wu,7 則評論 · 4 張相片,1 個月前,3 顆星,,https://www.google.com/maps/contrib/109614045099244734802/reviews?hl=zh-TW
大東夜市,半半,3 則評論,1 個月前,3 顆星,,https://www.google.com/maps/contrib/104389645667620436276/reviews?hl=zh-TW
大東夜市,Amy Huang,6 則評論 · 6 張相片,1 個月前,5 顆星,,https://www.google.com/maps/contrib/113242006529257858271/reviews?hl=zh-TW
大東夜市,Eddie Lin,在地嚮導 · 277 則評論 · 735 張相片,1 個月前,5 顆星,不錯逛，只是停車位太少了吧,https://www.google.com/maps/contrib/118226091803046092103/reviews?hl=zh-TW
大東夜市,吳維彬,在地嚮導 · 145 則評論 · 1 張相片,1 個月前,4 顆星,吃了嘉義楊氏油飯，好吃,https://www.google.com/maps/contrib/111472249568423345933/reviews?hl=zh-TW
大東夜市,點點,在地嚮導 · 50 則評論 · 23 張相片,1 個月前,5 顆星,"假日農市很好逛
攤位人員也很熱情❤️",https://www.google.com/maps/contrib/106151402950044271467/reviews?hl=zh-TW
大東夜市,王宏榮,在地嚮導 · 2 張相片,1 個月前,5 顆星,,https://www.google.com/maps/contrib/101441568384368392790/reviews?hl=zh-TW
大東夜市,Delphine Chen,"在地嚮導 · 614 則評論 · 6,009 張相片",1 個月前,5 顆星,,https://www.google.com/maps/contrib/114684835078279186202/reviews?hl=zh-TW
大東夜市,吳寇弟CodyWu,3 則評論,1 個月前,3 顆星,東西雖好吃 但好少 好小,https://www.google.com/maps/contrib/118250423298676296666/reviews?hl=zh-TW
大東夜市,陳俊文,8 則評論,1 個月前,5 顆星,,https://www.google.com/maps/contrib/107033794888076495637/reviews?hl=zh-TW
大東夜市,Chou Juliet,"在地嚮導 · 949 則評論 · 2,777 張相片",1 個月前,4 顆星,逛一圈好像沒什麼特別好買的,https://www.google.com/maps/contrib/110070635888045386698/reviews?hl=zh-TW
大東夜市,東吳橘,5 則評論 · 11 張相片,1 個月前,5 顆星,,https://www.google.com/maps/contrib/113719537403712029876/reviews?hl=zh-TW
大東夜市,jsgsh Shshwy,7 則評論,1 個月前,4 顆星,,https://www.google.com/maps/contrib/115137013590903589821/reviews?hl=zh-TW
大東夜市,林杏美,在地嚮導 · 14 則評論 · 11 張相片,1 個月前,2 顆星,兩個場地，路也不能互通很難走,https://www.google.com/maps/contrib/111387948396106454110/reviews?hl=zh-TW
大東夜市,Chang James (跑遍各處體驗人生的呱),在地嚮導 · 64 則評論 · 45 張相片,1 個月前,4 顆星,還不錯,https://www.google.com/maps/contrib/111204949744282381939/reviews?hl=zh-TW
大東夜市,Daisy,在地嚮導 · 23 則評論 · 10 張相片,1 個月前,5 顆星,,https://www.google.com/maps/contrib/111666506668142078971/reviews?hl=zh-TW
大東夜市,楊晴媛,在地嚮導 · 1 則評論 · 2 張相片,1 個月前,5 顆星,,https://www.google.com/maps/contrib/108471044391700589717/reviews?hl=zh-TW
大東夜市,Jwin Lo,在地嚮導 · 12 則評論 · 139 張相片,1 個月前,5 顆星,,https://www.google.com/maps/contrib/113091173536279272882/reviews?hl=zh-TW
大東夜市,sheng Hsu,在地嚮導 · 66 則評論 · 1 張相片,1 個月前,1 顆星,難逛 中間還切一半 東西無聊,https://www.google.com/maps/contrib/113809444448152371526/reviews?hl=zh-TW
大東夜市,Rung Chan,2 則評論 · 16 張相片,1 個月前,4 顆星,,https://www.google.com/maps/contrib/113673566598064153033/reviews?hl=zh-TW
大東夜市,Alex,在地嚮導 · 343 則評論 · 308 張相片,1 個月前,5 顆星,紀錄：李姊鹽烤魚的懶人蝦,https://www.google.com/maps/contrib/111904780890048607648/reviews?hl=zh-TW
大東夜市,Sopitthitha Tungjirasinpoosit,1 張相片,1 個月前,5 顆星,,https://www.google.com/maps/contrib/118169249328449144375/reviews?hl=zh-TW
大東夜市,李柏廷,在地嚮導 · 272 則評論 · 635 張相片,1 個月前,5 顆星,好玩,https://www.google.com/maps/contrib/117510690369569252721/reviews?hl=zh-TW
大東夜市,頭份小同學,在地嚮導 · 18 則評論 · 6 張相片,1 個月前,5 顆星,好逛一直逛,https://www.google.com/maps/contrib/113055564280104958262/reviews?hl=zh-TW
大東夜市,林老師Tainan,"在地嚮導 · 290 則評論 · 3,442 張相片",1 個月前,4 顆星,,https://www.google.com/maps/contrib/113294721527125622399/reviews?hl=zh-TW
大東夜市,陳韋臣,在地嚮導 · 18 則評論 · 8 張相片,1 個月前,5 顆星,,https://www.google.com/maps/contrib/107270413229237796131/reviews?hl=zh-TW
大東夜市,Barry Liu,在地嚮導 · 33 則評論 · 15 張相片,1 個月前,1 顆星,,https://www.google.com/maps/contrib/104094210240308480951/reviews?hl=zh-TW
大東夜市,謝杰彣James,在地嚮導 · 36 則評論 · 9 張相片,1 個月前,3 顆星,沒有以前好逛,https://www.google.com/maps/contrib/106468469269353638234/reviews?hl=zh-TW
大東夜市,Grace Kuo,在地嚮導 · 85 則評論 · 273 張相片,1 個月前,4 顆星,人潮非常多，建議早點來買食物。,https://www.google.com/maps/contrib/104384106269609351572/reviews?hl=zh-TW
大東夜市,鬼少,在地嚮導,1 個月前,5 顆星,,https://www.google.com/maps/contrib/102864449096487705480/reviews?hl=zh-TW
大東夜市,夢惜兒,在地嚮導 · 182 則評論 · 114 張相片,1 個月前,3 顆星,"大東東與大東夜市一牆之隔

大東主要小吃攤

大東東攤位多出十倍比較多元化選擇

許多的攤位花園跟大東東都有重複到
（輪流出攤）

街道相隔很窄假日擁擠很小條

動線勉強還行吧

只是假日停車難到爆

缺乏耐性者一律建議假日不要開車來逛",https://www.google.com/maps/contrib/100862994785317991883/reviews?hl=zh-TW
大東夜市,Addy,在地嚮導 · 29 則評論 · 25 張相片,1 個月前,5 顆星,台南當地夜市。與其他城市不同的是，夜市在街上有自行車，有些地方汽車從你身邊呼嘯而過。這是一個有食品店的開放區域。僅週一、週二和週五開放,https://www.google.com/maps/contrib/113571653308699124118/reviews?hl=zh-TW
大東夜市,Ian Li,"在地嚮導 · 631 則評論 · 2,126 張相片",1 個月前,5 顆星,當地美食,https://www.google.com/maps/contrib/105504597506204461420/reviews?hl=zh-TW
大東夜市,張Tinya,在地嚮導 · 16 則評論 · 9 張相片,1 個月前,5 顆星,,https://www.google.com/maps/contrib/115715377995755215333/reviews?hl=zh-TW
大東夜市,黃榮昌,在地嚮導 · 1 則評論 · 1 張相片,1 個月前,5 顆星,,https://www.google.com/maps/contrib/102226818224169438077/reviews?hl=zh-TW
大東夜市,周育誼,8 則評論 · 2 張相片,1 個月前,5 顆星,好逛逛好吃,https://www.google.com/maps/contrib/110719857996736890043/reviews?hl=zh-TW
大東夜市,華子飛,2 則評論 · 2 張相片,1 個月前,5 顆星,,https://www.google.com/maps/contrib/106660667735803354148/reviews?hl=zh-TW
大東夜市,建宏陳,6 張相片,1 個月前,2 顆星,,https://www.google.com/maps/contrib/104869617765381511761/reviews?hl=zh-TW
大東夜市,蔡永霖,在地嚮導 · 8 則評論 · 6 張相片,2 個月前,5 顆星,,https://www.google.com/maps/contrib/107091665841182734285/reviews?hl=zh-TW
大東夜市,David Tsai,在地嚮導 · 88 則評論 · 25 張相片,2 個月前,5 顆星,德盛雞排好吃,https://www.google.com/maps/contrib/112143543893615801459/reviews?hl=zh-TW
大東夜市,威爾斯,"在地嚮導 · 43 則評論 · 8,161 張相片",2 個月前,5 顆星,連續假日通常都會人擠人,https://www.google.com/maps/contrib/117010026129586694854/reviews?hl=zh-TW
大東夜市,莊筱薰,6 則評論 · 3 張相片,2 個月前,5 顆星,228人爆炸多，未曾來過第一次造訪，找停車位找到天荒地老，但算值得,https://www.google.com/maps/contrib/117109194770844873404/reviews?hl=zh-TW
大東夜市,蔡煌松,在地嚮導 · 39 則評論 · 16 張相片,2 個月前,5 顆星,,https://www.google.com/maps/contrib/100705247224462949315/reviews?hl=zh-TW
大東夜市,幽幽,在地嚮導 · 8 則評論 · 2 張相片,2 個月前,5 顆星,,https://www.google.com/maps/contrib/115360608300966938389/reviews?hl=zh-TW
大東夜市,una,在地嚮導 · 208 則評論 · 109 張相片,2 個月前,5 顆星,,https://www.google.com/maps/contrib/107227394214242964242/reviews?hl=zh-TW
大東夜市,Nathalie Nathy,在地嚮導 · 36 則評論 · 433 張相片,2 個月前,4 顆星,,https://www.google.com/maps/contrib/107501992414067707930/reviews?hl=zh-TW
大東夜市,Rick Yang,在地嚮導 · 122 則評論 · 77 張相片,2 個月前,3 顆星,就一般沒什麼特別的夜市,https://www.google.com/maps/contrib/118057819634359767588/reviews?hl=zh-TW
大東夜市,陳阿杰,在地嚮導 · 57 則評論 · 40 張相片,2 個月前,5 顆星,",近期蠻冷清的",https://www.google.com/maps/contrib/103013785006942792987/reviews?hl=zh-TW
大東夜市,徐壹踢,7 則評論 · 1 張相片,2 個月前,3 顆星,,https://www.google.com/maps/contrib/106835877428419449069/reviews?hl=zh-TW
大東夜市,Ray,1 則評論 · 1 張相片,2 個月前,5 顆星,,https://www.google.com/maps/contrib/105806934740476498823/reviews?hl=zh-TW
大東夜市,Ueakarn Rotchanachiraphaisan,1 則評論,2 個月前,5 顆星,,https://www.google.com/maps/contrib/113272668071913365307/reviews?hl=zh-TW
大東夜市,匪肥,在地嚮導 · 91 則評論 · 112 張相片,2 個月前,5 顆星,,https://www.google.com/maps/contrib/108295273497631291830/reviews?hl=zh-TW
大東夜市,Terry Wei,3 則評論 · 5 張相片,2 個月前,5 顆星,,https://www.google.com/maps/contrib/115382645037425816105/reviews?hl=zh-TW
大東夜市,Hao Hao,在地嚮導 · 2 則評論 · 8 張相片,2 個月前,5 顆星,,https://www.google.com/maps/contrib/103004044887487521829/reviews?hl=zh-TW
大東夜市,an chen,在地嚮導 · 138 則評論 · 651 張相片,2 個月前,2 顆星,小吃攤販不多,https://www.google.com/maps/contrib/113260107671784489062/reviews?hl=zh-TW
大東夜市,Francesco Vanoncini,在地嚮導 · 193 則評論 · 34 張相片,2 個月前,4 顆星,,https://www.google.com/maps/contrib/100355198632751879267/reviews?hl=zh-TW
大東夜市,Iowhd,12 則評論 · 2 張相片,2 個月前,5 顆星,,https://www.google.com/maps/contrib/108946985645590651670/reviews?hl=zh-TW
大東夜市,Flora,在地嚮導 · 29 則評論 · 81 張相片,2 個月前,3 顆星,已經去過花園夜市和武聖夜市的旅客，感覺大東夜市比較少，主要的攤檔都是集團式經營，如果想試新攤檔，就真的沒有什麼驚喜，不過人流也相對較少，如果住得比較近可以去，否則感覺沒有什麼特別。,https://www.google.com/maps/contrib/113965549142787980969/reviews?hl=zh-TW
大東夜市,K NOJI,2 則評論 · 2 張相片,2 個月前,5 顆星,,https://www.google.com/maps/contrib/109195959158265876195/reviews?hl=zh-TW
大東夜市,政陽鄭,在地嚮導 · 4 則評論,2 個月前,4 顆星,,https://www.google.com/maps/contrib/110413977425611525963/reviews?hl=zh-TW
大東夜市,Wen Lin Poh,在地嚮導 · 29 則評論 · 3 張相片,2 個月前,5 顆星,大型夜市，有遊戲和美食。鹽烤魚一定要嚐嚐！,https://www.google.com/maps/contrib/114789977602007884721/reviews?hl=zh-TW
大東夜市,kimiko Chen,"在地嚮導 · 445 則評論 · 4,427 張相片",2 個月前,3 顆星,有搭配小黃瓜 薑 蒜頭的香腸好吃,https://www.google.com/maps/contrib/103215103003587217515/reviews?hl=zh-TW
大東夜市,王欽淮,在地嚮導 · 951 則評論 · 57 張相片,2 個月前,4 顆星,東西很多，可以逛很久,https://www.google.com/maps/contrib/111629945930846874492/reviews?hl=zh-TW
大東夜市,蔡維中,在地嚮導 · 40 則評論 · 67 張相片,2 個月前,4 顆星,這次去之前沒有做功課，去了才知道知道分成大東夜市跟大東東夜市，大東東夜市比較大，但攤販應該只有70%滿，東西便宜，吃的看起來都還不錯，推薦進去第一間的排骨酥然後再來是蔥油餅（但我買的時候因為是只買一份，不是半張或整張，老闆是拿已經裝好的給我，其實我想吃現做得），還有沙威瑪，一份50，cp值不錯，大東東比較像小吃，大東夜市則是正餐居多，都有垃圾桶及廁所，蠻方便的,https://www.google.com/maps/contrib/118253441368618479455/reviews?hl=zh-TW
大東夜市,s221423,7 則評論 · 2 張相片,2 個月前,5 顆星,,https://www.google.com/maps/contrib/116765692293719214164/reviews?hl=zh-TW
大東夜市,楊智詠,6 則評論 · 2 張相片,2 個月前,1 顆星,小統一牛牌態度超差，請他們拿個番茄醬叫你自己找。又不是每位置都有，是窮到連醬料都不提供了嗎？,https://www.google.com/maps/contrib/106792610342804845851/reviews?hl=zh-TW
大東夜市,Shelly淋,在地嚮導 · 42 則評論 · 3 張相片,2 個月前,5 顆星,,https://www.google.com/maps/contrib/114855920724576705385/reviews?hl=zh-TW
大東夜市,Muntazir Abrar,在地嚮導 · 21 則評論 · 23 張相片,2 個月前,4 顆星,探索和享受不同事物的好地方,https://www.google.com/maps/contrib/107021908564768872799/reviews?hl=zh-TW
大東夜市,李霈琦,2 張相片,2 個月前,4 顆星,,https://www.google.com/maps/contrib/110745701645737993484/reviews?hl=zh-TW
大東夜市,李拉熊,,2 個月前,5 顆星,,https://www.google.com/maps/contrib/116323238479539964812/reviews?hl=zh-TW
大東夜市,轉瞬,在地嚮導 · 72 則評論 · 39 張相片,2 個月前,5 顆星,整體來說蠻好逛的！ 有機會會再來..,https://www.google.com/maps/contrib/112786307467234797029/reviews?hl=zh-TW
大東夜市,Jenny L.,"在地嚮導 · 400 則評論 · 5,324 張相片",2 個月前,4 顆星,"因為花園夜市休市，司機建議我們去大東東夜市也離我們酒店較近。
整個夜市腹地其實蠻小的，吃飯選項不多，繞了一下決定吃天王牛排。
台南夜市的物價很親民，豬排和牛排才$140（台北夜市是$200起），不過喝到小時候那種玉米濃湯的味道覺得不錯。",https://www.google.com/maps/contrib/102849682834202113130/reviews?hl=zh-TW
大東夜市,陸安琪,1 則評論,2 個月前,3 顆星,,https://www.google.com/maps/contrib/105170565973894606996/reviews?hl=zh-TW
大東夜市,深海魚,在地嚮導 · 48 則評論 · 10 張相片,2 個月前,5 顆星,攤位種類眾多，美食好吃,https://www.google.com/maps/contrib/107773112862272399772/reviews?hl=zh-TW
大東夜市,Chingyuan Chiu,在地嚮導 · 48 則評論 · 117 張相片,2 個月前,5 顆星,,https://www.google.com/maps/contrib/104449750803697510048/reviews?hl=zh-TW
大東夜市,Jenna,"在地嚮導 · 310 則評論 · 1,426 張相片",2 個月前,3 顆星,真的還可以,https://www.google.com/maps/contrib/111280313610592176874/reviews?hl=zh-TW
大東夜市,鄭金蘭,,2 個月前,5 顆星,,https://www.google.com/maps/contrib/114463103110538458072/reviews?hl=zh-TW
大東夜市,林琦紘,4 則評論 · 2 張相片,2 個月前,5 顆星,好玩，就是人很多,https://www.google.com/maps/contrib/101718978495715886233/reviews?hl=zh-TW
大東夜市,林宥辰,在地嚮導 · 3 則評論 · 3 張相片,2 個月前,5 顆星,,https://www.google.com/maps/contrib/114180437189926875661/reviews?hl=zh-TW
大東夜市,Carlos Almeida,在地嚮導 · 69 則評論 · 77 張相片,2 個月前,5 顆星,夜市好。對我來說比台中的好，比台灣的水準好。足夠大，有很多漂亮的攤位，價格合理。超級本地化，所以沒有遊客陷阱或任何東西。,https://www.google.com/maps/contrib/102239311090024195388/reviews?hl=zh-TW
大東夜市,ChungLoo Lin,在地嚮導 · 34 則評論 · 233 張相片,2 個月前,5 顆星,,https://www.google.com/maps/contrib/116768878524931167372/reviews?hl=zh-TW
大東夜市,GUO MI,在地嚮導 · 110 則評論 · 79 張相片,2 個月前,5 顆星,,https://www.google.com/maps/contrib/113287408936097905458/reviews?hl=zh-TW
大東夜市,范振福,在地嚮導 · 60 則評論 · 143 張相片,2 個月前,5 顆星,,https://www.google.com/maps/contrib/104628529589422666748/reviews?hl=zh-TW
大東夜市,Joyce Tan,在地嚮導 · 16 則評論 · 2 張相片,2 個月前,5 顆星,,https://www.google.com/maps/contrib/100190193042400498825/reviews?hl=zh-TW
大東夜市,吳嘉軒,8 則評論 · 4 張相片,2 個月前,4 顆星,,https://www.google.com/maps/contrib/105448424194422690124/reviews?hl=zh-TW
大東夜市,Hm Chen,在地嚮導 · 94 則評論 · 133 張相片,2 個月前,5 顆星,,https://www.google.com/maps/contrib/114038647358872896068/reviews?hl=zh-TW
大東夜市,張詠晴,13 則評論 · 2 張相片,2 個月前,5 顆星,,https://www.google.com/maps/contrib/103239200374876458533/reviews?hl=zh-TW
大東夜市,mathew lau,1 則評論 · 19 張相片,2 個月前,5 顆星,,https://www.google.com/maps/contrib/117490540095322355278/reviews?hl=zh-TW
大東夜市,王翊,4 則評論 · 1 張相片,2 個月前,5 顆星,,https://www.google.com/maps/contrib/103445945927454517898/reviews?hl=zh-TW
大東夜市,1 A,在地嚮導 · 44 則評論 · 84 張相片,2 個月前,5 顆星,,https://www.google.com/maps/contrib/113966025116320596307/reviews?hl=zh-TW
大東夜市,蘇鴻禹,12 則評論 · 3 張相片,2 個月前,5 顆星,,https://www.google.com/maps/contrib/112801426664580438483/reviews?hl=zh-TW
大東夜市,Hu Becky,5 則評論 · 19 張相片,2 個月前,5 顆星,好逛好玩！,https://www.google.com/maps/contrib/103924814199019876809/reviews?hl=zh-TW
大東夜市,張平暐,在地嚮導 · 54 則評論 · 31 張相片,2 個月前,5 顆星,還不錯,https://www.google.com/maps/contrib/114827509266063828302/reviews?hl=zh-TW
大東夜市,謝謝謝,在地嚮導 · 96 則評論 · 43 張相片,2 個月前,4 顆星,,https://www.google.com/maps/contrib/112772032518809788723/reviews?hl=zh-TW
大東夜市,琦琦,,2 個月前,5 顆星,,https://www.google.com/maps/contrib/105833200901401515408/reviews?hl=zh-TW
大東夜市,謝竹欽,2 則評論,2 個月前,5 顆星,,https://www.google.com/maps/contrib/114673014534693215526/reviews?hl=zh-TW
大東夜市,吳欽源,2 則評論 · 3 張相片,2 個月前,3 顆星,,https://www.google.com/maps/contrib/100571930094335164264/reviews?hl=zh-TW
大東夜市,TSUNG HSUAN YANG,在地嚮導 · 9 則評論 · 27 張相片,2 個月前,1 顆星,在廁所斜前方的牛排，超難吃，我從來沒吃過這麼難吃的牛排😡😡😡雞蛋、鐵板麵焦苦，牛排硬的跟肉乾沒半份區別，本來想說夜市牛排再怎樣也不會難吃到哪去，我真的是長見識了…… …,https://www.google.com/maps/contrib/116951743546975943997/reviews?hl=zh-TW
大東夜市,莊英俊,在地嚮導 · 13 則評論 · 10 張相片,2 個月前,4 顆星,,https://www.google.com/maps/contrib/105185516220245658510/reviews?hl=zh-TW
大東夜市,阿宏,,2 個月前,5 顆星,,https://www.google.com/maps/contrib/109230714404721428749/reviews?hl=zh-TW
大東夜市,靈貓,在地嚮導 · 89 則評論 · 129 張相片,2 個月前,4 顆星,,https://www.google.com/maps/contrib/101021152775416667445/reviews?hl=zh-TW
大東夜市,銘割,14 則評論,2 個月前,3 顆星,煙味好重 東西好吃,https://www.google.com/maps/contrib/104467401246866505672/reviews?hl=zh-TW
大東夜市,沈靈靈,在地嚮導 · 58 則評論 · 214 張相片,2 個月前,5 顆星,,https://www.google.com/maps/contrib/103752903004268190770/reviews?hl=zh-TW
大東夜市,李柔嫺,在地嚮導 · 20 則評論 · 7 張相片,2 個月前,5 顆星,好吃好逛，但旁邊有個大東東夜市？ 蠻混淆的🤣 …,https://www.google.com/maps/contrib/112113564307457549267/reviews?hl=zh-TW
大東夜市,DEREK,在地嚮導 · 17 則評論 · 2 張相片,2 個月前,5 顆星,,https://www.google.com/maps/contrib/103647345578271109552/reviews?hl=zh-TW
大東夜市,龔秋華,在地嚮導 · 8 則評論,2 個月前,5 顆星,東西好吃新奇，不擁擠好逛街，停車方便優質,https://www.google.com/maps/contrib/115509662427754681670/reviews?hl=zh-TW
大東夜市,sunny teng,在地嚮導 · 41 則評論 · 45 張相片,2 個月前,5 顆星,各種神奇的食物，印度抓餅真的很酷,https://www.google.com/maps/contrib/106372053700762015424/reviews?hl=zh-TW
大東夜市,Abdulla solo traveler,在地嚮導 · 442 則評論 · 449 張相片,2 個月前,4 顆星,好的,https://www.google.com/maps/contrib/118224661442967414084/reviews?hl=zh-TW
大東夜市,黃Apple,在地嚮導 · 90 則評論 · 204 張相片,2 個月前,4 顆星,,https://www.google.com/maps/contrib/116711348600147479553/reviews?hl=zh-TW
大東夜市,Y P,在地嚮導 · 94 則評論 · 258 張相片,2 個月前,5 顆星,,https://www.google.com/maps/contrib/111319129625473013620/reviews?hl=zh-TW
大東夜市,TSZ HEI Wai,1 則評論,2 個月前,5 顆星,,https://www.google.com/maps/contrib/100678418645474367084/reviews?hl=zh-TW
大東夜市,RITA Yen,在地嚮導 · 8 則評論 · 10 張相片,2 個月前,4 顆星,,https://www.google.com/maps/contrib/116131168447267104173/reviews?hl=zh-TW
大東夜市,蔡百彥,3 則評論 · 3 張相片,2 個月前,4 顆星,,https://www.google.com/maps/contrib/116285042977568755460/reviews?hl=zh-TW
大東夜市,王安,3 則評論,2 個月前,5 顆星,,https://www.google.com/maps/contrib/105175617606954421221/reviews?hl=zh-TW
大東夜市,林慧雯,5 則評論,2 個月前,5 顆星,,https://www.google.com/maps/contrib/111400953501502751080/reviews?hl=zh-TW
大東夜市,Eason Tsai,2 則評論,2 個月前,5 顆星,,https://www.google.com/maps/contrib/100421330918332947148/reviews?hl=zh-TW
大東夜市,李宗珉,12 則評論 · 1 張相片,2 個月前,1 顆星,沒有停車場 附近停車位難求 找車位找到瘋掉 開車來的請三思,https://www.google.com/maps/contrib/100913144217955270659/reviews?hl=zh-TW
大東夜市,巫權祐,在地嚮導 · 25 則評論 · 12 張相片,2 個月前,2 顆星,自從地主逐利分裂成大東與大東東後，就幾乎是同質性的小吃攤集合，偶爾來買個點心回家吃，失去逛夜市的樂趣。,https://www.google.com/maps/contrib/105548684347535092926/reviews?hl=zh-TW
大東夜市,徐佐澄,在地嚮導 · 224 則評論 · 191 張相片,2 個月前,5 顆星,大東夜市 大東東夜市 很神奇的是 他們中間真的有隔開耶 不是同一個夜市嗎 我記得我幾年前來是一起的啊 話雖如此 但還是給他走完了,https://www.google.com/maps/contrib/115116521760858387700/reviews?hl=zh-TW
大東夜市,TAE HO JEONG,在地嚮導 · 211 則評論 · 911 張相片,2 個月前,3 顆星,,https://www.google.com/maps/contrib/108222728480234540637/reviews?hl=zh-TW
大東夜市,游心慈,在地嚮導 · 10 則評論 · 1 張相片,2 個月前,4 顆星,,https://www.google.com/maps/contrib/107436242818666118318/reviews?hl=zh-TW
大東夜市,Yan-Cun Jiang,在地嚮導 · 14 則評論 · 15 張相片,2 個月前,5 顆星,,https://www.google.com/maps/contrib/106165739651608177168/reviews?hl=zh-TW
大東夜市,陳美俐,在地嚮導 · 18 則評論 · 108 張相片,2 個月前,5 顆星,,https://www.google.com/maps/contrib/113373133332133698296/reviews?hl=zh-TW
大東夜市,Xuan,在地嚮導 · 20 則評論 · 27 張相片,2 個月前,1 顆星,太小根本沒什麼好逛的,https://www.google.com/maps/contrib/113793074100338541928/reviews?hl=zh-TW
大東夜市,Li-Chen Lin,在地嚮導 · 433 則評論 · 575 張相片,2 個月前,5 顆星,夜市至少有50個攤位，吃喝玩樂都有，兩邊也有附設免費化妝室。,https://www.google.com/maps/contrib/105471848999971976470/reviews?hl=zh-TW
大東夜市,林TH,在地嚮導 · 213 則評論 · 288 張相片,2 個月前,5 顆星,"著名觀光夜市
很多人
很多攤販",https://www.google.com/maps/contrib/103886435296720795469/reviews?hl=zh-TW
大東夜市,KM Trading,在地嚮導 · 13 則評論 · 4 張相片,2 個月前,4 顆星,,https://www.google.com/maps/contrib/118244807106951716911/reviews?hl=zh-TW
大東夜市,阿珉-MING,在地嚮導 · 18 則評論 · 171 張相片,2 個月前,5 顆星,"雖然一邊是大東東一邊是大東，基本上還是同一間夜市
是想吃小吃的好去處，雖然價格吃下來不便宜就是了",https://www.google.com/maps/contrib/103756291240628730594/reviews?hl=zh-TW
大東夜市,許家瑋,在地嚮導 · 17 則評論 · 49 張相片,2 個月前,5 顆星,,https://www.google.com/maps/contrib/109847674174281644269/reviews?hl=zh-TW
大東夜市,黃轟,15 則評論 · 3 張相片,2 個月前,5 顆星,,https://www.google.com/maps/contrib/114874948197854196243/reviews?hl=zh-TW
大東夜市,Amy Rose (Rose),在地嚮導 · 8 則評論,2 個月前,4 顆星,,https://www.google.com/maps/contrib/100272706234701188639/reviews?hl=zh-TW
大東夜市,Polly Kuo,113 則評論,2 個月前,5 顆星,,https://www.google.com/maps/contrib/100432895082008112408/reviews?hl=zh-TW
大東夜市,德昌林,在地嚮導 · 96 則評論 · 22 張相片,2 個月前,4 顆星,,https://www.google.com/maps/contrib/114057055301284755621/reviews?hl=zh-TW
大東夜市,賴柏辰,9 則評論 · 1 張相片,2 個月前,5 顆星,,https://www.google.com/maps/contrib/105348447395341877901/reviews?hl=zh-TW
大東夜市,劉宸帆,在地嚮導 · 24 則評論 · 9 張相片,2 個月前,5 顆星,,https://www.google.com/maps/contrib/108186488499654556441/reviews?hl=zh-TW
大東夜市,邱皇智,在地嚮導 · 326 則評論 · 684 張相片,2 個月前,3 顆星,,https://www.google.com/maps/contrib/103833994654616623480/reviews?hl=zh-TW
大東夜市,漁者,在地嚮導 · 52 則評論 · 203 張相片,2 個月前,4 顆星,整個夜市很棒，但很不方便的是...那一個隔牆，雖然知道原因，但真的感覺不方便（個人感覺,https://www.google.com/maps/contrib/105955906776811254218/reviews?hl=zh-TW
大東夜市,蔡乙玄,在地嚮導 · 17 則評論 · 2 張相片,2 個月前,5 顆星,,https://www.google.com/maps/contrib/113649584881466411068/reviews?hl=zh-TW
大東夜市,Xochitl Silva,在地嚮導 · 80 則評論 · 20 張相片,2 個月前,3 顆星,沒關係。沒什麼獨特或特別的，也許因為那是星期一晚上。,https://www.google.com/maps/contrib/112135897152208782411/reviews?hl=zh-TW
大東夜市,王敬堯,10 則評論 · 3 張相片,2 個月前,5 顆星,,https://www.google.com/maps/contrib/100417715695278548944/reviews?hl=zh-TW
大東夜市,nolian leo,在地嚮導 · 14 則評論 · 10 張相片,2 個月前,4 顆星,,https://www.google.com/maps/contrib/109133570545827400210/reviews?hl=zh-TW
大東夜市,林文漳,2 則評論,2 個月前,5 顆星,,https://www.google.com/maps/contrib/116579880226387753920/reviews?hl=zh-TW
大東夜市,海公公,在地嚮導 · 1 則評論,2 個月前,4 顆星,,https://www.google.com/maps/contrib/101954356539491861601/reviews?hl=zh-TW
大東夜市,龔輝權,在地嚮導 · 12 則評論 · 1 張相片,2 個月前,3 顆星,,https://www.google.com/maps/contrib/101673723192374291134/reviews?hl=zh-TW
大東夜市,哎呦呦怎麼又玻璃了,3 則評論,2 個月前,5 顆星,很多東西可以逛 讚啦,https://www.google.com/maps/contrib/103933541178989135027/reviews?hl=zh-TW
大東夜市,Rebecca04078 Liu,在地嚮導 · 81 則評論 · 177 張相片,2 個月前,4 顆星,"阿桂嬤藥膳排骨湯好喝
大東東的臭豆腐酥脆內軟 醬油典型台南口味（加了美乃滋）
好喝的阿美嬤紅茶牛奶
有一攤賣銀飾的老闆親切 下次要買會再回購",https://www.google.com/maps/contrib/103677700692296454193/reviews?hl=zh-TW
大東夜市,天氣,在地嚮導 · 3 則評論 · 9 張相片,2 個月前,5 顆星,,https://www.google.com/maps/contrib/107211437626888033822/reviews?hl=zh-TW
大東夜市,詹知蓉,在地嚮導,2 個月前,4 顆星,,https://www.google.com/maps/contrib/112734966178634611112/reviews?hl=zh-TW
大東夜市,didi chang,在地嚮導 · 19 則評論 · 32 張相片,2 個月前,5 顆星,,https://www.google.com/maps/contrib/103615418124051375414/reviews?hl=zh-TW
大東夜市,李佳容,在地嚮導 · 149 則評論 · 217 張相片,2 個月前,5 顆星,"東東拔絲地瓜 驚艷到我 太好吃了吧
有下南部會特地來二刷",https://www.google.com/maps/contrib/114568647399525102259/reviews?hl=zh-TW
大東夜市,朱俊銘,在地嚮導 · 89 則評論 · 6 張相片,2 個月前,5 顆星,,https://www.google.com/maps/contrib/104934210098027538397/reviews?hl=zh-TW
大東夜市,品妍,在地嚮導 · 70 則評論 · 80 張相片,2 個月前,5 顆星,"小吃攤位很多
玩遊戲消耗3個小時沒問題🤣
第一次看到手推高爾夫 …",https://www.google.com/maps/contrib/118148206302314535599/reviews?hl=zh-TW
大東夜市,jeff juan,在地嚮導 · 19 則評論 · 9 張相片,2 個月前,4 顆星,"久沒來逛,老攤好像都移置至隔壁的的大東東夜市",https://www.google.com/maps/contrib/114619235223955016806/reviews?hl=zh-TW
大東夜市,詹詠琦,4 則評論 · 4 張相片,2 個月前,5 顆星,,https://www.google.com/maps/contrib/112763687710941775623/reviews?hl=zh-TW
大東夜市,楊仕銘,在地嚮導 · 3 則評論 · 17 張相片,2 個月前,4 顆星,,https://www.google.com/maps/contrib/117316883385854909297/reviews?hl=zh-TW
大東夜市,李信佑,在地嚮導,2 個月前,3 顆星,,https://www.google.com/maps/contrib/101757030462545325798/reviews?hl=zh-TW
大東夜市,陳冠延,在地嚮導 · 16 則評論 · 1 張相片,2 個月前,5 顆星,,https://www.google.com/maps/contrib/109174952682269630989/reviews?hl=zh-TW
大東夜市,Patrick Wang,"在地嚮導 · 756 則評論 · 6,604 張相片",2 個月前,5 顆星,"台南三大觀光夜市之一（另外兩個是花園與武聖），佔地不小，攤位數多，可惜許多攤位販售的餐點同質性很高，會發現很多攤都賣差不多的東西，少了一些多元性。

好吃的攤位是有，但要找，有的攤位則是普普甚至覺得雷。此外，在大東夜市拆分成大東與大東東兩個較小的夜市之後，逛起來的動線不是很順暢，逛起來的感覺也有點跑掉。

整體上還是值得逛逛，畢竟算是台南代表性的大型夜市，只是週邊汽車停車位一位難求，騎機車相對方便一些。",https://www.google.com/maps/contrib/107055421192983155947/reviews?hl=zh-TW
大東夜市,劉正中,在地嚮導 · 37 則評論,2 個月前,3 顆星,停車超不方便,https://www.google.com/maps/contrib/101406634703968789212/reviews?hl=zh-TW
大東夜市,陳嘉惠（恵惠）,在地嚮導 · 195 則評論 · 428 張相片,2 個月前,3 顆星,現在不好逛 買東西也不方便,https://www.google.com/maps/contrib/110003388363747220000/reviews?hl=zh-TW
大東夜市,Andy Wu,在地嚮導 · 93 則評論 · 150 張相片,2 個月前,4 顆星,,https://www.google.com/maps/contrib/104436698541783801897/reviews?hl=zh-TW
大東夜市,林祈安,在地嚮導 · 9 則評論,2 個月前,3 顆星,,https://www.google.com/maps/contrib/106458538208020364586/reviews?hl=zh-TW
大東夜市,pan,在地嚮導 · 136 則評論 · 18 張相片,2 個月前,2 顆星,,https://www.google.com/maps/contrib/106820304773076419961/reviews?hl=zh-TW
大東夜市,郭恩祥,1 則評論 · 1 張相片,2 個月前,5 顆星,,https://www.google.com/maps/contrib/100711073457224681459/reviews?hl=zh-TW
大東夜市,吳玉娟,在地嚮導 · 3 則評論 · 27 張相片,2 個月前,5 顆星,,https://www.google.com/maps/contrib/107945082626344489771/reviews?hl=zh-TW
大東夜市,林嘉家,在地嚮導 · 11 則評論 · 3 張相片,2 個月前,5 顆星,,https://www.google.com/maps/contrib/117103268773115719604/reviews?hl=zh-TW
大東夜市,佳蓁,10 則評論 · 4 張相片,2 個月前,3 顆星,"自從分成這樣兩邊就不是很喜歡去了
好難逛🥲 …",https://www.google.com/maps/contrib/113111721775480554103/reviews?hl=zh-TW
大東夜市,鄭詠心,在地嚮導 · 127 則評論 · 254 張相片,2 個月前,5 顆星,男友跟我都沒有逛過！所以我們來逛！我發現這個是兩個夜市合在一起！一個叫大東，一個叫做大東東！裡面的東西應有竟有，有我最喜歡的泰奶，還有兩家！也有很多吃的跟玩的～雞腿捲超便宜！我超愛吃！！還買了男友喜歡的豆皮，這裡的套圈圈很佛耶～我跟男友都很愛玩夜市套圈圈！在這裡甚至中了五瓶！！有一瓶還是酒！下次來還要玩⋯！！！而且地瓜球很好吃～動線還不錯，也有鳳爪之類的，很多種種類的食物可以挑選～其實比起逛的地方，更重要的還是一起的人！不過如果還有機會，我們還是願意多訪幾次這個夜市，我認為真的不輸花園！！雞排很好吃！！！！！,https://www.google.com/maps/contrib/118343767534175079554/reviews?hl=zh-TW
大東夜市,吳惠婷,在地嚮導 · 151 則評論 · 530 張相片,2 個月前,5 顆星,炸冰太好吃了,https://www.google.com/maps/contrib/114139744533444380881/reviews?hl=zh-TW
大東夜市,JiXuan Chin,12 則評論 · 1 張相片,2 個月前,5 顆星,牛B糖葫蘆超好吃,https://www.google.com/maps/contrib/103441816092583228767/reviews?hl=zh-TW
大東夜市,陳雅妤,在地嚮導 · 104 則評論 · 361 張相片,2 個月前,5 顆星,台南過年爆滿的多人爆滿的攤商，哇,https://www.google.com/maps/contrib/115448189317387694929/reviews?hl=zh-TW
大東夜市,王小保,在地嚮導 · 3 則評論,2 個月前,2 顆星,通道不順,https://www.google.com/maps/contrib/112468441509255678447/reviews?hl=zh-TW
大東夜市,林宏俊,2 張相片,2 個月前,3 顆星,,https://www.google.com/maps/contrib/101095094280812435311/reviews?hl=zh-TW
大東夜市,Kite Chen,在地嚮導 · 197 則評論 · 299 張相片,2 個月前,3 顆星,建議可多放置一些垃圾桶在周邊，好讓整體環境更乾淨。,https://www.google.com/maps/contrib/116507183439303362262/reviews?hl=zh-TW
大東夜市,黃嘉福,6 則評論 · 12 張相片,2 個月前,5 顆星,,https://www.google.com/maps/contrib/106496893560279077542/reviews?hl=zh-TW
大東夜市,SuSu,在地嚮導 · 17 則評論 · 6 張相片,2 個月前,3 顆星,夜市基本上都是吃的其他攤位都很少很可惜,https://www.google.com/maps/contrib/112072768405245511631/reviews?hl=zh-TW
大東夜市,邊邊,在地嚮導 · 159 則評論 · 104 張相片,2 個月前,5 顆星,好吃好逛,https://www.google.com/maps/contrib/112163739379590662960/reviews?hl=zh-TW
大東夜市,POMPOMPURIN,8 則評論 · 3 張相片,2 個月前,4 顆星,,https://www.google.com/maps/contrib/110166239290847288688/reviews?hl=zh-TW
大東夜市,Akira Tonaka,在地嚮導 · 6 則評論 · 946 張相片,2 個月前,4 顆星,,https://www.google.com/maps/contrib/100309824146052386181/reviews?hl=zh-TW
大東夜市,黎明昌,"在地嚮導 · 712 則評論 · 5,278 張相片",2 個月前,3 顆星,"集中
食物選擇頗多
但有幾間踩雷
比例算高",https://www.google.com/maps/contrib/111394564594157033799/reviews?hl=zh-TW
大東夜市,Sam Hsieh,"在地嚮導 · 1,151 則評論",2 個月前,4 顆星,星期一晚上造訪大東夜市，裡面攤商賣的東西跟花園夜市有87%相似,https://www.google.com/maps/contrib/104076574443259889528/reviews?hl=zh-TW
大東夜市,阿爸林氏,在地嚮導 · 191 則評論 · 350 張相片,2 個月前,4 顆星,吃的滿多的，也有一些不一樣的攤販,https://www.google.com/maps/contrib/118165426513766418082/reviews?hl=zh-TW
大東夜市,weijeng liu,在地嚮導 · 13 則評論 · 6 張相片,2 個月前,4 顆星,,https://www.google.com/maps/contrib/116442485158582976995/reviews?hl=zh-TW
大東夜市,張荃綾,12 張相片,2 個月前,5 顆星,,https://www.google.com/maps/contrib/103820890196740113777/reviews?hl=zh-TW
大東夜市,謝嘉成,3 則評論,2 個月前,5 顆星,,https://www.google.com/maps/contrib/112517003833454868020/reviews?hl=zh-TW
大東夜市,Michelle Tsou,在地嚮導 · 118 則評論 · 25 張相片,2 個月前,5 顆星,有攤炸菇好好吃,https://www.google.com/maps/contrib/111831034992855486497/reviews?hl=zh-TW
大東夜市,Coach Chen,在地嚮導 · 75 則評論 · 87 張相片,2 個月前,5 顆星,好多美食攤販喔！還有看到主委在跟民眾拍照,https://www.google.com/maps/contrib/102819188719448411856/reviews?hl=zh-TW
大東夜市,Jhao-Ren Lin,在地嚮導 · 91 則評論 · 744 張相片,2 個月前,3 顆星,太乾了，另一家比較好吃,https://www.google.com/maps/contrib/107349420622913709676/reviews?hl=zh-TW
大東夜市,蘇明宏,在地嚮導 · 3 則評論 · 98 張相片,2 個月前,5 顆星,,https://www.google.com/maps/contrib/115983564083574478131/reviews?hl=zh-TW
大東夜市,鴻麟,3 則評論 · 1 張相片,2 個月前,3 顆星,,https://www.google.com/maps/contrib/104044592558669368810/reviews?hl=zh-TW
大東夜市,侯凱芸,10 則評論,2 個月前,5 顆星,,https://www.google.com/maps/contrib/117306225086966393392/reviews?hl=zh-TW
大東夜市,pat Lin,4 則評論,2 個月前,5 顆星,,https://www.google.com/maps/contrib/109712856553541745573/reviews?hl=zh-TW
大東夜市,Aaron Liu,"在地嚮導 · 468 則評論 · 5,129 張相片",2 個月前,4 顆星,好多美食小吃啊，一直吃一直排隊，肚子都腫了,https://www.google.com/maps/contrib/105821169844243428713/reviews?hl=zh-TW
大東夜市,Tif,在地嚮導 · 312 則評論 · 63 張相片,2 個月前,4 顆星,,https://www.google.com/maps/contrib/106296593699140794243/reviews?hl=zh-TW
大東夜市,曾朝義,在地嚮導 · 10 則評論 · 16 張相片,2 個月前,4 顆星,,https://www.google.com/maps/contrib/114943098906743483719/reviews?hl=zh-TW
大東夜市,容,6 則評論,2 個月前,5 顆星,,https://www.google.com/maps/contrib/105007716488258082375/reviews?hl=zh-TW
大東夜市,段先生,12 則評論 · 1 張相片,2 個月前,4 顆星,人多熱鬧夜市美食不錯吃,https://www.google.com/maps/contrib/103883330573154267536/reviews?hl=zh-TW
大東夜市,Ruger Tang,在地嚮導 · 67 張相片,2 個月前,5 顆星,,https://www.google.com/maps/contrib/110231815861518811312/reviews?hl=zh-TW
大東夜市,許哲仁,5 則評論 · 10 張相片,2 個月前,5 顆星,,https://www.google.com/maps/contrib/103949133432076739930/reviews?hl=zh-TW
大東夜市,安度瑞拉,在地嚮導 · 148 則評論 · 56 張相片,2 個月前,5 顆星,推豆乳雞👍有一攤在入口一男一女的員工人很好，看到我們不小心打翻豆乳雞還補給我們！ …,https://www.google.com/maps/contrib/113599774497788757686/reviews?hl=zh-TW
大東夜市,洪明輝,在地嚮導 · 3 則評論,2 個月前,5 顆星,,https://www.google.com/maps/contrib/100110072159460478445/reviews?hl=zh-TW
大東夜市,DIANA W,7 則評論 · 2 張相片,2 個月前,5 顆星,,https://www.google.com/maps/contrib/116790773681558595453/reviews?hl=zh-TW
大東夜市,李雅如,在地嚮導 · 19 則評論 · 9 張相片,2 個月前,1 顆星,"九龍城小妹妹真的很離譜，買完他們九龍城飲料站到旁邊喝顺便等朋友，九龍城小妹妹竟然叫我們不能站~
這樣的態度我們以後不会在去這家買~感受很差~
最少一定1顆星，要不然連這顆星都不想給~",https://www.google.com/maps/contrib/105845287302419851811/reviews?hl=zh-TW
大東夜市,李渲瑄,1 則評論,2 個月前,5 顆星,,https://www.google.com/maps/contrib/104937768013908401835/reviews?hl=zh-TW
大東夜市,Xiaohui Wu,"在地嚮導 · 665 則評論 · 2,569 張相片",2 個月前,4 顆星,夜市不大 過年期間 每攤都要排隊 推原住民山豬肉 跟地瓜球,https://www.google.com/maps/contrib/114307060486689309990/reviews?hl=zh-TW
大東夜市,Tony Lin,在地嚮導 · 714 則評論 · 434 張相片,2 個月前,5 顆星,"當地街頭夜市種類繁多，選擇多元。
很容易找到停車位。",https://www.google.com/maps/contrib/118280241171726389162/reviews?hl=zh-TW
大東夜市,keke,在地嚮導 · 70 則評論 · 38 張相片,2 個月前,5 顆星,,https://www.google.com/maps/contrib/112397733457382274440/reviews?hl=zh-TW
大東夜市,詹皓翔,"在地嚮導 · 163 則評論 · 2,038 張相片",2 個月前,5 顆星,,https://www.google.com/maps/contrib/107971850940101346576/reviews?hl=zh-TW
大東夜市,sogolo Chang,10 則評論 · 4 張相片,2 個月前,4 顆星,,https://www.google.com/maps/contrib/117298144360758359951/reviews?hl=zh-TW
大東夜市,潘熙琮,1 則評論 · 2 張相片,2 個月前,5 顆星,,https://www.google.com/maps/contrib/101380193057004845849/reviews?hl=zh-TW
大東夜市,Bryan Wan,在地嚮導 · 32 則評論 · 10 張相片,2 個月前,4 顆星,,https://www.google.com/maps/contrib/105424397503091279175/reviews?hl=zh-TW
大東夜市,朱立,7 則評論 · 7 張相片,2 個月前,4 顆星,,https://www.google.com/maps/contrib/117098625065400332999/reviews?hl=zh-TW
大東夜市,張瀚升,在地嚮導 · 30 則評論 · 17 張相片,2 個月前,5 顆星,,https://www.google.com/maps/contrib/113299067078577690456/reviews?hl=zh-TW
大東夜市,107 06李治賢,6 則評論 · 6 張相片,2 個月前,5 顆星,"東西很豐富
該有的都有",https://www.google.com/maps/contrib/112098070452272022505/reviews?hl=zh-TW
大東夜市,Loyiso Latha,10 則評論 · 3 張相片,2 個月前,5 顆星,非常好的和實惠的吃的。,https://www.google.com/maps/contrib/103031305617600278017/reviews?hl=zh-TW
大東夜市,吳秀鳳,在地嚮導 · 13 則評論,2 個月前,4 顆星,,https://www.google.com/maps/contrib/113828049872011034954/reviews?hl=zh-TW
大東夜市,洪景樑,在地嚮導 · 11 則評論 · 4 張相片,2 個月前,4 顆星,,https://www.google.com/maps/contrib/109326334801216701890/reviews?hl=zh-TW
大東夜市,劉曉雯,在地嚮導 · 12 則評論 · 5 張相片,2 個月前,5 顆星,,https://www.google.com/maps/contrib/115854824077744223964/reviews?hl=zh-TW
大東夜市,pola su,在地嚮導 · 31 則評論 · 5 張相片,2 個月前,4 顆星,"大東
玉米好吃，但醬料偏甜，整體算好吃
延記臭豆腐，外酥內嫩，汁水滿多，口味沒這麼臭
紅妃大腸包小腸，不合口味，不多說
阿桂嬤排骨湯，還可以，中規中矩
醬燒碳烤雞排，味道還不錯，缺點不能加辣，有點太鹹，1塊極限
排隊不會想買
脆皮蚵仔煎
皮脆真的脆，口味不錯，但若可以加辣就更棒
李天生古早味香腸
黑輪特別好吃，香腸偏鹹但好吃，大腸也還可以",https://www.google.com/maps/contrib/102752102465637567167/reviews?hl=zh-TW
大東夜市,惠芬朱,5 則評論 · 1 張相片,2 個月前,5 顆星,,https://www.google.com/maps/contrib/104184413110935496234/reviews?hl=zh-TW
大東夜市,Chen ping Yang,在地嚮導 · 78 則評論 · 259 張相片,2 個月前,5 顆星,攤位多元，老闆們多親切衛生，吃得很開心！,https://www.google.com/maps/contrib/105950581071130860752/reviews?hl=zh-TW
大東夜市,Clay Chan,在地嚮導 · 190 則評論 · 130 張相片,3 個月前,4 顆星,分裂成大東跟大東東，讓人丈二金剛摸不著頭緒的變化，遊戲類都滿坑的啊哈哈,https://www.google.com/maps/contrib/101392907741502793185/reviews?hl=zh-TW
大東夜市,Andie Yang,10 則評論 · 5 張相片,3 個月前,5 顆星,,https://www.google.com/maps/contrib/107288627546986022325/reviews?hl=zh-TW
大東夜市,imagine always,在地嚮導 · 12 則評論 · 74 張相片,3 個月前,5 顆星,顧名思義就是夜市。  玩起來真是太棒了。,https://www.google.com/maps/contrib/108675161303782474322/reviews?hl=zh-TW
大東夜市,彥宸陳,在地嚮導 · 65 則評論 · 28 張相片,3 個月前,5 顆星,美食小吃很多。,https://www.google.com/maps/contrib/113090611174019163477/reviews?hl=zh-TW
大東夜市,CC Cheng,在地嚮導 · 45 則評論 · 375 張相片,3 個月前,5 顆星,,https://www.google.com/maps/contrib/111390700108824218666/reviews?hl=zh-TW
大東夜市,Eason Kuo,在地嚮導 · 29 則評論 · 12 張相片,3 個月前,4 顆星,分家後，攤位變少了,https://www.google.com/maps/contrib/116393540515822649925/reviews?hl=zh-TW
大東夜市,Gang Yang,"在地嚮導 · 45 則評論 · 1,260 張相片",3 個月前,5 顆星,,https://www.google.com/maps/contrib/101129891788239971570/reviews?hl=zh-TW
大東夜市,Suet Yuen Yu,2 張相片,3 個月前,5 顆星,,https://www.google.com/maps/contrib/104852564306993099454/reviews?hl=zh-TW
大東夜市,ADRIAN WANGSAWIJAYA SANTOSO TMU,2 則評論,3 個月前,5 顆星,,https://www.google.com/maps/contrib/103619509337827401298/reviews?hl=zh-TW
大東夜市,LONG,在地嚮導 · 258 則評論 · 26 張相片,3 個月前,5 顆星,兩個夜市連在一起蠻好逛,https://www.google.com/maps/contrib/102070705618705982758/reviews?hl=zh-TW
大東夜市,Sung Yu-Lin,在地嚮導 · 66 則評論 · 473 張相片,3 個月前,3 顆星,只推古曼蔥油餅 雞排跳過,https://www.google.com/maps/contrib/104680640807597401992/reviews?hl=zh-TW
大東夜市,林昱丞,5 則評論,3 個月前,1 顆星,第一次看到加泡麵的蚵仔煎，邪教,https://www.google.com/maps/contrib/105251803249075115151/reviews?hl=zh-TW
大東夜市,姓名,在地嚮導 · 18 則評論 · 3 張相片,3 個月前,1 顆星,"不好意思大東東 東西好吃
但這顆是給比較沒道德的射氣球店家
看你會打在關鍵局就給容易射偏的槍

是這間給大家避避雷",https://www.google.com/maps/contrib/114824964879976281584/reviews?hl=zh-TW
大東夜市,HOANG THI LAN CHINH黃氏蘭徵,3 則評論 · 6 張相片,3 個月前,4 顆星,,https://www.google.com/maps/contrib/116197434930496668495/reviews?hl=zh-TW
大東夜市,Lu Pei-Ting,在地嚮導 · 77 則評論 · 138 張相片,3 個月前,5 顆星,人超級多 開車停車位很難找,https://www.google.com/maps/contrib/109791007491706916569/reviews?hl=zh-TW
大東夜市,高翊峰,1 則評論,3 個月前,5 顆星,,https://www.google.com/maps/contrib/116254052985268574849/reviews?hl=zh-TW
大東夜市,Pedro Jian,在地嚮導 · 32 則評論 · 452 張相片,3 個月前,3 顆星,,https://www.google.com/maps/contrib/112608864932532416847/reviews?hl=zh-TW
大東夜市,吳瑞堂,"在地嚮導 · 661 則評論 · 32,956 張相片",3 個月前,3 顆星,大東夜市與大東東夜市兩個夜市，賣的東西同性質太高了， 最好能夠整合成一個夜市,https://www.google.com/maps/contrib/101488168971554688572/reviews?hl=zh-TW
大東夜市,峻佑陳,在地嚮導 · 155 則評論 · 49 張相片,3 個月前,5 顆星,蒙古烤肉好吃,https://www.google.com/maps/contrib/116786002350544661487/reviews?hl=zh-TW
大東夜市,Hsin Yu Lu,18 則評論 · 2 張相片,3 個月前,5 顆星,烤魚很好吃，射擊遊戲的獎品很棒,https://www.google.com/maps/contrib/103508807256655251513/reviews?hl=zh-TW
大東夜市,SH T,在地嚮導 · 31 則評論 · 21 張相片,3 個月前,5 顆星,,https://www.google.com/maps/contrib/113134859864595923388/reviews?hl=zh-TW
大東夜市,白榮金,在地嚮導 · 10 則評論 · 18 張相片,3 個月前,2 顆星,,https://www.google.com/maps/contrib/108238305712332138391/reviews?hl=zh-TW
大東夜市,Heureak,在地嚮導 · 11 則評論 · 14 張相片,3 個月前,5 顆星,,https://www.google.com/maps/contrib/109511417655324231884/reviews?hl=zh-TW
大東夜市,馬德華,在地嚮導 · 38 則評論 · 37 張相片,3 個月前,4 顆星,,https://www.google.com/maps/contrib/109895847934892076179/reviews?hl=zh-TW
大東夜市,茉莉素馨,163 則評論,3 個月前,5 顆星,大東東夜市,https://www.google.com/maps/contrib/102667955181294375423/reviews?hl=zh-TW
大東夜市,CW Hsu,在地嚮導 · 54 則評論 · 32 張相片,3 個月前,2 顆星,動線雜亂，小吃貴到離譜又不好吃,https://www.google.com/maps/contrib/117958842566833616654/reviews?hl=zh-TW
大東夜市,Bona Woo,7 則評論 · 3 張相片,3 個月前,4 顆星,"人很多，食物大多很美味。
人潮洶湧，熱門菜色需排隊等候20分鐘左右。",https://www.google.com/maps/contrib/118308814876908663004/reviews?hl=zh-TW
大東夜市,Barney Charles,"在地嚮導 · 328 則評論 · 1,015 張相片",3 個月前,5 顆星,各種美味佳餚展現台灣文化與對美食的熱愛,https://www.google.com/maps/contrib/117407167427153711575/reviews?hl=zh-TW
大東夜市,Jenny Chien,"在地嚮導 · 659 則評論 · 2,440 張相片",3 個月前,4 顆星,很好逛，可吃可喝可玩可買，隔壁大東東比較多樣,https://www.google.com/maps/contrib/103735100458022368830/reviews?hl=zh-TW
大東夜市,donut chen,"在地嚮導 · 92 則評論 · 1,905 張相片",3 個月前,4 顆星,,https://www.google.com/maps/contrib/109524810115934062475/reviews?hl=zh-TW
大東夜市,Yue Buna,在地嚮導 · 66 則評論 · 49 張相片,3 個月前,5 顆星,,https://www.google.com/maps/contrib/102231147245281699403/reviews?hl=zh-TW
大東夜市,賴良樺,在地嚮導 · 131 則評論 · 14 張相片,3 個月前,5 顆星,台南必逛夜市,https://www.google.com/maps/contrib/106671905361538301225/reviews?hl=zh-TW
大東夜市,Nina Liu,在地嚮導 · 77 則評論 · 46 張相片,3 個月前,5 顆星,,https://www.google.com/maps/contrib/102778069204225467486/reviews?hl=zh-TW
大東夜市,Vanvanty Huang,2 則評論 · 2 張相片,3 個月前,5 顆星,,https://www.google.com/maps/contrib/103302053783479383198/reviews?hl=zh-TW
大東夜市,Amira,在地嚮導 · 75 則評論 · 171 張相片,3 個月前,5 顆星,攤位多 走道順倡 建議騎摩托車 遠道來的人要找鄰近付費停車場,https://www.google.com/maps/contrib/102729281178329342769/reviews?hl=zh-TW
大東夜市,楊玠原,在地嚮導,3 個月前,4 顆星,,https://www.google.com/maps/contrib/110872014153866321235/reviews?hl=zh-TW
大東夜市,Jason Cho,在地嚮導 · 3 則評論 · 445 張相片,3 個月前,4 顆星,有多樣化小吃和各類可以獲得填充玩偶的遊戲。,https://www.google.com/maps/contrib/100029759904434541530/reviews?hl=zh-TW
大東夜市,心自在,在地嚮導 · 121 則評論 · 116 張相片,3 個月前,4 顆星,,https://www.google.com/maps/contrib/110288358307336463939/reviews?hl=zh-TW
大東夜市,Evelyn Lin,在地嚮導 · 17 則評論 · 4 張相片,3 個月前,5 顆星,,https://www.google.com/maps/contrib/100582630356149909190/reviews?hl=zh-TW
大東夜市,N N,在地嚮導 · 86 則評論 · 100 張相片,3 個月前,5 顆星,"跟大東夜市其實還是一體的
整體東西非常多
而且也都很好吃！",https://www.google.com/maps/contrib/101832640103865535857/reviews?hl=zh-TW
大東夜市,Xu,"在地嚮導 · 340 則評論 · 1,248 張相片",3 個月前,5 顆星,現在是大東和大東東一起，大推美食：古曼蔥油餅、紅妃大腸米腸、櫥窗滷味、蔡家臭豆腐都是非常好吃大美食攤,https://www.google.com/maps/contrib/117083602321435925535/reviews?hl=zh-TW
大東夜市,Miao-Hua Shih,在地嚮導 · 249 則評論 · 760 張相片,3 個月前,5 顆星,大東夜市分成大東夜市跟隔壁的大東東夜市，實際上還是連在一起的，只是夜市內部不能直接過去，要先走到街上再進一次夜市這樣，有很多吃的玩的～,https://www.google.com/maps/contrib/108684600250021926573/reviews?hl=zh-TW
大東夜市,ian Hsieh,在地嚮導 · 17 則評論 · 6 張相片,3 個月前,5 顆星,人雖然很多，但是東西品項很多東西也好吃,https://www.google.com/maps/contrib/108042688073597567069/reviews?hl=zh-TW
大東夜市,Yu,在地嚮導 · 119 則評論 · 15 張相片,3 個月前,5 顆星,,https://www.google.com/maps/contrib/105901246000186130571/reviews?hl=zh-TW
大東夜市,Hongwei Tian,"在地嚮導 · 535 則評論 · 2,148 張相片",3 個月前,5 顆星,,https://www.google.com/maps/contrib/114181325625982757405/reviews?hl=zh-TW
大東夜市,Ann,在地嚮導 · 69 則評論 · 139 張相片,3 個月前,5 顆星,糖葫蘆攤販氾濫 請大家認明牛B糖葫蘆 裹的糖薄脆不黏牙 對於草莓是錦上添花 還能選醬一起裹在米紙裡  雖然可能比其他店稍貴20元 但品質值得 吃的很香,https://www.google.com/maps/contrib/112298770376352223329/reviews?hl=zh-TW
大東夜市,SN P,在地嚮導 · 55 則評論 · 36 張相片,3 個月前,5 顆星,很久沒有回來了，發現分家,https://www.google.com/maps/contrib/100766983638632110654/reviews?hl=zh-TW
大東夜市,jouting hsu,在地嚮導 · 7 則評論 · 4 張相片,3 個月前,5 顆星,,https://www.google.com/maps/contrib/104261392678207273281/reviews?hl=zh-TW
大東夜市,Kevin Huang,在地嚮導 · 7 則評論 · 3 張相片,3 個月前,5 顆星,,https://www.google.com/maps/contrib/109118568515331452615/reviews?hl=zh-TW
大東夜市,Yi J,在地嚮導 · 19 則評論 · 1 張相片,3 個月前,5 顆星,每賣，只是停車要稍微在附近繞一下,https://www.google.com/maps/contrib/113299966779024090789/reviews?hl=zh-TW
大東夜市,JC WEI,在地嚮導 · 119 則評論 · 128 張相片,3 個月前,3 顆星,,https://www.google.com/maps/contrib/102934549894100083307/reviews?hl=zh-TW
大東夜市,Otto Lai,"在地嚮導 · 1,067 則評論 · 7,566 張相片",3 個月前,4 顆星,南方的夜市其實比北部的好。人群、氛圍、規模以及當地人的熱情和友善，一切都將整個體驗提升到另一個層次。,https://www.google.com/maps/contrib/102702929484510747265/reviews?hl=zh-TW
大東夜市,陳宣仁,在地嚮導 · 53 則評論 · 915 張相片,3 個月前,5 顆星,,https://www.google.com/maps/contrib/113526480710934652596/reviews?hl=zh-TW
大東夜市,王昇空,"在地嚮導 · 129 則評論 · 8,230 張相片",3 個月前,5 顆星,,https://www.google.com/maps/contrib/105136518506055603044/reviews?hl=zh-TW
大東夜市,紳士,在地嚮導 · 19 則評論 · 99 張相片,3 個月前,4 顆星,,https://www.google.com/maps/contrib/109090308135851416397/reviews?hl=zh-TW
大東夜市,Lara Hsieh,在地嚮導 · 27 則評論 · 43 張相片,3 個月前,5 顆星,,https://www.google.com/maps/contrib/117689952808085711815/reviews?hl=zh-TW
大東夜市,jk smile.,在地嚮導 · 27 則評論 · 140 張相片,3 個月前,5 顆星,"25.1.13 21:40
絕對強烈推薦！這裡擠滿了當地人。有很多商店，也有很多可以坐下來吃飯的地方。你可以去吃其他餐廳的食物！

所有的食物都很美味，包括炸肉、牡蠣煎餅、雞排（包括麵條）和牛排。

+沒有賣啤酒的地方。我們在外面喝了杯子裡的啤酒。我可以直接從罐頭喝嗎？",https://www.google.com/maps/contrib/108986067727429786914/reviews?hl=zh-TW
大東夜市,蔡怡珍,在地嚮導 · 16 則評論 · 1 張相片,3 個月前,2 顆星,,https://www.google.com/maps/contrib/114986831630193611331/reviews?hl=zh-TW
大東夜市,Chris Chuang,在地嚮導 · 23 則評論 · 25 張相片,3 個月前,5 顆星,,https://www.google.com/maps/contrib/103400083558912110754/reviews?hl=zh-TW
大東夜市,許依瑄,在地嚮導 · 17 則評論 · 9 張相片,3 個月前,5 顆星,,https://www.google.com/maps/contrib/100053543437534269917/reviews?hl=zh-TW
大東夜市,Soraya M,在地嚮導 · 23 則評論 · 7 張相片,3 個月前,5 顆星,我認為台南最好的夜市。不太幽閉恐懼症－有真正的空間可以散步和看東西。有很多流行和傳統菜餚可供嘗試。,https://www.google.com/maps/contrib/110137672055330188200/reviews?hl=zh-TW
大東夜市,王心怡,在地嚮導 · 59 則評論 · 2 張相片,3 個月前,3 顆星,,https://www.google.com/maps/contrib/113922848507516711634/reviews?hl=zh-TW
大東夜市,黓龍君,在地嚮導 · 137 則評論 · 1 張相片,3 個月前,5 顆星,東西不錯吃，便宜，讚。,https://www.google.com/maps/contrib/100064651729815375767/reviews?hl=zh-TW
大東夜市,綾小路マシュ麻呂,"在地嚮導 · 223 則評論 · 1,214 張相片",3 個月前,5 顆星,我喜歡很多事情。,https://www.google.com/maps/contrib/117833425271967901380/reviews?hl=zh-TW
大東夜市,Leo Lee,在地嚮導 · 100 則評論 · 517 張相片,3 個月前,5 顆星,"經典夜市, 打發晚上時間的好去處！",https://www.google.com/maps/contrib/103021737202030798619/reviews?hl=zh-TW
大東夜市,蓁蓁,在地嚮導 · 7 則評論 · 153 張相片,3 個月前,4 顆星,,https://www.google.com/maps/contrib/103737530908432306350/reviews?hl=zh-TW
大東夜市,無憂無慮的逍遙,2 則評論 · 2 張相片,3 個月前,5 顆星,,https://www.google.com/maps/contrib/106214589758210244925/reviews?hl=zh-TW
大東夜市,陳 瓏仁,1 則評論,3 個月前,5 顆星,,https://www.google.com/maps/contrib/118321458076411576163/reviews?hl=zh-TW
大東夜市,洪源宏,8 則評論,3 個月前,5 顆星,好玩,https://www.google.com/maps/contrib/100814246756370950444/reviews?hl=zh-TW
大東夜市,S O,在地嚮導 · 86 則評論 · 107 張相片,3 個月前,5 顆星,"我是從台南站附近騎Ubike去的。
它看起來像一個當地的夜市，有很多小吃攤。店裡排著長隊的蔥油麻糬非常美味。",https://www.google.com/maps/contrib/102985914737726387419/reviews?hl=zh-TW
大東夜市,Zizz,"在地嚮導 · 201 則評論 · 1,337 張相片",3 個月前,1 顆星,大東夜市和大東東夜市是台南最讓人失望的夜市體驗。首先，兩個夜市分開設置，走來走去非常麻煩，完全沒有集中逛夜市的樂趣。垃圾桶少得可憐，攤販種類也不豐富，讓人感覺相當無聊且不方便。 …,https://www.google.com/maps/contrib/111306401410589852639/reviews?hl=zh-TW
大東夜市,Zhi,"在地嚮導 · 148 則評論 · 14,022 張相片",3 個月前,5 顆星,,https://www.google.com/maps/contrib/111893535312554951548/reviews?hl=zh-TW
大東夜市,Jessica Murata,在地嚮導 · 35 則評論 · 115 張相片,3 個月前,4 顆星,熱鬧的台南夜市；刈包真的很好吃！蔥油餅、豬肉和蜘蛛麵也很棒。不過要做好沒有座位的準備！ （@roaming.eater）,https://www.google.com/maps/contrib/103237158077823901956/reviews?hl=zh-TW
大東夜市,曾明哲,5 則評論 · 1 張相片,3 個月前,4 顆星,烤香魚好吃記的買大隻,https://www.google.com/maps/contrib/102362645821636603262/reviews?hl=zh-TW
大東夜市,Yvonne,在地嚮導 · 16 則評論 · 20 張相片,3 個月前,5 顆星,大東大東東,https://www.google.com/maps/contrib/108179691878159035160/reviews?hl=zh-TW
大東夜市,yihan,在地嚮導 · 16 則評論 · 8 張相片,3 個月前,5 顆星,👍🏻 …,https://www.google.com/maps/contrib/111307408506950548366/reviews?hl=zh-TW
大東夜市,Kevin Lin,9 則評論 · 2 張相片,3 個月前,5 顆星,,https://www.google.com/maps/contrib/105892849051036412645/reviews?hl=zh-TW
大東夜市,林偉華,在地嚮導 · 29 則評論 · 294 張相片,3 個月前,4 顆星,,https://www.google.com/maps/contrib/100320361814391938204/reviews?hl=zh-TW
大東夜市,林于馨,在地嚮導 · 140 則評論 · 53 張相片,3 個月前,5 顆星,,https://www.google.com/maps/contrib/101386088003178036735/reviews?hl=zh-TW
大東夜市,強尼爾,在地嚮導 · 16 則評論,3 個月前,5 顆星,攤位動線規劃明確，各攤都清楚明確標示價格，非常值得逛，除了汽車停車位稍嫌不足,https://www.google.com/maps/contrib/102511095286733825229/reviews?hl=zh-TW
大東夜市,채서준,在地嚮導 · 36 則評論 · 8 張相片,3 個月前,4 顆星,,https://www.google.com/maps/contrib/100827176041734574805/reviews?hl=zh-TW
大東夜市,Yu-Tung Lin,在地嚮導 · 11 則評論 · 2 張相片,3 個月前,4 顆星,,https://www.google.com/maps/contrib/110754975440528677328/reviews?hl=zh-TW
大東夜市,RO YAO LEE,在地嚮導 · 520 則評論 · 688 張相片,3 個月前,4 顆星,,https://www.google.com/maps/contrib/111078673272415796986/reviews?hl=zh-TW
大東夜市,jhih,在地嚮導 · 17 則評論 · 15 張相片,3 個月前,5 顆星,,https://www.google.com/maps/contrib/116193007362126428760/reviews?hl=zh-TW
大東夜市,YKHome,"在地嚮導 · 633 則評論 · 1,664 張相片",3 個月前,5 顆星,"台式地道夜市！
留意：星期一、二、五才開放的",https://www.google.com/maps/contrib/106156497451564603051/reviews?hl=zh-TW
大東夜市,Yang家函,在地嚮導 · 187 則評論 · 331 張相片,3 個月前,4 顆星,"平日去攤子比較少，夜市基本有的都有
口味價格都適中",https://www.google.com/maps/contrib/101461395852377781826/reviews?hl=zh-TW
大東夜市,陳思潔,7 則評論 · 5 張相片,3 個月前,4 顆星,,https://www.google.com/maps/contrib/100909777483799227400/reviews?hl=zh-TW
大東夜市,周聖為,4 則評論 · 2 張相片,3 個月前,1 顆星,台南最難停車的夜市,https://www.google.com/maps/contrib/109990638838467100568/reviews?hl=zh-TW
大東夜市,碧真李,2 則評論 · 1 張相片,3 個月前,5 顆星,,https://www.google.com/maps/contrib/102591089341230118232/reviews?hl=zh-TW
大東夜市,黃振輔,在地嚮導 · 22 則評論 · 6 張相片,3 個月前,5 顆星,,https://www.google.com/maps/contrib/112584782660365065140/reviews?hl=zh-TW
大東夜市,Yann Neo,在地嚮導 · 49 則評論 · 24 張相片,3 個月前,5 顆星,不錯的夜市，提供很多不錯的商品。值得參觀。,https://www.google.com/maps/contrib/105059208875089960036/reviews?hl=zh-TW
大東夜市,顏H,在地嚮導 · 11 則評論 · 7 張相片,3 個月前,1 顆星,,https://www.google.com/maps/contrib/115484975473788471914/reviews?hl=zh-TW
大東夜市,yc lin,在地嚮導 · 12 則評論 · 8 張相片,3 個月前,5 顆星,,https://www.google.com/maps/contrib/105514035395578011529/reviews?hl=zh-TW
大東夜市,Robot,在地嚮導 · 55 則評論 · 101 張相片,3 個月前,4 顆星,人人,https://www.google.com/maps/contrib/113187841589652613657/reviews?hl=zh-TW
大東夜市,Ansley,在地嚮導 · 65 則評論 · 50 張相片,3 個月前,5 顆星,,https://www.google.com/maps/contrib/105831931167623928943/reviews?hl=zh-TW
大東夜市,林德龍,,3 個月前,4 顆星,,https://www.google.com/maps/contrib/100198276100635489055/reviews?hl=zh-TW
大東夜市,林益帆,在地嚮導 · 4 則評論 · 20 張相片,3 個月前,4 顆星,,https://www.google.com/maps/contrib/101202267057166280880/reviews?hl=zh-TW
大東夜市,김지원,6 則評論 · 1 張相片,3 個月前,5 顆星,,https://www.google.com/maps/contrib/114965482473068296954/reviews?hl=zh-TW
大東夜市,OU Jerry,在地嚮導 · 19 則評論 · 4 張相片,3 個月前,5 顆星,這家超推！超讚 建議綜合都能吃到,https://www.google.com/maps/contrib/114382592802190744531/reviews?hl=zh-TW
大東夜市,蔡珺珺,2 則評論,3 個月前,5 顆星,讚,https://www.google.com/maps/contrib/110104619216820152254/reviews?hl=zh-TW
大東夜市,Julien Gorenflot,在地嚮導 · 6 則評論 · 9 張相片,3 個月前,5 顆星,,https://www.google.com/maps/contrib/105740217762079777630/reviews?hl=zh-TW
大東夜市,かあ,在地嚮導 · 57 則評論 · 12 張相片,3 個月前,3 顆星,"狹窄的通道裡擠滿了許多人。
桌子幾乎總是滿的
除少數外，開攤的價格與日本節日時的價格大致相同。
台南車站附近沒有公車或火車，前往相當不方便。",https://www.google.com/maps/contrib/102773494874264602530/reviews?hl=zh-TW
大東夜市,Baron Potato,在地嚮導 · 99 則評論 · 162 張相片,3 個月前,5 顆星,選擇多品項豐富 旁邊停車場也夠大,https://www.google.com/maps/contrib/110334947507182717491/reviews?hl=zh-TW
大東夜市,Alex Kuo,2 則評論 · 5 張相片,3 個月前,4 顆星,大東夜市的東西是真的好吃，只是我覺得吃的可以再多一點,https://www.google.com/maps/contrib/102403410111077850851/reviews?hl=zh-TW
大東夜市,Bo Xiang Huang,6 則評論 · 4 張相片,3 個月前,4 顆星,,https://www.google.com/maps/contrib/115096844893605746946/reviews?hl=zh-TW
大東夜市,Babe,在地嚮導 · 17 則評論 · 8 張相片,3 個月前,5 顆星,,https://www.google.com/maps/contrib/116327165974578253270/reviews?hl=zh-TW
大東夜市,Sean Huang,在地嚮導 · 223 則評論 · 211 張相片,3 個月前,5 顆星,台南夜市總是充滿樂趣。雖然不是最大的，但它仍然提供令人難以置信的美味佳餚。大腸麵線非常好。,https://www.google.com/maps/contrib/109204135035970903119/reviews?hl=zh-TW
大東夜市,張倚菁,在地嚮導 · 117 則評論 · 16 張相片,3 個月前,4 顆星,有2個夜市在ㄧ起營業，大東／大大東夜市，逛完覺得還行但不用專程來，有吃到2師兄滷味，買了豆干鳥蛋，好吃入味，豆干軟Q可以試試，至於豬排肉質就很普通，下次我不會點。三角骨很普通算踩雷，附近有停車場，建議6點就進場逛，會比較悠閒，不用跟人擠搶座位排隊很久,https://www.google.com/maps/contrib/116472582419802021865/reviews?hl=zh-TW
大東夜市,Y O,19 則評論 · 30 張相片,3 個月前,1 顆星,不推、明知道人會很多停車場難找要命,https://www.google.com/maps/contrib/100800157912510198049/reviews?hl=zh-TW
大東夜市,許博偉,在地嚮導 · 50 則評論 · 239 張相片,3 個月前,5 顆星,,https://www.google.com/maps/contrib/111886144190576925161/reviews?hl=zh-TW
大東夜市,鄭勝鴻,在地嚮導 · 28 則評論 · 64 張相片,3 個月前,5 顆星,,https://www.google.com/maps/contrib/104071468298557265169/reviews?hl=zh-TW
大東夜市,Christine .C,在地嚮導 · 83 則評論 · 35 張相片,3 個月前,5 顆星,平日人也很多，停車自求多福，建議騎車最好。然後大東東的東西碾壓太多了。,https://www.google.com/maps/contrib/114547150180547206025/reviews?hl=zh-TW
大東夜市,uin Lin,在地嚮導 · 128 則評論 · 30 張相片,3 個月前,5 顆星,玫瑰鹽牛排🥩好吃(*☻-☻*) …,https://www.google.com/maps/contrib/114542523138977845458/reviews?hl=zh-TW
大東夜市,柳橙紅,在地嚮導 · 21 則評論,3 個月前,1 顆星,小虎彈珠,https://www.google.com/maps/contrib/117697378816939061536/reviews?hl=zh-TW
大東夜市,七年級老人,15 則評論 · 7 張相片,3 個月前,3 顆星,沒有以前熱鬧好逛了,https://www.google.com/maps/contrib/112463399635560356502/reviews?hl=zh-TW
大東夜市,H P,4 則評論 · 4 張相片,3 個月前,4 顆星,,https://www.google.com/maps/contrib/114446013242472278915/reviews?hl=zh-TW
大東夜市,Jennifer,在地嚮導 · 78 則評論 · 151 張相片,3 個月前,5 顆星,,https://www.google.com/maps/contrib/104741440976069569820/reviews?hl=zh-TW
大東夜市,廖禎振,在地嚮導 · 54 則評論 · 98 張相片,3 個月前,4 顆星,"攤位擺設時間約在19：00以後較完整，因為這次行程在18：00到場，很多攤位都還沒到位，就算擺好的也還沒煮好備料，所以只能蝦晃一下！！
但是相信19：30過來一定會很好逛才是！！",https://www.google.com/maps/contrib/105785177280583624900/reviews?hl=zh-TW
大東夜市,黃小咪,在地嚮導 · 10 則評論 · 91 張相片,3 個月前,5 顆星,,https://www.google.com/maps/contrib/112528723917597619113/reviews?hl=zh-TW
大東夜市,七七（七七）,在地嚮導 · 7 則評論 · 2 張相片,3 個月前,5 顆星,,https://www.google.com/maps/contrib/101185451568359074165/reviews?hl=zh-TW
大東夜市,東,在地嚮導 · 20 則評論 · 1 張相片,3 個月前,5 顆星,,https://www.google.com/maps/contrib/116095570890644537693/reviews?hl=zh-TW
大東夜市,Daisuke ABE,在地嚮導 · 248 則評論 · 287 張相片,3 個月前,4 顆星,,https://www.google.com/maps/contrib/101317912240561044484/reviews?hl=zh-TW
大東夜市,しゅうどうふ控です,在地嚮導 · 203 則評論 · 229 張相片,3 個月前,5 顆星,"推延記臭豆腐、蔡家臭豆腐、中東沙威瑪
古玥茶坊紅茶不好喝",https://www.google.com/maps/contrib/109632832196826203882/reviews?hl=zh-TW
大東夜市,香吉士,在地嚮導 · 5 則評論 · 7 張相片,3 個月前,5 顆星,,https://www.google.com/maps/contrib/118064095186120982937/reviews?hl=zh-TW
大東夜市,草頭黃,在地嚮導 · 77 則評論 · 275 張相片,3 個月前,5 顆星,"汽車停車不友善 除了這點 其他都很棒
在這有很多美好的回憶🥰 …",https://www.google.com/maps/contrib/117780059648110126694/reviews?hl=zh-TW
大東夜市,張騰躍,在地嚮導 · 124 則評論 · 170 張相片,4 個月前,4 顆星,好逛，東西好吃附近有很多住宿的地方買東西到旅館吃很享受人生,https://www.google.com/maps/contrib/106816989151339011053/reviews?hl=zh-TW
大東夜市,Long Ma,在地嚮導 · 6 則評論 · 32 張相片,4 個月前,5 顆星,非常好,https://www.google.com/maps/contrib/112886216577744169070/reviews?hl=zh-TW
大東夜市,歐文,在地嚮導 · 22 則評論 · 314 張相片,4 個月前,5 顆星,,https://www.google.com/maps/contrib/112774698404978655504/reviews?hl=zh-TW
大東夜市,Kyle Lin (Kyle),在地嚮導 · 79 則評論 · 853 張相片,4 個月前,5 顆星,,https://www.google.com/maps/contrib/104702494857910939582/reviews?hl=zh-TW
大東夜市,陳嘉賢,在地嚮導 · 50 則評論 · 223 張相片,4 個月前,5 顆星,逛街吃美食好地方,https://www.google.com/maps/contrib/113991327097251567861/reviews?hl=zh-TW
大東夜市,T S,在地嚮導 · 18 則評論 · 38 張相片,4 個月前,4 顆星,,https://www.google.com/maps/contrib/107799483805366021130/reviews?hl=zh-TW
大東夜市,陳柏堅,3 則評論,4 個月前,5 顆星,,https://www.google.com/maps/contrib/110913809390857631234/reviews?hl=zh-TW
大東夜市,K. T,在地嚮導 · 141 則評論 · 70 張相片,4 個月前,4 顆星,"是在大東旁的大東東夜市。這不在地圖上。
由於一些產權問題，有兩個相鄰的夜市。
夜市的大部分食物都可以在這裡找到，以油炸食品為主。星期五晚上非常擁擠。",https://www.google.com/maps/contrib/100529218575711308012/reviews?hl=zh-TW
大東夜市,簡嘉玟,在地嚮導 · 11 則評論 · 43 張相片,4 個月前,5 顆星,,https://www.google.com/maps/contrib/116404375993129226354/reviews?hl=zh-TW
大東夜市,wiber Wang,在地嚮導 · 22 則評論 · 9 張相片,4 個月前,5 顆星,,https://www.google.com/maps/contrib/116916264132593165506/reviews?hl=zh-TW
大東夜市,楊家榛,在地嚮導 · 10 則評論 · 22 張相片,4 個月前,5 顆星,,https://www.google.com/maps/contrib/112731812612491758098/reviews?hl=zh-TW
大東夜市,YPP,"在地嚮導 · 249 則評論 · 1,221 張相片",4 個月前,4 顆星,跟隔壁大東東夜市重複性有點高，不知道為何拆夥,https://www.google.com/maps/contrib/103684979708127280610/reviews?hl=zh-TW
大東夜市,허양미,1 則評論,4 個月前,4 顆星,,https://www.google.com/maps/contrib/117744103958635549094/reviews?hl=zh-TW
大東夜市,林昕穎,在地嚮導 · 228 則評論 · 208 張相片,4 個月前,4 顆星,,https://www.google.com/maps/contrib/107894649954879483302/reviews?hl=zh-TW
大東夜市,Peace,在地嚮導 · 29 則評論 · 1 張相片,4 個月前,5 顆星,好逛 可惜美食不夠多？有些牛排館很難吃,https://www.google.com/maps/contrib/108342292815463549923/reviews?hl=zh-TW
大東夜市,邱秀英,,4 個月前,1 顆星,,https://www.google.com/maps/contrib/102720084248602949325/reviews?hl=zh-TW
大東夜市,游媜,在地嚮導 · 33 則評論 · 75 張相片,4 個月前,5 顆星,,https://www.google.com/maps/contrib/102521852073440172279/reviews?hl=zh-TW
大東夜市,林紘緯,在地嚮導 · 100 則評論 · 290 張相片,4 個月前,5 顆星,"很好逛
臭豆腐 現打果汁 旗魚串 排骨酥都好吃",https://www.google.com/maps/contrib/106843128926399419813/reviews?hl=zh-TW
大東夜市,甜草莓,在地嚮導 · 13 則評論 · 20 張相片,4 個月前,5 顆星,雖然很難停車，但是還是很喜歡逛大東,https://www.google.com/maps/contrib/105743679771889165549/reviews?hl=zh-TW
大東夜市,moon,在地嚮導 · 15 則評論 · 3 張相片,4 個月前,5 顆星,賣的食物跟其他一般夜市都不穩一樣！價格也便宜好吃！比起觀光夜市更值得前往,https://www.google.com/maps/contrib/117900654757438080878/reviews?hl=zh-TW
大東夜市,蔡詠純,在地嚮導 · 14 則評論 · 11 張相片,4 個月前,5 顆星,,https://www.google.com/maps/contrib/118093794218541803806/reviews?hl=zh-TW
大東夜市,CHENG SHENG Chen,在地嚮導 · 5 則評論 · 90 張相片,4 個月前,4 顆星,,https://www.google.com/maps/contrib/115754364697268275814/reviews?hl=zh-TW
大東夜市,Sss Ff,在地嚮導 · 13 則評論 · 5 張相片,4 個月前,5 顆星,,https://www.google.com/maps/contrib/112748269246614420717/reviews?hl=zh-TW
大東夜市,吳帥安,3 則評論 · 1 張相片,4 個月前,1 顆星,有夠垃圾中間還要擋住，建議不要逛了,https://www.google.com/maps/contrib/115990041719731534842/reviews?hl=zh-TW
大東夜市,pi cai gei,10 則評論 · 1 張相片,4 個月前,5 顆星,,https://www.google.com/maps/contrib/117577732846991767977/reviews?hl=zh-TW
大東夜市,Dk (꧁༺ᗪ960412༻꧂),在地嚮導 · 11 則評論 · 84 張相片,4 個月前,3 顆星,,https://www.google.com/maps/contrib/107631779475442484563/reviews?hl=zh-TW
大東夜市,Vic Wang,在地嚮導 · 75 則評論 · 7 張相片,4 個月前,3 顆星,,https://www.google.com/maps/contrib/104849623733969552033/reviews?hl=zh-TW
大東夜市,Shopper Mystery,在地嚮導 · 48 則評論 · 9 張相片,4 個月前,5 顆星,超愛喝阿彬哥的木瓜牛奶🥴你說他們是賣手搖飲不是賣果汁？🤔 那我看到的木瓜又是什麼🤡 …,https://www.google.com/maps/contrib/110283945548589973903/reviews?hl=zh-TW
大東夜市,Tszyiu ne,1 則評論,4 個月前,3 顆星,,https://www.google.com/maps/contrib/115595654419071376418/reviews?hl=zh-TW
大東夜市,田中敏彦,在地嚮導 · 417 則評論 · 2 張相片,4 個月前,5 顆星,"這裡章魚燒店的日本老闆到2024年底將是在台灣的第7個年頭，他仍然不會說台語，但他的兼職工作要求他會說日語。
在台灣你找不到那種又大又圓的章魚燒。章魚也很大。",https://www.google.com/maps/contrib/112765661766242929267/reviews?hl=zh-TW
大東夜市,林錦純,在地嚮導 · 67 則評論 · 89 張相片,4 個月前,5 顆星,,https://www.google.com/maps/contrib/100725331290119512972/reviews?hl=zh-TW
大東夜市,潘潘,在地嚮導 · 28 則評論 · 7 張相片,4 個月前,3 顆星,食材重複性高，大東跟大東東還隔了一道牆，要特別繞才能逛過去，沒什麼,https://www.google.com/maps/contrib/113969728831530273479/reviews?hl=zh-TW
大東夜市,杜熊熊,7 則評論,4 個月前,5 顆星,裡面很多玩的攤主們也都很熱情夜市也很大,https://www.google.com/maps/contrib/105350654093781983376/reviews?hl=zh-TW
大東夜市,許永騰,在地嚮導 · 22 則評論 · 444 張相片,4 個月前,3 顆星,,https://www.google.com/maps/contrib/108887600514973097468/reviews?hl=zh-TW
大東夜市,林易聖,"在地嚮導 · 637 則評論 · 2,339 張相片",4 個月前,4 顆星,吃的很多，又熱鬧,https://www.google.com/maps/contrib/106535955851691278974/reviews?hl=zh-TW
大東夜市,您爹,1 則評論 · 2 張相片,4 個月前,5 顆星,,https://www.google.com/maps/contrib/114847246838848108450/reviews?hl=zh-TW
大東夜市,Smile,在地嚮導 · 161 則評論 · 641 張相片,4 個月前,3 顆星,"夜市不大

重複性蠻高的

適合買個晚餐點心宵夜

夜市餐點普普與價格成正比",https://www.google.com/maps/contrib/105837205699170883122/reviews?hl=zh-TW
大東夜市,kelvin teow,2 則評論 · 5 張相片,4 個月前,4 顆星,,https://www.google.com/maps/contrib/118440896421455482617/reviews?hl=zh-TW
大東夜市,Jian Wei Wu,在地嚮導 · 36 則評論 · 7 張相片,4 個月前,5 顆星,,https://www.google.com/maps/contrib/105940244057024036493/reviews?hl=zh-TW
大東夜市,馮治佳,在地嚮導 · 7 則評論 · 1 張相片,4 個月前,5 顆星,,https://www.google.com/maps/contrib/116182063703666159695/reviews?hl=zh-TW
大東夜市,林老師,在地嚮導 · 19 則評論 · 812 張相片,4 個月前,3 顆星,,https://www.google.com/maps/contrib/115092236832647989505/reviews?hl=zh-TW
大東夜市,Simona Su,在地嚮導 · 21 則評論 · 11 張相片,4 個月前,1 顆星,"這個評論是專門給這間店
‼️阿桂嬤養生湯‼️
真的超誇張
我們去買他們的東西
帶了兩個小朋友
小朋友才兩三歲
竟然說這樣算是佔位置
旁邊有外國人
不是買他們家的東西
佔在他的位置
他卻不敢說什麼
所以是在欺負我們台灣人是嗎？
真的是蠻奇怪的
照你這樣說
以後帶小孩去喝湯是不是小孩子都不能坐
只能站著
誇張欸～
真的！
要不是因為必須要給星才能留言
我真的連一顆都不想給😩😩",https://www.google.com/maps/contrib/113693460792171229338/reviews?hl=zh-TW
大東夜市,Benson,在地嚮導 · 53 則評論 · 112 張相片,4 個月前,5 顆星,下雨天不要去就好,https://www.google.com/maps/contrib/102402846379684200107/reviews?hl=zh-TW
大東夜市,炘澐,在地嚮導 · 14 則評論 · 1 張相片,4 個月前,5 顆星,超喜歡來這裡逛夜市的，佔地大也好逛，東西不少重複不多很好買，想吃什麼幾乎都有，沒去花園的時候都會來這裡,https://www.google.com/maps/contrib/112660646020808198963/reviews?hl=zh-TW
大東夜市,Nick Chou,在地嚮導 · 58 則評論 · 64 張相片,4 個月前,4 顆星,"自從變成大東和大東東之後變得不太好逛🥹
本來是台南夜市摯愛，但現在逛的攤位變少
兩邊夜市都是以吃的為主，有點可惜 …",https://www.google.com/maps/contrib/114160922104105608295/reviews?hl=zh-TW
大東夜市,黃彥彥,在地嚮導 · 35 則評論 · 5 張相片,4 個月前,5 顆星,,https://www.google.com/maps/contrib/116969819133030941785/reviews?hl=zh-TW
大東夜市,Alex Alvarez,在地嚮導 · 13 則評論 · 2 張相片,4 個月前,3 顆星,總體而言夜市相對較小，但食物很好。不要睡在朋友蘑菇攤上。我搭配了咖哩香料，真是太棒了！我無法停止思考它並希望我能回來獲得更多。,https://www.google.com/maps/contrib/113179545932221711647/reviews?hl=zh-TW
大東夜市,施瑞敏,在地嚮導,4 個月前,4 顆星,,https://www.google.com/maps/contrib/117211342097816712121/reviews?hl=zh-TW
大東夜市,馬建民james,在地嚮導 · 18 則評論 · 4 張相片,4 個月前,3 顆星,,https://www.google.com/maps/contrib/103307696732827907955/reviews?hl=zh-TW
大東夜市,Ta Chen,在地嚮導 · 54 則評論 · 39 張相片,4 個月前,5 顆星,裡面攤販超多，而且也會看到許多國外的遊客，而且每項小吃都感覺cp值極高，推薦各位朋友可以來這逛逛喔👍👍 …,https://www.google.com/maps/contrib/107998340653648059209/reviews?hl=zh-TW
大東夜市,蔡,在地嚮導 · 7 則評論 · 999 張相片,4 個月前,4 顆星,,https://www.google.com/maps/contrib/101561498724960760567/reviews?hl=zh-TW
大東夜市,吳明添,在地嚮導 · 82 張相片,4 個月前,5 顆星,,https://www.google.com/maps/contrib/114905859632402073943/reviews?hl=zh-TW
大東夜市,許智凱,"在地嚮導 · 90 則評論 · 9,243 張相片",4 個月前,3 顆星,,https://www.google.com/maps/contrib/117192088630116130851/reviews?hl=zh-TW
大東夜市,黃湯姆,在地嚮導 · 19 則評論 · 2 張相片,4 個月前,5 顆星,好吃 好逛,https://www.google.com/maps/contrib/101589130434047318551/reviews?hl=zh-TW
大東夜市,JUN-AN WU,在地嚮導 · 2 則評論 · 99 張相片,4 個月前,5 顆星,,https://www.google.com/maps/contrib/117165364659450216611/reviews?hl=zh-TW
大東夜市,海豚男,在地嚮導 · 227 則評論 · 354 張相片,4 個月前,5 顆星,,https://www.google.com/maps/contrib/114802747549829690953/reviews?hl=zh-TW
大東夜市,快樂心,在地嚮導 · 157 則評論 · 27 張相片,4 個月前,5 顆星,買了水果果凍球、蜜地瓜、草莓大福、甘草芭樂，還有鐵板麵跟鹽烤魚好吃！！讚讚！又大又好逛，還有賣數字油畫好新奇！！,https://www.google.com/maps/contrib/108254653651562048900/reviews?hl=zh-TW
大東夜市,Cyrus,在地嚮導 · 314 則評論 · 281 張相片,4 個月前,5 顆星,小吃、遊戲、百貨都有，晚上來此逛逛，晚餐及宵夜都一併處理。,https://www.google.com/maps/contrib/101309729580683284158/reviews?hl=zh-TW
大東夜市,高雄967柯秋米,"在地嚮導 · 496 則評論 · 5,152 張相片",4 個月前,5 顆星,"有些獨特創意的攤位
像祖傳的藥膳排骨
包裝超棒的糖葫蘆完全不沾手
還有各種口味的小吃
經過可以來看一看
很有趣的是裡面有兩個夜市
一個是大東夜市
一個是大東東夜市
兩個老闆隔水經營",https://www.google.com/maps/contrib/116715515228459376740/reviews?hl=zh-TW
大東夜市,K K,在地嚮導 · 261 則評論 · 279 張相片,4 個月前,3 顆星,,https://www.google.com/maps/contrib/107381185623744249575/reviews?hl=zh-TW
大東夜市,黃張春金,在地嚮導 · 15 則評論 · 32 張相片,4 個月前,4 顆星,,https://www.google.com/maps/contrib/115287112373060496775/reviews?hl=zh-TW
大東夜市,希曦,"在地嚮導 · 1,051 則評論 · 4,512 張相片",4 個月前,5 顆星,,https://www.google.com/maps/contrib/105720298358300905429/reviews?hl=zh-TW
大東夜市,余鵬瀛,在地嚮導 · 50 則評論 · 14 張相片,4 個月前,5 顆星,品物衆多，灘販排列整齊，,https://www.google.com/maps/contrib/110273485912781535688/reviews?hl=zh-TW
大東夜市,peace yeung,在地嚮導 · 13 則評論,4 個月前,5 顆星,,https://www.google.com/maps/contrib/105177498830522118571/reviews?hl=zh-TW
大東夜市,yingning Liao,5 則評論 · 2 張相片,4 個月前,5 顆星,,https://www.google.com/maps/contrib/111305595044979738318/reviews?hl=zh-TW
大東夜市,onsort C,7 則評論,4 個月前,5 顆星,大上海香酥雞超好吃😋 …,https://www.google.com/maps/contrib/110038986661602598739/reviews?hl=zh-TW
大東夜市,包博元,3 則評論 · 3 張相片,4 個月前,1 顆星,"大東跟大東東如果沒辦法互通只會造成逛街民眾的不便，久而久之沒有人想去逛。
大東、大大東夜市在台南夜市評比已經落到最後了，互通才是解決之道！",https://www.google.com/maps/contrib/114707827435072310782/reviews?hl=zh-TW
大東夜市,陳閎堉,13 則評論,4 個月前,3 顆星,,https://www.google.com/maps/contrib/100436427174690321064/reviews?hl=zh-TW
大東夜市,小育楊世育,在地嚮導 · 7 則評論 · 104 張相片,4 個月前,1 顆星,,https://www.google.com/maps/contrib/116535682017553365437/reviews?hl=zh-TW
大東夜市,蛋糕,2 則評論,4 個月前,5 顆星,,https://www.google.com/maps/contrib/107532280579293861485/reviews?hl=zh-TW
大東夜市,楊昀潔,在地嚮導 · 8 則評論 · 23 張相片,4 個月前,5 顆星,地瓜球一定要買！,https://www.google.com/maps/contrib/101089750986155105207/reviews?hl=zh-TW
大東夜市,朱俊銘,1 則評論,4 個月前,5 顆星,去那邊很好玩,https://www.google.com/maps/contrib/104509210261748957737/reviews?hl=zh-TW
大東夜市,羅芬園,13 則評論 · 8 張相片,4 個月前,4 顆星,"是一個很不錯的大型夜市
很多各式各樣的台南小吃和滷味
有很多可逛的飾品和服飾",https://www.google.com/maps/contrib/104229172639368491570/reviews?hl=zh-TW
大東夜市,毛季珍,,4 個月前,5 顆星,,https://www.google.com/maps/contrib/117979772621768570677/reviews?hl=zh-TW
大東夜市,劉威佐,在地嚮導 · 119 則評論 · 60 張相片,4 個月前,5 顆星,,https://www.google.com/maps/contrib/106247671508248755475/reviews?hl=zh-TW
大東夜市,CHIN I Kuo,在地嚮導 · 6 則評論 · 17 張相片,4 個月前,5 顆星,,https://www.google.com/maps/contrib/117266412808216693735/reviews?hl=zh-TW
大東夜市,許明仁,3 則評論 · 2 張相片,4 個月前,5 顆星,,https://www.google.com/maps/contrib/118167730027646977464/reviews?hl=zh-TW
大東夜市,yaping yang,"在地嚮導 · 8 則評論 · 11,253 張相片",4 個月前,5 顆星,,https://www.google.com/maps/contrib/112885516209574437282/reviews?hl=zh-TW
大東夜市,周育楷,在地嚮導 · 38 則評論 · 11 張相片,4 個月前,5 顆星,好吃好逛,https://www.google.com/maps/contrib/111815366193559100381/reviews?hl=zh-TW
大東夜市,呆呆,2 則評論,4 個月前,5 顆星,,https://www.google.com/maps/contrib/100756266059001385946/reviews?hl=zh-TW
大東夜市,tin mak,在地嚮導 · 4 則評論 · 3 張相片,4 個月前,4 顆星,,https://www.google.com/maps/contrib/103124946688044261114/reviews?hl=zh-TW
大東夜市,Amy Cheung,在地嚮導 · 90 則評論 · 345 張相片,4 個月前,5 顆星,大東夜市 臭豆腐無得頂 外脆內軟 必試,https://www.google.com/maps/contrib/101092785185582531667/reviews?hl=zh-TW
大東夜市,洪光毅Kuang-Yee Hung,4 則評論 · 1 張相片,4 個月前,5 顆星,再會 ！,https://www.google.com/maps/contrib/110383414745757009797/reviews?hl=zh-TW
大東夜市,莊東倫,在地嚮導 · 53 則評論 · 17 張相片,4 個月前,5 顆星,,https://www.google.com/maps/contrib/117824323142976411083/reviews?hl=zh-TW
大東夜市,Felix zhang,"在地嚮導 · 127 則評論 · 1,421 張相片",4 個月前,5 顆星,食物種類還可以，但比我預期的少。,https://www.google.com/maps/contrib/110128559298706572846/reviews?hl=zh-TW
大東夜市,散播美食の卡,"在地嚮導 · 185 則評論 · 3,290 張相片",4 個月前,4 顆星,好吃好玩～,https://www.google.com/maps/contrib/106822151659497196227/reviews?hl=zh-TW
大東夜市,Mark Huang,,4 個月前,5 顆星,,https://www.google.com/maps/contrib/107328099760394744214/reviews?hl=zh-TW
大東夜市,クロノメ,在地嚮導 · 191 則評論 · 407 張相片,4 個月前,5 顆星,"台南市的一大樂趣就是在夜市周圍吃飯。
與其他城市不同的是，位置一周中的每一天都在變化，所以
請小心。目前情況如下。
週一...大東夜市
週二...大東夜市/小北(松城)夜市
週三...博物館夜市
週四：花園夜市/永華夜市
星期五...大東夜市/小北(松城)夜市
週六...花園夜市/武勝夜市
週日：花園夜市/永華夜市
其中大東、武精、花園為三大。
很多美味的食物。哪一個
不管你選擇什麼，它都很美味，所以不要猶豫，盡情享受吧。
請。",https://www.google.com/maps/contrib/114416177972963532563/reviews?hl=zh-TW
大東夜市,王辰宜,9 則評論 · 6 張相片,4 個月前,5 顆星,"夜市有一間日本章魚燒旁邊的「日式炒麵」超級好吃，日本人賣的～好吃到回購

膳品 香酥排骨也很好吃～很脆 味道也夠
負責炸的阿姨 人也很好💕 …",https://www.google.com/maps/contrib/106062285334710503920/reviews?hl=zh-TW
大東夜市,蘇Vince,在地嚮導 · 20 則評論 · 20 張相片,4 個月前,5 顆星,,https://www.google.com/maps/contrib/117701846174219595618/reviews?hl=zh-TW
大東夜市,張美雲,在地嚮導 · 2 則評論,4 個月前,3 顆星,,https://www.google.com/maps/contrib/108125748171119891769/reviews?hl=zh-TW
大東夜市,Li-Ren Yu,在地嚮導 · 38 則評論 · 10 張相片,4 個月前,5 顆星,很棒吃很飽,https://www.google.com/maps/contrib/107310936111084663022/reviews?hl=zh-TW
大東夜市,劉子揚,在地嚮導 · 7 則評論 · 10 張相片,4 個月前,5 顆星,,https://www.google.com/maps/contrib/101972991983642993455/reviews?hl=zh-TW
大東夜市,高靖潔,"在地嚮導 · 147 則評論 · 1,078 張相片",4 個月前,5 顆星,,https://www.google.com/maps/contrib/104656876687072271798/reviews?hl=zh-TW
大東夜市,呂亞慧,在地嚮導 · 56 則評論 · 76 張相片,4 個月前,4 顆星,,https://www.google.com/maps/contrib/109323452336126724912/reviews?hl=zh-TW
大東夜市,李文聖,在地嚮導 · 156 則評論 · 432 張相片,4 個月前,3 顆星,場地是很大，但是沒感覺到有很特別的小吃,https://www.google.com/maps/contrib/106868776846526305601/reviews?hl=zh-TW
大東夜市,張一手,14 則評論 · 5 張相片,4 個月前,5 顆星,,https://www.google.com/maps/contrib/111184615477739811191/reviews?hl=zh-TW
大東夜市,馬克,在地嚮導 · 38 則評論 · 11 張相片,4 個月前,3 顆星,分成大東東東，很麻煩,https://www.google.com/maps/contrib/105232894719143150763/reviews?hl=zh-TW
大東夜市,張雅若,在地嚮導 · 13 則評論 · 15 張相片,4 個月前,5 顆星,,https://www.google.com/maps/contrib/114370752619047157712/reviews?hl=zh-TW
大東夜市,Y K CHEN,"在地嚮導 · 2,134 張相片",4 個月前,5 顆星,,https://www.google.com/maps/contrib/114058747314706749280/reviews?hl=zh-TW
大東夜市,David chen,在地嚮導 · 69 則評論 · 76 張相片,4 個月前,5 顆星,好吃 好玩,https://www.google.com/maps/contrib/104492590236767865709/reviews?hl=zh-TW
大東夜市,蕭仁惠,在地嚮導 · 17 則評論 · 6 張相片,4 個月前,5 顆星,,https://www.google.com/maps/contrib/108939852315319549678/reviews?hl=zh-TW
大東夜市,djeid widhd,在地嚮導 · 7 則評論 · 1 張相片,4 個月前,5 顆星,,https://www.google.com/maps/contrib/110605591768691027661/reviews?hl=zh-TW
大東夜市,蘇建草,"在地嚮導 · 200 則評論 · 3,018 張相片",4 個月前,4 顆星,"逢週五，人潮很多，跟著前面的人走通道，走走停停，各攤位生意普遍很好，就吃了蚵仔煎，蛤蜊湯，蚵仔煎邊邊比較脆脆，蛤蜊湯，湯頭好喝，再吃炸魷魚，帶回家吃，喝檸檬紅茶一杯。走外圍坐車。疫情擴散加霉雨，有的攤位沒擺，客人少量的而已。疫情淡化，客人回留，擦肩而過，攤位老闆忙的心情好，價格提高了，豬排漲價了，麵也少一些量，無法抗漲，消費者的購買的量也會縮小的。舊大東夜市在北邊，區塊比較小，大東東夜市在南邊，區塊比較大，兩邊隔開不相通，各自營業，可惜的是烤山豬肉，香腸的兩個攤位都不見了，再也無法品嘗了。烤山豬肉的攤又回到了原來的位子附近，所以今晚又買到了，因為物價高漲又近過年了，今天的客
人比較少的不會擁擠的讚。",https://www.google.com/maps/contrib/111366070108667260565/reviews?hl=zh-TW
大東夜市,Edna・ ᴗ ・,2 則評論,4 個月前,5 顆星,非常好,https://www.google.com/maps/contrib/109027152046739566968/reviews?hl=zh-TW
大東夜市,江雅真,在地嚮導 · 12 則評論 · 1 張相片,4 個月前,5 顆星,好吃好玩,https://www.google.com/maps/contrib/103912453057309164494/reviews?hl=zh-TW
大東夜市,何世恩,在地嚮導 · 8 則評論 · 14 張相片,4 個月前,5 顆星,,https://www.google.com/maps/contrib/114987008341530891348/reviews?hl=zh-TW
大東夜市,陳佰任,5 則評論 · 1 張相片,4 個月前,5 顆星,,https://www.google.com/maps/contrib/102234494826790507309/reviews?hl=zh-TW
大東夜市,王紹渝,在地嚮導 · 176 則評論 · 101 張相片,4 個月前,5 顆星,好,https://www.google.com/maps/contrib/115339169585942809181/reviews?hl=zh-TW
大東夜市,謝佳雯,2 則評論 · 7 張相片,4 個月前,5 顆星,,https://www.google.com/maps/contrib/101376683205737605701/reviews?hl=zh-TW
大東夜市,陳美珠,4 則評論,4 個月前,5 顆星,,https://www.google.com/maps/contrib/103350600881189601264/reviews?hl=zh-TW
大東夜市,葉永鑑atos45a@yahoo.com.tw,在地嚮導 · 12 則評論,4 個月前,5 顆星,需要的東西來這找,https://www.google.com/maps/contrib/100073301968036320713/reviews?hl=zh-TW
大東夜市,陳秀芬,"在地嚮導 · 1,344 則評論 · 28,680 張相片",4 個月前,4 顆星,台南有名的夜市 附近有平價停車場,https://www.google.com/maps/contrib/106990554477968322392/reviews?hl=zh-TW
大東夜市,Nianfu Guo,在地嚮導 · 4 則評論 · 2 張相片,4 個月前,4 顆星,,https://www.google.com/maps/contrib/114918725737869107366/reviews?hl=zh-TW
大東夜市,PT H,在地嚮導 · 120 則評論 · 376 張相片,4 個月前,5 顆星,"大東夜市位於台南，是當地極具人氣的夜市之一。這裡擁有豐富的美食選擇，從傳統的小吃到創意料理，無不吸引著食客的目光。經典的鹽酥雞、滷味、炸物、蚵仔煎等小吃，都是必嘗的美味，口感十足、風味獨特。尤其是夜市內的手工冰淇淋和各式飲品，搭配炎熱的天氣，讓人一試成主顧。

此外，大東夜市還有許多遊戲攤位，讓人可以在美食之餘，享受輕鬆的娛樂時光。攤販們熱情的服務，加上現場的熱鬧氣氛，無論是與家人、朋友來遊玩，還是與愛人一起逛夜市，都能感受到濃濃的台南在地特色。

這裡是台南夜生活的縮影，不僅提供美食，還充滿著快樂的氛圍，是遊客和當地居民必訪的好地方。",https://www.google.com/maps/contrib/112439261087518235144/reviews?hl=zh-TW
大東夜市,謝志明,2 則評論,4 個月前,5 顆星,,https://www.google.com/maps/contrib/108610720667176771432/reviews?hl=zh-TW
大東夜市,許崇淵,在地嚮導 · 20 則評論 · 2 張相片,4 個月前,4 顆星,場地大，廁所算乾淨,https://www.google.com/maps/contrib/117273674882669745494/reviews?hl=zh-TW
大東夜市,George Chen,在地嚮導 · 61 則評論 · 371 張相片,4 個月前,3 顆星,,https://www.google.com/maps/contrib/113622156569669925256/reviews?hl=zh-TW
大東夜市,Di-Ying Guo,在地嚮導 · 21 則評論 · 63 張相片,4 個月前,5 顆星,,https://www.google.com/maps/contrib/116534035148163570777/reviews?hl=zh-TW
大東夜市,楊玉蘭,在地嚮導 · 4 則評論,4 個月前,4 顆星,,https://www.google.com/maps/contrib/114625495295397080884/reviews?hl=zh-TW
大東夜市,隼君,在地嚮導 · 40 則評論 · 29 張相片,4 個月前,5 顆星,"營業到1點，但是12點半的時候攤商會慢慢收
總體來說在東區是不錯的夜市",https://www.google.com/maps/contrib/100519739999663935741/reviews?hl=zh-TW
大東夜市,Chien Jacky (士捷),9 則評論 · 3 張相片,4 個月前,3 顆星,東西變貴也沒以前好吃，路口地瓜球推推,https://www.google.com/maps/contrib/105245711963030637289/reviews?hl=zh-TW
大東夜市,蘇靖雯,5 則評論,4 個月前,5 顆星,好逛,https://www.google.com/maps/contrib/113207939395612855331/reviews?hl=zh-TW
大東夜市,碰碰噗噗,在地嚮導 · 26 則評論 · 4 張相片,4 個月前,4 顆星,,https://www.google.com/maps/contrib/111055883615360636800/reviews?hl=zh-TW
大東夜市,慢慢,"在地嚮導 · 386 則評論 · 2,174 張相片",4 個月前,4 顆星,不錯,https://www.google.com/maps/contrib/104819202168400392078/reviews?hl=zh-TW
大東夜市,Zed Kawabunga,在地嚮導 · 930 則評論 · 67 張相片,4 個月前,5 顆星,"不曉得為啥要分成大東夜市跟大東東夜市
攤位十分雷同
女友很喜歡某一攤的雞皮80元，烤的剛剛好，軟硬恰到好處，一開始還不習慣孜然粉，後面吃多了後漸漸能接受
排骨酥有一攤有肉條跟排骨酥，100元小份，老闆問每個人客人要不要買200元🤣 …",https://www.google.com/maps/contrib/106279001745097146856/reviews?hl=zh-TW
大東夜市,Hieu Huynh,在地嚮導 · 9 則評論 · 13 張相片,4 個月前,4 顆星,有很多食物可供選擇，而且品質都很好。推薦五花肉和香腸套餐才100元台幣。排骨藥材湯也非常滋補。度過一個涼爽的下午的好地方。,https://www.google.com/maps/contrib/100376700956366387024/reviews?hl=zh-TW
大東夜市,Jeffery Sy,2 則評論,4 個月前,5 顆星,有趣的商店和各種美味的食物:),https://www.google.com/maps/contrib/103060229013783150035/reviews?hl=zh-TW
大東夜市,鍾建文,3 則評論,4 個月前,5 顆星,,https://www.google.com/maps/contrib/104573962990372327360/reviews?hl=zh-TW
大東夜市,黃子宸,在地嚮導 · 55 則評論 · 3 張相片,4 個月前,5 顆星,,https://www.google.com/maps/contrib/109446639393815242736/reviews?hl=zh-TW
大東夜市,朱Derek,在地嚮導 · 120 則評論 · 837 張相片,5 個月前,4 顆星,,https://www.google.com/maps/contrib/108889005698147222847/reviews?hl=zh-TW
大東夜市,Chung Man Chan,在地嚮導 · 175 則評論 · 704 張相片,5 個月前,4 顆星,不是太大，和大東夜市一個小時可逛食完，沒有海鮮及胡椒餅等比較失望，藥膳養生湯及蒸肉圓不錯，其他一般，價格也不貴。,https://www.google.com/maps/contrib/116589666826448197618/reviews?hl=zh-TW
大東夜市,楊淑如,在地嚮導 · 13 則評論 · 1 張相片,5 個月前,2 顆星,,https://www.google.com/maps/contrib/104115433912698617631/reviews?hl=zh-TW
大東夜市,Linda Cruz,,5 個月前,5 顆星,,https://www.google.com/maps/contrib/102456768832506318803/reviews?hl=zh-TW
大東夜市,唐時隆,在地嚮導,5 個月前,3 顆星,,https://www.google.com/maps/contrib/107448362301841190945/reviews?hl=zh-TW
大東夜市,Tom彬,在地嚮導 · 12 則評論 · 2 張相片,5 個月前,5 顆星,,https://www.google.com/maps/contrib/105551409855580611191/reviews?hl=zh-TW
大東夜市,Lin Morgan,7 則評論 · 6 張相片,5 個月前,5 顆星,,https://www.google.com/maps/contrib/117577254049674802153/reviews?hl=zh-TW
大東夜市,WanLin Lu,6 則評論 · 3 張相片,5 個月前,4 顆星,,https://www.google.com/maps/contrib/106944046158900265932/reviews?hl=zh-TW
大東夜市,張妍庭,在地嚮導 · 33 則評論 · 299 張相片,5 個月前,5 顆星,,https://www.google.com/maps/contrib/113985767947680227092/reviews?hl=zh-TW
大東夜市,손예진,"在地嚮導 · 99 則評論 · 1,009 張相片",5 個月前,5 顆星,夜市的攤位蠻多樣，東西也蠻好吃的，特別是有鹽烤魚🥰🥰真的是新鮮又好吃 …,https://www.google.com/maps/contrib/115873601830302440284/reviews?hl=zh-TW
大東夜市,李清議,1 則評論 · 5 張相片,5 個月前,5 顆星,,https://www.google.com/maps/contrib/102060870482868251001/reviews?hl=zh-TW
大東夜市,曾文鴻,3 則評論,5 個月前,5 顆星,,https://www.google.com/maps/contrib/108869784649296308124/reviews?hl=zh-TW
大東夜市,Daniel Boivin,在地嚮導 · 32 則評論 · 18 張相片,5 個月前,5 顆星,,https://www.google.com/maps/contrib/109644772538625259258/reviews?hl=zh-TW
大東夜市,See U,215 則評論 · 714 張相片,5 個月前,5 顆星,夜市小吃選擇多樣、偶爾人潮會很擁擠、不好停車，建議步行前往,https://www.google.com/maps/contrib/102634792793766007843/reviews?hl=zh-TW
大東夜市,DING JOY,15 則評論 · 2 張相片,5 個月前,5 顆星,東西很多 很好吃,https://www.google.com/maps/contrib/107149287372284428145/reviews?hl=zh-TW
大東夜市,鮭魚,12 則評論 · 4 張相片,5 個月前,5 顆星,和女朋友來逛,https://www.google.com/maps/contrib/113413858567127293079/reviews?hl=zh-TW
大東夜市,許珊,在地嚮導 · 131 則評論 · 353 張相片,5 個月前,3 顆星,,https://www.google.com/maps/contrib/103107004846360326123/reviews?hl=zh-TW
大東夜市,Dason Dai,4 則評論 · 1 張相片,5 個月前,5 顆星,,https://www.google.com/maps/contrib/100686703568051723348/reviews?hl=zh-TW
大東夜市,Tivon Shiu,"在地嚮導 · 133 則評論 · 1,491 張相片",5 個月前,5 顆星,"台南有名人擠人的夜市~~
現在分兩邊，不是那麼好走",https://www.google.com/maps/contrib/113099171188092134415/reviews?hl=zh-TW
大東夜市,菲歐（菲歐）,在地嚮導 · 28 則評論 · 351 張相片,5 個月前,5 顆星,蔥油餅好吃，骰子牛也不錯，彈珠檯打到一半地震🤣 …,https://www.google.com/maps/contrib/104772824785341975735/reviews?hl=zh-TW
大東夜市,F C,在地嚮導 · 33 則評論 · 21 張相片,5 個月前,5 顆星,有很多食品和購物攤位。,https://www.google.com/maps/contrib/116761015015610856358/reviews?hl=zh-TW
大東夜市,阿白,在地嚮導 · 35 則評論 · 115 張相片,5 個月前,5 顆星,"1.李姐鹽烤魚
2.四草蚵仔煎
3.提拉米蘇
4.陳大民麻辣鴨血

結論：美食有兩區，小吃多到得了選擇性障礙。",https://www.google.com/maps/contrib/117060737632994845382/reviews?hl=zh-TW
大東夜市,Derek Chiang,在地嚮導 · 15 則評論 · 184 張相片,5 個月前,5 顆星,,https://www.google.com/maps/contrib/111739923510063906913/reviews?hl=zh-TW
大東夜市,M,在地嚮導 · 22 則評論 · 16 張相片,5 個月前,4 顆星,,https://www.google.com/maps/contrib/109372299745794042597/reviews?hl=zh-TW
大東夜市,陳彥綸,,5 個月前,5 顆星,,https://www.google.com/maps/contrib/104256847758690309853/reviews?hl=zh-TW
大東夜市,York,在地嚮導 · 53 則評論 · 9 張相片,5 個月前,5 顆星,"附近停車格很多蠻方便停車的 建議可以多繞幾次
夜市內推薦有攤煎餃鍋貼小籠包 真的很好吃
還有石板烤肉（位於最深處轉角紅布條）
飲料部分推泰奶！",https://www.google.com/maps/contrib/111022971875158341129/reviews?hl=zh-TW
大東夜市,賴建成,在地嚮導 · 1 則評論 · 83 張相片,5 個月前,5 顆星,,https://www.google.com/maps/contrib/114870324547997195534/reviews?hl=zh-TW
大東夜市,Andre Foo,在地嚮導 · 21 則評論 · 15 張相片,5 個月前,5 顆星,可能是台南最好的夜市了。去了三趟！,https://www.google.com/maps/contrib/118151239907036972149/reviews?hl=zh-TW
大東夜市,Teddy熊,在地嚮導 · 16 則評論 · 18 張相片,5 個月前,5 顆星,,https://www.google.com/maps/contrib/112093291205320022085/reviews?hl=zh-TW
大東夜市,李子彥,6 則評論 · 3 張相片,5 個月前,5 顆星,,https://www.google.com/maps/contrib/108056945718681161729/reviews?hl=zh-TW
大東夜市,吳建興,,5 個月前,3 顆星,,https://www.google.com/maps/contrib/110947883769638051738/reviews?hl=zh-TW
大東夜市,王蕾舒,在地嚮導 · 149 則評論 · 901 張相片,5 個月前,4 顆星,,https://www.google.com/maps/contrib/107800257977289558393/reviews?hl=zh-TW
大東夜市,周侑進,在地嚮導 · 19 則評論 · 6 張相片,5 個月前,5 顆星,,https://www.google.com/maps/contrib/109068772200056842222/reviews?hl=zh-TW
大東夜市,陳琮凯,在地嚮導 · 37 則評論 · 238 張相片,5 個月前,5 顆星,,https://www.google.com/maps/contrib/102256998190681620777/reviews?hl=zh-TW
大東夜市,Rova A,15 則評論 · 3 張相片,5 個月前,4 顆星,食物的多樣性和豐富的活動可供選擇,https://www.google.com/maps/contrib/106326129855891044787/reviews?hl=zh-TW
大東夜市,Shawn Cao,在地嚮導 · 13 則評論 · 2 張相片,5 個月前,3 顆星,,https://www.google.com/maps/contrib/110512782140034783200/reviews?hl=zh-TW
大東夜市,廖小琪,9 則評論 · 6 張相片,5 個月前,5 顆星,,https://www.google.com/maps/contrib/108667996759842687052/reviews?hl=zh-TW
大東夜市,刀疤象,在地嚮導 · 9 則評論 · 39 張相片,5 個月前,5 顆星,,https://www.google.com/maps/contrib/108802256554358668530/reviews?hl=zh-TW
大東夜市,林蓁蓁,在地嚮導 · 13 則評論 · 11 張相片,5 個月前,4 顆星,,https://www.google.com/maps/contrib/112198313686943946486/reviews?hl=zh-TW
大東夜市,旅行小藍,"在地嚮導 · 894 則評論 · 5,609 張相片",5 個月前,3 顆星,攤位不多 有點空虛,https://www.google.com/maps/contrib/115034948474462878978/reviews?hl=zh-TW
大東夜市,ZY H,在地嚮導 · 2 則評論 · 1 張相片,5 個月前,5 顆星,,https://www.google.com/maps/contrib/110200599677124050375/reviews?hl=zh-TW
大東夜市,Julla,在地嚮導 · 462 則評論 · 736 張相片,5 個月前,3 顆星,喜歡以前的大東,https://www.google.com/maps/contrib/113902840310910987207/reviews?hl=zh-TW
大東夜市,葉欽松,在地嚮導,5 個月前,4 顆星,,https://www.google.com/maps/contrib/103735392220204507614/reviews?hl=zh-TW
大東夜市,楊晉松,在地嚮導 · 38 則評論,5 個月前,4 顆星,,https://www.google.com/maps/contrib/114792348236497826510/reviews?hl=zh-TW
大東夜市,任懋瑩,在地嚮導 · 8 則評論,5 個月前,4 顆星,,https://www.google.com/maps/contrib/115477857914786524949/reviews?hl=zh-TW
大東夜市,張俊賢,4 則評論,5 個月前,5 顆星,👍 …,https://www.google.com/maps/contrib/116503358836747206020/reviews?hl=zh-TW
大東夜市,Gary Wong,在地嚮導 · 9 則評論 · 37 張相片,5 個月前,4 顆星,好熱鬧，都幾好行， 都幾多嘢食,https://www.google.com/maps/contrib/110310491966557302181/reviews?hl=zh-TW
大東夜市,wing heen Ng,,5 個月前,4 顆星,,https://www.google.com/maps/contrib/115611094814350315292/reviews?hl=zh-TW
大東夜市,顏憲章,1 則評論,5 個月前,5 顆星,常常去買，美食好吃唷,https://www.google.com/maps/contrib/113186433115381330560/reviews?hl=zh-TW
大東夜市,bo chun chen,在地嚮導 · 23 則評論 · 1 張相片,5 個月前,3 顆星,懷念最初的大東,https://www.google.com/maps/contrib/106779479670489230899/reviews?hl=zh-TW
大東夜市,蔡錦龍,在地嚮導 · 4 則評論 · 56 張相片,5 個月前,5 顆星,,https://www.google.com/maps/contrib/102388851723453141667/reviews?hl=zh-TW
大東夜市,陳乙韶,在地嚮導 · 13 則評論 · 12 張相片,5 個月前,3 顆星,,https://www.google.com/maps/contrib/105463524123504232051/reviews?hl=zh-TW
大東夜市,KuoChin Chiang,在地嚮導 · 165 則評論 · 148 張相片,5 個月前,5 顆星,,https://www.google.com/maps/contrib/116701338645960741166/reviews?hl=zh-TW
大東夜市,陳佳鑫,在地嚮導 · 25 則評論 · 3 張相片,5 個月前,4 顆星,,https://www.google.com/maps/contrib/108908702558334098475/reviews?hl=zh-TW
大東夜市,施竹,在地嚮導 · 287 則評論 · 905 張相片,5 個月前,3 顆星,"甜,真甜,有夠甜
烤肉甜，炸雞甜，飲料點微微.....還是甜
台南的特色美食，發揮到極致
台北的觀光客，努力融合",https://www.google.com/maps/contrib/110318379533060641917/reviews?hl=zh-TW
大東夜市,張凱翔,在地嚮導 · 35 則評論 · 56 張相片,5 個月前,5 顆星,,https://www.google.com/maps/contrib/114856151181228041692/reviews?hl=zh-TW
大東夜市,YaoChen Shih,在地嚮導 · 20 則評論 · 57 張相片,5 個月前,5 顆星,,https://www.google.com/maps/contrib/111607788167586534267/reviews?hl=zh-TW
大東夜市,鄭欽仁,在地嚮導 · 33 則評論 · 3 張相片,5 個月前,3 顆星,和大東夜市分開後，人潮減少了，不方便，兩邊東西容易重複。,https://www.google.com/maps/contrib/113053408575482235537/reviews?hl=zh-TW
大東夜市,楊雅婷,在地嚮導 · 18 則評論 · 26 張相片,5 個月前,5 顆星,,https://www.google.com/maps/contrib/110484326542593954519/reviews?hl=zh-TW
大東夜市,謝豐安,1 則評論 · 1 張相片,5 個月前,5 顆星,,https://www.google.com/maps/contrib/106123469202827766203/reviews?hl=zh-TW
大東夜市,Ly Se,在地嚮導 · 41 則評論 · 23 張相片,5 個月前,5 顆星,讚,https://www.google.com/maps/contrib/111275621872212698058/reviews?hl=zh-TW
大東夜市,liao Maggie,在地嚮導 · 53 則評論 · 22 張相片,5 個月前,4 顆星,,https://www.google.com/maps/contrib/114976533144302727959/reviews?hl=zh-TW
大東夜市,Evita Yan,在地嚮導 · 24 則評論 · 51 張相片,5 個月前,3 顆星,感覺乾淨，攤位雖賣的東西幾乎都相同，但至少不會擁擠，只是某一攤的牛排，肉片薄的不像牛排，口感不佳，想體驗可以吃吃看，但應該不會再有第二次。,https://www.google.com/maps/contrib/101988762499669724873/reviews?hl=zh-TW
大東夜市,Alan Chou,在地嚮導 · 41 則評論 · 1 張相片,5 個月前,4 顆星,拔絲地瓜球 推！脆皮蚵仔煎 推！古早味香腸 推！ 二師兄滷味偏貴 但味道不錯,https://www.google.com/maps/contrib/113091672753707181897/reviews?hl=zh-TW
大東夜市,洪先生,3 則評論 · 1 張相片,5 個月前,4 顆星,還可以……沒有想像的好,https://www.google.com/maps/contrib/117752081134953853373/reviews?hl=zh-TW
大東夜市,Lihi Lavy-Fortgang,在地嚮導 · 115 則評論 · 48 張相片,5 個月前,2 顆星,,https://www.google.com/maps/contrib/104834413962266695422/reviews?hl=zh-TW
大東夜市,范緯君,在地嚮導 · 3 則評論 · 12 張相片,5 個月前,4 顆星,,https://www.google.com/maps/contrib/110870964939082166159/reviews?hl=zh-TW
大東夜市,Wu Vincent (老吳),在地嚮導 · 66 則評論 · 120 張相片,5 個月前,4 顆星,,https://www.google.com/maps/contrib/112907193128344002894/reviews?hl=zh-TW
大東夜市,蔡宜蓁（E.J）,在地嚮導 · 43 則評論 · 44 張相片,5 個月前,5 顆星,好吃～好逛～,https://www.google.com/maps/contrib/101874226432908892034/reviews?hl=zh-TW
大東夜市,Hitomi YANG,"在地嚮導 · 190 則評論 · 2,451 張相片",5 個月前,3 顆星,,https://www.google.com/maps/contrib/112044466298887664619/reviews?hl=zh-TW
大東夜市,Wallace Ho,2 則評論 · 1 張相片,5 個月前,5 顆星,,https://www.google.com/maps/contrib/103507503071344030695/reviews?hl=zh-TW
大東夜市,楊其儒,在地嚮導 · 17 則評論 · 4 張相片,5 個月前,5 顆星,東西物超所值🈵吃的用的都齊全✅ …,https://www.google.com/maps/contrib/103444270593251012187/reviews?hl=zh-TW
大東夜市,Mike Wang,在地嚮導 · 188 則評論 · 453 張相片,5 個月前,3 顆星,,https://www.google.com/maps/contrib/105608610005697977224/reviews?hl=zh-TW
大東夜市,YoungGab Ko,在地嚮導 · 5 則評論 · 8 張相片,5 個月前,4 顆星,,https://www.google.com/maps/contrib/108100977782115500732/reviews?hl=zh-TW
大東夜市,陳冠勳,11 則評論,5 個月前,5 顆星,夜市很大，攤位都有空間距離，不會太擁擠，美食種類變化多，很不錯逛的夜市。,https://www.google.com/maps/contrib/110863040611622163291/reviews?hl=zh-TW
大東夜市,鳥依,在地嚮導 · 30 則評論 · 231 張相片,5 個月前,5 顆星,"美食總是很晚才發現🤣🤣
今天是甜食吃旅！甜的刈包、旗魚串、鍋巴、新加坡麵都很推喔！雞蛋燒的話就建議點甜的口味可能才不會感覺踩到雷🤣 …",https://www.google.com/maps/contrib/103436547832062373589/reviews?hl=zh-TW
大東夜市,Natsha T.,在地嚮導 · 35 則評論 · 35 張相片,5 個月前,3 顆星,"這是一個市場，而不是我們最初想像的步行街夜市。那裡的食物很多，但沒有其他地方那麼吸引人。人們可以在攤位上玩迷你遊戲（爆氣球等）。這裡有公共衛生間。食物的價格並不高。那裡的人既有台灣人，也有外國人。

距離市中心比較遠，不太值得。",https://www.google.com/maps/contrib/116503572659324923580/reviews?hl=zh-TW
大東夜市,賴芊亦,在地嚮導 · 37 則評論 · 5 張相片,5 個月前,5 顆星,"我真的很喜歡逛大東😭
很乾淨 動線明確 但物價上漲…👉🏻👈🏻 …",https://www.google.com/maps/contrib/102470338526135607711/reviews?hl=zh-TW
大東夜市,許仕璋,在地嚮導 · 15 則評論 · 3 張相片,5 個月前,4 顆星,有改變不錯,https://www.google.com/maps/contrib/103157244904104282788/reviews?hl=zh-TW
大東夜市,楊派姬,在地嚮導 · 220 則評論 · 57 張相片,5 個月前,2 顆星,重複性很高，也很無趣的夜市,https://www.google.com/maps/contrib/116371466650145232010/reviews?hl=zh-TW
大東夜市,麥雅亭,4 則評論 · 2 張相片,5 個月前,5 顆星,,https://www.google.com/maps/contrib/116208811438805106537/reviews?hl=zh-TW
大東夜市,Austin Haung,在地嚮導 · 14 則評論 · 45 張相片,5 個月前,3 顆星,,https://www.google.com/maps/contrib/109084040263260376979/reviews?hl=zh-TW
大東夜市,阿媮,在地嚮導 · 32 則評論 · 2 張相片,5 個月前,5 顆星,,https://www.google.com/maps/contrib/117031312186202155756/reviews?hl=zh-TW
大東夜市,lau lau,13 則評論 · 1 張相片,5 個月前,5 顆星,還不錯吃,https://www.google.com/maps/contrib/107192554782511901652/reviews?hl=zh-TW
大東夜市,Jefren L,在地嚮導 · 66 則評論 · 166 張相片,5 個月前,5 顆星,尺寸不錯，有很多選擇,https://www.google.com/maps/contrib/116351137667351776031/reviews?hl=zh-TW
大東夜市,Cookie Lin,10 則評論 · 1 張相片,5 個月前,5 顆星,好吃，只是人潮太多了,https://www.google.com/maps/contrib/100652178840469368450/reviews?hl=zh-TW
大東夜市,林小君（Candy）,在地嚮導 · 61 則評論 · 578 張相片,5 個月前,4 顆星,,https://www.google.com/maps/contrib/101567848878680016794/reviews?hl=zh-TW
大東夜市,Jay Chan,在地嚮導 · 7 則評論 · 31 張相片,5 個月前,4 顆星,,https://www.google.com/maps/contrib/118278741671341995218/reviews?hl=zh-TW
大東夜市,Jen Chiu,在地嚮導 · 28 則評論 · 92 張相片,5 個月前,3 顆星,"大東+大東東=大慶=觀光夜市
比我想像中還要.....",https://www.google.com/maps/contrib/114881058586865075015/reviews?hl=zh-TW
大東夜市,林恆羽,在地嚮導 · 22 則評論 · 10 張相片,5 個月前,2 顆星,把大東夜市分成兩個區塊，完全沒有意義，又看到有人明目張膽的收保護費，感覺更差,https://www.google.com/maps/contrib/118303258001801634563/reviews?hl=zh-TW
大東夜市,許榆榆,在地嚮導 · 13 則評論 · 362 張相片,5 個月前,4 顆星,,https://www.google.com/maps/contrib/115272962090138313260/reviews?hl=zh-TW
大東夜市,泓樂（8級在地嚮導）,"在地嚮導 · 847 則評論 · 5,451 張相片",5 個月前,4 顆星,"停車看天吃飯，早點來還好有搶到最便宜的路邊停車格
也沒多大夜市還切成2半，逛起來有夠不順",https://www.google.com/maps/contrib/111691520010169629236/reviews?hl=zh-TW
大東夜市,Daisuke Nakazawa,"在地嚮導 · 400 則評論 · 2,022 張相片",5 個月前,4 顆星,雖然比花園夜市小一點，但還是可以逛逛的。,https://www.google.com/maps/contrib/113663359133598814805/reviews?hl=zh-TW
大東夜市,李仲民,在地嚮導 · 90 則評論 · 237 張相片,5 個月前,5 顆星,"我只推黃記辣脆腸
老闆人超好
東西超級好吃
適合當宵夜",https://www.google.com/maps/contrib/111889081104409882427/reviews?hl=zh-TW
大東夜市,王瑾幼,在地嚮導 · 55 則評論 · 5 張相片,5 個月前,4 顆星,印度拉茶好喝！,https://www.google.com/maps/contrib/112665350856778710624/reviews?hl=zh-TW
大東夜市,劉米醬,在地嚮導 · 4 則評論 · 22 張相片,5 個月前,5 顆星,,https://www.google.com/maps/contrib/110843159404133558986/reviews?hl=zh-TW
大東夜市,Chirapa Tanya,在地嚮導 · 17 則評論 · 30 張相片,5 個月前,4 顆星,,https://www.google.com/maps/contrib/102533838186209909480/reviews?hl=zh-TW
大東夜市,fu,10 則評論 · 6 張相片,5 個月前,4 顆星,很酷的體驗，味道就。。。很印度,https://www.google.com/maps/contrib/116190768093319940603/reviews?hl=zh-TW
大東夜市,謝依娟,在地嚮導 · 9 則評論 · 15 張相片,5 個月前,5 顆星,,https://www.google.com/maps/contrib/101933163587419876048/reviews?hl=zh-TW
大東夜市,Jheng Da,在地嚮導 · 338 則評論 · 384 張相片,5 個月前,4 顆星,小小的蠻好逛的,https://www.google.com/maps/contrib/109214102031131591310/reviews?hl=zh-TW
大東夜市,顏老大,在地嚮導 · 76 則評論 · 116 張相片,5 個月前,5 顆星,,https://www.google.com/maps/contrib/117385329414624067321/reviews?hl=zh-TW
大東夜市,芋泥波斯頓咖啡烤布蕾不等於,在地嚮導 · 35 則評論 · 8 張相片,5 個月前,4 顆星,,https://www.google.com/maps/contrib/117512288127167116215/reviews?hl=zh-TW
大東夜市,Sam Kang,在地嚮導 · 12 則評論 · 25 張相片,5 個月前,5 顆星,棒子🎉 …,https://www.google.com/maps/contrib/110894389675061150700/reviews?hl=zh-TW
大東夜市,小Q,4 則評論 · 10 張相片,5 個月前,5 顆星,,https://www.google.com/maps/contrib/104814973492865153638/reviews?hl=zh-TW
大東夜市,jennifer k,在地嚮導 · 82 則評論 · 351 張相片,5 個月前,3 顆星,這比預期要少。,https://www.google.com/maps/contrib/103066860098187390930/reviews?hl=zh-TW
大東夜市,陳靖薇,在地嚮導 · 22 則評論 · 3 張相片,5 個月前,5 顆星,還不錯逛,https://www.google.com/maps/contrib/112933311294753928602/reviews?hl=zh-TW
大東夜市,郭政洋,3 則評論 · 1 張相片,5 個月前,5 顆星,,https://www.google.com/maps/contrib/109806680355334248866/reviews?hl=zh-TW
大東夜市,蕭昕宜,在地嚮導 · 22 則評論 · 31 張相片,5 個月前,2 顆星,,https://www.google.com/maps/contrib/103495319395791677484/reviews?hl=zh-TW
大東夜市,raffaella pratesi,"在地嚮導 · 424 則評論 · 1,425 張相片",5 個月前,4 顆星,非常好的市場，食物種類繁多,https://www.google.com/maps/contrib/116593397278346000489/reviews?hl=zh-TW
大東夜市,chrissy yu,在地嚮導 · 28 則評論 · 5 張相片,5 個月前,4 顆星,阿美嬤鮮奶茶跟串博是必買。,https://www.google.com/maps/contrib/114784992900036574313/reviews?hl=zh-TW
大東夜市,Rk_Steel,在地嚮導 · 65 則評論 · 5 張相片,5 個月前,3 顆星,東西沒有到很好吃，吃飽去走走散散步OK,https://www.google.com/maps/contrib/118213759098482130927/reviews?hl=zh-TW
大東夜市,棉花糖,在地嚮導 · 402 則評論 · 512 張相片,5 個月前,3 顆星,還可以,https://www.google.com/maps/contrib/113124765767684379154/reviews?hl=zh-TW
大東夜市,張景舜,在地嚮導 · 22 則評論 · 17 張相片,5 個月前,1 顆星,,https://www.google.com/maps/contrib/111185782456864957944/reviews?hl=zh-TW
大東夜市,ERIC HSIEH,在地嚮導 · 27 則評論 · 1 張相片,5 個月前,3 顆星,拆分後........,https://www.google.com/maps/contrib/111971871095530685182/reviews?hl=zh-TW
大東夜市,劉鮭魚,在地嚮導 · 20 則評論 · 11 張相片,5 個月前,4 顆星,分開後沒比較好逛,https://www.google.com/maps/contrib/117460003997933155741/reviews?hl=zh-TW
大東夜市,A-Hua Huang,在地嚮導 · 20 則評論,5 個月前,5 顆星,,https://www.google.com/maps/contrib/100555687804715353300/reviews?hl=zh-TW
大東夜市,Tingyang,在地嚮導 · 28 則評論 · 7 張相片,6 個月前,4 顆星,那間麻辣燙串串不老實，蔬菜一包一包放在檯面上，我還想說份量滿多的耶很便宜，結果夾了一包之後看到老闆放回原位，從旁邊抓取少量的蔬菜丟入鍋中！ 滷味現在本來就貴 只是對於這種欺騙 佔顧客便宜的行為嗤之以鼻😮‍💨😌 …,https://www.google.com/maps/contrib/112630816291889201010/reviews?hl=zh-TW
大東夜市,wilson chu,在地嚮導 · 172 則評論 · 57 張相片,6 個月前,3 顆星,屬一般的假日農業市集，固定攤位，沒有變化，以熟客為主，外縣市遊客稀少，汽機車位多好停,https://www.google.com/maps/contrib/116707170223947439561/reviews?hl=zh-TW
大東夜市,Yan W,在地嚮導 · 16 則評論 · 7 張相片,6 個月前,5 顆星,,https://www.google.com/maps/contrib/118226144320594977846/reviews?hl=zh-TW
大東夜市,Claire W,在地嚮導 · 110 則評論 · 117 張相片,6 個月前,5 顆星,"分隔的兩個夜市
有點麻煩，找路找半天才發現是兩個夜市，東西一樣好吃沒問題，就是麻煩了點",https://www.google.com/maps/contrib/101843082384474279176/reviews?hl=zh-TW
大東夜市,多芬貝,11 則評論,6 個月前,3 顆星,攤位重複性跟其他地方差不多 唯一有特色的只有鱔魚意麵攤 下次去台南 我會去其他夜市逛,https://www.google.com/maps/contrib/117832974903224273839/reviews?hl=zh-TW
大東夜市,嚴婉香,在地嚮導 · 213 則評論 · 261 張相片,6 個月前,5 顆星,假日農市農産品項多，水果蔬菜大多自種自銷，價格比超市傳統市場親民，花卉花苗提供想種植的人很多選擇，是老少咸宜的好去處,https://www.google.com/maps/contrib/110192089326108295916/reviews?hl=zh-TW
大東夜市,ANN CHEN,在地嚮導 · 4 則評論 · 1 張相片,6 個月前,4 顆星,,https://www.google.com/maps/contrib/105254679681069885972/reviews?hl=zh-TW
大東夜市,Kristen Lee,5 則評論,6 個月前,5 顆星,,https://www.google.com/maps/contrib/114821065648615155092/reviews?hl=zh-TW
大東夜市,陳翎育,在地嚮導 · 54 則評論 · 4 張相片,6 個月前,4 顆星,,https://www.google.com/maps/contrib/113629618916524955326/reviews?hl=zh-TW
大東夜市,YingChun Huang,在地嚮導 · 63 則評論 · 12 張相片,6 個月前,4 顆星,在學生時期就有的煎餃攤：豬肉煎餃、蝦仁煎餃等。飲料攤：檸檬汁、金桔檸檬、百香檸檬、山粉圓等。滷味攤：二師兄等。直到現在美味依舊不變。還有糖葫蘆，可回味小番茄糖葫蘆的傳統滋味。另有橘子糖葫蘆等。糖衣不硬，脆度適中，甜度不死甜。,https://www.google.com/maps/contrib/117243279125905987925/reviews?hl=zh-TW
大東夜市,育書張,在地嚮導 · 16 則評論 · 85 張相片,6 個月前,5 顆星,,https://www.google.com/maps/contrib/100614541700382522674/reviews?hl=zh-TW
大東夜市,林秀玲,在地嚮導 · 32 則評論 · 2 張相片,6 個月前,4 顆星,,https://www.google.com/maps/contrib/111498380606469370405/reviews?hl=zh-TW
大東夜市,宇,4 則評論,6 個月前,4 顆星,,https://www.google.com/maps/contrib/114031969338223609184/reviews?hl=zh-TW
大東夜市,潘雅麗,在地嚮導 · 39 則評論 · 739 張相片,6 個月前,3 顆星,,https://www.google.com/maps/contrib/109165945016199738224/reviews?hl=zh-TW
大東夜市,戴鈞翔,"在地嚮導 · 100 則評論 · 1,111 張相片",6 個月前,5 顆星,,https://www.google.com/maps/contrib/113441422605941626635/reviews?hl=zh-TW
大東夜市,曾祺欽,"在地嚮導 · 31 則評論 · 13,728 張相片",6 個月前,5 顆星,,https://www.google.com/maps/contrib/100752922189457318562/reviews?hl=zh-TW
大東夜市,Brandon Lin,在地嚮導 · 26 則評論 · 3 張相片,6 個月前,5 顆星,,https://www.google.com/maps/contrib/114389614866334054700/reviews?hl=zh-TW
大東夜市,李威廉,在地嚮導 · 6 則評論 · 41 張相片,6 個月前,3 顆星,,https://www.google.com/maps/contrib/115761609713056949286/reviews?hl=zh-TW
大東夜市,Noshi Eden,在地嚮導 · 33 則評論 · 9 張相片,6 個月前,5 顆星,,https://www.google.com/maps/contrib/115371525160537617826/reviews?hl=zh-TW
大東夜市,陳以斯帖,在地嚮導 · 38 則評論 · 1 張相片,6 個月前,5 顆星,東西好實在,https://www.google.com/maps/contrib/109537563490959751359/reviews?hl=zh-TW
大東夜市,陳秋妤,1 則評論,6 個月前,1 顆星,裡面那個阿雞師雞肉串不要買,https://www.google.com/maps/contrib/116213902899692806756/reviews?hl=zh-TW
大東夜市,Google Map,在地嚮導 · 107 則評論 · 19 張相片,6 個月前,5 顆星,台南的夜市都很不錯 價格合理,https://www.google.com/maps/contrib/110322803644735610404/reviews?hl=zh-TW
大東夜市,許十媛,在地嚮導 · 25 則評論 · 8 張相片,6 個月前,5 顆星,,https://www.google.com/maps/contrib/105724735923221270438/reviews?hl=zh-TW
大東夜市,林侑錤,在地嚮導 · 18 則評論 · 32 張相片,6 個月前,5 顆星,讚！,https://www.google.com/maps/contrib/112540689331507445561/reviews?hl=zh-TW
大東夜市,王強,在地嚮導 · 9 則評論 · 13 張相片,6 個月前,2 顆星,,https://www.google.com/maps/contrib/110895700780423931891/reviews?hl=zh-TW
大東夜市,James Bonn,在地嚮導 · 71 則評論 · 55 張相片,6 個月前,4 顆星,有喝又有拿，可以來逛逛,https://www.google.com/maps/contrib/101986725741998100206/reviews?hl=zh-TW
大東夜市,林駿瑜,在地嚮導 · 14 則評論,6 個月前,2 顆星,,https://www.google.com/maps/contrib/105266735727974197965/reviews?hl=zh-TW
大東夜市,茹茹,在地嚮導 · 9 則評論 · 5 張相片,6 個月前,5 顆星,,https://www.google.com/maps/contrib/118307158505443140018/reviews?hl=zh-TW
大東夜市,代羽詹,在地嚮導 · 60 則評論 · 31 張相片,6 個月前,3 顆星,"很大
餐點選擇眾多。",https://www.google.com/maps/contrib/113169785181382705370/reviews?hl=zh-TW
大東夜市,李正統,14 則評論 · 7 張相片,6 個月前,5 顆星,大東夜市雪淇先生優越感十足的帥氣員工 智商有待加強 與隔壁攤女店員非常速配 客人臨時改變主意不買飲料會用不衛生的手抓取冰塊丟向客人腳邊 並波及無辜民眾還非常得意  但念在人身已經失敗想靠做飲料店來賣醜的份上 還是給予五顆星推薦,https://www.google.com/maps/contrib/117611875330369096392/reviews?hl=zh-TW
大東夜市,王宗源,,6 個月前,5 顆星,,https://www.google.com/maps/contrib/100333673366508031988/reviews?hl=zh-TW
大東夜市,呂奕瑱,在地嚮導 · 37 則評論 · 244 張相片,6 個月前,4 顆星,,https://www.google.com/maps/contrib/111821996999710447581/reviews?hl=zh-TW
大東夜市,Ethel,在地嚮導 · 331 則評論 · 16 張相片,6 個月前,4 顆星,,https://www.google.com/maps/contrib/100258907748085996006/reviews?hl=zh-TW
大東夜市,維達Rocco,在地嚮導 · 38 則評論 · 6 張相片,6 個月前,2 顆星,東西少，沒氣氛,https://www.google.com/maps/contrib/100142612881100114269/reviews?hl=zh-TW
大東夜市,張瑞玲,在地嚮導 · 1 則評論 · 1 張相片,6 個月前,4 顆星,,https://www.google.com/maps/contrib/110990565986203323107/reviews?hl=zh-TW
大東夜市,杜柏諺,11 則評論 · 5 張相片,6 個月前,5 顆星,,https://www.google.com/maps/contrib/114363424412806676269/reviews?hl=zh-TW
大東夜市,Hong,8 則評論 · 4 張相片,6 個月前,3 顆星,,https://www.google.com/maps/contrib/101539360335448350397/reviews?hl=zh-TW
大東夜市,趙維民,在地嚮導 · 10 則評論 · 5 張相片,6 個月前,4 顆星,規劃好多了,https://www.google.com/maps/contrib/113018902832683647609/reviews?hl=zh-TW
大東夜市,向瑞隆（百譽）,6 則評論 · 2 張相片,6 個月前,5 顆星,,https://www.google.com/maps/contrib/104031138175732315592/reviews?hl=zh-TW
大東夜市,袁華谷,"在地嚮導 · 742 則評論 · 4,795 張相片",6 個月前,5 顆星,多種便宜又美味的夜市,https://www.google.com/maps/contrib/106020828943422194379/reviews?hl=zh-TW
大東夜市,楊小姐,在地嚮導 · 251 則評論 · 120 張相片,6 個月前,4 顆星,固定買小上海香酥雞，好吃！！,https://www.google.com/maps/contrib/114804155867368767198/reviews?hl=zh-TW
大東夜市,米粒湯Rice soup,在地嚮導 · 70 則評論 · 6 張相片,6 個月前,2 顆星,,https://www.google.com/maps/contrib/107596390346607990436/reviews?hl=zh-TW
大東夜市,陳某,1 則評論,6 個月前,4 顆星,,https://www.google.com/maps/contrib/112795258639040750185/reviews?hl=zh-TW
大東夜市,Michelle Tan,在地嚮導 · 60 則評論 · 281 張相片,6 個月前,5 顆星,好逛。有很多東西吃也有衣服看。有遊樂場玩,https://www.google.com/maps/contrib/112168689845526481311/reviews?hl=zh-TW
大東夜市,shih min syu,6 則評論,6 個月前,5 顆星,平日11點後陸續收攤~算開滿晚的夜市,https://www.google.com/maps/contrib/103249281791630063768/reviews?hl=zh-TW
大東夜市,Yun Chi Hsieh,"在地嚮導 · 136 則評論 · 1,259 張相片",6 個月前,2 顆星,"2024／10／15（二） 20：36～21：06
多年沒來大東
這次是因為換了16 pro
網路訂的手機殼還沒到
想說來夜市買過便宜手機殼擋擋
大東問了3家、大東東也問了3家
最便宜的就是150元
那種透明用沒多久會發黃的軟殼
大東其中一家小攤的老闆說不然去蝦皮上看看
蝦皮也都要120起跳
原本想說好吧 請老闆給我150的
老闆才說現在沒貨 要等到星期五
欸不是老哥 你早說==

後來決定去剛才問過的大東東
有一家店員非常親切！
所以最後回去找那家買
店員怕我摔到手機
直接幫我換好殼✨
非常推薦！！

大東東人潮比大東再多一些
攤販也是 感覺比較好逛！
建議是去大東東！",https://www.google.com/maps/contrib/102761383601611384224/reviews?hl=zh-TW
大東夜市,Wish Hsu,在地嚮導 · 42 則評論 · 50 張相片,6 個月前,4 顆星,"有機車停車場👍

芭樂原汁有厲害👍喝得到新鮮天然的味道，有機會再去一定會回購！ …",https://www.google.com/maps/contrib/108986627352822779896/reviews?hl=zh-TW
大東夜市,王士誠,在地嚮導 · 136 則評論 · 31 張相片,6 個月前,4 顆星,現在分成2個夜市喔！,https://www.google.com/maps/contrib/110683349026760927179/reviews?hl=zh-TW
大東夜市,洪哆哆,在地嚮導 · 163 則評論 · 225 張相片,6 個月前,3 顆星,"大東-大東東......
ㄧ進去就跟著幾個穿著團服ㄉ菸囪一起逛街❌！推著嫩嬰，快速購買完速速回.... （很多夜市都一樣 …",https://www.google.com/maps/contrib/111660698636504677289/reviews?hl=zh-TW
大東夜市,Keith Chan,3 則評論 · 20 張相片,6 個月前,5 顆星,,https://www.google.com/maps/contrib/117687239130421729132/reviews?hl=zh-TW
大東夜市,張瑞立,5 則評論 · 5 張相片,6 個月前,5 顆星,,https://www.google.com/maps/contrib/108246719158938922291/reviews?hl=zh-TW
大東夜市,楊宗潔,在地嚮導 · 196 則評論 · 51 張相片,6 個月前,4 顆星,不錯逛的夜市,https://www.google.com/maps/contrib/116534139246681581526/reviews?hl=zh-TW
大東夜市,太子謝,在地嚮導 · 2 則評論,6 個月前,5 顆星,,https://www.google.com/maps/contrib/104634303023730776255/reviews?hl=zh-TW
大東夜市,Venus H,10 則評論 · 8 張相片,6 個月前,5 顆星,我在台灣去過的最整潔、最有組織的夜市。,https://www.google.com/maps/contrib/103152014198790526617/reviews?hl=zh-TW
大東夜市,黃順意,3 則評論 · 8 張相片,6 個月前,5 顆星,,https://www.google.com/maps/contrib/115558614751857077394/reviews?hl=zh-TW
大東夜市,洪士涵,在地嚮導 · 11 則評論 · 38 張相片,6 個月前,5 顆星,,https://www.google.com/maps/contrib/114087817009106784566/reviews?hl=zh-TW
大東夜市,鄭孟婷,2 則評論 · 9 張相片,6 個月前,5 顆星,,https://www.google.com/maps/contrib/106311148178106456409/reviews?hl=zh-TW
大東夜市,Jenny,179 則評論,6 個月前,3 顆星,"分兩區的動線有點奇葩，

推薦👍🏻 …",https://www.google.com/maps/contrib/116241646094966677347/reviews?hl=zh-TW
大東夜市,甄,在地嚮導 · 23 則評論 · 7 張相片,6 個月前,4 顆星,適合觀光,https://www.google.com/maps/contrib/109033288892391256695/reviews?hl=zh-TW
大東夜市,Kenny Chiu,在地嚮導 · 29 則評論 · 28 張相片,6 個月前,5 顆星,,https://www.google.com/maps/contrib/100011008093744355351/reviews?hl=zh-TW
大東夜市,C,在地嚮導 · 20 則評論 · 8 張相片,6 個月前,5 顆星,,https://www.google.com/maps/contrib/109684747335425790041/reviews?hl=zh-TW
大東夜市,黃宏喬,在地嚮導 · 16 則評論 · 23 張相片,6 個月前,5 顆星,分兩區，有點搞不清楚,https://www.google.com/maps/contrib/104697183125091252097/reviews?hl=zh-TW
大東夜市,羅惠瓊,1 張相片,6 個月前,5 顆星,,https://www.google.com/maps/contrib/111218729863271443475/reviews?hl=zh-TW
大東夜市,Rock Fang,在地嚮導 · 4 則評論 · 3 張相片,6 個月前,5 顆星,,https://www.google.com/maps/contrib/113803236114407698562/reviews?hl=zh-TW
大東夜市,杜宇,在地嚮導 · 13 則評論 · 21 張相片,6 個月前,3 顆星,,https://www.google.com/maps/contrib/100180560042495162393/reviews?hl=zh-TW
大東夜市,J Yu,36 則評論 · 15 張相片,6 個月前,1 顆星,小虎彈珠台真的很不行，年輕店員遊戲規則都不講清楚，我們花了$200換500顆彈珠，玩一玩拿去要兌換禮品，店員說至少要500顆，我們又回頭繼續玩，接著這趟拿去計算時有905顆，結果店員什麼都沒說只給我們一張500顆的集點卷？？我們問說如果要娃娃要幾顆？店員說1000顆，那剛才算的時候只差95顆就1000顆為什麼沒告訴我們，我們沒問是不是就被當盤子，905顆竟然什麼都不說直接只算500顆？？很不老實的店家，不會再去了！,https://www.google.com/maps/contrib/109874504585529832171/reviews?hl=zh-TW
大東夜市,歐蕾蕾,77 則評論,6 個月前,1 顆星,,https://www.google.com/maps/contrib/114621575342871579029/reviews?hl=zh-TW
大東夜市,Hauki Ryo,在地嚮導 · 12 則評論 · 5 張相片,6 個月前,3 顆星,,https://www.google.com/maps/contrib/100615741302279012951/reviews?hl=zh-TW
大東夜市,Joy Su,在地嚮導 · 137 則評論 · 235 張相片,6 個月前,5 顆星,買東西好地方～可惜跟大東東切割，要過去還得先出夜市再進去⋯⋯,https://www.google.com/maps/contrib/105282076925580578131/reviews?hl=zh-TW
大東夜市,hsuan hsu,在地嚮導 · 15 則評論 · 10 張相片,6 個月前,4 顆星,,https://www.google.com/maps/contrib/111689099347803201906/reviews?hl=zh-TW
大東夜市,Pettie “咖哩魚蛋僑” Chang,在地嚮導 · 249 則評論 · 670 張相片,6 個月前,4 顆星,"攤位比花園夜市少，但是東西一樣好吃
今天吃了醬燒雞排，烤魷魚，無骨雞爪，蚵仔煎，醃漬水蜜桃，地瓜球",https://www.google.com/maps/contrib/116295150520009784648/reviews?hl=zh-TW
大東夜市,陳海忠,在地嚮導 · 1 則評論 · 44 張相片,6 個月前,5 顆星,,https://www.google.com/maps/contrib/102140903181498936712/reviews?hl=zh-TW
大東夜市,陳俊廷,"在地嚮導 · 525 則評論 · 2,149 張相片",6 個月前,1 顆星,都不曉得車子要停那裡？,https://www.google.com/maps/contrib/114171472627514223776/reviews?hl=zh-TW
大東夜市,angela cao,14 則評論 · 4 張相片,6 個月前,5 顆星,"好吃的東西很多
遊戲攤位又好玩",https://www.google.com/maps/contrib/106363466914816510675/reviews?hl=zh-TW
大東夜市,蔡曉親,在地嚮導 · 29 則評論 · 101 張相片,6 個月前,5 顆星,,https://www.google.com/maps/contrib/111300421697499493251/reviews?hl=zh-TW
大東夜市,陳毓伶,7 則評論,6 個月前,5 顆星,,https://www.google.com/maps/contrib/109074635169315720128/reviews?hl=zh-TW
大東夜市,Li Lin,在地嚮導 · 189 則評論 · 45 張相片,6 個月前,4 顆星,"分成 大東 跟 大東東，緊鄰隔壁但不能互通，停車可停附近全聯停車場，走路五分鐘，算是方便
［大東東］
推 阿嬤拔絲地瓜&地瓜球(皮脆內Q)、膳品排骨酥（要現吃）、日式章魚燒（外香內軟，我覺得比去日本吃的好吃😋）。 …",https://www.google.com/maps/contrib/107948390590437754834/reviews?hl=zh-TW
大東夜市,Jia-Rei Guo,在地嚮導 · 350 則評論 · 793 張相片,6 個月前,1 顆星,心酸鳥蛋，袋子邊都是乾淨的還沒吃過喔,https://www.google.com/maps/contrib/100083884159310692107/reviews?hl=zh-TW
大東夜市,邱霽,在地嚮導 · 369 則評論 · 53 張相片,6 個月前,3 顆星,,https://www.google.com/maps/contrib/105201872599956697432/reviews?hl=zh-TW
大東夜市,Sharon Chen,"在地嚮導 · 1,059 則評論 · 5,814 張相片",6 個月前,5 顆星,感受到攤商們的用心，餐點都很精緻👍不馬虎，六日不營業做觀光客生意的夜市，果然不同凡響👍 …,https://www.google.com/maps/contrib/110450924334669777386/reviews?hl=zh-TW
大東夜市,luan phan trong,在地嚮導 · 2 則評論 · 10 張相片,6 個月前,5 顆星,,https://www.google.com/maps/contrib/117078455512747515599/reviews?hl=zh-TW
大東夜市,蔡育倫,在地嚮導 · 3 張相片,6 個月前,3 顆星,,https://www.google.com/maps/contrib/108204375356651701390/reviews?hl=zh-TW
大東夜市,Neil Wang,在地嚮導 · 36 則評論 · 4 張相片,6 個月前,5 顆星,,https://www.google.com/maps/contrib/112088775509609719439/reviews?hl=zh-TW
大東夜市,李建瑞,,6 個月前,4 顆星,,https://www.google.com/maps/contrib/102650910523686246105/reviews?hl=zh-TW
大東夜市,李建毅,6 則評論 · 1 張相片,6 個月前,5 顆星,,https://www.google.com/maps/contrib/109090839998086091422/reviews?hl=zh-TW
大東夜市,佛系歹灣郎,在地嚮導 · 129 則評論 · 115 張相片,6 個月前,2 顆星,現在夜市的物價很恐怖,https://www.google.com/maps/contrib/114902862536453152893/reviews?hl=zh-TW
大東夜市,李素娟,在地嚮導 · 12 則評論 · 231 張相片,6 個月前,3 顆星,,https://www.google.com/maps/contrib/104168883391350549437/reviews?hl=zh-TW
大東夜市,宋燕梅,3 則評論 · 1 張相片,6 個月前,4 顆星,,https://www.google.com/maps/contrib/104517539231856124505/reviews?hl=zh-TW
大東夜市,小水蓮,在地嚮導 · 21 則評論 · 22 張相片,6 個月前,5 顆星,第一次來還不錯，好玩也好逛，吃的東西種類跟台北的夜市有差,https://www.google.com/maps/contrib/112644590726564377146/reviews?hl=zh-TW
大東夜市,雷莉,在地嚮導 · 37 則評論 · 43 張相片,6 個月前,5 顆星,,https://www.google.com/maps/contrib/102346381667850244810/reviews?hl=zh-TW
大東夜市,王智鴻,在地嚮導 · 39 則評論,6 個月前,3 顆星,夜市分成兩邊、不是很好逛、攤販賣的東西、重複性也太高。,https://www.google.com/maps/contrib/101587160953101000443/reviews?hl=zh-TW
大東夜市,YA三隻小熊吃喝玩樂,"在地嚮導 · 246 則評論 · 1,146 張相片",6 個月前,5 顆星,吃喝玩樂都有很方便,https://www.google.com/maps/contrib/100346124977907369861/reviews?hl=zh-TW
大東夜市,Hugh Yang,在地嚮導 · 60 則評論 · 16 張相片,6 個月前,5 顆星,人潮多，所以看起來就比較有趣😂 …,https://www.google.com/maps/contrib/115683032930952385191/reviews?hl=zh-TW
大東夜市,Arnaud Sanchez,在地嚮導 · 280 則評論 · 478 張相片,6 個月前,4 顆星,很好，尤其是在其他市場關閉的情況下,https://www.google.com/maps/contrib/109619227635533059052/reviews?hl=zh-TW
大東夜市,Rike Yulia,1 則評論 · 13 張相片,6 個月前,5 顆星,,https://www.google.com/maps/contrib/106754514943139592651/reviews?hl=zh-TW
大東夜市,Yari Vaerewijck,在地嚮導 · 34 則評論 · 64 張相片,6 個月前,4 顆星,有趣的夜市有很多不同的食物選擇。乘坐巴士很容易到達。,https://www.google.com/maps/contrib/107355319724809980670/reviews?hl=zh-TW
大東夜市,黃小蘭,在地嚮導 · 21 則評論 · 34 張相片,6 個月前,5 顆星,很熱鬧的夜市！尤其這家的老闆非常有禮貌愛開玩笑！超推這家烤黑輪超讚,https://www.google.com/maps/contrib/113552581174269682045/reviews?hl=zh-TW
大東夜市,阿寶Google,在地嚮導 · 30 則評論 · 9 張相片,6 個月前,4 顆星,,https://www.google.com/maps/contrib/106870260317558342508/reviews?hl=zh-TW
大東夜市,Jovi La Corte,"在地嚮導 · 192 則評論 · 2,418 張相片",6 個月前,4 顆星,對於沒有自己車輛的人來說，這裡不是最方便的，但週一、週二和週五仍然是值得參觀的夜市。以其種類繁多的街頭小吃而聞名，從傳統的台灣小吃到獨特的當地菜餚。脆皮炸雞、臭豆腐、烤海鮮、清爽珍珠奶茶的攤位吸引了大批人潮。 …,https://www.google.com/maps/contrib/100075976709614580882/reviews?hl=zh-TW
大東夜市,黃煜凱,在地嚮導 · 32 則評論 · 97 張相片,6 個月前,5 顆星,,https://www.google.com/maps/contrib/118055029945433757602/reviews?hl=zh-TW
大東夜市,你你立,在地嚮導 · 71 則評論 · 5 張相片,6 個月前,4 顆星,大東夜市以前常來，觀光客變多，價錢變高後就比較少來了，分割成,https://www.google.com/maps/contrib/111343597780827525893/reviews?hl=zh-TW
大東夜市,Masakazu Ono,"在地嚮導 · 376 則評論 · 1,400 張相片",6 個月前,5 顆星,,https://www.google.com/maps/contrib/106262050982721177659/reviews?hl=zh-TW
大東夜市,琳恩,在地嚮導 · 167 則評論 · 4 張相片,6 個月前,1 顆星,豆乳雞很難吃 但不告訴你門哪家 ☺️,https://www.google.com/maps/contrib/106018257921614662018/reviews?hl=zh-TW
大東夜市,Lin Gigi,在地嚮導 · 39 則評論 · 5 張相片,6 個月前,5 顆星,,https://www.google.com/maps/contrib/107987867779036328363/reviews?hl=zh-TW
大東夜市,莊荔茗,233 則評論 · 115 張相片,6 個月前,5 顆星,,https://www.google.com/maps/contrib/105257069181381074599/reviews?hl=zh-TW
大東夜市,Mu Ni Lynn,在地嚮導 · 71 則評論 · 219 張相片,6 個月前,5 顆星,"新疆烤肉串攤位裡的每個烤串都好好吃啦～
今天吃了特別的鴕鳥串、鹿肉串、還有很多基本的串串(⁎⁍̴̛ᴗ⁍̴̛⁎)
重點是闆闆處理的讚讚欸～乾淨衛生（附圖內有菜單喲📝） …",https://www.google.com/maps/contrib/106282177216913811905/reviews?hl=zh-TW
大東夜市,旗木卡卡西,在地嚮導 · 65 則評論 · 15 張相片,6 個月前,5 顆星,,https://www.google.com/maps/contrib/108560311510586510305/reviews?hl=zh-TW
大東夜市,茹,在地嚮導 · 101 則評論 · 281 張相片,6 個月前,2 顆星,叻沙麵不行,https://www.google.com/maps/contrib/107895479600578960758/reviews?hl=zh-TW
大東夜市,Chi Liu,在地嚮導 · 207 則評論 · 735 張相片,6 個月前,5 顆星,好吃好逛，夜市還是要台南的才最棒！！,https://www.google.com/maps/contrib/105853107702364088232/reviews?hl=zh-TW
大東夜市,羽,在地嚮導 · 76 則評論 · 45 張相片,6 個月前,1 顆星,"對不起 其他都很讚
但大東夜市入口的豆乳雞真的很難吃 請勿踩雷 …",https://www.google.com/maps/contrib/106141588095179138874/reviews?hl=zh-TW
大東夜市,法比（法比）,4 則評論 · 3 張相片,6 個月前,5 顆星,,https://www.google.com/maps/contrib/101449904130103341122/reviews?hl=zh-TW
大東夜市,さと,在地嚮導 · 46 則評論 · 35 張相片,6 個月前,4 顆星,,https://www.google.com/maps/contrib/111976660249489471717/reviews?hl=zh-TW
大東夜市,Pancake Yang,在地嚮導 · 137 則評論 · 631 張相片,6 個月前,4 顆星,ㄧ陣子沒去逛了，分成大東及大東東，兩邊有各自的出入口，逛起來有點不方便，附近也不好停車,https://www.google.com/maps/contrib/106654830109762647150/reviews?hl=zh-TW
大東夜市,GW PENG,在地嚮導 · 231 則評論 · 87 張相片,6 個月前,5 顆星,星期一的好選擇,https://www.google.com/maps/contrib/117866712108419198709/reviews?hl=zh-TW
大東夜市,林小滿,3 則評論,6 個月前,5 顆星,今天10/1無風無雨的颱風天有開嗎,https://www.google.com/maps/contrib/100981820079063305162/reviews?hl=zh-TW
大東夜市,紫迷,"在地嚮導 · 1,369 則評論 · 8,096 張相片",6 個月前,5 顆星,分成兩個夜市 都好逛很多美食,https://www.google.com/maps/contrib/113843130466630081638/reviews?hl=zh-TW
大東夜市,夏偉晨,在地嚮導 · 15 則評論 · 198 張相片,6 個月前,5 顆星,,https://www.google.com/maps/contrib/108264700380055369718/reviews?hl=zh-TW
大東夜市,Silentever Ss,在地嚮導 · 138 則評論 · 15 張相片,6 個月前,3 顆星,,https://www.google.com/maps/contrib/102798839928027583583/reviews?hl=zh-TW
大東夜市,王靖諭,在地嚮導 · 17 則評論 · 3 張相片,6 個月前,5 顆星,總類超多  各式各樣都有,https://www.google.com/maps/contrib/114423742418268854534/reviews?hl=zh-TW
大東夜市,Orlanne Pastel,1 則評論,6 個月前,5 顆星,,https://www.google.com/maps/contrib/113678374954255204254/reviews?hl=zh-TW
大東夜市,黃健瑋,10 則評論 · 3 張相片,6 個月前,5 顆星,西瓜汁 吳家排骨酥 麻辣魚帶 每次行程必備超愛,https://www.google.com/maps/contrib/104728325586016173747/reviews?hl=zh-TW
大東夜市,阿信,2 則評論 · 1 張相片,6 個月前,4 顆星,吃的太多，商品買賣太少,https://www.google.com/maps/contrib/116170384077927593751/reviews?hl=zh-TW
大東夜市,宋岱穎,8 則評論 · 5 張相片,6 個月前,5 顆星,,https://www.google.com/maps/contrib/111551253581927864233/reviews?hl=zh-TW
大東夜市,高玉珠,在地嚮導 · 2 則評論 · 15 張相片,6 個月前,3 顆星,,https://www.google.com/maps/contrib/110038655669001535897/reviews?hl=zh-TW
大東夜市,田志豪,"在地嚮導 · 928 則評論 · 2,142 張相片",6 個月前,2 顆星,原本好好的一個點心城.偏偏要拆成兩個.動線不佳.賣的東西重疊性太高.不好停車.....台灣人的本性吧....見不得別人好！,https://www.google.com/maps/contrib/113464952311502378136/reviews?hl=zh-TW
大東夜市,月月,在地嚮導 · 323 則評論 · 121 張相片,7 個月前,3 顆星,,https://www.google.com/maps/contrib/107597139455812134326/reviews?hl=zh-TW
大東夜市,Lee A-ching,在地嚮導 · 505 則評論 · 330 張相片,7 個月前,5 顆星,,https://www.google.com/maps/contrib/112308445658459812789/reviews?hl=zh-TW
大東夜市,Cathy chen,6 則評論,7 個月前,5 顆星,,https://www.google.com/maps/contrib/114220730122923085080/reviews?hl=zh-TW
大東夜市,Jeanmarc Paul,在地嚮導 · 250 則評論 · 954 張相片,7 個月前,5 顆星,非常適合吃，僅限週五晚上,https://www.google.com/maps/contrib/103593667802294610477/reviews?hl=zh-TW
大東夜市,Mos蚊お姉ちゃん,9 則評論 · 10 張相片,7 個月前,5 顆星,,https://www.google.com/maps/contrib/106464002486920098218/reviews?hl=zh-TW
大東夜市,謝宗佑,在地嚮導 · 51 則評論 · 43 張相片,7 個月前,3 顆星,大東跟大東東分家，逛起來就是不太順,https://www.google.com/maps/contrib/115677777718353615228/reviews?hl=zh-TW
大東夜市,#振聖,在地嚮導 · 124 則評論 · 47 張相片,7 個月前,5 顆星,,https://www.google.com/maps/contrib/113087242634197190864/reviews?hl=zh-TW
大東夜市,Jun-yi Hong,15 則評論 · 9 張相片,7 個月前,5 顆星,,https://www.google.com/maps/contrib/102538959740705127872/reviews?hl=zh-TW
大東夜市,小小白,2 則評論 · 2 張相片,7 個月前,5 顆星,,https://www.google.com/maps/contrib/101666925749978099199/reviews?hl=zh-TW
大東夜市,周冠勳,在地嚮導 · 108 則評論 · 117 張相片,7 個月前,4 顆星,原來薪水可以用兌換卷抵 🤣🤣🤣🤣 …,https://www.google.com/maps/contrib/117844310076572742580/reviews?hl=zh-TW
大東夜市,林宜庭,在地嚮導 · 24 則評論 · 5 張相片,7 個月前,5 顆星,,https://www.google.com/maps/contrib/113136654899670813557/reviews?hl=zh-TW
大東夜市,minnie hung,"在地嚮導 · 90 則評論 · 2,545 張相片",7 個月前,3 顆星,,https://www.google.com/maps/contrib/116788265853180841767/reviews?hl=zh-TW
大東夜市,姜珮苓,9 則評論 · 1 張相片,7 個月前,3 顆星,不知同一塊地為何要分成二個夜市，停車不是很方便，攤位種類不多,https://www.google.com/maps/contrib/103825979791024186622/reviews?hl=zh-TW
大東夜市,吳峻廷,5 則評論 · 4 張相片,7 個月前,5 顆星,很棒,https://www.google.com/maps/contrib/110211457202542196505/reviews?hl=zh-TW
大東夜市,Nathan Hoang,在地嚮導 · 23 則評論 · 17 張相片,7 個月前,5 顆星,很棒的夜市，有美味的食物,https://www.google.com/maps/contrib/101905975134878407968/reviews?hl=zh-TW
大東夜市,張琬婷,在地嚮導 · 91 則評論 · 5 張相片,7 個月前,5 顆星,,https://www.google.com/maps/contrib/109885841786621475316/reviews?hl=zh-TW
大東夜市,楊書賢,在地嚮導 · 16 則評論,7 個月前,5 顆星,,https://www.google.com/maps/contrib/108706855751225244201/reviews?hl=zh-TW
大東夜市,xin,2 則評論,7 個月前,5 顆星,,https://www.google.com/maps/contrib/104913585087939015797/reviews?hl=zh-TW
大東夜市,吳名氏,8 則評論,7 個月前,5 顆星,,https://www.google.com/maps/contrib/104889783220812583711/reviews?hl=zh-TW
大東夜市,Travelfood_Larsi George,8 則評論,7 個月前,5 顆星,想像沐浴在溫暖燈光下的熙熙攘攘的夜市。到處都瀰漫著新鮮食物的誘人香味、色彩繽紛的攤位和輕鬆的氛圍。完美的天氣讓這個夜晚變得神奇——人們歡聲笑語，享受當地美食，背景音樂營造出一種特殊的氛圍。這個地方將美食與獨特的必看體驗融為一體。,https://www.google.com/maps/contrib/108059887643157909221/reviews?hl=zh-TW
大東夜市,Balance LU,在地嚮導 · 57 則評論,7 個月前,1 顆星,招牌魚蛋加鴨血一碗70，收我80元，我問為什麼？他說你魚蛋是跟我旁邊的人買的，幹，你們在同一家招牌下營業，你就煮鴨血隔壁就煮魚蛋，我怎麼知道你們不是同一家。,https://www.google.com/maps/contrib/106028433259406354493/reviews?hl=zh-TW
大東夜市,黃紫晴,在地嚮導 · 5 則評論,7 個月前,5 顆星,,https://www.google.com/maps/contrib/101562215293035225478/reviews?hl=zh-TW
大東夜市,zzkokoi,6 則評論 · 6 張相片,7 個月前,5 顆星,,https://www.google.com/maps/contrib/117961306064300893310/reviews?hl=zh-TW
大東夜市,牛奶,在地嚮導 · 20 則評論 · 67 張相片,7 個月前,4 顆星,"大東夜市，變成大東東夜市！？
逛起來還可以，只是變成兩個夜市後，
要過去另一邊才發現，擋住了！
要走出去再從新進去😅 …",https://www.google.com/maps/contrib/103259036239888769809/reviews?hl=zh-TW
大東夜市,張家羚,14 則評論 · 2 張相片,7 個月前,5 顆星,,https://www.google.com/maps/contrib/104571012703600736719/reviews?hl=zh-TW
大東夜市,鄭東榮,"在地嚮導 · 13 則評論 · 1,493 張相片",7 個月前,4 顆星,,https://www.google.com/maps/contrib/110802976659548159856/reviews?hl=zh-TW
大東夜市,YuChen Hsu,在地嚮導 · 19 則評論 · 78 張相片,7 個月前,3 顆星,拆開後...已經不復從前,https://www.google.com/maps/contrib/110149742568898531885/reviews?hl=zh-TW
大東夜市,Chen Ryan,9 則評論,7 個月前,5 顆星,,https://www.google.com/maps/contrib/111383249357685087550/reviews?hl=zh-TW
大東夜市,彭祺云,在地嚮導 · 21 則評論 · 11 張相片,7 個月前,1 顆星,,https://www.google.com/maps/contrib/117692837135945628232/reviews?hl=zh-TW
大東夜市,七哥,在地嚮導 · 62 則評論 · 24 張相片,7 個月前,3 顆星,改名叫大東東就沒什麼好逛的了 武聖夜市屌打,https://www.google.com/maps/contrib/114692379753667963662/reviews?hl=zh-TW
大東夜市,王正益（王超人）,在地嚮導 · 16 則評論 · 14 張相片,7 個月前,4 顆星,覺得還可以但東西有點小貴,https://www.google.com/maps/contrib/109721039560556977966/reviews?hl=zh-TW
大東夜市,今乘五,在地嚮導 · 25 則評論 · 121 張相片,7 個月前,4 顆星,,https://www.google.com/maps/contrib/112467326752903594746/reviews?hl=zh-TW
大東夜市,chun cheng,在地嚮導 · 21 則評論 · 35 張相片,7 個月前,5 顆星,,https://www.google.com/maps/contrib/115769119619590616903/reviews?hl=zh-TW
大東夜市,陳裕翔,8 則評論 · 3 張相片,7 個月前,5 顆星,,https://www.google.com/maps/contrib/101304730320488885900/reviews?hl=zh-TW
大東夜市,Pifong Tsai,在地嚮導 · 17 則評論 · 132 張相片,7 個月前,5 顆星,,https://www.google.com/maps/contrib/109832386032666710097/reviews?hl=zh-TW
大東夜市,李明澔Ricky,在地嚮導 · 75 則評論 · 90 張相片,7 個月前,5 顆星,,https://www.google.com/maps/contrib/112814324962227530125/reviews?hl=zh-TW
大東夜市,黃建元,在地嚮導 · 27 則評論 · 19 張相片,7 個月前,5 顆星,,https://www.google.com/maps/contrib/109553248870419190958/reviews?hl=zh-TW
大東夜市,Swealen Dai,在地嚮導 · 432 則評論 · 891 張相片,7 個月前,4 顆星,還算好逛唷,https://www.google.com/maps/contrib/112849914040785086356/reviews?hl=zh-TW
大東夜市,韓介安,"在地嚮導 · 5 則評論 · 5,351 張相片",7 個月前,4 顆星,,https://www.google.com/maps/contrib/109471698635311734446/reviews?hl=zh-TW
大東夜市,Paul Yang,在地嚮導 · 32 則評論 · 152 張相片,7 個月前,5 顆星,,https://www.google.com/maps/contrib/106062220409567402132/reviews?hl=zh-TW
大東夜市,許孝華,在地嚮導 · 102 則評論 · 1 張相片,7 個月前,4 顆星,,https://www.google.com/maps/contrib/115062797446857402722/reviews?hl=zh-TW
大東夜市,誠誠,8 則評論 · 2 張相片,7 個月前,5 顆星,,https://www.google.com/maps/contrib/109157532232600027942/reviews?hl=zh-TW
大東夜市,黃金美,在地嚮導 · 7 則評論 · 20 張相片,7 個月前,3 顆星,"原本大東夜市好好一個很熱鬧
現在卻一分為二中間圍著沒辦法通過另一側的通道，變得非常不方便，可惜了原有的夜市格局😮‍💨 …",https://www.google.com/maps/contrib/102221807216224065941/reviews?hl=zh-TW
大東夜市,bin ya ya,在地嚮導 · 258 則評論 · 389 張相片,7 個月前,4 顆星,還ok,https://www.google.com/maps/contrib/105592964631072007256/reviews?hl=zh-TW
大東夜市,韓飛揚（韓飛揚）,在地嚮導 · 554 則評論 · 133 張相片,7 個月前,4 顆星,不錯逛,https://www.google.com/maps/contrib/100284791440462303634/reviews?hl=zh-TW
大東夜市,三郎,在地嚮導 · 29 則評論,7 個月前,3 顆星,裡面的東西大概都是七八十分的品質,https://www.google.com/maps/contrib/116048944094512289743/reviews?hl=zh-TW
大東夜市,劉佳佳漢唐交趾陶劉佳玲團隊（CHI）,"在地嚮導 · 1,154 則評論 · 25,618 張相片",7 個月前,4 顆星,每次都會想回訪的夜市。。。,https://www.google.com/maps/contrib/112139481199821831058/reviews?hl=zh-TW
大東夜市,e04,4 則評論 · 1 張相片,7 個月前,5 顆星,,https://www.google.com/maps/contrib/110187937980981669082/reviews?hl=zh-TW
大東夜市,shin madao,"在地嚮導 · 417 則評論 · 1,858 張相片",7 個月前,5 顆星,下雨天非常好逛,https://www.google.com/maps/contrib/112909125606608827956/reviews?hl=zh-TW
大東夜市,歐俊旺,在地嚮導 · 50 則評論 · 177 張相片,7 個月前,3 顆星,可逛的動線還可以東西重複性不高蠻多元的只是點了一份蚵仔煎內用店家沒告知大概要等多久時間錢收了後足足等了30分鐘才吃到有夠久的害我都沒心情再逛下去了這點有需要改進,https://www.google.com/maps/contrib/101731206348942518601/reviews?hl=zh-TW
大東夜市,堂糖,在地嚮導 · 20 則評論,7 個月前,5 顆星,美食眾多,https://www.google.com/maps/contrib/110186858540659780101/reviews?hl=zh-TW
大東夜市,蔡定珊,11 則評論,7 個月前,1 顆星,"動線不ok
攤位不及斗六的三分之一
第一次造訪大失所望",https://www.google.com/maps/contrib/112346786583705073949/reviews?hl=zh-TW
大東夜市,林晁境,12 則評論,7 個月前,3 顆星,蠻多種類的，有不會太大,https://www.google.com/maps/contrib/104849771551182997492/reviews?hl=zh-TW
大東夜市,林佩瑩,在地嚮導 · 27 則評論 · 35 張相片,7 個月前,4 顆星,感覺人潮變少了🤔🤔🤔 …,https://www.google.com/maps/contrib/102367926981454444215/reviews?hl=zh-TW
大東夜市,Jacky Twu,在地嚮導 · 536 則評論 · 22 張相片,7 個月前,4 顆星,小吃很多樣化,https://www.google.com/maps/contrib/104166876380406163714/reviews?hl=zh-TW
大東夜市,Li Sophia,在地嚮導 · 107 則評論 · 70 張相片,7 個月前,5 顆星,棒棒，夜市就是棒,https://www.google.com/maps/contrib/117263587963120633337/reviews?hl=zh-TW
大東夜市,Kahn ariel,在地嚮導 · 21 則評論,7 個月前,5 顆星,我喜歡乾淨的夜市。,https://www.google.com/maps/contrib/108026405687023312734/reviews?hl=zh-TW
大東夜市,廖亭宇,在地嚮導 · 21 則評論 · 18 張相片,7 個月前,3 顆星,,https://www.google.com/maps/contrib/111675141249902852592/reviews?hl=zh-TW
大東夜市,許惇博,在地嚮導 · 119 則評論 · 26 張相片,7 個月前,4 顆星,整體還行,https://www.google.com/maps/contrib/110555527743041126986/reviews?hl=zh-TW
大東夜市,武將,184 則評論,7 個月前,3 顆星,還好 沒有想像中好逛  英國不會再光顧！,https://www.google.com/maps/contrib/106534831741026413489/reviews?hl=zh-TW
大東夜市,陳天明,在地嚮導 · 7 則評論 · 33 張相片,7 個月前,5 顆星,,https://www.google.com/maps/contrib/109838095640152696660/reviews?hl=zh-TW
大東夜市,Gi Ki,在地嚮導 · 8 則評論 · 1 張相片,7 個月前,1 顆星,超難停車,https://www.google.com/maps/contrib/100287539135679560715/reviews?hl=zh-TW
大東夜市,慕蓉嫣,5 則評論 · 7 張相片,7 個月前,5 顆星,,https://www.google.com/maps/contrib/108052346996732780631/reviews?hl=zh-TW
大東夜市,CY Kuo,在地嚮導 · 307 則評論 · 764 張相片,7 個月前,5 顆星,台南有名夜市,https://www.google.com/maps/contrib/107073411649735580285/reviews?hl=zh-TW
大東夜市,Jason Chou,在地嚮導 · 148 則評論 · 101 張相片,7 個月前,4 顆星,,https://www.google.com/maps/contrib/112662211732702362494/reviews?hl=zh-TW
大東夜市,陳小問,在地嚮導 · 111 則評論 · 25 張相片,7 個月前,5 顆星,很好逛！有得吃又有得玩！旁邊還有停車場好讚讚讚,https://www.google.com/maps/contrib/102145308843871763922/reviews?hl=zh-TW
大東夜市,yun Wu,在地嚮導 · 185 則評論 · 122 張相片,7 個月前,5 顆星,"唯一停車不方便有點扣分
但是夜市很多東西 很好逛
東西也不雷 推推",https://www.google.com/maps/contrib/116401680025135917295/reviews?hl=zh-TW
大東夜市,瑜.,在地嚮導 · 33 則評論 · 13 張相片,7 個月前,5 顆星,大東東夜市東西比較多！,https://www.google.com/maps/contrib/114610330512175054079/reviews?hl=zh-TW
大東夜市,陳Sky,3 則評論 · 5 張相片,7 個月前,4 顆星,,https://www.google.com/maps/contrib/115488166795702915343/reviews?hl=zh-TW
大東夜市,Cici,在地嚮導 · 167 則評論 · 217 張相片,7 個月前,1 顆星,沒有多少停車位可停，攤販變少,https://www.google.com/maps/contrib/104262307674023166178/reviews?hl=zh-TW
大東夜市,林志鴻,在地嚮導 · 4 則評論,7 個月前,4 顆星,,https://www.google.com/maps/contrib/104369493559805680126/reviews?hl=zh-TW
大東夜市,Sunuy,在地嚮導 · 45 則評論 · 84 張相片,7 個月前,3 顆星,,https://www.google.com/maps/contrib/100614907759044853883/reviews?hl=zh-TW
大東夜市,宋珏筠,8 則評論,7 個月前,5 顆星,,https://www.google.com/maps/contrib/110986337134029965116/reviews?hl=zh-TW
大東夜市,Roger Wei,在地嚮導 · 12 則評論 · 637 張相片,7 個月前,5 顆星,,https://www.google.com/maps/contrib/117588375772739942815/reviews?hl=zh-TW
大東夜市,林圳宏,在地嚮導 · 193 則評論 · 67 張相片,7 個月前,5 顆星,,https://www.google.com/maps/contrib/108351889896534490637/reviews?hl=zh-TW
大東夜市,Kuanyin Lien,在地嚮導 · 156 則評論 · 261 張相片,7 個月前,5 顆星,"大東夜市吵架變成大東夜市跟大東東夜市了😢兩邊變成各自獨立的夜市，雖然緊鄰但卻無法相通，對客人而言其實頗不方便，希望大家可以趕快和好不要吵架，不然也有損客源😢

大東夜市比大東東夜市小了不少，同質性高但還是有些許不同，比方說大東夜市有45元但超大隻的熱狗！這在台北真的完全看不到！！（買一隻來吃吃完就覺得好飽好好笑） …",https://www.google.com/maps/contrib/111627708235262574943/reviews?hl=zh-TW
大東夜市,Lu Huse,在地嚮導 · 254 則評論 · 675 張相片,7 個月前,4 顆星,很大，東西很多，各式各樣的小吃都有,https://www.google.com/maps/contrib/114412099806128292660/reviews?hl=zh-TW
大東夜市,蕭Chen,9 則評論,7 個月前,5 顆星,,https://www.google.com/maps/contrib/110964391234768024561/reviews?hl=zh-TW
大東夜市,Yu jun Kao,6 則評論 · 6 張相片,7 個月前,5 顆星,,https://www.google.com/maps/contrib/107787283513089512678/reviews?hl=zh-TW
大東夜市,risa pan (リサ),在地嚮導 · 53 則評論 · 181 張相片,7 個月前,5 顆星,有大東夜市還有大東東夜市,https://www.google.com/maps/contrib/107320892313317869680/reviews?hl=zh-TW
大東夜市,sfchong张师福,在地嚮導 · 1 則評論 · 98 張相片,7 個月前,3 顆星,,https://www.google.com/maps/contrib/100818154763057042267/reviews?hl=zh-TW
大東夜市,林糖糖,8 則評論 · 20 張相片,7 個月前,5 顆星,"每次來台南都會來逛大東夜市😊
好吃的東西真的很多！ …",https://www.google.com/maps/contrib/107642397519924050866/reviews?hl=zh-TW
大東夜市,Claudio & F,在地嚮導 · 265 則評論 · 768 張相片,7 個月前,5 顆星,一流的街頭美食市集；攤位上擠滿了年輕人，準備著各種口味的食物；水果、魚、肉、貽貝等等。營業至晚上。待推薦,https://www.google.com/maps/contrib/104906603000724860251/reviews?hl=zh-TW
大東夜市,Senny Ch,在地嚮導 · 16 則評論 · 38 張相片,7 個月前,5 顆星,,https://www.google.com/maps/contrib/110437302491018408503/reviews?hl=zh-TW
大東夜市,w d,在地嚮導 · 23 則評論 · 6 張相片,7 個月前,5 顆星,,https://www.google.com/maps/contrib/117950927287392539702/reviews?hl=zh-TW
大東夜市,K lD,55 則評論 · 6 張相片,7 個月前,4 顆星,分裂後的攤販沒那麼密集，還是很多選擇性，不過像蔥油餅這類的 看到煎好多起來放…說會好吃我不信….,https://www.google.com/maps/contrib/102470201924745555204/reviews?hl=zh-TW
大東夜市,LKK林,在地嚮導 · 62 則評論 · 73 張相片,7 個月前,5 顆星,,https://www.google.com/maps/contrib/107198132861048276505/reviews?hl=zh-TW
大東夜市,jack kao,在地嚮導 · 4 則評論 · 16 張相片,7 個月前,4 顆星,,https://www.google.com/maps/contrib/103024178532445764041/reviews?hl=zh-TW
大東夜市,Cha Mat,在地嚮導 · 29 則評論 · 2 張相片,7 個月前,4 顆星,"禮拜五晚上來的 分成兩個區塊
重複的店家蠻多的 人很多相當擁擠
買了很多吃的 但沒什麼讓我印象比較深刻的食物",https://www.google.com/maps/contrib/108881708815999366354/reviews?hl=zh-TW
大東夜市,林志煌,在地嚮導 · 630 則評論 · 572 張相片,7 個月前,3 顆星,盛況不再．美食也少了很多很多,https://www.google.com/maps/contrib/102604907113583456048/reviews?hl=zh-TW
大東夜市,風吹抖2鳥,在地嚮導 · 50 則評論 · 160 張相片,7 個月前,2 顆星,大東夜市曾經是學生時代的陳年回憶，如如今商人唯利是圖，一分為二，動線奇差無比，好的攤販留不住，唯利的攤販四處林立，少了人情味，缺了實惠，千篇一律的賺錢套利模式，早已不再是平民美食。,https://www.google.com/maps/contrib/100820330159588703177/reviews?hl=zh-TW
大東夜市,張櫻馨,3 則評論,7 個月前,1 顆星,二邊的夜市沒相通不好逛，害得擺攤者生意難做，客人也很難適應,https://www.google.com/maps/contrib/110326751325230121466/reviews?hl=zh-TW
大東夜市,周周,4 則評論 · 2 張相片,7 個月前,4 顆星,,https://www.google.com/maps/contrib/113874122391567837034/reviews?hl=zh-TW
大東夜市,陳靖成,在地嚮導 · 115 則評論 · 104 張相片,7 個月前,5 顆星,每每從新北中和開車到台南大東夜市，都是為了買二師兄滷味😋二師兄滷味真的很好吃👍👍👍東洲黑蛋奶也是首選🧋🧋🧋 …,https://www.google.com/maps/contrib/107151816277133716709/reviews?hl=zh-TW
大東夜市,許育玲,在地嚮導 · 8 則評論,7 個月前,4 顆星,,https://www.google.com/maps/contrib/112493058790808580474/reviews?hl=zh-TW
大東夜市,林浩瑋,在地嚮導 · 72 則評論 · 20 張相片,7 個月前,4 顆星,,https://www.google.com/maps/contrib/118228010007248544966/reviews?hl=zh-TW
大東夜市,TY L,在地嚮導 · 21 則評論 · 9 張相片,7 個月前,4 顆星,"整體是體驗算不錯
攤販種類多 旁有機車停車場 …",https://www.google.com/maps/contrib/105100779003639374749/reviews?hl=zh-TW
大東夜市,陳庭輝,1 則評論,7 個月前,4 顆星,,https://www.google.com/maps/contrib/103977955439996632931/reviews?hl=zh-TW
大東夜市,emiliyah liyah,,7 個月前,4 顆星,,https://www.google.com/maps/contrib/111701940551315891748/reviews?hl=zh-TW
大東夜市,陳永狀,2 則評論,7 個月前,5 顆星,,https://www.google.com/maps/contrib/107451555953723763099/reviews?hl=zh-TW
大東夜市,Jamie “Serena” Wei,在地嚮導 · 23 則評論 · 64 張相片,7 個月前,5 顆星,很棒的食物選擇和遊戲！喜歡夜市的分佈。停下來時沒有妨礙人們的壓力（不像台北的許多夜市）。,https://www.google.com/maps/contrib/103886828189034309479/reviews?hl=zh-TW
大東夜市,Lung Kiwi Francis,在地嚮導 · 61 張相片,7 個月前,5 顆星,,https://www.google.com/maps/contrib/104177057849369286529/reviews?hl=zh-TW
大東夜市,黃小姐,在地嚮導 · 58 則評論,7 個月前,3 顆星,"星期一的傍晚五點多搭公車到了大東夜市，去的太早，很多攤位才剛在準備。於是在周圍閒晃等待直到快六點才真的進去逛。有些攤位準備好了，有些攤位還在準備。

先吃了臭豆腐，豆腐內部及醬汁味道還不錯！唯一敗筆就是外面炸得太過頭，較酥較硬！牙口不好的人不好咬。再吃了烤玉米及一杯西瓜汁肚子就有些飽了。 …",https://www.google.com/maps/contrib/104232781953767788265/reviews?hl=zh-TW
大東夜市,皮卡啾,在地嚮導 · 32 則評論 · 12 張相片,7 個月前,5 顆星,,https://www.google.com/maps/contrib/117201055069620063295/reviews?hl=zh-TW
大東夜市,Hulu Wu,14 則評論 · 2 張相片,7 個月前,1 顆星,,https://www.google.com/maps/contrib/101589037349467218320/reviews?hl=zh-TW
大東夜市,政亮官,在地嚮導 · 12 則評論 · 4 張相片,7 個月前,5 顆星,,https://www.google.com/maps/contrib/111117344651813568186/reviews?hl=zh-TW
大東夜市,何朋駿,11 則評論 · 3 張相片,7 個月前,5 顆星,好逛,https://www.google.com/maps/contrib/110263058567335586096/reviews?hl=zh-TW
大東夜市,SANDRO TSAI,16 則評論 · 11 張相片,7 個月前,5 顆星,,https://www.google.com/maps/contrib/100221675432875255549/reviews?hl=zh-TW
大東夜市,林茂生,6 則評論,7 個月前,5 顆星,,https://www.google.com/maps/contrib/111211103321405825443/reviews?hl=zh-TW
大東夜市,李鎮維,1 則評論 · 1 張相片,7 個月前,5 顆星,,https://www.google.com/maps/contrib/111061270031206903197/reviews?hl=zh-TW
大東夜市,楊鈺慈,"在地嚮導 · 448 則評論 · 2,310 張相片",7 個月前,5 顆星,"大東
大東東
兩邊夜市並沒有連通在一起 …",https://www.google.com/maps/contrib/109544101017546357861/reviews?hl=zh-TW
大東夜市,三家十八大,在地嚮導 · 39 則評論 · 33 張相片,7 個月前,5 顆星,大東東大東是兩個不同的夜市，緊鄰在一起，我更喜歡大東東的攤販，缺點就是有點臭？？,https://www.google.com/maps/contrib/100207139147253646925/reviews?hl=zh-TW
大東夜市,鄭吉峯,在地嚮導 · 2 則評論,7 個月前,5 顆星,,https://www.google.com/maps/contrib/116926223512308731992/reviews?hl=zh-TW
大東夜市,梓翊（[野うさぎ]）,在地嚮導 · 72 則評論 · 395 張相片,7 個月前,3 顆星,"沒有過去的大東好逛
大東跟大東東中間沒有連通
逛完一邊要在走到外面在走到另一邊",https://www.google.com/maps/contrib/104012309396588435003/reviews?hl=zh-TW
大東夜市,吳海哥,在地嚮導 · 236 則評論 · 51 張相片,7 個月前,3 顆星,"烤魚好吃！轉角有一間蔥油餅不錯！

非常不推的只有一攤蒟蒻水果球，店名忘記，沒有標價，一杯小小要100元！不如買水果汁或果凍一大包",https://www.google.com/maps/contrib/103033570847986696733/reviews?hl=zh-TW
大東夜市,黃聖文,,7 個月前,5 顆星,,https://www.google.com/maps/contrib/105927950484509203904/reviews?hl=zh-TW
大東夜市,糯米,在地嚮導 · 154 則評論 · 13 張相片,7 個月前,1 顆星,,https://www.google.com/maps/contrib/116468965762026874978/reviews?hl=zh-TW
大東夜市,E.C Chen,"在地嚮導 · 233 則評論 · 1,844 張相片",7 個月前,4 顆星,區分為兩邊 但也分散了人潮 讓空間不用這麼擁擠 慢慢逛 慢慢吃點東西 還是很不錯的! 比起擁擠的花園夜市 來這邊也可以蠻舒服的逛逛~ 還是有些攤位不錯吃 也一定能吃飽👍 …,https://www.google.com/maps/contrib/110382332559857158889/reviews?hl=zh-TW
大東夜市,Uul Astaula,在地嚮導 · 9 則評論 · 14 張相片,7 個月前,5 顆星,,https://www.google.com/maps/contrib/115375249557053949703/reviews?hl=zh-TW
大東夜市,邵麗舟,4 則評論 · 2 張相片,7 個月前,5 顆星,,https://www.google.com/maps/contrib/111722683153714134543/reviews?hl=zh-TW
大東夜市,wels tsao,在地嚮導 · 112 則評論 · 292 張相片,7 個月前,4 顆星,,https://www.google.com/maps/contrib/116493173226440084431/reviews?hl=zh-TW
大東夜市,Gary Wang,在地嚮導 · 25 則評論 · 194 張相片,7 個月前,4 顆星,,https://www.google.com/maps/contrib/103871899196143383385/reviews?hl=zh-TW
大東夜市,tiger two,1 則評論 · 5 張相片,7 個月前,4 顆星,"＃大東夜市好吃＃清蒸肉圓！三代同堂～我點了四個套餐肉圓配四神湯。只見小弟很熟練的在幫忙爸爸！坐下吃的時候，慶幸有先找座位, 排隊疊超長，沒多久就全上完餐！等不及咬下去！燙！要小心！肉圓外皮q彈的感覺，真的有被驚艷到！口感很像水晶餃！中間的肉吃起來很扎實！外皮跟肉的分配剛剛好～肉香份量也不少！大人小孩都適合的食物！美味耶～！",https://www.google.com/maps/contrib/108749380655203305411/reviews?hl=zh-TW
大東夜市,俊芃,在地嚮導 · 148 則評論 · 109 張相片,8 個月前,5 顆星,想要娃娃 一律推 夜市麻將🀄️賓果 …,https://www.google.com/maps/contrib/112006498930504289442/reviews?hl=zh-TW
大東夜市,Hauk Hou,在地嚮導 · 19 則評論 · 4 張相片,8 個月前,5 顆星,,https://www.google.com/maps/contrib/108794935702517834227/reviews?hl=zh-TW
大東夜市,Yisu Chen,"在地嚮導 · 1,635 則評論 · 7,848 張相片",8 個月前,5 顆星,推薦夜市裡的［日本章魚燒］，章魚非常大塊好吃，價格也不貴，喜歡軟糊糊日式口感的人可以點！［路口的小上海香酥雞］是聾啞人士開的，要點什麼可以用比的，他們的炸得薯條很好吃，香酥雞也是很酥脆，肉給的很多。最後是日本甜點「那瑪卡西なまかし」，有點類似銅鑼燒或是什麼燒的麵糊，搭配上各式各樣的內餡，爺爺的眉毛很好認！我覺得蠻好吃的，展示台裡面可能會有烤好的，但通常拿到手都還很燙，吃的時候要小心，推薦紅豆跟起司，特殊口味會現做，起司超級厚，超推。 …,https://www.google.com/maps/contrib/105919290273723105901/reviews?hl=zh-TW
大東夜市,欸加加,在地嚮導 · 35 則評論 · 11 張相片,8 個月前,1 顆星,"昨天去大東夜市買「爸沙」拉茶
店員在看影片很開心，直到我們過去
臉就拉下來了……怎麼了！？好像我們去買不應該一樣…..我們買了一杯奶茶，店員臉一副不怎麼開心點臉說 第二杯10元有需要嗎 …",https://www.google.com/maps/contrib/113614376826707384863/reviews?hl=zh-TW
大東夜市,黃泓傑,在地嚮導 · 55 則評論,8 個月前,4 顆星,二師兄滷味好吃,https://www.google.com/maps/contrib/101652021749467901583/reviews?hl=zh-TW
大東夜市,Yingchia Su,在地嚮導 · 28 則評論 · 423 張相片,8 個月前,5 顆星,,https://www.google.com/maps/contrib/117268629223956190690/reviews?hl=zh-TW
大東夜市,美食公道伯,在地嚮導 · 136 則評論,8 個月前,1 顆星,觀光夜市又貴又不好吃,https://www.google.com/maps/contrib/105125075350278816329/reviews?hl=zh-TW
大東夜市,紫萱,在地嚮導 · 48 則評論 · 62 張相片,8 個月前,5 顆星,,https://www.google.com/maps/contrib/106065723518516882042/reviews?hl=zh-TW
大東夜市,周孟謙,在地嚮導 · 8 則評論,8 個月前,5 顆星,,https://www.google.com/maps/contrib/107823842717843115381/reviews?hl=zh-TW
大東夜市,Kuo-Sheng Chang,在地嚮導 · 98 則評論 · 571 張相片,8 個月前,4 顆星,,https://www.google.com/maps/contrib/100823197173948916973/reviews?hl=zh-TW
大東夜市,張文鐸,在地嚮導 · 9 則評論 · 31 張相片,8 個月前,5 顆星,,https://www.google.com/maps/contrib/100627268300813202372/reviews?hl=zh-TW
大東夜市,Ji Li,,8 個月前,4 顆星,,https://www.google.com/maps/contrib/108047582476763928286/reviews?hl=zh-TW
大東夜市,FFC,在地嚮導 · 422 則評論 · 719 張相片,8 個月前,5 顆星,,https://www.google.com/maps/contrib/104821523978616924357/reviews?hl=zh-TW
大東夜市,陳泠樺,在地嚮導 · 112 則評論 · 182 張相片,8 個月前,3 顆星,"還不錯，店家很多。
不過圖片中的這家煎餃超級難吃。。。難得老闆看起來很熱情親切的說。",https://www.google.com/maps/contrib/110561274859410816353/reviews?hl=zh-TW
大東夜市,tai amanda,1 則評論,8 個月前,5 顆星,,https://www.google.com/maps/contrib/112446433668973460348/reviews?hl=zh-TW
大東夜市,躲起來,7 則評論,8 個月前,2 顆星,,https://www.google.com/maps/contrib/101433986234733980680/reviews?hl=zh-TW
大東夜市,閒閒,在地嚮導 · 21 則評論 · 38 張相片,8 個月前,5 顆星,騎腳踏車來晃晃,https://www.google.com/maps/contrib/104238452362019513424/reviews?hl=zh-TW
大東夜市,echo lin,在地嚮導 · 55 則評論 · 659 張相片,8 個月前,4 顆星,路比較寬，但是個人感覺沒有花園好逛。停車很困難,https://www.google.com/maps/contrib/116767366744429499670/reviews?hl=zh-TW
大東夜市,黃滋涵,在地嚮導 · 11 則評論 · 21 張相片,8 個月前,5 顆星,,https://www.google.com/maps/contrib/113096228017595828646/reviews?hl=zh-TW
大東夜市,S.C Wu,在地嚮導 · 101 則評論 · 189 張相片,8 個月前,3 顆星,人潮洶湧的夜市。,https://www.google.com/maps/contrib/116806996615322214726/reviews?hl=zh-TW
大東夜市,うえの“安くて美味しいものを食レポ&キャンプ関係”,在地嚮導 · 170 則評論 · 310 張相片,8 個月前,4 顆星,我碰巧認識了一位來自台南的YouTuber。我喜歡後面入口附近的瓜球。我吃了一份牛排，但夜市牛排的標準尺寸似乎很小。,https://www.google.com/maps/contrib/117784806771584638991/reviews?hl=zh-TW
大東夜市,Nelson Chen,在地嚮導 · 28 則評論,8 個月前,4 顆星,最近人潮較少,https://www.google.com/maps/contrib/108969873854190194139/reviews?hl=zh-TW
大東夜市,SIMONE F,在地嚮導 · 55 則評論 · 148 張相片,8 個月前,4 顆星,CP值高,https://www.google.com/maps/contrib/106441320407375639678/reviews?hl=zh-TW
大東夜市,黃志成,在地嚮導 · 55 則評論,8 個月前,3 顆星,空間過於密集反而失去了“逛”的感覺.,https://www.google.com/maps/contrib/112586985652165576785/reviews?hl=zh-TW
大東夜市,蔡蔡炳南,在地嚮導 · 26 則評論 · 4 張相片,8 個月前,4 顆星,,https://www.google.com/maps/contrib/108094332526379499156/reviews?hl=zh-TW
大東夜市,Eling Hong,在地嚮導 · 38 則評論 · 20 張相片,8 個月前,5 顆星,,https://www.google.com/maps/contrib/112354501754124914326/reviews?hl=zh-TW
大東夜市,Hsu Joseph,9 則評論,8 個月前,1 顆星,逐漸墾丁化…,https://www.google.com/maps/contrib/106996385644722317624/reviews?hl=zh-TW
大東夜市,仙女只說實話,在地嚮導 · 217 則評論 · 282 張相片,8 個月前,3 顆星,,https://www.google.com/maps/contrib/112232951484727014835/reviews?hl=zh-TW
大東夜市,鄭修辰,4 則評論,8 個月前,4 顆星,,https://www.google.com/maps/contrib/108844150887951185313/reviews?hl=zh-TW
大東夜市,Kenji,2 則評論 · 2 張相片,8 個月前,5 顆星,,https://www.google.com/maps/contrib/110638655473061401006/reviews?hl=zh-TW
大東夜市,Yi Bin Lin,3 則評論 · 2 張相片,8 個月前,4 顆星,東西很多，但價格都偏貴，中間不相通，很是不方便逛,https://www.google.com/maps/contrib/107653647978886993969/reviews?hl=zh-TW
大東夜市,ZIH RONG TSENG,在地嚮導 · 13 則評論 · 19 張相片,8 個月前,1 顆星,變很難吃,https://www.google.com/maps/contrib/116780520877211556106/reviews?hl=zh-TW
大東夜市,陳罐頭,在地嚮導 · 19 則評論 · 3 張相片,8 個月前,3 顆星,"停車位一位難求是困擾
改成兩邊也很怪",https://www.google.com/maps/contrib/114625037060415455862/reviews?hl=zh-TW
大東夜市,S華,在地嚮導 · 12 則評論 · 60 張相片,8 個月前,4 顆星,,https://www.google.com/maps/contrib/116489932246102615486/reviews?hl=zh-TW
大東夜市,許庭瑜,在地嚮導 · 25 則評論 · 17 張相片,8 個月前,5 顆星,,https://www.google.com/maps/contrib/117815393359540340459/reviews?hl=zh-TW
大東夜市,wu shang,2 則評論 · 3 張相片,8 個月前,5 顆星,,https://www.google.com/maps/contrib/101105570165380728731/reviews?hl=zh-TW
大東夜市,t Marco,2 則評論 · 2 張相片,8 個月前,5 顆星,,https://www.google.com/maps/contrib/100099495438020432169/reviews?hl=zh-TW
大東夜市,Alice,5 則評論 · 9 張相片,8 個月前,1 顆星,特地搭小黄過來！然後沒有開(ﾉꐦ ๑´Д`๑)ﾉ彡┻━┻,https://www.google.com/maps/contrib/115799493479387192907/reviews?hl=zh-TW
大東夜市,A1YI,在地嚮導 · 69 則評論 · 123 張相片,8 個月前,4 顆星,,https://www.google.com/maps/contrib/103529318482070119395/reviews?hl=zh-TW
大東夜市,許瑞伶,1 則評論,8 個月前,2 顆星,第一次來這 但到了才發現沒開,https://www.google.com/maps/contrib/107962598187161776995/reviews?hl=zh-TW
大東夜市,陳昱帆,4 則評論 · 1 張相片,8 個月前,3 顆星,今天沒開,https://www.google.com/maps/contrib/104480853793292892094/reviews?hl=zh-TW
大東夜市,陳涵紜,在地嚮導 · 5 則評論 · 31 張相片,8 個月前,5 顆星,東西好吃，也好逛,https://www.google.com/maps/contrib/102988758200211254254/reviews?hl=zh-TW
大東夜市,Kiuむらさき,在地嚮導 · 51 則評論 · 957 張相片,8 個月前,4 顆星,,https://www.google.com/maps/contrib/117158746842106131172/reviews?hl=zh-TW
大東夜市,王建智,2 則評論 · 3 張相片,8 個月前,3 顆星,,https://www.google.com/maps/contrib/110561701930266364451/reviews?hl=zh-TW
大東夜市,原,在地嚮導 · 15 則評論 · 7 張相片,8 個月前,5 顆星,,https://www.google.com/maps/contrib/117865225721061885943/reviews?hl=zh-TW
大東夜市,RYAN,在地嚮導 · 7 則評論 · 7 張相片,8 個月前,5 顆星,,https://www.google.com/maps/contrib/106169033143578442575/reviews?hl=zh-TW
大東夜市,Rickey Momo,在地嚮導 · 113 則評論 · 206 張相片,8 個月前,5 顆星,停車不方便,https://www.google.com/maps/contrib/107081312919507793042/reviews?hl=zh-TW
大東夜市,小賢陳,在地嚮導 · 13 則評論 · 8 張相片,8 個月前,4 顆星,,https://www.google.com/maps/contrib/100659161555365167656/reviews?hl=zh-TW
大東夜市,雀兒,6 則評論,8 個月前,5 顆星,,https://www.google.com/maps/contrib/118326901554227153511/reviews?hl=zh-TW
大東夜市,婷婷,在地嚮導 · 41 則評論 · 56 張相片,8 個月前,5 顆星,跟花園夜市比。我還是覺得這裡比較好吃👍🏼 …,https://www.google.com/maps/contrib/112885681922604521009/reviews?hl=zh-TW
大東夜市,莊魚,9 則評論,8 個月前,5 顆星,越來越多美食；很讚耶,https://www.google.com/maps/contrib/108536709087200517832/reviews?hl=zh-TW
大東夜市,林澤康,在地嚮導 · 22 則評論 · 1 張相片,8 個月前,3 顆星,,https://www.google.com/maps/contrib/116727574491886405593/reviews?hl=zh-TW
大東夜市,陳家偉,在地嚮導 · 249 張相片,8 個月前,5 顆星,,https://www.google.com/maps/contrib/105813850095782682021/reviews?hl=zh-TW
大東夜市,陳建男,在地嚮導 · 9 則評論 · 71 張相片,8 個月前,4 顆星,,https://www.google.com/maps/contrib/101403933927189161371/reviews?hl=zh-TW
大東夜市,黃品涵,5 則評論 · 1 張相片,8 個月前,5 顆星,,https://www.google.com/maps/contrib/101547692632644944149/reviews?hl=zh-TW
大東夜市,Uta,1 則評論 · 1 張相片,8 個月前,5 顆星,,https://www.google.com/maps/contrib/117174725432611117875/reviews?hl=zh-TW
大東夜市,大寶::,在地嚮導 · 17 則評論 · 4 張相片,8 個月前,5 顆星,很大的夜市 建議避開假日 假日人很比較多 逛起來體驗就沒那麼好 東西種類多 好吃,https://www.google.com/maps/contrib/101129813009364799376/reviews?hl=zh-TW
大東夜市,A Ton,在地嚮導 · 19 則評論 · 7 張相片,8 個月前,5 顆星,美食天堂,https://www.google.com/maps/contrib/104589926669382671231/reviews?hl=zh-TW
大東夜市,蔡爸爸,在地嚮導 · 6 則評論 · 11 張相片,8 個月前,5 顆星,台灣的夜市文化享譽國際，而大東夜市則是高雄最著名的夜市之一。位於鳳山區的大東夜市，從下午5點開始營業，一直持續到凌晨，吸引了大批當地人和遊客前來品嘗美食。這裡的美食種類繁多，讓人眼花繚亂，以下是對大東夜市一些特色美食的誠意評論。 …,https://www.google.com/maps/contrib/112304896355516894375/reviews?hl=zh-TW
大東夜市,黃77,在地嚮導 · 84 則評論 · 52 張相片,8 個月前,5 顆星,我愛大東,https://www.google.com/maps/contrib/100960323445485079893/reviews?hl=zh-TW
大東夜市,蕭淑文,4 則評論,8 個月前,5 顆星,,https://www.google.com/maps/contrib/107496655445898615430/reviews?hl=zh-TW
大東夜市,游子儀,5 則評論 · 3 張相片,8 個月前,5 顆星,攤位很多，東西也很好吃,https://www.google.com/maps/contrib/103698127581035862416/reviews?hl=zh-TW
大東夜市,Ice Cream (冰淇淋),在地嚮導 · 38 則評論 · 25 張相片,8 個月前,1 顆星,遊戲區的部分爛透了🙂‍↕️ …,https://www.google.com/maps/contrib/116378195006658803491/reviews?hl=zh-TW
大東夜市,Chen HU (Chen),在地嚮導 · 54 則評論 · 16 張相片,8 個月前,3 顆星,,https://www.google.com/maps/contrib/106955544834303787465/reviews?hl=zh-TW
大東夜市,Yo You,在地嚮導 · 84 則評論 · 266 張相片,8 個月前,5 顆星,,https://www.google.com/maps/contrib/105806980665854776037/reviews?hl=zh-TW
大東夜市,劉冠霆,3 則評論,8 個月前,5 顆星,,https://www.google.com/maps/contrib/101943820081943277361/reviews?hl=zh-TW
大東夜市,shiau_shi lin,在地嚮導 · 45 則評論 · 13 張相片,8 個月前,5 顆星,"中小型夜市
旁邊還有個大東東夜市 …",https://www.google.com/maps/contrib/114410273148154073275/reviews?hl=zh-TW
大東夜市,나나,在地嚮導 · 133 則評論 · 602 張相片,8 個月前,5 顆星,有很多東西可以看，有很多東西可以吃，還有很多人可以耕種。,https://www.google.com/maps/contrib/113648116153861116027/reviews?hl=zh-TW
大東夜市,瑞.,10 則評論 · 2 張相片,8 個月前,5 顆星,,https://www.google.com/maps/contrib/115252567369196326911/reviews?hl=zh-TW
大東夜市,Tam Tan,,8 個月前,5 顆星,,https://www.google.com/maps/contrib/100880161668927146761/reviews?hl=zh-TW
大東夜市,周杰倫,在地嚮導 · 47 則評論 · 189 張相片,8 個月前,5 顆星,大腸包小腸 臭豆腐 雞蛋糕 還有帥哥美女大學生 還有泰式奶茶 跟傳說中的巧克力大腸包小腸 超好吃😋 …,https://www.google.com/maps/contrib/103986635398522289419/reviews?hl=zh-TW
大東夜市,吳自強,在地嚮導 · 30 則評論 · 527 張相片,8 個月前,5 顆星,,https://www.google.com/maps/contrib/107838589812558010473/reviews?hl=zh-TW
大東夜市,黃鐙鋒,"在地嚮導 · 470 則評論 · 6,540 張相片",8 個月前,5 顆星,,https://www.google.com/maps/contrib/109947074912132786170/reviews?hl=zh-TW
大東夜市,莊小棋,在地嚮導 · 193 則評論 · 106 張相片,8 個月前,5 顆星,,https://www.google.com/maps/contrib/115844672031199892256/reviews?hl=zh-TW
大東夜市,k045104,,8 個月前,1 顆星,,https://www.google.com/maps/contrib/104295048537433390513/reviews?hl=zh-TW
大東夜市,yishong chen,在地嚮導 · 21 則評論 · 6 張相片,8 個月前,5 顆星,,https://www.google.com/maps/contrib/107815609854158060359/reviews?hl=zh-TW
大東夜市,安安你好,在地嚮導 · 34 則評論 · 17 張相片,8 個月前,3 顆星,狀元糕很好吃喔👍 …,https://www.google.com/maps/contrib/111900233926589905137/reviews?hl=zh-TW
大東夜市,中園善子,在地嚮導 · 23 則評論 · 18 張相片,8 個月前,5 顆星,台南是一個與台北不同的夜市。,https://www.google.com/maps/contrib/111786526747441060848/reviews?hl=zh-TW
大東夜市,王威盛,在地嚮導 · 42 則評論 · 4 張相片,8 個月前,4 顆星,停車位真的少,https://www.google.com/maps/contrib/102845979477982947832/reviews?hl=zh-TW
大東夜市,沈志哲,,8 個月前,5 顆星,,https://www.google.com/maps/contrib/112188616319779621862/reviews?hl=zh-TW
大東夜市,陳小真（しゅうぴんしん）,在地嚮導 · 31 則評論 · 42 張相片,8 個月前,4 顆星,,https://www.google.com/maps/contrib/115440011692335050862/reviews?hl=zh-TW
大東夜市,Saki蒼,8 則評論,8 個月前,5 顆星,,https://www.google.com/maps/contrib/100839870517246540816/reviews?hl=zh-TW
大東夜市,金兌雨,在地嚮導 · 69 則評論 · 209 張相片,8 個月前,5 顆星,"有很多商店。
突然下起了很大的雨，所以我走了很多路。
我沒辦法，就回到飯店了。",https://www.google.com/maps/contrib/114559880197069470853/reviews?hl=zh-TW
大東夜市,Renee Pan,在地嚮導 · 62 則評論 · 581 張相片,8 個月前,5 顆星,第一次來光大東夜市，居然有鹽烤魚，也太好吃啦，還有很多好吃好玩，孩子們開心逛夜市,https://www.google.com/maps/contrib/112424485300729412314/reviews?hl=zh-TW
大東夜市,謝小鴻,在地嚮導 · 42 則評論 · 30 張相片,8 個月前,5 顆星,"到假日人蠻多的，裡面不錯逛，開車停車比較麻煩一點
現在變成大東跟大大東夜市
逛起來動線沒有以前順暢了！",https://www.google.com/maps/contrib/114044068734396174343/reviews?hl=zh-TW
大東夜市,Ernie Ma,在地嚮導 · 22 則評論 · 11 張相片,8 個月前,2 顆星,重覆性太高，了無新意,https://www.google.com/maps/contrib/107030782958875028862/reviews?hl=zh-TW
大東夜市,Jamie Lee,在地嚮導 · 34 則評論 · 5 張相片,8 個月前,5 顆星,就不用提了。絕對好！,https://www.google.com/maps/contrib/110623027843400957170/reviews?hl=zh-TW
大東夜市,謝美華,12 則評論,8 個月前,2 顆星,攤販太少，重覆率高，有些攤販動作很慢,https://www.google.com/maps/contrib/118255110455165633149/reviews?hl=zh-TW
大東夜市,wen jim,在地嚮導 · 17 則評論 · 27 張相片,8 個月前,1 顆星,東西很貴，很像一般觀光夜市，完全沒有台南的味道，也沒有特色，不如去附近店面吃CP值還比較高，甚至會有很奇怪的攤商，買他的炒麵外帶還不准客人改內用，會趕客人離開座位 …,https://www.google.com/maps/contrib/114054428094501936587/reviews?hl=zh-TW
大東夜市,蠟筆小新嚮導,在地嚮導 · 110 則評論 · 24 張相片,8 個月前,4 顆星,,https://www.google.com/maps/contrib/114142260717113859476/reviews?hl=zh-TW
大東夜市,Andsen Huang,在地嚮導 · 329 則評論 · 417 張相片,8 個月前,5 顆星,,https://www.google.com/maps/contrib/107100109185716345055/reviews?hl=zh-TW
大東夜市,孫雅芬,2 則評論,8 個月前,4 顆星,夜市不錯，就是停車問題,https://www.google.com/maps/contrib/108002322403583393908/reviews?hl=zh-TW
大東夜市,zore,在地嚮導 · 4 則評論 · 5 張相片,8 個月前,5 顆星,,https://www.google.com/maps/contrib/106567931518421744202/reviews?hl=zh-TW
大東夜市,起司,在地嚮導 · 50 則評論 · 550 張相片,8 個月前,4 顆星,美食和人潮很多，大多都挺好吃，但廁所有點髒。,https://www.google.com/maps/contrib/114352809184266330835/reviews?hl=zh-TW
大東夜市,Nini,4 則評論 · 4 張相片,8 個月前,5 顆星,,https://www.google.com/maps/contrib/117644304785034255139/reviews?hl=zh-TW
大東夜市,CSY,在地嚮導 · 20 則評論 · 32 張相片,8 個月前,4 顆星,,https://www.google.com/maps/contrib/105853254973006526293/reviews?hl=zh-TW
大東夜市,Hao,在地嚮導 · 18 則評論 · 2 張相片,8 個月前,5 顆星,,https://www.google.com/maps/contrib/104767221371363436169/reviews?hl=zh-TW
大東夜市,黃章閔,在地嚮導 · 2 則評論 · 2 張相片,8 個月前,5 顆星,,https://www.google.com/maps/contrib/103690057078580639722/reviews?hl=zh-TW
大東夜市,陳建霖,在地嚮導 · 24 則評論 · 23 張相片,8 個月前,5 顆星,第一次來，覺得不錯，有機會再來,https://www.google.com/maps/contrib/108299840263755632249/reviews?hl=zh-TW
大東夜市,Sen1010,在地嚮導 · 43 則評論 · 113 張相片,8 個月前,5 顆星,,https://www.google.com/maps/contrib/101707508890436020215/reviews?hl=zh-TW
大東夜市,花喵,13 則評論 · 2 張相片,8 個月前,3 顆星,分2邊後不好逛,https://www.google.com/maps/contrib/100554895965151808846/reviews?hl=zh-TW
大東夜市,蓁蓁,在地嚮導 · 44 則評論 · 9 張相片,8 個月前,5 顆星,很讚的夜市👍物美價廉讚👍 …,https://www.google.com/maps/contrib/117208729449523970776/reviews?hl=zh-TW
大東夜市,張竣翔,在地嚮導 · 36 則評論 · 162 張相片,8 個月前,3 顆星,,https://www.google.com/maps/contrib/113877992772395061292/reviews?hl=zh-TW
大東夜市,Elsa &Olaf toys TV,3 則評論,8 個月前,5 顆星,,https://www.google.com/maps/contrib/104205335438077469630/reviews?hl=zh-TW
大東夜市,Hsu茲堯,在地嚮導 · 81 則評論 · 12 張相片,8 個月前,3 顆星,,https://www.google.com/maps/contrib/118045692978362500974/reviews?hl=zh-TW
大東夜市,歐居安,在地嚮導,8 個月前,4 顆星,,https://www.google.com/maps/contrib/100443214340512163945/reviews?hl=zh-TW
大東夜市,沈秋銘,4 則評論,8 個月前,5 顆星,,https://www.google.com/maps/contrib/104032398957968486129/reviews?hl=zh-TW
大東夜市,vivian和惠,"在地嚮導 · 566 則評論 · 2,382 張相片",8 個月前,3 顆星,,https://www.google.com/maps/contrib/112253393690935840649/reviews?hl=zh-TW
大東夜市,王Mark,在地嚮導 · 12 則評論 · 6 張相片,8 個月前,5 顆星,,https://www.google.com/maps/contrib/104519133654617808299/reviews?hl=zh-TW
大東夜市,黃小瑋,"在地嚮導 · 211 則評論 · 1,474 張相片",8 個月前,4 顆星,,https://www.google.com/maps/contrib/102973142794258502096/reviews?hl=zh-TW
大東夜市,許又壬,6 則評論 · 8 張相片,8 個月前,5 顆星,,https://www.google.com/maps/contrib/100950499851294513032/reviews?hl=zh-TW
大東夜市,懸崖勒馬雲,在地嚮導 · 22 則評論 · 2 張相片,8 個月前,5 顆星,,https://www.google.com/maps/contrib/112372744362264592742/reviews?hl=zh-TW
大東夜市,Yo Chen,在地嚮導 · 83 則評論 · 226 張相片,8 個月前,5 顆星,好逛一直逛,https://www.google.com/maps/contrib/117564068757151812078/reviews?hl=zh-TW
大東夜市,唐泰偉,"在地嚮導 · 74 則評論 · 1,494 張相片",8 個月前,5 顆星,,https://www.google.com/maps/contrib/110436537966888127575/reviews?hl=zh-TW
大東夜市,Moana & Alice,7 則評論 · 3 張相片,8 個月前,5 顆星,,https://www.google.com/maps/contrib/112168144051182995878/reviews?hl=zh-TW
大東夜市,IKM,"在地嚮導 · 351 則評論 · 2,893 張相片",8 個月前,3 顆星,"2024 年 7 月 8 日

這個夜市的好處是我去的時候不太擁擠。 …",https://www.google.com/maps/contrib/116048309401231091438/reviews?hl=zh-TW
大東夜市,yu-hsuan Tu,在地嚮導 · 17 則評論 · 35 張相片,8 個月前,5 顆星,,https://www.google.com/maps/contrib/115749450248162341827/reviews?hl=zh-TW
大東夜市,Jin Cin Huang,14 則評論 · 197 張相片,8 個月前,4 顆星,,https://www.google.com/maps/contrib/114312568128777376102/reviews?hl=zh-TW
大東夜市,Kiki Rizky Wirandika,在地嚮導 · 41 則評論 · 38 張相片,8 個月前,5 顆星,下次再來😍😍😍 …,https://www.google.com/maps/contrib/102921940502362202555/reviews?hl=zh-TW
大東夜市,Ching H,7 則評論 · 6 張相片,8 個月前,5 顆星,,https://www.google.com/maps/contrib/102314108495192796403/reviews?hl=zh-TW
大東夜市,_ KN,12 則評論 · 10 張相片,8 個月前,5 顆星,,https://www.google.com/maps/contrib/106413145006038932463/reviews?hl=zh-TW
大東夜市,Ken Chang,7 則評論 · 2 張相片,8 個月前,5 顆星,"下雨天, 很多攤販都沒開, 但感覺還是很棒",https://www.google.com/maps/contrib/104891503786313909017/reviews?hl=zh-TW
大東夜市,徐裕鈞,12 則評論 · 3 張相片,8 個月前,5 顆星,,https://www.google.com/maps/contrib/106675559797428049141/reviews?hl=zh-TW
大東夜市,伊采.,10 則評論 · 1 張相片,8 個月前,5 顆星,超多美食,https://www.google.com/maps/contrib/104713582796433964699/reviews?hl=zh-TW
大東夜市,Lak Ku (AZONG),在地嚮導 · 52 則評論 · 134 張相片,9 個月前,5 顆星,很不錯的夜市，攤位元素也多。,https://www.google.com/maps/contrib/114182680927621700897/reviews?hl=zh-TW
大東夜市,Wing Chu,2 則評論 · 10 張相片,9 個月前,4 顆星,理境較為密集，人迫人，完全看不到有什麼食物，帶小朋友較為難行！乾貨小檔較為呃錢！,https://www.google.com/maps/contrib/115001768310124016497/reviews?hl=zh-TW
大東夜市,庠閎,在地嚮導 · 1 則評論 · 113 張相片,9 個月前,5 顆星,,https://www.google.com/maps/contrib/110129212990044374730/reviews?hl=zh-TW
大東夜市,蔡尚奇,在地嚮導 · 3 則評論 · 1 張相片,9 個月前,4 顆星,,https://www.google.com/maps/contrib/116329813176985027727/reviews?hl=zh-TW
大東夜市,Hsuan En,在地嚮導 · 62 則評論 · 6 張相片,9 個月前,4 顆星,太悶熱動線不是很喜歡，但東西好吃,https://www.google.com/maps/contrib/102083465475333501189/reviews?hl=zh-TW
大東夜市,刺破泡泡紅眼幫幫主,在地嚮導 · 39 則評論 · 17 張相片,9 個月前,2 顆星,"遊戲攤位很黑
臉皮薄的人勿接近：）
有一攤ㄕㄅ超黑但見仁見智ㄎㄎ",https://www.google.com/maps/contrib/106713542885688795341/reviews?hl=zh-TW
大東夜市,陳小樺,在地嚮導 · 14 則評論 · 10 張相片,9 個月前,5 顆星,,https://www.google.com/maps/contrib/114456753896418577290/reviews?hl=zh-TW
大東夜市,Mickey,在地嚮導 · 18 則評論 · 21 張相片,9 個月前,5 顆星,大東吃的東西重複性不會太多，CP值很高，也不會太擠,https://www.google.com/maps/contrib/115449632819600062952/reviews?hl=zh-TW
大東夜市,新玩石,"在地嚮導 · 22 則評論 · 8,731 張相片",9 個月前,5 顆星,,https://www.google.com/maps/contrib/110299382400964172107/reviews?hl=zh-TW
大東夜市,江育仁,7 則評論,9 個月前,4 顆星,"蠻大的 好逛 第二條有一間烤玉米好好吃
雖然時間比較久 但可以拿號碼牌然後逛完再回來拿
鮮奶麻糬 摩摩喳喳好吃
臭豆腐不太好吃",https://www.google.com/maps/contrib/112784750229509208395/reviews?hl=zh-TW
大東夜市,王小杰,在地嚮導 · 15 則評論 · 31 張相片,9 個月前,5 顆星,動線流暢，攤販賣的東西很多，每樣食材都很好吃，可以推薦,https://www.google.com/maps/contrib/108596679435276631423/reviews?hl=zh-TW
大東夜市,梁涼涼,在地嚮導 · 115 則評論 · 253 張相片,9 個月前,3 顆星,兩邊夜市靠很近，其實可以整合會比較好！建議可以有停車場方便～～吃的東西也不多樣化⋯去一次即可,https://www.google.com/maps/contrib/112572623210269360146/reviews?hl=zh-TW
大東夜市,吳定穎,在地嚮導 · 12 則評論 · 7 張相片,9 個月前,5 顆星,,https://www.google.com/maps/contrib/109552874587755516489/reviews?hl=zh-TW
大東夜市,Jerry Lai,在地嚮導 · 31 則評論 · 5 張相片,9 個月前,5 顆星,不錯 重覆性不高,https://www.google.com/maps/contrib/101608186725482147364/reviews?hl=zh-TW
大東夜市,HO Roc (HORo),在地嚮導,9 個月前,3 顆星,,https://www.google.com/maps/contrib/106967179376149050136/reviews?hl=zh-TW
大東夜市,jolin liu,在地嚮導 · 5 則評論 · 54 張相片,9 個月前,5 顆星,,https://www.google.com/maps/contrib/102530534852922066445/reviews?hl=zh-TW
大東夜市,lin lisa,在地嚮導 · 71 則評論 · 33 張相片,9 個月前,5 顆星,賣鳥蛋是用摩拖車改製的餐車，是很年輕的妹妹在販售，小份30 元很好吃❤️,https://www.google.com/maps/contrib/113646052223592941654/reviews?hl=zh-TW
大東夜市,Jerry Lee,在地嚮導 · 47 則評論 · 475 張相片,9 個月前,4 顆星,,https://www.google.com/maps/contrib/106024832813508023959/reviews?hl=zh-TW
大東夜市,udyyu J,4 則評論,9 個月前,5 顆星,,https://www.google.com/maps/contrib/115919358057294551545/reviews?hl=zh-TW
大東夜市,Genshin,1 則評論,9 個月前,5 顆星,路線有點複雜，東西好吃,https://www.google.com/maps/contrib/109882102597287355149/reviews?hl=zh-TW
大東夜市,何永慶,在地嚮導 · 1 則評論 · 27 張相片,9 個月前,4 顆星,,https://www.google.com/maps/contrib/105723167012787593102/reviews?hl=zh-TW
大東夜市,葉先生,在地嚮導 · 222 則評論 · 2 張相片,9 個月前,3 顆星,不好逛有點無聊的夜市,https://www.google.com/maps/contrib/114090270319559514460/reviews?hl=zh-TW
大東夜市,謝維娟,2 則評論 · 7 張相片,9 個月前,5 顆星,,https://www.google.com/maps/contrib/118423950831178332741/reviews?hl=zh-TW
大東夜市,謝柏宏,1 則評論,9 個月前,1 顆星,,https://www.google.com/maps/contrib/110785345728918351403/reviews?hl=zh-TW
大東夜市,Pag Wong,16 則評論 · 95 張相片,9 個月前,5 顆星,周五的晚上到訪,https://www.google.com/maps/contrib/114697013698807404765/reviews?hl=zh-TW
大東夜市,ann li,在地嚮導 · 35 則評論 · 135 張相片,9 個月前,4 顆星,物價上漲了,https://www.google.com/maps/contrib/109701232831265470715/reviews?hl=zh-TW
大東夜市,神龍,在地嚮導 · 24 則評論 · 69 張相片,9 個月前,5 顆星,大東夜市、是心中最想要來逛的夜市、下午四點開始暴雨侵襲、回到飯店等待雨停、晚餐後大約8點就來到最愛逛的大東、沒想到大雨後的夜市、攤位依舊滿滿、期間看到一家很特別的攤位、復古風格、很吸引目光、於是拿出手機順手按下一張逛夜市的照片、也是唯一一張在夜市的照片、夜深了回飯店吧，下次會再來,https://www.google.com/maps/contrib/111011948554620628555/reviews?hl=zh-TW
大東夜市,徐翊華,在地嚮導 · 21 則評論 · 4 張相片,9 個月前,3 顆星,,https://www.google.com/maps/contrib/100613639436621235010/reviews?hl=zh-TW
大東夜市,k54780,在地嚮導 · 105 則評論 · 127 張相片,9 個月前,5 顆星,"吃飯、睡覺、大東東
其實已經分不清楚誰是誰了",https://www.google.com/maps/contrib/116092156296679954650/reviews?hl=zh-TW
大東夜市,楊定勝,2 則評論,9 個月前,4 顆星,,https://www.google.com/maps/contrib/116143292273694107108/reviews?hl=zh-TW
大東夜市,yukimaruinjapan,在地嚮導 · 105 則評論 · 145 張相片,9 個月前,5 顆星,距離市中心有點遠，所以我坐公車。這是一個夜市，很多當地人！廁所也很新而且很乾淨。,https://www.google.com/maps/contrib/104491281631810441566/reviews?hl=zh-TW
大東夜市,小郭,在地嚮導 · 10 則評論 · 149 張相片,9 個月前,3 顆星,,https://www.google.com/maps/contrib/113559305568818489613/reviews?hl=zh-TW
大東夜市,sammi Huang,8 則評論 · 10 張相片,9 個月前,5 顆星,好吃，又好玩,https://www.google.com/maps/contrib/110439329367537078379/reviews?hl=zh-TW
大東夜市,patty,4 則評論 · 1 張相片,9 個月前,5 顆星,,https://www.google.com/maps/contrib/114417177077495032673/reviews?hl=zh-TW
大東夜市,陳文愷,在地嚮導 · 27 則評論 · 4 張相片,9 個月前,5 顆星,好逛 只是車位難找,https://www.google.com/maps/contrib/112799690306437700362/reviews?hl=zh-TW
大東夜市,Meg Chou,在地嚮導 · 44 則評論 · 321 張相片,9 個月前,5 顆星,"好逛、好買、好吃不踩雷！
一開始是奔著二師兄滷味去的！小孩喜歡的煎鳥蛋、地瓜球、鐵板香腸、烤魷魚也都很好吃👌 …",https://www.google.com/maps/contrib/106213342422780969000/reviews?hl=zh-TW
大東夜市,TZU-CHEN LIN,在地嚮導 · 85 則評論 · 74 張相片,9 個月前,4 顆星,買到的東西都不好吃,https://www.google.com/maps/contrib/103686317349963623199/reviews?hl=zh-TW
大東夜市,Jacky Wu,在地嚮導 · 48 則評論 · 5 張相片,9 個月前,5 顆星,,https://www.google.com/maps/contrib/112152368505721341319/reviews?hl=zh-TW
大東夜市,朝祐蔡,在地嚮導 · 30 則評論 · 2 張相片,9 個月前,4 顆星,,https://www.google.com/maps/contrib/106346697172503442948/reviews?hl=zh-TW
大東夜市,Rong Chi,在地嚮導 · 17 則評論 · 6 張相片,9 個月前,5 顆星,,https://www.google.com/maps/contrib/104940630010622030824/reviews?hl=zh-TW
大東夜市,Hamels tsai,在地嚮導 · 40 則評論 · 7 張相片,9 個月前,4 顆星,還不錯 啊就夜市,https://www.google.com/maps/contrib/114570735989768136921/reviews?hl=zh-TW
大東夜市,alberto Garcia,在地嚮導 · 3 則評論 · 8 張相片,9 個月前,5 顆星,,https://www.google.com/maps/contrib/110191001969219601976/reviews?hl=zh-TW
大東夜市,柳丁,在地嚮導 · 34 則評論 · 26 張相片,9 個月前,5 顆星,去那邊買了很好看的鯨魚飾品~,https://www.google.com/maps/contrib/103893767092146462950/reviews?hl=zh-TW
大東夜市,Dorcas Chen,"在地嚮導 · 90 則評論 · 6,077 張相片",9 個月前,5 顆星,,https://www.google.com/maps/contrib/117106694205591019851/reviews?hl=zh-TW
大東夜市,Matthieu Tran,在地嚮導 · 32 則評論 · 106 張相片,9 個月前,4 顆星,盂蘭盆夜市,https://www.google.com/maps/contrib/107509409004989114450/reviews?hl=zh-TW
大東夜市,林麗娜,在地嚮導 · 1 則評論 · 200 張相片,9 個月前,3 顆星,,https://www.google.com/maps/contrib/110161805110828966268/reviews?hl=zh-TW
大東夜市,花露露,在地嚮導 · 41 則評論 · 25 張相片,9 個月前,5 顆星,逛夜市就是來收集戰利品的👍 …,https://www.google.com/maps/contrib/108847520055112860103/reviews?hl=zh-TW
大東夜市,Hsia Chu,"在地嚮導 · 635 則評論 · 6,224 張相片",9 個月前,5 顆星,,https://www.google.com/maps/contrib/115715714603505940164/reviews?hl=zh-TW
大東夜市,何倩佩,在地嚮導 · 28 則評論 · 1 張相片,9 個月前,5 顆星,,https://www.google.com/maps/contrib/107455168566564839933/reviews?hl=zh-TW
大東夜市,李廉淞,在地嚮導 · 5 則評論 · 1 張相片,9 個月前,5 顆星,,https://www.google.com/maps/contrib/111349604282120755328/reviews?hl=zh-TW
大東夜市,宅宅,在地嚮導 · 95 則評論 · 432 張相片,9 個月前,5 顆星,,https://www.google.com/maps/contrib/117168053479056488779/reviews?hl=zh-TW
大東夜市,龍崎嵐,在地嚮導 · 69 則評論 · 258 張相片,9 個月前,4 顆星,,https://www.google.com/maps/contrib/101578008480577095749/reviews?hl=zh-TW
大東夜市,Yo昌,7 則評論,9 個月前,5 顆星,,https://www.google.com/maps/contrib/113411106296219383317/reviews?hl=zh-TW
大東夜市,Apple Luo,在地嚮導 · 25 則評論 · 7 張相片,9 個月前,5 顆星,,https://www.google.com/maps/contrib/101712880247576790671/reviews?hl=zh-TW
大東夜市,Ferruccio Lamborghini,在地嚮導 · 12 則評論 · 33 張相片,9 個月前,5 顆星,,https://www.google.com/maps/contrib/109895840332775482518/reviews?hl=zh-TW
大東夜市,唐小鴨,在地嚮導 · 35 則評論 · 76 張相片,9 個月前,5 顆星,晚上喜愛去的地方之一⋯⋯,https://www.google.com/maps/contrib/113267009969751428700/reviews?hl=zh-TW
大東夜市,陳茗脩,在地嚮導 · 32 則評論 · 5 張相片,9 個月前,5 顆星,牛逼,https://www.google.com/maps/contrib/105751224993128218381/reviews?hl=zh-TW
大東夜市,張弘霖,在地嚮導 · 67 則評論 · 208 張相片,9 個月前,4 顆星,有一家蚵仔煎超好吃的，我不敢吃蚵仔的人都可以接受,https://www.google.com/maps/contrib/101142647561206757408/reviews?hl=zh-TW
大東夜市,Andy,在地嚮導 · 48 則評論 · 49 張相片,9 個月前,5 顆星,,https://www.google.com/maps/contrib/107801046278789768960/reviews?hl=zh-TW
大東夜市,王介秤,在地嚮導 · 148 則評論 · 430 張相片,9 個月前,5 顆星,"今天是星期天所以是假日農市
哇哇哇！一定要三聲
東西好多天上地下海裡 …",https://www.google.com/maps/contrib/104309178574597325413/reviews?hl=zh-TW
大東夜市,宋幸恩,在地嚮導 · 59 則評論 · 248 張相片,9 個月前,5 顆星,"台南夜市週一到週五的口訣
大大武花大武花～
大東夜市真的東西更好吃
而且排隊動線沒那麼擁擠！！",https://www.google.com/maps/contrib/103472357809541024419/reviews?hl=zh-TW
大東夜市,陳雅晶,在地嚮導 · 100 則評論 · 219 張相片,9 個月前,5 顆星,吃貨的天堂🤣 …,https://www.google.com/maps/contrib/104921167935237904101/reviews?hl=zh-TW
大東夜市,Lynn Elpis,在地嚮導 · 255 則評論 · 4 張相片,9 個月前,4 顆星,重複性高,https://www.google.com/maps/contrib/106472225225017845770/reviews?hl=zh-TW
大東夜市,李佳怡,6 則評論 · 2 張相片,9 個月前,2 顆星,,https://www.google.com/maps/contrib/115669526248792063906/reviews?hl=zh-TW
大東夜市,Jacky Pan,在地嚮導 · 1 則評論,9 個月前,5 顆星,,https://www.google.com/maps/contrib/116022704556207375999/reviews?hl=zh-TW
大東夜市,蕭獨瘋,3 則評論 · 3 張相片,9 個月前,5 顆星,,https://www.google.com/maps/contrib/103373142074457512114/reviews?hl=zh-TW
大東夜市,涂鋒隆,在地嚮導 · 5 則評論 · 1 張相片,9 個月前,1 顆星,,https://www.google.com/maps/contrib/111672876066437983248/reviews?hl=zh-TW
大東夜市,金賀野,在地嚮導 · 32 則評論 · 5 張相片,9 個月前,4 顆星,,https://www.google.com/maps/contrib/101822800713668458610/reviews?hl=zh-TW
大東夜市,莊順傑,在地嚮導 · 458 則評論 · 56 張相片,9 個月前,5 顆星,好逛，好吃，好玩,https://www.google.com/maps/contrib/103321700524880471104/reviews?hl=zh-TW
大東夜市,吳俊毅,9 則評論 · 7 張相片,9 個月前,5 顆星,,https://www.google.com/maps/contrib/116645697862920379708/reviews?hl=zh-TW
大東夜市,陳英瑞,在地嚮導 · 4 則評論,9 個月前,5 顆星,,https://www.google.com/maps/contrib/100554028503151430484/reviews?hl=zh-TW
大東夜市,林侑勳,4 則評論 · 11 張相片,9 個月前,4 顆星,大東東夜市使我旋轉,https://www.google.com/maps/contrib/108127736385221695085/reviews?hl=zh-TW
大東夜市,HT,在地嚮導 · 55 則評論 · 8 張相片,9 個月前,3 顆星,"找停車位非常不方便 繞了好多圈都還是沒找到
夜市分割成兩區 但是感覺食物多少都是差不多的
同一間攤販在夜市裡面看到了三次 平日去人潮還是一樣的多 不過沒有到很擁擠",https://www.google.com/maps/contrib/117662826043459931943/reviews?hl=zh-TW
大東夜市,Rick Wang,9 則評論,9 個月前,5 顆星,,https://www.google.com/maps/contrib/104533090913275678114/reviews?hl=zh-TW
大東夜市,蕭鈞天,3 則評論 · 3 張相片,9 個月前,5 顆星,,https://www.google.com/maps/contrib/106324703880939185732/reviews?hl=zh-TW
大東夜市,Hải Bánh,在地嚮導 · 2 則評論 · 30 張相片,9 個月前,5 顆星,,https://www.google.com/maps/contrib/110602839300818451565/reviews?hl=zh-TW
大東夜市,Chen Xuan Hong,在地嚮導 · 50 則評論 · 56 張相片,9 個月前,5 顆星,也是變成兩邊，逛起來人也比較少了不那麼擁擠，但身邊好多攤位都不見了！希望能在多點攤位,https://www.google.com/maps/contrib/115624662981735314727/reviews?hl=zh-TW
大東夜市,廖珮均,7 則評論 · 4 張相片,9 個月前,5 顆星,,https://www.google.com/maps/contrib/100574413545841412650/reviews?hl=zh-TW
大東夜市,SoRen Roy,在地嚮導 · 5 張相片,9 個月前,5 顆星,,https://www.google.com/maps/contrib/116970963183690018583/reviews?hl=zh-TW
大東夜市,Michelle TANG,在地嚮導 · 3 則評論 · 176 張相片,9 個月前,3 顆星,,https://www.google.com/maps/contrib/108958529616491170520/reviews?hl=zh-TW
大東夜市,陳秀玲,在地嚮導 · 163 則評論 · 114 張相片,9 個月前,4 顆星,好吃好逛,https://www.google.com/maps/contrib/113501875768375362761/reviews?hl=zh-TW
大東夜市,張國祥,"在地嚮導 · 1,738 則評論 · 14,641 張相片",9 個月前,5 顆星,台南知名的夜市,https://www.google.com/maps/contrib/118067855805620316019/reviews?hl=zh-TW
大東夜市,賴匯寬,在地嚮導 · 23 則評論 · 10 張相片,9 個月前,4 顆星,,https://www.google.com/maps/contrib/114835185392014514406/reviews?hl=zh-TW
大東夜市,邱昱瑩,在地嚮導 · 16 則評論 · 8 張相片,9 個月前,5 顆星,好吃好逛,https://www.google.com/maps/contrib/106685151923876617416/reviews?hl=zh-TW
大東夜市,C.S Lin li,在地嚮導 · 33 則評論 · 95 張相片,9 個月前,5 顆星,,https://www.google.com/maps/contrib/106477518462001396773/reviews?hl=zh-TW
大東夜市,蘇憲章,在地嚮導 · 64 則評論 · 576 張相片,9 個月前,4 顆星,"在台南大東與大東東夜市，同區域內拆成二半，聽老闆說大東東區比大東攤位租金貴三成。
大東美食多，大東東游戲多，各有優點。",https://www.google.com/maps/contrib/110095183496587281086/reviews?hl=zh-TW
大東夜市,陳北順（Hermes）,在地嚮導 · 13 則評論 · 9 張相片,9 個月前,5 顆星,,https://www.google.com/maps/contrib/117434106242861768329/reviews?hl=zh-TW
大東夜市,熊熊,在地嚮導 · 208 則評論 · 190 張相片,9 個月前,1 顆星,有夠難停車，繞很多圈就是沒位置，都蘭不逛了回旅館睡覺……平日欸，又不是假日，超級不好停車,https://www.google.com/maps/contrib/114018931737974987203/reviews?hl=zh-TW
大東夜市,楊靜芬,在地嚮導 · 48 則評論 · 5 張相片,9 個月前,5 顆星,,https://www.google.com/maps/contrib/105563186432515001637/reviews?hl=zh-TW
大東夜市,yi-en Yang,8 則評論 · 8 張相片,9 個月前,5 顆星,,https://www.google.com/maps/contrib/107781808286880244561/reviews?hl=zh-TW
大東夜市,蘇琬青,"在地嚮導 · 462 則評論 · 4,471 張相片",9 個月前,5 顆星,,https://www.google.com/maps/contrib/101615356121879236870/reviews?hl=zh-TW
大東夜市,Cuchi Chung,在地嚮導 · 55 則評論 · 60 張相片,9 個月前,1 顆星,"好吃的東西都在大東夜市那邊。
大東東夜市那邊可以走過就好，大東東裡面的小虎蚵仔煎份量小，蚵仔很少，可以路過就好",https://www.google.com/maps/contrib/113467107099899010564/reviews?hl=zh-TW
大東夜市,賴棋城,在地嚮導 · 82 則評論 · 268 張相片,9 個月前,5 顆星,有大東跟大東東，昨天跟朋友約大東，但我們在大東東等了好久，不知道拆分成兩個了。,https://www.google.com/maps/contrib/100939323237518437280/reviews?hl=zh-TW
大東夜市,Penny,194 則評論,9 個月前,5 顆星,,https://www.google.com/maps/contrib/118082807434411579868/reviews?hl=zh-TW
大東夜市,Pei Yu Chen (Pei),在地嚮導 · 106 則評論 · 245 張相片,9 個月前,5 顆星,,https://www.google.com/maps/contrib/101572595061437965685/reviews?hl=zh-TW
大東夜市,H.C Wang,8 則評論 · 1 張相片,9 個月前,5 顆星,,https://www.google.com/maps/contrib/101128173207131841660/reviews?hl=zh-TW
大東夜市,江祥如,在地嚮導 · 14 則評論 · 47 張相片,9 個月前,5 顆星,,https://www.google.com/maps/contrib/118354865017205107257/reviews?hl=zh-TW
大東夜市,妶xujia,在地嚮導 · 40 則評論 · 57 張相片,9 個月前,5 顆星,,https://www.google.com/maps/contrib/103469961708922597357/reviews?hl=zh-TW
大東夜市,蕾蕾,在地嚮導 · 16 則評論 · 3 張相片,9 個月前,4 顆星,攤販很多  要找到喜歡的  要慢慢逛,https://www.google.com/maps/contrib/116936779389808401380/reviews?hl=zh-TW
大東夜市,B Alan,1 則評論 · 60 張相片,9 個月前,3 顆星,,https://www.google.com/maps/contrib/116757391586878628664/reviews?hl=zh-TW
大東夜市,羅姆姆,,9 個月前,3 顆星,,https://www.google.com/maps/contrib/108227487479408374009/reviews?hl=zh-TW
大東夜市,rrr soin,在地嚮導 · 16 則評論 · 12 張相片,9 個月前,5 顆星,,https://www.google.com/maps/contrib/117189609640674999472/reviews?hl=zh-TW
大東夜市,楊雅筑,在地嚮導 · 1 則評論 · 1 張相片,9 個月前,4 顆星,,https://www.google.com/maps/contrib/111611265488929368221/reviews?hl=zh-TW
大東夜市,小玲,在地嚮導 · 133 則評論 · 2 張相片,9 個月前,3 顆星,食物品項蠻多，座位不好找，烤魚味道足，排骨酥也蠻推，我們是去蚵仔煎的攤位，再叫其他東西，吃完記得順手帶走垃圾,https://www.google.com/maps/contrib/112076538045693522185/reviews?hl=zh-TW
大東夜市,陳楷蘋,3 則評論 · 3 張相片,9 個月前,5 顆星,,https://www.google.com/maps/contrib/115383263283393630735/reviews?hl=zh-TW
大東夜市,蔡文富,在地嚮導 · 13 則評論 · 7 張相片,9 個月前,4 顆星,,https://www.google.com/maps/contrib/103443479437504423829/reviews?hl=zh-TW
大東夜市,Jimmy Lin,在地嚮導 · 13 則評論 · 1 張相片,9 個月前,5 顆星,攤位多元，東西相較北部來說CP值高，逛起來很舒服,https://www.google.com/maps/contrib/112591133096608509528/reviews?hl=zh-TW
大東夜市,李亞當,1 則評論 · 1 張相片,9 個月前,5 顆星,,https://www.google.com/maps/contrib/113235100761717556276/reviews?hl=zh-TW
大東夜市,Hedwig Chang,2 則評論,9 個月前,5 顆星,,https://www.google.com/maps/contrib/112455593708201562262/reviews?hl=zh-TW
大東夜市,陳俊宇（Sen）,在地嚮導 · 21 則評論 · 6 張相片,9 個月前,4 顆星,,https://www.google.com/maps/contrib/105345996105845057711/reviews?hl=zh-TW
大東夜市,andy,1 則評論,9 個月前,5 顆星,,https://www.google.com/maps/contrib/106777381144615144528/reviews?hl=zh-TW
大東夜市,Irene shih,在地嚮導 · 204 則評論 · 982 張相片,9 個月前,5 顆星,"開車可以停崇善路龍山停車場再走過來，收費15元/半小時還能接受，禮拜一晚上約6點半去是有蠻多位置停
好懷念的二師兄滷味，必點米血 超級香
宜蘭春捲冰淇淋 真的有像宜蘭郵局附近的那間，花生很香，冰也不錯，加香菜才對味，一個才40
紅妃的蒜頭有夠辣不用夾太多",https://www.google.com/maps/contrib/117899710423015963695/reviews?hl=zh-TW
大東夜市,fly,"在地嚮導 · 392 則評論 · 5,852 張相片",9 個月前,4 顆星,一個夜市分成兩半 一邊是大東東夜市 一邊是大東夜市 兩邊沒互通走不過去 攤位不少 有不少好吃的東西 吃的 用的 穿的都有,https://www.google.com/maps/contrib/118055984599322155856/reviews?hl=zh-TW
大東夜市,懷銓,在地嚮導 · 23 則評論 · 22 張相片,9 個月前,5 顆星,,https://www.google.com/maps/contrib/118399772758724768882/reviews?hl=zh-TW
大東夜市,林撒母耳,1 則評論,9 個月前,5 顆星,,https://www.google.com/maps/contrib/103431385328979578759/reviews?hl=zh-TW
大東夜市,Yung-Hung Sung,在地嚮導 · 127 則評論 · 173 張相片,9 個月前,4 顆星,稍有同質性但還不錯,https://www.google.com/maps/contrib/117034431199787257247/reviews?hl=zh-TW
大東夜市,chou cl,在地嚮導 · 69 則評論 · 17 張相片,9 個月前,3 顆星,很像景點外的攤販群，販售的東西沒有特點,https://www.google.com/maps/contrib/109654904664948516418/reviews?hl=zh-TW
大東夜市,張峻嘉（Jason）,348 則評論,9 個月前,5 顆星,大東東夜市，不錯逛,https://www.google.com/maps/contrib/108956543499564642587/reviews?hl=zh-TW
大東夜市,謝秉釗,在地嚮導 · 35 則評論 · 16 張相片,9 個月前,5 顆星,好吃好逛,https://www.google.com/maps/contrib/102817331778639670851/reviews?hl=zh-TW
大東夜市,王旭竹,,9 個月前,4 顆星,,https://www.google.com/maps/contrib/108349589067609341831/reviews?hl=zh-TW
大東夜市,golden Ya,"在地嚮導 · 1,448 則評論 · 2,995 張相片",9 個月前,3 顆星,"大東夜市分家了，
變成大東跟大東東",https://www.google.com/maps/contrib/108610916693697835252/reviews?hl=zh-TW
大東夜市,魚ㄦ水中游吃飽喝足以是福（Bebe）,在地嚮導 · 207 則評論 · 644 張相片,9 個月前,3 顆星,"分兩邊後
大東東比較好逛街
原本的變好難逛 可惜可惜😐 …",https://www.google.com/maps/contrib/106609787033112518155/reviews?hl=zh-TW
大東夜市,蔡孟翰,3 則評論 · 35 張相片,9 個月前,5 顆星,,https://www.google.com/maps/contrib/116403162989161390749/reviews?hl=zh-TW
大東夜市,林小安,在地嚮導 · 11 則評論 · 26 張相片,9 個月前,5 顆星,讚,https://www.google.com/maps/contrib/112435718646631645720/reviews?hl=zh-TW
大東夜市,aatnb kim,"在地嚮導 · 1,178 則評論 · 8,137 張相片",9 個月前,5 顆星,"隨著夜幕慢慢降臨，夜市開始熱鬧起來，充滿了買賣，直到深夜。這是您台灣之旅中獨特有趣的一部分。

#大東夜市（#Dadongies #大東夜市）是台南僅次於花園夜市的第二大夜市。 …",https://www.google.com/maps/contrib/115506165582861877286/reviews?hl=zh-TW
大東夜市,廖政凱,在地嚮導 · 38 則評論 · 6 張相片,9 個月前,5 顆星,很多東西整齊好逛，東西也很好吃，超開心,https://www.google.com/maps/contrib/106530131156814253565/reviews?hl=zh-TW
大東夜市,uei. T,在地嚮導 · 8 則評論,9 個月前,4 顆星,,https://www.google.com/maps/contrib/116120704303246168888/reviews?hl=zh-TW
大東夜市,Eason Shelby,3 則評論,9 個月前,4 顆星,,https://www.google.com/maps/contrib/101292287494010724160/reviews?hl=zh-TW
大東夜市,阿佑佑,"在地嚮導 · 1,014 則評論 · 3,756 張相片",9 個月前,4 顆星,"每一攤位都不錯吃唷！
可以逛好幾圈",https://www.google.com/maps/contrib/112362075056681342753/reviews?hl=zh-TW
大東夜市,陳俐蓉,,9 個月前,2 顆星,,https://www.google.com/maps/contrib/108839490934040689224/reviews?hl=zh-TW
大東夜市,段氏秋,,9 個月前,1 顆星,,https://www.google.com/maps/contrib/110717492612904754552/reviews?hl=zh-TW
大東夜市,黃名豪,在地嚮導 · 34 則評論 · 33 張相片,9 個月前,5 顆星,熱,https://www.google.com/maps/contrib/113389538238427464705/reviews?hl=zh-TW
大東夜市,黃松彬,在地嚮導 · 160 則評論 · 83 張相片,9 個月前,4 顆星,,https://www.google.com/maps/contrib/113252722149460301716/reviews?hl=zh-TW
大東夜市,陳俊安,在地嚮導 · 16 則評論 · 18 張相片,9 個月前,5 顆星,食物好吃😋，下次會在蒞臨 …,https://www.google.com/maps/contrib/109224168053869301454/reviews?hl=zh-TW
大東夜市,Ian Chen,在地嚮導 · 47 則評論 · 45 張相片,9 個月前,5 顆星,,https://www.google.com/maps/contrib/101773246393100337951/reviews?hl=zh-TW
大東夜市,Wei,在地嚮導 · 4 則評論,9 個月前,1 顆星,,https://www.google.com/maps/contrib/101965844431520113113/reviews?hl=zh-TW
大東夜市,C.Y,在地嚮導 · 31 則評論 · 14 張相片,9 個月前,5 顆星,,https://www.google.com/maps/contrib/103479124731433288571/reviews?hl=zh-TW
大東夜市,盧品學,5 則評論 · 7 張相片,9 個月前,5 顆星,,https://www.google.com/maps/contrib/105752162300164005982/reviews?hl=zh-TW
大東夜市,可樂果,4 則評論 · 1 張相片,10 個月前,5 顆星,老板娘專業,https://www.google.com/maps/contrib/115043977401022426266/reviews?hl=zh-TW
大東夜市,潘凱文,2 則評論 · 1 張相片,10 個月前,4 顆星,,https://www.google.com/maps/contrib/107844653634668331139/reviews?hl=zh-TW
大東夜市,Polly,8 則評論,10 個月前,5 顆星,,https://www.google.com/maps/contrib/113036743640294409729/reviews?hl=zh-TW
大東夜市,高貴德,12 則評論 · 3 張相片,10 個月前,4 顆星,,https://www.google.com/maps/contrib/105507678704044044945/reviews?hl=zh-TW
大東夜市,張婷婷,在地嚮導 · 21 則評論 · 5 張相片,10 個月前,5 顆星,,https://www.google.com/maps/contrib/103795680031793963123/reviews?hl=zh-TW
大東夜市,saw linn,在地嚮導 · 38 則評論 · 72 張相片,10 個月前,3 顆星,改成大東跟大東東之後很不好逛 沒事把兩個夜市隔開很沒意義 明明就在旁邊而已要去另一個還要先往回走到出口 明明可以連通在一起 也比較好逛,https://www.google.com/maps/contrib/113369443657005790746/reviews?hl=zh-TW
大東夜市,綿羊祿祿,在地嚮導 · 4 則評論 · 4 張相片,10 個月前,5 顆星,,https://www.google.com/maps/contrib/113033096617198222255/reviews?hl=zh-TW
大東夜市,chotat wong,在地嚮導 · 124 張相片,10 個月前,5 顆星,,https://www.google.com/maps/contrib/117196707271839415275/reviews?hl=zh-TW
大東夜市,張偉杰,在地嚮導 · 66 則評論,10 個月前,2 顆星,已沒有以前大東夜市那種熱鬧，,https://www.google.com/maps/contrib/104991604545777881155/reviews?hl=zh-TW
大東夜市,台灣旅行,在地嚮導 · 141 則評論 · 759 張相片,10 個月前,4 顆星,不太大，可逛一下,https://www.google.com/maps/contrib/104683777791286830347/reviews?hl=zh-TW
大東夜市,曾敬修,在地嚮導 · 35 則評論 · 279 張相片,10 個月前,5 顆星,,https://www.google.com/maps/contrib/116178250747214667237/reviews?hl=zh-TW
大東夜市,黃翔齡,在地嚮導 · 7 則評論 · 126 張相片,10 個月前,5 顆星,,https://www.google.com/maps/contrib/107935721277455673332/reviews?hl=zh-TW
大東夜市,志阿,4 則評論 · 1 張相片,10 個月前,1 顆星,,https://www.google.com/maps/contrib/112602308196153229113/reviews?hl=zh-TW
大東夜市,林芬蘭,1 則評論,10 個月前,4 顆星,,https://www.google.com/maps/contrib/107386893233781682710/reviews?hl=zh-TW
大東夜市,Y L,在地嚮導 · 199 則評論 · 870 張相片,10 個月前,5 顆星,好好吃喔,https://www.google.com/maps/contrib/108623209581436826941/reviews?hl=zh-TW
大東夜市,lich ch,在地嚮導 · 215 則評論 · 12 張相片,10 個月前,5 顆星,好玩好吃好熱,https://www.google.com/maps/contrib/101381489722651908304/reviews?hl=zh-TW
大東夜市,pqo J,"在地嚮導 · 588 則評論 · 1,171 張相片",10 個月前,5 顆星,"好逛 很多服飾店

1.泰幸福泰奶-普通 …",https://www.google.com/maps/contrib/109968609665891020448/reviews?hl=zh-TW
大東夜市,柴爸幸福吃喝,在地嚮導 · 192 則評論 · 957 張相片,10 個月前,4 顆星,"大東夜市還不錯逛
但為何要切成兩塊，無法直接通行？！ …",https://www.google.com/maps/contrib/111126334505135203368/reviews?hl=zh-TW
大東夜市,林火旺,在地嚮導 · 14 則評論 · 3 張相片,10 個月前,4 顆星,分兩邊有點不習慣,https://www.google.com/maps/contrib/110265011709496947484/reviews?hl=zh-TW
大東夜市,趙一,在地嚮導 · 8 則評論,10 個月前,5 顆星,,https://www.google.com/maps/contrib/101918999272927733854/reviews?hl=zh-TW
大東夜市,宇,在地嚮導 · 32 則評論 · 7 張相片,10 個月前,3 顆星,人潮多，店家多，但大部分都是重複的店家,https://www.google.com/maps/contrib/104429046354859599857/reviews?hl=zh-TW
大東夜市,jean-claude Bresson,在地嚮導 · 184 則評論 · 407 張相片,10 個月前,3 顆星,不太好。以食物為主的攤位集中在一個大廣場上。這個市場不讓我們高興，我們也沒有消費。,https://www.google.com/maps/contrib/113964530176468157351/reviews?hl=zh-TW
大東夜市,麥強,4 則評論 · 5 張相片,10 個月前,5 顆星,"大東夜市整體不錯，但是遊玩區最後沒有小小的通路可以往旁邊的攤販前進。
善品無骨排骨酥好吃
阿美嬤紅茶奶很好喝 …",https://www.google.com/maps/contrib/113224029392957441969/reviews?hl=zh-TW
大東夜市,劉桂秀,在地嚮導 · 9 則評論 · 4 張相片,10 個月前,3 顆星,感覺不太好逛了，跟以前的大東不一樣,https://www.google.com/maps/contrib/117056082456244384191/reviews?hl=zh-TW
大東夜市,周假如,2 則評論,10 個月前,5 顆星,,https://www.google.com/maps/contrib/109595812986323440429/reviews?hl=zh-TW
大東夜市,Jan de Rouwe,在地嚮導 · 17 則評論 · 1 張相片,10 個月前,4 顆星,,https://www.google.com/maps/contrib/115939886364849264526/reviews?hl=zh-TW
大東夜市,阿雞師,在地嚮導 · 83 張相片,10 個月前,5 顆星,,https://www.google.com/maps/contrib/113693970548692994942/reviews?hl=zh-TW
大東夜市,Mikey Chien,在地嚮導 · 117 則評論 · 133 張相片,10 個月前,5 顆星,還行啦,https://www.google.com/maps/contrib/114597957204608145072/reviews?hl=zh-TW
大東夜市,程畇薷,9 則評論 · 9 張相片,10 個月前,5 顆星,,https://www.google.com/maps/contrib/103410453602598543628/reviews?hl=zh-TW
大東夜市,艾斯特,12 則評論 · 3 張相片,10 個月前,5 顆星,料都很實在的給❤️,https://www.google.com/maps/contrib/118328354783686351306/reviews?hl=zh-TW
大東夜市,Enjoy Su,在地嚮導 · 38 則評論 · 91 張相片,10 個月前,5 顆星,舊地重遊，二師兄滷味吃了，拉薩面吃了，夜市往前右轉，，左手邊有全聯可以停車，右手邊路邊有停車格，半小時10元，很可以，但是要很早來唷,https://www.google.com/maps/contrib/102844608191903397507/reviews?hl=zh-TW
大東夜市,Wuyo Go,在地嚮導 · 17 則評論 · 3 張相片,10 個月前,5 顆星,,https://www.google.com/maps/contrib/107552502213566879663/reviews?hl=zh-TW
大東夜市,Alex Keane,在地嚮導 · 10 則評論 · 14 張相片,10 個月前,5 顆星,,https://www.google.com/maps/contrib/109121240163876476769/reviews?hl=zh-TW
大東夜市,Zusana Siu,在地嚮導 · 8 則評論 · 15 張相片,10 個月前,4 顆星,,https://www.google.com/maps/contrib/116017657223578444079/reviews?hl=zh-TW
大東夜市,Yong-Fu Chou,"在地嚮導 · 48 則評論 · 1,558 張相片",10 個月前,4 顆星,,https://www.google.com/maps/contrib/111769298773960683882/reviews?hl=zh-TW
大東夜市,黃偉庭,在地嚮導 · 42 則評論 · 164 張相片,10 個月前,5 顆星,美食很多選項,https://www.google.com/maps/contrib/100430918944614555462/reviews?hl=zh-TW
大東夜市,Wang Junsheng,在地嚮導 · 14 則評論 · 11 張相片,10 個月前,3 顆星,不好逛,https://www.google.com/maps/contrib/115801091286293908105/reviews?hl=zh-TW
大東夜市,roye chen,5 則評論 · 6 張相片,10 個月前,5 顆星,,https://www.google.com/maps/contrib/102600429188557475118/reviews?hl=zh-TW
大東夜市,莊學鵬,在地嚮導 · 3 則評論 · 41 張相片,10 個月前,1 顆星,,https://www.google.com/maps/contrib/117450075497948818576/reviews?hl=zh-TW
大東夜市,賴麗舟,在地嚮導 · 18 則評論 · 112 張相片,10 個月前,4 顆星,,https://www.google.com/maps/contrib/101499183996696417140/reviews?hl=zh-TW
大東夜市,berland Tim,4 則評論,10 個月前,4 顆星,,https://www.google.com/maps/contrib/111514042310048531080/reviews?hl=zh-TW
大東夜市,何家琪,在地嚮導 · 7 則評論 · 4 張相片,10 個月前,5 顆星,,https://www.google.com/maps/contrib/104915833662341673449/reviews?hl=zh-TW
大東夜市,黃敏,在地嚮導 · 412 則評論 · 458 張相片,10 個月前,5 顆星,來台南多次，第一次來大東夜市，人超多，很熱鬧也很有趣，也超級熱，吃了評價上有人推薦的日本章魚燒👍膳品排骨酥，和一間很多人排隊的冷滷，很便宜但也很普通…還有每次來台南必吃的二師兄，感覺這家可以拿出口袋名單了！ …,https://www.google.com/maps/contrib/109622395446169738080/reviews?hl=zh-TW
大東夜市,邱佳妮,"在地嚮導 · 82 則評論 · 1,701 張相片",10 個月前,4 顆星,,https://www.google.com/maps/contrib/111761143444107983758/reviews?hl=zh-TW
大東夜市,王博憲,14 則評論,10 個月前,5 顆星,,https://www.google.com/maps/contrib/114578237812296439733/reviews?hl=zh-TW
大東夜市,汶汶,在地嚮導 · 105 則評論 · 65 張相片,10 個月前,4 顆星,蠻熱鬧的,https://www.google.com/maps/contrib/110375640056778051376/reviews?hl=zh-TW
大東夜市,てるりんTERURIN,在地嚮導 · 145 則評論 · 224 張相片,10 個月前,5 顆星,吃的玩的很多，環境很日式，味道很難聞🤣 …,https://www.google.com/maps/contrib/108573934928526109317/reviews?hl=zh-TW
大東夜市,7 Memory,在地嚮導 · 146 則評論 · 12 張相片,10 個月前,3 顆星,沒什麼,https://www.google.com/maps/contrib/114700810752384904068/reviews?hl=zh-TW
大東夜市,go Lees,在地嚮導 · 123 則評論 · 52 張相片,10 個月前,3 顆星,2邊分開就不好逛了,https://www.google.com/maps/contrib/112205061551927358508/reviews?hl=zh-TW
大東夜市,姚敏,16 則評論 · 3 張相片,10 個月前,1 顆星,只有拔絲地瓜還不錯 其他麻辣串串香、新疆烤肉都難吃到不行,https://www.google.com/maps/contrib/109339017111693993334/reviews?hl=zh-TW
大東夜市,Joy Chien,在地嚮導 · 120 則評論 · 292 張相片,10 個月前,5 顆星,夜市裡可愛的狗狗在睡覺,https://www.google.com/maps/contrib/112966105989475617621/reviews?hl=zh-TW
大東夜市,Shu Fan Lin,在地嚮導 · 18 則評論 · 8 張相片,10 個月前,4 顆星,,https://www.google.com/maps/contrib/107730431192049112590/reviews?hl=zh-TW
大東夜市,고남철,在地嚮導 · 92 則評論 · 420 張相片,10 個月前,5 顆星,"剛好在安平看端午節，到達大東夜市的時候有點晚了。由於是關門時間，所以人不多，但也有它的魅力~~端午節吃了各種台南當地美食，所以沒能吃到其他好吃的，但很喜歡台南蒸玉米^^
所以，在台南的夜市裡，我把花園夜市、端午夜市、最後大東夜市都留作了很好玩又特別的回憶~~~",https://www.google.com/maps/contrib/110181830026486451306/reviews?hl=zh-TW
大東夜市,Suenos,2 則評論,10 個月前,4 顆星,,https://www.google.com/maps/contrib/114047190605457725069/reviews?hl=zh-TW
大東夜市,Mixegg Chen,"在地嚮導 · 195 則評論 · 3,160 張相片",10 個月前,5 顆星,,https://www.google.com/maps/contrib/117878853307067919959/reviews?hl=zh-TW
大東夜市,許麗玲,2 則評論 · 2 張相片,10 個月前,5 顆星,,https://www.google.com/maps/contrib/101977515843639349221/reviews?hl=zh-TW
大東夜市,林于安,17 則評論 · 10 張相片,10 個月前,4 顆星,吃的和玩的分開，動線有點奇怪，但是攤位的老闆都很熱情❤️,https://www.google.com/maps/contrib/102673955887982023374/reviews?hl=zh-TW
大東夜市,C cc,在地嚮導 · 564 則評論 · 743 張相片,10 個月前,2 顆星,"一個夜市又分了兩個小夜市  動線逛起來真糟糕
中間特地隔了開來 想走到隔壁夜市又要繞出去馬路  夜市內某家鴨肉羹真是一星都不夠格",https://www.google.com/maps/contrib/103817956250823612903/reviews?hl=zh-TW
大東夜市,Iris Tsai,在地嚮導 · 24 則評論 · 81 張相片,10 個月前,4 顆星,,https://www.google.com/maps/contrib/102718837039655344041/reviews?hl=zh-TW
大東夜市,A A,8 則評論,10 個月前,5 顆星,,https://www.google.com/maps/contrib/117464654521154195564/reviews?hl=zh-TW
大東夜市,蕙,在地嚮導 · 55 則評論 · 453 張相片,10 個月前,5 顆星,異國料理多元，霎那間⋯覺得秒飛泰國😊 …,https://www.google.com/maps/contrib/113194341296478109375/reviews?hl=zh-TW
大東夜市,Howard Chang,"在地嚮導 · 549 則評論 · 1,071 張相片",10 個月前,3 顆星,,https://www.google.com/maps/contrib/102283506445570693082/reviews?hl=zh-TW
大東夜市,黃國棟,1 則評論,10 個月前,5 顆星,,https://www.google.com/maps/contrib/118092103190957861134/reviews?hl=zh-TW
大東夜市,Timmy,5 則評論 · 1 張相片,10 個月前,1 顆星,身為在地台南人，大東夜市一定是必逛之一，但現在分成兩邊經營，動線變超爛，一邊逛完要換另一邊，結果中間竟然隔起來？！！還要再額外繞一圈才能出去，真的笑死人，逛那麼多夜市沒看過把路封成這樣的，好好的夜市被搞成這樣，真是讓人失望,https://www.google.com/maps/contrib/101123148842910766053/reviews?hl=zh-TW
大東夜市,chia chun lai,在地嚮導 · 921 則評論 · 10 張相片,10 個月前,3 顆星,很普,https://www.google.com/maps/contrib/103820169735567982490/reviews?hl=zh-TW
大東夜市,Elina kuo,在地嚮導 · 26 則評論 · 341 張相片,10 個月前,4 顆星,,https://www.google.com/maps/contrib/115697137169577787298/reviews?hl=zh-TW
大東夜市,R S,在地嚮導 · 12 則評論,10 個月前,5 顆星,美味的食物好人,https://www.google.com/maps/contrib/109863819820241628587/reviews?hl=zh-TW
大東夜市,廖晉德,10 則評論 · 3 張相片,10 個月前,2 顆星,東西都差不多,https://www.google.com/maps/contrib/102263567373341788137/reviews?hl=zh-TW
大東夜市,蘇鵬元0915572831,在地嚮導 · 120 則評論 · 539 張相片,10 個月前,5 顆星,大東，大東東,https://www.google.com/maps/contrib/101011538662018944187/reviews?hl=zh-TW
大東夜市,江田島平八,"在地嚮導 · 735 則評論 · 4,899 張相片",10 個月前,3 顆星,台南地區在地的大型夜市之一，不國攤販銷售的東西都大同小異的，沒有火爆的攤販，到是遊客旅遊經過台南時，可以順便去逛逛。,https://www.google.com/maps/contrib/114229597460223785792/reviews?hl=zh-TW
大東夜市,knowbee (諾比),2 則評論 · 1 張相片,10 個月前,1 顆星,因為老家在東區的緣故，所以光顧大東夜市的頻率至少是花園夜市的十倍以上，但去年底之後的變化真的是讓人不想再次到訪 …,https://www.google.com/maps/contrib/117364738038786055711/reviews?hl=zh-TW
大東夜市,佛羅里達酥烤起司小藥罐,在地嚮導 · 16 則評論 · 9 張相片,10 個月前,5 顆星,,https://www.google.com/maps/contrib/110310350554045170425/reviews?hl=zh-TW
大東夜市,呂凌逸,"在地嚮導 · 533 則評論 · 21,606 張相片",10 個月前,4 顆星,,https://www.google.com/maps/contrib/114672076228962081219/reviews?hl=zh-TW
大東夜市,睿,11 則評論 · 10 張相片,10 個月前,5 顆星,很多東西都蠻好吃的 尤其是石板烤肉 CP值很高 必買,https://www.google.com/maps/contrib/107080792904873181404/reviews?hl=zh-TW
大東夜市,祖凰張,在地嚮導 · 43 則評論 · 810 張相片,10 個月前,5 顆星,,https://www.google.com/maps/contrib/115624195132909444205/reviews?hl=zh-TW
大東夜市,Julian Yeow,在地嚮導 · 49 則評論 · 194 張相片,10 個月前,5 顆星,食物很美味。不過來這個夜市還挺麻煩的。建議搭乘uber，這樣可以節省很多時間。,https://www.google.com/maps/contrib/104685925656197369396/reviews?hl=zh-TW
大東夜市,Eric Wu,在地嚮導 · 40 則評論 · 5 張相片,10 個月前,5 顆星,,https://www.google.com/maps/contrib/107534505574923218737/reviews?hl=zh-TW
大東夜市,韓星辰,在地嚮導 · 40 則評論 · 74 張相片,10 個月前,5 顆星,,https://www.google.com/maps/contrib/106159775125797368236/reviews?hl=zh-TW
大東夜市,lee sin,在地嚮導 · 70 則評論 · 43 張相片,10 個月前,2 顆星,炸牛排那家真的很難吃....花80買到兩層麵皮，加醬風味更是吃不下去🥲 …,https://www.google.com/maps/contrib/102602265784148650437/reviews?hl=zh-TW
大東夜市,孫雪俐,12 則評論 · 4 張相片,10 個月前,3 顆星,"吉曼蔥油餅 好吃便宜服務好
轉角有間 啞巴小上海 (超級無敵好吃，目前臺南小上海最贏)
還有一間日本炒麵和日本人開的 章魚燒 …",https://www.google.com/maps/contrib/113898273697196394987/reviews?hl=zh-TW
大東夜市,阿榮,16 則評論 · 3 張相片,10 個月前,3 顆星,買杯裝豆花臭酸了…,https://www.google.com/maps/contrib/115064872230978180740/reviews?hl=zh-TW
大東夜市,蔡侑姍,在地嚮導 · 258 則評論 · 32 張相片,10 個月前,3 顆星,人潮還是很多，新式的商品及食物也很多，但已不是很喜歡來這個夜市逛，因為它被切分成兩邊比較不好逛。,https://www.google.com/maps/contrib/103789488546406930021/reviews?hl=zh-TW
大東夜市,Alex Lim,"在地嚮導 · 459 則評論 · 1,168 張相片",10 個月前,4 顆星,這個夜市很大，分成兩個部分。有很多食物和飲料可供享用,https://www.google.com/maps/contrib/103810482770590524401/reviews?hl=zh-TW
大東夜市,Tony Su,在地嚮導 · 134 則評論 · 696 張相片,10 個月前,4 顆星,人山人海，可以選擇的食物太多了,https://www.google.com/maps/contrib/101561602652620385045/reviews?hl=zh-TW
大東夜市,藍莓起司,11 則評論,10 個月前,2 顆星,"不太喜歡他拆成兩邊！！

我之前常常會來這邊買固定的食物，結果現在要去另一側的時候，完全被擋住，必須繞一大圈才能進去另一邊。 …",https://www.google.com/maps/contrib/111685836851139516544/reviews?hl=zh-TW
大東夜市,郭柏亨,在地嚮導 · 67 則評論 · 323 張相片,10 個月前,5 顆星,很多素食可以吃的，第一次逛夜市有吃飽到！,https://www.google.com/maps/contrib/118386583204920332045/reviews?hl=zh-TW
大東夜市,耿惟（Eve）,在地嚮導 · 26 則評論 · 23 張相片,10 個月前,5 顆星,大東夜市但是沒有汪大東,https://www.google.com/maps/contrib/108821824491485707338/reviews?hl=zh-TW
大東夜市,ASH MARF,9 則評論 · 2 張相片,10 個月前,4 顆星,"台灣的正常夜市。食物選擇還可以。
如果您開車的話，最好早點來這裡尋找停車位。",https://www.google.com/maps/contrib/113217356923923602699/reviews?hl=zh-TW
大東夜市,hao hao Yang,在地嚮導 · 18 則評論 · 12 張相片,10 個月前,4 顆星,旁邊還有一個大東東夜市，雖然說是相連的但不能直接過去，有設置障礙物，要走到外面再過去有點麻煩,https://www.google.com/maps/contrib/108812725681986725991/reviews?hl=zh-TW
大東夜市,Andy Hsieh,24 則評論 · 1 張相片,10 個月前,3 顆星,,https://www.google.com/maps/contrib/105840500486556504200/reviews?hl=zh-TW
大東夜市,Louvrechaler,13 則評論,10 個月前,5 顆星,,https://www.google.com/maps/contrib/113370948171821632521/reviews?hl=zh-TW
大東夜市,劉芳吉,4 則評論 · 3 張相片,10 個月前,1 顆星,停車空間非常不友善 車位少到不行,https://www.google.com/maps/contrib/117190120739139787408/reviews?hl=zh-TW
大東夜市,sean Lin,5 則評論 · 1 張相片,10 個月前,1 顆星,"價格越來越貴，東西越來越少
可以接受貴一點東西實惠
可是現在東西少又貴，不會再去了",https://www.google.com/maps/contrib/111965062760484522196/reviews?hl=zh-TW
大東夜市,蔡靜華,3 則評論,10 個月前,5 顆星,,https://www.google.com/maps/contrib/112571550829483581639/reviews?hl=zh-TW
大東夜市,Jason,在地嚮導 · 37 則評論 · 11 張相片,10 個月前,2 顆星,"重複性真的太高，還有旁邊那個
大東東是怎麼了😅 …",https://www.google.com/maps/contrib/110830010518071788812/reviews?hl=zh-TW
大東夜市,金乔奕,5 則評論 · 2 張相片,10 個月前,5 顆星,,https://www.google.com/maps/contrib/100624904542823141944/reviews?hl=zh-TW
大東夜市,Leslie Hormigos Lo,在地嚮導 · 3 則評論 · 172 張相片,10 個月前,5 顆星,,https://www.google.com/maps/contrib/101785386147760062950/reviews?hl=zh-TW
大東夜市,何孟期,在地嚮導 · 16 則評論,10 個月前,5 顆星,,https://www.google.com/maps/contrib/108554184921608948310/reviews?hl=zh-TW
大東夜市,Joy Chao,在地嚮導 · 90 則評論 · 69 張相片,10 個月前,4 顆星,,https://www.google.com/maps/contrib/104434150563486701967/reviews?hl=zh-TW
大東夜市,鍾采采,在地嚮導 · 17 則評論 · 61 張相片,10 個月前,5 顆星,,https://www.google.com/maps/contrib/112439495227074661377/reviews?hl=zh-TW
大東夜市,冠智王,在地嚮導 · 15 則評論 · 12 張相片,10 個月前,5 顆星,"超推這攤起司公主的起司馬鈴薯
很好吃👍 …",https://www.google.com/maps/contrib/111126750989722744766/reviews?hl=zh-TW
大東夜市,龍一,6 則評論 · 1 張相片,10 個月前,5 顆星,,https://www.google.com/maps/contrib/117098710406723986611/reviews?hl=zh-TW
大東夜市,郭財子,在地嚮導 · 91 則評論 · 84 張相片,10 個月前,4 顆星,,https://www.google.com/maps/contrib/117639768306899094408/reviews?hl=zh-TW
大東夜市,Chen Boating,5 則評論 · 4 張相片,10 個月前,5 顆星,大推蚵蛋燒👍 …,https://www.google.com/maps/contrib/115991704013405383180/reviews?hl=zh-TW
大東夜市,渝,6 則評論,10 個月前,5 顆星,,https://www.google.com/maps/contrib/101751286417579198718/reviews?hl=zh-TW
大東夜市,秀玲林,在地嚮導 · 31 則評論 · 57 張相片,10 個月前,5 顆星,蠻多吃的，玩的，又體驗了一把按摩,https://www.google.com/maps/contrib/109908708810418765177/reviews?hl=zh-TW
大東夜市,Ior Jun,在地嚮導 · 3 則評論 · 2 張相片,10 個月前,2 顆星,,https://www.google.com/maps/contrib/100456459007230533471/reviews?hl=zh-TW
大東夜市,蛤呀哈嗚啦,"在地嚮導 · 276 則評論 · 2,651 張相片",10 個月前,3 顆星,拆成兩邊很難逛⋯,https://www.google.com/maps/contrib/109904852534624289593/reviews?hl=zh-TW
大東夜市,梁明杰,13 則評論 · 3 張相片,10 個月前,2 顆星,光想到汽車停車位，我就很懶得去了,https://www.google.com/maps/contrib/101400379839575799142/reviews?hl=zh-TW
大東夜市,方嘉祥,5 則評論 · 2 張相片,10 個月前,5 顆星,,https://www.google.com/maps/contrib/102454776799241448286/reviews?hl=zh-TW
大東夜市,余小哲,在地嚮導 · 129 則評論 · 282 張相片,10 個月前,4 顆星,"果然還是要先做功課還是有差，
推薦的幾款小時都很不錯沒有雷。",https://www.google.com/maps/contrib/105498223877546176098/reviews?hl=zh-TW
大東夜市,朱志明,在地嚮導 · 6 則評論 · 31 張相片,10 個月前,4 顆星,,https://www.google.com/maps/contrib/106448911819256481582/reviews?hl=zh-TW
大東夜市,Apple Xieh,在地嚮導 · 250 則評論 · 331 張相片,10 個月前,5 顆星,東西很多樣，囊括台灣各地小吃，選擇很多。,https://www.google.com/maps/contrib/113075011318918162241/reviews?hl=zh-TW
大東夜市,taishen li,在地嚮導 · 458 則評論 · 271 張相片,10 個月前,2 顆星,嗯,https://www.google.com/maps/contrib/111824832762631278629/reviews?hl=zh-TW
大東夜市,Meggie Huang,在地嚮導 · 38 則評論 · 76 張相片,10 個月前,5 顆星,,https://www.google.com/maps/contrib/107117978387974531940/reviews?hl=zh-TW
大東夜市,霏Fei,在地嚮導 · 61 則評論 · 38 張相片,10 個月前,4 顆星,"每一次逛 都越來越沒有前幾次的感覺，
店家重複性也很高，食物攤位品質也越來越下降",https://www.google.com/maps/contrib/102480631486446812056/reviews?hl=zh-TW
大東夜市,Ti Hsuan Chuang,12 則評論 · 2 張相片,10 個月前,3 顆星,,https://www.google.com/maps/contrib/104975840031968250905/reviews?hl=zh-TW
大東夜市,wendy Zhao,3 則評論,10 個月前,5 顆星,,https://www.google.com/maps/contrib/108313255469616409199/reviews?hl=zh-TW
大東夜市,Simon,在地嚮導 · 84 則評論 · 75 張相片,10 個月前,2 顆星,和以前比差太多了,https://www.google.com/maps/contrib/116719904838598159648/reviews?hl=zh-TW
大東夜市,tsungpo Weng,在地嚮導 · 32 則評論 · 10 張相片,10 個月前,1 顆星,"價格貴 東西少 越來越觀光盤子化
吃了有名的那幾家真的很糟糕
沒名的更糟糕。。
花了800多兩大兩小竟然沒吃飽",https://www.google.com/maps/contrib/111659413386117066053/reviews?hl=zh-TW
大東夜市,孫楠,在地嚮導 · 47 則評論 · 6 張相片,10 個月前,3 顆星,不好停車,https://www.google.com/maps/contrib/118278291922355710390/reviews?hl=zh-TW
大東夜市,黃家榛,2 則評論,10 個月前,5 顆星,,https://www.google.com/maps/contrib/117600882992961922675/reviews?hl=zh-TW
大東夜市,小草,1 則評論,10 個月前,1 顆星,,https://www.google.com/maps/contrib/112849875342595433449/reviews?hl=zh-TW
大東夜市,stanley lau,1 則評論,10 個月前,4 顆星,,https://www.google.com/maps/contrib/112107894636222275060/reviews?hl=zh-TW
大東夜市,shusma Altis,在地嚮導 · 100 則評論 · 669 張相片,10 個月前,5 顆星,,https://www.google.com/maps/contrib/110831862718835719256/reviews?hl=zh-TW
大東夜市,kerker,3 則評論 · 2 張相片,11 個月前,5 顆星,,https://www.google.com/maps/contrib/117361140816562709609/reviews?hl=zh-TW
大東夜市,ZED dhiz,在地嚮導 · 94 則評論 · 46 張相片,11 個月前,5 顆星,更有說服力去吃一頓美味的街頭小吃。逛夜市美食最方便的地方,https://www.google.com/maps/contrib/110032957976658428344/reviews?hl=zh-TW
大東夜市,林政東,,11 個月前,5 顆星,,https://www.google.com/maps/contrib/114485239956746728226/reviews?hl=zh-TW
大東夜市,Jodon Karlik,17 則評論 · 3 張相片,11 個月前,5 顆星,到達這個夜市的交通不方便，但還是值得的。市場比台北饒河市場更寬敞，看起來也更乾淨。  食物很棒，在我看來，這是一個更好的市場。,https://www.google.com/maps/contrib/117864392153911984288/reviews?hl=zh-TW
大東夜市,Hana,在地嚮導 · 113 則評論 · 62 張相片,11 個月前,5 顆星,,https://www.google.com/maps/contrib/113416871299527572400/reviews?hl=zh-TW
大東夜市,Fishmonger K,"在地嚮導 · 932 則評論 · 5,847 張相片",11 個月前,4 顆星,推薦阿美嬤的紅茶牛奶，膳品排骨酥～臭豆腐的部分似乎不如記憶中的味道⋯,https://www.google.com/maps/contrib/107996561785472619918/reviews?hl=zh-TW
大東夜市,慧寶,"在地嚮導 · 507 則評論 · 7,771 張相片",11 個月前,3 顆星,"超級小
攤位也不多
現在規劃也有的爛",https://www.google.com/maps/contrib/108494382222960629790/reviews?hl=zh-TW
大東夜市,KE heyhey,在地嚮導 · 48 則評論 · 399 張相片,11 個月前,5 顆星,"週五夜市東西總類多，好吃，必逛
📍推薦好吃的銅鑼燒
📍紅妃香腸大腸建議買小份的 …",https://www.google.com/maps/contrib/116486035800133554863/reviews?hl=zh-TW
大東夜市,H,11 則評論,11 個月前,4 顆星,管理員超派,https://www.google.com/maps/contrib/107792733241900296206/reviews?hl=zh-TW
大東夜市,陳錦川,在地嚮導 · 3 則評論 · 8 張相片,11 個月前,1 顆星,,https://www.google.com/maps/contrib/108954361753700461146/reviews?hl=zh-TW
大東夜市,Summer WEI,在地嚮導 · 66 則評論 · 28 張相片,11 個月前,5 顆星,夜市超級大,https://www.google.com/maps/contrib/104496135036272389245/reviews?hl=zh-TW
大東夜市,施Osborn,在地嚮導 · 23 則評論 · 15 張相片,11 個月前,4 顆星,,https://www.google.com/maps/contrib/114051399037844835051/reviews?hl=zh-TW
大東夜市,美麗真誠,1 則評論,11 個月前,5 顆星,,https://www.google.com/maps/contrib/109027147616368176252/reviews?hl=zh-TW
大東夜市,Keng-Yi Chen,在地嚮導 · 35 則評論 · 200 張相片,11 個月前,5 顆星,,https://www.google.com/maps/contrib/111162962386816378520/reviews?hl=zh-TW
大東夜市,李奇,在地嚮導 · 38 則評論 · 20 張相片,11 個月前,5 顆星,傳統在地夜市，值得逛街享用美食,https://www.google.com/maps/contrib/112781418849601157064/reviews?hl=zh-TW
大東夜市,江宜臻（江江）,在地嚮導 · 31 則評論 · 58 張相片,11 個月前,5 顆星,好吃，好逛,https://www.google.com/maps/contrib/101726154130233943937/reviews?hl=zh-TW
大東夜市,陳貞君,3 則評論,11 個月前,1 顆星,合併入大東的,https://www.google.com/maps/contrib/102125789332465125990/reviews?hl=zh-TW
大東夜市,CHANG QING “UN MDG 2190” LIN,在地嚮導 · 14 則評論 · 22 張相片,11 個月前,3 顆星,很好,https://www.google.com/maps/contrib/110968047469343736081/reviews?hl=zh-TW
大東夜市,黃智良,在地嚮導 · 31 則評論 · 83 張相片,11 個月前,5 顆星,"什麼都有
不知吃什麼來這逛一圈就對了",https://www.google.com/maps/contrib/108289291355202627956/reviews?hl=zh-TW
大東夜市,胡景濤,13 則評論,11 個月前,1 顆星,假日沒開的夜市還算夜市嗎,https://www.google.com/maps/contrib/116292612281580069866/reviews?hl=zh-TW
大東夜市,yun Tsai,在地嚮導 · 13 則評論 · 5 張相片,11 個月前,5 顆星,,https://www.google.com/maps/contrib/103772344299070049293/reviews?hl=zh-TW
大東夜市,ALANG YANG,在地嚮導 · 13 則評論 · 434 張相片,11 個月前,5 顆星,,https://www.google.com/maps/contrib/107604731551720849187/reviews?hl=zh-TW
大東夜市,Lin Waison,4 則評論,11 個月前,5 顆星,,https://www.google.com/maps/contrib/106079848293576876214/reviews?hl=zh-TW
大東夜市,Kai Tseng,在地嚮導 · 95 則評論 · 862 張相片,11 個月前,5 顆星,,https://www.google.com/maps/contrib/105162659954563834426/reviews?hl=zh-TW
大東夜市,藤田ヒロシ,在地嚮導 · 1 則評論 · 1 張相片,11 個月前,5 顆星,,https://www.google.com/maps/contrib/106114547840246373341/reviews?hl=zh-TW
大東夜市,牛頓擺,在地嚮導 · 16 則評論 · 3 張相片,11 個月前,4 顆星,選擇多樣 但如果是要吃飽選擇餐廳會較為划算,https://www.google.com/maps/contrib/114773496544231101178/reviews?hl=zh-TW
大東夜市,胡桃,在地嚮導 · 47 則評論 · 3 張相片,11 個月前,5 顆星,,https://www.google.com/maps/contrib/116322119784030970808/reviews?hl=zh-TW
大東夜市,Wu Ada,13 則評論,11 個月前,5 顆星,超好逛~重複性不高，值得去走走,https://www.google.com/maps/contrib/114525648667908034326/reviews?hl=zh-TW
大東夜市,Thao Nguyen,,11 個月前,5 顆星,,https://www.google.com/maps/contrib/114272211201410377743/reviews?hl=zh-TW
大東夜市,蔡雅玲,在地嚮導 · 45 則評論 · 32 張相片,11 個月前,4 顆星,,https://www.google.com/maps/contrib/115645637137323088542/reviews?hl=zh-TW
大東夜市,腿腿,"在地嚮導 · 558 則評論 · 1,809 張相片",11 個月前,3 顆星,"不知道是否因為天氣的關係
攤位不多且重複性高
有一間炸皮蛋挺好吃的",https://www.google.com/maps/contrib/104771683701843523875/reviews?hl=zh-TW
大東夜市,美食蟲蟲,在地嚮導 · 15 則評論 · 1 張相片,11 個月前,4 顆星,,https://www.google.com/maps/contrib/106903291709806014318/reviews?hl=zh-TW
大東夜市,董庭溱,在地嚮導 · 68 則評論 · 290 張相片,11 個月前,5 顆星,青菜選擇超多，但每次來還是會吃杏菜，魚皮麵線好好吃，就是什麼都好吃啦！,https://www.google.com/maps/contrib/103100291109759834053/reviews?hl=zh-TW
大東夜市,Ivy,6 則評論 · 5 張相片,11 個月前,5 顆星,,https://www.google.com/maps/contrib/118073303310793548881/reviews?hl=zh-TW
大東夜市,貪吃胖胖,"在地嚮導 · 103 則評論 · 1,187 張相片",11 個月前,4 顆星,小吃種類多，肉丸是我喜歡的口感QQ肉多，拔ㄙ地瓜可以加地瓜球（好吃欸）😋😋😋 …,https://www.google.com/maps/contrib/102518220372168850425/reviews?hl=zh-TW
大東夜市,doris hachi,在地嚮導 · 21 則評論 · 29 張相片,11 個月前,2 顆星,平均的。預計當地的油炸食品不會那麼美味。最好花時間在合適的火鍋店吃飯。,https://www.google.com/maps/contrib/112839589593948958440/reviews?hl=zh-TW
大東夜市,藍建斌,在地嚮導,11 個月前,4 顆星,,https://www.google.com/maps/contrib/115962265163339496610/reviews?hl=zh-TW
大東夜市,Craig Bossley,"在地嚮導 · 629 則評論 · 4,743 張相片",11 個月前,3 顆星,不知道為什麼他們把大東東分開了，這或多或少是一樣的。,https://www.google.com/maps/contrib/100662311680296276670/reviews?hl=zh-TW
大東夜市,Laputa Kiwi,13 則評論,11 個月前,1 顆星,一個火燙燙的大東夜市變成兩個“小”三流夜市，而且中間不相通，硬要你繞出去外面才能再進去，而且連電都沒有，還要在兩邊停放兩台載發電機的卡車在那運轉。很難過也很可悲，台灣人就是死在不團結，不會再去了……,https://www.google.com/maps/contrib/114365498936879854053/reviews?hl=zh-TW
大東夜市,光爵,在地嚮導 · 20 則評論 · 49 張相片,11 個月前,3 顆星,,https://www.google.com/maps/contrib/103945387342899509306/reviews?hl=zh-TW
大東夜市,ben Hu,在地嚮導 · 55 則評論 · 34 張相片,11 個月前,1 顆星,吃五樣都超雷，西瓜汁買兩家，都像水 😵‍💫 …,https://www.google.com/maps/contrib/115585861395558057644/reviews?hl=zh-TW
大東夜市,YUNI,6 則評論 · 1 張相片,11 個月前,1 顆星,蚵仔煎超爛 態度超差動作還慢 等了半個小時結果拿到全部掉出來在袋子裡 不知道裝在盒子有什麼意義 也不知道等半小時是在等心酸的嗎==,https://www.google.com/maps/contrib/100856739823725289085/reviews?hl=zh-TW
大東夜市,孫稜淯,在地嚮導 · 12 則評論 · 2 張相片,11 個月前,5 顆星,第一次去到這個夜市有蠻多在其他夜市未發現的食物，蠻值得去逛逛,https://www.google.com/maps/contrib/111659561388656011997/reviews?hl=zh-TW
大東夜市,欠教訓,8 則評論,11 個月前,4 顆星,"停車不方便
其他還不錯",https://www.google.com/maps/contrib/106772896398374947283/reviews?hl=zh-TW
大東夜市,愛家焙,2 則評論 · 2 張相片,11 個月前,3 顆星,好的,https://www.google.com/maps/contrib/108450437694260325722/reviews?hl=zh-TW
大東夜市,李姿瑩,9 則評論 · 3 張相片,11 個月前,4 顆星,蠻好逛的,https://www.google.com/maps/contrib/102081293716961772192/reviews?hl=zh-TW
大東夜市,K K (KK),在地嚮導 · 248 則評論 · 110 張相片,11 個月前,4 顆星,停車位較少,https://www.google.com/maps/contrib/112477102702100738408/reviews?hl=zh-TW
大東夜市,貴肉包,在地嚮導 · 98 則評論 · 4 張相片,11 個月前,4 顆星,還可以 不難逛,https://www.google.com/maps/contrib/107550615042865194267/reviews?hl=zh-TW
大東夜市,劉美德,在地嚮導 · 88 則評論 · 102 張相片,11 個月前,5 顆星,環境乾淨，停車方便，品類多樣，吃喝玩樂，皆可滿足,https://www.google.com/maps/contrib/106496514014101772073/reviews?hl=zh-TW
大東夜市,Hong Taing,在地嚮導 · 82 則評論 · 255 張相片,11 個月前,4 顆星,你平常的台灣夜市和你平常的票價。絕對是一個更適合當地人而不是旅行者的地方，但仍然很棒，體驗很好，很容易找到和訂購食物！,https://www.google.com/maps/contrib/116814419811791745267/reviews?hl=zh-TW
大東夜市,翁明珠,在地嚮導 · 15 則評論,11 個月前,5 顆星,,https://www.google.com/maps/contrib/103769721250687818938/reviews?hl=zh-TW
大東夜市,김주현,在地嚮導 · 16 則評論 · 3 張相片,11 個月前,5 顆星,"我要去台灣旅遊一週。
比士林夜市、六合夜市都好。
對我和我先生來說，這是台灣最好的夜市。",https://www.google.com/maps/contrib/106635412174023073852/reviews?hl=zh-TW
大東夜市,郭鎮忠（郭東家）,在地嚮導 · 12 則評論 · 57 張相片,11 個月前,5 顆星,,https://www.google.com/maps/contrib/110033062611314407859/reviews?hl=zh-TW
大東夜市,김정현,3 則評論,11 個月前,5 顆星,是台灣夜市中最密集、味道最好、價格也合理的。去的話就能感受到，不過華院夜市和大同夜市的營業時間不一樣，需要查一下。,https://www.google.com/maps/contrib/116503586293495381205/reviews?hl=zh-TW
大東夜市,Alexia C,在地嚮導 · 94 則評論 · 72 張相片,11 個月前,5 顆星,"非常好的體驗！
路線順暢，美食多元。如果您在台南，可以做的事情",https://www.google.com/maps/contrib/115298250418831933244/reviews?hl=zh-TW
大東夜市,Mina,"在地嚮導 · 997 則評論 · 3,796 張相片",11 個月前,5 顆星,"台南的店都好早關
飯店附近都沒有什麼東西可以吃
於是我跟哥哥騎摩托車 …",https://www.google.com/maps/contrib/117163578143755597854/reviews?hl=zh-TW
大東夜市,劉丞燁,在地嚮導 · 5 則評論 · 3 張相片,11 個月前,5 顆星,,https://www.google.com/maps/contrib/101854623524493005002/reviews?hl=zh-TW
大東夜市,YouFu Zhuang,在地嚮導 · 16 則評論 · 9 張相片,11 個月前,5 顆星,,https://www.google.com/maps/contrib/115598967890414462722/reviews?hl=zh-TW
大東夜市,STEVE TAO,在地嚮導 · 48 則評論 · 412 張相片,11 個月前,5 顆星,動線舒適，食物好吃不雷,https://www.google.com/maps/contrib/103737761329156429850/reviews?hl=zh-TW
大東夜市,多時間觀念,1 則評論,11 個月前,5 顆星,,https://www.google.com/maps/contrib/103916268544432266984/reviews?hl=zh-TW
大東夜市,Hawk Chen,5 則評論 · 24 張相片,11 個月前,3 顆星,東西都漲價了~而且品質內容也縮水，不推薦，真的不是夜市會有的水準,https://www.google.com/maps/contrib/112636381115631659210/reviews?hl=zh-TW
大東夜市,Joanna Liao,3 則評論 · 23 張相片,11 個月前,4 顆星,,https://www.google.com/maps/contrib/108401601366777767095/reviews?hl=zh-TW
大東夜市,晴空,在地嚮導 · 38 則評論 · 15 張相片,11 個月前,5 顆星,好的,https://www.google.com/maps/contrib/116130214570620592723/reviews?hl=zh-TW
大東夜市,Guan,在地嚮導 · 111 則評論 · 347 張相片,11 個月前,5 顆星,"大東、大東東，不能串連，一定要走到外面人行道才能穿越兩個夜市！
原本在監理站角落的石板烤肉，現在換到大東夜市去的最邊邊，石板烤肉星期一沒有賣。",https://www.google.com/maps/contrib/115728371957290078295/reviews?hl=zh-TW
大東夜市,不想跟你說,在地嚮導 · 48 則評論 · 15 張相片,11 個月前,4 顆星,,https://www.google.com/maps/contrib/117051950422090535411/reviews?hl=zh-TW
大東夜市,Steven Tsongren,1 則評論,11 個月前,5 顆星,,https://www.google.com/maps/contrib/104103494386423484904/reviews?hl=zh-TW
大東夜市,Eric Tierk,在地嚮導 · 39 則評論,11 個月前,4 顆星,不錯的市場，很舒服，衛生。,https://www.google.com/maps/contrib/106728485342860650640/reviews?hl=zh-TW
大東夜市,Pedro Wu,在地嚮導 · 127 則評論 · 361 張相片,11 個月前,5 顆星,,https://www.google.com/maps/contrib/100263113765070044556/reviews?hl=zh-TW
大東夜市,小菲,在地嚮導 · 64 則評論 · 42 張相片,11 個月前,3 顆星,"原本的大東夜市拆家了
分成大東及大東東
分的實在有夠徹底...中間界線是完全不相通...必須還要走到外面人行道才能進到另一邊夜市...實在是很擾民
攤販其實就跟以往一樣 沒有改變！",https://www.google.com/maps/contrib/114516752300715748575/reviews?hl=zh-TW
大東夜市,Sally Lu,在地嚮導 · 160 則評論 · 24 張相片,11 個月前,3 顆星,一分為二 動線變得有點不方便 就有些以前可以走的出入口的地方被擋住了 可能要找某個攤 要先弄清楚在大東還是在大東東  這樣生意會好嗎？,https://www.google.com/maps/contrib/115286856047730177493/reviews?hl=zh-TW
大東夜市,王忻慧,1 則評論,11 個月前,5 顆星,,https://www.google.com/maps/contrib/117761768918307554308/reviews?hl=zh-TW
大東夜市,Watermelon Human,在地嚮導 · 6 則評論,11 個月前,2 顆星,,https://www.google.com/maps/contrib/112783713126471342107/reviews?hl=zh-TW
大東夜市,江佳容,在地嚮導 · 19 則評論 · 5 張相片,11 個月前,5 顆星,小遊戲也很好玩，孩子還帶了一隻大娃娃回家..剛好挑到的小吃都夠台南味 鹹甜貫穿了整個南部美食,https://www.google.com/maps/contrib/100409301518211313927/reviews?hl=zh-TW
大東夜市,HSIUNG CHIN,在地嚮導 · 17 則評論 · 775 張相片,11 個月前,5 顆星,,https://www.google.com/maps/contrib/105924289233555395068/reviews?hl=zh-TW
大東夜市,鄭綺,3 則評論 · 5 張相片,11 個月前,5 顆星,,https://www.google.com/maps/contrib/112786631225879247380/reviews?hl=zh-TW
大東夜市,潘冠廷,在地嚮導 · 30 則評論 · 2 張相片,11 個月前,5 顆星,,https://www.google.com/maps/contrib/112836974904354678784/reviews?hl=zh-TW
大東夜市,YUCHING TANG,在地嚮導 · 39 則評論 · 42 張相片,11 個月前,5 顆星,大東大東東,https://www.google.com/maps/contrib/111671628050032042211/reviews?hl=zh-TW
大東夜市,蔡杰少,4 則評論,11 個月前,1 顆星,超級爛夜市,https://www.google.com/maps/contrib/104392588273021933437/reviews?hl=zh-TW
大東夜市,Kitty Ho,12 則評論 · 3 張相片,11 個月前,5 顆星,很多好吃的,https://www.google.com/maps/contrib/116395148286435669098/reviews?hl=zh-TW
大東夜市,chris an,在地嚮導 · 351 則評論 · 597 張相片,11 個月前,4 顆星,有很多食物可供選擇，還有很多服裝和紀念品的購物選擇。好夜市，比小北夜市好！,https://www.google.com/maps/contrib/109451732805054924350/reviews?hl=zh-TW
大東夜市,Michou ter,在地嚮導 · 49 則評論 · 15 張相片,11 個月前,5 顆星,必須做的事,https://www.google.com/maps/contrib/118023884235813598698/reviews?hl=zh-TW
大東夜市,雪寶,在地嚮導 · 24 則評論 · 7 張相片,11 個月前,1 顆星,不要買冬風飲料，真的難喝到我第一時間來留評論，根本餿水,https://www.google.com/maps/contrib/104039878636429255966/reviews?hl=zh-TW
大東夜市,佃國範,"在地嚮導 · 124 則評論 · 3,141 張相片",11 個月前,4 顆星,停車方便,https://www.google.com/maps/contrib/110436235140768454585/reviews?hl=zh-TW
大東夜市,曾阿源,"在地嚮導 · 341 則評論 · 2,800 張相片",11 個月前,5 顆星,在地夜市,https://www.google.com/maps/contrib/102340393690721426247/reviews?hl=zh-TW
大東夜市,51張智鈞,在地嚮導 · 124 則評論 · 109 張相片,11 個月前,5 顆星,好逛西瓜汁好喝,https://www.google.com/maps/contrib/116154013822536116953/reviews?hl=zh-TW
大東夜市,林すみれ,在地嚮導 · 36 則評論 · 19 張相片,11 個月前,4 顆星,"我一月去的時候，雖然是活動當天，但還是關門了。
這次去的時候分為大東夜市和大東東夜市，來回要站在人行道上。
似乎有什麼不對勁的地方。",https://www.google.com/maps/contrib/105451373490489969754/reviews?hl=zh-TW
大東夜市,吳宗憲,18 則評論,11 個月前,3 顆星,還好，花園夜市比較多選擇,https://www.google.com/maps/contrib/117007099849870373280/reviews?hl=zh-TW
大東夜市,莊育誠,在地嚮導 · 12 則評論 · 6 張相片,11 個月前,5 顆星,,https://www.google.com/maps/contrib/110932445670117920209/reviews?hl=zh-TW
大東夜市,JX LIN,5 則評論 · 2 張相片,11 個月前,5 顆星,,https://www.google.com/maps/contrib/116822040752188445830/reviews?hl=zh-TW
大東夜市,Vienna Hsieh,在地嚮導 · 287 則評論 · 98 張相片,11 個月前,3 顆星,,https://www.google.com/maps/contrib/104683508165240946060/reviews?hl=zh-TW
大東夜市,黃美慧,5 則評論 · 6 張相片,11 個月前,5 顆星,,https://www.google.com/maps/contrib/107495674851456039191/reviews?hl=zh-TW
大東夜市,A-Han,17 則評論 · 4 張相片,11 個月前,5 顆星,,https://www.google.com/maps/contrib/104296153286420068937/reviews?hl=zh-TW
大東夜市,ying ling,"在地嚮導 · 93 則評論 · 1,188 張相片",11 個月前,5 顆星,大東夜市和東東夜市，賣的東西不會重複性少，且還有外國人逛逛，東西都不錯吃，感覺在地人會吃的夜市,https://www.google.com/maps/contrib/113352610724982985299/reviews?hl=zh-TW
大東夜市,黃軒,3 則評論,11 個月前,4 顆星,,https://www.google.com/maps/contrib/116954170477805121216/reviews?hl=zh-TW
大東夜市,財財,在地嚮導 · 62 則評論,11 個月前,4 顆星,缺點就是停車不方便！,https://www.google.com/maps/contrib/108624244766887325403/reviews?hl=zh-TW
大東夜市,Doris Song,7 則評論 · 1 張相片,11 個月前,5 顆星,,https://www.google.com/maps/contrib/109358424640647359935/reviews?hl=zh-TW
大東夜市,Ya Wa,2 則評論 · 6 張相片,11 個月前,5 顆星,,https://www.google.com/maps/contrib/101458798108011669438/reviews?hl=zh-TW
大東夜市,ヘイコ,7 則評論,11 個月前,4 顆星,,https://www.google.com/maps/contrib/110706190433088157754/reviews?hl=zh-TW
大東夜市,陳宜吟,在地嚮導 · 64 則評論 · 1 張相片,11 個月前,5 顆星,"賣的東西真多，好吃的東西也多，
衣服、裝飾品、、、等也很多，
真是好，哈哈哈。",https://www.google.com/maps/contrib/104071698405904906906/reviews?hl=zh-TW
大東夜市,痞,3 則評論,11 個月前,5 顆星,,https://www.google.com/maps/contrib/113467096800379823061/reviews?hl=zh-TW
大東夜市,Chung和榮,在地嚮導 · 262 則評論 · 421 張相片,11 個月前,3 顆星,,https://www.google.com/maps/contrib/117960541134142019218/reviews?hl=zh-TW
大東夜市,Lan Lin,在地嚮導 · 18 則評論 · 25 張相片,11 個月前,3 顆星,切割後路線不太好走，走一走不小心就繞回原本走過的地方。不過好像每次攤位都有變化，除了比較新穎流行的食物外，服飾配件類型很多，停車格只要不是剛好在下班時間就很好停。,https://www.google.com/maps/contrib/104937191819305823393/reviews?hl=zh-TW
大東夜市,莊翔文,在地嚮導 · 341 則評論 · 309 張相片,11 個月前,4 顆星,觀光夜市，最近有一些比較新種類的店家了，不然之前很無聊,https://www.google.com/maps/contrib/116629813795145203964/reviews?hl=zh-TW
大東夜市,廖振杉,在地嚮導 · 139 則評論 · 35 張相片,11 個月前,3 顆星,,https://www.google.com/maps/contrib/104727298117029887274/reviews?hl=zh-TW
大東夜市,Naa'u沁,在地嚮導 · 39 則評論 · 136 張相片,11 個月前,5 顆星,,https://www.google.com/maps/contrib/111761817637539840244/reviews?hl=zh-TW
大東夜市,葉享建,在地嚮導 · 112 則評論 · 8 張相片,11 個月前,4 顆星,台南人星期二跟星期五晚上逛街吃美食的好地方,https://www.google.com/maps/contrib/117013953182487206354/reviews?hl=zh-TW
大東夜市,王仁正,在地嚮導 · 19 則評論 · 255 張相片,11 個月前,5 顆星,雖然我不愛逛夜市但它還是值得大力的推薦,https://www.google.com/maps/contrib/105224023606236117264/reviews?hl=zh-TW
大東夜市,JL Wang,在地嚮導 · 171 則評論 · 133 張相片,11 個月前,4 顆星,,https://www.google.com/maps/contrib/107814099695693111168/reviews?hl=zh-TW
大東夜市,許小南,在地嚮導 · 62 則評論 · 5 張相片,11 個月前,3 顆星,變很多！整體來看普普！沒更有趣！,https://www.google.com/maps/contrib/101045567854009733272/reviews?hl=zh-TW
大東夜市,王吉利,在地嚮導 · 19 則評論 · 30 張相片,11 個月前,5 顆星,,https://www.google.com/maps/contrib/111432439834131847879/reviews?hl=zh-TW
大東夜市,李宗瑾,3 則評論 · 1 張相片,11 個月前,5 顆星,,https://www.google.com/maps/contrib/105243339959661547846/reviews?hl=zh-TW
大東夜市,Shane Li,在地嚮導 · 42 則評論 · 5 張相片,11 個月前,3 顆星,已經沒有很大了又分成兩邊 有點麻煩,https://www.google.com/maps/contrib/113650745784909050697/reviews?hl=zh-TW
大東夜市,James Lane,在地嚮導 · 580 則評論 · 147 張相片,11 個月前,3 顆星,"就像其他人所說的那樣，擁有兩個相同的並排且彼此不相連的市場是一個愚蠢的想法。
普通的食物，沒什麼特別的。",https://www.google.com/maps/contrib/108815256533298341173/reviews?hl=zh-TW
大東夜市,美食評論家,在地嚮導 · 25 則評論 · 17 張相片,11 個月前,4 顆星,,https://www.google.com/maps/contrib/108992008287302315085/reviews?hl=zh-TW
大東夜市,Mark Lee,11 則評論 · 12 張相片,11 個月前,5 顆星,,https://www.google.com/maps/contrib/106284888247208504183/reviews?hl=zh-TW
大東夜市,黃文信,1 則評論 · 1 張相片,11 個月前,5 顆星,,https://www.google.com/maps/contrib/108538718423739439455/reviews?hl=zh-TW
大東夜市,蘇凱文,"在地嚮導 · 541 則評論 · 5,675 張相片",11 個月前,4 顆星,"第一次來嚐鮮 覺得還算可以
車子只有路邊停車格 要看運氣
整體面積沒有很大 吃的樣式沒有很多
不懂為何還要拆出大東東夜市",https://www.google.com/maps/contrib/111282690636635182395/reviews?hl=zh-TW
大東夜市,媒體工作社,在地嚮導 · 236 則評論,11 個月前,5 顆星,古早味圓仔冰，入口處炸肉酥好吃實惠,https://www.google.com/maps/contrib/109305355832593399259/reviews?hl=zh-TW
大東夜市,RAE H,"在地嚮導 · 836 則評論 · 4,439 張相片",11 個月前,5 顆星,"各種美食陳列，有吃到的都覺得很好吃。
推薦烤雞排，份量大又好吃雖然要排隊，但老闆動作很快，不用等很久。",https://www.google.com/maps/contrib/117977082618388973821/reviews?hl=zh-TW
大東夜市,Clara Ho,13 則評論 · 3 張相片,11 個月前,5 顆星,,https://www.google.com/maps/contrib/117340194721065124606/reviews?hl=zh-TW
大東夜市,朱健銘,2 則評論,11 個月前,4 顆星,,https://www.google.com/maps/contrib/109194912679457088166/reviews?hl=zh-TW
大東夜市,Yi Yun Tsai,"在地嚮導 · 223 則評論 · 2,718 張相片",11 個月前,5 顆星,,https://www.google.com/maps/contrib/113911235373165601934/reviews?hl=zh-TW
大東夜市,樂樂,在地嚮導 · 24 則評論 · 6 張相片,11 個月前,2 顆星,以前很喜歡來逛大東夜市，因為他們規劃的路線逛起來很舒服，但是聽說改路線後第一次來逛，真的很不喜歡現在的路線，逛起來都有點分不清方向，況且還把吃的和玩的隔起來，第一次去逛都覺得要走來回路，逛到後面都想離開了,https://www.google.com/maps/contrib/113844206961524611236/reviews?hl=zh-TW
大東夜市,Jiawei Chang,在地嚮導 · 184 則評論 · 88 張相片,11 個月前,3 顆星,"推薦：白糖粿、甘草芭樂、章魚小丸子、烤玉米、烤香魚、燒仙草、泰式奶茶。

拆分成大東東和大東夜市之後，沒有連貫，動線極度不方便。
整潔部分不錯，也附設廁所和停車場。",https://www.google.com/maps/contrib/109508503504991127022/reviews?hl=zh-TW
大東夜市,劉小娃,在地嚮導 · 104 則評論 · 34 張相片,11 個月前,4 顆星,"賣得都差不多東西
有買了大腸炒小腸 好吃",https://www.google.com/maps/contrib/115889882291437576940/reviews?hl=zh-TW
大東夜市,Yalan Hsing,"在地嚮導 · 704 則評論 · 9,753 張相片",11 個月前,5 顆星,"剛好遇到夜市活動！！
集章抽獎，結果是濕紙巾兩包XD
裡面無骨肉條跟巧克力吉拿棒好吃 …",https://www.google.com/maps/contrib/108251295598506402770/reviews?hl=zh-TW
大東夜市,黃二哥,在地嚮導 · 5 則評論 · 69 張相片,11 個月前,5 顆星,,https://www.google.com/maps/contrib/104906523801472867780/reviews?hl=zh-TW
大東夜市,YI:SHAN,在地嚮導 · 24 則評論 · 38 張相片,11 個月前,5 顆星,好逛 但就是有點大同小異,https://www.google.com/maps/contrib/101491113361346129939/reviews?hl=zh-TW
大東夜市,Lorex Yang,在地嚮導 · 91 則評論 · 325 張相片,11 個月前,3 顆星,,https://www.google.com/maps/contrib/115369819920586680211/reviews?hl=zh-TW
大東夜市,Tぴこり,在地嚮導 · 13 則評論 · 7 張相片,11 個月前,5 顆星,,https://www.google.com/maps/contrib/111260251673088692211/reviews?hl=zh-TW
大東夜市,19750312 on0423@gmail.com,2 則評論 · 2 張相片,11 個月前,4 顆星,,https://www.google.com/maps/contrib/109989036415293224938/reviews?hl=zh-TW
大東夜市,葉親誠,4 則評論 · 4 張相片,11 個月前,5 顆星,,https://www.google.com/maps/contrib/102040374100953662699/reviews?hl=zh-TW
大東夜市,雅萍,7 則評論 · 6 張相片,11 個月前,5 顆星,,https://www.google.com/maps/contrib/104213846622406003902/reviews?hl=zh-TW
大東夜市,五銀,6 則評論 · 7 張相片,11 個月前,4 顆星,有一些不錯吃的東西。停車要看運氣,https://www.google.com/maps/contrib/110109591969635805222/reviews?hl=zh-TW
大東夜市,Ratchanee Trillit,在地嚮導 · 23 則評論 · 14 張相片,11 個月前,3 顆星,熱鬧的夜市，有很多小吃攤。沒有特殊的主題或裝飾，只是簡單的攤位。當地人去那裡，遊客也去那裡。買了幾個便宜又不起眼的蔥包，結果卻很好吃。沒有汽車停車場（有摩托車停車區），但可以在幾個街區外找到停車場。,https://www.google.com/maps/contrib/114519862499049414969/reviews?hl=zh-TW
大東夜市,吳志明,1 則評論,11 個月前,5 顆星,,https://www.google.com/maps/contrib/114577190809610243095/reviews?hl=zh-TW
大東夜市,蔡小吟,在地嚮導 · 36 則評論 · 49 張相片,11 個月前,5 顆星,大東跟大東東一起逛，中間有擋起來，雖然逛起來有點不方便，不過攤販很多算好逛，夜市好像沒有汽車停車位，要開到外面其他停車場,https://www.google.com/maps/contrib/115327443133258808344/reviews?hl=zh-TW
大東夜市,Chien Hsing Huang,6 則評論 · 3 張相片,11 個月前,5 顆星,,https://www.google.com/maps/contrib/115365013544020981996/reviews?hl=zh-TW
大東夜市,戴宗國,"在地嚮導 · 424 則評論 · 6,748 張相片",11 個月前,5 顆星,初次到訪,https://www.google.com/maps/contrib/101936110964402329212/reviews?hl=zh-TW
大東夜市,Anita Yang,在地嚮導 · 88 則評論 · 38 張相片,11 個月前,5 顆星,,https://www.google.com/maps/contrib/105213932334171778326/reviews?hl=zh-TW
大東夜市,黃仁賢,在地嚮導 · 26 則評論 · 102 張相片,11 個月前,5 顆星,,https://www.google.com/maps/contrib/106087711268767297186/reviews?hl=zh-TW
大東夜市,Amit Sharma,在地嚮導 · 39 則評論 · 38 張相片,11 個月前,5 顆星,一定要嘗試煮馬鈴薯配起司西蘭花和玉米。,https://www.google.com/maps/contrib/110744468860977549940/reviews?hl=zh-TW
大東夜市,李小思,在地嚮導 · 23 則評論 · 1 張相片,11 個月前,5 顆星,,https://www.google.com/maps/contrib/109386037432674133415/reviews?hl=zh-TW
大東夜市,Shih Chao Chu,243 則評論,11 個月前,5 顆星,"小上海香酥雞好吃👍👍👍👍👍
泰式椒麻雞也不錯👍👍👍👍
烤魷魚超小一份非常不推薦👎👎👎👎👎 …",https://www.google.com/maps/contrib/102057453762698942329/reviews?hl=zh-TW
大東夜市,周黃秋香,,11 個月前,5 顆星,,https://www.google.com/maps/contrib/107931261241967646245/reviews?hl=zh-TW
大東夜市,鵲巢（一千塊）,在地嚮導 · 5 則評論 · 32 張相片,11 個月前,5 顆星,,https://www.google.com/maps/contrib/100602779218065943130/reviews?hl=zh-TW
大東夜市,S,在地嚮導 · 20 則評論,11 個月前,5 顆星,台北三大夜市我都逛了，但最喜歡的是台南的大東夜市。他們不像我去過的大多數其他夜市那樣口是心非，而且他們的人行道是其他夜市的兩倍寬，所以你在逛小吃攤時不會有那種窒息的感覺。提供的食物也非常美味。,https://www.google.com/maps/contrib/101186944885314454450/reviews?hl=zh-TW
大東夜市,Bee,在地嚮導 · 9 則評論,11 個月前,5 顆星,,https://www.google.com/maps/contrib/110752620053695931985/reviews?hl=zh-TW
大東夜市,蔡樹山,在地嚮導 · 16 則評論 · 53 張相片,11 個月前,2 顆星,唉..,https://www.google.com/maps/contrib/104499050234716319550/reviews?hl=zh-TW
大東夜市,江惠琴,在地嚮導 · 34 則評論,11 個月前,3 顆星,,https://www.google.com/maps/contrib/115923298246675092725/reviews?hl=zh-TW
大東夜市,夏雪,2 則評論 · 2 張相片,11 個月前,4 顆星,,https://www.google.com/maps/contrib/113884577333545272311/reviews?hl=zh-TW
大東夜市,洪崇淇,1 張相片,11 個月前,5 顆星,,https://www.google.com/maps/contrib/109358740289421542986/reviews?hl=zh-TW
大東夜市,大仁哥,在地嚮導 · 58 則評論 · 923 張相片,11 個月前,5 顆星,攤販很多可以提供多種選擇,https://www.google.com/maps/contrib/113008643152722266548/reviews?hl=zh-TW
大東夜市,吳宗諺,1 則評論,11 個月前,5 顆星,,https://www.google.com/maps/contrib/100620227264777217273/reviews?hl=zh-TW
大東夜市,cyt,在地嚮導 · 32 則評論 · 1 張相片,11 個月前,5 顆星,,https://www.google.com/maps/contrib/110583092866937562235/reviews?hl=zh-TW
大東夜市,阿基拉,在地嚮導 · 21 則評論 · 8 張相片,11 個月前,5 顆星,這家大腸麵線好吃老闆又帥,https://www.google.com/maps/contrib/116288711892485521154/reviews?hl=zh-TW
大東夜市,陳小美,"在地嚮導 · 811 則評論 · 3,964 張相片",11 個月前,4 顆星,台南東區的夜市，大部份是吃的食物,https://www.google.com/maps/contrib/115026770160763671171/reviews?hl=zh-TW
大東夜市,哈哈是我啦,在地嚮導 · 17 則評論,11 個月前,5 顆星,,https://www.google.com/maps/contrib/113955339510031561857/reviews?hl=zh-TW
大東夜市,Lyons Liaw,820 則評論 · 750 張相片,11 個月前,4 顆星,人潮少了許多，不知為什麼夜市也感覺沒勁起來。給小朋友玩的也變少,https://www.google.com/maps/contrib/102009564872945007597/reviews?hl=zh-TW
大東夜市,CHEN,在地嚮導 · 26 則評論 · 6 張相片,11 個月前,5 顆星,,https://www.google.com/maps/contrib/117066310754769411380/reviews?hl=zh-TW
大東夜市,陳曉琪,2 則評論 · 1 張相片,11 個月前,5 顆星,男哥乒乓球🏓️推一個！老闆熱情幽默！把我不會教到會！走過路過不要錯過！還會多球給小朋友玩喔！⭐️⭐️⭐️⭐️⭐️五星好評送給老闆和老闆娘！老闆說他在花園夜市也有攤位～～👍 …,https://www.google.com/maps/contrib/105634155233348550930/reviews?hl=zh-TW
大東夜市,Brian,,11 個月前,5 顆星,,https://www.google.com/maps/contrib/117647907736151268559/reviews?hl=zh-TW
大東夜市,Yang才鋒,在地嚮導 · 48 則評論 · 14 張相片,11 個月前,4 顆星,"大東跟大東東相隔避卻硬生生隔開要多繞出去
場地位置是一樣的",https://www.google.com/maps/contrib/115347390801157652734/reviews?hl=zh-TW
大東夜市,Shaw Xiao,2 則評論 · 1 張相片,11 個月前,5 顆星,,https://www.google.com/maps/contrib/108853414986529994090/reviews?hl=zh-TW
大東夜市,張凱迪,在地嚮導 · 411 則評論 · 922 張相片,11 個月前,3 顆星,夜市分兩邊，不能相通，不方便,https://www.google.com/maps/contrib/113626281063331553919/reviews?hl=zh-TW
大東夜市,Weifong Chou,在地嚮導 · 14 則評論 · 1 張相片,11 個月前,5 顆星,,https://www.google.com/maps/contrib/115605824726013813493/reviews?hl=zh-TW
大東夜市,LIN JunYou,在地嚮導 · 4 則評論 · 2 張相片,1 年前,5 顆星,,https://www.google.com/maps/contrib/105155632167234241332/reviews?hl=zh-TW
大東夜市,Ng KK,1 張相片,1 年前,4 顆星,,https://www.google.com/maps/contrib/105655060988885883677/reviews?hl=zh-TW
大東夜市,王富程,在地嚮導 · 4 則評論,1 年前,4 顆星,,https://www.google.com/maps/contrib/117619089559441044769/reviews?hl=zh-TW
大東夜市,丁弘佳,在地嚮導 · 18 則評論 · 27 張相片,1 年前,5 顆星,,https://www.google.com/maps/contrib/104834072125541370282/reviews?hl=zh-TW
大東夜市,林文泰,在地嚮導 · 53 則評論,1 年前,5 顆星,便宜好吃好去處,https://www.google.com/maps/contrib/107519671388449256316/reviews?hl=zh-TW
大東夜市,王王長立,在地嚮導 · 28 則評論 · 12 張相片,1 年前,3 顆星,,https://www.google.com/maps/contrib/104579851125287073673/reviews?hl=zh-TW
大東夜市,于程,在地嚮導 · 129 則評論 · 35 張相片,1 年前,3 顆星,下雨沒開因該要有個公告欄之類的,https://www.google.com/maps/contrib/111470159050627943084/reviews?hl=zh-TW
大東夜市,鄭粗皮,在地嚮導 · 9 則評論 · 59 張相片,1 年前,5 顆星,,https://www.google.com/maps/contrib/114686041181079519894/reviews?hl=zh-TW
大東夜市,聖Sheng,"在地嚮導 · 1,701 則評論 · 3,491 張相片",1 年前,5 顆星,體驗很棒 店家都很親切 蔥油餅夭壽好吃,https://www.google.com/maps/contrib/116039361582492503715/reviews?hl=zh-TW
大東夜市,黃彥誠,16 則評論 · 2 張相片,1 年前,5 顆星,下雨天還有攤販,https://www.google.com/maps/contrib/117334571647252614563/reviews?hl=zh-TW
大東夜市,Carlic Chung,在地嚮導 · 124 則評論 · 392 張相片,1 年前,3 顆星,分兩邊之後變得不好逛了⋯而且以前好吃的攤位都沒看到了🙂‍↕️周圍一樣的難停車～覺得還是去花園或武聖好了 …,https://www.google.com/maps/contrib/100822810169879022460/reviews?hl=zh-TW
大東夜市,陳盈璋,,1 年前,2 顆星,,https://www.google.com/maps/contrib/104901820519350021997/reviews?hl=zh-TW
大東夜市,呆呆kobbi,10 則評論 · 11 張相片,1 年前,5 顆星,平日攤位不多，假日攤位➕人都滿滿滿😂 好吃的攤位其實說真的就只有那幾家😂😂  【溫馨提示★】有一家東山鴨頭真的非常難吃😭😭老闆娘的臉好臭🙄🙄老闆炸出來的也很油膩很硬～自己探索一下哪家吧😂 …,https://www.google.com/maps/contrib/112324402157355101517/reviews?hl=zh-TW
大東夜市,陳姵涵,在地嚮導 · 10 則評論 · 226 張相片,1 年前,5 顆星,,https://www.google.com/maps/contrib/100458935692583664528/reviews?hl=zh-TW
大東夜市,洪崧彰,"在地嚮導 · 79 則評論 · 11,919 張相片",1 年前,2 顆星,種類眾多，分家後要逛也麻煩要繞一下，也沒有停車場，隨時都有違停,https://www.google.com/maps/contrib/100635437613104590945/reviews?hl=zh-TW
大東夜市,轟天雷,在地嚮導 · 9 則評論 · 618 張相片,1 年前,5 顆星,,https://www.google.com/maps/contrib/115026889945397004152/reviews?hl=zh-TW
大東夜市,KAREN CHEN,在地嚮導 · 63 則評論 · 314 張相片,1 年前,4 顆星,歷史遺跡,https://www.google.com/maps/contrib/106738309311514630093/reviews?hl=zh-TW
大東夜市,郭宇晉,在地嚮導 · 27 則評論,1 年前,4 顆星,我打香腸很強,https://www.google.com/maps/contrib/113571545700008425482/reviews?hl=zh-TW
大東夜市,marcel de Vries,在地嚮導 · 169 則評論 · 591 張相片,1 年前,5 顆星,值得參觀的好地方,https://www.google.com/maps/contrib/108305703785137562654/reviews?hl=zh-TW
大東夜市,芯怡,在地嚮導 · 126 則評論 · 4 張相片,1 年前,5 顆星,好吃的東西,https://www.google.com/maps/contrib/100054720627309337485/reviews?hl=zh-TW
大東夜市,幸幸,在地嚮導 · 133 則評論 · 34 張相片,1 年前,5 顆星,大型夜市,https://www.google.com/maps/contrib/100155966970614054827/reviews?hl=zh-TW
大東夜市,Wen,在地嚮導 · 303 則評論 · 37 張相片,1 年前,3 顆星,,https://www.google.com/maps/contrib/113705458540681083358/reviews?hl=zh-TW
大東夜市,jenny Y. D,"在地嚮導 · 394 則評論 · 1,598 張相片",1 年前,2 顆星,,https://www.google.com/maps/contrib/100982708101638465324/reviews?hl=zh-TW
大東夜市,EUNTHAK NAM,在地嚮導 · 28 則評論 · 69 張相片,1 年前,5 顆星,可以品嚐台灣街頭小吃！,https://www.google.com/maps/contrib/105330847557962299875/reviews?hl=zh-TW
大東夜市,羽,4 則評論,1 年前,4 顆星,,https://www.google.com/maps/contrib/105134921630031156122/reviews?hl=zh-TW
大東夜市,Serena Jou,在地嚮導 · 85 則評論 · 200 張相片,1 年前,5 顆星,,https://www.google.com/maps/contrib/112364215696545028280/reviews?hl=zh-TW
大東夜市,賴佳良,5 則評論 · 3 張相片,1 年前,2 顆星,沒有什麼攤販不像夜市,https://www.google.com/maps/contrib/116781293709029431427/reviews?hl=zh-TW
大東夜市,孟姐,在地嚮導 · 10 則評論,1 年前,5 顆星,很大很多人 很好逛 停車位都不好找,https://www.google.com/maps/contrib/118322296066167515748/reviews?hl=zh-TW
大東夜市,袁健智,在地嚮導 · 71 則評論 · 2 張相片,1 年前,5 顆星,小吃類多好選擇,https://www.google.com/maps/contrib/115005212505491913907/reviews?hl=zh-TW
大東夜市,SONG,在地嚮導 · 82 則評論 · 181 張相片,1 年前,5 顆星,從小逛到大的好地方👍 …,https://www.google.com/maps/contrib/108991552471772818460/reviews?hl=zh-TW
大東夜市,陳俞均,在地嚮導 · 102 則評論 · 82 張相片,1 年前,5 顆星,平日花園夜市有名的排隊名攤，在這裡不用久等就能享用,https://www.google.com/maps/contrib/102577496223202667134/reviews?hl=zh-TW
大東夜市,奶綠,在地嚮導 · 65 則評論 · 8 張相片,1 年前,5 顆星,好吃東西蠻多,https://www.google.com/maps/contrib/118171541530750323935/reviews?hl=zh-TW
大東夜市,Horse Ma,在地嚮導 · 70 則評論 · 21 張相片,1 年前,5 顆星,還可以 小吃蠻多的,https://www.google.com/maps/contrib/105279633511508039452/reviews?hl=zh-TW
大東夜市,葉丹盈,在地嚮導 · 20 則評論 · 27 張相片,1 年前,1 顆星,不好逛規劃不好沒有幾攤,https://www.google.com/maps/contrib/113105216937702913193/reviews?hl=zh-TW
大東夜市,賢學,在地嚮導 · 52 則評論 · 2 張相片,1 年前,5 顆星,,https://www.google.com/maps/contrib/110685808327475981401/reviews?hl=zh-TW
大東夜市,22方賜美,在地嚮導 · 90 則評論 · 13 張相片,1 年前,5 顆星,用餐愉快指標清楚心情好,https://www.google.com/maps/contrib/115922051318883697211/reviews?hl=zh-TW
大東夜市,Ju Chung Yu,14 則評論 · 8 張相片,1 年前,5 顆星,,https://www.google.com/maps/contrib/105474102627896101497/reviews?hl=zh-TW
大東夜市,冬,"在地嚮導 · 2,230 則評論 · 28,927 張相片",1 年前,4 顆星,"二年後再訪！變得好小喔😓好多愛吃的攤子都不見了！逛了一圈都沒有想吃⋯想買的⋯

🥬🥬🥬🥬🥬 …",https://www.google.com/maps/contrib/109055872350316710925/reviews?hl=zh-TW
大東夜市,許壁虎,11 則評論 · 8 張相片,1 年前,5 顆星,,https://www.google.com/maps/contrib/101947195828112300927/reviews?hl=zh-TW
大東夜市,梁志顥,7 則評論,1 年前,4 顆星,好逛,https://www.google.com/maps/contrib/116079037411740480872/reviews?hl=zh-TW
大東夜市,Wesley Xu,在地嚮導 · 349 則評論 · 785 張相片,1 年前,4 顆星,解鎖新夜市！第一次到大東夜市，覺得這裡的動線規劃不錯，攤位多但不會感到擁擠。吃了炸金針菇/杏鮑菇，滷安淳，蔥油餅，雞腿卷，滷味，營養三明治和旗魚黑輪。最喜歡的是炸金針菇，好好吃😋👍🏻 …,https://www.google.com/maps/contrib/116507817542057576800/reviews?hl=zh-TW
大東夜市,Kevin Wang,在地嚮導 · 152 則評論 · 168 張相片,1 年前,5 顆星,"一排一排轉好像進入催眠狀態
跟著同一堆人行走逐漸感覺像認識了一樣
攤品越來越有創意 …",https://www.google.com/maps/contrib/105626311860105646698/reviews?hl=zh-TW
大東夜市,楚雲天,7 則評論,1 年前,3 顆星,東西沒有以前好了,https://www.google.com/maps/contrib/104011739972993274049/reviews?hl=zh-TW
大東夜市,rumstick D,5 則評論 · 1 張相片,1 年前,4 顆星,"分大東跟大大東之後好複雜
想吃的在另一邊 還要繞過去
玩的吃的也變少了 入口走了好幾遍",https://www.google.com/maps/contrib/102494516348057433571/reviews?hl=zh-TW
大東夜市,吳海慶,"在地嚮導 · 541 則評論 · 4,416 張相片",1 年前,5 顆星,人潮很多，停車非常不易,https://www.google.com/maps/contrib/114510116891764945985/reviews?hl=zh-TW
大東夜市,黑兔萌萌,"在地嚮導 · 281 則評論 · 1,812 張相片",1 年前,3 顆星,,https://www.google.com/maps/contrib/115835172229454619658/reviews?hl=zh-TW
大東夜市,Cerberus Yang,在地嚮導 · 51 則評論 · 18 張相片,1 年前,1 顆星,沒有以前那麼好逛，越來越失望，已經把它從大大武花大武花剔除。,https://www.google.com/maps/contrib/110154553923018518718/reviews?hl=zh-TW
大東夜市,育右林,在地嚮導 · 6 則評論,1 年前,5 顆星,,https://www.google.com/maps/contrib/109120065952952150995/reviews?hl=zh-TW
大東夜市,杜瓏玦,在地嚮導 · 41 則評論 · 28 張相片,1 年前,5 顆星,,https://www.google.com/maps/contrib/112697186984103752065/reviews?hl=zh-TW
大東夜市,IWMO JS,3 則評論,1 年前,5 顆星,,https://www.google.com/maps/contrib/104207193084336203968/reviews?hl=zh-TW
大東夜市,Liz,在地嚮導 · 37 則評論 · 41 張相片,1 年前,4 顆星,,https://www.google.com/maps/contrib/102053225347488927658/reviews?hl=zh-TW
大東夜市,黃軒軒,在地嚮導 · 30 則評論 · 20 張相片,1 年前,5 顆星,吃的東西很多樣！蠻好逛的,https://www.google.com/maps/contrib/104047821109044940904/reviews?hl=zh-TW
大東夜市,Gwynn Chen,在地嚮導 · 167 則評論 · 450 張相片,1 年前,5 顆星,"攤位多，吃的為主
但分割成大東和大東東後中間隔開，
逛的體驗變差，而且沒有休息區域",https://www.google.com/maps/contrib/117869535798631329675/reviews?hl=zh-TW
大東夜市,邱羽禔,"在地嚮導 · 675 則評論 · 3,040 張相片",1 年前,4 顆星,附近爆炸難停車，個人覺得除了法式鐵板雞排以外，其餘沒啥好吃的,https://www.google.com/maps/contrib/116262323731712414727/reviews?hl=zh-TW
大東夜市,郭承翰,在地嚮導 · 18 則評論 · 23 張相片,1 年前,5 顆星,,https://www.google.com/maps/contrib/118325559196537554351/reviews?hl=zh-TW
大東夜市,阿熊,在地嚮導 · 46 則評論 · 11 張相片,1 年前,5 顆星,,https://www.google.com/maps/contrib/101370413455057527183/reviews?hl=zh-TW
大東夜市,徐德旺,在地嚮導 · 10 則評論 · 3 張相片,1 年前,5 顆星,,https://www.google.com/maps/contrib/111924598027022383922/reviews?hl=zh-TW
大東夜市,Stella Lin,在地嚮導 · 87 則評論 · 30 張相片,1 年前,4 顆星,比較觀光,https://www.google.com/maps/contrib/117896567718567539038/reviews?hl=zh-TW
大東夜市,Steve Yui,在地嚮導 · 95 則評論 · 142 張相片,1 年前,5 顆星,,https://www.google.com/maps/contrib/109322142858590828890/reviews?hl=zh-TW
大東夜市,高敏欣,在地嚮導 · 18 則評論 · 21 張相片,1 年前,3 顆星,變成大東東跟大東之後動線規劃很差,https://www.google.com/maps/contrib/102602529686624975998/reviews?hl=zh-TW
大東夜市,陳錦蓉,5 則評論 · 6 張相片,1 年前,4 顆星,,https://www.google.com/maps/contrib/105562717111932956540/reviews?hl=zh-TW
大東夜市,林詩婷,4 則評論 · 4 張相片,1 年前,5 顆星,,https://www.google.com/maps/contrib/106519629349512994798/reviews?hl=zh-TW
大東夜市,Dennis Weng,在地嚮導 · 154 則評論 · 557 張相片,1 年前,3 顆星,,https://www.google.com/maps/contrib/116990769861022260568/reviews?hl=zh-TW
大東夜市,Lee Min Wong,在地嚮導 · 10 則評論 · 117 張相片,1 年前,5 顆星,大多數攤位在下午 6 點開門。我們晚上7點左右離開。早點去避開人群。,https://www.google.com/maps/contrib/114664329707028519552/reviews?hl=zh-TW
大東夜市,粽子,1 則評論,1 年前,5 顆星,,https://www.google.com/maps/contrib/111570888548212777772/reviews?hl=zh-TW
大東夜市,Su Su,在地嚮導 · 23 則評論 · 11 張相片,1 年前,5 顆星,,https://www.google.com/maps/contrib/114190728132358609862/reviews?hl=zh-TW
大東夜市,無塵,在地嚮導 · 352 則評論 · 665 張相片,1 年前,4 顆星,人很多東西也算不錯,https://www.google.com/maps/contrib/102437646197518241039/reviews?hl=zh-TW
大東夜市,沈家慶,"在地嚮導 · 123 則評論 · 3,773 張相片",1 年前,5 顆星,大東夜市分裂成大東與大東東~ 但平常日的人潮還是不少。,https://www.google.com/maps/contrib/115108617929621451366/reviews?hl=zh-TW
大東夜市,張豐盛,1 則評論,1 年前,5 顆星,,https://www.google.com/maps/contrib/108600515669908377615/reviews?hl=zh-TW
大東夜市,VODKA CHU,在地嚮導 · 20 則評論 · 22 張相片,1 年前,5 顆星,,https://www.google.com/maps/contrib/101456747606184200369/reviews?hl=zh-TW
大東夜市,鄭薽,在地嚮導 · 83 則評論 · 97 張相片,1 年前,5 顆星,,https://www.google.com/maps/contrib/101094251482814151470/reviews?hl=zh-TW
大東夜市,Gi Alison,在地嚮導 · 148 則評論 · 9 張相片,1 年前,5 顆星,人車多到很可怕的夜市,https://www.google.com/maps/contrib/108200787720027286482/reviews?hl=zh-TW
大東夜市,Laurel Liu,"在地嚮導 · 216 則評論 · 1,174 張相片",1 年前,4 顆星,攤販分成左右兩邊，沒有汽車停車場，附近停車位感覺不會太難找，食物不會一直都重複👍 …,https://www.google.com/maps/contrib/113545047013954215537/reviews?hl=zh-TW
大東夜市,Yeh Wan,在地嚮導 · 23 則評論 · 1 張相片,1 年前,4 顆星,吃的店家比大東東多選擇性,https://www.google.com/maps/contrib/108854451820309799261/reviews?hl=zh-TW
大東夜市,林柏瑞,在地嚮導 · 75 則評論 · 13 張相片,1 年前,1 顆星,,https://www.google.com/maps/contrib/111587661976323199538/reviews?hl=zh-TW
大東夜市,洋芋片,"在地嚮導 · 473 則評論 · 1,986 張相片",1 年前,5 顆星,日本人的章魚燒真的很正宗，車位很難停,https://www.google.com/maps/contrib/100620433344525371013/reviews?hl=zh-TW
大東夜市,金城舞,在地嚮導 · 148 則評論 · 23 張相片,1 年前,4 顆星,第一次去還不錯逛,https://www.google.com/maps/contrib/115392134250159509174/reviews?hl=zh-TW
大東夜市,公道伯,在地嚮導 · 30 則評論 · 1 張相片,1 年前,5 顆星,,https://www.google.com/maps/contrib/103041333735776400573/reviews?hl=zh-TW
大東夜市,潘小弟,9 則評論 · 2 張相片,1 年前,5 顆星,,https://www.google.com/maps/contrib/114416517474553162505/reviews?hl=zh-TW
大東夜市,Yu-Han Chang,"在地嚮導 · 244 則評論 · 3,970 張相片",1 年前,4 顆星,,https://www.google.com/maps/contrib/117883956530999271045/reviews?hl=zh-TW
大東夜市,鍾隆興,在地嚮導 · 113 則評論 · 316 張相片,1 年前,5 顆星,"讚讚的台南夜市完整人潮海體驗～
好吃好逛啦！
隔壁大東東一起逛，要先越過發電機就是了！",https://www.google.com/maps/contrib/104128804164161049118/reviews?hl=zh-TW
大東夜市,Lin,在地嚮導 · 10 則評論 · 2 張相片,1 年前,5 顆星,,https://www.google.com/maps/contrib/105993287810202636705/reviews?hl=zh-TW
大東夜市,wendy Ko,"在地嚮導 · 324 則評論 · 6,798 張相片",1 年前,5 顆星,,https://www.google.com/maps/contrib/101624963562175586001/reviews?hl=zh-TW
大東夜市,M H,在地嚮導 · 25 則評論 · 16 張相片,1 年前,4 顆星,,https://www.google.com/maps/contrib/103085432962605539995/reviews?hl=zh-TW
大東夜市,Oris Ou,"在地嚮導 · 21 則評論 · 1,477 張相片",1 年前,4 顆星,,https://www.google.com/maps/contrib/101830810865847251212/reviews?hl=zh-TW
大東夜市,婷婷,在地嚮導 · 27 則評論 · 36 張相片,1 年前,5 顆星,,https://www.google.com/maps/contrib/101167622645971728670/reviews?hl=zh-TW
大東夜市,廣哥朕在忙,"在地嚮導 · 25 則評論 · 1,077 張相片",1 年前,4 顆星,,https://www.google.com/maps/contrib/116350181888166757261/reviews?hl=zh-TW
大東夜市,Shunshing Wong,在地嚮導 · 7 則評論 · 613 張相片,1 年前,3 顆星,,https://www.google.com/maps/contrib/110060695181399097219/reviews?hl=zh-TW
大東夜市,Sam Wang,在地嚮導 · 5 則評論 · 842 張相片,1 年前,4 顆星,,https://www.google.com/maps/contrib/112071709678855526103/reviews?hl=zh-TW
大東夜市,Betty Chang,在地嚮導 · 43 則評論 · 45 張相片,1 年前,3 顆星,"分成兩邊後變得很不好逛，攤位也少很多
有的攤位在這邊，有的在那邊，還不互通，超級麻煩",https://www.google.com/maps/contrib/116372319906547337848/reviews?hl=zh-TW
大東夜市,陳章魚,在地嚮導 · 8 則評論 · 1 張相片,1 年前,5 顆星,,https://www.google.com/maps/contrib/117298721436974628428/reviews?hl=zh-TW
大東夜市,蘇柏原,26 則評論 · 15 張相片,1 年前,5 顆星,,https://www.google.com/maps/contrib/113767013082312786987/reviews?hl=zh-TW
大東夜市,王瑋,在地嚮導 · 12 則評論 · 13 張相片,1 年前,5 顆星,,https://www.google.com/maps/contrib/110780431182535772925/reviews?hl=zh-TW
大東夜市,鄭光哲,在地嚮導 · 11 則評論 · 15 張相片,1 年前,5 顆星,,https://www.google.com/maps/contrib/107841109900846225653/reviews?hl=zh-TW
大東夜市,泡芙,在地嚮導 · 27 則評論 · 6 張相片,1 年前,5 顆星,還蠻好逛的～隔壁的大東東也不錯👍 …,https://www.google.com/maps/contrib/116135285518684061161/reviews?hl=zh-TW
大東夜市,柯木炎,在地嚮導 · 6 則評論 · 25 張相片,1 年前,4 顆星,不錯哦好逛,https://www.google.com/maps/contrib/113131934579818915472/reviews?hl=zh-TW
大東夜市,譽禮堂,1 則評論,1 年前,2 顆星,現在很難逛,https://www.google.com/maps/contrib/109099954651991566412/reviews?hl=zh-TW
大東夜市,Sharon Su,在地嚮導 · 16 則評論 · 5 張相片,1 年前,5 顆星,,https://www.google.com/maps/contrib/117571259254462536588/reviews?hl=zh-TW
大東夜市,yuyun C,9 則評論 · 3 張相片,1 年前,2 顆星,分裂隔開後人潮越來越少，東西越來越貴,https://www.google.com/maps/contrib/115515098766852652998/reviews?hl=zh-TW
大東夜市,Pooh HY,在地嚮導 · 31 則評論 · 18 張相片,1 年前,5 顆星,,https://www.google.com/maps/contrib/104094656936132385193/reviews?hl=zh-TW
大東夜市,STEVE WANG (史蒂夫),在地嚮導 · 29 則評論 · 34 張相片,1 年前,2 顆星,動線和,https://www.google.com/maps/contrib/111652972705164336239/reviews?hl=zh-TW
大東夜市,不吃咖哩喵,5 則評論 · 1 張相片,1 年前,5 顆星,停車方便有停車場,https://www.google.com/maps/contrib/116578779343082826089/reviews?hl=zh-TW
大東夜市,陳木祥,1 則評論 · 1 張相片,1 年前,4 顆星,,https://www.google.com/maps/contrib/101229674253521088831/reviews?hl=zh-TW
大東夜市,撿到一千塊,在地嚮導 · 57 則評論 · 45 張相片,1 年前,3 顆星,現在大東夜市和大東東夜市中間有隔著，都要從外面在繞進去，而且感覺也比之前小很多。,https://www.google.com/maps/contrib/112255785634787392048/reviews?hl=zh-TW
大東夜市,祡柴,在地嚮導 · 22 則評論 · 10 張相片,1 年前,5 顆星,這是蚵仔煎,https://www.google.com/maps/contrib/104388988580663919789/reviews?hl=zh-TW
大東夜市,邱莉軒,在地嚮導 · 154 則評論 · 210 張相片,1 年前,5 顆星,,https://www.google.com/maps/contrib/114301670900667840849/reviews?hl=zh-TW
大東夜市,賴賴,在地嚮導 · 11 則評論 · 126 張相片,1 年前,5 顆星,,https://www.google.com/maps/contrib/111940889044109095255/reviews?hl=zh-TW
大東夜市,Eddie Hsieh,在地嚮導 · 64 則評論 · 132 張相片,1 年前,4 顆星,"以前人比較少
這次去也一堆人
太可怕了",https://www.google.com/maps/contrib/115074067090425537404/reviews?hl=zh-TW
大東夜市,黃威升,在地嚮導 · 2 則評論 · 82 張相片,1 年前,5 顆星,,https://www.google.com/maps/contrib/107091733621114672321/reviews?hl=zh-TW
大東夜市,峰墉林,在地嚮導 · 1 則評論 · 2 張相片,1 年前,3 顆星,,https://www.google.com/maps/contrib/104505366332949472854/reviews?hl=zh-TW
大東夜市,黃Kevin,在地嚮導 · 83 則評論 · 58 張相片,1 年前,5 顆星,每次去人多到爆炸，全台灣來說算是數一數二正港夜市，吃的、喝的，該有的都有！重複性不高，真心推薦大家常來台南玩👍👍 推推 …,https://www.google.com/maps/contrib/107621744507524695706/reviews?hl=zh-TW
大東夜市,ball ball,在地嚮導 · 17 則評論 · 1 張相片,1 年前,1 顆星,現在直接被一分為二，要過去還得從入口那裡走過去，不像以前那樣可以一條逛完換一條,https://www.google.com/maps/contrib/109929230307587299542/reviews?hl=zh-TW
大東夜市,Michael Mok,在地嚮導 · 23 則評論 · 15 張相片,1 年前,5 顆星,,https://www.google.com/maps/contrib/108368304106020182988/reviews?hl=zh-TW
大東夜市,胡文彥,在地嚮導 · 8 則評論 · 1 張相片,1 年前,5 顆星,好吃的東西一堆,https://www.google.com/maps/contrib/113535576371797517109/reviews?hl=zh-TW
大東夜市,張家豪,在地嚮導 · 109 則評論 · 318 張相片,1 年前,5 顆星,"素食在目前逛過的夜市來說算是多的
鳥蛋很好吃，忘記哪間了有加中藥很好吃
大亨堡好吃又便宜 …",https://www.google.com/maps/contrib/108090835323512276079/reviews?hl=zh-TW
大東夜市,Lin Ryan,"在地嚮導 · 659 則評論 · 6,855 張相片",1 年前,5 顆星,,https://www.google.com/maps/contrib/109192696397174337701/reviews?hl=zh-TW
大東夜市,妙株颜,在地嚮導 · 7 則評論 · 24 張相片,1 年前,5 顆星,,https://www.google.com/maps/contrib/107604781295106518598/reviews?hl=zh-TW
大東夜市,彭靖淳,10 則評論 · 7 張相片,1 年前,5 顆星,,https://www.google.com/maps/contrib/114269066550661685161/reviews?hl=zh-TW
大東夜市,貝貝,在地嚮導 · 152 則評論 · 884 張相片,1 年前,4 顆星,改版後第一次來逛，好像沒有什麼特別的，本來想吃叻薩麵。但又不太餓,https://www.google.com/maps/contrib/106109469319656871824/reviews?hl=zh-TW
大東夜市,勇来黄,2 則評論,1 年前,4 顆星,,https://www.google.com/maps/contrib/101343303321827395233/reviews?hl=zh-TW
大東夜市,阿喬,在地嚮導 · 17 則評論 · 6 張相片,1 年前,4 顆星,,https://www.google.com/maps/contrib/105500020808583793947/reviews?hl=zh-TW
大東夜市,Angela Huang,在地嚮導 · 12 則評論 · 7 張相片,1 年前,5 顆星,,https://www.google.com/maps/contrib/113924819849314902049/reviews?hl=zh-TW
大東夜市,KAI,在地嚮導 · 305 則評論 · 840 張相片,1 年前,3 顆星,喜歡夜市的人可以逛逛，但不是非來不可的景點,https://www.google.com/maps/contrib/110802077634690011186/reviews?hl=zh-TW
大東夜市,u Hs,12 則評論 · 1 張相片,1 年前,1 顆星,"買 無骨鳳爪 小心高價！
沒有標價不要購買
今日購買攤位擺好幾個大圓盤的 …",https://www.google.com/maps/contrib/107086598998068237838/reviews?hl=zh-TW
大東夜市,闇藍,在地嚮導 · 17 則評論 · 7 張相片,1 年前,4 顆星,,https://www.google.com/maps/contrib/116215346723978291971/reviews?hl=zh-TW
大東夜市,金飽,在地嚮導 · 169 則評論 · 912 張相片,1 年前,3 顆星,到台南朝聖一下,https://www.google.com/maps/contrib/111467519526716988760/reviews?hl=zh-TW
大東夜市,傅柏齊,7 則評論 · 5 張相片,1 年前,4 顆星,,https://www.google.com/maps/contrib/114802383341443931432/reviews?hl=zh-TW
大東夜市,施鴻昌,在地嚮導 · 19 則評論 · 8 張相片,1 年前,5 顆星,規劃的很整齊,https://www.google.com/maps/contrib/117740495203098756184/reviews?hl=zh-TW
大東夜市,FH Tsai,在地嚮導 · 190 則評論 · 232 張相片,1 年前,5 顆星,很熱鬧,https://www.google.com/maps/contrib/106148638834080227100/reviews?hl=zh-TW
大東夜市,Sylvia Su,"在地嚮導 · 1,390 則評論 · 5,960 張相片",1 年前,5 顆星,"只營業週一、二、五，昔日大東夜市今日一分為二，成為了大東夜市、大東東夜市。大東東夜市佔了約2/3，而大東夜市則1/3。

蠻多攤位的，也有規劃公廁。有吃有玩，還不錯！",https://www.google.com/maps/contrib/117597040707417681852/reviews?hl=zh-TW
大東夜市,Mizuno Amagi,在地嚮導 · 3 則評論 · 8 張相片,1 年前,5 顆星,,https://www.google.com/maps/contrib/115433539071579460397/reviews?hl=zh-TW
大東夜市,游士緯,在地嚮導 · 23 則評論 · 22 張相片,1 年前,5 顆星,"挺好逛的，而且垃圾桶🚮和廁所🚾都挺容易找尋
食物種類豐富，價格划算 …",https://www.google.com/maps/contrib/112784214845309775983/reviews?hl=zh-TW
大東夜市,2013hung,在地嚮導 · 3 則評論 · 18 張相片,1 年前,5 顆星,,https://www.google.com/maps/contrib/112271020735008333333/reviews?hl=zh-TW
大東夜市,高國桂（大鯨魚）,在地嚮導 · 150 則評論 · 741 張相片,1 年前,4 顆星,,https://www.google.com/maps/contrib/106651983837794566552/reviews?hl=zh-TW
大東夜市,Dwight Hsieh,"在地嚮導 · 160 則評論 · 1,268 張相片",1 年前,3 顆星,大東，大東東夜市原來是兩個夜市，一網之隔,https://www.google.com/maps/contrib/107434390315481723412/reviews?hl=zh-TW
大東夜市,李國強,在地嚮導 · 39 則評論 · 171 張相片,1 年前,4 顆星,,https://www.google.com/maps/contrib/101566398361968645941/reviews?hl=zh-TW
大東夜市,Chris Chen,在地嚮導 · 82 則評論 · 114 張相片,1 年前,3 顆星,還是以前的比較好,https://www.google.com/maps/contrib/115771032558792009174/reviews?hl=zh-TW
大東夜市,Ru,"在地嚮導 · 747 則評論 · 8,750 張相片",1 年前,5 顆星,"大東東夜市
搭公車不要開車來 ，一位難求
攤位多元，異國小吃、甜點偏多 …",https://www.google.com/maps/contrib/111290872440895361138/reviews?hl=zh-TW
大東夜市,xuan yu,"在地嚮導 · 290 則評論 · 1,136 張相片",1 年前,3 顆星,遊戲區都偏難玩,https://www.google.com/maps/contrib/108380825800919933910/reviews?hl=zh-TW
大東夜市,林于婷,在地嚮導 · 154 則評論 · 168 張相片,1 年前,3 顆星,分成兩邊之後就不太好逛了。,https://www.google.com/maps/contrib/117611769580628784154/reviews?hl=zh-TW
大東夜市,Dearstranger resuri,在地嚮導 · 49 則評論 · 21 張相片,1 年前,2 顆星,夜市賣的某一攤玩具盒玩公仔全是盜版，沒有正版的商標，一套盜版6-8盒400左右。,https://www.google.com/maps/contrib/110909409968556444705/reviews?hl=zh-TW
大東夜市,劉銘昇,8 則評論 · 6 張相片,1 年前,5 顆星,,https://www.google.com/maps/contrib/112036655200180114928/reviews?hl=zh-TW
大東夜市,Lo Henry,在地嚮導 · 123 則評論 · 1 張相片,1 年前,4 顆星,喝的飲料項目較多。給大眾使用的垃圾桶很少。,https://www.google.com/maps/contrib/107913702884529493225/reviews?hl=zh-TW
大東夜市,阿萬師,58 則評論 · 520 張相片,1 年前,5 顆星,"4/5（五）第一次到大東東夜市，首先是停車問題，汽車較難停，車位少，機車還是最理想的交通工具，除了夜市旁停車格，連公園周邊皆可停機車，夜市周邊會有協助交通的工作人員。
走進夜市內人潮洶湧，各種吃的東西幾呼都有，逛了一下找個想吃的東西就不想逛了，人太多！
喜歡熱鬧的人們，這裡是很適合的，可逛、可吃、還可看熱鬧氣氛，體驗一下各地夜市差別。",https://www.google.com/maps/contrib/106550914736053080478/reviews?hl=zh-TW
大東夜市,Chris William,在地嚮導 · 32 則評論 · 758 張相片,1 年前,4 顆星,,https://www.google.com/maps/contrib/110454377957194597244/reviews?hl=zh-TW
大東夜市,劉信宏,3 則評論 · 4 張相片,1 年前,5 顆星,👍 …,https://www.google.com/maps/contrib/110076313726980285848/reviews?hl=zh-TW
大東夜市,alex tsai,在地嚮導 · 140 則評論 · 271 張相片,1 年前,5 顆星,分成兩邊，生意更好噢！,https://www.google.com/maps/contrib/103164123036579374883/reviews?hl=zh-TW
大東夜市,KCE RTW Taiwan,在地嚮導 · 32 則評論 · 974 張相片,1 年前,2 顆星,,https://www.google.com/maps/contrib/101846985795736957771/reviews?hl=zh-TW
大東夜市,蜜兔,"在地嚮導 · 467 則評論 · 1,956 張相片",1 年前,5 顆星,,https://www.google.com/maps/contrib/108746543989058682554/reviews?hl=zh-TW
大東夜市,TyanLay CC,在地嚮導 · 21 則評論 · 11 張相片,1 年前,4 顆星,人有點太多了 但東西品項豐富,https://www.google.com/maps/contrib/109036283350067626524/reviews?hl=zh-TW
大東夜市,Kao-Chang Tu,在地嚮導 · 193 則評論 · 29 張相片,1 年前,3 顆星,夜市有一攤套圈圈的，中獎率超級低，不適合小孩玩,https://www.google.com/maps/contrib/101762173118566331187/reviews?hl=zh-TW
大東夜市,WU Edmund,在地嚮導 · 53 則評論 · 9 張相片,1 年前,5 顆星,,https://www.google.com/maps/contrib/107944273552146730729/reviews?hl=zh-TW
大東夜市,Eleet 1337,在地嚮導 · 84 則評論 · 37 張相片,1 年前,3 顆星,"超多人！！！
進去湊個熱鬧就逃出來了🤣 …",https://www.google.com/maps/contrib/110883733731918536018/reviews?hl=zh-TW
大東夜市,Pei-wen Chang (Pepa),在地嚮導 · 23 則評論 · 11 張相片,1 年前,5 顆星,,https://www.google.com/maps/contrib/115664165508008659491/reviews?hl=zh-TW
大東夜市,coco cute,7 則評論 · 1 張相片,1 年前,5 顆星,,https://www.google.com/maps/contrib/117925902144072265734/reviews?hl=zh-TW
大東夜市,Elaine _,12 則評論,1 年前,5 顆星,,https://www.google.com/maps/contrib/114322251731711570598/reviews?hl=zh-TW
大東夜市,連福,2 則評論 · 1 張相片,1 年前,5 顆星,,https://www.google.com/maps/contrib/115546904086443453460/reviews?hl=zh-TW
大東夜市,21 Y,在地嚮導 · 242 則評論 · 27 張相片,1 年前,2 顆星,"很多攤販都在攤位抽菸
很臭 很噁 也沒在洗手就抓食物🤢🤢🤢🤢🤢 …",https://www.google.com/maps/contrib/115840969746911833584/reviews?hl=zh-TW
大東夜市,Emma Chen,在地嚮導 · 183 則評論 · 38 張相片,1 年前,4 顆星,,https://www.google.com/maps/contrib/101689378962715018736/reviews?hl=zh-TW
大東夜市,Evan Luo,在地嚮導 · 190 則評論 · 263 張相片,1 年前,1 顆星,一個夜市分成兩個好麻煩，至少可以讓人可以快速穿梭兩個夜市，還要特別走出去太麻煩,https://www.google.com/maps/contrib/109916121917470587688/reviews?hl=zh-TW
大東夜市,Jenny Lee,在地嚮導 · 78 則評論 · 8 張相片,1 年前,3 顆星,攤販賣相都不是很好,https://www.google.com/maps/contrib/104989427280775606407/reviews?hl=zh-TW
大東夜市,含含,"在地嚮導 · 267 則評論 · 1,610 張相片",1 年前,4 顆星,"~~~3.29(五)再訪~~~
很久沒吃藥膳排骨還是跟著排
老闆很鬧對每個客人都說：200好不好(此處沒有惡意 僅覺得有趣) …",https://www.google.com/maps/contrib/110864915603062330512/reviews?hl=zh-TW
大東夜市,波先生,在地嚮導 · 97 則評論 · 134 張相片,1 年前,5 顆星,"雖然分家但大東東夜市豐富度不錯
大東夜市傳統 兩邊都很好
但還是希望開個通道方便兩邊同行",https://www.google.com/maps/contrib/111804739500590125955/reviews?hl=zh-TW
大東夜市,YuLin Chen,在地嚮導 · 14 則評論 · 1 張相片,1 年前,4 顆星,,https://www.google.com/maps/contrib/105590024986122711911/reviews?hl=zh-TW
大東夜市,C J (CJ),在地嚮導 · 106 則評論 · 54 張相片,1 年前,4 顆星,,https://www.google.com/maps/contrib/102645512568786213612/reviews?hl=zh-TW
大東夜市,Andy 1,在地嚮導 · 20 則評論 · 36 張相片,1 年前,5 顆星,,https://www.google.com/maps/contrib/115212132665005370413/reviews?hl=zh-TW
大東夜市,30瑀彤,在地嚮導 · 8 則評論 · 239 張相片,1 年前,5 顆星,,https://www.google.com/maps/contrib/117286749169862904293/reviews?hl=zh-TW
大東夜市,a Joann,7 則評論 · 18 張相片,1 年前,5 顆星,,https://www.google.com/maps/contrib/110903349688109680865/reviews?hl=zh-TW
大東夜市,吳禹龍,1 則評論,1 年前,5 顆星,,https://www.google.com/maps/contrib/102276043124275812256/reviews?hl=zh-TW
大東夜市,陳琳云,1 則評論,1 年前,5 顆星,,https://www.google.com/maps/contrib/111578546894377141247/reviews?hl=zh-TW
大東夜市,林祐萱,6 則評論 · 1 張相片,1 年前,5 顆星,,https://www.google.com/maps/contrib/102733885759906886845/reviews?hl=zh-TW
大東夜市,林姿岑,在地嚮導 · 10 則評論 · 2 張相片,1 年前,5 顆星,,https://www.google.com/maps/contrib/109469002147567990702/reviews?hl=zh-TW
大東夜市,林姿佑,3 則評論,1 年前,5 顆星,,https://www.google.com/maps/contrib/104391450693650941430/reviews?hl=zh-TW
大東夜市,黃識哲,在地嚮導 · 16 則評論 · 5 張相片,1 年前,5 顆星,,https://www.google.com/maps/contrib/103953279302497250430/reviews?hl=zh-TW
大東夜市,叉燒包,在地嚮導 · 124 則評論 · 10 張相片,1 年前,5 顆星,東東搶,https://www.google.com/maps/contrib/110388263825208921691/reviews?hl=zh-TW
大東夜市,肉包,在地嚮導 · 43 則評論 · 29 張相片,1 年前,5 顆星,場地很大，不太會人擠人,https://www.google.com/maps/contrib/108919418830625377346/reviews?hl=zh-TW
大東夜市,偷渡的歐洲人,3 則評論,1 年前,5 顆星,東西超多超好逛,https://www.google.com/maps/contrib/112632344681692542917/reviews?hl=zh-TW
大東夜市,楊蕙瑜,2 則評論 · 1 張相片,1 年前,5 顆星,,https://www.google.com/maps/contrib/115232483278028558176/reviews?hl=zh-TW
大東夜市,tay De,在地嚮導 · 19 則評論 · 20 張相片,1 年前,5 顆星,,https://www.google.com/maps/contrib/108505742601217132075/reviews?hl=zh-TW
大東夜市,許益嘉,在地嚮導 · 17 則評論 · 7 張相片,1 年前,5 顆星,,https://www.google.com/maps/contrib/101253564682495408315/reviews?hl=zh-TW
大東夜市,陳廷儒,7 則評論 · 4 張相片,1 年前,5 顆星,,https://www.google.com/maps/contrib/106069692519050403116/reviews?hl=zh-TW
大東夜市,shi,1 則評論,1 年前,5 顆星,,https://www.google.com/maps/contrib/110080160968987037921/reviews?hl=zh-TW
大東夜市,Wingkin Leung,,1 年前,5 顆星,,https://www.google.com/maps/contrib/117675897063986817103/reviews?hl=zh-TW
大東夜市,Sandy Chu,4 則評論 · 4 張相片,1 年前,5 顆星,,https://www.google.com/maps/contrib/100770957895608745604/reviews?hl=zh-TW
大東夜市,吳采潔,6 則評論 · 4 張相片,1 年前,5 顆星,,https://www.google.com/maps/contrib/106826423655922631953/reviews?hl=zh-TW
大東夜市,吳8萍,9 則評論 · 6 張相片,1 年前,5 顆星,,https://www.google.com/maps/contrib/100728819648622717337/reviews?hl=zh-TW
大東夜市,蘇芊穎,5 則評論 · 1 張相片,1 年前,5 顆星,,https://www.google.com/maps/contrib/100929967760999942100/reviews?hl=zh-TW
大東夜市,Justin Müller,2 則評論 · 1 張相片,1 年前,5 顆星,,https://www.google.com/maps/contrib/102620337079852298255/reviews?hl=zh-TW
大東夜市,陳博聞,在地嚮導 · 27 則評論 · 5 張相片,1 年前,5 顆星,,https://www.google.com/maps/contrib/105194496032733895687/reviews?hl=zh-TW
大東夜市,花見羞,在地嚮導 · 46 則評論 · 17 張相片,1 年前,5 顆星,,https://www.google.com/maps/contrib/101461146977666031533/reviews?hl=zh-TW
大東夜市,王彤,在地嚮導 · 31 則評論 · 24 張相片,1 年前,5 顆星,,https://www.google.com/maps/contrib/102434508852700241700/reviews?hl=zh-TW
大東夜市,郭佩瑜,在地嚮導 · 14 則評論 · 27 張相片,1 年前,5 顆星,,https://www.google.com/maps/contrib/109501892207140203379/reviews?hl=zh-TW
大東夜市,娃娃,在地嚮導 · 72 則評論 · 285 張相片,1 年前,5 顆星,,https://www.google.com/maps/contrib/106443724300729132146/reviews?hl=zh-TW
大東夜市,Ray Wu,8 則評論,1 年前,5 顆星,,https://www.google.com/maps/contrib/109911113651567795080/reviews?hl=zh-TW
大東夜市,楊維新,5 則評論 · 1 張相片,1 年前,5 顆星,好,https://www.google.com/maps/contrib/118196718241127600899/reviews?hl=zh-TW
大東夜市,pei,1 則評論 · 1 張相片,1 年前,5 顆星,,https://www.google.com/maps/contrib/102774672545818498471/reviews?hl=zh-TW
大東夜市,佳,在地嚮導 · 21 則評論 · 10 張相片,1 年前,5 顆星,東西都很好吃,https://www.google.com/maps/contrib/116354107580481232446/reviews?hl=zh-TW
大東夜市,叶凜,7 則評論 · 7 張相片,1 年前,5 顆星,,https://www.google.com/maps/contrib/105213975400365005058/reviews?hl=zh-TW
大東夜市,張雅菁,4 則評論 · 7 張相片,1 年前,5 顆星,,https://www.google.com/maps/contrib/103981021994841359442/reviews?hl=zh-TW
大東夜市,黃瓊芳,在地嚮導 · 19 則評論 · 17 張相片,1 年前,5 顆星,,https://www.google.com/maps/contrib/104118634564374150510/reviews?hl=zh-TW
大東夜市,李羿葳,14 則評論 · 4 張相片,1 年前,5 顆星,,https://www.google.com/maps/contrib/106242361570863982615/reviews?hl=zh-TW
大東夜市,吳庭儀,2 則評論,1 年前,5 顆星,,https://www.google.com/maps/contrib/114936339753677853996/reviews?hl=zh-TW
大東夜市,黃怡綾,3 則評論 · 1 張相片,1 年前,5 顆星,,https://www.google.com/maps/contrib/116490045360579955304/reviews?hl=zh-TW
大東夜市,Mandy Tai,3 則評論 · 5 張相片,1 年前,5 顆星,,https://www.google.com/maps/contrib/103529510916629471378/reviews?hl=zh-TW
大東夜市,clare chan,在地嚮導 · 37 則評論 · 24 張相片,1 年前,5 顆星,,https://www.google.com/maps/contrib/101781821627195302980/reviews?hl=zh-TW
大東夜市,good puppy,7 則評論,1 年前,5 顆星,,https://www.google.com/maps/contrib/116373429620321859328/reviews?hl=zh-TW
大東夜市,臺灣豬哥亮,在地嚮導 · 21 則評論 · 12 張相片,1 年前,5 顆星,,https://www.google.com/maps/contrib/101270914591481104613/reviews?hl=zh-TW
大東夜市,徐銘謙（Mike）,9 則評論,1 年前,5 顆星,👍 …,https://www.google.com/maps/contrib/108768189464239021866/reviews?hl=zh-TW
大東夜市,賴詒均,,1 年前,5 顆星,,https://www.google.com/maps/contrib/109910125413170620868/reviews?hl=zh-TW
大東夜市,李品萱,5 則評論 · 5 張相片,1 年前,5 顆星,,https://www.google.com/maps/contrib/112002179192553868620/reviews?hl=zh-TW
大東夜市,鈞智鄭,在地嚮導 · 30 則評論 · 9 張相片,1 年前,5 顆星,讚,https://www.google.com/maps/contrib/103355111266101225024/reviews?hl=zh-TW
大東夜市,羽子醬不是魚子醬,在地嚮導 · 15 則評論 · 9 張相片,1 年前,5 顆星,,https://www.google.com/maps/contrib/112043618924816147788/reviews?hl=zh-TW
大東夜市,Jenny,9 則評論,1 年前,5 顆星,,https://www.google.com/maps/contrib/107032145773757728153/reviews?hl=zh-TW
大東夜市,sin,5 則評論 · 3 張相片,1 年前,5 顆星,,https://www.google.com/maps/contrib/115794583319804908651/reviews?hl=zh-TW
大東夜市,Ally Lim,13 則評論 · 6 張相片,1 年前,5 顆星,出色的！ ！ ！,https://www.google.com/maps/contrib/104694152294568866310/reviews?hl=zh-TW
大東夜市,賴思瑜,13 則評論 · 3 張相片,1 年前,5 顆星,,https://www.google.com/maps/contrib/114739996965050715007/reviews?hl=zh-TW
大東夜市,Amelia Lim,12 則評論 · 6 張相片,1 年前,5 顆星,,https://www.google.com/maps/contrib/103278107143618367290/reviews?hl=zh-TW
大東夜市,楊詠翔,在地嚮導 · 28 則評論 · 20 張相片,1 年前,5 顆星,第一次來～走路的地方很寬廣，也很乾淨,https://www.google.com/maps/contrib/112371817724543236813/reviews?hl=zh-TW
大東夜市,Meimei Wang,3 則評論,1 年前,1 顆星,"某一個攤位，飛鏢射氣球的
兩個男人，有一個年輕男子，不講玩一次價錢多少，給他五百，他說等等找零給妳，結果他叫我跟我男友還有一個朋友，一起射飛鏢，說好的找零呢？最後還多付一百，總共6百，遇到這種的，自身要堅持先找零再玩，真的是傻傻不知道一直玩下去的話，藍色小朋友會飛走很多很多張",https://www.google.com/maps/contrib/110061840348735836011/reviews?hl=zh-TW
大東夜市,郭小綺,8 則評論,1 年前,5 顆星,,https://www.google.com/maps/contrib/107995502289169821082/reviews?hl=zh-TW
大東夜市,Yu Otto,"在地嚮導 · 1,214 則評論 · 7,317 張相片",1 年前,5 顆星,好吃好逛 妹子都很辣,https://www.google.com/maps/contrib/109292138428646969845/reviews?hl=zh-TW
大東夜市,David Liao,"在地嚮導 · 2,049 則評論 · 27,414 張相片",1 年前,2 顆星,"113/4
一個好好的夜市，非得隔成2個，結果兩邊逛起來都不大，也因為兩邊夜市中間隔起來的緣故，動線顯得非常不好，外地來的遊客會覺得莫名其妙，為何一個夜市的動線會這麼奇怪，原來是區隔成了兩個夜市，附近200公尺左右有公有平面停車場，可以去碰碰運氣。
不太推薦的夜市。",https://www.google.com/maps/contrib/108646160550400361004/reviews?hl=zh-TW
大東夜市,Ching Agis,"在地嚮導 · 120 則評論 · 1,243 張相片",1 年前,5 顆星,大東夜市+大東東夜市,https://www.google.com/maps/contrib/115011431720199673790/reviews?hl=zh-TW
大東夜市,KiKi,在地嚮導 · 25 則評論 · 16 張相片,1 年前,5 顆星,,https://www.google.com/maps/contrib/116028498620719062971/reviews?hl=zh-TW
大東夜市,Dollie,在地嚮導 · 22 則評論 · 8 張相片,1 年前,5 顆星,,https://www.google.com/maps/contrib/105303964986376936287/reviews?hl=zh-TW
大東夜市,陸瑄,在地嚮導 · 35 則評論 · 14 張相片,1 年前,5 顆星,,https://www.google.com/maps/contrib/116597139303329061397/reviews?hl=zh-TW
大東夜市,Lin Chloe,7 則評論 · 7 張相片,1 年前,5 顆星,,https://www.google.com/maps/contrib/118345503491885512959/reviews?hl=zh-TW
大東夜市,早銨,7 則評論 · 1 張相片,1 年前,5 顆星,,https://www.google.com/maps/contrib/110456617244635522747/reviews?hl=zh-TW
大東夜市,Jing wen Shiau,在地嚮導 · 30 則評論 · 1 張相片,1 年前,5 顆星,,https://www.google.com/maps/contrib/111945517329897645735/reviews?hl=zh-TW
大東夜市,陳慧玫,5 則評論 · 1 張相片,1 年前,5 顆星,,https://www.google.com/maps/contrib/105898313182627822247/reviews?hl=zh-TW
大東夜市,yurou h,,1 年前,5 顆星,,https://www.google.com/maps/contrib/110662153490461929995/reviews?hl=zh-TW
大東夜市,林子薰,,1 年前,5 顆星,,https://www.google.com/maps/contrib/112078931135822167706/reviews?hl=zh-TW
大東夜市,語辰,3 則評論,1 年前,5 顆星,,https://www.google.com/maps/contrib/114596626716308609591/reviews?hl=zh-TW
大東夜市,陳燒,,1 年前,5 顆星,,https://www.google.com/maps/contrib/113529721457050605030/reviews?hl=zh-TW
大東夜市,劉嘉棋,11 則評論,1 年前,5 顆星,,https://www.google.com/maps/contrib/115758093596013193657/reviews?hl=zh-TW
大東夜市,葉姿妤,在地嚮導 · 16 則評論 · 11 張相片,1 年前,5 顆星,,https://www.google.com/maps/contrib/104229884621264308273/reviews?hl=zh-TW
大東夜市,Yosojapan Chen,15 則評論 · 4 張相片,1 年前,5 顆星,好久沒來了👍 …,https://www.google.com/maps/contrib/108376686110367504910/reviews?hl=zh-TW
大東夜市,Hsu Wendy,17 則評論 · 4 張相片,1 年前,5 顆星,,https://www.google.com/maps/contrib/108125679764327354599/reviews?hl=zh-TW
大東夜市,Hsiaoping Lin,在地嚮導 · 15 則評論 · 17 張相片,1 年前,5 顆星,,https://www.google.com/maps/contrib/106756038957349768550/reviews?hl=zh-TW
大東夜市,蔡明憲,26 則評論 · 5 張相片,1 年前,5 顆星,很好逛,https://www.google.com/maps/contrib/117526844538431111796/reviews?hl=zh-TW
大東夜市,Qian Lin,10 則評論 · 5 張相片,1 年前,5 顆星,,https://www.google.com/maps/contrib/102235049205103691346/reviews?hl=zh-TW
大東夜市,旋ㄦ 婷文,在地嚮導 · 24 則評論 · 22 張相片,1 年前,5 顆星,,https://www.google.com/maps/contrib/103689386045031328710/reviews?hl=zh-TW
大東夜市,林亢勛,在地嚮導 · 15 則評論 · 9 張相片,1 年前,5 顆星,老地方 還是一樣的好吃好玩,https://www.google.com/maps/contrib/101402008275109548581/reviews?hl=zh-TW
大東夜市,韓昀倢,4 則評論,1 年前,5 顆星,,https://www.google.com/maps/contrib/111997461681863435164/reviews?hl=zh-TW
大東夜市,Sharon Fan,,1 年前,5 顆星,,https://www.google.com/maps/contrib/105038991804551364816/reviews?hl=zh-TW
大東夜市,陳玫君,2 則評論 · 1 張相片,1 年前,5 顆星,,https://www.google.com/maps/contrib/113714012253940421512/reviews?hl=zh-TW
大東夜市,邢宇喬,9 則評論 · 1 張相片,1 年前,5 顆星,,https://www.google.com/maps/contrib/113239458162749486130/reviews?hl=zh-TW
大東夜市,itsmadpig,在地嚮導 · 11 則評論 · 8 張相片,1 年前,5 顆星,,https://www.google.com/maps/contrib/100373050662303253157/reviews?hl=zh-TW
大東夜市,邱姵慈,11 則評論 · 9 張相片,1 年前,5 顆星,,https://www.google.com/maps/contrib/114472030015100382498/reviews?hl=zh-TW
大東夜市,Kuo Livia,在地嚮導 · 31 則評論 · 30 張相片,1 年前,5 顆星,,https://www.google.com/maps/contrib/100243345814730488520/reviews?hl=zh-TW
大東夜市,廖凱,在地嚮導 · 160 則評論 · 228 張相片,1 年前,5 顆星,"從大學到現在也十幾年了
每次來逛大東，必吃的就是延記臭豆腐
跟 拉撒麵，可惜這次臭豆腐炸的太酥了 …",https://www.google.com/maps/contrib/115390976344660732530/reviews?hl=zh-TW
大東夜市,陳馥之,在地嚮導 · 17 則評論 · 7 張相片,1 年前,5 顆星,,https://www.google.com/maps/contrib/108989552218364826210/reviews?hl=zh-TW
大東夜市,ho ling hui,,1 年前,5 顆星,,https://www.google.com/maps/contrib/106848526303280492783/reviews?hl=zh-TW
大東夜市,曾楚倩（Moku）,在地嚮導 · 37 則評論 · 26 張相片,1 年前,5 顆星,,https://www.google.com/maps/contrib/114262401717474609408/reviews?hl=zh-TW
大東夜市,草方,在地嚮導 · 48 則評論 · 98 張相片,1 年前,5 顆星,,https://www.google.com/maps/contrib/112623245961808910994/reviews?hl=zh-TW
大東夜市,黃培育,12 則評論 · 3 張相片,1 年前,5 顆星,,https://www.google.com/maps/contrib/116057864377098060941/reviews?hl=zh-TW
大東夜市,Katie Lok,1 則評論,1 年前,5 顆星,,https://www.google.com/maps/contrib/103927311064922389856/reviews?hl=zh-TW
大東夜市,Gary Tsai,在地嚮導 · 73 則評論 · 77 張相片,1 年前,5 顆星,,https://www.google.com/maps/contrib/103103645681896212951/reviews?hl=zh-TW
大東夜市,Weizy Lin,17 則評論 · 2 張相片,1 年前,5 顆星,,https://www.google.com/maps/contrib/113210706972598684512/reviews?hl=zh-TW
大東夜市,郭柏岩,在地嚮導 · 53 則評論 · 12 張相片,1 年前,5 顆星,,https://www.google.com/maps/contrib/110253766188239268530/reviews?hl=zh-TW
大東夜市,江蜜蜜,在地嚮導 · 28 則評論 · 83 張相片,1 年前,5 顆星,好吃,https://www.google.com/maps/contrib/108481915836246158946/reviews?hl=zh-TW
大東夜市,H.H. Yeh,在地嚮導 · 28 則評論 · 21 張相片,1 年前,5 顆星,,https://www.google.com/maps/contrib/110847721813202756499/reviews?hl=zh-TW
大東夜市,小冀,6 則評論 · 1 張相片,1 年前,5 顆星,,https://www.google.com/maps/contrib/113849186732924646420/reviews?hl=zh-TW
大東夜市,我的水壺破掉了,在地嚮導 · 19 則評論 · 65 張相片,1 年前,5 顆星,,https://www.google.com/maps/contrib/116255240839611558152/reviews?hl=zh-TW
大東夜市,chou shi Kaku (Guo jiang),在地嚮導 · 196 則評論 · 759 張相片,1 年前,5 顆星,,https://www.google.com/maps/contrib/101953162372787226059/reviews?hl=zh-TW
大東夜市,詹琇涵,4 則評論 · 3 張相片,1 年前,5 顆星,,https://www.google.com/maps/contrib/111068883377075288960/reviews?hl=zh-TW
大東夜市,廖子雁（summer）,6 則評論,1 年前,5 顆星,,https://www.google.com/maps/contrib/115698548503363481790/reviews?hl=zh-TW
大東夜市,Tasaw Tai,在地嚮導 · 67 則評論 · 144 張相片,1 年前,5 顆星,,https://www.google.com/maps/contrib/107675945065545022556/reviews?hl=zh-TW
大東夜市,陳昱秀,8 則評論 · 5 張相片,1 年前,5 顆星,,https://www.google.com/maps/contrib/116084328766014941778/reviews?hl=zh-TW
大東夜市,Son Chan Wong,1 張相片,1 年前,5 顆星,,https://www.google.com/maps/contrib/111494130588073435748/reviews?hl=zh-TW
大東夜市,BM,在地嚮導 · 567 則評論 · 596 張相片,1 年前,5 顆星,,https://www.google.com/maps/contrib/107959351844107366795/reviews?hl=zh-TW
大東夜市,大鱒魚,7 則評論,1 年前,5 顆星,,https://www.google.com/maps/contrib/110264476623903123933/reviews?hl=zh-TW
大東夜市,Joey Lu,9 則評論 · 3 張相片,1 年前,5 顆星,,https://www.google.com/maps/contrib/103850438212606701256/reviews?hl=zh-TW
大東夜市,circle,2 則評論,1 年前,5 顆星,,https://www.google.com/maps/contrib/111966084010910562948/reviews?hl=zh-TW
大東夜市,羅俐伶,在地嚮導 · 12 則評論 · 2 張相片,1 年前,5 顆星,,https://www.google.com/maps/contrib/108560236635592119305/reviews?hl=zh-TW
大東夜市,萬海龍,"在地嚮導 · 140 則評論 · 5,594 張相片",1 年前,4 顆星,,https://www.google.com/maps/contrib/113599430328313991506/reviews?hl=zh-TW
大東夜市,吳翌彣,13 則評論 · 1 張相片,1 年前,1 顆星,,https://www.google.com/maps/contrib/111175700081799707194/reviews?hl=zh-TW
大東夜市,吳俊葦,在地嚮導 · 3 則評論 · 1 張相片,1 年前,5 顆星,,https://www.google.com/maps/contrib/107101866755374237264/reviews?hl=zh-TW
大東夜市,彭于晏,在地嚮導 · 18 則評論 · 3 張相片,1 年前,5 顆星,,https://www.google.com/maps/contrib/113335078441191234021/reviews?hl=zh-TW
大東夜市,埃文,在地嚮導 · 12 則評論 · 8 張相片,1 年前,4 顆星,,https://www.google.com/maps/contrib/104684522353637019320/reviews?hl=zh-TW
大東夜市,Dorian W,在地嚮導 · 18 則評論 · 12 張相片,1 年前,5 顆星,,https://www.google.com/maps/contrib/116819984336144606888/reviews?hl=zh-TW
大東夜市,王昱閔,在地嚮導 · 28 則評論,1 年前,5 顆星,,https://www.google.com/maps/contrib/109786481982231465764/reviews?hl=zh-TW
大東夜市,///M-performance Individual,在地嚮導 · 331 則評論 · 855 張相片,1 年前,5 顆星,道地美食集散地,https://www.google.com/maps/contrib/101413638678996085744/reviews?hl=zh-TW
大東夜市,陳穎鈞,在地嚮導 · 81 則評論 · 361 張相片,1 年前,4 顆星,,https://www.google.com/maps/contrib/104974328906753767058/reviews?hl=zh-TW
大東夜市,吳昀鴻,在地嚮導 · 13 則評論 · 6 張相片,1 年前,5 顆星,,https://www.google.com/maps/contrib/110915370060644538022/reviews?hl=zh-TW
大東夜市,周靖,在地嚮導 · 5 則評論 · 2 張相片,1 年前,5 顆星,,https://www.google.com/maps/contrib/116061841385935215973/reviews?hl=zh-TW
大東夜市,鄭愷,在地嚮導 · 54 則評論 · 90 張相片,1 年前,5 顆星,,https://www.google.com/maps/contrib/110632947490729522948/reviews?hl=zh-TW
大東夜市,DnDn Cheng,在地嚮導 · 45 則評論 · 49 張相片,1 年前,5 顆星,,https://www.google.com/maps/contrib/101334495191440112490/reviews?hl=zh-TW
大東夜市,Lee Joanne,在地嚮導 · 18 則評論 · 22 張相片,1 年前,5 顆星,很多當地食物可以吃。,https://www.google.com/maps/contrib/104556631670604158631/reviews?hl=zh-TW
大東夜市,Sunny Wu,3 則評論 · 4 張相片,1 年前,5 顆星,,https://www.google.com/maps/contrib/107006621133188613124/reviews?hl=zh-TW
大東夜市,Mumu Li,2 則評論,1 年前,5 顆星,,https://www.google.com/maps/contrib/106160013987161521427/reviews?hl=zh-TW
大東夜市,munu Lu,在地嚮導 · 20 則評論 · 7 張相片,1 年前,5 顆星,,https://www.google.com/maps/contrib/115961836761035343692/reviews?hl=zh-TW
大東夜市,Weng 如憶 (勇敢ㄟ台灣郎),在地嚮導 · 11 則評論 · 19 張相片,1 年前,4 顆星,,https://www.google.com/maps/contrib/101614304111657065010/reviews?hl=zh-TW
大東夜市,花生,7 則評論 · 6 張相片,1 年前,5 顆星,,https://www.google.com/maps/contrib/111395692945673900211/reviews?hl=zh-TW
大東夜市,林倩倩,9 則評論,1 年前,5 顆星,,https://www.google.com/maps/contrib/109121762768396222586/reviews?hl=zh-TW
大東夜市,哈哈哈,14 則評論 · 6 張相片,1 年前,5 顆星,,https://www.google.com/maps/contrib/103711899331475348693/reviews?hl=zh-TW
大東夜市,Zoe Kung,在地嚮導 · 20 則評論 · 15 張相片,1 年前,5 顆星,,https://www.google.com/maps/contrib/105929037826977411978/reviews?hl=zh-TW
大東夜市,謝鎔伃,在地嚮導 · 26 則評論 · 21 張相片,1 年前,5 顆星,消費可抽獎，不錯喲～,https://www.google.com/maps/contrib/117182343232291822152/reviews?hl=zh-TW
大東夜市,翎,4 則評論 · 6 張相片,1 年前,5 顆星,,https://www.google.com/maps/contrib/106513547427557508342/reviews?hl=zh-TW
大東夜市,yang,13 則評論 · 5 張相片,1 年前,5 顆星,,https://www.google.com/maps/contrib/100012461246528815985/reviews?hl=zh-TW
大東夜市,陳彥蓉,在地嚮導 · 11 則評論 · 14 張相片,1 年前,5 顆星,便宜好吃！ ～,https://www.google.com/maps/contrib/107747119076998960184/reviews?hl=zh-TW
大東夜市,mable Tseng,5 則評論 · 2 張相片,1 年前,5 顆星,,https://www.google.com/maps/contrib/116835097198763700226/reviews?hl=zh-TW
大東夜市,LiLi,在地嚮導 · 14 則評論 · 13 張相片,1 年前,5 顆星,好吃好玩👍廁所很乾淨👍 …,https://www.google.com/maps/contrib/103665890555156136593/reviews?hl=zh-TW
大東夜市,蘇翊翔,4 則評論,1 年前,5 顆星,,https://www.google.com/maps/contrib/113948677368260607455/reviews?hl=zh-TW
大東夜市,羽翼,在地嚮導 · 33 則評論 · 16 張相片,1 年前,5 顆星,,https://www.google.com/maps/contrib/118120837283077843809/reviews?hl=zh-TW
大東夜市,T,11 則評論 · 5 張相片,1 年前,5 顆星,,https://www.google.com/maps/contrib/108682745925329592324/reviews?hl=zh-TW
大東夜市,李臨蕓,2 則評論 · 2 張相片,1 年前,5 顆星,,https://www.google.com/maps/contrib/111400513996518185115/reviews?hl=zh-TW
大東夜市,蕭博仁,在地嚮導 · 20 則評論 · 6 張相片,1 年前,5 顆星,,https://www.google.com/maps/contrib/112132830476081228933/reviews?hl=zh-TW
大東夜市,朱家儀,9 則評論 · 2 張相片,1 年前,5 顆星,,https://www.google.com/maps/contrib/103286760113574288934/reviews?hl=zh-TW
大東夜市,林峻安,8 則評論 · 1 張相片,1 年前,5 顆星,,https://www.google.com/maps/contrib/112578380669267034923/reviews?hl=zh-TW
大東夜市,田喬恩,在地嚮導 · 15 則評論 · 19 張相片,1 年前,5 顆星,攤位豐富，明亮乾淨,https://www.google.com/maps/contrib/106992844858560270986/reviews?hl=zh-TW
大東夜市,曾梨梨,12 則評論 · 5 張相片,1 年前,5 顆星,,https://www.google.com/maps/contrib/109045963327672072294/reviews?hl=zh-TW
大東夜市,酷寶貝,11 則評論 · 10 張相片,1 年前,5 顆星,懷念的夜市 規劃超讚的👍🏼 …,https://www.google.com/maps/contrib/108940433555916427328/reviews?hl=zh-TW
大東夜市,張心瑜,在地嚮導 · 63 則評論 · 46 張相片,1 年前,5 顆星,,https://www.google.com/maps/contrib/115330391406187096241/reviews?hl=zh-TW
大東夜市,Jane Wu,9 則評論 · 1 張相片,1 年前,5 顆星,,https://www.google.com/maps/contrib/112152753984722822500/reviews?hl=zh-TW
大東夜市,徐庭陽,4 則評論,1 年前,5 顆星,好玩好吃,https://www.google.com/maps/contrib/108294466929311881426/reviews?hl=zh-TW
大東夜市,陳谷維,6 則評論 · 10 張相片,1 年前,5 顆星,,https://www.google.com/maps/contrib/100939987856472270113/reviews?hl=zh-TW
大東夜市,安安黃,15 則評論 · 2 張相片,1 年前,5 顆星,,https://www.google.com/maps/contrib/100952070452984051441/reviews?hl=zh-TW
大東夜市,詹國裕,7 則評論 · 2 張相片,1 年前,5 顆星,好的,https://www.google.com/maps/contrib/111884054381774355115/reviews?hl=zh-TW
大東夜市,莉婷林,1 則評論 · 1 張相片,1 年前,5 顆星,,https://www.google.com/maps/contrib/103918677413400962799/reviews?hl=zh-TW
大東夜市,子逸,在地嚮導 · 27 則評論 · 13 張相片,1 年前,5 顆星,,https://www.google.com/maps/contrib/101160317197891049411/reviews?hl=zh-TW
大東夜市,陳展展,在地嚮導 · 15 則評論 · 24 張相片,1 年前,4 顆星,從頭吃到尾,https://www.google.com/maps/contrib/108388777914326123895/reviews?hl=zh-TW
大東夜市,蔡宜蓁,9 則評論,1 年前,5 顆星,,https://www.google.com/maps/contrib/111468603577907555973/reviews?hl=zh-TW
大東夜市,Ruiwen Weng,在地嚮導 · 7 則評論 · 3 張相片,1 年前,5 顆星,,https://www.google.com/maps/contrib/114684291904368673311/reviews?hl=zh-TW
大東夜市,蔡宜芳,在地嚮導 · 17 則評論 · 17 張相片,1 年前,5 顆星,,https://www.google.com/maps/contrib/117198728616141349082/reviews?hl=zh-TW
大東夜市,梅子,15 則評論 · 13 張相片,1 年前,5 顆星,熱鬧🤩 …,https://www.google.com/maps/contrib/111850460937522239237/reviews?hl=zh-TW
大東夜市,博丞,在地嚮導 · 26 則評論 · 15 張相片,1 年前,5 顆星,,https://www.google.com/maps/contrib/112223207075410061385/reviews?hl=zh-TW
大東夜市,chair椅子,1 張相片,1 年前,5 顆星,,https://www.google.com/maps/contrib/117570232708388775291/reviews?hl=zh-TW
大東夜市,黃宥憲,在地嚮導 · 23 則評論 · 2 張相片,1 年前,5 顆星,,https://www.google.com/maps/contrib/101526187715471485997/reviews?hl=zh-TW
大東夜市,Yu Ka yi,1 則評論,1 年前,5 顆星,,https://www.google.com/maps/contrib/110758704327496374473/reviews?hl=zh-TW
大東夜市,Sally Lin,2 則評論 · 1 張相片,1 年前,5 顆星,,https://www.google.com/maps/contrib/107488351889002721683/reviews?hl=zh-TW
大東夜市,點點,6 則評論 · 9 張相片,1 年前,5 顆星,,https://www.google.com/maps/contrib/107150276113927907382/reviews?hl=zh-TW
大東夜市,鄧亦庭,4 則評論 · 1 張相片,1 年前,5 顆星,,https://www.google.com/maps/contrib/102138276082031585829/reviews?hl=zh-TW
大東夜市,b70804804,在地嚮導 · 13 則評論,1 年前,5 顆星,,https://www.google.com/maps/contrib/108444233061640955777/reviews?hl=zh-TW
大東夜市,曹庭君,在地嚮導 · 13 則評論 · 14 張相片,1 年前,5 顆星,,https://www.google.com/maps/contrib/104673593366862501587/reviews?hl=zh-TW
大東夜市,許純瑜,在地嚮導 · 55 則評論 · 2 張相片,1 年前,5 顆星,,https://www.google.com/maps/contrib/116489472620581791432/reviews?hl=zh-TW
大東夜市,李冠融,在地嚮導 · 24 則評論 · 6 張相片,1 年前,5 顆星,讚,https://www.google.com/maps/contrib/108611436841235536923/reviews?hl=zh-TW
大東夜市,YeeKee Lau,16 則評論 · 3 張相片,1 年前,5 顆星,,https://www.google.com/maps/contrib/102950272494906959273/reviews?hl=zh-TW
大東夜市,Juni Huang,在地嚮導 · 18 則評論 · 5 張相片,1 年前,5 顆星,,https://www.google.com/maps/contrib/110380971192669587752/reviews?hl=zh-TW
大東夜市,周意惠,8 則評論 · 4 張相片,1 年前,5 顆星,,https://www.google.com/maps/contrib/117773090724597690446/reviews?hl=zh-TW
大東夜市,譜晉蕭,7 則評論 · 1 張相片,1 年前,5 顆星,,https://www.google.com/maps/contrib/116492330669745021297/reviews?hl=zh-TW
大東夜市,13知路跑協會,1 則評論 · 1 張相片,1 年前,5 顆星,,https://www.google.com/maps/contrib/116945771656983748701/reviews?hl=zh-TW
大東夜市,于萩,在地嚮導 · 25 則評論 · 15 張相片,1 年前,5 顆星,,https://www.google.com/maps/contrib/108604210731760050671/reviews?hl=zh-TW
大東夜市,張堉珊,7 則評論 · 9 張相片,1 年前,5 顆星,,https://www.google.com/maps/contrib/114841116105519746130/reviews?hl=zh-TW
大東夜市,Yu,3 則評論,1 年前,5 顆星,,https://www.google.com/maps/contrib/103195656460180357371/reviews?hl=zh-TW
大東夜市,蘇惠玲,在地嚮導 · 34 則評論 · 21 張相片,1 年前,5 顆星,,https://www.google.com/maps/contrib/111168108550356611250/reviews?hl=zh-TW
大東夜市,Joyce,2 則評論 · 1 張相片,1 年前,5 顆星,,https://www.google.com/maps/contrib/100107358768951459641/reviews?hl=zh-TW
大東夜市,王淨璿,15 則評論 · 8 張相片,1 年前,5 顆星,,https://www.google.com/maps/contrib/100015273753452977866/reviews?hl=zh-TW
大東夜市,林乾祥,在地嚮導 · 12 則評論 · 4 張相片,1 年前,5 顆星,,https://www.google.com/maps/contrib/105635348435602571257/reviews?hl=zh-TW
大東夜市,趙紹辰,在地嚮導 · 315 則評論 · 131 張相片,1 年前,5 顆星,地板乾淨很好逛,https://www.google.com/maps/contrib/102818651610739414088/reviews?hl=zh-TW
大東夜市,蘇琪翔,在地嚮導 · 63 則評論 · 94 張相片,1 年前,5 顆星,很大,https://www.google.com/maps/contrib/113482702068027014927/reviews?hl=zh-TW
大東夜市,紙張,在地嚮導 · 36 則評論 · 43 張相片,1 年前,5 顆星,這裡人很多 東西也好吃 值得來這裡,https://www.google.com/maps/contrib/101599476676363546857/reviews?hl=zh-TW
大東夜市,jen790706,在地嚮導 · 18 則評論 · 2 張相片,1 年前,5 顆星,,https://www.google.com/maps/contrib/113094756835123031031/reviews?hl=zh-TW
大東夜市,ch gary,在地嚮導 · 142 則評論 · 135 張相片,1 年前,3 顆星,人潮算多，但發覺夜市不再是平民小吃囉，東西都不便宜了，是我吃米不知米價嗎？才是我太窮了！😅口味也一般般，去體驗份圍是可以的。😜 …,https://www.google.com/maps/contrib/105673697145341895591/reviews?hl=zh-TW
大東夜市,錢欣祺,2 則評論 · 1 張相片,1 年前,3 顆星,,https://www.google.com/maps/contrib/116927794184950123255/reviews?hl=zh-TW
大東夜市,lin wayne,在地嚮導 · 179 則評論 · 165 張相片,1 年前,1 顆星,,https://www.google.com/maps/contrib/113713321703518991255/reviews?hl=zh-TW
大東夜市,謝芸蓉,在地嚮導 · 7 則評論 · 29 張相片,1 年前,5 顆星,,https://www.google.com/maps/contrib/102590065297700366093/reviews?hl=zh-TW
大東夜市,Mugi,在地嚮導 · 132 則評論 · 419 張相片,1 年前,5 顆星,週二晚上我在台南，所以就去了這個夜市。雖然沒有花園夜市那麼大，但也算是好玩的夜市了。所有的夜市都離城裡的酒店很遠，但我認為它們都相當大而且很容易到達，這是很好的。,https://www.google.com/maps/contrib/108295723157278703842/reviews?hl=zh-TW
大東夜市,謝夏天,在地嚮導 · 420 則評論 · 757 張相片,1 年前,2 顆星,"曾經搬到台南住了將近一年
剛好大東夜市就在隔壁
所以這裡是我當時最愛來的地方 …",https://www.google.com/maps/contrib/104240898080218178885/reviews?hl=zh-TW
大東夜市,Christopher WEI,在地嚮導 · 123 則評論 · 109 張相片,1 年前,5 顆星,,https://www.google.com/maps/contrib/108952202348040026644/reviews?hl=zh-TW
大東夜市,Martin Huang,在地嚮導 · 16 則評論 · 20 張相片,1 年前,4 顆星,,https://www.google.com/maps/contrib/100902659138610338979/reviews?hl=zh-TW
大東夜市,Martin Chao,在地嚮導 · 11 則評論 · 8 張相片,1 年前,5 顆星,,https://www.google.com/maps/contrib/113726667310184921708/reviews?hl=zh-TW
大東夜市,秀,在地嚮導 · 8 則評論,1 年前,5 顆星,,https://www.google.com/maps/contrib/114504722594178699279/reviews?hl=zh-TW
大東夜市,董沐聖,在地嚮導 · 40 則評論,1 年前,5 顆星,超讚超讚,https://www.google.com/maps/contrib/115430596539175805959/reviews?hl=zh-TW
大東夜市,alan lin,在地嚮導 · 144 則評論 · 391 張相片,1 年前,5 顆星,不同於其他夜市多位於縱貫鐵路以西的舊市區，大東夜市地點位於東區，屬於人口新興成長區，且鄰近多所大專院校、鄰近無其他競爭對手，業績頗佳。營業時間為每週一、二、五，下午六點至凌晨一點三十分[1]。原本星期一沒有營業，後來生意愈來愈好，加上禮拜一沒有大型夜市與其競爭，遂星期一也跟著營業。 …,https://www.google.com/maps/contrib/109719987451169863025/reviews?hl=zh-TW
大東夜市,華偉華偉印刷,5 則評論 · 2 張相片,1 年前,5 顆星,,https://www.google.com/maps/contrib/115048395585845839307/reviews?hl=zh-TW
大東夜市,Yi,4 則評論 · 1 張相片,1 年前,5 顆星,,https://www.google.com/maps/contrib/104519928910206797075/reviews?hl=zh-TW
大東夜市,林可芸,4 則評論 · 2 張相片,1 年前,5 顆星,,https://www.google.com/maps/contrib/108087277472613587042/reviews?hl=zh-TW
大東夜市,謝楚玄,8 則評論 · 2 張相片,1 年前,5 顆星,,https://www.google.com/maps/contrib/118313952295355227218/reviews?hl=zh-TW
大東夜市,Claire,在地嚮導 · 9 則評論 · 19 張相片,1 年前,5 顆星,,https://www.google.com/maps/contrib/114495064443364565117/reviews?hl=zh-TW
大東夜市,楚楚,2 則評論,1 年前,5 顆星,,https://www.google.com/maps/contrib/113346846958614558608/reviews?hl=zh-TW
大東夜市,Ray Liou,2 則評論,1 年前,5 顆星,,https://www.google.com/maps/contrib/112460879793381407227/reviews?hl=zh-TW
大東夜市,厭世巨蟒,10 則評論 · 7 張相片,1 年前,5 顆星,,https://www.google.com/maps/contrib/104312965196656292119/reviews?hl=zh-TW
大東夜市,蔡筱薇,6 則評論 · 5 張相片,1 年前,5 顆星,,https://www.google.com/maps/contrib/103088709412735580008/reviews?hl=zh-TW
大東夜市,Hans WU,15 則評論 · 4 張相片,1 年前,5 顆星,,https://www.google.com/maps/contrib/111982963668977036818/reviews?hl=zh-TW
大東夜市,不符來變,在地嚮導 · 13 則評論 · 1 張相片,1 年前,5 顆星,,https://www.google.com/maps/contrib/113334605687447912152/reviews?hl=zh-TW
大東夜市,Double Fxxk,14 則評論 · 5 張相片,1 年前,5 顆星,,https://www.google.com/maps/contrib/100871932142258819003/reviews?hl=zh-TW
大東夜市,劉懿嬅,1 則評論 · 1 張相片,1 年前,5 顆星,,https://www.google.com/maps/contrib/106821746473341809006/reviews?hl=zh-TW
大東夜市,詠,在地嚮導 · 24 則評論 · 7 張相片,1 年前,5 顆星,,https://www.google.com/maps/contrib/100291459831685625919/reviews?hl=zh-TW
大東夜市,Rihao Guo,在地嚮導 · 158 則評論 · 46 張相片,1 年前,5 顆星,台南很棒的夜市，人數很多，但交通還算順暢～,https://www.google.com/maps/contrib/113065171504661987254/reviews?hl=zh-TW
大東夜市,林昇緯,在地嚮導 · 16 則評論 · 4 張相片,1 年前,5 顆星,,https://www.google.com/maps/contrib/111964313194965111544/reviews?hl=zh-TW
大東夜市,東東蔡,6 則評論 · 1 張相片,1 年前,5 顆星,,https://www.google.com/maps/contrib/117347302522797473254/reviews?hl=zh-TW
大東夜市,夏天,1 則評論 · 3 張相片,1 年前,5 顆星,,https://www.google.com/maps/contrib/106229554714359337984/reviews?hl=zh-TW
大東夜市,33 wsxhyen,8 則評論 · 3 張相片,1 年前,5 顆星,,https://www.google.com/maps/contrib/101490849483137092491/reviews?hl=zh-TW
大東夜市,小鄭,9 則評論 · 3 張相片,1 年前,5 顆星,,https://www.google.com/maps/contrib/110788963015863638481/reviews?hl=zh-TW
大東夜市,熊熊,3 則評論,1 年前,5 顆星,,https://www.google.com/maps/contrib/106624286010981176585/reviews?hl=zh-TW
大東夜市,Rainching就是愛胡搞瞎搞（Rainching就是愛胡搞瞎搞）,4 則評論,1 年前,5 顆星,,https://www.google.com/maps/contrib/101402789731315320709/reviews?hl=zh-TW
大東夜市,Ruby,在地嚮導 · 18 則評論 · 3 張相片,1 年前,5 顆星,讚,https://www.google.com/maps/contrib/109695362523852653808/reviews?hl=zh-TW
大東夜市,梨子,4 則評論 · 2 張相片,1 年前,5 顆星,,https://www.google.com/maps/contrib/113514727006078762522/reviews?hl=zh-TW
大東夜市,林瑞鈺,13 則評論 · 7 張相片,1 年前,5 顆星,,https://www.google.com/maps/contrib/112832424719104844922/reviews?hl=zh-TW
大東夜市,Rong,在地嚮導 · 9 則評論 · 72 張相片,1 年前,5 顆星,,https://www.google.com/maps/contrib/107087544879079062910/reviews?hl=zh-TW
大東夜市,陳文欽,3 則評論 · 4 張相片,1 年前,5 顆星,讚👍 …,https://www.google.com/maps/contrib/113873379175429456996/reviews?hl=zh-TW
大東夜市,白湧佳,9 則評論 · 11 張相片,1 年前,5 顆星,,https://www.google.com/maps/contrib/103257450628225844132/reviews?hl=zh-TW
大東夜市,陳儀君,1 張相片,1 年前,5 顆星,,https://www.google.com/maps/contrib/106408142047648483981/reviews?hl=zh-TW
大東夜市,林胤彣,5 則評論,1 年前,5 顆星,,https://www.google.com/maps/contrib/111354444982181939846/reviews?hl=zh-TW
大東夜市,雞蛋,3 則評論 · 2 張相片,1 年前,5 顆星,,https://www.google.com/maps/contrib/113966788926185989278/reviews?hl=zh-TW
大東夜市,小晞,在地嚮導 · 11 則評論 · 17 張相片,1 年前,5 顆星,,https://www.google.com/maps/contrib/106594889085824909896/reviews?hl=zh-TW
大東夜市,邱峻熠,,1 年前,5 顆星,,https://www.google.com/maps/contrib/112579374340446636143/reviews?hl=zh-TW
大東夜市,吳宛甄,在地嚮導 · 17 則評論 · 9 張相片,1 年前,5 顆星,,https://www.google.com/maps/contrib/104851642727020711380/reviews?hl=zh-TW
大東夜市,Xian dan Chen,在地嚮導 · 86 則評論 · 58 張相片,1 年前,2 顆星,,https://www.google.com/maps/contrib/109434106527867729825/reviews?hl=zh-TW
大東夜市,Phoebe Wang,9 則評論,1 年前,5 顆星,,https://www.google.com/maps/contrib/104686938842469393934/reviews?hl=zh-TW
大東夜市,陳美誼,12 則評論 · 3 張相片,1 年前,5 顆星,,https://www.google.com/maps/contrib/106127619306452041338/reviews?hl=zh-TW
大東夜市,Han Hsien Tsai,在地嚮導 · 38 則評論 · 38 張相片,1 年前,5 顆星,很棒的夜市，逛起來～,https://www.google.com/maps/contrib/111364178927478562295/reviews?hl=zh-TW
大東夜市,Citrus我婆,6 則評論,1 年前,5 顆星,,https://www.google.com/maps/contrib/105071740598240951228/reviews?hl=zh-TW
大東夜市,wei Hong,4 則評論 · 22 張相片,1 年前,5 顆星,,https://www.google.com/maps/contrib/109325568677262876103/reviews?hl=zh-TW
大東夜市,胡冠偉,5 則評論,1 年前,5 顆星,好吃,https://www.google.com/maps/contrib/103901213889498299470/reviews?hl=zh-TW
大東夜市,李雅婷,6 則評論,1 年前,5 顆星,,https://www.google.com/maps/contrib/102594419113532567667/reviews?hl=zh-TW
大東夜市,綺綺,3 則評論 · 1 張相片,1 年前,5 顆星,,https://www.google.com/maps/contrib/109529128889955241501/reviews?hl=zh-TW
大東夜市,潁杅,9 則評論 · 4 張相片,1 年前,5 顆星,"不管是大東還是大東東，就是好吃😍
都會特地從台中下去台南逛🤗 …",https://www.google.com/maps/contrib/105397673617494717687/reviews?hl=zh-TW
大東夜市,Ru C,在地嚮導 · 46 則評論 · 190 張相片,1 年前,5 顆星,,https://www.google.com/maps/contrib/101934384962822122628/reviews?hl=zh-TW
大東夜市,Linh Phương,1 則評論,1 年前,5 顆星,,https://www.google.com/maps/contrib/104017692335030816475/reviews?hl=zh-TW
大東夜市,易烊哥,在地嚮導 · 26 則評論 · 16 張相片,1 年前,5 顆星,,https://www.google.com/maps/contrib/118295695315292854865/reviews?hl=zh-TW
大東夜市,Roger Roger,在地嚮導 · 19 則評論 · 4 張相片,1 年前,5 顆星,,https://www.google.com/maps/contrib/111835737004057603701/reviews?hl=zh-TW
大東夜市,許育萍,在地嚮導 · 44 則評論 · 222 張相片,1 年前,5 顆星,,https://www.google.com/maps/contrib/100605365565821485121/reviews?hl=zh-TW
大東夜市,ha haharu,20 則評論 · 1 張相片,1 年前,5 顆星,,https://www.google.com/maps/contrib/115942631112050806996/reviews?hl=zh-TW
大東夜市,欣小嵐,在地嚮導 · 15 則評論 · 13 張相片,1 年前,5 顆星,,https://www.google.com/maps/contrib/110482447997330610882/reviews?hl=zh-TW
大東夜市,許重億,在地嚮導 · 27 則評論 · 18 張相片,1 年前,5 顆星,開心,https://www.google.com/maps/contrib/108029712268268310300/reviews?hl=zh-TW
大東夜市,廖家顯,在地嚮導 · 20 則評論 · 15 張相片,1 年前,5 顆星,,https://www.google.com/maps/contrib/102959202027576878908/reviews?hl=zh-TW
大東夜市,孫珮如,6 則評論 · 4 張相片,1 年前,5 顆星,,https://www.google.com/maps/contrib/105906112053546691682/reviews?hl=zh-TW
大東夜市,顏三郎,7 則評論,1 年前,5 顆星,,https://www.google.com/maps/contrib/115335817384700768384/reviews?hl=zh-TW
大東夜市,陳韻如,9 則評論 · 1 張相片,1 年前,5 顆星,,https://www.google.com/maps/contrib/113937995229933625927/reviews?hl=zh-TW
大東夜市,薛麗娟,,1 年前,5 顆星,,https://www.google.com/maps/contrib/117266886325751657313/reviews?hl=zh-TW
大東夜市,Nimo,12 則評論 · 9 張相片,1 年前,5 顆星,,https://www.google.com/maps/contrib/110383743241831096267/reviews?hl=zh-TW
大東夜市,璿璿,在地嚮導 · 19 則評論 · 4 張相片,1 年前,5 顆星,,https://www.google.com/maps/contrib/105448483052963603400/reviews?hl=zh-TW
大東夜市,口口（LKK）,在地嚮導 · 192 則評論 · 39 張相片,1 年前,5 顆星,,https://www.google.com/maps/contrib/100539940457213552850/reviews?hl=zh-TW
大東夜市,Q小妹,15 則評論 · 2 張相片,1 年前,5 顆星,,https://www.google.com/maps/contrib/118382363088717839250/reviews?hl=zh-TW
大東夜市,lin A,在地嚮導 · 14 則評論 · 13 張相片,1 年前,5 顆星,,https://www.google.com/maps/contrib/115249428641547367840/reviews?hl=zh-TW
大東夜市,徐丞昱,5 則評論,1 年前,5 顆星,,https://www.google.com/maps/contrib/114103041624358050186/reviews?hl=zh-TW
大東夜市,棒棒糖,,1 年前,5 顆星,,https://www.google.com/maps/contrib/107316075276305857212/reviews?hl=zh-TW
大東夜市,李國耀,在地嚮導 · 23 則評論 · 5 張相片,1 年前,5 顆星,讚啦！,https://www.google.com/maps/contrib/108046716776638826051/reviews?hl=zh-TW
大東夜市,邱薇如,在地嚮導 · 22 則評論 · 11 張相片,1 年前,5 顆星,有活動還有好多攤販,https://www.google.com/maps/contrib/117888012277482410925/reviews?hl=zh-TW
大東夜市,林虹君,在地嚮導 · 21 則評論 · 7 張相片,1 年前,5 顆星,,https://www.google.com/maps/contrib/112866902122559919908/reviews?hl=zh-TW
大東夜市,Dianne Castro,在地嚮導 · 48 則評論 · 21 張相片,1 年前,5 顆星,,https://www.google.com/maps/contrib/113907311183062147129/reviews?hl=zh-TW
大東夜市,Jean Peng,在地嚮導 · 35 則評論 · 17 張相片,1 年前,5 顆星,,https://www.google.com/maps/contrib/101101990143766664331/reviews?hl=zh-TW
大東夜市,杰瑞科技,1 則評論,1 年前,5 顆星,,https://www.google.com/maps/contrib/110079545424171462283/reviews?hl=zh-TW
大東夜市,lily Chen,16 則評論 · 3 張相片,1 年前,5 顆星,,https://www.google.com/maps/contrib/116855897332379941376/reviews?hl=zh-TW
大東夜市,木蘭花,4 則評論,1 年前,5 顆星,,https://www.google.com/maps/contrib/105518174420906744224/reviews?hl=zh-TW
大東夜市,可歆.,4 則評論 · 1 張相片,1 年前,5 顆星,,https://www.google.com/maps/contrib/103485388540121353005/reviews?hl=zh-TW
大東夜市,派大星,在地嚮導 · 22 則評論 · 9 張相片,1 年前,5 顆星,,https://www.google.com/maps/contrib/101870519241542619573/reviews?hl=zh-TW
大東夜市,elysia,1 則評論 · 1 張相片,1 年前,5 顆星,,https://www.google.com/maps/contrib/104056598106259472848/reviews?hl=zh-TW
大東夜市,Joanne Yew,在地嚮導 · 21 則評論 · 19 張相片,1 年前,5 顆星,很多美食,https://www.google.com/maps/contrib/113987490884687953874/reviews?hl=zh-TW
大東夜市,En Muan Khai,2 則評論,1 年前,5 顆星,,https://www.google.com/maps/contrib/104167633991880690285/reviews?hl=zh-TW
大東夜市,Alex Zhang,在地嚮導 · 51 則評論 · 7 張相片,1 年前,5 顆星,,https://www.google.com/maps/contrib/115781260056137420467/reviews?hl=zh-TW
大東夜市,祖韗翔,9 則評論 · 1 張相片,1 年前,5 顆星,,https://www.google.com/maps/contrib/116162368841357269095/reviews?hl=zh-TW
大東夜市,魚丸,5 則評論,1 年前,5 顆星,,https://www.google.com/maps/contrib/103890475090852209414/reviews?hl=zh-TW
大東夜市,方珮宇,10 則評論 · 1 張相片,1 年前,5 顆星,,https://www.google.com/maps/contrib/100229501129602220730/reviews?hl=zh-TW
大東夜市,Elena Lin,7 則評論 · 1 張相片,1 年前,5 顆星,,https://www.google.com/maps/contrib/100363406006283076859/reviews?hl=zh-TW
大東夜市,張鉯喬,4 則評論 · 1 張相片,1 年前,5 顆星,,https://www.google.com/maps/contrib/107035412208216648810/reviews?hl=zh-TW
大東夜市,楊雅竹,8 則評論 · 1 張相片,1 年前,5 顆星,,https://www.google.com/maps/contrib/111533530998723119915/reviews?hl=zh-TW
大東夜市,Huang Jaioting,在地嚮導 · 29 則評論 · 16 張相片,1 年前,5 顆星,讚讚,https://www.google.com/maps/contrib/100725896985643936022/reviews?hl=zh-TW
大東夜市,meng xiiin,20 則評論 · 14 張相片,1 年前,5 顆星,第一次來～～～,https://www.google.com/maps/contrib/108866261606442108682/reviews?hl=zh-TW
大東夜市,陳致和,在地嚮導 · 33 則評論 · 16 張相片,1 年前,5 顆星,,https://www.google.com/maps/contrib/111357390330402993239/reviews?hl=zh-TW
大東夜市,陳大雄,7 則評論 · 6 張相片,1 年前,5 顆星,純粹吃美食可以，玩樂就算了,https://www.google.com/maps/contrib/107033709717796370890/reviews?hl=zh-TW
大東夜市,김김상준,1 則評論 · 3 張相片,1 年前,5 顆星,,https://www.google.com/maps/contrib/108217977984317357404/reviews?hl=zh-TW
大東夜市,Ch Chang,在地嚮導 · 42 則評論 · 34 張相片,1 年前,5 顆星,推薦陳家阿嬤拔絲地瓜（除了芋頭）,https://www.google.com/maps/contrib/103485835356328761092/reviews?hl=zh-TW
大東夜市,蘇和泰,3 則評論 · 1 張相片,1 年前,5 顆星,,https://www.google.com/maps/contrib/104808507009240919475/reviews?hl=zh-TW
大東夜市,F 皇 (獨自呢喃的鬼),在地嚮導 · 114 則評論 · 684 張相片,1 年前,2 顆星,"晚上來到大東夜市，很幸運一來就有車位，但後來我知道為何有車位了，因為大東夜市分家了，變成大東跟大東東，不好逛了沒什麼好吃的，也沒什麼好買的，人潮也少了！這樣搞壞一個夜市真的好嗎？兩個夜市剛好在隔壁又實體隔離，商品也重複性超高！很東西都不燙了，感覺就是買的人少了，炸起來都放到溫了，實在不可以了！
先介紹一下吃了什麼好了，蒜香豆乾綜合75，沒什麼味道，打槍！瑞豐的比較好吃！豆乳雞翅涼掉了，還搞笑的跟我說1支25，4支100，要不買4支！呵呵！果然⋯⋯小雷！ …",https://www.google.com/maps/contrib/106825906102259415895/reviews?hl=zh-TW
大東夜市,謝沛蓉,"在地嚮導 · 162 則評論 · 1,122 張相片",1 年前,4 顆星,,https://www.google.com/maps/contrib/107347558604138521235/reviews?hl=zh-TW
大東夜市,芯菱,在地嚮導 · 28 則評論 · 2 張相片,1 年前,5 顆星,,https://www.google.com/maps/contrib/102469595513779136986/reviews?hl=zh-TW
大東夜市,林義鐘,在地嚮導 · 38 則評論 · 429 張相片,1 年前,5 顆星,,https://www.google.com/maps/contrib/115855481994347986681/reviews?hl=zh-TW
大東夜市,ChiChuan Chang,在地嚮導 · 30 則評論 · 2 張相片,1 年前,4 顆星,,https://www.google.com/maps/contrib/111078960719479697543/reviews?hl=zh-TW
大東夜市,LENA 美甲師,在地嚮導 · 43 則評論 · 206 張相片,1 年前,5 顆星,,https://www.google.com/maps/contrib/115638401833105783453/reviews?hl=zh-TW
大東夜市,西瓜,4 則評論,1 年前,5 顆星,夜市美食真好,https://www.google.com/maps/contrib/103211573054989533458/reviews?hl=zh-TW
大東夜市,Anne Ava,在地嚮導 · 48 則評論 · 50 張相片,1 年前,5 顆星,好吃 好玩的地方,https://www.google.com/maps/contrib/115755268553087771288/reviews?hl=zh-TW
大東夜市,陳士華,在地嚮導 · 57 則評論 · 89 張相片,1 年前,5 顆星,好夜市，有得吃有得玩還能參加抽獎☺️,https://www.google.com/maps/contrib/100069895445416957528/reviews?hl=zh-TW
大東夜市,Hans Lai,在地嚮導 · 98 則評論 · 169 張相片,1 年前,4 顆星,場地蠻大的，吃的東西要選一下，有的會爆雷,https://www.google.com/maps/contrib/118111469719659416671/reviews?hl=zh-TW
大東夜市,陳嬴華,在地嚮導 · 23 則評論 · 44 張相片,1 年前,5 顆星,好吃好玩,https://www.google.com/maps/contrib/111142763185219667458/reviews?hl=zh-TW
大東夜市,洪昇,6 則評論,1 年前,5 顆星,,https://www.google.com/maps/contrib/116051378950837820785/reviews?hl=zh-TW
大東夜市,孫小毛,在地嚮導 · 18 則評論 · 5 張相片,1 年前,5 顆星,,https://www.google.com/maps/contrib/104560839220184916606/reviews?hl=zh-TW
大東夜市,Hiu tung Lee,8 則評論,1 年前,5 顆星,,https://www.google.com/maps/contrib/117525845961626631148/reviews?hl=zh-TW
大東夜市,Elina Wu,7 則評論 · 3 張相片,1 年前,5 顆星,,https://www.google.com/maps/contrib/110413082190855839856/reviews?hl=zh-TW
大東夜市,含吸歐巴,7 則評論 · 1 張相片,1 年前,5 顆星,,https://www.google.com/maps/contrib/114894030942547469975/reviews?hl=zh-TW
大東夜市,千寶,在地嚮導 · 22 則評論 · 43 張相片,1 年前,5 顆星,,https://www.google.com/maps/contrib/110771101264148182112/reviews?hl=zh-TW
大東夜市,Lyu Wang,6 則評論 · 1 張相片,1 年前,5 顆星,好吃好玩抽獎,https://www.google.com/maps/contrib/103216059360855571743/reviews?hl=zh-TW
大東夜市,楊芷綺,5 則評論 · 3 張相片,1 年前,5 顆星,,https://www.google.com/maps/contrib/116407792782982790300/reviews?hl=zh-TW
大東夜市,林莉容,在地嚮導 · 16 則評論 · 14 張相片,1 年前,5 顆星,,https://www.google.com/maps/contrib/105569066931247715834/reviews?hl=zh-TW
大東夜市,蔡阿電,16 則評論 · 1 張相片,1 年前,5 顆星,蹭活動,https://www.google.com/maps/contrib/114657549951047458634/reviews?hl=zh-TW
大東夜市,沈珊羽,11 則評論 · 5 張相片,1 年前,5 顆星,,https://www.google.com/maps/contrib/116211192502839250710/reviews?hl=zh-TW
大東夜市,shushin Liao,1 張相片,1 年前,5 顆星,,https://www.google.com/maps/contrib/100278447674460357259/reviews?hl=zh-TW
大東夜市,吳真,在地嚮導 · 13 則評論 · 2 張相片,1 年前,5 顆星,,https://www.google.com/maps/contrib/107465725555838395404/reviews?hl=zh-TW
大東夜市,Yanbo Chen,1 則評論,1 年前,5 顆星,,https://www.google.com/maps/contrib/112350203317572289092/reviews?hl=zh-TW
大東夜市,Ray,在地嚮導 · 38 則評論 · 14 張相片,1 年前,5 顆星,,https://www.google.com/maps/contrib/110662224416796386971/reviews?hl=zh-TW
大東夜市,歐小恩,在地嚮導 · 15 則評論 · 1 張相片,1 年前,5 顆星,最愛的夜市😻 …,https://www.google.com/maps/contrib/116675009417520688245/reviews?hl=zh-TW
大東夜市,蔡育豪,1 則評論 · 2 張相片,1 年前,5 顆星,,https://www.google.com/maps/contrib/100598373984670979375/reviews?hl=zh-TW
大東夜市,傅韋綺,2 則評論,1 年前,5 顆星,,https://www.google.com/maps/contrib/118277656085398200683/reviews?hl=zh-TW
大東夜市,謝宗展,6 則評論 · 4 張相片,1 年前,5 顆星,,https://www.google.com/maps/contrib/106683963331501926401/reviews?hl=zh-TW
大東夜市,謝宛樺,11 則評論 · 9 張相片,1 年前,5 顆星,,https://www.google.com/maps/contrib/115373922368519990793/reviews?hl=zh-TW
大東夜市,小智,12 則評論 · 3 張相片,1 年前,5 顆星,,https://www.google.com/maps/contrib/111687731784528254557/reviews?hl=zh-TW
大東夜市,芷菱,在地嚮導 · 26 則評論 · 5 張相片,1 年前,5 顆星,,https://www.google.com/maps/contrib/109094966689384688870/reviews?hl=zh-TW
大東夜市,邱凱昕,16 則評論,1 年前,5 顆星,❤️❤️❤️,https://www.google.com/maps/contrib/116713780930315500959/reviews?hl=zh-TW
大東夜市,戴春梅,1 則評論,1 年前,5 顆星,,https://www.google.com/maps/contrib/116347060271048032361/reviews?hl=zh-TW
大東夜市,林國祥,2 則評論,1 年前,5 顆星,,https://www.google.com/maps/contrib/117075154025969283366/reviews?hl=zh-TW
大東夜市,張巧蓉,4 則評論 · 3 張相片,1 年前,5 顆星,,https://www.google.com/maps/contrib/116870574581192421055/reviews?hl=zh-TW
大東夜市,JaSmInE Wang,在地嚮導 · 147 則評論 · 139 張相片,1 年前,5 顆星,,https://www.google.com/maps/contrib/111232756863742175756/reviews?hl=zh-TW
大東夜市,楊麗淑,1 則評論,1 年前,5 顆星,,https://www.google.com/maps/contrib/100316209481301706808/reviews?hl=zh-TW
大東夜市,沈姵妤,2 則評論 · 2 張相片,1 年前,5 顆星,,https://www.google.com/maps/contrib/111176710776115223737/reviews?hl=zh-TW
大東夜市,沈大.,3 則評論 · 3 張相片,1 年前,5 顆星,,https://www.google.com/maps/contrib/106293564895711363134/reviews?hl=zh-TW
大東夜市,沈驛州,在地嚮導 · 10 則評論 · 9 張相片,1 年前,5 顆星,讚喔,https://www.google.com/maps/contrib/104066915341092231197/reviews?hl=zh-TW
大東夜市,橘橘,在地嚮導 · 34 則評論 · 49 張相片,1 年前,5 顆星,好吃好玩又有集點抽獎活動😘 …,https://www.google.com/maps/contrib/103474662079453960333/reviews?hl=zh-TW
大東夜市,Nube,9 則評論 · 3 張相片,1 年前,5 顆星,,https://www.google.com/maps/contrib/115030572879180181274/reviews?hl=zh-TW
大東夜市,Ching Huang,6 則評論 · 3 張相片,1 年前,5 顆星,,https://www.google.com/maps/contrib/117463801363401577694/reviews?hl=zh-TW
大東夜市,Cruise Tom,在地嚮導 · 19 則評論 · 8 張相片,1 年前,5 顆星,,https://www.google.com/maps/contrib/100480644378652937915/reviews?hl=zh-TW
大東夜市,航運管理系郭鈞凱,1 則評論 · 1 張相片,1 年前,5 顆星,,https://www.google.com/maps/contrib/104840721961333298057/reviews?hl=zh-TW
大東夜市,黃志航,,1 年前,5 顆星,,https://www.google.com/maps/contrib/104167286113447231801/reviews?hl=zh-TW
大東夜市,陳慧敏,在地嚮導 · 22 則評論 · 16 張相片,1 年前,5 顆星,好吃又好玩,https://www.google.com/maps/contrib/103350813861823687554/reviews?hl=zh-TW
大東夜市,沈柏佑,2 則評論,1 年前,5 顆星,,https://www.google.com/maps/contrib/114338874277892546638/reviews?hl=zh-TW
大東夜市,doris5417,在地嚮導 · 35 則評論 · 446 張相片,1 年前,5 顆星,,https://www.google.com/maps/contrib/102581806922159260632/reviews?hl=zh-TW
大東夜市,鄭永銘,3 則評論 · 4 張相片,1 年前,5 顆星,,https://www.google.com/maps/contrib/102209243350631754214/reviews?hl=zh-TW
大東夜市,韋家騏,10 則評論,1 年前,5 顆星,,https://www.google.com/maps/contrib/114356337190486365634/reviews?hl=zh-TW
大東夜市,啾比比,4 則評論,1 年前,5 顆星,,https://www.google.com/maps/contrib/118252901605589019370/reviews?hl=zh-TW
大東夜市,hsin,在地嚮導 · 26 則評論 · 41 張相片,1 年前,5 顆星,,https://www.google.com/maps/contrib/105401178779340209805/reviews?hl=zh-TW
大東夜市,孟孟,19 則評論,1 年前,5 顆星,,https://www.google.com/maps/contrib/118030548678526066477/reviews?hl=zh-TW
大東夜市,呂柚子,在地嚮導 · 17 則評論 · 12 張相片,1 年前,5 顆星,,https://www.google.com/maps/contrib/115181461522372751748/reviews?hl=zh-TW
大東夜市,吳金坤,"在地嚮導 · 205 則評論 · 2,644 張相片",1 年前,1 顆星,,https://www.google.com/maps/contrib/106288602468274271724/reviews?hl=zh-TW
大東夜市,潘小金,在地嚮導 · 4 則評論 · 36 張相片,1 年前,5 顆星,,https://www.google.com/maps/contrib/116382913895856198473/reviews?hl=zh-TW
大東夜市,朱久光,1 張相片,1 年前,5 顆星,,https://www.google.com/maps/contrib/112069149479746499064/reviews?hl=zh-TW
大東夜市,Chi Hua Lee,在地嚮導 · 12 則評論 · 16 張相片,1 年前,5 顆星,,https://www.google.com/maps/contrib/103199166748662665185/reviews?hl=zh-TW
大東夜市,TING YI WU,22 則評論 · 27 張相片,1 年前,5 顆星,,https://www.google.com/maps/contrib/107885604816417209100/reviews?hl=zh-TW
大東夜市,Viking Liao,在地嚮導 · 44 則評論 · 128 張相片,1 年前,5 顆星,,https://www.google.com/maps/contrib/114418333347035645339/reviews?hl=zh-TW
大東夜市,誠,2 則評論,1 年前,5 顆星,讚👍 …,https://www.google.com/maps/contrib/109034414512561983762/reviews?hl=zh-TW
大東夜市,Kevin Wang,在地嚮導 · 32 則評論 · 2 張相片,1 年前,5 顆星,,https://www.google.com/maps/contrib/105978788397996554871/reviews?hl=zh-TW
大東夜市,SH,在地嚮導 · 39 則評論 · 56 張相片,1 年前,5 顆星,,https://www.google.com/maps/contrib/103505073159796593215/reviews?hl=zh-TW
大東夜市,cat bug,在地嚮導,1 年前,4 顆星,,https://www.google.com/maps/contrib/113185628200658956215/reviews?hl=zh-TW
大東夜市,Ting Chiu,7 則評論 · 4 張相片,1 年前,5 顆星,,https://www.google.com/maps/contrib/111642493342907406620/reviews?hl=zh-TW
大東夜市,kiki瑢顏,在地嚮導 · 40 則評論 · 9 張相片,1 年前,5 顆星,,https://www.google.com/maps/contrib/116836550233373816055/reviews?hl=zh-TW
大東夜市,"張, 宣建 466C-035 (466C-035-張宣健)",在地嚮導 · 88 則評論 · 183 張相片,1 年前,5 顆星,夜市東西還可以,https://www.google.com/maps/contrib/109104666157022315777/reviews?hl=zh-TW
大東夜市,昱,在地嚮導 · 11 則評論 · 6 張相片,1 年前,5 顆星,,https://www.google.com/maps/contrib/117917007794198853502/reviews?hl=zh-TW
大東夜市,念榕郭,4 則評論,1 年前,5 顆星,,https://www.google.com/maps/contrib/106916549663610547513/reviews?hl=zh-TW
大東夜市,廖倩倩,6 則評論 · 2 張相片,1 年前,4 顆星,,https://www.google.com/maps/contrib/103340668045674115761/reviews?hl=zh-TW
大東夜市,薩摩耶,10 則評論 · 3 張相片,1 年前,5 顆星,,https://www.google.com/maps/contrib/110094532713318224857/reviews?hl=zh-TW
大東夜市,Benny Yang,在地嚮導 · 35 則評論 · 419 張相片,1 年前,4 顆星,,https://www.google.com/maps/contrib/110216113360018155067/reviews?hl=zh-TW
大東夜市,朱的記憶頻道,11 則評論 · 9 張相片,1 年前,5 顆星,我覺得感覺很好有規劃攤商的種類，重覆性很低，雖然跟1.20年前相比吃的比重已經高達80%了，（吃以外的攤商越來越少）但物美價廉真的是值得推薦的夜市。,https://www.google.com/maps/contrib/118227430599554311107/reviews?hl=zh-TW
大東夜市,Yun-Xuan Chan,在地嚮導 · 168 則評論 · 380 張相片,1 年前,3 顆星,"蠻普通的夜市，遊戲區感覺蠻熱鬧的
吃的東西也還好",https://www.google.com/maps/contrib/116955398350619401088/reviews?hl=zh-TW
大東夜市,鉦育陳,4 則評論,1 年前,5 顆星,讚讚,https://www.google.com/maps/contrib/111663087010061355537/reviews?hl=zh-TW
大東夜市,momo Tsai,12 則評論 · 1 張相片,1 年前,5 顆星,,https://www.google.com/maps/contrib/104366073226655095657/reviews?hl=zh-TW
大東夜市,李承恩,11 則評論 · 6 張相片,1 年前,5 顆星,,https://www.google.com/maps/contrib/105225737151728633127/reviews?hl=zh-TW
大東夜市,cc760617,7 則評論 · 3 張相片,1 年前,5 顆星,,https://www.google.com/maps/contrib/113433581125582533450/reviews?hl=zh-TW
大東夜市,吳欣怡,1 則評論,1 年前,5 顆星,,https://www.google.com/maps/contrib/108619045376048430593/reviews?hl=zh-TW
大東夜市,Allen Su,在地嚮導 · 15 則評論,1 年前,5 顆星,,https://www.google.com/maps/contrib/110210862649328839850/reviews?hl=zh-TW
大東夜市,嵐曦,在地嚮導 · 43 則評論 · 7 張相片,1 年前,5 顆星,,https://www.google.com/maps/contrib/108431043306285423226/reviews?hl=zh-TW
大東夜市,劉品妍,在地嚮導 · 30 則評論 · 137 張相片,1 年前,5 顆星,,https://www.google.com/maps/contrib/113046337144056869877/reviews?hl=zh-TW
大東夜市,阿銓,在地嚮導 · 59 則評論 · 31 張相片,1 年前,5 顆星,來玩摸彩喔,https://www.google.com/maps/contrib/115374068572262503427/reviews?hl=zh-TW
大東夜市,ZY ZY,在地嚮導 · 21 則評論 · 15 張相片,1 年前,5 顆星,,https://www.google.com/maps/contrib/110875083299226217819/reviews?hl=zh-TW
大東夜市,TJ Chen,13 則評論 · 3 張相片,1 年前,5 顆星,,https://www.google.com/maps/contrib/112465305216570949885/reviews?hl=zh-TW
大東夜市,Zoe C’s channel,2 則評論 · 1 張相片,1 年前,3 顆星,,https://www.google.com/maps/contrib/106117888541547405098/reviews?hl=zh-TW
大東夜市,Aily C,在地嚮導 · 19 則評論 · 23 張相片,1 年前,5 顆星,,https://www.google.com/maps/contrib/110397750994419810958/reviews?hl=zh-TW
大東夜市,Nancy Chen,7 則評論 · 6 張相片,1 年前,5 顆星,,https://www.google.com/maps/contrib/105084436972867496530/reviews?hl=zh-TW
大東夜市,安琪（筠蓉）,4 則評論,1 年前,5 顆星,,https://www.google.com/maps/contrib/104637730663835545082/reviews?hl=zh-TW
大東夜市,Yuc,2 則評論,1 年前,5 顆星,,https://www.google.com/maps/contrib/106577486642510954616/reviews?hl=zh-TW
大東夜市,劉宜欣,10 則評論 · 4 張相片,1 年前,5 顆星,,https://www.google.com/maps/contrib/108967723179418176110/reviews?hl=zh-TW
大東夜市,夏語霏,5 則評論 · 4 張相片,1 年前,5 顆星,,https://www.google.com/maps/contrib/117950823311920962885/reviews?hl=zh-TW
大東夜市,Kiki Peng,"在地嚮導 · 202 則評論 · 2,394 張相片",1 年前,5 顆星,,https://www.google.com/maps/contrib/110358214577805563908/reviews?hl=zh-TW
大東夜市,藍婕芸,8 則評論 · 1 張相片,1 年前,5 顆星,,https://www.google.com/maps/contrib/100404711739118536890/reviews?hl=zh-TW
大東夜市,謝彩雲,4 則評論 · 1 張相片,1 年前,5 顆星,,https://www.google.com/maps/contrib/111471698467455637603/reviews?hl=zh-TW
大東夜市,王詠綺,3 則評論 · 1 張相片,1 年前,5 顆星,,https://www.google.com/maps/contrib/107631943436548275183/reviews?hl=zh-TW
大東夜市,黃邵琪,10 則評論 · 7 張相片,1 年前,5 顆星,,https://www.google.com/maps/contrib/116389540018564988783/reviews?hl=zh-TW
大東夜市,孫文娟,2 則評論,1 年前,5 顆星,,https://www.google.com/maps/contrib/107301817470190169946/reviews?hl=zh-TW
大東夜市,coldstar00,6 則評論 · 1 張相片,1 年前,5 顆星,好地方,https://www.google.com/maps/contrib/117279409374175630524/reviews?hl=zh-TW
大東夜市,asd94003,5 則評論 · 1 張相片,1 年前,5 顆星,,https://www.google.com/maps/contrib/114958167171662491872/reviews?hl=zh-TW
大東夜市,方欽靜,1 則評論,1 年前,5 顆星,讚讚,https://www.google.com/maps/contrib/112796720816973798255/reviews?hl=zh-TW
大東夜市,姐小,3 則評論 · 12 張相片,1 年前,5 顆星,讚啦,https://www.google.com/maps/contrib/112141085039130350329/reviews?hl=zh-TW
大東夜市,Sing,在地嚮導 · 28 則評論 · 7 張相片,1 年前,5 顆星,讚,https://www.google.com/maps/contrib/110354568336967251526/reviews?hl=zh-TW
大東夜市,陳韻筑,4 則評論,1 年前,5 顆星,,https://www.google.com/maps/contrib/103924815296994605632/reviews?hl=zh-TW
大東夜市,蘇毅軒,7 則評論,1 年前,5 顆星,,https://www.google.com/maps/contrib/107855671621268534902/reviews?hl=zh-TW
大東夜市,君君,15 則評論 · 1 張相片,1 年前,5 顆星,,https://www.google.com/maps/contrib/101228648716842542321/reviews?hl=zh-TW
大東夜市,Lucky Yu (迷雪),11 則評論 · 2 張相片,1 年前,4 顆星,,https://www.google.com/maps/contrib/111405436476666589216/reviews?hl=zh-TW
大東夜市,安安,在地嚮導 · 115 則評論 · 5 張相片,1 年前,2 顆星,變差了 分兩區還很麻煩,https://www.google.com/maps/contrib/109013894651825650196/reviews?hl=zh-TW
大東夜市,Z O,在地嚮導 · 289 則評論 · 758 張相片,1 年前,5 顆星,,https://www.google.com/maps/contrib/106475589005372513605/reviews?hl=zh-TW
大東夜市,周淳軒,在地嚮導 · 21 則評論 · 9 張相片,1 年前,4 顆星,,https://www.google.com/maps/contrib/108193652420264617429/reviews?hl=zh-TW
大東夜市,章魚,在地嚮導 · 34 則評論 · 14 張相片,1 年前,5 顆星,,https://www.google.com/maps/contrib/107931340766390260094/reviews?hl=zh-TW
大東夜市,江柏程,9 則評論 · 3 張相片,1 年前,5 顆星,,https://www.google.com/maps/contrib/113515464650194849329/reviews?hl=zh-TW
大東夜市,N F,3 則評論,1 年前,5 顆星,食物種類豐富的好地方,https://www.google.com/maps/contrib/100194688261539955224/reviews?hl=zh-TW
大東夜市,大雁,在地嚮導 · 168 則評論 · 132 張相片,1 年前,5 顆星,"美女很多的夜市(不論是顧客還是店家都是)

這裡的壽司店有賣生魚片",https://www.google.com/maps/contrib/110390810298773106113/reviews?hl=zh-TW
大東夜市,thomas hsu,"在地嚮導 · 276 則評論 · 2,519 張相片",1 年前,5 顆星,對從台北來的土包子來說，大東很好逛。,https://www.google.com/maps/contrib/108185027630207137358/reviews?hl=zh-TW
大東夜市,阿唄ㄊㄜㄊㄜ,在地嚮導 · 43 則評論 · 51 張相片,1 年前,4 顆星,雖然兩個夜市都在隔壁，但是逛完一個夜市後，要走出來到另一邊夜市入口，是真的比較麻煩一點，但還是不錯啦。,https://www.google.com/maps/contrib/105276671740560447558/reviews?hl=zh-TW
大東夜市,陳coco,10 則評論 · 4 張相片,1 年前,5 顆星,,https://www.google.com/maps/contrib/109964166586678734074/reviews?hl=zh-TW
大東夜市,Andrew Kilchenman,在地嚮導 · 16 則評論 · 4 張相片,1 年前,5 顆星,台南最好的夜市。週末很忙。好多美女啊！,https://www.google.com/maps/contrib/114389183685781268865/reviews?hl=zh-TW
大東夜市,淑貞姚,1 則評論,1 年前,5 顆星,讚讚,https://www.google.com/maps/contrib/102297737576653783687/reviews?hl=zh-TW
大東夜市,Joke,在地嚮導 · 13 則評論 · 2 張相片,1 年前,5 顆星,,https://www.google.com/maps/contrib/113715031983012109767/reviews?hl=zh-TW
大東夜市,翁嘉彬,6 則評論,1 年前,5 顆星,,https://www.google.com/maps/contrib/110625827828728248984/reviews?hl=zh-TW
大東夜市,楊振鑫,在地嚮導 · 28 則評論 · 11 張相片,1 年前,5 顆星,,https://www.google.com/maps/contrib/100934870539362900103/reviews?hl=zh-TW
大東夜市,end5657,在地嚮導 · 33 則評論 · 14 張相片,1 年前,3 顆星,很久沒來逛了 ，人潮跟以前比差很多,https://www.google.com/maps/contrib/113650569140486324332/reviews?hl=zh-TW
大東夜市,鄭峻傑,在地嚮導 · 30 則評論 · 7 張相片,1 年前,5 顆星,好逛好吃😋 …,https://www.google.com/maps/contrib/108942275099724822138/reviews?hl=zh-TW
大東夜市,Yi Ning,在地嚮導 · 217 則評論 · 645 張相片,1 年前,5 顆星,2 連接夜市。大東和大東東夜市。有很多攤位，從食物到遊戲！炸排骨似乎在這裡很受歡迎。,https://www.google.com/maps/contrib/103703902064477155059/reviews?hl=zh-TW
大東夜市,啾啾,在地嚮導 · 26 則評論 · 4 張相片,1 年前,5 顆星,吃起來,https://www.google.com/maps/contrib/101180851328129375313/reviews?hl=zh-TW
大東夜市,Oliver Jen,在地嚮導 · 7 則評論,1 年前,5 顆星,,https://www.google.com/maps/contrib/115131701268224407843/reviews?hl=zh-TW
大東夜市,曹車,在地嚮導 · 19 則評論 · 5 張相片,1 年前,2 顆星,吃了一家厚片牛排，血味超重很噁，整體而言沒很好逛,https://www.google.com/maps/contrib/113394503949023811851/reviews?hl=zh-TW
大東夜市,緯傑,16 則評論 · 3 張相片,1 年前,5 顆星,,https://www.google.com/maps/contrib/112977297087522818971/reviews?hl=zh-TW
大東夜市,Rosarin Hickman,4 則評論 · 4 張相片,1 年前,1 顆星,悲傷不是好壞,https://www.google.com/maps/contrib/103046506100400102127/reviews?hl=zh-TW
大東夜市,郭侑真,在地嚮導 · 15 則評論 · 2 張相片,1 年前,5 顆星,,https://www.google.com/maps/contrib/108352749833497202207/reviews?hl=zh-TW
大東夜市,嘿嘿,在地嚮導 · 44 則評論 · 11 張相片,1 年前,5 顆星,,https://www.google.com/maps/contrib/117180315869940735882/reviews?hl=zh-TW
大東夜市,ting xiang,在地嚮導 · 140 則評論 · 2 張相片,1 年前,5 顆星,夜市都讚,https://www.google.com/maps/contrib/116533647965839679526/reviews?hl=zh-TW
大東夜市,黃榮安,在地嚮導 · 7 則評論,1 年前,5 顆星,,https://www.google.com/maps/contrib/102865268502186949914/reviews?hl=zh-TW
大東夜市,心妍,在地嚮導 · 136 則評論 · 332 張相片,1 年前,5 顆星,"大東東夜市是台南知名的夜市大東夜市的分家，於2023年9月重新開幕。去了一趟大東東夜市，整體來說我覺得還不錯。

大東東夜市的規模比原大東夜市大一些，攤位也更多樣化。除了台南的特色小吃之外，也有許多異國美食和新奇的玩意兒。我個人很推薦「膳品香酥排骨酥」和「咖椰球」 …",https://www.google.com/maps/contrib/104404405135825989647/reviews?hl=zh-TW
大東夜市,Lemon CC,在地嚮導 · 137 則評論 · 38 張相片,1 年前,4 顆星,攤位比較不多，價格還算可以,https://www.google.com/maps/contrib/112945673108857803798/reviews?hl=zh-TW
大東夜市,yumu Lin,在地嚮導 · 26 則評論 · 2 張相片,1 年前,1 顆星,上次在大東夜市購買手機架 用三天就斷掉 拿去原店家反應 本來是希望退錢 但老闆說無法退錢只能換貨 而且態度也不是很好🤨換了一個新的給我們 回來用也是用一個禮拜就壞了 呃 600多塊這個品質…？？還好壞的當下手機都沒事 不然我們只能自己認雖嗎😠真的不敢再去消費了😩 …,https://www.google.com/maps/contrib/104203951021559771070/reviews?hl=zh-TW
大東夜市,劉益銓,3 則評論,1 年前,5 顆星,,https://www.google.com/maps/contrib/105401902172603601527/reviews?hl=zh-TW
大東夜市,油米,在地嚮導 · 276 則評論 · 243 張相片,1 年前,4 顆星,美食夜市,https://www.google.com/maps/contrib/116277054760717273237/reviews?hl=zh-TW
大東夜市,白白,在地嚮導 · 41 則評論 · 7 張相片,1 年前,5 顆星,好逛👍 …,https://www.google.com/maps/contrib/110601387829062726233/reviews?hl=zh-TW
大東夜市,郭哲銘,在地嚮導 · 50 則評論 · 4 張相片,1 年前,5 顆星,分兩邊其實沒差多少，就是路很難走,https://www.google.com/maps/contrib/115879868501863308038/reviews?hl=zh-TW
大東夜市,Tsai ying Wu,在地嚮導 · 7 則評論 · 14 張相片,1 年前,4 顆星,以前的大東夜市比較好逛,https://www.google.com/maps/contrib/118344610612472443234/reviews?hl=zh-TW
大東夜市,Cora Liu,在地嚮導 · 15 則評論 · 18 張相片,1 年前,5 顆星,就是很難停車,https://www.google.com/maps/contrib/107973058023703120715/reviews?hl=zh-TW
大東夜市,孫立嫻,4 則評論,1 年前,4 顆星,雖然被拆成2個，但是現在的空間變得更大，人多時不會整個摩肩擦踵，而且多了一些和之前不同的攤位，整體環境變得更好逛。,https://www.google.com/maps/contrib/102789000952304363042/reviews?hl=zh-TW
大東夜市,Mark Kao,7 則評論,1 年前,3 顆星,,https://www.google.com/maps/contrib/114617792542228536364/reviews?hl=zh-TW
大東夜市,宏洋工程行,在地嚮導 · 27 則評論 · 24 張相片,1 年前,4 顆星,,https://www.google.com/maps/contrib/102384288426517906737/reviews?hl=zh-TW
大東夜市,戴俊仁,在地嚮導 · 9 則評論,1 年前,3 顆星,,https://www.google.com/maps/contrib/111229876679125758437/reviews?hl=zh-TW
大東夜市,曾祐新,在地嚮導 · 14 則評論,1 年前,5 顆星,,https://www.google.com/maps/contrib/111438746837521157449/reviews?hl=zh-TW
大東夜市,甘心香,在地嚮導 · 67 則評論 · 375 張相片,1 年前,4 顆星,,https://www.google.com/maps/contrib/103259016263357189452/reviews?hl=zh-TW
大東夜市,Simon Lee,在地嚮導 · 91 則評論 · 51 張相片,1 年前,3 顆星,小的。典型的台灣夜市。沒什麼特別的。,https://www.google.com/maps/contrib/108256191908276185317/reviews?hl=zh-TW
大東夜市,沈穎鋒,在地嚮導 · 10 則評論 · 69 張相片,1 年前,3 顆星,,https://www.google.com/maps/contrib/102078212424043069996/reviews?hl=zh-TW
大東夜市,蘇茹臻,2 則評論,1 年前,5 顆星,,https://www.google.com/maps/contrib/113682190621771063831/reviews?hl=zh-TW
大東夜市,BrianWUKH,在地嚮導 · 85 則評論 · 824 張相片,1 年前,5 顆星,,https://www.google.com/maps/contrib/110033435155795501528/reviews?hl=zh-TW
大東夜市,周冠宇,"在地嚮導 · 80 則評論 · 1,382 張相片",1 年前,4 顆星,,https://www.google.com/maps/contrib/107846840911512464566/reviews?hl=zh-TW
大東夜市,戴尼爾,"在地嚮導 · 444 則評論 · 1,928 張相片",1 年前,4 顆星,來台南玩，晚上來逛逛，普普通通,https://www.google.com/maps/contrib/109318424238347042531/reviews?hl=zh-TW
大東夜市,Yu Chen Lin,3 則評論 · 4 張相片,1 年前,4 顆星,,https://www.google.com/maps/contrib/102685566841341660557/reviews?hl=zh-TW
大東夜市,Yun Hao Yeh,"在地嚮導 · 504 則評論 · 5,934 張相片",1 年前,4 顆星,攤販的妹子比其它夜市比例高，吃的東西也不少，也有許多攤位是花園夜市過來的（台南的夜市有固定星期幾開業）,https://www.google.com/maps/contrib/104516069756933617681/reviews?hl=zh-TW
大東夜市,Thomas Tang,在地嚮導 · 12 則評論 · 16 張相片,1 年前,5 顆星,環境乾淨，攤位品項眾多，很愉快的夜市之旅。,https://www.google.com/maps/contrib/114415283371626997834/reviews?hl=zh-TW
大東夜市,老弟lowdi,在地嚮導 · 76 則評論 · 44 張相片,1 年前,4 顆星,"吃臭豆腐還可以，皮酥多汁
只是泡菜有點少  其他還可以。",https://www.google.com/maps/contrib/114150827530044488431/reviews?hl=zh-TW
大東夜市,憨亞,12 則評論 · 2 張相片,1 年前,5 顆星,讚,https://www.google.com/maps/contrib/113085580705323119242/reviews?hl=zh-TW
大東夜市,Even Liu,"在地嚮導 · 124 則評論 · 4,497 張相片",1 年前,4 顆星,"原先的大東夜市，目前攤位約有40攤，主要以美食攤販為主；新開張的「大東東夜市」攤位約有400攤，除了美食小吃，也有夾娃娃機、彈珠台等遊戲攤。

大東夜市 …",https://www.google.com/maps/contrib/106072619917626584577/reviews?hl=zh-TW
大東夜市,許中漢,在地嚮導 · 38 則評論 · 3 張相片,1 年前,5 顆星,人潮算ok攤販也滿多的,https://www.google.com/maps/contrib/104329970766828511718/reviews?hl=zh-TW
大東夜市,賴俊廷,在地嚮導 · 9 則評論 · 16 張相片,1 年前,5 顆星,,https://www.google.com/maps/contrib/112451823674869874546/reviews?hl=zh-TW
大東夜市,JOSEPHINE THONG,在地嚮導 · 10 則評論 · 21 張相片,1 年前,5 顆星,地方很好..食物很棒..值得花時間去。,https://www.google.com/maps/contrib/113078126691134876067/reviews?hl=zh-TW
大東夜市,jerry H,在地嚮導 · 10 則評論 · 44 張相片,1 年前,5 顆星,,https://www.google.com/maps/contrib/116286362224062778193/reviews?hl=zh-TW
大東夜市,熊小娟,在地嚮導 · 17 則評論 · 126 張相片,1 年前,5 顆星,感覺還不錯 ，可是有進步的空間,https://www.google.com/maps/contrib/100099281356448682449/reviews?hl=zh-TW
大東夜市,楊博安,在地嚮導 · 11 則評論 · 3 張相片,1 年前,4 顆星,,https://www.google.com/maps/contrib/102768664070402664336/reviews?hl=zh-TW
大東夜市,Showk Lee,在地嚮導 · 21 則評論 · 10 張相片,1 年前,3 顆星,,https://www.google.com/maps/contrib/102932979354640552387/reviews?hl=zh-TW
大東夜市,Jay Julio,在地嚮導 · 22 則評論 · 19 張相片,1 年前,4 顆星,,https://www.google.com/maps/contrib/109310274558690743807/reviews?hl=zh-TW
大東夜市,jeter tsai,8 則評論,1 年前,4 顆星,現在大東夜市分了2邊後，重複性的東西變多了，反而沒有以前這麼好逛,https://www.google.com/maps/contrib/116361758612694398368/reviews?hl=zh-TW
大東夜市,小天使VIVA,6 則評論,1 年前,5 顆星,豐富什麼都吃得到,https://www.google.com/maps/contrib/112772007821945683526/reviews?hl=zh-TW
大東夜市,pinky yoshino,在地嚮導 · 32 則評論 · 281 張相片,1 年前,4 顆星,,https://www.google.com/maps/contrib/104520020050227850683/reviews?hl=zh-TW
大東夜市,瑞,在地嚮導 · 189 則評論 · 161 張相片,1 年前,4 顆星,大東東比較大一點，其實不太好逛,https://www.google.com/maps/contrib/107492424189087112601/reviews?hl=zh-TW
大東夜市,Courage lin,在地嚮導 · 53 則評論 · 43 張相片,1 年前,5 顆星,府城傳統豆花超好吃,https://www.google.com/maps/contrib/111687604088247772251/reviews?hl=zh-TW
大東夜市,ya ling,在地嚮導 · 20 則評論 · 25 張相片,1 年前,4 顆星,吃很多⋯,https://www.google.com/maps/contrib/116659215877785209920/reviews?hl=zh-TW
大東夜市,杜漢斌,在地嚮導 · 106 張相片,1 年前,5 顆星,,https://www.google.com/maps/contrib/116014303514509348047/reviews?hl=zh-TW
大東夜市,慈慈（胡恩慈）,在地嚮導 · 42 則評論 · 37 張相片,1 年前,5 顆星,大東夜市旁邊有一間大東東夜市🤣雖然看起來蠻鬧的，但兩邊都蠻好逛的 …,https://www.google.com/maps/contrib/104673037211733916613/reviews?hl=zh-TW
大東夜市,陳大胖,在地嚮導 · 20 則評論 · 2 張相片,1 年前,2 顆星,,https://www.google.com/maps/contrib/115249610738174603831/reviews?hl=zh-TW
大東夜市,Helen Lee,在地嚮導 · 12 則評論 · 14 張相片,1 年前,3 顆星,"2月26日在大東夜市吃了烤鮮蚵，蚵仔煎，新疆烤肉串，醬燒雞扒，烤魷魚。。。
第二天就腸胃炎發燒了 🤧🤧🤧🤒🤒🤒
醫生問我為什麼會去這夜市，我說。。。網上介紹的呀 🥲🥲🥲 …",https://www.google.com/maps/contrib/103190708996707453486/reviews?hl=zh-TW
大東夜市,ziv Maple,6 則評論 · 1 張相片,1 年前,5 顆星,,https://www.google.com/maps/contrib/107001150821916466217/reviews?hl=zh-TW
大東夜市,Hsieh昊辰（星辰）,在地嚮導 · 81 則評論 · 102 張相片,1 年前,4 顆星,同一個地點有兩個夜市一個是大東一個是大東東，不過東西都蠻便宜的,https://www.google.com/maps/contrib/107692122853021334286/reviews?hl=zh-TW
大東夜市,anan,在地嚮導 · 37 則評論 · 28 張相片,1 年前,4 顆星,,https://www.google.com/maps/contrib/114942942595749553326/reviews?hl=zh-TW
大東夜市,邱家棋,在地嚮導 · 72 則評論 · 31 張相片,1 年前,5 顆星,,https://www.google.com/maps/contrib/116164188386858667184/reviews?hl=zh-TW
大東夜市,李銘,在地嚮導 · 2 則評論 · 1 張相片,1 年前,5 顆星,,https://www.google.com/maps/contrib/103187162361833321831/reviews?hl=zh-TW
大東夜市,Shark,在地嚮導 · 93 則評論 · 50 張相片,1 年前,5 顆星,"攤販很多,選擇很多！
停車場也好停車,路面也很整潔！",https://www.google.com/maps/contrib/109898838095503398074/reviews?hl=zh-TW
大東夜市,蕭巧欣,在地嚮導 · 32 則評論 · 19 張相片,1 年前,4 顆星,吃的食物不小心踩了很多雷😂😂 …,https://www.google.com/maps/contrib/114648560274349167559/reviews?hl=zh-TW
大東夜市,大町正代,在地嚮導 · 48 則評論 · 284 張相片,1 年前,4 顆星,我來這裡是因為花園夜市週一關閉。比我想的小，但是感覺和台北不一樣。路很寬，走起來很方便。,https://www.google.com/maps/contrib/100856301539067247361/reviews?hl=zh-TW
大東夜市,李賢高,在地嚮導 · 15 則評論 · 13 張相片,1 年前,5 顆星,,https://www.google.com/maps/contrib/116711343507208746683/reviews?hl=zh-TW
大東夜市,Barry Wang,在地嚮導 · 90 則評論,1 年前,4 顆星,物價不低啊,https://www.google.com/maps/contrib/103825315002566624279/reviews?hl=zh-TW
大東夜市,林政谷,在地嚮導 · 48 則評論 · 296 張相片,1 年前,5 顆星,又大又好逛,https://www.google.com/maps/contrib/117945989451971879359/reviews?hl=zh-TW
大東夜市,葉婉儀,15 則評論 · 3 張相片,1 年前,5 顆星,,https://www.google.com/maps/contrib/100298680021890705974/reviews?hl=zh-TW
大東夜市,HY C,在地嚮導 · 94 則評論 · 46 張相片,1 年前,3 顆星,"來過就好，有廁所和垃圾桶，方便而且還算整潔
除了麻辣魚蛋，其他可能不合胃口",https://www.google.com/maps/contrib/106055631297459144162/reviews?hl=zh-TW
大東夜市,賴亮亮,在地嚮導 · 17 則評論 · 7 張相片,1 年前,5 顆星,,https://www.google.com/maps/contrib/116255643583236732516/reviews?hl=zh-TW
大東夜市,郭Frank,在地嚮導 · 22 則評論 · 4 張相片,1 年前,5 顆星,大東大東東夠多東西可以吃就是花銷不菲😁 …,https://www.google.com/maps/contrib/116938864529548579940/reviews?hl=zh-TW
大東夜市,Lollipop ppp,1 則評論,1 年前,5 顆星,,https://www.google.com/maps/contrib/105996888598893883556/reviews?hl=zh-TW
大東夜市,楊展彰,在地嚮導 · 23 則評論 · 13 張相片,1 年前,4 顆星,,https://www.google.com/maps/contrib/100429054333444631607/reviews?hl=zh-TW
大東夜市,HAN-DE ZENG (DEDE),在地嚮導 · 33 則評論 · 1 張相片,1 年前,5 顆星,就夜市 但乾淨 尤其廁所也乾淨（超重要,https://www.google.com/maps/contrib/101531315483172786466/reviews?hl=zh-TW
大東夜市,歐力菲,11 則評論 · 11 張相片,1 年前,5 顆星,,https://www.google.com/maps/contrib/110078903574046415272/reviews?hl=zh-TW
大東夜市,陳俊名,,1 年前,4 顆星,,https://www.google.com/maps/contrib/115104291723153713057/reviews?hl=zh-TW
大東夜市,Rachel Lan,在地嚮導 · 111 則評論 · 273 張相片,1 年前,4 顆星,好大，好逛。,https://www.google.com/maps/contrib/111170211352786689654/reviews?hl=zh-TW
大東夜市,陳逸爵,2 則評論 · 5 張相片,1 年前,4 顆星,,https://www.google.com/maps/contrib/117155614703016047463/reviews?hl=zh-TW
大東夜市,Caleb Lim,"在地嚮導 · 229 則評論 · 1,245 張相片",1 年前,5 顆星,"氣氛很好，管理良好，有很多好商店。我與一名管理辦公室工作人員交談，得知大東已經存在 22 年了。

然而，去年市政府把夜市土地分成了兩塊，另一家公司正在經營大東東，這是大多數人首先進入的地方。 …",https://www.google.com/maps/contrib/114360608933061462525/reviews?hl=zh-TW
大東夜市,陳柏瑋,13 則評論 · 2 張相片,1 年前,3 顆星,,https://www.google.com/maps/contrib/113070162954019427749/reviews?hl=zh-TW
大東夜市,葉竹亭,在地嚮導 · 69 則評論 · 49 張相片,1 年前,4 顆星,,https://www.google.com/maps/contrib/113279370067606605939/reviews?hl=zh-TW
大東夜市,Glen K,"在地嚮導 · 1,062 則評論 · 5,715 張相片",1 年前,5 顆星,"八級在地嚮導評論～
2023.2.27到訪
因為228連假的關係， …",https://www.google.com/maps/contrib/116820760972536767464/reviews?hl=zh-TW
大東夜市,yu Yu,在地嚮導 · 29 則評論 · 17 張相片,1 年前,5 顆星,,https://www.google.com/maps/contrib/101644050350482655227/reviews?hl=zh-TW
大東夜市,Alex Hin,在地嚮導 · 110 則評論 · 38 張相片,1 年前,5 顆星,大東跟大東東連在一起，很熱鬧！,https://www.google.com/maps/contrib/104396044062551852687/reviews?hl=zh-TW
大東夜市,Yumi Cuo,8 則評論 · 3 張相片,1 年前,5 顆星,,https://www.google.com/maps/contrib/105997342939173218552/reviews?hl=zh-TW
大東夜市,Lisa Nguyen,8 則評論 · 21 張相片,1 年前,4 顆星,,https://www.google.com/maps/contrib/102038207063312522578/reviews?hl=zh-TW
大東夜市,Yi An,在地嚮導 · 110 則評論 · 89 張相片,1 年前,3 顆星,吵架分家的大東、大東東已經不是記憶中的大東夜市了嗚嗚🥲 …,https://www.google.com/maps/contrib/113481031892856509938/reviews?hl=zh-TW
大東夜市,BK King,在地嚮導 · 37 則評論 · 15 張相片,1 年前,1 顆星,這攤賣的手機架極不推薦，買一個說防震的要價690塊，結果才用三天結合處就斷裂了，還好當時不是在使用中，說實話這個品質換一個新的給我有什麼用，老闆的處理態度更是糟糕，完全不跟客人解釋，一下說這個他們也沒遇過，一下又說要跟公司回報，最後還想卸責說我們不是在他們攤買的，什麼都不解釋默默的從旁邊拿一個新的塞給我，賣品質這麼差的東西誰敢用，還不給退,https://www.google.com/maps/contrib/100097272519652574313/reviews?hl=zh-TW
大東夜市,廖彥傑,在地嚮導 · 73 則評論 · 3 張相片,1 年前,4 顆星,,https://www.google.com/maps/contrib/104469917260812768218/reviews?hl=zh-TW
大東夜市,蔡宜霖,在地嚮導 · 65 則評論 · 106 張相片,1 年前,4 顆星,吃的攤位居多，不過都很好吃唷,https://www.google.com/maps/contrib/111114834219941773243/reviews?hl=zh-TW
大東夜市,Mark Chen,5 則評論 · 15 張相片,1 年前,5 顆星,,https://www.google.com/maps/contrib/110532271429909083889/reviews?hl=zh-TW
大東夜市,社團法人台北市小柏職業訓練協會,在地嚮導 · 23 則評論 · 32 張相片,1 年前,5 顆星,有廁所很方便,https://www.google.com/maps/contrib/116423704194492214763/reviews?hl=zh-TW
大東夜市,翰翰,在地嚮導 · 36 則評論 · 2 張相片,1 年前,2 顆星,一個好好的夜市結果搞成分家這樣，偶爾回來台南旅遊來逛，有些固定會吃的變好難吃，鴨肉羹（整個都沒鍋氣味道很單調超退步）、 拉薩麵 …,https://www.google.com/maps/contrib/106913454038704009689/reviews?hl=zh-TW
大東夜市,李家儀,23 則評論 · 3 張相片,1 年前,3 顆星,,https://www.google.com/maps/contrib/113802099509978496153/reviews?hl=zh-TW
大東夜市,家維,在地嚮導 · 22 則評論 · 19 張相片,1 年前,5 顆星,東西很多，妹子也很多，可以好好探索的夜市，雖然名字好像改大東東～～,https://www.google.com/maps/contrib/112600933737216824148/reviews?hl=zh-TW
大東夜市,你是豬吧,2 則評論 · 4 張相片,1 年前,4 顆星,,https://www.google.com/maps/contrib/104045493205365828248/reviews?hl=zh-TW
大東夜市,Kelly S.,在地嚮導 · 158 則評論 · 617 張相片,1 年前,3 顆星,分裂成兩個夜市是管理會的事，還將夜市硬生生分兩邊，幹嘛要讓顧客逛起來那麼不方便？,https://www.google.com/maps/contrib/115125531021253672246/reviews?hl=zh-TW
大東夜市,蔡皓文,在地嚮導 · 189 則評論 · 667 張相片,1 年前,4 顆星,,https://www.google.com/maps/contrib/113181313940651958821/reviews?hl=zh-TW
大東夜市,吳暉泓,8 則評論 · 2 張相片,1 年前,5 顆星,,https://www.google.com/maps/contrib/108073520719273999827/reviews?hl=zh-TW
大東夜市,李敏瑄,在地嚮導 · 34 則評論 · 24 張相片,1 年前,5 顆星,動線怪怪的 保安很兇,https://www.google.com/maps/contrib/114187301293794976864/reviews?hl=zh-TW
大東夜市,陳.福祥,在地嚮導 · 9 則評論 · 10 張相片,1 年前,5 顆星,,https://www.google.com/maps/contrib/100991762833049340970/reviews?hl=zh-TW
大東夜市,嵐啪,在地嚮導 · 42 則評論 · 7 張相片,1 年前,5 顆星,,https://www.google.com/maps/contrib/108618072140651569347/reviews?hl=zh-TW
大東夜市,陳建銘,在地嚮導 · 83 則評論 · 50 張相片,1 年前,5 顆星,跟大東東夜市中間被攤販隔開了 只能從外面走到另一個夜市,https://www.google.com/maps/contrib/112048436795639000566/reviews?hl=zh-TW
大東夜市,黃美雲,5 則評論,1 年前,5 顆星,,https://www.google.com/maps/contrib/100462928610969015337/reviews?hl=zh-TW
大東夜市,Ruby C,18 則評論 · 1 張相片,1 年前,1 顆星,,https://www.google.com/maps/contrib/116238004762409549723/reviews?hl=zh-TW
大東夜市,blanche chong,"在地嚮導 · 132 則評論 · 2,390 張相片",1 年前,4 顆星,攤位蠻多的 ，可是分成兩邊 ，而且中間被隔開 ，有一點好奇怪,https://www.google.com/maps/contrib/113734854546435579750/reviews?hl=zh-TW
大東夜市,孫儀蓁,在地嚮導 · 23 則評論 · 1 張相片,1 年前,5 顆星,,https://www.google.com/maps/contrib/105408757044340923538/reviews?hl=zh-TW
大東夜市,王凱文,在地嚮導 · 53 則評論 · 8 張相片,1 年前,1 顆星,各留一顆星，兩個爛夜市,https://www.google.com/maps/contrib/115978218359736501347/reviews?hl=zh-TW
大東夜市,Jerry Ngo,在地嚮導 · 178 則評論 · 713 張相片,1 年前,4 顆星,寬敞的當地夜市有許多美味的當地美食可供選擇。如果你喜歡的話，還有很多嘉年華遊戲。如果你在台南，絕對不要錯過這裡！,https://www.google.com/maps/contrib/103875021891721956234/reviews?hl=zh-TW
大東夜市,涼涼,"在地嚮導 · 178 則評論 · 6,273 張相片",1 年前,5 顆星,,https://www.google.com/maps/contrib/102590284370465631311/reviews?hl=zh-TW
大東夜市,Sandy Fu,在地嚮導 · 314 則評論 · 68 張相片,1 年前,1 顆星,食物單一地方闊落有其他選擇可以不來,https://www.google.com/maps/contrib/117528098097359018639/reviews?hl=zh-TW
大東夜市,CHUN-MING KUO (Danny),在地嚮導 · 368 則評論 · 569 張相片,1 年前,5 顆星,,https://www.google.com/maps/contrib/108653904002194895536/reviews?hl=zh-TW
大東夜市,Jeff Lin,在地嚮導 · 55 則評論 · 7 張相片,1 年前,5 顆星,,https://www.google.com/maps/contrib/104974038355655526302/reviews?hl=zh-TW
大東夜市,柚子柚子,10 則評論 · 13 張相片,1 年前,5 顆星,,https://www.google.com/maps/contrib/104839765800305383371/reviews?hl=zh-TW
大東夜市,Bo,在地嚮導 · 103 則評論,1 年前,1 顆星,東西真的都不好吃，超難吃,https://www.google.com/maps/contrib/106543429177080189171/reviews?hl=zh-TW
大東夜市,王溱廷,"在地嚮導 · 84 則評論 · 1,007 張相片",1 年前,3 顆星,,https://www.google.com/maps/contrib/100553731212886811167/reviews?hl=zh-TW
大東夜市,施怡如,在地嚮導 · 89 則評論 · 182 張相片,1 年前,1 顆星,動線不佳,https://www.google.com/maps/contrib/108968451666235400781/reviews?hl=zh-TW
大東夜市,BrianChen,14 則評論,1 年前,1 顆星,投籃攤位價格太盤，攤位前放了6顆球，老闆說一局300中3顆有娃娃，開始投後才又說只能投4顆，4顆要中3顆才有娃娃⋯⋯,https://www.google.com/maps/contrib/109138855633311185316/reviews?hl=zh-TW
大東夜市,circlek618,在地嚮導 · 10 則評論 · 58 張相片,1 年前,4 顆星,,https://www.google.com/maps/contrib/114792140742740194775/reviews?hl=zh-TW
大東夜市,一株抹茶,在地嚮導 · 37 則評論 · 8 張相片,1 年前,4 顆星,廁所太髒ㄌ 動線好卡 可以跟旁邊夜市合併嗎,https://www.google.com/maps/contrib/115560938375574372179/reviews?hl=zh-TW
大東夜市,SAM LIN,4 則評論 · 1 張相片,1 年前,5 顆星,,https://www.google.com/maps/contrib/105806103528205050123/reviews?hl=zh-TW
大東夜市,岩間文貴,12 則評論,1 年前,3 顆星,由於某些原因，它毗鄰大東東夜市，所以不能直接往返。關於權限肯定存在一些混亂，我希望從使用者的角度看到改進。作為夜市，可以玩得很開心。,https://www.google.com/maps/contrib/101975194615842289246/reviews?hl=zh-TW
大東夜市,林姿妤,在地嚮導 · 34 則評論 · 12 張相片,1 年前,5 顆星,現在吃的攤位變的比較多，還有一些以前沒有的攤位，很建議去那邊逛,https://www.google.com/maps/contrib/116687132678554460839/reviews?hl=zh-TW
大東夜市,KuoShiang Kuo,在地嚮導 · 23 則評論 · 6 張相片,1 年前,4 顆星,,https://www.google.com/maps/contrib/108708738035133527489/reviews?hl=zh-TW
大東夜市,阿男,在地嚮導 · 72 則評論 · 31 張相片,1 年前,5 顆星,,https://www.google.com/maps/contrib/101253991873488141936/reviews?hl=zh-TW
大東夜市,莫滄桑,8 則評論,1 年前,1 顆星,,https://www.google.com/maps/contrib/114152671257807757731/reviews?hl=zh-TW
大東夜市,許淑雅,6 則評論 · 3 張相片,1 年前,5 顆星,,https://www.google.com/maps/contrib/114829322014327789410/reviews?hl=zh-TW
大東夜市,G K (TBM4EVER),在地嚮導 · 57 則評論 · 51 張相片,1 年前,5 顆星,"好吃，好玩，好多人，哈哈。
Lots of food and game options, tons of people.",https://www.google.com/maps/contrib/112071336077159764940/reviews?hl=zh-TW
大東夜市,廖小珮,在地嚮導 · 17 則評論 · 13 張相片,1 年前,5 顆星,,https://www.google.com/maps/contrib/104731029623743294196/reviews?hl=zh-TW
大東夜市,沈勝豐,"在地嚮導 · 101 則評論 · 2,876 張相片",1 年前,4 顆星,好吃的美食 星期五晚上人潮很多,https://www.google.com/maps/contrib/104315030106702104670/reviews?hl=zh-TW
大東夜市,魚丸,在地嚮導 · 59 則評論 · 12 張相片,1 年前,3 顆星,分裂成大東及大東東夜市後，新增了一座廁所很棒，但動線變的較難逛，攤位也變少了,https://www.google.com/maps/contrib/102155237513781393025/reviews?hl=zh-TW
大東夜市,嚕嚕,在地嚮導 · 17 則評論 · 9 張相片,1 年前,5 顆星,,https://www.google.com/maps/contrib/105912690777203676325/reviews?hl=zh-TW
大東夜市,鄭琳Uni,17 則評論 · 14 張相片,1 年前,5 顆星,,https://www.google.com/maps/contrib/107455315450179608834/reviews?hl=zh-TW
大東夜市,Luck Ok,"在地嚮導 · 226 則評論 · 1,040 張相片",1 年前,5 顆星,來了ㄣˉ次，蟹味棒不好吃，鐵板麵肉很組合，飲料普普，釣蝦蝦超大隻不好釣，禮拜二的夜市，位子超難停車的!,https://www.google.com/maps/contrib/116128739550829409399/reviews?hl=zh-TW
大東夜市,yi xuan,14 則評論 · 2 張相片,1 年前,3 顆星,"何佳佳蔥油餅全部都是焦的
真的可以改名叫何焦焦了",https://www.google.com/maps/contrib/108890343424350616601/reviews?hl=zh-TW
大東夜市,D Da,在地嚮導 · 235 則評論 · 44 張相片,1 年前,3 顆星,"廁所臭到一個食慾全無
三顆是給辛苦的店家們
管理單位真的要重視！",https://www.google.com/maps/contrib/112275528138438866306/reviews?hl=zh-TW
大東夜市,榮,2 則評論,1 年前,5 顆星,,https://www.google.com/maps/contrib/115057516451673382989/reviews?hl=zh-TW
大東夜市,豪甄,在地嚮導 · 15 則評論 · 12 張相片,1 年前,5 顆星,我覺得很好有賣很多吃的,https://www.google.com/maps/contrib/104093016636645677315/reviews?hl=zh-TW
大東夜市,主角光環,"在地嚮導 · 12 則評論 · 2,433 張相片",1 年前,3 顆星,,https://www.google.com/maps/contrib/103740658941422544415/reviews?hl=zh-TW
大東夜市,Min-Hsuan Chung,7 則評論 · 9 張相片,1 年前,5 顆星,,https://www.google.com/maps/contrib/111171183177958247293/reviews?hl=zh-TW
大東夜市,Kevin Jan,在地嚮導 · 225 則評論 · 762 張相片,1 年前,4 顆星,來到最近上新聞版面的大東夜市以及大東東夜市，其實是原本的大東夜市分裂為二，但大東東夜市佔了三分之二的面積,https://www.google.com/maps/contrib/109796852722625968978/reviews?hl=zh-TW
大東夜市,施偉聰,8 則評論 · 5 張相片,1 年前,5 顆星,,https://www.google.com/maps/contrib/108652127569984069981/reviews?hl=zh-TW
大東夜市,張嘉翃,在地嚮導 · 14 則評論 · 285 張相片,1 年前,5 顆星,,https://www.google.com/maps/contrib/116450400020497584655/reviews?hl=zh-TW
大東夜市,Sean Hsieh,在地嚮導 · 123 則評論 · 107 張相片,1 年前,2 顆星,"上週跟家人去逛，隨機吃了幾間店，
蝦仁煎、燒仙草、炸雞塊、豬血湯……
覺得都蠻普通的， …",https://www.google.com/maps/contrib/109093222364120737667/reviews?hl=zh-TW
大東夜市,廖文海,3 則評論,1 年前,5 顆星,,https://www.google.com/maps/contrib/103397771263410910117/reviews?hl=zh-TW
大東夜市,FuJen Hsueh,"在地嚮導 · 1,138 則評論 · 11,720 張相片",1 年前,3 顆星,觀光化了,https://www.google.com/maps/contrib/106193780229473851869/reviews?hl=zh-TW
大東夜市,Zog,6 則評論 · 1 張相片,1 年前,5 顆星,,https://www.google.com/maps/contrib/111407033336461610816/reviews?hl=zh-TW
大東夜市,張再賢,在地嚮導 · 43 則評論 · 31 張相片,1 年前,3 顆星,,https://www.google.com/maps/contrib/105639274224896002254/reviews?hl=zh-TW
大東夜市,鄭德泉,在地嚮導 · 26 則評論 · 2 張相片,1 年前,5 顆星,大東夜市位於台南農業署南部分署旁，人潮擁擠川流不息，各類小吃應有盡有，很有趣好吃，是品嚐美食的好地方。,https://www.google.com/maps/contrib/111803746385758910656/reviews?hl=zh-TW
大東夜市,黃芯蒂,在地嚮導 · 12 則評論 · 201 張相片,1 年前,5 顆星,,https://www.google.com/maps/contrib/113838882563461037334/reviews?hl=zh-TW
大東夜市,月月星,在地嚮導 · 16 則評論 · 5 張相片,1 年前,5 顆星,攤販很多，價格比花園夜市低一點,https://www.google.com/maps/contrib/117243642294061841209/reviews?hl=zh-TW
大東夜市,包艾比,在地嚮導 · 52 則評論 · 15 張相片,1 年前,4 顆星,,https://www.google.com/maps/contrib/116551370156456732895/reviews?hl=zh-TW
大東夜市,項蘋,在地嚮導 · 24 則評論 · 11 張相片,1 年前,2 顆星,,https://www.google.com/maps/contrib/115148326720866726717/reviews?hl=zh-TW
大東夜市,黃凱文,5 則評論 · 6 張相片,1 年前,1 顆星,越來越糟,https://www.google.com/maps/contrib/107709930070089440934/reviews?hl=zh-TW
大東夜市,Allie Chen,9 則評論,1 年前,2 顆星,重整後，動線規劃很差,https://www.google.com/maps/contrib/114488632767961869949/reviews?hl=zh-TW
大東夜市,Finn Yang,在地嚮導 · 27 則評論 · 17 張相片,1 年前,1 顆星,現在變得超級難逛，在台南30多年，第一次覺得大東不好逛，不是說問題解決了嗎？為什麼還是分兩邊，回不去以前的大東了，我寧願去逛別的夜市,https://www.google.com/maps/contrib/107966090752600726582/reviews?hl=zh-TW
大東夜市,淋小雨,在地嚮導 · 12 則評論 · 29 張相片,1 年前,5 顆星,,https://www.google.com/maps/contrib/106491395292061149434/reviews?hl=zh-TW
大東夜市,2017509謝毓庭,13 則評論 · 2 張相片,1 年前,5 顆星,店員好親切🫶🏻 …,https://www.google.com/maps/contrib/116346669701367307928/reviews?hl=zh-TW
大東夜市,BoaTing Chen,在地嚮導 · 219 則評論 · 676 張相片,1 年前,4 顆星,,https://www.google.com/maps/contrib/104587306039549257299/reviews?hl=zh-TW
大東夜市,Amethyst Wu,在地嚮導 · 21 則評論 · 51 張相片,1 年前,4 顆星,,https://www.google.com/maps/contrib/101312860311342188318/reviews?hl=zh-TW
大東夜市,cc wan,在地嚮導 · 34 則評論 · 14 張相片,1 年前,1 顆星,小心，裡面有一家賣蔥油餅的，攤位價目表標示1份25，半張50元，實際上不賣你1份的，只能買半張以上，男的態度口氣都很差。造訪日期：2/12晚上約7點左右，攤位位置靠大東夜市中間拉起來分格線那側大概第二排～第三排。,https://www.google.com/maps/contrib/104461643276542285074/reviews?hl=zh-TW
大東夜市,馬路小英雄,在地嚮導 · 355 則評論 · 20 張相片,1 年前,1 顆星,N年前來過 今日再訪開車停車不便 然而會去逛夜市都是為了新鮮 好吃 好玩 便宜的心態 而目前看來各攤位售價不會比實體店面來的低 已經完全失去夜市最基本的感覺了 就算再大也會逐漸沒落,https://www.google.com/maps/contrib/110588485948872126046/reviews?hl=zh-TW
大東夜市,陳秋萍,在地嚮導 · 87 則評論 · 302 張相片,1 年前,3 顆星,不予置評，總之個人逛不習慣，可能只會去買古曼然後就走了,https://www.google.com/maps/contrib/116460759717883342227/reviews?hl=zh-TW
大東夜市,李孟霖,14 則評論 · 2 張相片,1 年前,5 顆星,,https://www.google.com/maps/contrib/112606001170176400482/reviews?hl=zh-TW
大東夜市,潘皓旻,7 則評論,1 年前,1 顆星,不太方便逛街 還分成兩邊,https://www.google.com/maps/contrib/103343856697441845162/reviews?hl=zh-TW
大東夜市,蕭小明,在地嚮導 · 49 則評論 · 14 張相片,1 年前,3 顆星,一個夜市分成兩區，動線無法連貫，停車便利性也不足,https://www.google.com/maps/contrib/108732783262306599134/reviews?hl=zh-TW
大東夜市,Steven Chiang,73 則評論,1 年前,5 顆星,大,https://www.google.com/maps/contrib/113297944958245524638/reviews?hl=zh-TW
大東夜市,派翠克,在地嚮導 · 57 則評論 · 98 張相片,1 年前,5 顆星,蘭花種類齊全，大都外銷，廠區自動化程度高，不愧是台灣之光,https://www.google.com/maps/contrib/113895143297045946985/reviews?hl=zh-TW
大東夜市,洪謙容,7 則評論 · 2 張相片,1 年前,5 顆星,,https://www.google.com/maps/contrib/100299466643658573715/reviews?hl=zh-TW
大東夜市,EASY ON,3 則評論 · 1 張相片,1 年前,4 顆星,,https://www.google.com/maps/contrib/109622762293044144780/reviews?hl=zh-TW
大東夜市,戴家益,在地嚮導 · 23 則評論 · 5 張相片,1 年前,5 顆星,,https://www.google.com/maps/contrib/109851660451531104815/reviews?hl=zh-TW
大東夜市,雅,在地嚮導 · 169 則評論 · 65 張相片,1 年前,4 顆星,,https://www.google.com/maps/contrib/109684369700329204159/reviews?hl=zh-TW
大東夜市,Junyu,在地嚮導 · 24 則評論 · 13 張相片,1 年前,5 顆星,,https://www.google.com/maps/contrib/114603192581309049844/reviews?hl=zh-TW
大東夜市,歐勝驛,在地嚮導 · 133 則評論 · 247 張相片,1 年前,5 顆星,,https://www.google.com/maps/contrib/115604140068471220425/reviews?hl=zh-TW
大東夜市,蔡宛真,12 則評論 · 1 張相片,1 年前,5 顆星,人很多，車位很少，應要早點去逛，吃滿買滿,https://www.google.com/maps/contrib/104949632826018744638/reviews?hl=zh-TW
大東夜市,張芷瑄,在地嚮導 · 65 則評論 · 32 張相片,1 年前,5 顆星,"比花園夜市好逛，且機車好停
不過大東東比大東好逛",https://www.google.com/maps/contrib/102834219725015958523/reviews?hl=zh-TW
大東夜市,Rustam,在地嚮導 · 194 則評論 · 5 張相片,1 年前,5 顆星,夜市很大，很齊全，很漂亮,https://www.google.com/maps/contrib/110530749877265106330/reviews?hl=zh-TW
大東夜市,蕭守平,在地嚮導 · 83 則評論,1 年前,5 顆星,夜市有好多攤販，賣各式小吃。,https://www.google.com/maps/contrib/116051296784759564017/reviews?hl=zh-TW
大東夜市,張姿儀,,1 年前,5 顆星,,https://www.google.com/maps/contrib/101898001299496927088/reviews?hl=zh-TW
大東夜市,余文樂,4 則評論,1 年前,1 顆星,差不多可以收一收了 沒攤,https://www.google.com/maps/contrib/115357727350434983073/reviews?hl=zh-TW
大東夜市,OP BIG,55 則評論 · 67 張相片,1 年前,5 顆星,吃的很多 又便宜,https://www.google.com/maps/contrib/115626682220204083502/reviews?hl=zh-TW
大東夜市,遠傳,在地嚮導 · 3 則評論 · 26 張相片,1 年前,4 顆星,,https://www.google.com/maps/contrib/114515505471087834875/reviews?hl=zh-TW
大東夜市,Felix,在地嚮導 · 72 則評論 · 5 張相片,1 年前,5 顆星,雖然沒什麼特別的料理，但好吃便宜也好逛👍🏻 …,https://www.google.com/maps/contrib/102784376159062643482/reviews?hl=zh-TW
大東夜市,Sheng殤不患,5 則評論,1 年前,5 顆星,,https://www.google.com/maps/contrib/118350912248240526415/reviews?hl=zh-TW
大東夜市,郭淑儀,在地嚮導 · 110 則評論 · 831 張相片,1 年前,5 顆星,雖然兩間夜市分家，其實很多攤商還是舊有的。當然也有不少新攤位，還是很值得大家就近來走走。其實許多小吃也是兩邊都有唷！哈哈。,https://www.google.com/maps/contrib/108371098133471841802/reviews?hl=zh-TW
大東夜市,Chiara Tarsitano,在地嚮導 · 46 則評論 · 74 張相片,1 年前,5 顆星,最好的夜市之一！,https://www.google.com/maps/contrib/115837351821848416299/reviews?hl=zh-TW
大東夜市,吳俊信,在地嚮導 · 9 則評論 · 7 張相片,1 年前,5 顆星,,https://www.google.com/maps/contrib/102024087342389016649/reviews?hl=zh-TW
大東夜市,呂俊英,在地嚮導 · 198 則評論 · 252 張相片,1 年前,5 顆星,,https://www.google.com/maps/contrib/118255552898480574384/reviews?hl=zh-TW
大東夜市,Wannable Sue,在地嚮導 · 646 則評論 · 367 張相片,1 年前,5 顆星,綠竹筍跟沙威瑪超好吃 麻辣燙也是,https://www.google.com/maps/contrib/105669142311472513293/reviews?hl=zh-TW
大東夜市,J C,在地嚮導 · 107 則評論 · 42 張相片,1 年前,5 顆星,人多，東西多，難停車。,https://www.google.com/maps/contrib/104879057426781467148/reviews?hl=zh-TW
大東夜市,黃貴興,在地嚮導 · 30 則評論 · 171 張相片,1 年前,5 顆星,很多新口味，超屌的,https://www.google.com/maps/contrib/100216509547968389157/reviews?hl=zh-TW
大東夜市,陳泓宇,4 則評論,1 年前,5 顆星,,https://www.google.com/maps/contrib/104032952803537005229/reviews?hl=zh-TW
大東夜市,許浚中,在地嚮導 · 33 則評論 · 6 張相片,1 年前,4 顆星,,https://www.google.com/maps/contrib/118410931347179504805/reviews?hl=zh-TW
大東夜市,莊巧欣,"在地嚮導 · 300 則評論 · 1,408 張相片",1 年前,5 顆星,,https://www.google.com/maps/contrib/114784218603575030636/reviews?hl=zh-TW
大東夜市,MORIFUMI MATSUMOTO,在地嚮導 · 42 則評論 · 9 張相片,1 年前,1 顆星,"我真的不懂夜市有多好。
沒覺得有什麼特別好吃的。
衛生嗎？如果您正在觀光，請順便過來。",https://www.google.com/maps/contrib/108586232865142021221/reviews?hl=zh-TW
大東夜市,Richland Huang,在地嚮導 · 106 則評論 · 2 張相片,1 年前,5 顆星,,https://www.google.com/maps/contrib/110850071132414939614/reviews?hl=zh-TW
大東夜市,爸娜娜露營區,在地嚮導 · 28 則評論 · 81 張相片,1 年前,5 顆星,吃的東西好多,https://www.google.com/maps/contrib/116880054112074298441/reviews?hl=zh-TW
大東夜市,Teresa Tu,在地嚮導 · 25 則評論 · 2 張相片,1 年前,3 顆星,"腹地小 重複率又高
反觀大東東的活絡…這邊實在有點無聊",https://www.google.com/maps/contrib/117388343672187550651/reviews?hl=zh-TW
大東夜市,范二狗,在地嚮導 · 14 則評論 · 7 張相片,1 年前,5 顆星,"菇菇的店：炸的好吃，不會很油，口味剛好

馬來西亞陳老闆（有咖椰麵包的）：咖椰奶油麵包好吃，拉茶讚（喝到其他家的有加水，這家好喝！） …",https://www.google.com/maps/contrib/116248484327861849917/reviews?hl=zh-TW
大東夜市,邱紀瑋,14 則評論 · 2 張相片,1 年前,4 顆星,各位大大明天夜市幾點開呢,https://www.google.com/maps/contrib/103754948099462553987/reviews?hl=zh-TW
大東夜市,HW H,3 則評論,1 年前,5 顆星,,https://www.google.com/maps/contrib/104737068363247631293/reviews?hl=zh-TW
大東夜市,3 3,9 則評論 · 3 張相片,1 年前,5 顆星,,https://www.google.com/maps/contrib/105227818527817246010/reviews?hl=zh-TW
大東夜市,林維尼,9 則評論 · 1 張相片,1 年前,5 顆星,,https://www.google.com/maps/contrib/116110328668314485013/reviews?hl=zh-TW
大東夜市,文琇,1 則評論,1 年前,5 顆星,,https://www.google.com/maps/contrib/113119101795127650084/reviews?hl=zh-TW
大東夜市,李建緯,5 則評論,1 年前,5 顆星,,https://www.google.com/maps/contrib/115313918998031692532/reviews?hl=zh-TW
大東夜市,Bryan Lee,3 則評論 · 1 張相片,1 年前,1 顆星,沙威瑪攤主問一個問題就不耐煩直接兇客人 態度超級差,https://www.google.com/maps/contrib/104038878407931450327/reviews?hl=zh-TW
大東夜市,謝長旺,在地嚮導 · 6 張相片,1 年前,5 顆星,,https://www.google.com/maps/contrib/115725782770997753006/reviews?hl=zh-TW
大東夜市,張美秀,1 則評論,1 年前,5 顆星,今天有沒有夜市,https://www.google.com/maps/contrib/110193504877210085851/reviews?hl=zh-TW
大東夜市,康君睿,在地嚮導 · 16 則評論 · 1 張相片,1 年前,1 顆星,整天在慢車道卸貨違停，終於倒閉了，爽~,https://www.google.com/maps/contrib/108334055923163444533/reviews?hl=zh-TW
大東夜市,謝政男,6 則評論,1 年前,5 顆星,,https://www.google.com/maps/contrib/113406061301955834922/reviews?hl=zh-TW
大東夜市,MARY WU,在地嚮導 · 3 則評論,1 年前,1 顆星,第一次去碰到休息一個月，所以沒逛到,https://www.google.com/maps/contrib/107276330653506996692/reviews?hl=zh-TW
大東夜市,劉明文,在地嚮導 · 172 則評論 · 2 張相片,1 年前,4 顆星,東西種類很多樣化...最近沒有營業喔,https://www.google.com/maps/contrib/116603927676838591113/reviews?hl=zh-TW
大東夜市,南客胡,在地嚮導 · 40 則評論 · 37 張相片,1 年前,3 顆星,,https://www.google.com/maps/contrib/105089310421065931823/reviews?hl=zh-TW
大東夜市,Tony cheng,在地嚮導 · 5 則評論,1 年前,4 顆星,,https://www.google.com/maps/contrib/107075577553440627642/reviews?hl=zh-TW
大東夜市,S.H. Weng,在地嚮導 · 131 則評論 · 221 張相片,1 年前,4 顆星,在市區，離成功大學不遠，有販賣果汁、石蓮汁等等飲料，古早的打香腸遊戲也有,https://www.google.com/maps/contrib/107888694173573263089/reviews?hl=zh-TW
大東夜市,Min,在地嚮導 · 146 則評論 · 8 張相片,1 年前,5 顆星,,https://www.google.com/maps/contrib/112629199725791785345/reviews?hl=zh-TW
大東夜市,郭獻一,在地嚮導 · 19 則評論 · 32 張相片,1 年前,4 顆星,熱鬧,https://www.google.com/maps/contrib/102565639881310723545/reviews?hl=zh-TW
大東夜市,張譯心,在地嚮導 · 92 則評論 · 175 張相片,1 年前,3 顆星,"分兩邊，但還是可以走走看看
路口鴨血⋯個人覺得沒有特別好吃⋯",https://www.google.com/maps/contrib/108158785435093285833/reviews?hl=zh-TW
大東夜市,皮小丘,"在地嚮導 · 221 則評論 · 3,059 張相片",1 年前,5 顆星,大東夜市，位於臺南市東區的一個夜市，在林森路一段上，鄰近住宅區及其他學區，近年來擁有高度的知名度，人潮快速成長。 …,https://www.google.com/maps/contrib/112293304829360984653/reviews?hl=zh-TW
大東夜市,Wow,在地嚮導 · 156 則評論 · 599 張相片,1 年前,5 顆星,上次來才剛開放夜市還有內用，都沒有什麼人，昨天去攤販都回來了好熱鬧。我們買東西打算要吃的時候，老闆還提醒我們說不能邊走邊吃，都有人會來抓。,https://www.google.com/maps/contrib/104234648966525371873/reviews?hl=zh-TW
大東夜市,Ryan Lin,13 則評論 · 4 張相片,1 年前,1 顆星,超爛 營業時間改沒講,https://www.google.com/maps/contrib/116131087052985542736/reviews?hl=zh-TW
大東夜市,潘玟睿,在地嚮導 · 42 則評論 · 10 張相片,1 年前,1 顆星,營業時間明明寫禮拜一有開，開一個多小時來結果沒開，台南道路規劃還有夠差，台南到底是怎樣,https://www.google.com/maps/contrib/103678409970759270918/reviews?hl=zh-TW
大東夜市,Ruby,13 則評論 · 13 張相片,1 年前,5 顆星,113/2/3才營業，大家不要白跑一趟！,https://www.google.com/maps/contrib/117064898641734603085/reviews?hl=zh-TW
大東夜市,dan Jor,4 則評論,1 年前,1 顆星,為什麼1月份沒有營業，也沒有在google上更改時間，讓人家知道，夜市根本沒有開，特地跑一趟，結果沒東西，真糟糕的夜市🙄🙄 …,https://www.google.com/maps/contrib/104314312522443830383/reviews?hl=zh-TW
大東夜市,Yu-Ting Peng,在地嚮導 · 25 則評論 · 6 張相片,1 年前,4 顆星,先不要來～目前到2/1暫停營業喔！,https://www.google.com/maps/contrib/103344925167717184997/reviews?hl=zh-TW
大東夜市,鍾佳晉,13 則評論,1 年前,1 顆星,"很爛欸 營業時間要改！
沒開就不要寫有營業
害人多跑一趟😡 …",https://www.google.com/maps/contrib/113798647139666237786/reviews?hl=zh-TW
大東夜市,Yi Takeda,在地嚮導 · 6 則評論 · 15 張相片,1 年前,4 顆星,,https://www.google.com/maps/contrib/118057779365822714939/reviews?hl=zh-TW
大東夜市,_阿禧,在地嚮導 · 30 則評論 · 27 張相片,1 年前,5 顆星,目前沒有開,https://www.google.com/maps/contrib/106001611736694085179/reviews?hl=zh-TW
大東夜市,Arti,"在地嚮導 · 212 則評論 · 1,383 張相片",1 年前,4 顆星,,https://www.google.com/maps/contrib/109308550401522631794/reviews?hl=zh-TW
大東夜市,Chieh-yi Wang,在地嚮導 · 30 則評論 · 29 張相片,1 年前,4 顆星,,https://www.google.com/maps/contrib/110551935839609315783/reviews?hl=zh-TW
大東夜市,不會游泳的魚,在地嚮導 · 159 則評論 · 34 張相片,1 年前,4 顆星,,https://www.google.com/maps/contrib/114248157385023600731/reviews?hl=zh-TW
大東夜市,胡哲銘,15 則評論 · 2 張相片,1 年前,1 顆星,"Google寫有開  到了財知道沒開
與實際不符 白跑一趟 超爛",https://www.google.com/maps/contrib/101922230338118352743/reviews?hl=zh-TW
大東夜市,吳文裕,在地嚮導,1 年前,1 顆星,,https://www.google.com/maps/contrib/102607995491733666529/reviews?hl=zh-TW
大東夜市,Hh Gh,6 則評論 · 1 張相片,1 年前,3 顆星,,https://www.google.com/maps/contrib/115656989246758913427/reviews?hl=zh-TW
大東夜市,鄭揚,在地嚮導 · 36 則評論 · 13 張相片,1 年前,4 顆星,,https://www.google.com/maps/contrib/111039153121773615854/reviews?hl=zh-TW
大東夜市,白斑鳩,在地嚮導 · 3 則評論 · 6 張相片,1 年前,4 顆星,,https://www.google.com/maps/contrib/108121858735061812912/reviews?hl=zh-TW
大東夜市,Why,在地嚮導 · 98 則評論 · 631 張相片,1 年前,4 顆星,,https://www.google.com/maps/contrib/114542431879786836386/reviews?hl=zh-TW
大東夜市,章宜強,,1 年前,5 顆星,,https://www.google.com/maps/contrib/114232373584276814560/reviews?hl=zh-TW
大東夜市,喔耶,8 則評論 · 1 張相片,1 年前,1 顆星,禮拜二沒開,https://www.google.com/maps/contrib/101483034323935404431/reviews?hl=zh-TW
大東夜市,Y Y,7 則評論 · 2 張相片,1 年前,1 顆星,去了兩天都沒開，真是謝了,https://www.google.com/maps/contrib/111678780823299776115/reviews?hl=zh-TW
大東夜市,Judy Chen,在地嚮導 · 17 則評論 · 11 張相片,1 年前,1 顆星,星期一去撲了空 希望盡早恢復營業，更改Google 營業時間,https://www.google.com/maps/contrib/114638755453252073852/reviews?hl=zh-TW
大東夜市,Ayay,在地嚮導 · 44 則評論 · 24 張相片,1 年前,5 顆星,食物選擇很多！,https://www.google.com/maps/contrib/108941510274680733287/reviews?hl=zh-TW
大東夜市,黃敏希,在地嚮導 · 119 則評論 · 281 張相片,1 年前,1 顆星,整個夜市消失了@_@,https://www.google.com/maps/contrib/112749222857543098147/reviews?hl=zh-TW
大東夜市,天天天藍,在地嚮導 · 12 則評論 · 55 張相片,1 年前,3 顆星,"看評論以為有營業，但其實沒有~~
大家不要白跑一趟！！ …",https://www.google.com/maps/contrib/117919214182453718110/reviews?hl=zh-TW
大東夜市,園山隆弘,在地嚮導 · 75 則評論 · 33 張相片,1 年前,5 顆星,,https://www.google.com/maps/contrib/109008700862718439678/reviews?hl=zh-TW
大東夜市,Stanley Hansen,在地嚮導 · 136 則評論 · 2 張相片,1 年前,4 顆星,食物種類豐富，價格便宜,https://www.google.com/maps/contrib/109087683693425770371/reviews?hl=zh-TW
大東夜市,Sushil Bhavesh,4 則評論,1 年前,5 顆星,,https://www.google.com/maps/contrib/118403630476899368537/reviews?hl=zh-TW
大東夜市,張庭翔,在地嚮導 · 23 則評論 · 12 張相片,1 年前,3 顆星,,https://www.google.com/maps/contrib/105409382298942547816/reviews?hl=zh-TW
大東夜市,Nut Mug,"在地嚮導 · 1,582 則評論 · 4,745 張相片",1 年前,4 顆星,,https://www.google.com/maps/contrib/108041219774493785643/reviews?hl=zh-TW
大東夜市,虞覢,8 則評論 · 3 張相片,1 年前,5 顆星,,https://www.google.com/maps/contrib/117732256743729818585/reviews?hl=zh-TW
大東夜市,葉采婕,在地嚮導 · 25 則評論 · 104 張相片,1 年前,4 顆星,,https://www.google.com/maps/contrib/109096337880063001838/reviews?hl=zh-TW
大東夜市,Carol,在地嚮導 · 40 則評論 · 19 張相片,1 年前,5 顆星,分出大東東夜市跟大東夜市後第一次去，兩間夜市中間有分割開，大東東所佔的空間較大，也有以往沒有的大東東自治會（類似的組織，不確定叫什麼），有集點活動、集滿可以抽獎。,https://www.google.com/maps/contrib/110304899487073079999/reviews?hl=zh-TW
大東夜市,J,7 則評論,1 年前,3 顆星,,https://www.google.com/maps/contrib/108411827155792046981/reviews?hl=zh-TW
大東夜市,Wang dino,"在地嚮導 · 190 則評論 · 9,664 張相片",1 年前,5 顆星,2024.01.11-假日農特產展銷..東西多又精緻...有空間帶全家人來走走...不錯的全家休閒..,https://www.google.com/maps/contrib/107028508659262783516/reviews?hl=zh-TW
大東夜市,李自元,在地嚮導 · 112 則評論 · 83 張相片,1 年前,4 顆星,,https://www.google.com/maps/contrib/107465668318879356856/reviews?hl=zh-TW
大東夜市,C.H T,在地嚮導 · 231 則評論 · 530 張相片,1 年前,1 顆星,充滿路面危險的市集，農會及市政府應該都沒在管，坑坑窪窪的行人路面，還有一望無際的爛路，大家走路要小心，剛剛才又看到長輩絆倒,https://www.google.com/maps/contrib/110019116358311929374/reviews?hl=zh-TW
大東夜市,劉川楓,在地嚮導 · 23 則評論 · 29 張相片,1 年前,5 顆星,,https://www.google.com/maps/contrib/102061411514664244402/reviews?hl=zh-TW
大東夜市,胡智彰,10 則評論 · 3 張相片,1 年前,4 顆星,好逛不會太擁擠，攤位排列整齊。,https://www.google.com/maps/contrib/109242301802932942101/reviews?hl=zh-TW
大東夜市,Sab H,在地嚮導 · 101 則評論 · 26 張相片,1 年前,2 顆星,1/3開始停業一個月，google卻顯示營業，白跑一趟,https://www.google.com/maps/contrib/105751952838601403674/reviews?hl=zh-TW
大東夜市,lin stephanie,在地嚮導 · 11 則評論,1 年前,5 顆星,,https://www.google.com/maps/contrib/105399973241633966461/reviews?hl=zh-TW
大東夜市,IDA,在地嚮導 · 62 則評論 · 13 張相片,1 年前,5 顆星,,https://www.google.com/maps/contrib/111085433469853939594/reviews?hl=zh-TW
大東夜市,陳楓,在地嚮導 · 167 則評論 · 934 張相片,1 年前,5 顆星,"很大的夜市，很好逛，東西也好吃，基本上很多攤是花園夜市的哈哈,還被攤販認出來我昨天去花園（笑死）",https://www.google.com/maps/contrib/103173896457463558356/reviews?hl=zh-TW
大東夜市,紫湘夜雨,在地嚮導 · 24 則評論 · 9 張相片,1 年前,4 顆星,很多年沒進去逛過了，只是經過啦！,https://www.google.com/maps/contrib/115972226539166344052/reviews?hl=zh-TW
大東夜市,Joshua Ang,1 則評論,1 年前,5 顆星,,https://www.google.com/maps/contrib/106889614973218676560/reviews?hl=zh-TW
大東夜市,safd safd,在地嚮導 · 105 則評論,1 年前,4 顆星,大東和大東東兩邊透過網子和發電器隔離，無法通連。攤位和先前都差不多，二師兄、古曼…,https://www.google.com/maps/contrib/104758551028286465947/reviews?hl=zh-TW
大東夜市,B B.R.O,在地嚮導 · 11 則評論,1 年前,4 顆星,"人多是很多不過開車的人要找停車地方
運氣好的時候處處找得到免費路邊停車位人爆滿的話，想找免費路邊停車格
基本不好找，所以開車的人，建議停收費停車場，不過要用零錢付款的人零錢要帶夠哈
建議是騎機車去拉比較好停處處可見停機車格",https://www.google.com/maps/contrib/110559490156020500110/reviews?hl=zh-TW
大東夜市,林旭榕,在地嚮導 · 2 則評論,1 年前,5 顆星,,https://www.google.com/maps/contrib/109440964630133184817/reviews?hl=zh-TW
大東夜市,we jo,在地嚮導 · 44 則評論,1 年前,1 顆星,歡迎觀光客,https://www.google.com/maps/contrib/107273456820598555440/reviews?hl=zh-TW
大東夜市,張萱伶,在地嚮導 · 16 則評論 · 13 張相片,1 年前,5 顆星,還不錯逛,https://www.google.com/maps/contrib/108905257823397534165/reviews?hl=zh-TW
大東夜市,榛榛,在地嚮導 · 40 則評論 · 11 張相片,1 年前,5 顆星,來台南一定要去夜市 我大學的回憶❤️,https://www.google.com/maps/contrib/117909349096301278093/reviews?hl=zh-TW
大東夜市,Minato M,在地嚮導 · 19 則評論 · 2 張相片,1 年前,4 顆星,,https://www.google.com/maps/contrib/100689899808830845358/reviews?hl=zh-TW
大東夜市,MM juice,在地嚮導 · 40 則評論 · 90 張相片,1 年前,2 顆星,大東夜市於 2024 年 1 月 8 日（星期一）休市，因為一月整月都休市 😢 …,https://www.google.com/maps/contrib/104323246905826587761/reviews?hl=zh-TW
大東夜市,LINㄤ,在地嚮導 · 135 則評論 · 56 張相片,1 年前,5 顆星,人超級多的，但是食物也超好吃的啦比來逛,https://www.google.com/maps/contrib/101942474167232734566/reviews?hl=zh-TW
大東夜市,林明宗,在地嚮導 · 39 則評論 · 102 張相片,1 年前,4 顆星,竟然大東跟大東東中間沒有通道相連，有錢大家賺不是嗎？找了一下，才發現吉拿棒^_^,https://www.google.com/maps/contrib/109017572238749722425/reviews?hl=zh-TW
大東夜市,Tzu Hsin Lee,在地嚮導 · 50 則評論 · 43 張相片,1 年前,3 顆星,大東+大東東動線亂七八糟🤣 …,https://www.google.com/maps/contrib/106173034653236598816/reviews?hl=zh-TW
大東夜市,KUO-CHIN YU,在地嚮導 · 250 則評論 · 55 張相片,1 年前,4 顆星,就是一般的夜市,https://www.google.com/maps/contrib/113165956100159289434/reviews?hl=zh-TW
大東夜市,高啟斌,10 則評論 · 2 張相片,1 年前,5 顆星,棒,https://www.google.com/maps/contrib/105737870150785052893/reviews?hl=zh-TW
大東夜市,路亞霆（玩路亞的霆阿）,在地嚮導 · 174 則評論 · 107 張相片,1 年前,5 顆星,好吃,https://www.google.com/maps/contrib/111436675595321781616/reviews?hl=zh-TW
大東夜市,陳zexal,3 張相片,1 年前,5 顆星,,https://www.google.com/maps/contrib/101801184008750869581/reviews?hl=zh-TW
大東夜市,Tao-Tao Chen,2 則評論,1 年前,3 顆星,,https://www.google.com/maps/contrib/105371872053094842979/reviews?hl=zh-TW
大東夜市,蘇啟章,在地嚮導 · 40 則評論 · 87 張相片,1 年前,4 顆星,,https://www.google.com/maps/contrib/110902868375570049582/reviews?hl=zh-TW
大東夜市,王薇,13 則評論 · 7 張相片,1 年前,5 顆星,,https://www.google.com/maps/contrib/115769246710454337980/reviews?hl=zh-TW
大東夜市,榮,7 則評論 · 1 張相片,1 年前,2 顆星,,https://www.google.com/maps/contrib/117377987534418059751/reviews?hl=zh-TW
大東夜市,潘育成,8 則評論 · 2 張相片,1 年前,5 顆星,,https://www.google.com/maps/contrib/108143898827376441774/reviews?hl=zh-TW
大東夜市,Daisy Zheng,8 則評論 · 1 張相片,1 年前,4 顆星,"越來越多攤選擇比很久之前去逛時多了,但交通好亂",https://www.google.com/maps/contrib/100598621587340351766/reviews?hl=zh-TW
大東夜市,陳思惟 5車,13 則評論 · 5 張相片,1 年前,5 顆星,星期五晚上人好多 真開心😃 …,https://www.google.com/maps/contrib/101180770351498611207/reviews?hl=zh-TW
大東夜市,羅鈺閔,6 則評論,1 年前,4 顆星,,https://www.google.com/maps/contrib/101675784912873702054/reviews?hl=zh-TW
大東夜市,Liang Cheng,在地嚮導 · 124 則評論 · 44 張相片,1 年前,4 顆星,吃的玩的什麼都有、不錯的夜市,https://www.google.com/maps/contrib/102464103597895032004/reviews?hl=zh-TW
大東夜市,Dorä,6 則評論 · 1 張相片,1 年前,4 顆星,,https://www.google.com/maps/contrib/116533226941066225550/reviews?hl=zh-TW
大東夜市,Eason Wu,"在地嚮導 · 17 則評論 · 1,853 張相片",1 年前,4 顆星,,https://www.google.com/maps/contrib/103230378036268651569/reviews?hl=zh-TW
大東夜市,Chi Len Lin,在地嚮導 · 148 則評論 · 34 張相片,1 年前,3 顆星,汽車永遠都很難停,https://www.google.com/maps/contrib/112851438290390243509/reviews?hl=zh-TW
大東夜市,Metapon Amorntirasan,在地嚮導 · 77 則評論 · 173 張相片,1 年前,4 顆星,,https://www.google.com/maps/contrib/101289484443045109276/reviews?hl=zh-TW
大東夜市,Annie Chen,在地嚮導 · 28 則評論 · 12 張相片,1 年前,3 顆星,物價上漲夜市都貴,https://www.google.com/maps/contrib/104702955591302427960/reviews?hl=zh-TW
大東夜市,張家瑋,在地嚮導 · 221 則評論 · 549 張相片,1 年前,5 顆星,種類豐富的夜市,https://www.google.com/maps/contrib/109726326418266365302/reviews?hl=zh-TW
大東夜市,梁恩瑜,13 則評論 · 5 張相片,1 年前,5 顆星,,https://www.google.com/maps/contrib/104651888017752067084/reviews?hl=zh-TW
大東夜市,YUN-CHE LEE,在地嚮導 · 103 則評論 · 70 張相片,1 年前,3 顆星,普通的大型夜市,https://www.google.com/maps/contrib/102759848480360969230/reviews?hl=zh-TW
大東夜市,Alan,9 則評論 · 1 張相片,1 年前,5 顆星,"雖然分成大東夜市和大東東夜市不過基本上還是很好逛
大東東可以邊找自己想吃的邊吃
而大東夜市則是有座位可以坐著吃
都是很棒的選擇",https://www.google.com/maps/contrib/111183693028596021960/reviews?hl=zh-TW
大東夜市,美關關,在地嚮導 · 115 則評論 · 142 張相片,1 年前,5 顆星,很好逛～好吃好喝的食物好多☺️,https://www.google.com/maps/contrib/117271071333381797232/reviews?hl=zh-TW
大東夜市,蔡翰威,在地嚮導 · 158 則評論 · 137 張相片,1 年前,4 顆星,,https://www.google.com/maps/contrib/116768467785024985871/reviews?hl=zh-TW
大東夜市,Rebecca,在地嚮導 · 73 則評論 · 139 張相片,1 年前,5 顆星,趁還沒休夜市趕快來逛逛，吃的玩的用的種類多很好逛,https://www.google.com/maps/contrib/117290318848220747056/reviews?hl=zh-TW
大東夜市,曹皓程,在地嚮導 · 63 則評論 · 5 張相片,1 年前,2 顆星,合併時有四顆星，分開後一邊一顆星,https://www.google.com/maps/contrib/112656317820641724738/reviews?hl=zh-TW
大東夜市,Manfred Hahn,在地嚮導 · 225 則評論 · 50 張相片,1 年前,4 顆星,如果您訪問，通常的優惠,https://www.google.com/maps/contrib/106016857752239379936/reviews?hl=zh-TW
大東夜市,King,在地嚮導 · 41 則評論 · 62 張相片,1 年前,5 顆星,超推這三個,https://www.google.com/maps/contrib/108163608465317356841/reviews?hl=zh-TW
大東夜市,Nam Hồ,在地嚮導 · 6 則評論 · 9 張相片,1 年前,4 顆星,食物種類豐富，適合年輕人。,https://www.google.com/maps/contrib/105667382830774046237/reviews?hl=zh-TW
大東夜市,Kai Ling,21 則評論 · 63 張相片,1 年前,5 顆星,在那裡吃飯和購物花了大約2個小時！大多數商店都是與食品相關的，喜歡燒肉攤！還有服飾店和手機殼店！建議來這裡享受氣氛和食物:),https://www.google.com/maps/contrib/109207520923626784338/reviews?hl=zh-TW
大東夜市,里,在地嚮導 · 91 則評論 · 9 張相片,1 年前,4 顆星,"蠻好逛 很多好吃的東西
少的一顆星是吉野烤魚老闆娘，很好笑
胡椒粉都捨不得人加，你在加的時後會再旁邊碎念酸言酸語，還說他一條180-250就是捨不得給人加，哈囉價格不是妳訂的嗎、阿不想給人加可以收起來餒 真可愛",https://www.google.com/maps/contrib/106362797281876458861/reviews?hl=zh-TW
大東夜市,羅小姐,在地嚮導 · 70 則評論 · 238 張相片,1 年前,3 顆星,販賣的東西很多衣食住行都有,https://www.google.com/maps/contrib/114613212809906386074/reviews?hl=zh-TW
大東夜市,Wen Yu Tseng,在地嚮導 · 79 則評論 · 118 張相片,1 年前,5 顆星,九成以上賣得都是食物！,https://www.google.com/maps/contrib/107136339325718852095/reviews?hl=zh-TW
大東夜市,Chenghou Yip,44 則評論 · 65 張相片,1 年前,5 顆星,與其他較大的知名夜市相比，這是我的家人喜歡的整個台灣最好的夜市。,https://www.google.com/maps/contrib/109542111099368213069/reviews?hl=zh-TW
大東夜市,劉家宏（小哥）,在地嚮導 · 7 則評論 · 4 張相片,1 年前,5 顆星,,https://www.google.com/maps/contrib/113316566254156148771/reviews?hl=zh-TW
大東夜市,Hanags,在地嚮導 · 67 則評論 · 16 張相片,1 年前,5 顆星,,https://www.google.com/maps/contrib/105676671334924030807/reviews?hl=zh-TW
大東夜市,卓小偉,在地嚮導 · 14 則評論 · 12 張相片,1 年前,5 顆星,,https://www.google.com/maps/contrib/109735450908726222158/reviews?hl=zh-TW
大東夜市,凱J,在地嚮導 · 9 則評論 · 36 張相片,1 年前,4 顆星,,https://www.google.com/maps/contrib/109574454925757644016/reviews?hl=zh-TW
大東夜市,Jim,1 張相片,1 年前,3 顆星,,https://www.google.com/maps/contrib/103982348871347540406/reviews?hl=zh-TW
大東夜市,蕭育成,10 則評論 · 2 張相片,1 年前,5 顆星,,https://www.google.com/maps/contrib/103152529749655102406/reviews?hl=zh-TW
大東夜市,張瑋庭,在地嚮導 · 31 則評論 · 5 張相片,1 年前,4 顆星,,https://www.google.com/maps/contrib/102903901799509518943/reviews?hl=zh-TW
大東夜市,ALICE YANG,在地嚮導 · 16 則評論 · 10 張相片,1 年前,3 顆星,,https://www.google.com/maps/contrib/100577045547116322116/reviews?hl=zh-TW
大東夜市,徐士鵬,6 則評論 · 1 張相片,1 年前,5 顆星,,https://www.google.com/maps/contrib/109785909044692861411/reviews?hl=zh-TW
大東夜市,黃阿智,在地嚮導 · 34 則評論 · 39 張相片,1 年前,1 顆星,,https://www.google.com/maps/contrib/110352850880636939118/reviews?hl=zh-TW
大東夜市,chang chiwanchang,"在地嚮導 · 140 則評論 · 1,687 張相片",1 年前,5 顆星,讚,https://www.google.com/maps/contrib/116682851889755114126/reviews?hl=zh-TW
大東夜市,NICK HSU,在地嚮導 · 26 則評論 · 70 張相片,1 年前,5 顆星,,https://www.google.com/maps/contrib/100395185534941521171/reviews?hl=zh-TW
大東夜市,梁壹婷,在地嚮導 · 31 則評論 · 25 張相片,1 年前,4 顆星,,https://www.google.com/maps/contrib/113166432961549538770/reviews?hl=zh-TW
大東夜市,文文,在地嚮導 · 17 則評論 · 10 張相片,1 年前,5 顆星,,https://www.google.com/maps/contrib/102510062772661260127/reviews?hl=zh-TW
大東夜市,Wu痕,在地嚮導 · 88 則評論 · 111 張相片,1 年前,5 顆星,走道空間夠，不會因為有人排隊人擠人，停車場在後面需要走路，吃飽走路可以運動消化，,https://www.google.com/maps/contrib/108433658422738709695/reviews?hl=zh-TW
大東夜市,ricky sun,"在地嚮導 · 772 則評論 · 11,941 張相片",1 年前,4 顆星,"人流多,十分熱鬧",https://www.google.com/maps/contrib/102952466963318270687/reviews?hl=zh-TW
大東夜市,洪莉雯,在地嚮導 · 20 則評論 · 89 張相片,1 年前,5 顆星,,https://www.google.com/maps/contrib/100539540743377571521/reviews?hl=zh-TW
大東夜市,洪興家,在地嚮導 · 32 則評論 · 10 張相片,1 年前,5 顆星,,https://www.google.com/maps/contrib/113698061343199286918/reviews?hl=zh-TW
大東夜市,Peiying Tan,在地嚮導 · 8 則評論 · 30 張相片,1 年前,5 顆星,"星期五晚上去了。
台南最喜歡的夜市！各種吃的東西和買的東西！
推推！",https://www.google.com/maps/contrib/109582959056094908952/reviews?hl=zh-TW
大東夜市,Yi,2 則評論 · 3 張相片,1 年前,5 顆星,,https://www.google.com/maps/contrib/111998714464967366921/reviews?hl=zh-TW
大東夜市,時間暫停,6 則評論 · 1 張相片,1 年前,5 顆星,,https://www.google.com/maps/contrib/107069225229462532573/reviews?hl=zh-TW
大東夜市,魯智深,在地嚮導 · 692 則評論 · 177 張相片,1 年前,4 顆星,112/12/29，美食吃吃,https://www.google.com/maps/contrib/102719964366609466202/reviews?hl=zh-TW
大東夜市,于縈曾,在地嚮導 · 22 則評論 · 8 張相片,1 年前,5 顆星,棒,https://www.google.com/maps/contrib/118044598982179688018/reviews?hl=zh-TW
大東夜市,Tan Theam Huat,在地嚮導 · 190 則評論 · 607 張相片,1 年前,5 顆星,有趣的是，這個夜市有兩個面向。一側掛著紅色橫幅“大東東夜市”，另一側掛著黑色橫幅“大東東夜市”。不過，雙方都有各自物美價廉的食物。,https://www.google.com/maps/contrib/112323134839303416655/reviews?hl=zh-TW
大東夜市,Timothy Yao,在地嚮導 · 21 則評論 · 37 張相片,1 年前,5 顆星,"美味的食物和有趣的遊戲。準備好在飢餓的顧客海洋中行走。哈哈 很難找到停車位，推薦騎摩托車或步行去夜市。所有小吃攤只收現金。

蔥油餅、炸雞、石烤豬五花、臭豆腐、炸山藥丸等等！",https://www.google.com/maps/contrib/117475425243011808086/reviews?hl=zh-TW
大東夜市,凱傑,在地嚮導 · 523 則評論 · 166 張相片,1 年前,4 顆星,碳烤雞排好好吃！,https://www.google.com/maps/contrib/103539261422448086901/reviews?hl=zh-TW
大東夜市,劉立德,在地嚮導 · 53 則評論 · 5 張相片,1 年前,4 顆星,,https://www.google.com/maps/contrib/115155935165239534118/reviews?hl=zh-TW
大東夜市,YY Huang,5 則評論,1 年前,5 顆星,,https://www.google.com/maps/contrib/105024001107634687985/reviews?hl=zh-TW
大東夜市,劉逸烽,在地嚮導 · 30 則評論 · 64 張相片,1 年前,5 顆星,,https://www.google.com/maps/contrib/100986605520232554752/reviews?hl=zh-TW
大東夜市,郭品妤,4 則評論 · 1 張相片,1 年前,5 顆星,,https://www.google.com/maps/contrib/100221072497785060749/reviews?hl=zh-TW
大東夜市,Samuel Yang,在地嚮導 · 36 則評論 · 2 張相片,1 年前,5 顆星,,https://www.google.com/maps/contrib/104679858140507301867/reviews?hl=zh-TW
大東夜市,Shine Lin,在地嚮導 · 38 則評論 · 17 張相片,1 年前,5 顆星,食物和遊戲的多樣性令人瘋狂,https://www.google.com/maps/contrib/100599133757705829160/reviews?hl=zh-TW
大東夜市,謝素珍,在地嚮導 · 22 則評論 · 1 張相片,1 年前,3 顆星,,https://www.google.com/maps/contrib/114882467743149233834/reviews?hl=zh-TW
大東夜市,簡家娥冷,5 則評論 · 1 張相片,1 年前,5 顆星,讚,https://www.google.com/maps/contrib/104946174396977707557/reviews?hl=zh-TW
大東夜市,楊峻維,在地嚮導 · 10 則評論 · 11 張相片,1 年前,5 顆星,,https://www.google.com/maps/contrib/115096409973694901281/reviews?hl=zh-TW
大東夜市,米塔 · 151小姊姊,在地嚮導 · 40 則評論 · 541 張相片,1 年前,4 顆星,,https://www.google.com/maps/contrib/108957285560692903939/reviews?hl=zh-TW
大東夜市,Yane Cheung,在地嚮導 · 72 則評論 · 182 張相片,1 年前,4 顆星,"夜市品項很多
🌟原住民石板烤肉：有香腸和烤肉兩個選項，綜合100元，會配蒜片和姜，很香很讚！
🌟丹丹蔥油餅：全部都是現做的，排在前面的在地美女推薦梅子口味，一點都不膩口 …",https://www.google.com/maps/contrib/108328763436048596264/reviews?hl=zh-TW
大東夜市,The Ryts Russel,在地嚮導 · 55 則評論 · 11 張相片,1 年前,5 顆星,古德,https://www.google.com/maps/contrib/117968026079374290182/reviews?hl=zh-TW
大東夜市,Amanda Wang,在地嚮導 · 37 則評論 · 48 張相片,1 年前,5 顆星,"第一次來！
雖然夜市區域大，但其實算劃分2區域！
中間沒有通道可以過！ …",https://www.google.com/maps/contrib/114622426563552838707/reviews?hl=zh-TW
大東夜市,Mia Luo (Mia),在地嚮導 · 11 則評論 · 38 張相片,1 年前,5 顆星,,https://www.google.com/maps/contrib/113180058010750130914/reviews?hl=zh-TW
大東夜市,Andy Kuo,"在地嚮導 · 86 則評論 · 26,864 張相片",1 年前,4 顆星,,https://www.google.com/maps/contrib/115158967489325840989/reviews?hl=zh-TW
大東夜市,鄭聿涵,4 則評論,1 年前,5 顆星,,https://www.google.com/maps/contrib/105603742297501296722/reviews?hl=zh-TW
大東夜市,jac,在地嚮導 · 15 則評論 · 28 張相片,1 年前,5 顆星,有組織的夜市有很多美味的食物！喜歡臭豆腐和蔥油餅！,https://www.google.com/maps/contrib/115772784166620204771/reviews?hl=zh-TW
大東夜市,溫俊,3 則評論,1 年前,4 顆星,東協還可以,https://www.google.com/maps/contrib/106070743390811307281/reviews?hl=zh-TW
大東夜市,Dy Wu,在地嚮導 · 288 則評論 · 8 張相片,1 年前,4 顆星,人多就證明熱鬧的熱門景點,https://www.google.com/maps/contrib/100509671290590619935/reviews?hl=zh-TW
大東夜市,Jack Wong,在地嚮導 · 30 則評論 · 167 張相片,1 年前,4 顆星,,https://www.google.com/maps/contrib/108402733393512500088/reviews?hl=zh-TW
大東夜市,小Yang,在地嚮導 · 64 則評論 · 23 張相片,1 年前,5 顆星,,https://www.google.com/maps/contrib/113322431474023191050/reviews?hl=zh-TW
大東夜市,菲利斯珊•雲,在地嚮導 · 135 則評論 · 155 張相片,1 年前,3 顆星,感覺沒落了，自從分家後來了幾次好多空位沒攤販，人潮也沒以前那麼多,https://www.google.com/maps/contrib/111403614245530850454/reviews?hl=zh-TW
大東夜市,Jamie Tang Chang,在地嚮導 · 165 則評論 · 124 張相片,1 年前,5 顆星,很棒的夜市，有很多有趣的食物可供選擇！很多遊戲，沒有太多其他東西，例如衣服或小擺設，但仍然有一些..絕對值得一去！,https://www.google.com/maps/contrib/101048543660911763264/reviews?hl=zh-TW
大東夜市,Edward 顏大君 “單眼皮小眼睛”,在地嚮導 · 228 則評論 · 228 張相片,1 年前,2 顆星,花園比較厲害，但是這裡東西便宜又好買,https://www.google.com/maps/contrib/109430810471201264718/reviews?hl=zh-TW
大東夜市,Jonathan Wang,1 則評論,1 年前,5 顆星,,https://www.google.com/maps/contrib/115391191735007570549/reviews?hl=zh-TW
大東夜市,邱繼立,在地嚮導 · 30 則評論 · 20 張相片,1 年前,4 顆星,,https://www.google.com/maps/contrib/111028553459368972115/reviews?hl=zh-TW
大東夜市,李明烈,"在地嚮導 · 80 則評論 · 1,109 張相片",1 年前,1 顆星,,https://www.google.com/maps/contrib/107241935666387726187/reviews?hl=zh-TW
大東夜市,蘇葆泰,在地嚮導 · 5 則評論,1 年前,5 顆星,,https://www.google.com/maps/contrib/107996088514852826520/reviews?hl=zh-TW
大東夜市,葛小婕,22 則評論 · 3 張相片,1 年前,5 顆星,,https://www.google.com/maps/contrib/115341749232082429900/reviews?hl=zh-TW
大東夜市,神秘客,在地嚮導 · 197 則評論 · 481 張相片,1 年前,5 顆星,,https://www.google.com/maps/contrib/105826243991031863020/reviews?hl=zh-TW
大東夜市,Vincent Khoo,在地嚮導 · 14 則評論 · 13 張相片,1 年前,4 顆星,看起來和喝起來都不像新加坡叻沙。有蝦子的味道，但沒有椰奶，沒有蛤，沒有豆腐乾，沒有叻沙葉。有清湯、通常用於火鍋的魚丸狀材料、豆芽和一些蔬菜。需要加辣椒，讓它看起來呈現紅色。但可以吃啊...裝在像樣的砂鍋裡。發布此資訊是為了讓人們知道這絕對不是新加坡叻沙。來新加坡感受真實的事物吧。 …,https://www.google.com/maps/contrib/117035788940625851152/reviews?hl=zh-TW
大東夜市,豆漿,在地嚮導 · 181 則評論 · 68 張相片,1 年前,5 顆星,"大東的缺點
就是汽車不方便停
來這裡騎機車比較方便 …",https://www.google.com/maps/contrib/105889705420338722881/reviews?hl=zh-TW
大東夜市,Asteria,17 則評論 · 7 張相片,1 年前,5 顆星,,https://www.google.com/maps/contrib/109187025079799267754/reviews?hl=zh-TW
大東夜市,Justin Koh,3 則評論,1 年前,4 顆星,,https://www.google.com/maps/contrib/114155958859156800901/reviews?hl=zh-TW
大東夜市,Ward Niou,在地嚮導 · 118 則評論 · 116 張相片,1 年前,4 顆星,"實際上有兩個並排的夜市。一個是大東，一個是大東東。大約 60% 是小吃攤，20% 是遊戲，20% 是賣東西的。
食物很好，只是不要在一個攤位上吃飽。採取較小的份量，以便您可以嘗試更多。這是聖誕節那天唯一開放的一家。",https://www.google.com/maps/contrib/107957146417904994537/reviews?hl=zh-TW
大東夜市,吳俊興,在地嚮導 · 86 則評論 · 36 張相片,1 年前,5 顆星,攤位多，場地大，重複性不高,https://www.google.com/maps/contrib/109986501048133219439/reviews?hl=zh-TW
大東夜市,Takoyu Chang,在地嚮導 · 30 則評論 · 60 張相片,1 年前,4 顆星,,https://www.google.com/maps/contrib/117524330099205933604/reviews?hl=zh-TW
大東夜市,Kuo Chen Lee,8 則評論 · 1 張相片,1 年前,5 顆星,,https://www.google.com/maps/contrib/114701228933421338249/reviews?hl=zh-TW
大東夜市,霋玖,1 則評論,1 年前,5 顆星,,https://www.google.com/maps/contrib/110279352347732981572/reviews?hl=zh-TW
大東夜市,Rollyn Austero,,1 年前,5 顆星,,https://www.google.com/maps/contrib/100912453278993865189/reviews?hl=zh-TW
大東夜市,歐陽學毅,7 則評論 · 1 張相片,1 年前,5 顆星,,https://www.google.com/maps/contrib/110518341652963195391/reviews?hl=zh-TW
大東夜市,張簡維揚,4 則評論 · 1 張相片,1 年前,5 顆星,,https://www.google.com/maps/contrib/108193321321908938027/reviews?hl=zh-TW
大東夜市,Chen Scott,9 則評論,1 年前,3 顆星,很大的夜市，不過相同品項的攤位太多，比方說叫做某某魷皇的攤位就有2-3家，或許管理單位要控制一下這樣的情況，讓其他種類的攤位可以增加夜市的多樣性,https://www.google.com/maps/contrib/106025379942975443602/reviews?hl=zh-TW
大東夜市,Zahra Ghanbari,"在地嚮導 · 403 則評論 · 1,046 張相片",1 年前,4 顆星,來台南一定要去的地方——魚素選擇不多，只有一般的烤蘑菇、地瓜球，但我們也吃了鹹魚，非常棒,https://www.google.com/maps/contrib/113040965878432746682/reviews?hl=zh-TW
大東夜市,劉怡婷,15 則評論 · 2 張相片,1 年前,5 顆星,,https://www.google.com/maps/contrib/106146077616142827709/reviews?hl=zh-TW
大東夜市,孫玲鎂,2 則評論,1 年前,5 顆星,,https://www.google.com/maps/contrib/111289773205108956757/reviews?hl=zh-TW
大東夜市,Ti,在地嚮導 · 46 則評論 · 3 張相片,1 年前,1 顆星,"夜市重整之後 第一次去結果讓人很無言...禮拜五晚上快七點了人超少
一堆攤販甚至連東西才剛開始準備....不管是大東東還是原本的大東攤販空位沒人承租一堆 比起原本的大東攤販是滿到連外面人行道都有原本大約6點多左右人潮就很多 現在七點左右人潮真的是少了很多很多原本好吃的攤販也看不到了!!! …",https://www.google.com/maps/contrib/116535199582207212381/reviews?hl=zh-TW
大東夜市,納吉伊卡,10 則評論 · 14 張相片,1 年前,5 顆星,,https://www.google.com/maps/contrib/107599632378569127358/reviews?hl=zh-TW
大東夜市,Simba Fs,在地嚮導 · 31 則評論 · 23 張相片,1 年前,4 顆星,,https://www.google.com/maps/contrib/117675120597129502306/reviews?hl=zh-TW
大東夜市,游宜潔,在地嚮導 · 7 則評論 · 3 張相片,1 年前,5 顆星,,https://www.google.com/maps/contrib/103188984237669989539/reviews?hl=zh-TW
大東夜市,姚全保,在地嚮導 · 83 則評論 · 19 張相片,1 年前,5 顆星,好的規劃，在地的好夜市,https://www.google.com/maps/contrib/102569832355049080092/reviews?hl=zh-TW
大東夜市,aaRon Lo,在地嚮導 · 92 則評論 · 27 張相片,1 年前,5 顆星,"氛圍很棒
懷念這一味",https://www.google.com/maps/contrib/116200358865234760227/reviews?hl=zh-TW
大東夜市,STAN LAI,在地嚮導 · 22 則評論 · 1 張相片,1 年前,5 顆星,人有點多,https://www.google.com/maps/contrib/108763851826221632250/reviews?hl=zh-TW
大東夜市,王奕勝,在地嚮導 · 72 則評論 · 155 張相片,1 年前,5 顆星,二師兄的滷味非常好吃，有去的話可以買一些嚐嚐，大東東那邊有集點卡，每一間攤位消費後可以蓋一點，集滿六點可以抽獎🤩 …,https://www.google.com/maps/contrib/114283338694246191367/reviews?hl=zh-TW
大東夜市,黃志漢,在地嚮導 · 9 則評論 · 61 張相片,1 年前,4 顆星,,https://www.google.com/maps/contrib/103154640918834604102/reviews?hl=zh-TW
大東夜市,Tanga Hsin,在地嚮導 · 7 則評論 · 68 張相片,1 年前,4 顆星,,https://www.google.com/maps/contrib/114498297231208845221/reviews?hl=zh-TW
大東夜市,Yu,在地嚮導 · 19 則評論 · 1 張相片,1 年前,4 顆星,,https://www.google.com/maps/contrib/116797153194674830259/reviews?hl=zh-TW
大東夜市,Ken Liu,在地嚮導 · 241 則評論 · 382 張相片,1 年前,5 顆星,很大很好逛，有些東西是北部沒有的,https://www.google.com/maps/contrib/110462461043126101201/reviews?hl=zh-TW
大東夜市,蹦米香,在地嚮導 · 12 則評論 · 6 張相片,1 年前,5 顆星,,https://www.google.com/maps/contrib/113661274270873898621/reviews?hl=zh-TW
大東夜市,方勁焜,7 則評論 · 1 張相片,1 年前,5 顆星,,https://www.google.com/maps/contrib/103019847606279582460/reviews?hl=zh-TW
大東夜市,吳昌烜,在地嚮導 · 130 則評論 · 102 張相片,1 年前,4 顆星,,https://www.google.com/maps/contrib/109908731421956621492/reviews?hl=zh-TW
大東夜市,陞,在地嚮導 · 41 則評論 · 7 張相片,1 年前,5 顆星,,https://www.google.com/maps/contrib/110993763106405686088/reviews?hl=zh-TW
大東夜市,王OO,7 則評論 · 1 張相片,1 年前,4 顆星,還可以,https://www.google.com/maps/contrib/113416032135912377215/reviews?hl=zh-TW
大東夜市,ポンチ,在地嚮導 · 17 則評論 · 3 張相片,1 年前,5 顆星,"跟同學一起去 不小心把公車卡弄丟了
撿到的就拿去用吧哈哈哈
（剩8塊錢也不夠我回家",https://www.google.com/maps/contrib/116824510201922809574/reviews?hl=zh-TW
大東夜市,daniel yang,在地嚮導 · 13 則評論 · 13 張相片,1 年前,3 顆星,分為兩個夜市之後，要到隔壁條 要走回去繞外面，很麻煩,https://www.google.com/maps/contrib/110170845061064170334/reviews?hl=zh-TW
大東夜市,Xin yi H,8 則評論 · 7 張相片,1 年前,4 顆星,,https://www.google.com/maps/contrib/109068885612249431536/reviews?hl=zh-TW
大東夜市,林偉佳,2 則評論,1 年前,4 顆星,有不少好吃的,https://www.google.com/maps/contrib/102038236438880423893/reviews?hl=zh-TW
大東夜市,nichiu ovo,13 則評論 · 5 張相片,1 年前,5 顆星,很棒,https://www.google.com/maps/contrib/102559840472994325022/reviews?hl=zh-TW
大東夜市,葉淨福,在地嚮導 · 16 則評論 · 5 張相片,1 年前,5 顆星,,https://www.google.com/maps/contrib/104485223631926798124/reviews?hl=zh-TW
大東夜市,in L,在地嚮導 · 26 則評論 · 8 張相片,1 年前,5 顆星,,https://www.google.com/maps/contrib/101107761696561755332/reviews?hl=zh-TW
大東夜市,Cai Chih-Cheng,在地嚮導 · 43 則評論 · 20 張相片,1 年前,5 顆星,,https://www.google.com/maps/contrib/100013598781548230427/reviews?hl=zh-TW
大東夜市,新為黃,3 則評論,1 年前,5 顆星,,https://www.google.com/maps/contrib/109698222953972337702/reviews?hl=zh-TW
大東夜市,蘇姵伃,11 則評論 · 4 張相片,1 年前,5 顆星,,https://www.google.com/maps/contrib/100742166427473742203/reviews?hl=zh-TW
大東夜市,小藍,11 則評論 · 5 張相片,1 年前,5 顆星,,https://www.google.com/maps/contrib/107288518309591466874/reviews?hl=zh-TW
大東夜市,蔡雅卉,6 則評論 · 2 張相片,1 年前,5 顆星,,https://www.google.com/maps/contrib/101098108262130044248/reviews?hl=zh-TW
大東夜市,李明陽,在地嚮導 · 22 則評論 · 4 張相片,1 年前,5 顆星,,https://www.google.com/maps/contrib/109630436121609973631/reviews?hl=zh-TW
大東夜市,林林,8 則評論 · 5 張相片,1 年前,5 顆星,很好吃,https://www.google.com/maps/contrib/103836942311918509708/reviews?hl=zh-TW
大東夜市,Boy Dan,在地嚮導 · 21 則評論 · 5 張相片,1 年前,5 顆星,,https://www.google.com/maps/contrib/111136307235953341034/reviews?hl=zh-TW
大東夜市,Nnnn,在地嚮導 · 28 則評論 · 8 張相片,1 年前,5 顆星,好逛👍👍👍 …,https://www.google.com/maps/contrib/104240234257528972189/reviews?hl=zh-TW
大東夜市,yihsuan huang,4 則評論 · 1 張相片,1 年前,5 顆星,,https://www.google.com/maps/contrib/106872675804684743179/reviews?hl=zh-TW
大東夜市,YZ Chen,,1 年前,5 顆星,,https://www.google.com/maps/contrib/112853112183034113622/reviews?hl=zh-TW
大東夜市,Sujatha D,在地嚮導 · 8 則評論 · 30 張相片,1 年前,5 顆星,過夜的好地方,https://www.google.com/maps/contrib/104394036279285147716/reviews?hl=zh-TW
大東夜市,黃羿瑄,在地嚮導 · 32 則評論 · 1 張相片,1 年前,5 顆星,👍 …,https://www.google.com/maps/contrib/106137118237710997816/reviews?hl=zh-TW
大東夜市,Soumya Jana,在地嚮導 · 6 則評論 · 88 張相片,1 年前,5 顆星,台灣最棒的事之一-->美食愛好者的天堂,https://www.google.com/maps/contrib/102072021977845381742/reviews?hl=zh-TW
大東夜市,綺,6 則評論 · 6 張相片,1 年前,5 顆星,,https://www.google.com/maps/contrib/105237099400003221424/reviews?hl=zh-TW
大東夜市,Elisha Yang,,1 年前,5 顆星,,https://www.google.com/maps/contrib/115547566422293377644/reviews?hl=zh-TW
大東夜市,YS Koh,"在地嚮導 · 328 則評論 · 1,742 張相片",1 年前,3 顆星,與 2019 年新冠疫情前的氛圍不同。許多攤位也出售同樣的商品，例如去骨雞腳。,https://www.google.com/maps/contrib/107785028288247830816/reviews?hl=zh-TW
大東夜市,Aone Chiu,在地嚮導 · 20 則評論 · 3 張相片,1 年前,5 顆星,讚,https://www.google.com/maps/contrib/105418178174175710501/reviews?hl=zh-TW
大東夜市,多喝水,在地嚮導 · 51 則評論 · 62 張相片,1 年前,5 顆星,好逛逛！,https://www.google.com/maps/contrib/114245061412942168197/reviews?hl=zh-TW
大東夜市,Crown,在地嚮導 · 33 則評論 · 8 張相片,1 年前,5 顆星,,https://www.google.com/maps/contrib/104455288295749260086/reviews?hl=zh-TW
大東夜市,hank,在地嚮導 · 21 則評論,1 年前,5 顆星,太有料⋯不逛白來台南⋯,https://www.google.com/maps/contrib/115977462273642135679/reviews?hl=zh-TW
大東夜市,yan lin Hong,在地嚮導 · 33 則評論 · 29 張相片,1 年前,5 顆星,,https://www.google.com/maps/contrib/112547917665599779831/reviews?hl=zh-TW
大東夜市,誼誼,8 則評論 · 7 張相片,1 年前,5 顆星,,https://www.google.com/maps/contrib/113025821515792063208/reviews?hl=zh-TW
大東夜市,Eason Liu,3 則評論 · 4 張相片,1 年前,5 顆星,,https://www.google.com/maps/contrib/109405961463957338603/reviews?hl=zh-TW
大東夜市,Ip Ivy,2 則評論 · 1 張相片,1 年前,5 顆星,,https://www.google.com/maps/contrib/103327845002299974036/reviews?hl=zh-TW
大東夜市,葉片,4 則評論 · 5 張相片,1 年前,5 顆星,,https://www.google.com/maps/contrib/102017805432376349390/reviews?hl=zh-TW
大東夜市,茂鈞,3 則評論,1 年前,5 顆星,,https://www.google.com/maps/contrib/113123507350405238702/reviews?hl=zh-TW
大東夜市,ICY LIN,1 則評論,1 年前,5 顆星,,https://www.google.com/maps/contrib/111524552400043618437/reviews?hl=zh-TW
大東夜市,凱凱,5 則評論 · 1 張相片,1 年前,5 顆星,好逛逛好玩,https://www.google.com/maps/contrib/115962400843308840286/reviews?hl=zh-TW
大東夜市,林姿妮,在地嚮導 · 11 則評論 · 1 張相片,1 年前,5 顆星,,https://www.google.com/maps/contrib/100471274995388185372/reviews?hl=zh-TW
大東夜市,劉雅妮,3 則評論,1 年前,5 顆星,,https://www.google.com/maps/contrib/102042949730424498374/reviews?hl=zh-TW
大東夜市,黃訢翔,9 則評論 · 1 張相片,1 年前,5 顆星,讚啦,https://www.google.com/maps/contrib/117965685411348094895/reviews?hl=zh-TW
大東夜市,李宛庭,11 則評論,1 年前,5 顆星,,https://www.google.com/maps/contrib/117764087370882010706/reviews?hl=zh-TW
大東夜市,Shin Wen,13 則評論 · 4 張相片,1 年前,5 顆星,,https://www.google.com/maps/contrib/115196752028871194119/reviews?hl=zh-TW
大東夜市,簡銘儀,12 則評論 · 6 張相片,1 年前,5 顆星,,https://www.google.com/maps/contrib/113645563283479013426/reviews?hl=zh-TW
大東夜市,沈芷葶,3 則評論 · 2 張相片,1 年前,5 顆星,,https://www.google.com/maps/contrib/107453640353547066926/reviews?hl=zh-TW
大東夜市,uan J,在地嚮導 · 15 則評論 · 7 張相片,1 年前,5 顆星,,https://www.google.com/maps/contrib/105948198475117013357/reviews?hl=zh-TW
大東夜市,Chen Batty,9 則評論 · 9 張相片,1 年前,5 顆星,,https://www.google.com/maps/contrib/112424239854393429475/reviews?hl=zh-TW
大東夜市,郭佳鑫,8 則評論 · 2 張相片,1 年前,5 顆星,,https://www.google.com/maps/contrib/113126378919732253191/reviews?hl=zh-TW
大東夜市,蔡雅文,8 則評論 · 3 張相片,1 年前,5 顆星,,https://www.google.com/maps/contrib/116626762766274390405/reviews?hl=zh-TW
大東夜市,catherine chang,3 則評論,1 年前,5 顆星,,https://www.google.com/maps/contrib/108073471957842508010/reviews?hl=zh-TW
大東夜市,Athena,8 則評論 · 1 張相片,1 年前,5 顆星,,https://www.google.com/maps/contrib/117308773589637713960/reviews?hl=zh-TW
大東夜市,C.J WANG,在地嚮導 · 72 則評論 · 56 張相片,1 年前,5 顆星,,https://www.google.com/maps/contrib/103840589448140202804/reviews?hl=zh-TW
大東夜市,張竣威,6 則評論,1 年前,5 顆星,,https://www.google.com/maps/contrib/111976238742088196222/reviews?hl=zh-TW
大東夜市,Yumeching Pika,在地嚮導 · 63 則評論 · 91 張相片,1 年前,5 顆星,,https://www.google.com/maps/contrib/110470035120519774575/reviews?hl=zh-TW
大東夜市,顏意庭護二甲,1 則評論,1 年前,5 顆星,,https://www.google.com/maps/contrib/113189716353212546389/reviews?hl=zh-TW
大東夜市,李祖昀,7 則評論 · 4 張相片,1 年前,5 顆星,踩點囉～,https://www.google.com/maps/contrib/106569316939181473221/reviews?hl=zh-TW
大東夜市,Wei-Ju Chen (Selsa),3 則評論,1 年前,5 顆星,,https://www.google.com/maps/contrib/106237772579411896866/reviews?hl=zh-TW
大東夜市,黃仕杰,1 則評論,1 年前,5 顆星,,https://www.google.com/maps/contrib/105529817214432985748/reviews?hl=zh-TW
大東夜市,洪啟昌,在地嚮導 · 1 則評論 · 20 張相片,1 年前,5 顆星,,https://www.google.com/maps/contrib/102197513366191930747/reviews?hl=zh-TW
大東夜市,Chen You Li,4 則評論,1 年前,5 顆星,好逛,https://www.google.com/maps/contrib/110710165753257071178/reviews?hl=zh-TW
大東夜市,吳建德,在地嚮導 · 1 則評論 · 159 張相片,1 年前,4 顆星,,https://www.google.com/maps/contrib/116388492048700358352/reviews?hl=zh-TW
大東夜市,王家源,3 則評論 · 1 張相片,1 年前,5 顆星,,https://www.google.com/maps/contrib/116634706359950792405/reviews?hl=zh-TW
大東夜市,Ken Chen,"在地嚮導 · 465 則評論 · 1,414 張相片",1 年前,5 顆星,你們就趕快和好吧！兩邊能做到這樣的「實體隔離」，簡直就是 38 度線了！,https://www.google.com/maps/contrib/117578548495900659393/reviews?hl=zh-TW
大東夜市,楊宗煒,在地嚮導 · 427 則評論 · 9 張相片,1 年前,2 顆星,沒什麼特色,https://www.google.com/maps/contrib/111416571789852534051/reviews?hl=zh-TW
大東夜市,黃謹瑩,在地嚮導 · 19 則評論 · 12 張相片,1 年前,1 顆星,變成這樣真的很爛,https://www.google.com/maps/contrib/113608255305088630447/reviews?hl=zh-TW
大東夜市,王炳楠,3 則評論 · 3 張相片,1 年前,5 顆星,,https://www.google.com/maps/contrib/107791165415421832948/reviews?hl=zh-TW
大東夜市,EAST RAFALE,6 則評論 · 3 張相片,1 年前,3 顆星,,https://www.google.com/maps/contrib/117743744733905171390/reviews?hl=zh-TW
大東夜市,漩,在地嚮導 · 15 則評論 · 5 張相片,1 年前,4 顆星,,https://www.google.com/maps/contrib/104543037803315654328/reviews?hl=zh-TW
大東夜市,Jo chiao Lin,在地嚮導 · 51 則評論 · 54 張相片,1 年前,5 顆星,"大東夜市美食非常多
推薦鐵板燒沙威瑪雞肉和豬肉很好吃
牛肉串五支100元 …",https://www.google.com/maps/contrib/107977169259476848063/reviews?hl=zh-TW
大東夜市,CC Y,在地嚮導 · 47 則評論 · 65 張相片,1 年前,5 顆星,還不錯,https://www.google.com/maps/contrib/106184940749981348578/reviews?hl=zh-TW
大東夜市,Reuben Cheng,在地嚮導 · 192 則評論 · 760 張相片,1 年前,5 顆星,很多小吃攤..真的有很多選擇。從所有有歷史的攤位買食物。好食物！一定要吃真魷美的炸魷魚。也可以嘗試烤豬肉。,https://www.google.com/maps/contrib/107481256694057535558/reviews?hl=zh-TW
大東夜市,郭大珺,16 則評論 · 38 張相片,1 年前,5 顆星,,https://www.google.com/maps/contrib/110982027105690258981/reviews?hl=zh-TW
大東夜市,Ruth Wu,在地嚮導 · 20 則評論 · 16 張相片,1 年前,5 顆星,好玩好吃,https://www.google.com/maps/contrib/110384002825009665063/reviews?hl=zh-TW
大東夜市,林明家,9 則評論 · 3 張相片,1 年前,5 顆星,,https://www.google.com/maps/contrib/116231095320869152765/reviews?hl=zh-TW
大東夜市,方睿駿,8 則評論 · 2 張相片,1 年前,5 顆星,好逛,https://www.google.com/maps/contrib/117727959786101754763/reviews?hl=zh-TW
大東夜市,張馨心,17 則評論 · 13 張相片,1 年前,5 顆星,來大東東夜市逛街,https://www.google.com/maps/contrib/117794727929597215911/reviews?hl=zh-TW
大東夜市,JING xin Zhang,7 則評論 · 5 張相片,1 年前,5 顆星,讚,https://www.google.com/maps/contrib/107967215317536834054/reviews?hl=zh-TW
大東夜市,ling Ling,3 則評論 · 2 張相片,1 年前,5 顆星,,https://www.google.com/maps/contrib/117233820305043136158/reviews?hl=zh-TW
大東夜市,李奕婷,1 則評論,1 年前,5 顆星,,https://www.google.com/maps/contrib/113608656098238443157/reviews?hl=zh-TW
大東夜市,嵐,在地嚮導 · 16 則評論 · 3 張相片,1 年前,5 顆星,,https://www.google.com/maps/contrib/115292679015426760728/reviews?hl=zh-TW
大東夜市,Moss Lin,在地嚮導 · 13 則評論 · 19 張相片,1 年前,5 顆星,好玩,https://www.google.com/maps/contrib/101251669958117016946/reviews?hl=zh-TW
大東夜市,黃啊嘎,4 則評論 · 1 張相片,1 年前,5 顆星,打卡送集點卡讚讚讚,https://www.google.com/maps/contrib/110347213041018264178/reviews?hl=zh-TW
大東夜市,葉展齊,4 則評論,1 年前,5 顆星,,https://www.google.com/maps/contrib/100825514575461424495/reviews?hl=zh-TW
大東夜市,伊伊,8 則評論 · 4 張相片,1 年前,5 顆星,,https://www.google.com/maps/contrib/109571647313441622226/reviews?hl=zh-TW
大東夜市,KUEIJUNG CKZ,在地嚮導 · 54 則評論 · 74 張相片,1 年前,5 顆星,,https://www.google.com/maps/contrib/104930182968589596557/reviews?hl=zh-TW
大東夜市,甘素美,3 則評論,1 年前,5 顆星,,https://www.google.com/maps/contrib/113568268318801656585/reviews?hl=zh-TW
大東夜市,ɪᴍ. ʟᴇᴍᴏɴ,1 則評論,1 年前,5 顆星,有趣好玩,https://www.google.com/maps/contrib/104787416605744200284/reviews?hl=zh-TW
大東夜市,謝佳容,在地嚮導 · 38 則評論 · 17 張相片,1 年前,5 顆星,,https://www.google.com/maps/contrib/101815453325799445775/reviews?hl=zh-TW
大東夜市,高素美,6 則評論 · 3 張相片,1 年前,5 顆星,,https://www.google.com/maps/contrib/115714102753182580938/reviews?hl=zh-TW
大東夜市,李羽蓉,4 則評論 · 1 張相片,1 年前,5 顆星,,https://www.google.com/maps/contrib/100971732717559883733/reviews?hl=zh-TW
大東夜市,WC,16 則評論 · 1 張相片,1 年前,5 顆星,,https://www.google.com/maps/contrib/118436757608062942413/reviews?hl=zh-TW
大東夜市,姚建帆,13 則評論 · 1 張相片,1 年前,5 顆星,,https://www.google.com/maps/contrib/108061807665964163997/reviews?hl=zh-TW
大東夜市,姚筱軒,在地嚮導 · 95 則評論 · 167 張相片,1 年前,5 顆星,,https://www.google.com/maps/contrib/114080673083021956186/reviews?hl=zh-TW
大東夜市,王廷軒,"在地嚮導 · 218 則評論 · 1,249 張相片",1 年前,5 顆星,讚讚讚讚讚,https://www.google.com/maps/contrib/107055238439579971334/reviews?hl=zh-TW
大東夜市,黃子泇,在地嚮導 · 107 則評論 · 40 張相片,1 年前,5 顆星,來逛夜市囉,https://www.google.com/maps/contrib/112260353957331504205/reviews?hl=zh-TW
大東夜市,吳東霖,5 則評論 · 9 張相片,1 年前,5 顆星,,https://www.google.com/maps/contrib/105231682049102932702/reviews?hl=zh-TW
大東夜市,RongRong Chen,8 則評論,1 年前,5 顆星,,https://www.google.com/maps/contrib/108564733500754361092/reviews?hl=zh-TW
大東夜市,蘇韋傑,8 則評論 · 2 張相片,1 年前,5 顆星,,https://www.google.com/maps/contrib/101038917581768307962/reviews?hl=zh-TW
大東夜市,顏妙凌,7 則評論 · 1 張相片,1 年前,5 顆星,,https://www.google.com/maps/contrib/117789041060037921840/reviews?hl=zh-TW
大東夜市,chun,13 則評論 · 20 張相片,1 年前,5 顆星,,https://www.google.com/maps/contrib/107042612627957959173/reviews?hl=zh-TW
大東夜市,黃偉雄,4 則評論 · 6 張相片,1 年前,5 顆星,棒,https://www.google.com/maps/contrib/117904112954575695812/reviews?hl=zh-TW
大東夜市,ㄏㄨㄤˊㄓㄤㄩㄥˇ,4 則評論 · 1 張相片,1 年前,5 顆星,,https://www.google.com/maps/contrib/106476044490132127408/reviews?hl=zh-TW
大東夜市,yu-ju Chen,在地嚮導 · 15 則評論 · 29 張相片,1 年前,5 顆星,,https://www.google.com/maps/contrib/113361238237574987978/reviews?hl=zh-TW
大東夜市,誒嘿嘿,在地嚮導 · 60 則評論 · 12 張相片,1 年前,5 顆星,,https://www.google.com/maps/contrib/107197871979266318374/reviews?hl=zh-TW
大東夜市,陳大,4 則評論 · 1 張相片,1 年前,5 顆星,,https://www.google.com/maps/contrib/102729412820335393998/reviews?hl=zh-TW
大東夜市,嘎伶,9 則評論 · 2 張相片,1 年前,5 顆星,,https://www.google.com/maps/contrib/101965116561271422195/reviews?hl=zh-TW
大東夜市,黃紹華,在地嚮導 · 20 則評論 · 3 張相片,1 年前,5 顆星,,https://www.google.com/maps/contrib/108870787100419733574/reviews?hl=zh-TW
大東夜市,陳菁,5 則評論 · 2 張相片,1 年前,5 顆星,,https://www.google.com/maps/contrib/104105865805635268061/reviews?hl=zh-TW
大東夜市,王佳琪,4 則評論 · 1 張相片,1 年前,5 顆星,,https://www.google.com/maps/contrib/102518343980374234820/reviews?hl=zh-TW
大東夜市,Ling,在地嚮導 · 23 則評論 · 10 張相片,1 年前,5 顆星,好玩好吃好逛👍👍👍 …,https://www.google.com/maps/contrib/101960626852601358845/reviews?hl=zh-TW
大東夜市,Ak J,10 則評論,1 年前,5 顆星,還不錯,https://www.google.com/maps/contrib/103502233918677691273/reviews?hl=zh-TW
大東夜市,江小銨,在地嚮導 · 67 則評論 · 17 張相片,1 年前,5 顆星,讚喔,https://www.google.com/maps/contrib/108807952009205565458/reviews?hl=zh-TW
大東夜市,Huijun Zhuang,,1 年前,5 顆星,,https://www.google.com/maps/contrib/100286554466337225872/reviews?hl=zh-TW
大東夜市,cc nut,,1 年前,5 顆星,,https://www.google.com/maps/contrib/100618626651946842421/reviews?hl=zh-TW
大東夜市,楊雅雯,3 則評論 · 2 張相片,1 年前,5 顆星,,https://www.google.com/maps/contrib/102050177908834150881/reviews?hl=zh-TW
大東夜市,吳翔翊,8 則評論 · 2 張相片,1 年前,5 顆星,,https://www.google.com/maps/contrib/101136957078631735541/reviews?hl=zh-TW
大東夜市,HUI RU LU (Eva),在地嚮導 · 86 則評論 · 152 張相片,1 年前,5 顆星,,https://www.google.com/maps/contrib/102225049920529784820/reviews?hl=zh-TW
大東夜市,小雨,11 則評論 · 1 張相片,1 年前,5 顆星,,https://www.google.com/maps/contrib/106188082098717730668/reviews?hl=zh-TW
大東夜市,Kelly,在地嚮導 · 25 則評論 · 22 張相片,1 年前,5 顆星,,https://www.google.com/maps/contrib/103388370148474451497/reviews?hl=zh-TW
大東夜市,羅仕賢,11 則評論 · 3 張相片,1 年前,5 顆星,,https://www.google.com/maps/contrib/118043090383895004094/reviews?hl=zh-TW
大東夜市,劉小妹,1 張相片,1 年前,5 顆星,,https://www.google.com/maps/contrib/100158778344579536755/reviews?hl=zh-TW
大東夜市,灰,在地嚮導 · 39 則評論 · 7 張相片,1 年前,5 顆星,,https://www.google.com/maps/contrib/113824718894304686560/reviews?hl=zh-TW
大東夜市,Chuchu,在地嚮導 · 13 則評論 · 4 張相片,1 年前,5 顆星,,https://www.google.com/maps/contrib/110849328241552150827/reviews?hl=zh-TW
大東夜市,那個樺,16 則評論 · 5 張相片,1 年前,5 顆星,,https://www.google.com/maps/contrib/114096513606118941450/reviews?hl=zh-TW
大東夜市,佩林,5 則評論,1 年前,5 顆星,,https://www.google.com/maps/contrib/117776389413139673474/reviews?hl=zh-TW
大東夜市,Shizuku,10 則評論 · 3 張相片,1 年前,5 顆星,,https://www.google.com/maps/contrib/101824684202072583198/reviews?hl=zh-TW
大東夜市,陳郁紓,11 則評論 · 10 張相片,1 年前,5 顆星,,https://www.google.com/maps/contrib/101197986613198086713/reviews?hl=zh-TW
大東夜市,林志昆,9 則評論 · 3 張相片,1 年前,5 顆星,好久沒來了⋯⋯,https://www.google.com/maps/contrib/108866781169196769618/reviews?hl=zh-TW
大東夜市,許軒榕,2 則評論 · 1 張相片,1 年前,5 顆星,,https://www.google.com/maps/contrib/105830290824122075416/reviews?hl=zh-TW
大東夜市,Yu-Sheng Su,7 則評論 · 5 張相片,1 年前,5 顆星,,https://www.google.com/maps/contrib/109381771728819451096/reviews?hl=zh-TW
大東夜市,ya ya,在地嚮導 · 90 則評論 · 251 張相片,1 年前,5 顆星,,https://www.google.com/maps/contrib/117283677513881389724/reviews?hl=zh-TW
大東夜市,雅筑,1 則評論,1 年前,5 顆星,,https://www.google.com/maps/contrib/105096419309232470690/reviews?hl=zh-TW
大東夜市,佩穎,1 則評論 · 2 張相片,1 年前,5 顆星,,https://www.google.com/maps/contrib/100898322542198327852/reviews?hl=zh-TW
大東夜市,Jia-Jhen Jhong,在地嚮導 · 168 則評論 · 566 張相片,1 年前,5 顆星,,https://www.google.com/maps/contrib/111513369811230350824/reviews?hl=zh-TW
大東夜市,陳以斯,2 則評論,1 年前,5 顆星,,https://www.google.com/maps/contrib/107021398855161513003/reviews?hl=zh-TW
大東夜市,陳金龍,12 則評論 · 3 張相片,1 年前,5 顆星,,https://www.google.com/maps/contrib/107069080119886924105/reviews?hl=zh-TW
大東夜市,李李,1 則評論,1 年前,5 顆星,讚讚,https://www.google.com/maps/contrib/111267180799245981263/reviews?hl=zh-TW
大東夜市,郁玲,5 則評論,1 年前,5 顆星,好ㄔ😻 …,https://www.google.com/maps/contrib/106136479540492869684/reviews?hl=zh-TW
大東夜市,雪花冰.,在地嚮導 · 19 則評論 · 10 張相片,1 年前,5 顆星,好玩😻 …,https://www.google.com/maps/contrib/114964138337325282158/reviews?hl=zh-TW
大東夜市,Koya T,,1 年前,5 顆星,,https://www.google.com/maps/contrib/102172472705268612420/reviews?hl=zh-TW
大東夜市,江亭誼,13 則評論 · 7 張相片,1 年前,5 顆星,,https://www.google.com/maps/contrib/101736344342870735979/reviews?hl=zh-TW
大東夜市,INN,在地嚮導 · 38 則評論 · 3 張相片,1 年前,5 顆星,,https://www.google.com/maps/contrib/114016357380824216864/reviews?hl=zh-TW
大東夜市,陳瑾萱,8 則評論 · 9 張相片,1 年前,5 顆星,,https://www.google.com/maps/contrib/118034767419026172620/reviews?hl=zh-TW
大東夜市,Beh Hun,8 則評論,1 年前,5 顆星,,https://www.google.com/maps/contrib/112569546621617248768/reviews?hl=zh-TW
大東夜市,涵,9 則評論 · 2 張相片,1 年前,5 顆星,很讚很好逛,https://www.google.com/maps/contrib/108610318718328043672/reviews?hl=zh-TW
大東夜市,Yan-Ting Guan,在地嚮導 · 7 則評論 · 4 張相片,1 年前,5 顆星,位置大東東夜市,https://www.google.com/maps/contrib/102644178443907911332/reviews?hl=zh-TW
大東夜市,Ying-Jung Hsieh,在地嚮導 · 33 則評論 · 106 張相片,1 年前,5 顆星,,https://www.google.com/maps/contrib/115669782022609890106/reviews?hl=zh-TW
大東夜市,李聿嵐,4 則評論,1 年前,5 顆星,,https://www.google.com/maps/contrib/105179860751041844593/reviews?hl=zh-TW
大東夜市,鄭庭宜,1 則評論,1 年前,5 顆星,,https://www.google.com/maps/contrib/109246196772737618031/reviews?hl=zh-TW
大東夜市,Yiru Chen,8 則評論 · 1 張相片,1 年前,5 顆星,,https://www.google.com/maps/contrib/108891125707695629644/reviews?hl=zh-TW
大東夜市,黃怡珊,10 則評論 · 12 張相片,1 年前,5 顆星,,https://www.google.com/maps/contrib/104077608201930457694/reviews?hl=zh-TW
大東夜市,LULU KE,1 則評論 · 3 張相片,1 年前,5 顆星,,https://www.google.com/maps/contrib/102949876785462033668/reviews?hl=zh-TW
大東夜市,林小兔,4 則評論 · 2 張相片,1 年前,5 顆星,,https://www.google.com/maps/contrib/116226458598957142797/reviews?hl=zh-TW
大東夜市,賴宣,9 則評論 · 1 張相片,1 年前,5 顆星,,https://www.google.com/maps/contrib/106811734713694629439/reviews?hl=zh-TW
大東夜市,kim731212,在地嚮導 · 18 則評論 · 37 張相片,1 年前,5 顆星,,https://www.google.com/maps/contrib/102160162100378275822/reviews?hl=zh-TW
大東夜市,徐貴英,在地嚮導 · 16 則評論 · 3 張相片,1 年前,5 顆星,,https://www.google.com/maps/contrib/105831505920990299976/reviews?hl=zh-TW
大東夜市,陳翊婷（Et）,在地嚮導 · 22 則評論 · 8 張相片,1 年前,5 顆星,,https://www.google.com/maps/contrib/106259319795171086299/reviews?hl=zh-TW
大東夜市,蔡逸涵,11 則評論 · 1 張相片,1 年前,5 顆星,打卡送禮卷,https://www.google.com/maps/contrib/115764424555862846725/reviews?hl=zh-TW
大東夜市,江先生,6 則評論 · 2 張相片,1 年前,5 顆星,,https://www.google.com/maps/contrib/101876682598874980617/reviews?hl=zh-TW
大東夜市,張簡美芳,在地嚮導 · 52 則評論 · 25 張相片,1 年前,5 顆星,,https://www.google.com/maps/contrib/108250038683812059884/reviews?hl=zh-TW
大東夜市,B11192 110,7 則評論 · 9 張相片,1 年前,5 顆星,,https://www.google.com/maps/contrib/109761310734733128300/reviews?hl=zh-TW
大東夜市,耿雯翊,在地嚮導 · 45 則評論 · 20 張相片,1 年前,5 顆星,,https://www.google.com/maps/contrib/104088443256895294068/reviews?hl=zh-TW
大東夜市,Yu-ting Chiu,3 則評論 · 2 張相片,1 年前,5 顆星,,https://www.google.com/maps/contrib/106177146280692027729/reviews?hl=zh-TW
大東夜市,Zi Han Chua,在地嚮導 · 178 則評論 · 476 張相片,1 年前,5 顆星,,https://www.google.com/maps/contrib/116626509968473872004/reviews?hl=zh-TW
大東夜市,高宸,2 則評論 · 2 張相片,1 年前,5 顆星,,https://www.google.com/maps/contrib/100890825921825255281/reviews?hl=zh-TW
大東夜市,鄭佳欣,5 則評論 · 2 張相片,1 年前,5 顆星,,https://www.google.com/maps/contrib/110487342479604998671/reviews?hl=zh-TW
大東夜市,李芝賢,6 則評論 · 2 張相片,1 年前,5 顆星,,https://www.google.com/maps/contrib/108725363074434732919/reviews?hl=zh-TW
大東夜市,蔡逸暐,4 則評論 · 1 張相片,1 年前,5 顆星,👍 …,https://www.google.com/maps/contrib/117231729163592192503/reviews?hl=zh-TW
大東夜市,yaode yang,2 則評論 · 3 張相片,1 年前,5 顆星,,https://www.google.com/maps/contrib/107478120720473776414/reviews?hl=zh-TW
大東夜市,chi-wen Chen,在地嚮導 · 19 則評論 · 6 張相片,1 年前,5 顆星,,https://www.google.com/maps/contrib/108712706604802551967/reviews?hl=zh-TW
大東夜市,黃郁珊,6 則評論 · 2 張相片,1 年前,5 顆星,,https://www.google.com/maps/contrib/117959878919421261218/reviews?hl=zh-TW
大東夜市,歡歡,3 則評論 · 1 張相片,1 年前,5 顆星,,https://www.google.com/maps/contrib/106141113726172367075/reviews?hl=zh-TW
大東夜市,嘎嘎ㄨ拉拉,10 則評論,1 年前,5 顆星,嘿嘿,https://www.google.com/maps/contrib/108597981008550173182/reviews?hl=zh-TW
大東夜市,李冠文,10 則評論 · 1 張相片,1 年前,5 顆星,攤位很多很好逛！,https://www.google.com/maps/contrib/117746060411942741048/reviews?hl=zh-TW
大東夜市,李巧妤,在地嚮導 · 9 則評論 · 2 張相片,1 年前,5 顆星,,https://www.google.com/maps/contrib/103045739901972449073/reviews?hl=zh-TW
大東夜市,小楊,2 則評論 · 1 張相片,1 年前,5 顆星,很好逛👍 …,https://www.google.com/maps/contrib/112192271185305503771/reviews?hl=zh-TW
大東夜市,A Jia,3 則評論 · 3 張相片,1 年前,5 顆星,,https://www.google.com/maps/contrib/112539872826715002613/reviews?hl=zh-TW
大東夜市,林曉茗,3 則評論 · 3 張相片,1 年前,5 顆星,,https://www.google.com/maps/contrib/102688440253283605907/reviews?hl=zh-TW
大東夜市,邱智祥,在地嚮導 · 8 則評論 · 1 張相片,1 年前,5 顆星,,https://www.google.com/maps/contrib/110470129818223990153/reviews?hl=zh-TW
大東夜市,陳麒範,在地嚮導 · 28 則評論 · 38 張相片,1 年前,5 顆星,,https://www.google.com/maps/contrib/108640189653877228041/reviews?hl=zh-TW
大東夜市,Jay Xue Yu (學 會專情),在地嚮導 · 138 則評論 · 210 張相片,1 年前,5 顆星,遇到的店家都很親切，台南人都很熱情,https://www.google.com/maps/contrib/111201536729829685246/reviews?hl=zh-TW
大東夜市,瑄,在地嚮導 · 56 則評論 · 42 張相片,1 年前,5 顆星,,https://www.google.com/maps/contrib/113164173878313486712/reviews?hl=zh-TW
大東夜市,CHEN Chen,在地嚮導 · 23 則評論 · 7 張相片,1 年前,5 顆星,我就愛大東，沒什麼好說的，我！就！愛！大東！！！,https://www.google.com/maps/contrib/102391253421390385390/reviews?hl=zh-TW
大東夜市,阿又,5 則評論 · 2 張相片,1 年前,5 顆星,,https://www.google.com/maps/contrib/105637045294680610543/reviews?hl=zh-TW
大東夜市,鄒龍,1 則評論,1 年前,3 顆星,,https://www.google.com/maps/contrib/102660477951585380223/reviews?hl=zh-TW
大東夜市,Even Chen,在地嚮導 · 153 則評論 · 109 張相片,1 年前,5 顆星,大東跟大東東兩隔壁夜市，可惜內部走道不相通，看得到卻跨不過，一定得出大門再進去，有點可惜，其實消費者不管經營權，重要的是環境與方便跟攤商販售內容，希望能更好。,https://www.google.com/maps/contrib/104738266218988339633/reviews?hl=zh-TW
大東夜市,오영미,"在地嚮導 · 622 則評論 · 1,472 張相片",1 年前,4 顆星,大同夜市有美味的炸排骨和章魚燒餐廳。我去那裡是因為那是台南必去的夜市。它維護得井井有條，並且有很多美味的食物。不幸的是，這一天，韓國和中國踢足球……韓國贏了……但中國人看到我們就罵我們，說我們韓國人^^這是一個不愉快的點。,https://www.google.com/maps/contrib/117372665574212077261/reviews?hl=zh-TW
大東夜市,邱豐祥,在地嚮導 · 67 則評論 · 111 張相片,1 年前,3 顆星,無,https://www.google.com/maps/contrib/101094675590447214391/reviews?hl=zh-TW
大東夜市,Dino Lu,8 則評論 · 2 張相片,1 年前,5 顆星,,https://www.google.com/maps/contrib/105195574708288959281/reviews?hl=zh-TW
大東夜市,蘇宸葦,在地嚮導 · 7 則評論 · 13 張相片,1 年前,1 顆星,中間多了道牆，動線變得很差,https://www.google.com/maps/contrib/116795053666607933039/reviews?hl=zh-TW
大東夜市,Jay Y,在地嚮導 · 162 則評論 · 273 張相片,1 年前,4 顆星,,https://www.google.com/maps/contrib/105848912728935764485/reviews?hl=zh-TW
大東夜市,宗翰蔡,在地嚮導 · 13 則評論 · 15 張相片,1 年前,3 顆星,,https://www.google.com/maps/contrib/113230042536762796415/reviews?hl=zh-TW
大東夜市,洪昫毓,6 則評論 · 3 張相片,1 年前,2 顆星,,https://www.google.com/maps/contrib/108925332584163262151/reviews?hl=zh-TW
大東夜市,Shermaine Tiyo,1 則評論,1 年前,5 顆星,,https://www.google.com/maps/contrib/117396627335033503123/reviews?hl=zh-TW
大東夜市,黃文添,1 則評論 · 1 張相片,1 年前,1 顆星,,https://www.google.com/maps/contrib/100125344538893350348/reviews?hl=zh-TW
大東夜市,張家萍,3 則評論,1 年前,5 顆星,,https://www.google.com/maps/contrib/103150781643408053726/reviews?hl=zh-TW
大東夜市,林妙蓉,14 則評論 · 4 張相片,1 年前,5 顆星,,https://www.google.com/maps/contrib/105829335236276139146/reviews?hl=zh-TW
大東夜市,邵英宏,1 則評論,1 年前,5 顆星,,https://www.google.com/maps/contrib/104479263922066277093/reviews?hl=zh-TW
大東夜市,林鈺宸,2 則評論,1 年前,5 顆星,,https://www.google.com/maps/contrib/111908507113659545052/reviews?hl=zh-TW
大東夜市,hooniu Li,18 則評論 · 2 張相片,1 年前,5 顆星,大東東夜市😂 …,https://www.google.com/maps/contrib/101815286249884511451/reviews?hl=zh-TW
大東夜市,嗯嗯,6 則評論 · 3 張相片,1 年前,5 顆星,,https://www.google.com/maps/contrib/116340146939785948445/reviews?hl=zh-TW
大東夜市,黃莉穎,2 則評論 · 1 張相片,1 年前,5 顆星,,https://www.google.com/maps/contrib/102327052395411682332/reviews?hl=zh-TW
大東夜市,MINGWEI CAO,6 則評論 · 1 張相片,1 年前,5 顆星,想嘗試的美食太多了，來之前一定要確保自己沒吃飽。,https://www.google.com/maps/contrib/109779693254347833232/reviews?hl=zh-TW
大東夜市,鄭奕麟,在地嚮導 · 26 則評論 · 275 張相片,1 年前,5 顆星,好玩好逛好多好吃,https://www.google.com/maps/contrib/101588816626025343310/reviews?hl=zh-TW
大東夜市,丁允柔,9 則評論 · 1 張相片,1 年前,5 顆星,,https://www.google.com/maps/contrib/113661937994617899625/reviews?hl=zh-TW
大東夜市,林昀陞,在地嚮導 · 12 則評論 · 3 張相片,1 年前,5 顆星,,https://www.google.com/maps/contrib/107805441849729211543/reviews?hl=zh-TW
大東夜市,郭桂伶,6 則評論 · 22 張相片,1 年前,5 顆星,,https://www.google.com/maps/contrib/104678569982853024700/reviews?hl=zh-TW
大東夜市,鄭鄭,6 則評論 · 7 張相片,1 年前,5 顆星,,https://www.google.com/maps/contrib/111751115907843244554/reviews?hl=zh-TW
大東夜市,陳琳琳,在地嚮導 · 18 則評論 · 13 張相片,1 年前,5 顆星,,https://www.google.com/maps/contrib/111727780688504141452/reviews?hl=zh-TW
大東夜市,陳佳慧,1 則評論 · 1 張相片,1 年前,5 顆星,,https://www.google.com/maps/contrib/115121848729690292207/reviews?hl=zh-TW
大東夜市,鐘宛蓁,8 則評論,1 年前,5 顆星,很好玩好逛,https://www.google.com/maps/contrib/109969819820460157211/reviews?hl=zh-TW
大東夜市,張敦淼,在地嚮導 · 8 則評論,1 年前,5 顆星,,https://www.google.com/maps/contrib/103679873580784196312/reviews?hl=zh-TW
大東夜市,少佐,在地嚮導 · 17 則評論 · 1 張相片,1 年前,5 顆星,,https://www.google.com/maps/contrib/102018099953178663601/reviews?hl=zh-TW
大東夜市,吳震緯,15 則評論 · 3 張相片,1 年前,5 顆星,讚啦,https://www.google.com/maps/contrib/107964248785901993202/reviews?hl=zh-TW
大東夜市,文,在地嚮導 · 22 則評論 · 8 張相片,1 年前,5 顆星,,https://www.google.com/maps/contrib/103206372492065302149/reviews?hl=zh-TW
大東夜市,Hiutung Lee (東),1 則評論,1 年前,5 顆星,,https://www.google.com/maps/contrib/100996233436693074457/reviews?hl=zh-TW
大東夜市,李李,8 則評論 · 1 張相片,1 年前,5 顆星,,https://www.google.com/maps/contrib/110184333748270326722/reviews?hl=zh-TW
大東夜市,楷哥,3 則評論 · 2 張相片,1 年前,5 顆星,,https://www.google.com/maps/contrib/115393611279760806401/reviews?hl=zh-TW
大東夜市,Zz Bobo,17 則評論 · 5 張相片,1 年前,5 顆星,,https://www.google.com/maps/contrib/108870268828651708001/reviews?hl=zh-TW
大東夜市,Sandy Su (小貓),在地嚮導 · 32 則評論 · 116 張相片,1 年前,5 顆星,,https://www.google.com/maps/contrib/113774215444781922922/reviews?hl=zh-TW
大東夜市,晴芯,7 則評論 · 3 張相片,1 年前,5 顆星,,https://www.google.com/maps/contrib/102579107240820709112/reviews?hl=zh-TW
大東夜市,Wen,在地嚮導 · 19 則評論 · 2 張相片,1 年前,5 顆星,,https://www.google.com/maps/contrib/100965588310269222050/reviews?hl=zh-TW
大東夜市,陳炫瑞,,1 年前,5 顆星,,https://www.google.com/maps/contrib/117046790302099719762/reviews?hl=zh-TW
大東夜市,Angela Kao,2 則評論 · 1 張相片,1 年前,5 顆星,,https://www.google.com/maps/contrib/105874082352931773221/reviews?hl=zh-TW
大東夜市,Weixin Hsu,在地嚮導 · 15 則評論 · 17 張相片,1 年前,5 顆星,,https://www.google.com/maps/contrib/115859021103276852429/reviews?hl=zh-TW
大東夜市,吳祥維,4 則評論 · 2 張相片,1 年前,5 顆星,,https://www.google.com/maps/contrib/103720817711509522257/reviews?hl=zh-TW
大東夜市,林盈梅,5 則評論 · 1 張相片,1 年前,5 顆星,,https://www.google.com/maps/contrib/101811946392100729247/reviews?hl=zh-TW
大東夜市,陳哲宏,11 則評論,1 年前,5 顆星,,https://www.google.com/maps/contrib/108844731773223036690/reviews?hl=zh-TW
大東夜市,JF005陳佳萱,6 則評論,1 年前,5 顆星,,https://www.google.com/maps/contrib/105489427072579973541/reviews?hl=zh-TW
大東夜市,安德森,在地嚮導 · 84 則評論 · 97 張相片,1 年前,1 顆星,一個夜市分成兩個是怎樣 很難逛,https://www.google.com/maps/contrib/117806503872610729776/reviews?hl=zh-TW
大東夜市,錢威至,11 則評論 · 1 張相片,1 年前,5 顆星,,https://www.google.com/maps/contrib/100398840209584339903/reviews?hl=zh-TW
大東夜市,黃阿嬌,在地嚮導 · 57 則評論 · 41 張相片,1 年前,3 顆星,攤位過少，價位偏高,https://www.google.com/maps/contrib/115084746175530315419/reviews?hl=zh-TW
大東夜市,吳致美Michelle Wu,"在地嚮導 · 298 則評論 · 4,966 張相片",1 年前,5 顆星,"大東夜市與大東，東夜市比鄰而居，其實就是非常熱鬧的夜市，如果到台南來不妨去走走，裡面也有好吃好玩，可以加深你對夜市的印象。
像我前來夜市就吃了一道非常有趣的料理⋯⋯烤魚，一大隻的魚非常的有看頭，價格才$250，重點是現烤的喔！
另外想木瓜牛奶、沙其瑪、地瓜球、拔絲地瓜、還有許多好吃的台灣小吃都在其中，來殺時間來玩耍，肯定會讓你不虛此行。",https://www.google.com/maps/contrib/102156533829363813721/reviews?hl=zh-TW
大東夜市,Ling,"在地嚮導 · 523 則評論 · 2,338 張相片",1 年前,3 顆星,"自從切割成2個夜市後，大東夜市與大東東夜市相較之下，大東夜市更小、東西也變得更少

Dec 8, 2023",https://www.google.com/maps/contrib/111948139054763603399/reviews?hl=zh-TW
大東夜市,紀爸爸,在地嚮導 · 32 則評論 · 10 張相片,1 年前,5 顆星,,https://www.google.com/maps/contrib/112167820451088143597/reviews?hl=zh-TW
大東夜市,陳巧欣,14 則評論 · 7 張相片,1 年前,5 顆星,,https://www.google.com/maps/contrib/101775528659939334297/reviews?hl=zh-TW
大東夜市,莊巧雯（羅東超會內灣老街燙）,在地嚮導 · 96 則評論 · 437 張相片,1 年前,5 顆星,太晚才到台南、所以很多店都休息有點可惜～下次要早點來吃吃喝喝、值得誇獎的非常重要的一點、這個夜市「廁所管理」非常好、一般對於這種夜市的廁所都還沒靠近就很重尿騷味、也會超髒！這裡完全不會、也有可能我是平日來的關係哈哈哈哈哈😂至少我遇到乾淨的環境、覺得讚讚👍 …,https://www.google.com/maps/contrib/117434794784257877493/reviews?hl=zh-TW
大東夜市,An Na Tay,13 則評論 · 5 張相片,1 年前,5 顆星,我去過台灣最好的夜市之一。所有標準的夜市食品都表現得很好而且更多。有什麼不同——它不那麼油膩/離開市場時我沒有聞到各種油炸食品的味道。攤位的佈局也很整齊，方便行走，各種商店琳瑯滿目，位置很好，幾乎每個人都能找到適合自己的東西。,https://www.google.com/maps/contrib/114373326011670174013/reviews?hl=zh-TW
大東夜市,陳孟（孟）,在地嚮導 · 69 則評論 · 177 張相片,1 年前,3 顆星,沒有想像中的吃的,https://www.google.com/maps/contrib/114589973560545203738/reviews?hl=zh-TW
大東夜市,張LING LING,在地嚮導 · 22 則評論 · 41 張相片,1 年前,3 顆星,,https://www.google.com/maps/contrib/107472172349277299442/reviews?hl=zh-TW
大東夜市,王小慧,在地嚮導 · 10 則評論 · 28 張相片,1 年前,5 顆星,,https://www.google.com/maps/contrib/110617237130822658162/reviews?hl=zh-TW
大東夜市,洪頎翔,在地嚮導 · 14 則評論 · 15 張相片,1 年前,5 顆星,,https://www.google.com/maps/contrib/111975182012428206910/reviews?hl=zh-TW
大東夜市,郭柏成,7 則評論 · 5 張相片,1 年前,5 顆星,,https://www.google.com/maps/contrib/117752184986489039684/reviews?hl=zh-TW
大東夜市,洪睿捷,1 則評論,1 年前,5 顆星,,https://www.google.com/maps/contrib/105729041406378077879/reviews?hl=zh-TW
大東夜市,羅紳銘,13 則評論 · 1 張相片,1 年前,5 顆星,,https://www.google.com/maps/contrib/101613545454680071471/reviews?hl=zh-TW
大東夜市,朱馥言,2 則評論,1 年前,5 顆星,,https://www.google.com/maps/contrib/110406915549449584951/reviews?hl=zh-TW
大東夜市,郭鎧瑞,3 則評論 · 3 張相片,1 年前,5 顆星,,https://www.google.com/maps/contrib/100959948333848685541/reviews?hl=zh-TW
大東夜市,嘉雯,9 則評論 · 2 張相片,1 年前,5 顆星,,https://www.google.com/maps/contrib/115552706473875723520/reviews?hl=zh-TW
大東夜市,王浤疆,4 則評論 · 1 張相片,1 年前,5 顆星,,https://www.google.com/maps/contrib/105127027390444904040/reviews?hl=zh-TW
大東夜市,咕咕咕,3 則評論 · 6 張相片,1 年前,5 顆星,,https://www.google.com/maps/contrib/104727753035258730548/reviews?hl=zh-TW
大東夜市,藝術品,在地嚮導 · 13 則評論 · 48 張相片,1 年前,5 顆星,,https://www.google.com/maps/contrib/108962385156398275077/reviews?hl=zh-TW
大東夜市,楊凱翔,5 則評論 · 5 張相片,1 年前,5 顆星,,https://www.google.com/maps/contrib/102553256491955615488/reviews?hl=zh-TW
大東夜市,Go肥貓愛旅行,9 則評論 · 6 張相片,1 年前,5 顆星,,https://www.google.com/maps/contrib/106172887849921330640/reviews?hl=zh-TW
大東夜市,Chun,19 則評論 · 8 張相片,1 年前,5 顆星,,https://www.google.com/maps/contrib/111852938071775810927/reviews?hl=zh-TW
大東夜市,蔡竣宇,10 則評論 · 3 張相片,1 年前,5 顆星,,https://www.google.com/maps/contrib/114905616013080845054/reviews?hl=zh-TW
大東夜市,何艾芸,10 則評論 · 3 張相片,1 年前,5 顆星,,https://www.google.com/maps/contrib/102998282429341634739/reviews?hl=zh-TW
大東夜市,影戀,在地嚮導 · 17 則評論 · 7 張相片,1 年前,5 顆星,,https://www.google.com/maps/contrib/111869007622559111319/reviews?hl=zh-TW
大東夜市,lice A,7 則評論 · 16 張相片,1 年前,5 顆星,,https://www.google.com/maps/contrib/105352184253781096855/reviews?hl=zh-TW
大東夜市,廖覲賢,在地嚮導 · 11 則評論 · 24 張相片,1 年前,5 顆星,,https://www.google.com/maps/contrib/113150114008205810152/reviews?hl=zh-TW
大東夜市,彭芊榕,4 則評論 · 1 張相片,1 年前,5 顆星,,https://www.google.com/maps/contrib/113801474794830124072/reviews?hl=zh-TW
大東夜市,千豪王,"在地嚮導 · 675 則評論 · 8,253 張相片",1 年前,5 顆星,很熱鬧,https://www.google.com/maps/contrib/102453367536700462938/reviews?hl=zh-TW
大東夜市,陳雅惠,在地嚮導 · 15 則評論 · 6 張相片,1 年前,5 顆星,,https://www.google.com/maps/contrib/116863948107613425257/reviews?hl=zh-TW
大東夜市,CHIHJEN KO,在地嚮導 · 33 則評論 · 32 張相片,1 年前,5 顆星,,https://www.google.com/maps/contrib/106326680944162435587/reviews?hl=zh-TW
大東夜市,張嘉顯,12 則評論 · 4 張相片,1 年前,5 顆星,好吃好好玩！,https://www.google.com/maps/contrib/116041680715457054020/reviews?hl=zh-TW
大東夜市,伊濨,2 則評論,1 年前,5 顆星,很好逛很讚,https://www.google.com/maps/contrib/117341561192080963773/reviews?hl=zh-TW
大東夜市,Chi Sun,3 則評論 · 1 張相片,1 年前,5 顆星,,https://www.google.com/maps/contrib/110525306428489205986/reviews?hl=zh-TW
大東夜市,Summer,1 則評論,1 年前,5 顆星,,https://www.google.com/maps/contrib/114825406123565151392/reviews?hl=zh-TW
大東夜市,許志光,在地嚮導 · 26 則評論 · 7 張相片,1 年前,5 顆星,,https://www.google.com/maps/contrib/113261552285518268723/reviews?hl=zh-TW
大東夜市,陳永若,6 則評論 · 4 張相片,1 年前,5 顆星,,https://www.google.com/maps/contrib/109008284827351359870/reviews?hl=zh-TW
大東夜市,ALIEN C,在地嚮導 · 78 則評論 · 179 張相片,1 年前,5 顆星,,https://www.google.com/maps/contrib/108427342140485505406/reviews?hl=zh-TW
大東夜市,張哲嘉,在地嚮導 · 22 則評論 · 7 張相片,1 年前,5 顆星,,https://www.google.com/maps/contrib/108260165685859459822/reviews?hl=zh-TW
大東夜市,張amy,5 則評論,1 年前,5 顆星,,https://www.google.com/maps/contrib/101194159260528746026/reviews?hl=zh-TW
大東夜市,顏宇祥,3 則評論,1 年前,5 顆星,,https://www.google.com/maps/contrib/109151346076973924437/reviews?hl=zh-TW
大東夜市,Diana,在地嚮導 · 6 則評論,1 年前,5 顆星,,https://www.google.com/maps/contrib/103667021201271933082/reviews?hl=zh-TW
大東夜市,50805069蘇姿蒨,,1 年前,5 顆星,,https://www.google.com/maps/contrib/105372113939495967564/reviews?hl=zh-TW
大東夜市,Yi Jun Lun,在地嚮導 · 25 則評論 · 29 張相片,1 年前,5 顆星,,https://www.google.com/maps/contrib/100219666102308855117/reviews?hl=zh-TW
大東夜市,林小江,12 則評論 · 3 張相片,1 年前,5 顆星,,https://www.google.com/maps/contrib/104550754846718259592/reviews?hl=zh-TW
大東夜市,Ethan Wang,3 則評論 · 2 張相片,1 年前,5 顆星,,https://www.google.com/maps/contrib/106114167701628299572/reviews?hl=zh-TW
大東夜市,li haun Pan,在地嚮導 · 53 則評論 · 9 張相片,1 年前,5 顆星,,https://www.google.com/maps/contrib/114465015233484609802/reviews?hl=zh-TW
大東夜市,陳小昱,11 則評論 · 5 張相片,1 年前,5 顆星,,https://www.google.com/maps/contrib/111961631627566842103/reviews?hl=zh-TW
大東夜市,蘇熊熊,在地嚮導 · 15 則評論 · 12 張相片,1 年前,5 顆星,,https://www.google.com/maps/contrib/105101018272858244248/reviews?hl=zh-TW
大東夜市,Lu小采,在地嚮導 · 25 則評論 · 19 張相片,1 年前,5 顆星,,https://www.google.com/maps/contrib/116664362337814741583/reviews?hl=zh-TW
大東夜市,艸秦,6 則評論,1 年前,5 顆星,,https://www.google.com/maps/contrib/115303852833558313154/reviews?hl=zh-TW
大東夜市,葉子,13 則評論 · 2 張相片,1 年前,5 顆星,,https://www.google.com/maps/contrib/109343320151948183430/reviews?hl=zh-TW
大東夜市,陳小銘,在地嚮導 · 19 則評論 · 5 張相片,1 年前,5 顆星,,https://www.google.com/maps/contrib/115896234654572470129/reviews?hl=zh-TW
大東夜市,趙,在地嚮導 · 22 則評論 · 4 張相片,1 年前,5 顆星,,https://www.google.com/maps/contrib/110250693670544187991/reviews?hl=zh-TW
大東夜市,廖翊雅,8 則評論 · 3 張相片,1 年前,5 顆星,,https://www.google.com/maps/contrib/117244525986343397143/reviews?hl=zh-TW
大東夜市,hiu ting chow,2 則評論 · 3 張相片,1 年前,5 顆星,很讚,https://www.google.com/maps/contrib/112499840532641987453/reviews?hl=zh-TW
大東夜市,紀孟欣,2 則評論,1 年前,5 顆星,,https://www.google.com/maps/contrib/100685551145103575228/reviews?hl=zh-TW
大東夜市,呂若綺,6 則評論,1 年前,5 顆星,,https://www.google.com/maps/contrib/116254900479082680066/reviews?hl=zh-TW
大東夜市,Kwan Yee,,1 年前,5 顆星,,https://www.google.com/maps/contrib/102785202690599758399/reviews?hl=zh-TW
大東夜市,Aisa Chiang,在地嚮導 · 85 則評論 · 68 張相片,1 年前,5 顆星,,https://www.google.com/maps/contrib/107862997219203807016/reviews?hl=zh-TW
大東夜市,庭庭,在地嚮導 · 12 則評論 · 14 張相片,1 年前,5 顆星,,https://www.google.com/maps/contrib/103881515544731536455/reviews?hl=zh-TW
大東夜市,董董,4 則評論 · 2 張相片,1 年前,5 顆星,,https://www.google.com/maps/contrib/106478746718485540372/reviews?hl=zh-TW
大東夜市,黎萬國,3 則評論 · 2 張相片,1 年前,5 顆星,,https://www.google.com/maps/contrib/108378379454991426812/reviews?hl=zh-TW
大東夜市,Clement KJ,2 則評論,1 年前,5 顆星,,https://www.google.com/maps/contrib/118067502964563944057/reviews?hl=zh-TW
大東夜市,陳佳欣,5 則評論 · 4 張相片,1 年前,5 顆星,,https://www.google.com/maps/contrib/112445162908633190643/reviews?hl=zh-TW
大東夜市,黃睿,,1 年前,5 顆星,,https://www.google.com/maps/contrib/110016188189501239152/reviews?hl=zh-TW
大東夜市,王宏鈞,14 則評論 · 1 張相片,1 年前,5 顆星,,https://www.google.com/maps/contrib/110465937234331081062/reviews?hl=zh-TW
大東夜市,李紹綺,5 則評論 · 2 張相片,1 年前,5 顆星,,https://www.google.com/maps/contrib/115235190589655693821/reviews?hl=zh-TW
大東夜市,岑岑,3 則評論,1 年前,5 顆星,,https://www.google.com/maps/contrib/113609615311558625019/reviews?hl=zh-TW
大東夜市,張詒方,6 則評論 · 5 張相片,1 年前,5 顆星,很棒,https://www.google.com/maps/contrib/118441540487567116657/reviews?hl=zh-TW
大東夜市,黃玉山,在地嚮導 · 15 則評論 · 1 張相片,1 年前,4 顆星,加強一些特色,https://www.google.com/maps/contrib/105999666974138933666/reviews?hl=zh-TW
大東夜市,aryan morita,在地嚮導 · 25 則評論 · 4 張相片,1 年前,4 顆星,,https://www.google.com/maps/contrib/113735198108856157208/reviews?hl=zh-TW
大東夜市,陳健家,10 則評論 · 4 張相片,1 年前,4 顆星,大東東跟大東不能互通，缺點之一,https://www.google.com/maps/contrib/102774713498995782154/reviews?hl=zh-TW
大東夜市,Wen-Chien Chang,在地嚮導 · 33 則評論 · 56 張相片,1 年前,3 顆星,,https://www.google.com/maps/contrib/110715090108524591704/reviews?hl=zh-TW
大東夜市,王祥,在地嚮導 · 22 則評論 · 1 張相片,1 年前,5 顆星,,https://www.google.com/maps/contrib/100168441243551127602/reviews?hl=zh-TW
大東夜市,CHEN YUN NA,在地嚮導 · 66 則評論 · 159 張相片,1 年前,4 顆星,,https://www.google.com/maps/contrib/104773024413099160356/reviews?hl=zh-TW
大東夜市,Kiko,"在地嚮導 · 57 則評論 · 1,243 張相片",1 年前,1 顆星,動線不流暢,https://www.google.com/maps/contrib/115741186666381383899/reviews?hl=zh-TW
大東夜市,Troy Maravilla,在地嚮導 · 3 則評論 · 17 張相片,1 年前,5 顆星,,https://www.google.com/maps/contrib/113093530028148693555/reviews?hl=zh-TW
大東夜市,小貓帥帥,在地嚮導 · 159 則評論 · 212 張相片,1 年前,5 顆星,轉角豆乳雞好吃到不行,https://www.google.com/maps/contrib/102212058158373086625/reviews?hl=zh-TW
大東夜市,陳致仁,"在地嚮導 · 33 則評論 · 19,109 張相片",1 年前,4 顆星,,https://www.google.com/maps/contrib/102827663704068379359/reviews?hl=zh-TW
大東夜市,菜小真,5 則評論,1 年前,5 顆星,,https://www.google.com/maps/contrib/118335336048669478993/reviews?hl=zh-TW
大東夜市,Mr.pisces,在地嚮導 · 23 則評論 · 4 張相片,1 年前,5 顆星,,https://www.google.com/maps/contrib/101764200677328219636/reviews?hl=zh-TW
大東夜市,伊凡崔克,在地嚮導 · 111 則評論 · 91 張相片,1 年前,5 顆星,有吃有玩，攤位很多，而且重複性較低，很推薦棒！,https://www.google.com/maps/contrib/106522206669061637214/reviews?hl=zh-TW
大東夜市,王聖元,在地嚮導 · 6 則評論 · 15 張相片,1 年前,5 顆星,,https://www.google.com/maps/contrib/109195656439778173179/reviews?hl=zh-TW
大東夜市,Hồng son Le,3 則評論 · 5 張相片,1 年前,5 顆星,美麗的旅遊景點,https://www.google.com/maps/contrib/105297437716732094175/reviews?hl=zh-TW
大東夜市,小郭,在地嚮導 · 58 則評論 · 37 張相片,1 年前,4 顆星,沒有以前好逛，感覺變小了,https://www.google.com/maps/contrib/109435961238427922530/reviews?hl=zh-TW
大東夜市,Joker,在地嚮導 · 35 則評論 · 3 張相片,1 年前,4 顆星,分家之後如果大家沒有那麼仇恨可以開一條路互通嗎🤔 …,https://www.google.com/maps/contrib/103909487121103248022/reviews?hl=zh-TW
大東夜市,Anwesha Jana,"在地嚮導 · 141 則評論 · 1,139 張相片",1 年前,5 顆星,"美麗的市場，有很多食物和品種
週一、週三、週五開放",https://www.google.com/maps/contrib/104543721168343248070/reviews?hl=zh-TW
大東夜市,張小文,在地嚮導 · 93 則評論 · 76 張相片,1 年前,4 顆星,分2部分，好奇怪,https://www.google.com/maps/contrib/114409124825786332638/reviews?hl=zh-TW
大東夜市,Mamie Little,11 則評論 · 9 張相片,1 年前,5 顆星,,https://www.google.com/maps/contrib/115704458108716309110/reviews?hl=zh-TW
大東夜市,刺蝟,5 則評論,1 年前,5 顆星,好玩又好逛,https://www.google.com/maps/contrib/107587406274029449329/reviews?hl=zh-TW
大東夜市,陳柏瑜,在地嚮導 · 21 則評論 · 7 張相片,1 年前,5 顆星,,https://www.google.com/maps/contrib/116074305762783873698/reviews?hl=zh-TW
大東夜市,蔡佳蓉,在地嚮導 · 23 則評論 · 3 張相片,1 年前,5 顆星,,https://www.google.com/maps/contrib/106878665023811719750/reviews?hl=zh-TW
大東夜市,黃莉婷,在地嚮導 · 17 則評論 · 4 張相片,1 年前,5 顆星,❤️❤️,https://www.google.com/maps/contrib/109698648222022707495/reviews?hl=zh-TW
大東夜市,Jinn S,6 則評論 · 1 張相片,1 年前,5 顆星,,https://www.google.com/maps/contrib/107024659384432691886/reviews?hl=zh-TW
大東夜市,Sig Chen,"在地嚮導 · 2,149 則評論 · 9,958 張相片",4 年前,5 顆星,0 我用的是左邊的。,https://www.google.com/maps/contrib/104920950190387945902/reviews?hl=zh-TW
大東夜市,Thu Nguyen,,5 年前,1 顆星,,https://www.google.com/maps/contrib/106707439634130014926/reviews?hl=zh-TW
大東夜市,一木茜,在地嚮導 · 25 則評論 · 117 張相片,6 年前,3 顆星,,https://www.google.com/maps/contrib/114708915508793669551/reviews?hl=zh-TW
大東夜市,chian zoe,在地嚮導 · 137 則評論 · 192 張相片,6 年前,3 顆星,台灣夜市,https://www.google.com/maps/contrib/115058016214927164327/reviews?hl=zh-TW
大東夜市,Alessandro Gadotti,"在地嚮導 · 135 則評論 · 13,600 張相片",7 年前,3 顆星,,https://www.google.com/maps/contrib/115174130456451152847/reviews?hl=zh-TW
大東夜市,St C,"在地嚮導 · 501 則評論 · 1,063 張相片",7 年前,5 顆星,食物為主的在地熱鬧夜市,https://www.google.com/maps/contrib/117879268699529823618/reviews?hl=zh-TW
大東夜市,賴怡君,在地嚮導 · 30 則評論 · 28 張相片,7 年前,4 顆星,還不錯逛😄 …,https://www.google.com/maps/contrib/114920477993155052458/reviews?hl=zh-TW
大東夜市,ARTEMIS SUN,在地嚮導 · 76 則評論 · 135 張相片,7 年前,4 顆星,,https://www.google.com/maps/contrib/114886049354128633167/reviews?hl=zh-TW
大東夜市,Carlos Chen,在地嚮導 · 82 則評論 · 30 張相片,7 年前,3 顆星,吃喝玩樂用皆有選擇，人均台幣200-300元可吃飽。,https://www.google.com/maps/contrib/109459854408575034208/reviews?hl=zh-TW
大東夜市,陳育婷,在地嚮導 · 53 則評論 · 22 張相片,7 年前,1 顆星,食物貴又雷,https://www.google.com/maps/contrib/117982645768858463772/reviews?hl=zh-TW
大東夜市,Bobo Tai,在地嚮導 · 563 則評論 · 287 張相片,7 年前,5 顆星,,https://www.google.com/maps/contrib/109102869715272325504/reviews?hl=zh-TW
大東夜市,Yun T,在地嚮導 · 69 則評論 · 580 張相片,7 年前,3 顆星,販賣的東西重複，比較沒有台南的特色，但是蠻多賣衣服的，玩遊戲可以過去玩。,https://www.google.com/maps/contrib/112414880301825179481/reviews?hl=zh-TW
大東夜市,彭俊棠,1 則評論,7 年前,4 顆星,,https://www.google.com/maps/contrib/115215841066123131391/reviews?hl=zh-TW
大東夜市,Jonathan Knowles,在地嚮導 · 204 則評論 · 392 張相片,8 年前,2 顆星,"不錯的夜市，有各種各樣的台南當地風味，但地方政府管理不善。

每當這個市場開放時，毗鄰市場的道路（林森路/林森路）都會因違規停車而嚴重擁擠。有時摩托車道上擠滿了違停的汽車和計程車。這意味著摩托車騎士必須躲避進出車道，並冒著被離開和進入市場的汽車撞到的風險。

這種情況已經持續多年，非常危險，常常導致整條路癱瘓。

很想推薦這個市場，但它的運作方式是不負責任的。",https://www.google.com/maps/contrib/101679705643273978464/reviews?hl=zh-TW
大東夜市,Andrew Hoon,4 則評論 · 1 張相片,8 年前,5 顆星,大東夜市,https://www.google.com/maps/contrib/106858590634842507803/reviews?hl=zh-TW
大東夜市,Sheng Qiao,,8 年前,5 顆星,,https://www.google.com/maps/contrib/106377730264485954379/reviews?hl=zh-TW
原住民石板烤肉,inu K.,"在地嚮導 · 843 則評論 · 2,555 張相片",3 個月前,5 顆星,"位於台南大東東夜市邊緣的充滿活力且價格合理的烤肉攤。

顧名思義，店家看起來像個原住民，在一塊大石板上烤五花肉和台灣香腸。
台灣各地都有香腸攤，但賣原住民肉的攤可能不多。

由於是石烤，肉又大，如果時機不對，就得等一會兒才熟。
撒上鹽基香料，烘烤後，將其放在圓板上，然後用一把巨大的原住民風格的刀將其切成碎片。
使用自動機器將肉進一步切成一口大小的塊（這是唯一現代的部分）。

包裝在一個日本街頭小吃炒麵大小的塑膠袋中，每件售價70元，肉和香腸的混合物售價100元。
他們會免費添加薑和大蒜。
大蒜是生的，所以很辣，但很適合搭配肉。

缺點是除非坐下來很難吃，但味道很棒。",https://www.google.com/maps/contrib/102918760277598099918/reviews?hl=zh-TW
原住民石板烤肉,WenLing Tsai,"在地嚮導 · 486 則評論 · 1,154 張相片",3 個月前,5 顆星,"老闆很用心還會去掉烤焦的部份
而且還有用機器切肉
避免大小不均、等候時間過長的問題
可以選綜合有烤肉跟香腸，兩種都很好吃",https://www.google.com/maps/contrib/110620992824104884527/reviews?hl=zh-TW
原住民石板烤肉,Victor,"在地嚮導 · 469 則評論 · 1,974 張相片",5 個月前,5 顆星,,https://www.google.com/maps/contrib/117236758220742584078/reviews?hl=zh-TW
原住民石板烤肉,棕毛大型犬,在地嚮導 · 465 則評論 · 588 張相片,6 個月前,2 顆星,蒜給的很少，少到會覺得還不如不要給😂配肉根本不夠。烤肉很普通，太鹹也太甜。 …,https://www.google.com/maps/contrib/110380988967303621629/reviews?hl=zh-TW
原住民石板烤肉,黃鈺翔,4 則評論,7 個月前,5 顆星,石板烤肉113年10月1日起在大東東夜市，在原位對面，洗手台旁，並請舊雨新知，給予支持，感謝您,https://www.google.com/maps/contrib/112329195183406442927/reviews?hl=zh-TW
原住民石板烤肉,小攸,9 則評論 · 5 張相片,9 個月前,5 顆星,有人知道位置改去那邊嗎？,https://www.google.com/maps/contrib/107716363320550494286/reviews?hl=zh-TW
原住民石板烤肉,邱維,在地嚮導 · 538 則評論 · 416 張相片,9 個月前,4 顆星,百元就能買到一盒滿滿的山豬肉和香腸，都很多汁，但也偏油了點；附上的蒜真的夠嗆辣，搭配起來很讚,https://www.google.com/maps/contrib/100545478187466741177/reviews?hl=zh-TW
原住民石板烤肉,Eric Shih,"在地嚮導 · 1,565 則評論 · 11,356 張相片",1 年前,3 顆星,"推薦烤肉！
香腸！",https://www.google.com/maps/contrib/117275356535179626898/reviews?hl=zh-TW
原住民石板烤肉,探員m,"在地嚮導 · 597 則評論 · 4,521 張相片",1 年前,4 顆星,"點了香腸和鹹豬肉綜合，滿滿一盒肉才100台幣。

香腸口味較甜，烤肉是黑胡椒口味，配上蒜片不可能不好吃。
不過我覺得烤肉切得太薄，沒有吃肉的感覺，其實切厚一點也不用裝比較多，老闆可以考慮一下。",https://www.google.com/maps/contrib/111561028133795988690/reviews?hl=zh-TW
原住民石板烤肉,蔡志浩,3 則評論 · 1 張相片,1 年前,5 顆星,,https://www.google.com/maps/contrib/110000265758637487308/reviews?hl=zh-TW
原住民石板烤肉,Queenie Yen,13 則評論 · 24 張相片,1 年前,5 顆星,有人知道搬去哪裡了嗎🥺🥺 …,https://www.google.com/maps/contrib/117297066533785800934/reviews?hl=zh-TW
原住民石板烤肉,Michael Hsu,在地嚮導 · 267 則評論 · 11 張相片,1 年前,5 顆星,這攤的口味真的不錯!,https://www.google.com/maps/contrib/111227526442052313725/reviews?hl=zh-TW
原住民石板烤肉,Elena Lai,在地嚮導 · 18 則評論 · 25 張相片,2 年前,4 顆星,好吃的香腸跟烤肉,https://www.google.com/maps/contrib/111787216967892193800/reviews?hl=zh-TW
原住民石板烤肉,王科鑒,在地嚮導 · 92 則評論 · 59 張相片,2 年前,5 顆星,烤肉香腸很好吃,https://www.google.com/maps/contrib/114483305053239470908/reviews?hl=zh-TW
原住民石板烤肉,馨小尹,在地嚮導 · 80 則評論 · 80 張相片,2 年前,5 顆星,2023/02/27烤肉又出來擺攤囉！！,https://www.google.com/maps/contrib/106033665508610072369/reviews?hl=zh-TW
原住民石板烤肉,Yvonne,11 則評論 · 6 張相片,2 年前,5 顆星,已經去了兩次都收攤 問其他攤的阿姨說鹹豬肉的阿姨身體不舒服不開了🥺好可惜！！！希望阿姨好好養病，可以再吃到超好吃的鹹豬肉！！！！ …,https://www.google.com/maps/contrib/111037272211888019429/reviews?hl=zh-TW
原住民石板烤肉,77,在地嚮導 · 18 則評論 · 3 張相片,2 年前,5 顆星,"終於開了🥹🥹🥹🥹
等了大半年！！！ …",https://www.google.com/maps/contrib/114710155632595401636/reviews?hl=zh-TW
原住民石板烤肉,Jovie,7 則評論 · 1 張相片,2 年前,5 顆星,"真的是超好吃😭
常特地安排一二休息遠從台北南下卻撲空了2回好傷心啊🥹
請問能提供任何聯絡方式嗎？？
好讓我們可以提前確認是否有營業🥹 …",https://www.google.com/maps/contrib/106931212939487029322/reviews?hl=zh-TW
原住民石板烤肉,何婉嘉,"在地嚮導 · 450 則評論 · 2,552 張相片",2 年前,4 顆星,"排隊大概15分鐘
老闆動作其實蠻俐落蠻快的
只是烤肉需要時間所以要等～看老闆切香腸很療癒，有專門切烤肉的機器很猛讓每塊烤肉都一樣厚薄真的吃起來口感很好，熱熱吃很重的胡椒香，冷掉吃居然也不油肉也沒有變硬還是一樣很香，薑很解膩覺得搭配很酷（不吃大蒜就沒加了～），整體口感非常棒

但是如果排隊要20分鐘以上不考慮也不推薦～大熱天又是夜市要排隊那麼久就失去吃夜市小吃邊走邊逛的樂趣了！",https://www.google.com/maps/contrib/117895541647157253263/reviews?hl=zh-TW
原住民石板烤肉,Michi,"在地嚮導 · 1,182 則評論 · 6,871 張相片",2 年前,4 顆星,烤肉比香腸好吃，香味四溢，可惜份量相較價錢較少,https://www.google.com/maps/contrib/111137211404057317794/reviews?hl=zh-TW
原住民石板烤肉,Kuowei Huang,"在地嚮導 · 283 則評論 · 1,514 張相片",3 年前,3 顆星,生意很好的石板烤肉,https://www.google.com/maps/contrib/115892839575010211349/reviews?hl=zh-TW
原住民石板烤肉,黃鈺婷,在地嚮導 · 16 則評論 · 7 張相片,3 年前,5 顆星,在地人推薦，平價美味的夜市小吃，CP值高，老闆娘親切，也懇請廣大網友們排隊時務必遵守老闆提醒的注意事項，避免優質店家遭受有心人士的惡意騷擾與謾罵，既耽誤了自己的等待時間與老闆的作業進度，還得現場被魔音穿腦與收看低級抓馬＝＝,https://www.google.com/maps/contrib/102659938811463481179/reviews?hl=zh-TW
原住民石板烤肉,Hsu Danny,"在地嚮導 · 3,603 則評論 · 8,579 張相片",3 年前,4 顆星,烤肉是滿好吃的，但抹布神功也滿扯的。會介意的人真的倒胃口，不過我不太介意。,https://www.google.com/maps/contrib/106201253664375643106/reviews?hl=zh-TW
原住民石板烤肉,祐昇,7 則評論 · 2 張相片,3 年前,1 顆星,衛生堪慮，一條抹布擦桌子、擦切肉盆、擦粘版，除了東擦西擦外，看似老闆娘的口氣很不好，只賣綜合！其他就沒有！？,https://www.google.com/maps/contrib/109234274785109695069/reviews?hl=zh-TW
原住民石板烤肉,Macy W.,在地嚮導 · 62 則評論 · 38 張相片,4 年前,5 顆星,綜合100 料超多 好吃,https://www.google.com/maps/contrib/100654464171783321486/reviews?hl=zh-TW
原住民石板烤肉,xxx xxx,16 則評論 · 2 張相片,4 年前,1 顆星,"前幾天去買的時候
看到一個大媽（店家認識的）
拿了一個塑膠袋 在裝蒜頭
過程用手在蒜頭堆裡摸來摸去，像在菜市場挑菜一樣 ，也不知道手乾不乾淨，摸了兩三分鐘有，店家看到也不制止，最後裝了整整一袋回去。
但今天去買烤肉時，只是拿了我自己一個人要吃的份量的蒜頭，準備要走時，就被老闆叫回去說拿太多，要求我放回去？
可以不用這麼差別待遇
衛生堪憂就算了
這服務種看人的服務真的不敢恭維，呵呵。",https://www.google.com/maps/contrib/102875707444580505640/reviews?hl=zh-TW
原住民石板烤肉,ProY Ngo,23 則評論,4 年前,5 顆星,"讚。好味道

另外旁邊不遠處220鹹水雞別去吃，0星勸世，最近沒有情緒，人生平淡的可去試試。",https://www.google.com/maps/contrib/100774631117736568039/reviews?hl=zh-TW
原住民石板烤肉,Levis Lu,"在地嚮導 · 768 則評論 · 8,676 張相片",4 年前,5 顆星,"原住民石板烤肉

烤肉60/香腸60
我們點了一份綜合100
排隊好多人，大概等10分鐘還可以
上面有放薑絲、還有蒜頭可以自己拿👍
老闆的刀工好強啊！切香腸好快好薄
不只石板烤肉很吸睛，還有喇叭超復古

肉烤完後放到砧板，切幾刀後
放到旁邊的機器，幾秒後出來切細的！
第一次看到有把機器帶去擺攤（通常店面才會看到",https://www.google.com/maps/contrib/114153247046293860681/reviews?hl=zh-TW
原住民石板烤肉,Ryan Lu,在地嚮導 · 50 則評論 · 200 張相片,4 年前,5 顆星,,https://www.google.com/maps/contrib/115628321772103186849/reviews?hl=zh-TW
原住民石板烤肉,Samson Ting,在地嚮導 · 31 則評論 · 59 張相片,5 年前,5 顆星,大東夜市必吃,https://www.google.com/maps/contrib/112606340454226864398/reviews?hl=zh-TW
原住民石板烤肉,宅仙Chai hsien,在地嚮導 · 360 則評論 · 195 張相片,5 年前,4 顆星,石板烤肉跟香腸都好吃,https://www.google.com/maps/contrib/103145081973134977950/reviews?hl=zh-TW
原住民石板烤肉,Kerry xx,在地嚮導 · 27 則評論 · 133 張相片,5 年前,5 顆星,如果喜歡食烤肉，在大東夜市務必要試試原住民石板烤肉，大排長龍不無原因。我也忍不住排第二次長龍，也要回味一番。,https://www.google.com/maps/contrib/111453397731528054208/reviews?hl=zh-TW
原住民石板烤肉,辛重緯,"在地嚮導 · 650 則評論 · 2,824 張相片",6 年前,5 顆星,石板烤肉跟香腸都好吃~,https://www.google.com/maps/contrib/114548296025261017378/reviews?hl=zh-TW
原住民石板烤肉,Vic Wang,在地嚮導 · 75 則評論 · 7 張相片,6 年前,5 顆星,,https://www.google.com/maps/contrib/104849623733969552033/reviews?hl=zh-TW
原住民石板烤肉,M Y,在地嚮導 · 13 則評論 · 84 張相片,6 年前,5 顆星,,https://www.google.com/maps/contrib/103727821581323974070/reviews?hl=zh-TW
原住民石板烤肉,吳明城,"1,426 則評論",7 年前,4 顆星,要等,https://www.google.com/maps/contrib/104258763058565387408/reviews?hl=zh-TW
原住民石板烤肉,Winnie Chang,在地嚮導 · 183 則評論 · 623 張相片,7 年前,5 顆星,原住民石板烤肉與香腸都好吃,https://www.google.com/maps/contrib/113620645240521060669/reviews?hl=zh-TW
原住民石板烤肉,Jason Young,"在地嚮導 · 3,470 則評論 · 6,315 張相片",7 年前,5 顆星,超愛烤肉!,https://www.google.com/maps/contrib/109653781114774580165/reviews?hl=zh-TW
原住民石板烤肉,GuoNi被Google除名的嚮導,479 則評論 · 8 張相片,8 年前,5 顆星,道地的原住民烤法 很熱血XD,https://www.google.com/maps/contrib/104205829760587703576/reviews?hl=zh-TW
原住民石板烤肉,C. W,在地嚮導 · 213 則評論 · 383 張相片,8 年前,2 顆星,香腸及烤肉別具風味，但看老闆娘的抹布擦桌子又擦砧板就不敢吃了。,https://www.google.com/maps/contrib/103766915995948823156/reviews?hl=zh-TW
原住民石板烤肉,Star Chou,"在地嚮導 · 2,095 則評論 · 7 張相片",8 年前,5 顆星,便宜又好吃,https://www.google.com/maps/contrib/111462421806863346581/reviews?hl=zh-TW
東洲黑糖奶舖,張智偉,26 則評論 · 34 張相片,1 年前,5 顆星,👍 …,https://www.google.com/maps/contrib/116143368003556922011/reviews?hl=zh-TW
東洲黑糖奶舖,hsiu Tzu,2 則評論,1 年前,5 顆星,很讚好喝,https://www.google.com/maps/contrib/113395531744556383792/reviews?hl=zh-TW
炫の日式舒芙蕾鬆餅專賣,彤恩,在地嚮導 · 20 則評論 · 11 張相片,4 週前,1 顆星,"點餐的應該是老板的女兒 態度很差 臉也臭到不行
舒芙蕾吃起來也不太好吃🙂 …",https://www.google.com/maps/contrib/117690297275414783302/reviews?hl=zh-TW
炫の日式舒芙蕾鬆餅專賣,李承翰,12 則評論 · 4 張相片,3 個月前,4 顆星,以夜市來說算很頂的攤販了 只是焦糖原味的上面那層烤糖烤的太厚了 吃到後面很膩 其他的也建議是兩個人以上分一個舒芙蕾,https://www.google.com/maps/contrib/117117790038019830631/reviews?hl=zh-TW
炫の日式舒芙蕾鬆餅專賣,Sharon Chen,"在地嚮導 · 1,059 則評論 · 5,814 張相片",6 個月前,5 顆星,這是我看過最精致的夜市美食 CP值很高,https://www.google.com/maps/contrib/110450924334669777386/reviews?hl=zh-TW
炫の日式舒芙蕾鬆餅專賣,pipi,在地嚮導 · 23 則評論 · 11 張相片,9 個月前,5 顆星,焦糖原味好吃 值得再次回購👍🏻 …,https://www.google.com/maps/contrib/100411811218344133268/reviews?hl=zh-TW
炫の日式舒芙蕾鬆餅專賣,lala Liu,8 則評論,1 年前,2 顆星,比起日式舒芙蕾，這比較像是海棉蛋糕😞很乾又不綿密😞,https://www.google.com/maps/contrib/100035736927458812219/reviews?hl=zh-TW
炫の日式舒芙蕾鬆餅專賣,BON BON,在地嚮導 · 51 則評論 · 43 張相片,1 年前,5 顆星,好吃😋零失敗，老板娘有夠親切滴,https://www.google.com/maps/contrib/116282621523321386046/reviews?hl=zh-TW
炫の日式舒芙蕾鬆餅專賣,Katie Wang,5 則評論 · 1 張相片,1 年前,5 顆星,超喜歡他們家的鬆餅~CP值很高,https://www.google.com/maps/contrib/114384596185198133521/reviews?hl=zh-TW
炫の日式舒芙蕾鬆餅專賣,陈颖昇,,1 年前,4 顆星,,https://www.google.com/maps/contrib/115843330504984944187/reviews?hl=zh-TW
炫の日式舒芙蕾鬆餅專賣,serendipity,在地嚮導 · 135 則評論 · 292 張相片,1 年前,5 顆星,"覺得CP值很高
好吃又療癒！",https://www.google.com/maps/contrib/107261795458565586412/reviews?hl=zh-TW
炫の日式舒芙蕾鬆餅專賣,chi,12 則評論 · 2 張相片,1 年前,5 顆星,超好吃！,https://www.google.com/maps/contrib/115967116576047243220/reviews?hl=zh-TW
炫の日式舒芙蕾鬆餅專賣,Yi Wen,在地嚮導 · 61 則評論 · 33 張相片,1 年前,5 顆星,焦糖吃起來脆脆的 很好吃,https://www.google.com/maps/contrib/116698218605816136018/reviews?hl=zh-TW
炫の日式舒芙蕾鬆餅專賣,巫韻萱,在地嚮導 · 30 則評論 · 25 張相片,1 年前,1 顆星,"逛夜市被這間老闆隨口吐掉的檳榔渣噴到 心情真的很不爽！有夠沒品沒衛生，買過也覺得超級乾、爆難吃！
現在看到照片上面的焦糖舒芙蕾照片就覺得像一坨檳榔渣！嘔嘔嘔🤮 …",https://www.google.com/maps/contrib/105011572549735746929/reviews?hl=zh-TW
炫の日式舒芙蕾鬆餅專賣,吳小翰,1 則評論,2 年前,5 顆星,真好吃,https://www.google.com/maps/contrib/100646690675654939403/reviews?hl=zh-TW
炫の日式舒芙蕾鬆餅專賣,Cat,在地嚮導 · 647 則評論 · 895 張相片,2 年前,5 顆星,在花園夜市嘗試了他們的 Souflee 煎餅。鬆軟的厚煎餅，上面放著焦糖，還有QQ珍珠。太好了👍 …,https://www.google.com/maps/contrib/114707098067504727727/reviews?hl=zh-TW
炫の日式舒芙蕾鬆餅專賣,邵莉雯,在地嚮導 · 116 則評論 · 12 張相片,2 年前,5 顆星,,https://www.google.com/maps/contrib/111569293695137302444/reviews?hl=zh-TW
碳烤雄大香雞排,江孟軒（流浪饕客）,在地嚮導 · 40 則評論 · 7 張相片,3 個月前,1 顆星,"很失望的雞排,調味料給超 少,而且挺油的,吃過就不會 再回購,我反而覺得開運的碳 烤雞排比較好吃。",https://www.google.com/maps/contrib/101481739120052045465/reviews?hl=zh-TW
碳烤雄大香雞排,38flower,在地嚮導 · 146 則評論 · 531 張相片,1 年前,3 顆星,很失望的雞排，調味料給超少，而且挺油的，吃過就不會再回購，我反而覺得開運的碳烤雞排比較好吃。,https://www.google.com/maps/contrib/109555575031194912053/reviews?hl=zh-TW
陳大民麻辣鴨血(大東東夜市),日勻,在地嚮導 · 12 則評論 · 4 張相片,1 個月前,5 顆星,魚蛋鴨血好吃🤤 …,https://www.google.com/maps/contrib/109194019344009830261/reviews?hl=zh-TW
陳大民麻辣鴨血(大東東夜市),Zongyi,在地嚮導 · 192 則評論 · 798 張相片,2 個月前,5 顆星,就是喜歡這個胡椒味,https://www.google.com/maps/contrib/107821362649686399530/reviews?hl=zh-TW
陳大民麻辣鴨血(大東東夜市),黑蝶,18 則評論 · 1 張相片,3 個月前,1 顆星,好雷喔，沒吃過這麼難吃的東西,https://www.google.com/maps/contrib/111410771021027249964/reviews?hl=zh-TW
陳大民麻辣鴨血(大東東夜市),散播美食の卡,"在地嚮導 · 185 則評論 · 3,290 張相片",4 個月前,4 顆星,,https://www.google.com/maps/contrib/106822151659497196227/reviews?hl=zh-TW
陳大民麻辣鴨血(大東東夜市),陳米鹿,在地嚮導 · 221 則評論 · 175 張相片,1 年前,5 顆星,,https://www.google.com/maps/contrib/110084479313580123603/reviews?hl=zh-TW
陳大民麻辣鴨血(大東東夜市),Manto Ku,在地嚮導 · 28 則評論 · 9 張相片,1 年前,1 顆星,"燒酒螺是臭掉的
鴨血魚蛋整碗都是該死的魚蛋
一塊鴨血都沒有不豪洨
我真的會謝謝ㄟ陳大民",https://www.google.com/maps/contrib/111475814662037263506/reviews?hl=zh-TW
陳大民麻辣鴨血(大東東夜市),Hochi,在地嚮導 · 54 則評論 · 84 張相片,1 年前,3 顆星,👌 …,https://www.google.com/maps/contrib/117689477239228723333/reviews?hl=zh-TW
陳大民麻辣鴨血(大東東夜市),Roger Kao,"在地嚮導 · 595 則評論 · 1,073 張相片",1 年前,4 顆星,,https://www.google.com/maps/contrib/101879824552326206499/reviews?hl=zh-TW
陳大民麻辣鴨血(大東東夜市),獨自旅行,在地嚮導 · 160 則評論 · 601 張相片,1 年前,1 顆星,綜合鴨血大腸只有三塊魚丸也三塊，便宜鴨血一堆這樣90很坑,https://www.google.com/maps/contrib/117478527340636395173/reviews?hl=zh-TW
陳大民麻辣鴨血(大東東夜市),徐巧玲,17 則評論 · 4 張相片,1 年前,1 顆星,湯淡的像水一樣！第一次吃到這麼難吃的,https://www.google.com/maps/contrib/105777464561841740665/reviews?hl=zh-TW
陳大民麻辣鴨血(大東東夜市),黃瑄,12 則評論 · 4 張相片,1 年前,1 顆星,點了魚蛋肥腸，回家打開變成鴨血肥腸，無言，看到評論這麼低我就安心了，真的可以關店了。,https://www.google.com/maps/contrib/115795306216159479078/reviews?hl=zh-TW
陳大民麻辣鴨血(大東東夜市),Bolong Wu,在地嚮導 · 15 則評論 · 1 張相片,1 年前,5 顆星,,https://www.google.com/maps/contrib/103612249265540762913/reviews?hl=zh-TW
陳大民麻辣鴨血(大東東夜市),Eunice Toh,在地嚮導 · 27 則評論 · 45 張相片,1 年前,1 顆星,魚丸的刮刀紋理,https://www.google.com/maps/contrib/102415591829888925701/reviews?hl=zh-TW
陳大民麻辣鴨血(大東東夜市),仙仙女,"在地嚮導 · 690 則評論 · 3,089 張相片",2 年前,1 顆星,"買外帶，態度不好
而且我點鴨血魚蛋小碗，跟我收60元
結果回家打開發現，小碗只有鴨血
還多收我20元^^
哈哈真開心喔 謝謝
這間是每次夜市裡最大間的那個：）",https://www.google.com/maps/contrib/115089350509115932797/reviews?hl=zh-TW
陳大民麻辣鴨血(大東東夜市),shark,5 則評論,2 年前,1 顆星,"有夠難吃 戴眼鏡臉在臭什麼 這樣還要出來賣東西又不是很好吃是在態度差什麼
還有規定要坐哪 有夠好笑",https://www.google.com/maps/contrib/110937457526928379415/reviews?hl=zh-TW
陳大民麻辣鴨血(大東東夜市),C俊彥,在地嚮導 · 60 則評論 · 20 張相片,2 年前,1 顆星,可憐哪 站那邊顧店啦,https://www.google.com/maps/contrib/100859509423827296452/reviews?hl=zh-TW
陳大民麻辣鴨血(大東東夜市),Wei H,37 則評論 · 1 張相片,2 年前,1 顆星,站那邊啦 這是六星級服務,https://www.google.com/maps/contrib/111251623135066246447/reviews?hl=zh-TW
陳大民麻辣鴨血(大東東夜市),面具人,"在地嚮導 · 752 則評論 · 4,082 張相片",2 年前,2 顆星,攤位很大魚蛋味道還好,https://www.google.com/maps/contrib/102792140611503423568/reviews?hl=zh-TW
陳大民麻辣鴨血(大東東夜市),SHEON,在地嚮導 · 180 則評論 · 422 張相片,2 年前,1 顆星,"拒人千里,冷若冰霜,面無表情, 態度超差的
東西也沒多好吃不知道是在臭屁幾點的？

營業時間： 未知 可能看老闆心情？",https://www.google.com/maps/contrib/112886136061112437290/reviews?hl=zh-TW
陳大民麻辣鴨血(大東東夜市),甘蔗青好喝,14 則評論 · 3 張相片,4 年前,1 顆星,買了魚蛋 給了錢後 下一組客人也點魚蛋 收完下組客人的錢後 看著我對我說60元 我說我剛就給妳了 阿桑硬凹沒有  好在下一組客人替我做證說我剛剛有給 然後連道歉 拍謝 也說的不甘願!!!!!!!!!!!!如果沒有人幫我做證 我不就被當成白吃白喝的???,https://www.google.com/maps/contrib/107093035139399115704/reviews?hl=zh-TW
陳大民麻辣鴨血(大東東夜市),ProY Ngo,23 則評論,4 年前,1 顆星,態度差就收一收，沒欠你耶。跟裡面那家古早鹹水雞有啥不一樣，推薦給去夜市的人都查一查，雷蛋差不多3分之1。,https://www.google.com/maps/contrib/100774631117736568039/reviews?hl=zh-TW
陳大民麻辣鴨血(大東東夜市),cola chen,在地嚮導 · 506 則評論 · 800 張相片,4 年前,3 顆星,"鴨血沒味道只有腥味，不要買鴨血。湯很好喝！小辣就非常辣了，魚蛋好吃滿香的～
眼鏡男有位子還不給我坐哼哼",https://www.google.com/maps/contrib/112826296569677279671/reviews?hl=zh-TW
陳大民麻辣鴨血(大東東夜市),little cat,11 則評論 · 5 張相片,4 年前,1 顆星,服務態度欠佳 就不說點一碗兩個位子這種硬規定了 光是從外帶改成內用就直接擺臭臉 有多點外帶的等朋友吃內用也要趕 又不是沒其他位子 有夠勢利,https://www.google.com/maps/contrib/107966213008812597910/reviews?hl=zh-TW
陳大民麻辣鴨血(大東東夜市),靖靖,在地嚮導 · 41 則評論 · 41 張相片,4 年前,1 顆星,"跟外地的朋友一起逛夜市
怕擋到其他購買的客人（雖然也沒別的客人）
所以站旁邊討論
結果戴眼鏡男店員一直不耐煩的叫我們往前
我們只好往前 但還沒討論出結果
就是因為還沒討論好要內用還是外帶 要點什麼
要等確定再一起點
結果催我們點又擺臭臉給我們看 還直接翻白眼
點了三碗一碗裝在袋子裡 六個人坐下來之後
女店員過來問另外兩個朋友有沒有要點
說一碗湯限兩人內用 沒點不能坐
朋友只好尷尬離開
明明花三碗的錢還被趕
缺座位缺成這樣乾脆不要用內用區
而且我們想討論卻搞的好像我們是奧客
直接氣飽了

不知道員工訓練守則第一條是不是要討厭所有的客人
還是員工態度不夠不耐煩不能錄取
口味普通料少又貴
大概客群是有M屬性的有錢人吧
可惜我們都不是 完全不會想再訪
祝生意興隆^_^",https://www.google.com/maps/contrib/100142834815381117732/reviews?hl=zh-TW
陳大民麻辣鴨血(大東東夜市),Chris Huang,13 則評論 · 3 張相片,4 年前,1 顆星,戴眼鏡，瘦瘦高高的男的態度有夠差,https://www.google.com/maps/contrib/101582086204981863412/reviews?hl=zh-TW
陳大民麻辣鴨血(大東東夜市),YC T,11 則評論 · 8 張相片,4 年前,1 顆星,年輕、戴眼鏡的服務員態度有夠差，心情不好乾脆不要出來擺，客人又不是沒付錢，傻眼,https://www.google.com/maps/contrib/101957510716828688580/reviews?hl=zh-TW
陳大民麻辣鴨血(大東東夜市),趙思婷,15 則評論 · 4 張相片,4 年前,1 顆星,服務員態度有待加強,https://www.google.com/maps/contrib/117707261614156617836/reviews?hl=zh-TW
陳大民麻辣鴨血(大東東夜市),Hamm Chen,在地嚮導 · 22 則評論 · 23 張相片,5 年前,1 顆星,這種服務態度，評分差真不意外,https://www.google.com/maps/contrib/109008495239972570200/reviews?hl=zh-TW
陳大民麻辣鴨血(大東東夜市),HC S,"在地嚮導 · 3,230 則評論 · 23,803 張相片",5 年前,2 顆星,只有胡椒粉的味道，部落客應該都沒有味覺吧～,https://www.google.com/maps/contrib/117148331852094810753/reviews?hl=zh-TW
陳大民麻辣鴨血(大東東夜市),T L,在地嚮導 · 256 則評論 · 882 張相片,5 年前,3 顆星,雖然每次來都會吃，但對於沒辦法沒辦法應付來客帶位的店家，只會給予只會賺錢但沒腦袋的印象,https://www.google.com/maps/contrib/103185027674875969687/reviews?hl=zh-TW
陳大民麻辣鴨血(大東東夜市),AA A,"在地嚮導 · 301 則評論 · 1,067 張相片",5 年前,1 顆星,員工👎🏻 …,https://www.google.com/maps/contrib/113723089156586320660/reviews?hl=zh-TW
陳大民麻辣鴨血(大東東夜市),蘇漢祥,7 則評論,5 年前,1 顆星,"男店員服務態度有夠差
這種態度可以包一包回家了",https://www.google.com/maps/contrib/100350199109337138579/reviews?hl=zh-TW
陳大民麻辣鴨血(大東東夜市),幸君,"在地嚮導 · 396 則評論 · 1,180 張相片",5 年前,1 顆星,"燒酒螺裡面好多臭的⋯⋯
麻辣鴨血的大腸也沒處理好
跟以前差太多",https://www.google.com/maps/contrib/108610970185180540793/reviews?hl=zh-TW
陳大民麻辣鴨血(大東東夜市),A LIANG,"在地嚮導 · 248 則評論 · 2,335 張相片",5 年前,2 顆星,鴨血很普通,https://www.google.com/maps/contrib/108486405406507426577/reviews?hl=zh-TW
陳大民麻辣鴨血(大東東夜市),嘉嘉,350 則評論,5 年前,4 顆星,還不錯，工作人員不親切,https://www.google.com/maps/contrib/111032427953273202609/reviews?hl=zh-TW
陳大民麻辣鴨血(大東東夜市),方品淇,3 則評論,6 年前,5 顆星,,https://www.google.com/maps/contrib/103539696691135320697/reviews?hl=zh-TW
陳大民麻辣鴨血(大東東夜市),Hu Wen Jia,"在地嚮導 · 233 則評論 · 1,770 張相片",6 年前,1 顆星,戴眼鏡瘦瘦的男服務員，態度真的有夠差勁,https://www.google.com/maps/contrib/112443528000485800683/reviews?hl=zh-TW
林桑Laksa麵,Z Zu,在地嚮導 · 63 則評論 · 18 張相片,2 週前,1 顆星,"在夜市，這個售價太高了，湯頭不到位，肉片是重組肉，還只有3小片，剩下的都是粗俗火鍋料

最後⋯拉沙麵加辣竟然還是台式辣椒油！！",https://www.google.com/maps/contrib/101984776102787755706/reviews?hl=zh-TW
林桑Laksa麵,NMJB,13 則評論 · 1 張相片,2 個月前,1 顆星,"店員有夠沒家教
口罩拉下來對著我的麵咳嗽？😍
而且賣130內容物沒多少 花錢找罪受 …",https://www.google.com/maps/contrib/109566394135185042502/reviews?hl=zh-TW
林桑Laksa麵,Alson,在地嚮導 · 21 則評論 · 9 張相片,4 個月前,1 顆星,亂寫是新加坡laska 。 新加坡laksa 不是這樣的。 這是砂鍋面。 laska 是椰漿咖喱。,https://www.google.com/maps/contrib/104796075827749218866/reviews?hl=zh-TW
林桑Laksa麵,黃洺洺（洺哥）,33 則評論,7 個月前,5 顆星,"已經很多年沒吃到的東西，一開始還找不到店在哪裡（因為大東分2區）。
如果想吃的話，它目前位於機車停車場的第2區夜市裡面（麻辣魚蛋斜對面）～～",https://www.google.com/maps/contrib/114695918818992032526/reviews?hl=zh-TW
林桑Laksa麵,韋韋,在地嚮導 · 37 則評論 · 6 張相片,9 個月前,1 顆星,"難吃到哭出來^^
我寧可旁邊吃滷肉飯真的🙂 …",https://www.google.com/maps/contrib/104460512320582925783/reviews?hl=zh-TW
林桑Laksa麵,郭財子,在地嚮導 · 91 則評論 · 84 張相片,10 個月前,5 顆星,麵好吃 湯頭好喝 服務態度也很好,https://www.google.com/maps/contrib/117639768306899094408/reviews?hl=zh-TW
林桑Laksa麵,DEREK,在地嚮導 · 17 則評論 · 2 張相片,11 個月前,1 顆星,不建議各位食用，除非大家想心情變不好😎 …,https://www.google.com/maps/contrib/103647345578271109552/reviews?hl=zh-TW
林桑Laksa麵,栗西沙菜絵,在地嚮導 · 19 則評論 · 1 張相片,11 個月前,1 顆星,"超雷⋯完全沒味道⋯
而且配料都是便宜的火鍋料幾個
比早餐店的鍋燒麵還不如
對不起我的錢錢跟胃😮‍💨 …",https://www.google.com/maps/contrib/103481319547258515396/reviews?hl=zh-TW
林桑Laksa麵,Nash Wu,在地嚮導 · 16 則評論 · 2 張相片,1 年前,1 顆星,踩雷了,https://www.google.com/maps/contrib/103291468492365198729/reviews?hl=zh-TW
林桑Laksa麵,Richard,在地嚮導 · 33 則評論 · 10 張相片,1 年前,1 顆星,吃完烙賽,https://www.google.com/maps/contrib/118437773016175279527/reviews?hl=zh-TW
林桑Laksa麵,Pai Pai,在地嚮導 · 300 則評論 · 611 張相片,1 年前,1 顆星,"超級雷…
三片肉，肉的品質應該是最差的那種
一些難吃的火鍋料
加上口感不佳的烏龍麵

湯的味道也不怎麼樣

這個價格去吃小火鍋都比較好吃",https://www.google.com/maps/contrib/102420770180400146550/reviews?hl=zh-TW
林桑Laksa麵,香奈鵝,4 則評論 · 1 張相片,1 年前,5 顆星,好吃又服務至上👍 …,https://www.google.com/maps/contrib/116837007057403066896/reviews?hl=zh-TW
林桑Laksa麵,陳博鍇,6 則評論,1 年前,5 顆星,,https://www.google.com/maps/contrib/102999976592314314841/reviews?hl=zh-TW
林桑Laksa麵,賴泰丞,8 則評論 · 2 張相片,1 年前,5 顆星,,https://www.google.com/maps/contrib/108238140885458777246/reviews?hl=zh-TW
林桑Laksa麵,陳捨賴,4 則評論,1 年前,1 顆星,"外帶回家吃結果吃到釘書針？
不就還好我沒有吞進去🙂 …",https://www.google.com/maps/contrib/102878396285289370065/reviews?hl=zh-TW
林桑Laksa麵,N Đ H,,1 年前,5 顆星,,https://www.google.com/maps/contrib/114292782434113951517/reviews?hl=zh-TW
林桑Laksa麵,秋兒,在地嚮導 · 65 則評論 · 77 張相片,1 年前,5 顆星,"我覺得還可以
雖然不是到很便宜
但老闆態度非常熱情
加辣是精髓
而且上桌是熱熱的覺得不錯",https://www.google.com/maps/contrib/109509246214035867749/reviews?hl=zh-TW
林桑Laksa麵,yang,在地嚮導 · 19 則評論 · 25 張相片,1 年前,1 顆星,"外帶的湯份量這樣，是沾麵嗎？！
130$的價值",https://www.google.com/maps/contrib/116364940251873161939/reviews?hl=zh-TW
林桑Laksa麵,Lotso Wu,在地嚮導 · 118 則評論 · 701 張相片,1 年前,4 顆星,蠻好的叻沙麵，湯頭椰奶香氣很濃郁，淡淡的咖哩椰奶香真的很好喝。麵條部分就比較一般，選用油麵並沒有很好地吸收湯汁。份量來說偏小，男生可能會吃不飽。,https://www.google.com/maps/contrib/113834107392996381544/reviews?hl=zh-TW
林桑Laksa麵,Liu Mei,在地嚮導 · 27 則評論 · 2 張相片,1 年前,1 顆星,真的超雷，是不是沒有吃過叻沙？,https://www.google.com/maps/contrib/100450347516512624504/reviews?hl=zh-TW
林桑Laksa麵,Bear Jiun,在地嚮導 · 422 則評論 · 758 張相片,2 年前,2 顆星,"真的普通又貴
火鍋料搭配重組肉片
湯頭感覺像是粉泡的
很不自然
踩雷了",https://www.google.com/maps/contrib/114520405670304372787/reviews?hl=zh-TW
林桑Laksa麵,Van Mai,,2 年前,5 顆星,,https://www.google.com/maps/contrib/117432512357433853158/reviews?hl=zh-TW
林桑Laksa麵,新旗山花,在地嚮導 · 434 則評論 · 835 張相片,2 年前,1 顆星,"2023/3
湯頭超稀超水…
餐具也滿髒的…

麵條好吃
配料多是火鍋料",https://www.google.com/maps/contrib/103062507368686737785/reviews?hl=zh-TW
林桑Laksa麵,可以說,6 則評論,2 年前,1 顆星,在台南踩到地雷了！真的很哭，味道超怪異，賣吃的做成這樣，真的對的起良心嗎？泡麵都比你好吃幾百倍，麵跟湯都有怪異味道，真的很後悔，心裡有陰影，連一顆星還太高，但我還是建議大家要去吃，因為不能只有我吃到。,https://www.google.com/maps/contrib/118280792841530738084/reviews?hl=zh-TW
林桑Laksa麵,花哥,9 則評論 · 8 張相片,2 年前,1 顆星,"沒看評論就吃，真的有夠雷！

千萬別吃，下架他",https://www.google.com/maps/contrib/105199622897867017873/reviews?hl=zh-TW
林桑Laksa麵,K F,1 則評論,2 年前,5 顆星,,https://www.google.com/maps/contrib/118096585179725193815/reviews?hl=zh-TW
林桑Laksa麵,Xiu Wang,7 則評論 · 7 張相片,2 年前,1 顆星,"吃了對不起這120，而且還挺生氣的，
湯頭不求道地沒關係，但我覺得是至少麵跟配料味道要入味，湯很淡，烏龍麵沒什彈性，配料吃起來就是配料，吃到的實在是對不起這個價，是真的挺後悔花這個錢的，麻煩各位留意，還有店家請改進不要再僥倖賺消費者的辛苦錢了。",https://www.google.com/maps/contrib/110790194510137974502/reviews?hl=zh-TW
林桑Laksa麵,LeLe,在地嚮導 · 104 則評論 · 26 張相片,3 年前,1 顆星,真的是五告拍甲，只是難吃的鍋燒烏龍，哪裡有叻沙？120真的完全不值….還好只叫一碗…吃到會生氣😡 …,https://www.google.com/maps/contrib/109843760348463312779/reviews?hl=zh-TW
林桑Laksa麵,王小靖,在地嚮導 · 36 則評論 · 4 張相片,3 年前,1 顆星,2/14晚上拿了夜市券要消費，點餐完後要結帳，老闆馬上臉色大變，口氣很差告訴我們他們已經不收夜市券，但之後到夜市管委會詢問，夜市券可以正常使用到2/15，拒絕夜市卷就算了，口氣還差到爆，果然還是要吃花園的正統，服務好，湯頭又讚,https://www.google.com/maps/contrib/103042515038583539450/reviews?hl=zh-TW
林桑Laksa麵,香拿鐵,在地嚮導 · 155 則評論 · 322 張相片,3 年前,2 顆星,"整體口感不是很推 .. Cp質不高 ..

同價位有更好的選擇 😭 …",https://www.google.com/maps/contrib/110183804465467701900/reviews?hl=zh-TW
林桑Laksa麵,1 1,在地嚮導 · 52 則評論 · 32 張相片,3 年前,1 顆星,超雷 放一堆火鍋料,https://www.google.com/maps/contrib/100844623311221728945/reviews?hl=zh-TW
林桑Laksa麵,Ivy,在地嚮導 · 140 則評論 · 149 張相片,4 年前,3 顆星,一碗120元，沒有120元的價值，一堆火鍋料，肉只有三片，湯頭普普，加了辣椒才好一點。,https://www.google.com/maps/contrib/106367719971133492582/reviews?hl=zh-TW
林桑Laksa麵,Eve,在地嚮導 · 221 則評論 · 127 張相片,4 年前,1 顆星,"超難吃 浪費了120元根本無法吃完垃圾不新鮮的料
蝦子有嚴重的腥臭味 一碗裡面有三小隻
以為是花園夜市那家根本天差地遠
想吃的人真的不要再浪費錢讓這種無良店家繼續營業",https://www.google.com/maps/contrib/113800965689131716409/reviews?hl=zh-TW
林桑Laksa麵,林君璋,在地嚮導 · 57 則評論 · 13 張相片,4 年前,1 顆星,與花園夜市的正版差很多，這間是名副其實的”垃圾麵”，噁心難吃又貴，還不新鮮，蝦吃了一口就知道這碗都不用吃了,https://www.google.com/maps/contrib/103176506032258294259/reviews?hl=zh-TW
林桑Laksa麵,tzu jung chien,15 則評論 · 4 張相片,4 年前,1 顆星,相當普通的黃湯麵 價格120cp值低  不推薦 口味普通麵條普通,https://www.google.com/maps/contrib/118015931631261156138/reviews?hl=zh-TW
林桑Laksa麵,Jay Huang,11 則評論,4 年前,1 顆星,完全不是Laksa鍋，根本是陽春麵，味道也沒什麼層次，有點像雞湯罐,https://www.google.com/maps/contrib/117507997903562513398/reviews?hl=zh-TW
林桑Laksa麵,April Lee,"在地嚮導 · 538 則評論 · 2,762 張相片",5 年前,1 顆星,完全不是laksa口味，這是給沒吃過laksa的人吃的吧，完全就鍋燒意麵啊，湯超淡，我還加了一堆辣醬，不然吃不下去，只有它的牛肉很滑，其他完全不能評論，非常難吃,https://www.google.com/maps/contrib/102854186008367157769/reviews?hl=zh-TW
林桑Laksa麵,芳誼林（Alvin Sky）,在地嚮導 · 50 則評論 · 534 張相片,6 年前,4 顆星,湯頭淡淡的    建議加點辣椒比較香哦,https://www.google.com/maps/contrib/102580797234608503322/reviews?hl=zh-TW
林桑Laksa麵,Rock Chen,"在地嚮導 · 12 則評論 · 2,046 張相片",6 年前,3 顆星,,https://www.google.com/maps/contrib/114280518638004740128/reviews?hl=zh-TW
林桑Laksa麵,EINA,在地嚮導 · 195 則評論 · 245 張相片,6 年前,1 顆星,"料很少，湯頭沒味道，滿滿的味素
完全沒有100元的價值
(圖為已吃完)",https://www.google.com/maps/contrib/108798060886097888818/reviews?hl=zh-TW
林桑Laksa麵,Karen,在地嚮導 · 231 則評論 · 537 張相片,7 年前,4 顆星,不錯吃～,https://www.google.com/maps/contrib/108920682650756941975/reviews?hl=zh-TW
林桑Laksa麵,Knighton Brown,在地嚮導 · 394 則評論 · 175 張相片,8 年前,5 顆星,這一間好吃,https://www.google.com/maps/contrib/107531899432182792112/reviews?hl=zh-TW
林桑Laksa麵,周哥,"在地嚮導 · 1,139 則評論 · 5,411 張相片",8 年前,5 顆星,湯頭很有特色，辣椒很辣，別一次加太多，生意很好外帶也不少。,https://www.google.com/maps/contrib/110311344103535128100/reviews?hl=zh-TW
四川麻辣串串香,Yu Huang,在地嚮導 · 24 則評論 · 6 張相片,7 個月前,2 顆星,沒什麼味道，不夠入味，沒有串串香的感覺,https://www.google.com/maps/contrib/100001447621168225491/reviews?hl=zh-TW
四川麻辣串串香,涵ღ ·,4 則評論 · 1 張相片,2 年前,5 顆星,,https://www.google.com/maps/contrib/105081965717439814974/reviews?hl=zh-TW
四川麻辣串串香,00,6 則評論 · 2 張相片,4 年前,1 顆星,態度不佳 不會回話,https://www.google.com/maps/contrib/101414309134123128020/reviews?hl=zh-TW
四川麻辣串串香,陳曉竹,"在地嚮導 · 600 則評論 · 3,773 張相片",5 年前,5 顆星,"每次來都必吃的 四川麻辣串串香
還是唯獨這間吃的習慣 東西又很便宜",https://www.google.com/maps/contrib/117541197200082326522/reviews?hl=zh-TW
四川麻辣串串香,Anita Chang,在地嚮導 · 191 則評論 · 277 張相片,5 年前,1 顆星,,https://www.google.com/maps/contrib/104666620756388791038/reviews?hl=zh-TW
四川麻辣串串香,盧佳吟,13 則評論 · 1 張相片,6 年前,1 顆星,,https://www.google.com/maps/contrib/107129808599075187850/reviews?hl=zh-TW
四川麻辣串串香,Shou-Li Du,在地嚮導 · 964 則評論 · 721 張相片,6 年前,3 顆星,還不錯，每次吃到的辣度都不太一樣，另外雖然價錢一樣但是份量有變少了,https://www.google.com/maps/contrib/115758873813993671080/reviews?hl=zh-TW
四川麻辣串串香,Fat Sock,在地嚮導 · 296 則評論 · 562 張相片,7 年前,5 顆星,大東夜市內這間真的好吃，最喜歡喝湯，老闆態度也很好~不過有點漲價QQ（花園夜市有一間招牌一樣但兩位女老闆態度超差絕對別去吃,https://www.google.com/maps/contrib/105062836765220092878/reviews?hl=zh-TW
四川麻辣串串香,Keith C,在地嚮導 · 109 則評論 · 481 張相片,7 年前,5 顆星,"天氣再熱也是要吃
便宜料多
老闆有時候小辣會放太多⋯⋯最好先買飲料來吃",https://www.google.com/maps/contrib/104402111850753112452/reviews?hl=zh-TW
四川麻辣串串香,GuoNi被Google除名的嚮導,479 則評論 · 8 張相片,8 年前,4 顆星,個人覺得不錯 歡迎試試看!,https://www.google.com/maps/contrib/104205829760587703576/reviews?hl=zh-TW
四川麻辣串串香,陳俊源,在地嚮導 · 14 張相片,8 年前,4 顆星,,https://www.google.com/maps/contrib/108642569231063994677/reviews?hl=zh-TW
四川麻辣串串香,조계연,在地嚮導 · 8 則評論 · 17 張相片,8 年前,3 顆星,,https://www.google.com/maps/contrib/105872521569300173044/reviews?hl=zh-TW
林桑鹽水雞油雞醉雞 (台南大東店),YR T,14 則評論 · 1 張相片,3 週前,1 顆星,"雞肉超級柴 也不太新鮮 感覺冰很久
完全不推薦",https://www.google.com/maps/contrib/115902321860177729550/reviews?hl=zh-TW
林桑鹽水雞油雞醉雞 (台南大東店),黃佳琴,1 則評論,3 個月前,1 顆星,好貴⋯⋯回家打開一看⋯內容物少的可憐🥹,https://www.google.com/maps/contrib/110657455778754765849/reviews?hl=zh-TW
林桑鹽水雞油雞醉雞 (台南大東店),秉真,16 則評論 · 5 張相片,11 個月前,5 顆星,"來南部工作三天連續吃三天，第一天逛花園夜市在攤販購買，在指菜選菜的當下還不小心搓破防護的保鮮膜真是不好意思😅，後面兩次用了平台點餐，老闆&老闆娘可能知道我工作完畢要回去了，這次平台點餐還多送了我小菜好開心🥰，而且份量非常足

(話說水晶藻真好吃😋，台中鹽水雞攤販居然都沒有🥲)",https://www.google.com/maps/contrib/107328528169984555691/reviews?hl=zh-TW
林桑鹽水雞油雞醉雞 (台南大東店),TAKO,8 則評論,1 年前,5 顆星,闆娘人很好🥰幾乎每個禮拜都會來吃一次，真的健康又好吃😘大推！！大家快來吃爆！！,https://www.google.com/maps/contrib/115900884049989808999/reviews?hl=zh-TW
林桑鹽水雞油雞醉雞 (台南大東店),姿姿,2 則評論 · 1 張相片,1 年前,5 顆星,,https://www.google.com/maps/contrib/104360349134507472301/reviews?hl=zh-TW
林桑鹽水雞油雞醉雞 (台南大東店),mm mmm,15 則評論 · 4 張相片,1 年前,1 顆星,"買了120鹹水雞根本沒幾根肉==
肉也超柴🙄超級不推
從新竹下來台南還吃到這種東西",https://www.google.com/maps/contrib/107166096604003428586/reviews?hl=zh-TW
林桑鹽水雞油雞醉雞 (台南大東店),小姐林,2 則評論,1 年前,5 顆星,"大東夜市也有，當然也要推薦一下啦～非常好吃～
不加香油，更能吃出食物本身的新鮮跟清爽～特推",https://www.google.com/maps/contrib/107411100802120402584/reviews?hl=zh-TW
林桑鹽水雞油雞醉雞 (台南大東店),盧又綺,1 則評論,1 年前,5 顆星,,https://www.google.com/maps/contrib/109371516686280278004/reviews?hl=zh-TW
林桑鹽水雞油雞醉雞 (台南大東店),宜蓁,14 則評論 · 3 張相片,1 年前,5 顆星,推推 好吃好吃,https://www.google.com/maps/contrib/107267260495214289843/reviews?hl=zh-TW
林桑鹽水雞油雞醉雞 (台南大東店),顏銀枝,2 則評論,1 年前,5 顆星,香好好吃最喜歡蔬菜油雞,https://www.google.com/maps/contrib/109901038447846545871/reviews?hl=zh-TW
林桑鹽水雞油雞醉雞 (台南大東店),福樂鈣多多,5 則評論 · 1 張相片,1 年前,5 顆星,,https://www.google.com/maps/contrib/103715827180941612673/reviews?hl=zh-TW
林桑鹽水雞油雞醉雞 (台南大東店),小降,6 則評論 · 2 張相片,1 年前,5 顆星,,https://www.google.com/maps/contrib/102990718057312427327/reviews?hl=zh-TW
林桑鹽水雞油雞醉雞 (台南大東店),Erica Lee,在地嚮導 · 17 則評論 · 22 張相片,1 年前,5 顆星,很好吃,https://www.google.com/maps/contrib/106224620361582201622/reviews?hl=zh-TW
林桑鹽水雞油雞醉雞 (台南大東店),黃信朝,3 則評論,1 年前,5 顆星,靠….北好吃！ 大東鬧雙胞.以前要排隊現在不用嘍！,https://www.google.com/maps/contrib/103158404950798940655/reviews?hl=zh-TW
林桑鹽水雞油雞醉雞 (台南大東店),Lenz Liu,6 則評論 · 4 張相片,1 年前,1 顆星,"點了220元的鹹水雞跟小菜
結果回來打開鹹水雞根本沒放只有小菜",https://www.google.com/maps/contrib/100347697878655201345/reviews?hl=zh-TW
林桑鹽水雞油雞醉雞 (台南大東店),林國真,在地嚮導 · 69 則評論 · 74 張相片,1 年前,2 顆星,醉雞感覺不太新鮮,https://www.google.com/maps/contrib/113203754051620400266/reviews?hl=zh-TW
林桑鹽水雞油雞醉雞 (台南大東店),Van Mai,,2 年前,5 顆星,,https://www.google.com/maps/contrib/117432512357433853158/reviews?hl=zh-TW
林桑鹽水雞油雞醉雞 (台南大東店),徐怡娟,1 則評論 · 1 張相片,2 年前,5 顆星,,https://www.google.com/maps/contrib/111695081292143614120/reviews?hl=zh-TW
林桑鹽水雞油雞醉雞 (台南大東店),Zhang Andy,14 則評論 · 5 張相片,2 年前,5 顆星,很好吃 推！ ！ ！,https://www.google.com/maps/contrib/117790629769489037176/reviews?hl=zh-TW
Dizzy Bar,wei steph,"在地嚮導 · 646 則評論 · 2,065 張相片",1 年前,5 顆星,好吃～,https://www.google.com/maps/contrib/117472155303736004094/reviews?hl=zh-TW
二師兄古早味滷味-大東東夜市（雖然改為大東東夜市但還是以舊位置繼續擺攤）,James Chen,"在地嚮導 · 375 則評論 · 1,906 張相片",3 小時前,5 顆星,名店,https://www.google.com/maps/contrib/101798529615365568018/reviews?hl=zh-TW
二師兄古早味滷味-大東東夜市（雖然改為大東東夜市但還是以舊位置繼續擺攤）,Q毛,在地嚮導 · 105 則評論 · 43 張相片,1 週前,1 顆星,沒有入味,https://www.google.com/maps/contrib/113934614771436728298/reviews?hl=zh-TW
二師兄古早味滷味-大東東夜市（雖然改為大東東夜市但還是以舊位置繼續擺攤）,Luke KUO,在地嚮導 · 30 則評論 · 26 張相片,1 週前,2 顆星,食材有上色，但味道沒有到很入味，可惜了！鴨翅骨頭沒有滷到脆化,https://www.google.com/maps/contrib/109004358039954915550/reviews?hl=zh-TW
二師兄古早味滷味-大東東夜市（雖然改為大東東夜市但還是以舊位置繼續擺攤）,陳靖成,在地嚮導 · 115 則評論 · 104 張相片,3 週前,5 顆星,只要有到台南，一定...肯定...必買...要買...二師兄滷味回台北😋二師兄滷味，只要吃過，就真的讓人懷念，滷味界的翹楚👍👍👍,https://www.google.com/maps/contrib/107151816277133716709/reviews?hl=zh-TW
二師兄古早味滷味-大東東夜市（雖然改為大東東夜市但還是以舊位置繼續擺攤）,Hathaway瓊儀,6 則評論 · 2 張相片,3 週前,5 顆星,,https://www.google.com/maps/contrib/115625691081087868673/reviews?hl=zh-TW
二師兄古早味滷味-大東東夜市（雖然改為大東東夜市但還是以舊位置繼續擺攤）,yuliya,在地嚮導 · 24 則評論 · 23 張相片,3 週前,5 顆星,"每次來都必買
超美味的
最愛雞心 雞屁股",https://www.google.com/maps/contrib/110630143267478993828/reviews?hl=zh-TW
二師兄古早味滷味-大東東夜市（雖然改為大東東夜市但還是以舊位置繼續擺攤）,Ya Chu Chen,在地嚮導 · 24 則評論 · 6 張相片,3 週前,5 顆星,好香好好吃 現滷入味,https://www.google.com/maps/contrib/109984855955798176842/reviews?hl=zh-TW
二師兄古早味滷味-大東東夜市（雖然改為大東東夜市但還是以舊位置繼續擺攤）,Jessica,在地嚮導 · 32 則評論 · 9 張相片,3 週前,5 顆星,,https://www.google.com/maps/contrib/103264050118454957985/reviews?hl=zh-TW
二師兄古早味滷味-大東東夜市（雖然改為大東東夜市但還是以舊位置繼續擺攤）,Emma,在地嚮導 · 18 則評論 · 12 張相片,3 週前,5 顆星,,https://www.google.com/maps/contrib/111242583957826253498/reviews?hl=zh-TW
二師兄古早味滷味-大東東夜市（雖然改為大東東夜市但還是以舊位置繼續擺攤）,nick,在地嚮導 · 30 則評論 · 15 張相片,3 週前,5 顆星,,https://www.google.com/maps/contrib/103777826583778926626/reviews?hl=zh-TW
二師兄古早味滷味-大東東夜市（雖然改為大東東夜市但還是以舊位置繼續擺攤）,王崇宇,在地嚮導 · 38 則評論 · 18 張相片,3 週前,5 顆星,便宜好吃大推！,https://www.google.com/maps/contrib/111963564580259825941/reviews?hl=zh-TW
二師兄古早味滷味-大東東夜市（雖然改為大東東夜市但還是以舊位置繼續擺攤）,林和咸,14 則評論 · 1 張相片,3 週前,5 顆星,,https://www.google.com/maps/contrib/113143099722457875925/reviews?hl=zh-TW
二師兄古早味滷味-大東東夜市（雖然改為大東東夜市但還是以舊位置繼續擺攤）,peiyun,在地嚮導 · 19 則評論 · 29 張相片,3 週前,5 顆星,,https://www.google.com/maps/contrib/104346594897904965452/reviews?hl=zh-TW
二師兄古早味滷味-大東東夜市（雖然改為大東東夜市但還是以舊位置繼續擺攤）,邱、,2 則評論 · 6 張相片,3 週前,5 顆星,,https://www.google.com/maps/contrib/116441458930014637028/reviews?hl=zh-TW
二師兄古早味滷味-大東東夜市（雖然改為大東東夜市但還是以舊位置繼續擺攤）,米米,11 則評論,1 個月前,3 顆星,"只是點兩份要分開裝 幫忙盛的阿姨就摔東摔西
我懂上班很累很幸苦 本人也是服務業 但這種態度會不會太誇張。",https://www.google.com/maps/contrib/112208779307010895665/reviews?hl=zh-TW
二師兄古早味滷味-大東東夜市（雖然改為大東東夜市但還是以舊位置繼續擺攤）,Alley Li,在地嚮導 · 159 則評論 · 3 張相片,1 個月前,5 顆星,好吃,https://www.google.com/maps/contrib/102553738092740143487/reviews?hl=zh-TW
二師兄古早味滷味-大東東夜市（雖然改為大東東夜市但還是以舊位置繼續擺攤）,許願,8 則評論 · 17 張相片,1 個月前,5 顆星,超好吃,https://www.google.com/maps/contrib/114157342210802281502/reviews?hl=zh-TW
二師兄古早味滷味-大東東夜市（雖然改為大東東夜市但還是以舊位置繼續擺攤）,糸字緯,5 則評論,1 個月前,5 顆星,棒棒！好吃！,https://www.google.com/maps/contrib/107592445662026913392/reviews?hl=zh-TW
二師兄古早味滷味-大東東夜市（雖然改為大東東夜市但還是以舊位置繼續擺攤）,顏受齊,在地嚮導 · 30 則評論 · 12 張相片,1 個月前,5 顆星,太好吃了,https://www.google.com/maps/contrib/100543547739467609722/reviews?hl=zh-TW
二師兄古早味滷味-大東東夜市（雖然改為大東東夜市但還是以舊位置繼續擺攤）,畢洹瑜,2 則評論,1 個月前,5 顆星,好吃😋 …,https://www.google.com/maps/contrib/104875509919411160173/reviews?hl=zh-TW
二師兄古早味滷味-大東東夜市（雖然改為大東東夜市但還是以舊位置繼續擺攤）,陳昱錫,在地嚮導 · 14 則評論 · 2 張相片,1 個月前,5 顆星,,https://www.google.com/maps/contrib/102055656437408287337/reviews?hl=zh-TW
二師兄古早味滷味-大東東夜市（雖然改為大東東夜市但還是以舊位置繼續擺攤）,Yang vivian,14 則評論 · 2 張相片,1 個月前,5 顆星,,https://www.google.com/maps/contrib/110263162446816680888/reviews?hl=zh-TW
二師兄古早味滷味-大東東夜市（雖然改為大東東夜市但還是以舊位置繼續擺攤）,雲林人,在地嚮導 · 13 則評論 · 7 張相片,1 個月前,5 顆星,,https://www.google.com/maps/contrib/100851209229764271027/reviews?hl=zh-TW
二師兄古早味滷味-大東東夜市（雖然改為大東東夜市但還是以舊位置繼續擺攤）,鄭瑜,793 則評論,1 個月前,5 顆星,"真的很實在新鮮
現場滷製 所以不會是軟爛的口感
比較彈牙 有嚼勁
因此滷汁用較深色重味 可以加速入味
整體味道還是香氣平衡 不會過鹹",https://www.google.com/maps/contrib/106739249998692345774/reviews?hl=zh-TW
二師兄古早味滷味-大東東夜市（雖然改為大東東夜市但還是以舊位置繼續擺攤）,Ju,在地嚮導 · 19 則評論 · 4 張相片,1 個月前,1 顆星,店員態度很差  購買動線也很奇怪。,https://www.google.com/maps/contrib/109210065981022338692/reviews?hl=zh-TW
二師兄古早味滷味-大東東夜市（雖然改為大東東夜市但還是以舊位置繼續擺攤）,Hui Hui,在地嚮導 · 16 則評論 · 11 張相片,1 個月前,5 顆星,很好吃 回購好多次了,https://www.google.com/maps/contrib/113618134562360885260/reviews?hl=zh-TW
二師兄古早味滷味-大東東夜市（雖然改為大東東夜市但還是以舊位置繼續擺攤）,黃榮昌,在地嚮導 · 1 則評論 · 1 張相片,1 個月前,5 顆星,,https://www.google.com/maps/contrib/102226818224169438077/reviews?hl=zh-TW
二師兄古早味滷味-大東東夜市（雖然改為大東東夜市但還是以舊位置繼續擺攤）,YoC Chen,在地嚮導 · 139 則評論 · 736 張相片,2 個月前,3 顆星,"大東東排隊名店 有4個窗口可以排
師傅一直有在魯出來

棒棒腿超柴🙃
雞翅是嫩的～
豆干算裡面cp值比較高的
雞屁股有肉 但很盤",https://www.google.com/maps/contrib/101402252720886583918/reviews?hl=zh-TW
二師兄古早味滷味-大東東夜市（雖然改為大東東夜市但還是以舊位置繼續擺攤）,林雨潔,在地嚮導 · 21 則評論 · 11 張相片,2 個月前,5 顆星,超級好吃,https://www.google.com/maps/contrib/108715050074433464489/reviews?hl=zh-TW
二師兄古早味滷味-大東東夜市（雖然改為大東東夜市但還是以舊位置繼續擺攤）,賴俊廷,4 則評論,2 個月前,5 顆星,,https://www.google.com/maps/contrib/117746997517718141852/reviews?hl=zh-TW
二師兄古早味滷味-大東東夜市（雖然改為大東東夜市但還是以舊位置繼續擺攤）,Kuanyu Chen,在地嚮導 · 20 則評論 · 10 張相片,2 個月前,5 顆星,好吃,https://www.google.com/maps/contrib/104424738032466516547/reviews?hl=zh-TW
二師兄古早味滷味-大東東夜市（雖然改為大東東夜市但還是以舊位置繼續擺攤）,陳冠傑,14 則評論,2 個月前,5 顆星,,https://www.google.com/maps/contrib/114427476587925639511/reviews?hl=zh-TW
二師兄古早味滷味-大東東夜市（雖然改為大東東夜市但還是以舊位置繼續擺攤）,楊雲萱,8 則評論,2 個月前,5 顆星,,https://www.google.com/maps/contrib/102593163361401059754/reviews?hl=zh-TW
二師兄古早味滷味-大東東夜市（雖然改為大東東夜市但還是以舊位置繼續擺攤）,蔡嘉縈,在地嚮導 · 46 則評論 · 24 張相片,2 個月前,5 顆星,,https://www.google.com/maps/contrib/115375140163431872965/reviews?hl=zh-TW
二師兄古早味滷味-大東東夜市（雖然改為大東東夜市但還是以舊位置繼續擺攤）,王文雄,7 則評論 · 1 張相片,2 個月前,5 顆星,,https://www.google.com/maps/contrib/111772694027555609761/reviews?hl=zh-TW
二師兄古早味滷味-大東東夜市（雖然改為大東東夜市但還是以舊位置繼續擺攤）,陳穎蓁,在地嚮導 · 14 則評論 · 2 張相片,2 個月前,5 顆星,三號服務好,https://www.google.com/maps/contrib/111235243348585012312/reviews?hl=zh-TW
二師兄古早味滷味-大東東夜市（雖然改為大東東夜市但還是以舊位置繼續擺攤）,米歌,17 則評論,2 個月前,1 顆星,服務人員不耐煩態度不佳，令人反胃，有待加強,https://www.google.com/maps/contrib/116936316533748368770/reviews?hl=zh-TW
二師兄古早味滷味-大東東夜市（雖然改為大東東夜市但還是以舊位置繼續擺攤）,佳佳,11 則評論 · 4 張相片,2 個月前,5 顆星,好吃,https://www.google.com/maps/contrib/106289170218484202619/reviews?hl=zh-TW
二師兄古早味滷味-大東東夜市（雖然改為大東東夜市但還是以舊位置繼續擺攤）,黃奕璇,在地嚮導 · 13 則評論 · 25 張相片,2 個月前,5 顆星,,https://www.google.com/maps/contrib/115215442817154495440/reviews?hl=zh-TW
二師兄古早味滷味-大東東夜市（雖然改為大東東夜市但還是以舊位置繼續擺攤）,Jessica,4 則評論 · 4 張相片,2 個月前,5 顆星,,https://www.google.com/maps/contrib/101253489356763945530/reviews?hl=zh-TW
二師兄古早味滷味-大東東夜市（雖然改為大東東夜市但還是以舊位置繼續擺攤）,michael,11 則評論 · 2 張相片,2 個月前,5 顆星,,https://www.google.com/maps/contrib/106131370480192502334/reviews?hl=zh-TW
二師兄古早味滷味-大東東夜市（雖然改為大東東夜市但還是以舊位置繼續擺攤）,鄭歆婷,1 則評論 · 1 張相片,2 個月前,5 顆星,,https://www.google.com/maps/contrib/109944243622607806751/reviews?hl=zh-TW
二師兄古早味滷味-大東東夜市（雖然改為大東東夜市但還是以舊位置繼續擺攤）,Sih-sih,13 則評論 · 3 張相片,3 個月前,5 顆星,,https://www.google.com/maps/contrib/116841805182680742302/reviews?hl=zh-TW
二師兄古早味滷味-大東東夜市（雖然改為大東東夜市但還是以舊位置繼續擺攤）,朱祐均,11 則評論 · 1 張相片,3 個月前,5 顆星,夜市王大推！！慕名而來，東西很好吃，推薦大家,https://www.google.com/maps/contrib/112609146911175385609/reviews?hl=zh-TW
二師兄古早味滷味-大東東夜市（雖然改為大東東夜市但還是以舊位置繼續擺攤）,Jerry Go,在地嚮導 · 22 則評論 · 4 張相片,3 個月前,5 顆星,讚，好吃,https://www.google.com/maps/contrib/106959474746420226874/reviews?hl=zh-TW
二師兄古早味滷味-大東東夜市（雖然改為大東東夜市但還是以舊位置繼續擺攤）,Han han,在地嚮導 · 58 則評論 · 62 張相片,3 個月前,5 顆星,好吃,https://www.google.com/maps/contrib/104855930010426277691/reviews?hl=zh-TW
二師兄古早味滷味-大東東夜市（雖然改為大東東夜市但還是以舊位置繼續擺攤）,黃教誠,在地嚮導 · 48 則評論 · 24 張相片,3 個月前,5 顆星,真的很好吃欸👍 …,https://www.google.com/maps/contrib/100400413745348193996/reviews?hl=zh-TW
二師兄古早味滷味-大東東夜市（雖然改為大東東夜市但還是以舊位置繼續擺攤）,tzuwei,在地嚮導 · 29 則評論 · 14 張相片,3 個月前,5 顆星,,https://www.google.com/maps/contrib/116758658922096815452/reviews?hl=zh-TW
二師兄古早味滷味-大東東夜市（雖然改為大東東夜市但還是以舊位置繼續擺攤）,Chloe CH,在地嚮導 · 13 則評論 · 12 張相片,3 個月前,5 顆星,好吃 但要排隊,https://www.google.com/maps/contrib/107075672825063534300/reviews?hl=zh-TW
二師兄古早味滷味-大東東夜市（雖然改為大東東夜市但還是以舊位置繼續擺攤）,國際企業系陳姿妤,6 則評論 · 1 張相片,3 個月前,5 顆星,好吃 五星好評,https://www.google.com/maps/contrib/105154945460968302345/reviews?hl=zh-TW
二師兄古早味滷味-大東東夜市（雖然改為大東東夜市但還是以舊位置繼續擺攤）,Z阮嘉峻,,3 個月前,5 顆星,,https://www.google.com/maps/contrib/114504085884420066674/reviews?hl=zh-TW
二師兄古早味滷味-大東東夜市（雖然改為大東東夜市但還是以舊位置繼續擺攤）,Chen yan lin,在地嚮導 · 36 則評論 · 11 張相片,3 個月前,2 顆星,,https://www.google.com/maps/contrib/105555041164097873788/reviews?hl=zh-TW
二師兄古早味滷味-大東東夜市（雖然改為大東東夜市但還是以舊位置繼續擺攤）,_ latte,在地嚮導 · 31 則評論 · 33 張相片,3 個月前,2 顆星,"脆腸 超雷，買小份的還能吃到三次石頭
好無言，應該是沒洗乾淨不是運氣問題
只推米血，其他都普通",https://www.google.com/maps/contrib/115822189799157722644/reviews?hl=zh-TW
二師兄古早味滷味-大東東夜市（雖然改為大東東夜市但還是以舊位置繼續擺攤）,徐宸緯,在地嚮導 · 36 則評論 · 8 張相片,3 個月前,1 顆星,態度不佳,https://www.google.com/maps/contrib/111698466412282882711/reviews?hl=zh-TW
二師兄古早味滷味-大東東夜市（雖然改為大東東夜市但還是以舊位置繼續擺攤）,I Hsuan Chen,在地嚮導 · 30 則評論 · 5 張相片,3 個月前,1 顆星,"五星可以-10元
但阿姨態度很差 0分^_^",https://www.google.com/maps/contrib/109316445928252826030/reviews?hl=zh-TW
二師兄古早味滷味-大東東夜市（雖然改為大東東夜市但還是以舊位置繼續擺攤）,cheng lily,在地嚮導 · 31 則評論 · 119 張相片,3 個月前,5 顆星,,https://www.google.com/maps/contrib/110182616206194809452/reviews?hl=zh-TW
二師兄古早味滷味-大東東夜市（雖然改為大東東夜市但還是以舊位置繼續擺攤）,解剖第四組,4 則評論,3 個月前,5 顆星,讚,https://www.google.com/maps/contrib/113165893907939083988/reviews?hl=zh-TW
二師兄古早味滷味-大東東夜市（雖然改為大東東夜市但還是以舊位置繼續擺攤）,葉Jimmy,在地嚮導 · 21 則評論 · 7 張相片,3 個月前,5 顆星,,https://www.google.com/maps/contrib/108343944163627760967/reviews?hl=zh-TW
二師兄古早味滷味-大東東夜市（雖然改為大東東夜市但還是以舊位置繼續擺攤）,陳怡靜,在地嚮導 · 18 則評論 · 4 張相片,3 個月前,5 顆星,,https://www.google.com/maps/contrib/113101458319053274880/reviews?hl=zh-TW
二師兄古早味滷味-大東東夜市（雖然改為大東東夜市但還是以舊位置繼續擺攤）,Cecilia C,8 則評論,3 個月前,5 顆星,爽,https://www.google.com/maps/contrib/117245327097400571863/reviews?hl=zh-TW
二師兄古早味滷味-大東東夜市（雖然改為大東東夜市但還是以舊位置繼續擺攤）,Eva,在地嚮導 · 21 則評論 · 18 張相片,3 個月前,5 顆星,,https://www.google.com/maps/contrib/109346007120439859541/reviews?hl=zh-TW
二師兄古早味滷味-大東東夜市（雖然改為大東東夜市但還是以舊位置繼續擺攤）,曾品森,4 則評論,3 個月前,5 顆星,,https://www.google.com/maps/contrib/111844194085854999066/reviews?hl=zh-TW
二師兄古早味滷味-大東東夜市（雖然改為大東東夜市但還是以舊位置繼續擺攤）,chiz jung Chen,4 則評論,3 個月前,5 顆星,,https://www.google.com/maps/contrib/103491869395938552935/reviews?hl=zh-TW
二師兄古早味滷味-大東東夜市（雖然改為大東東夜市但還是以舊位置繼續擺攤）,Hu G,9 則評論 · 4 張相片,3 個月前,5 顆星,,https://www.google.com/maps/contrib/107138049405859800421/reviews?hl=zh-TW
二師兄古早味滷味-大東東夜市（雖然改為大東東夜市但還是以舊位置繼續擺攤）,賴玟曄,10 則評論 · 2 張相片,4 個月前,5 顆星,,https://www.google.com/maps/contrib/114587140847968318726/reviews?hl=zh-TW
二師兄古早味滷味-大東東夜市（雖然改為大東東夜市但還是以舊位置繼續擺攤）,豆豆鄧,12 則評論 · 1 張相片,4 個月前,5 顆星,1號服務好,https://www.google.com/maps/contrib/102722475501414954640/reviews?hl=zh-TW
二師兄古早味滷味-大東東夜市（雖然改為大東東夜市但還是以舊位置繼續擺攤）,Chuang,在地嚮導 · 31 則評論 · 16 張相片,4 個月前,5 顆星,好吃,https://www.google.com/maps/contrib/112448545745935443753/reviews?hl=zh-TW
二師兄古早味滷味-大東東夜市（雖然改為大東東夜市但還是以舊位置繼續擺攤）,甘秉鑫,在地嚮導 · 27 則評論 · 3 張相片,4 個月前,5 顆星,,https://www.google.com/maps/contrib/109973799522507120215/reviews?hl=zh-TW
二師兄古早味滷味-大東東夜市（雖然改為大東東夜市但還是以舊位置繼續擺攤）,林Auto,在地嚮導 · 199 則評論 · 665 張相片,4 個月前,5 顆星,好吃 一直回購,https://www.google.com/maps/contrib/115040229249733340370/reviews?hl=zh-TW
二師兄古早味滷味-大東東夜市（雖然改為大東東夜市但還是以舊位置繼續擺攤）,YC S,在地嚮導 · 24 則評論 · 5 張相片,4 個月前,5 顆星,,https://www.google.com/maps/contrib/115734103479820353756/reviews?hl=zh-TW
二師兄古早味滷味-大東東夜市（雖然改為大東東夜市但還是以舊位置繼續擺攤）,王俊盛,在地嚮導 · 289 則評論 · 235 張相片,4 個月前,3 顆星,個人口味覺得蠻普通的，走過可以聞到濃濃的滷汁味，吃起來也都差不多就是那個重甜鹹的味道，放一下冷掉會有膠質感，看起來會爛爛的，吃一些就會膩，沒啥值得排隊的價值,https://www.google.com/maps/contrib/107000375630966385784/reviews?hl=zh-TW
二師兄古早味滷味-大東東夜市（雖然改為大東東夜市但還是以舊位置繼續擺攤）,楊慧琪,9 則評論 · 3 張相片,4 個月前,2 顆星,"今天點了雞心（50）跟米血（30）
雞心好吃
兩顆星是給米血的…… …",https://www.google.com/maps/contrib/108508120289821974165/reviews?hl=zh-TW
二師兄古早味滷味-大東東夜市（雖然改為大東東夜市但還是以舊位置繼續擺攤）,姜太,"在地嚮導 · 854 則評論 · 6,212 張相片",4 個月前,4 顆星,"雞腳很入味， 之前都是在花園夜市買
最便宜一份就是五十",https://www.google.com/maps/contrib/104100626953598855014/reviews?hl=zh-TW
二師兄古早味滷味-大東東夜市（雖然改為大東東夜市但還是以舊位置繼續擺攤）,Sunny,在地嚮導 · 25 則評論 · 2 張相片,4 個月前,5 顆星,,https://www.google.com/maps/contrib/109966654247539223600/reviews?hl=zh-TW
二師兄古早味滷味-大東東夜市（雖然改為大東東夜市但還是以舊位置繼續擺攤）,謝家賢,在地嚮導 · 18 則評論 · 12 張相片,4 個月前,5 顆星,二師兄5星-10元，超棒,https://www.google.com/maps/contrib/109899358380551019654/reviews?hl=zh-TW
二師兄古早味滷味-大東東夜市（雖然改為大東東夜市但還是以舊位置繼續擺攤）,吳大,"在地嚮導 · 217 則評論 · 1,166 張相片",5 個月前,3 顆星,棒腿和三杯米血還不錯，豆干不夠入味，比起以前來說現在非必吃,https://www.google.com/maps/contrib/113389383838870651045/reviews?hl=zh-TW
二師兄古早味滷味-大東東夜市（雖然改為大東東夜市但還是以舊位置繼續擺攤）,黃阿呆,7 則評論,5 個月前,5 顆星,,https://www.google.com/maps/contrib/112914884840628656385/reviews?hl=zh-TW
二師兄古早味滷味-大東東夜市（雖然改為大東東夜市但還是以舊位置繼續擺攤）,劉驛驊,2 則評論,5 個月前,5 顆星,,https://www.google.com/maps/contrib/116470994670746726440/reviews?hl=zh-TW
二師兄古早味滷味-大東東夜市（雖然改為大東東夜市但還是以舊位置繼續擺攤）,Krystal Lin,在地嚮導 · 31 則評論 · 14 張相片,5 個月前,1 顆星,路過飄來的味道很香，點了米血、辣豆干、甜不辣和鳥蛋，可是食材沒有滷入味只有鹹而已，而且份量很少，不推薦！,https://www.google.com/maps/contrib/117377631369809061973/reviews?hl=zh-TW
二師兄古早味滷味-大東東夜市（雖然改為大東東夜市但還是以舊位置繼續擺攤）,步阿強,在地嚮導 · 50 則評論,5 個月前,3 顆星,個人感覺口味一般般，價格超出我想像的貴，cp真不高，一樣的滷味價格……..不會不建議，因為吃起來口味很一般，但是，應該不會再去購買,https://www.google.com/maps/contrib/105634310606658191515/reviews?hl=zh-TW
二師兄古早味滷味-大東東夜市（雖然改為大東東夜市但還是以舊位置繼續擺攤）,Vicky Hsu,在地嚮導 · 53 則評論 · 66 張相片,5 個月前,5 顆星,很入味，很香，夜市必買,https://www.google.com/maps/contrib/100241080049129240638/reviews?hl=zh-TW
二師兄古早味滷味-大東東夜市（雖然改為大東東夜市但還是以舊位置繼續擺攤）,Hsi Hsi,7 則評論 · 6 張相片,5 個月前,5 顆星,每次來必吃,https://www.google.com/maps/contrib/112300387574007346741/reviews?hl=zh-TW
二師兄古早味滷味-大東東夜市（雖然改為大東東夜市但還是以舊位置繼續擺攤）,吳毓珊,13 則評論 · 2 張相片,5 個月前,5 顆星,滷味好吃,https://www.google.com/maps/contrib/112195439525759636567/reviews?hl=zh-TW
二師兄古早味滷味-大東東夜市（雖然改為大東東夜市但還是以舊位置繼續擺攤）,tenwei tsai,14 則評論 · 1 張相片,5 個月前,5 顆星,,https://www.google.com/maps/contrib/110416708045977096699/reviews?hl=zh-TW
二師兄古早味滷味-大東東夜市（雖然改為大東東夜市但還是以舊位置繼續擺攤）,Amy Liu,1 張相片,5 個月前,5 顆星,,https://www.google.com/maps/contrib/111814286778007387635/reviews?hl=zh-TW
二師兄古早味滷味-大東東夜市（雖然改為大東東夜市但還是以舊位置繼續擺攤）,Ka Kei Liu,,5 個月前,5 顆星,,https://www.google.com/maps/contrib/107096928183307381703/reviews?hl=zh-TW
二師兄古早味滷味-大東東夜市（雖然改為大東東夜市但還是以舊位置繼續擺攤）,C,"在地嚮導 · 222 則評論 · 1,895 張相片",6 個月前,5 顆星,,https://www.google.com/maps/contrib/111448746041008823095/reviews?hl=zh-TW
二師兄古早味滷味-大東東夜市（雖然改為大東東夜市但還是以舊位置繼續擺攤）,黎菲,在地嚮導 · 18 則評論 · 15 張相片,6 個月前,5 顆星,,https://www.google.com/maps/contrib/104526801415391196598/reviews?hl=zh-TW
二師兄古早味滷味-大東東夜市（雖然改為大東東夜市但還是以舊位置繼續擺攤）,Jamie Hung,在地嚮導 · 32 則評論 · 8 張相片,6 個月前,5 顆星,,https://www.google.com/maps/contrib/108873986863452436789/reviews?hl=zh-TW
二師兄古早味滷味-大東東夜市（雖然改為大東東夜市但還是以舊位置繼續擺攤）,F7hg Yg,1 則評論,6 個月前,5 顆星,好吃,https://www.google.com/maps/contrib/100271059503590160365/reviews?hl=zh-TW
二師兄古早味滷味-大東東夜市（雖然改為大東東夜市但還是以舊位置繼續擺攤）,蔡其霖,18 則評論 · 5 張相片,6 個月前,5 顆星,好吃,https://www.google.com/maps/contrib/104657341062103431161/reviews?hl=zh-TW
二師兄古早味滷味-大東東夜市（雖然改為大東東夜市但還是以舊位置繼續擺攤）,劉大維,"在地嚮導 · 625 則評論 · 7,085 張相片",6 個月前,5 顆星,好吃！每次來逛都要來買❤️,https://www.google.com/maps/contrib/114283287027150799347/reviews?hl=zh-TW
二師兄古早味滷味-大東東夜市（雖然改為大東東夜市但還是以舊位置繼續擺攤）,rin gika,在地嚮導 · 63 則評論 · 28 張相片,6 個月前,5 顆星,從小吃到大！每次回台南必買,https://www.google.com/maps/contrib/115299163849983596241/reviews?hl=zh-TW
二師兄古早味滷味-大東東夜市（雖然改為大東東夜市但還是以舊位置繼續擺攤）,蔡侑隆,12 則評論 · 4 張相片,6 個月前,5 顆星,,https://www.google.com/maps/contrib/112885375153722483851/reviews?hl=zh-TW
二師兄古早味滷味-大東東夜市（雖然改為大東東夜市但還是以舊位置繼續擺攤）,佳軒,12 則評論 · 6 張相片,6 個月前,5 顆星,,https://www.google.com/maps/contrib/117771252885906470594/reviews?hl=zh-TW
二師兄古早味滷味-大東東夜市（雖然改為大東東夜市但還是以舊位置繼續擺攤）,Amy,3 則評論,6 個月前,5 顆星,,https://www.google.com/maps/contrib/102253350223296591632/reviews?hl=zh-TW
二師兄古早味滷味-大東東夜市（雖然改為大東東夜市但還是以舊位置繼續擺攤）,kiwiii,11 則評論 · 7 張相片,6 個月前,5 顆星,台南夜市必吃滷味,https://www.google.com/maps/contrib/107199116564593346162/reviews?hl=zh-TW
二師兄古早味滷味-大東東夜市（雖然改為大東東夜市但還是以舊位置繼續擺攤）,Y P,在地嚮導 · 94 則評論 · 258 張相片,6 個月前,4 顆星,,https://www.google.com/maps/contrib/111319129625473013620/reviews?hl=zh-TW
二師兄古早味滷味-大東東夜市（雖然改為大東東夜市但還是以舊位置繼續擺攤）,吳啾啾,在地嚮導 · 13 則評論 · 11 張相片,6 個月前,1 顆星,"印象滷味好吃美味
事隔兩年來買感覺不一樣了 鳥蛋也貴森森七里香不夠入味 米血還可以
食材貴人力貴就算了
人員也沒以往親和力沒親切",https://www.google.com/maps/contrib/115703820578690161724/reviews?hl=zh-TW
二師兄古早味滷味-大東東夜市（雖然改為大東東夜市但還是以舊位置繼續擺攤）,妍yan,在地嚮導 · 24 則評論 · 4 張相片,7 個月前,5 顆星,,https://www.google.com/maps/contrib/109357697837007035410/reviews?hl=zh-TW
二師兄古早味滷味-大東東夜市（雖然改為大東東夜市但還是以舊位置繼續擺攤）,朱朱,在地嚮導 · 34 則評論 · 35 張相片,7 個月前,1 顆星,"晚上9點買的雞翅是壞掉的！
外層有醬汁還沒發現有異味，
吃了一口發現裡面很重的腐臭味，整包丟掉！ …",https://www.google.com/maps/contrib/104914291647663454237/reviews?hl=zh-TW
二師兄古早味滷味-大東東夜市（雖然改為大東東夜市但還是以舊位置繼續擺攤）,Sunny,7 則評論 · 1 張相片,7 個月前,5 顆星,2號服務好,https://www.google.com/maps/contrib/110818328281093856312/reviews?hl=zh-TW
二師兄古早味滷味-大東東夜市（雖然改為大東東夜市但還是以舊位置繼續擺攤）,DD gbyD,,7 個月前,5 顆星,,https://www.google.com/maps/contrib/109177504041862580187/reviews?hl=zh-TW
二師兄古早味滷味-大東東夜市（雖然改為大東東夜市但還是以舊位置繼續擺攤）,wei,在地嚮導 · 28 則評論 · 9 張相片,7 個月前,5 顆星,東西超好吃！,https://www.google.com/maps/contrib/103827118546669572502/reviews?hl=zh-TW
二師兄古早味滷味-大東東夜市（雖然改為大東東夜市但還是以舊位置繼續擺攤）,安song,13 則評論 · 7 張相片,7 個月前,5 顆星,,https://www.google.com/maps/contrib/111344058044551376215/reviews?hl=zh-TW
二師兄古早味滷味-大東東夜市（雖然改為大東東夜市但還是以舊位置繼續擺攤）,028蔡育恩,在地嚮導 · 54 則評論 · 27 張相片,7 個月前,5 顆星,很香好吃,https://www.google.com/maps/contrib/105970350188127627977/reviews?hl=zh-TW
二師兄古早味滷味-大東東夜市（雖然改為大東東夜市但還是以舊位置繼續擺攤）,許郁晨,10 則評論 · 2 張相片,7 個月前,5 顆星,,https://www.google.com/maps/contrib/113619054524901820817/reviews?hl=zh-TW
二師兄古早味滷味-大東東夜市（雖然改為大東東夜市但還是以舊位置繼續擺攤）,Kimi Chen,在地嚮導 · 12 則評論 · 5 張相片,7 個月前,5 顆星,,https://www.google.com/maps/contrib/109084706121391454093/reviews?hl=zh-TW
二師兄古早味滷味-大東東夜市（雖然改為大東東夜市但還是以舊位置繼續擺攤）,鍾承宏,在地嚮導 · 3 則評論,7 個月前,5 顆星,,https://www.google.com/maps/contrib/110749455025335709224/reviews?hl=zh-TW
二師兄古早味滷味-大東東夜市（雖然改為大東東夜市但還是以舊位置繼續擺攤）,103-洪瑜伶,1 則評論 · 1 張相片,7 個月前,5 顆星,,https://www.google.com/maps/contrib/115524764621572152173/reviews?hl=zh-TW
二師兄古早味滷味-大東東夜市（雖然改為大東東夜市但還是以舊位置繼續擺攤）,Dengetsu Liu,在地嚮導 · 33 則評論 · 44 張相片,7 個月前,5 顆星,來台南必吃滷味😘 …,https://www.google.com/maps/contrib/115679921285323450034/reviews?hl=zh-TW
二師兄古早味滷味-大東東夜市（雖然改為大東東夜市但還是以舊位置繼續擺攤）,陳柔穎小哈,"在地嚮導 · 525 則評論 · 4,915 張相片",7 個月前,5 顆星,"2024/8/30
大東夜市 很香的滷味👍 …",https://www.google.com/maps/contrib/113154293789159861948/reviews?hl=zh-TW
二師兄古早味滷味-大東東夜市（雖然改為大東東夜市但還是以舊位置繼續擺攤）,鄭文景,在地嚮導 · 16 則評論 · 20 張相片,7 個月前,5 顆星,好吃的滷味，大推🎉 …,https://www.google.com/maps/contrib/103793407052924940069/reviews?hl=zh-TW
二師兄古早味滷味-大東東夜市（雖然改為大東東夜市但還是以舊位置繼續擺攤）,堯,在地嚮導 · 14 則評論 · 5 張相片,7 個月前,5 顆星,,https://www.google.com/maps/contrib/103074441898901040868/reviews?hl=zh-TW
二師兄古早味滷味-大東東夜市（雖然改為大東東夜市但還是以舊位置繼續擺攤）,鍾世榮,9 則評論 · 1 張相片,8 個月前,5 顆星,,https://www.google.com/maps/contrib/105134405093336256776/reviews?hl=zh-TW
二師兄古早味滷味-大東東夜市（雖然改為大東東夜市但還是以舊位置繼續擺攤）,抹抹兒,2 則評論 · 1 張相片,8 個月前,5 顆星,,https://www.google.com/maps/contrib/117366907757910879118/reviews?hl=zh-TW
二師兄古早味滷味-大東東夜市（雖然改為大東東夜市但還是以舊位置繼續擺攤）,Mk226 Chou,在地嚮導 · 30 則評論 · 465 張相片,8 個月前,5 顆星,,https://www.google.com/maps/contrib/108619279678698979756/reviews?hl=zh-TW
二師兄古早味滷味-大東東夜市（雖然改為大東東夜市但還是以舊位置繼續擺攤）,鄭涵宇,10 則評論 · 1 張相片,8 個月前,5 顆星,超好吃！,https://www.google.com/maps/contrib/100951067843997251961/reviews?hl=zh-TW
二師兄古早味滷味-大東東夜市（雖然改為大東東夜市但還是以舊位置繼續擺攤）,邱瑋雯,7 則評論,8 個月前,5 顆星,,https://www.google.com/maps/contrib/112334813540507326142/reviews?hl=zh-TW
二師兄古早味滷味-大東東夜市（雖然改為大東東夜市但還是以舊位置繼續擺攤）,栗原雪,在地嚮導 · 38 則評論 · 6 張相片,8 個月前,5 顆星,好吃,https://www.google.com/maps/contrib/101588427878431686173/reviews?hl=zh-TW
二師兄古早味滷味-大東東夜市（雖然改為大東東夜市但還是以舊位置繼續擺攤）,林祐群Afu,在地嚮導 · 27 則評論 · 6 張相片,8 個月前,4 顆星,,https://www.google.com/maps/contrib/104098159741254000719/reviews?hl=zh-TW
二師兄古早味滷味-大東東夜市（雖然改為大東東夜市但還是以舊位置繼續擺攤）,許維真,在地嚮導 · 26 則評論 · 6 張相片,8 個月前,5 顆星,讚,https://www.google.com/maps/contrib/112617280736766170038/reviews?hl=zh-TW
二師兄古早味滷味-大東東夜市（雖然改為大東東夜市但還是以舊位置繼續擺攤）,EMMA WU,在地嚮導 · 126 則評論 · 181 張相片,8 個月前,5 顆星,大推雞腳,https://www.google.com/maps/contrib/112777200407852531284/reviews?hl=zh-TW
二師兄古早味滷味-大東東夜市（雖然改為大東東夜市但還是以舊位置繼續擺攤）,Ruru,在地嚮導 · 32 則評論 · 10 張相片,8 個月前,5 顆星,,https://www.google.com/maps/contrib/114242300314342533077/reviews?hl=zh-TW
二師兄古早味滷味-大東東夜市（雖然改為大東東夜市但還是以舊位置繼續擺攤）,文舜楊,在地嚮導 · 37 則評論 · 14 張相片,9 個月前,5 顆星,,https://www.google.com/maps/contrib/114192999451438050565/reviews?hl=zh-TW
二師兄古早味滷味-大東東夜市（雖然改為大東東夜市但還是以舊位置繼續擺攤）,郭冠霆,8 則評論 · 2 張相片,9 個月前,5 顆星,,https://www.google.com/maps/contrib/106181287796031742714/reviews?hl=zh-TW
二師兄古早味滷味-大東東夜市（雖然改為大東東夜市但還是以舊位置繼續擺攤）,余思瑩,7 則評論 · 8 張相片,9 個月前,5 顆星,好吃 迅速,https://www.google.com/maps/contrib/109726296007249583330/reviews?hl=zh-TW
二師兄古早味滷味-大東東夜市（雖然改為大東東夜市但還是以舊位置繼續擺攤）,荀鈺瑄,2 則評論,9 個月前,5 顆星,2號服務好,https://www.google.com/maps/contrib/114621750470592429881/reviews?hl=zh-TW
二師兄古早味滷味-大東東夜市（雖然改為大東東夜市但還是以舊位置繼續擺攤）,Nga-bun Tan,在地嚮導 · 21 則評論 · 7 張相片,9 個月前,5 顆星,,https://www.google.com/maps/contrib/111958460276975380209/reviews?hl=zh-TW
二師兄古早味滷味-大東東夜市（雖然改為大東東夜市但還是以舊位置繼續擺攤）,張國祥,"在地嚮導 · 1,738 則評論 · 14,641 張相片",9 個月前,5 顆星,滷味很入味 樣樣都好吃,https://www.google.com/maps/contrib/118067855805620316019/reviews?hl=zh-TW
二師兄古早味滷味-大東東夜市（雖然改為大東東夜市但還是以舊位置繼續擺攤）,李靜,在地嚮導 · 18 則評論 · 1 張相片,9 個月前,5 顆星,好吃,https://www.google.com/maps/contrib/110172676438513996323/reviews?hl=zh-TW
二師兄古早味滷味-大東東夜市（雖然改為大東東夜市但還是以舊位置繼續擺攤）,陳亮諭,在地嚮導 · 25 則評論 · 20 張相片,9 個月前,5 顆星,,https://www.google.com/maps/contrib/109121445013747934987/reviews?hl=zh-TW
二師兄古早味滷味-大東東夜市（雖然改為大東東夜市但還是以舊位置繼續擺攤）,晴晴,3 則評論,9 個月前,5 顆星,好吃,https://www.google.com/maps/contrib/101606294135442033337/reviews?hl=zh-TW
二師兄古早味滷味-大東東夜市（雖然改為大東東夜市但還是以舊位置繼續擺攤）,I ce,13 則評論,9 個月前,5 顆星,"很喜歡他們的 棒棒腿還有豆干
家人最愛啃他們的雞腳
夜市雖然生意很好 但是店員阿姨們
都不會不耐煩 口氣也都很好
超讚👍🏻👍🏻👍🏻👍🏻",https://www.google.com/maps/contrib/115272661170318113777/reviews?hl=zh-TW
二師兄古早味滷味-大東東夜市（雖然改為大東東夜市但還是以舊位置繼續擺攤）,李詩詩,在地嚮導 · 71 則評論 · 113 張相片,9 個月前,5 顆星,,https://www.google.com/maps/contrib/117510209700384995568/reviews?hl=zh-TW
二師兄古早味滷味-大東東夜市（雖然改為大東東夜市但還是以舊位置繼續擺攤）,快樂小弟,在地嚮導 · 15 則評論 · 10 張相片,9 個月前,5 顆星,很棒😊,https://www.google.com/maps/contrib/103349075414242223634/reviews?hl=zh-TW
二師兄古早味滷味-大東東夜市（雖然改為大東東夜市但還是以舊位置繼續擺攤）,莊恩睿,2 張相片,9 個月前,5 顆星,,https://www.google.com/maps/contrib/105337148216454470250/reviews?hl=zh-TW
二師兄古早味滷味-大東東夜市（雖然改為大東東夜市但還是以舊位置繼續擺攤）,Descendants of the British Empire,2 則評論,9 個月前,5 顆星,米血好吃,https://www.google.com/maps/contrib/112815341397658281792/reviews?hl=zh-TW
二師兄古早味滷味-大東東夜市（雖然改為大東東夜市但還是以舊位置繼續擺攤）,洪千茹,在地嚮導 · 23 則評論 · 15 張相片,10 個月前,5 顆星,非常好吃！,https://www.google.com/maps/contrib/101960378187518455472/reviews?hl=zh-TW
二師兄古早味滷味-大東東夜市（雖然改為大東東夜市但還是以舊位置繼續擺攤）,黃雯穗,在地嚮導 · 14 則評論 · 10 張相片,10 個月前,5 顆星,,https://www.google.com/maps/contrib/111283382169146431180/reviews?hl=zh-TW
二師兄古早味滷味-大東東夜市（雖然改為大東東夜市但還是以舊位置繼續擺攤）,陳寶如,14 則評論 · 5 張相片,10 個月前,5 顆星,好吃,https://www.google.com/maps/contrib/114769365692748802755/reviews?hl=zh-TW
二師兄古早味滷味-大東東夜市（雖然改為大東東夜市但還是以舊位置繼續擺攤）,陳乙樂,1 則評論 · 1 張相片,10 個月前,5 顆星,,https://www.google.com/maps/contrib/112842364291865651093/reviews?hl=zh-TW
二師兄古早味滷味-大東東夜市（雖然改為大東東夜市但還是以舊位置繼續擺攤）,Zora,在地嚮導 · 15 則評論 · 19 張相片,10 個月前,5 顆星,,https://www.google.com/maps/contrib/113176363177254673583/reviews?hl=zh-TW
二師兄古早味滷味-大東東夜市（雖然改為大東東夜市但還是以舊位置繼續擺攤）,黃敏,在地嚮導 · 412 則評論 · 458 張相片,10 個月前,3 顆星,感覺一直再退步，也越來越貴！沒有以前吃到的驚豔感，可以拿出口袋名單了bye…,https://www.google.com/maps/contrib/109622395446169738080/reviews?hl=zh-TW
二師兄古早味滷味-大東東夜市（雖然改為大東東夜市但還是以舊位置繼續擺攤）,CHEN EVON,"在地嚮導 · 122 則評論 · 1,083 張相片",10 個月前,5 顆星,,https://www.google.com/maps/contrib/106764953836506034375/reviews?hl=zh-TW
二師兄古早味滷味-大東東夜市（雖然改為大東東夜市但還是以舊位置繼續擺攤）,陳明宜,13 則評論 · 6 張相片,10 個月前,5 顆星,人很多看到要趕快來買不然等很久,https://www.google.com/maps/contrib/100943820713691605041/reviews?hl=zh-TW
二師兄古早味滷味-大東東夜市（雖然改為大東東夜市但還是以舊位置繼續擺攤）,祈熏,在地嚮導 · 16 則評論 · 1 張相片,10 個月前,5 顆星,好吃,https://www.google.com/maps/contrib/107836746447929307825/reviews?hl=zh-TW
二師兄古早味滷味-大東東夜市（雖然改為大東東夜市但還是以舊位置繼續擺攤）,Wayne Hong,在地嚮導 · 22 則評論,10 個月前,5 顆星,,https://www.google.com/maps/contrib/114815791483515731664/reviews?hl=zh-TW
二師兄古早味滷味-大東東夜市（雖然改為大東東夜市但還是以舊位置繼續擺攤）,Chi,在地嚮導 · 86 則評論 · 84 張相片,11 個月前,5 顆星,便宜好吃！,https://www.google.com/maps/contrib/101922575788161928825/reviews?hl=zh-TW
二師兄古早味滷味-大東東夜市（雖然改為大東東夜市但還是以舊位置繼續擺攤）,周隆丞,在地嚮導 · 90 則評論 · 38 張相片,11 個月前,5 顆星,好吃,https://www.google.com/maps/contrib/101056409844439310579/reviews?hl=zh-TW
二師兄古早味滷味-大東東夜市（雖然改為大東東夜市但還是以舊位置繼續擺攤）,菇菇,3 則評論,11 個月前,1 顆星,"不知道是不是只有我是一個人去排隊的
其他人都是一家人一家人的

明明我排在兩家人中間
明明我先來的 直接讓其他中間的人插進來

問了員工不是要排隊嗎？
回我 等一下換你
我先來的也乖乖排隊了 我還要等一下
笑死",https://www.google.com/maps/contrib/114445850692745502175/reviews?hl=zh-TW
二師兄古早味滷味-大東東夜市（雖然改為大東東夜市但還是以舊位置繼續擺攤）,Ben Hsu,13 則評論 · 5 張相片,11 個月前,5 顆星,,https://www.google.com/maps/contrib/107592071156960414380/reviews?hl=zh-TW
二師兄古早味滷味-大東東夜市（雖然改為大東東夜市但還是以舊位置繼續擺攤）,陳鈴翔,在地嚮導 · 14 則評論 · 1 張相片,11 個月前,1 顆星,"員工衛生真的非常之無言....
看到飛蟲掉到餐盤裡（沒看清是什麼）直接用夾子去夾就算了，沒清潔夾子或更換直接夾東西給客人，還一直狡辯那是蜜蜂....
蜜蜂就不是昆蟲嗎？？？ …",https://www.google.com/maps/contrib/100412169435642027691/reviews?hl=zh-TW
二師兄古早味滷味-大東東夜市（雖然改為大東東夜市但還是以舊位置繼續擺攤）,陳威宇,8 則評論 · 1 張相片,11 個月前,5 顆星,,https://www.google.com/maps/contrib/109122334092614645043/reviews?hl=zh-TW
二師兄古早味滷味-大東東夜市（雖然改為大東東夜市但還是以舊位置繼續擺攤）,黃昱寧,3 則評論,11 個月前,5 顆星,,https://www.google.com/maps/contrib/115457497663132435413/reviews?hl=zh-TW
二師兄古早味滷味-大東東夜市（雖然改為大東東夜市但還是以舊位置繼續擺攤）,謝承樺,在地嚮導 · 20 則評論 · 3 張相片,11 個月前,5 顆星,入味,https://www.google.com/maps/contrib/113859017464104083268/reviews?hl=zh-TW
二師兄古早味滷味-大東東夜市（雖然改為大東東夜市但還是以舊位置繼續擺攤）,李蓋瑞,11 則評論 · 5 張相片,11 個月前,5 顆星,,https://www.google.com/maps/contrib/110104167703328242791/reviews?hl=zh-TW
二師兄古早味滷味-大東東夜市（雖然改為大東東夜市但還是以舊位置繼續擺攤）,賣10碗溫泉蛋麵,35 則評論 · 6 張相片,11 個月前,5 顆星,好吃😋台南風味,https://www.google.com/maps/contrib/116628135336172374378/reviews?hl=zh-TW
二師兄古早味滷味-大東東夜市（雖然改為大東東夜市但還是以舊位置繼續擺攤）,陳錦龍,在地嚮導 · 4 則評論,11 個月前,1 顆星,備用食材都放置地上衛生勘憂啊,https://www.google.com/maps/contrib/111555503797760929505/reviews?hl=zh-TW
二師兄古早味滷味-大東東夜市（雖然改為大東東夜市但還是以舊位置繼續擺攤）,昱,在地嚮導 · 11 則評論 · 6 張相片,11 個月前,5 顆星,,https://www.google.com/maps/contrib/117917007794198853502/reviews?hl=zh-TW
二師兄古早味滷味-大東東夜市（雖然改為大東東夜市但還是以舊位置繼續擺攤）,Patty,在地嚮導 · 83 則評論 · 311 張相片,11 個月前,3 顆星,每一個味道吃起來都差不多，只有豬血糕不一樣,https://www.google.com/maps/contrib/117399659007943914126/reviews?hl=zh-TW
二師兄古早味滷味-大東東夜市（雖然改為大東東夜市但還是以舊位置繼續擺攤）,蘇修暉,9 則評論,11 個月前,5 顆星,讚讚,https://www.google.com/maps/contrib/102679099702073567352/reviews?hl=zh-TW
二師兄古早味滷味-大東東夜市（雖然改為大東東夜市但還是以舊位置繼續擺攤）,Rye Renner,在地嚮導 · 179 則評論 · 10 張相片,11 個月前,2 顆星,"味道退步超多
滷汁的香氣跟甜味都沒有了QQ
拿著一包沒味道的豆干跟鳥蛋氣死我了",https://www.google.com/maps/contrib/118227444030434203166/reviews?hl=zh-TW
二師兄古早味滷味-大東東夜市（雖然改為大東東夜市但還是以舊位置繼續擺攤）,Sa Sa,在地嚮導 · 24 則評論 · 2 張相片,1 年前,5 顆星,👍 …,https://www.google.com/maps/contrib/104897226099724959594/reviews?hl=zh-TW
二師兄古早味滷味-大東東夜市（雖然改為大東東夜市但還是以舊位置繼續擺攤）,Sylvia Su,"在地嚮導 · 1,390 則評論 · 5,960 張相片",1 年前,4 顆星,點了雞翅、三杯米血、辣豆干。個人覺得以他們家來說，最好吃的是辣豆干，其他就中規中矩。滷汁不夠香，且米血過爛！,https://www.google.com/maps/contrib/117597040707417681852/reviews?hl=zh-TW
二師兄古早味滷味-大東東夜市（雖然改為大東東夜市但還是以舊位置繼續擺攤）,彭亦銘,在地嚮導 · 47 則評論 · 16 張相片,1 年前,5 顆星,每樣東西都好香好好吃,https://www.google.com/maps/contrib/108190240510807177603/reviews?hl=zh-TW
二師兄古早味滷味-大東東夜市（雖然改為大東東夜市但還是以舊位置繼續擺攤）,Xin Jing Lin,"在地嚮導 · 384 則評論 · 1,264 張相片",1 年前,1 顆星,"據說很有名🫠
排隊動線混亂，不知道的人狂排隊，知道的人狂插隊，店家知道也不想管你，沒有想干擾這場戰爭，只想站等收錢 …",https://www.google.com/maps/contrib/106061150187484778295/reviews?hl=zh-TW
二師兄古早味滷味-大東東夜市（雖然改為大東東夜市但還是以舊位置繼續擺攤）,曾偉淳,在地嚮導 · 48 則評論 · 9 張相片,1 年前,5 顆星,1號服務佳，好久沒來台南，特定來買,https://www.google.com/maps/contrib/104798793939347838891/reviews?hl=zh-TW
二師兄古早味滷味-大東東夜市（雖然改為大東東夜市但還是以舊位置繼續擺攤）,Kao-Chang Tu,在地嚮導 · 193 則評論 · 29 張相片,1 年前,5 顆星,值得回味的味道,https://www.google.com/maps/contrib/101762173118566331187/reviews?hl=zh-TW
二師兄古早味滷味-大東東夜市（雖然改為大東東夜市但還是以舊位置繼續擺攤）,shuyu kuo,在地嚮導 · 111 則評論 · 41 張相片,1 年前,5 顆星,推薦！,https://www.google.com/maps/contrib/108810699168370315441/reviews?hl=zh-TW
二師兄古早味滷味-大東東夜市（雖然改為大東東夜市但還是以舊位置繼續擺攤）,林亢勛,在地嚮導 · 15 則評論 · 9 張相片,1 年前,5 顆星,,https://www.google.com/maps/contrib/101402008275109548581/reviews?hl=zh-TW
二師兄古早味滷味-大東東夜市（雖然改為大東東夜市但還是以舊位置繼續擺攤）,Karen Hsu,在地嚮導 · 28 則評論 · 27 張相片,1 年前,5 顆星,太棒了。,https://www.google.com/maps/contrib/107524141430849834252/reviews?hl=zh-TW
二師兄古早味滷味-大東東夜市（雖然改為大東東夜市但還是以舊位置繼續擺攤）,BM,在地嚮導 · 567 則評論 · 596 張相片,1 年前,5 顆星,,https://www.google.com/maps/contrib/107959351844107366795/reviews?hl=zh-TW
二師兄古早味滷味-大東東夜市（雖然改為大東東夜市但還是以舊位置繼續擺攤）,阿金,在地嚮導 · 29 則評論 · 4 張相片,1 年前,5 顆星,好吃😋,https://www.google.com/maps/contrib/114612359024277666090/reviews?hl=zh-TW
二師兄古早味滷味-大東東夜市（雖然改為大東東夜市但還是以舊位置繼續擺攤）,張峰瑋,10 則評論 · 3 張相片,1 年前,5 顆星,來逛大東必吃！,https://www.google.com/maps/contrib/109663149297436946736/reviews?hl=zh-TW
二師兄古早味滷味-大東東夜市（雖然改為大東東夜市但還是以舊位置繼續擺攤）,賴怡甄,6 則評論 · 6 張相片,1 年前,5 顆星,,https://www.google.com/maps/contrib/103115038928793230481/reviews?hl=zh-TW
二師兄古早味滷味-大東東夜市（雖然改為大東東夜市但還是以舊位置繼續擺攤）,BinBin Chen,在地嚮導 · 27 則評論 · 1 張相片,1 年前,5 顆星,請認明正牌最好吃,https://www.google.com/maps/contrib/113110464917510558849/reviews?hl=zh-TW
二師兄古早味滷味-大東東夜市（雖然改為大東東夜市但還是以舊位置繼續擺攤）,阿賢仔,6 則評論 · 1 張相片,1 年前,5 顆星,好吃的雞腳,https://www.google.com/maps/contrib/114296384310029075126/reviews?hl=zh-TW
二師兄古早味滷味-大東東夜市（雖然改為大東東夜市但還是以舊位置繼續擺攤）,李嘉淳,在地嚮導 · 17 則評論 · 26 張相片,1 年前,5 顆星,服務好,https://www.google.com/maps/contrib/113735768859740835925/reviews?hl=zh-TW
二師兄古早味滷味-大東東夜市（雖然改為大東東夜市但還是以舊位置繼續擺攤）,Ray Hsu,23 則評論,1 年前,1 顆星,超前部署的通貨膨脹，沒買過還以為來到了2044年，店家活動在徵求洗五星評價折抵10塊，我只好勉為其難來幫忙平衡一下,https://www.google.com/maps/contrib/112830314827002811929/reviews?hl=zh-TW
二師兄古早味滷味-大東東夜市（雖然改為大東東夜市但還是以舊位置繼續擺攤）,劉家妍,12 則評論 · 9 張相片,1 年前,5 顆星,味道很香很讚很好吃,https://www.google.com/maps/contrib/107952444355943384452/reviews?hl=zh-TW
二師兄古早味滷味-大東東夜市（雖然改為大東東夜市但還是以舊位置繼續擺攤）,賴子淇,16 則評論 · 4 張相片,1 年前,5 顆星,超好吃買過很多次,https://www.google.com/maps/contrib/118427388613864436536/reviews?hl=zh-TW
二師兄古早味滷味-大東東夜市（雖然改為大東東夜市但還是以舊位置繼續擺攤）,張庭慈,9 則評論 · 1 張相片,1 年前,5 顆星,雞心好好吃  很道地,https://www.google.com/maps/contrib/111740325643321151626/reviews?hl=zh-TW
二師兄古早味滷味-大東東夜市（雖然改為大東東夜市但還是以舊位置繼續擺攤）,陳柏愷,在地嚮導 · 19 則評論 · 8 張相片,1 年前,5 顆星,,https://www.google.com/maps/contrib/113053563345362656114/reviews?hl=zh-TW
二師兄古早味滷味-大東東夜市（雖然改為大東東夜市但還是以舊位置繼續擺攤）,張阿菜,在地嚮導 · 31 則評論 · 27 張相片,1 年前,5 顆星,每逛必吃！,https://www.google.com/maps/contrib/105822085051764596051/reviews?hl=zh-TW
二師兄古早味滷味-大東東夜市（雖然改為大東東夜市但還是以舊位置繼續擺攤）,Ting Chen,在地嚮導 · 37 則評論 · 49 張相片,1 年前,5 顆星,,https://www.google.com/maps/contrib/108934405832169342029/reviews?hl=zh-TW
二師兄古早味滷味-大東東夜市（雖然改為大東東夜市但還是以舊位置繼續擺攤）,佩佩,13 則評論 · 2 張相片,1 年前,5 顆星,超好吃😋 …,https://www.google.com/maps/contrib/106752020670891184408/reviews?hl=zh-TW
二師兄古早味滷味-大東東夜市（雖然改為大東東夜市但還是以舊位置繼續擺攤）,張維心,10 則評論 · 1 張相片,1 年前,5 顆星,,https://www.google.com/maps/contrib/101990277825914836406/reviews?hl=zh-TW
二師兄古早味滷味-大東東夜市（雖然改為大東東夜市但還是以舊位置繼續擺攤）,小維,在地嚮導 · 33 則評論 · 5 張相片,1 年前,5 顆星,好吃的滷味～～～,https://www.google.com/maps/contrib/110556302722839381220/reviews?hl=zh-TW
二師兄古早味滷味-大東東夜市（雖然改為大東東夜市但還是以舊位置繼續擺攤）,龐懋翔,在地嚮導 · 20 則評論 · 3 張相片,1 年前,5 顆星,,https://www.google.com/maps/contrib/106276002879484586677/reviews?hl=zh-TW
二師兄古早味滷味-大東東夜市（雖然改為大東東夜市但還是以舊位置繼續擺攤）,李欣雯,在地嚮導 · 29 則評論 · 1 張相片,1 年前,5 顆星,好吃,https://www.google.com/maps/contrib/114951592304919788372/reviews?hl=zh-TW
二師兄古早味滷味-大東東夜市（雖然改為大東東夜市但還是以舊位置繼續擺攤）,潘采涵,在地嚮導 · 27 則評論 · 144 張相片,1 年前,5 顆星,,https://www.google.com/maps/contrib/105161096619096642385/reviews?hl=zh-TW
二師兄古早味滷味-大東東夜市（雖然改為大東東夜市但還是以舊位置繼續擺攤）,杜紹銘,在地嚮導 · 18 則評論 · 6 張相片,1 年前,5 顆星,超讚超好吃,https://www.google.com/maps/contrib/115212791662637544215/reviews?hl=zh-TW
二師兄古早味滷味-大東東夜市（雖然改為大東東夜市但還是以舊位置繼續擺攤）,無疫情,在地嚮導 · 20 則評論 · 2 張相片,1 年前,5 顆星,,https://www.google.com/maps/contrib/102546664578404619874/reviews?hl=zh-TW
二師兄古早味滷味-大東東夜市（雖然改為大東東夜市但還是以舊位置繼續擺攤）,Neil Chang,在地嚮導 · 18 則評論 · 11 張相片,1 年前,5 顆星,必吃,https://www.google.com/maps/contrib/116999076633371937060/reviews?hl=zh-TW
二師兄古早味滷味-大東東夜市（雖然改為大東東夜市但還是以舊位置繼續擺攤）,黃思淳,在地嚮導 · 17 則評論 · 7 張相片,1 年前,5 顆星,,https://www.google.com/maps/contrib/109755663978074118367/reviews?hl=zh-TW
二師兄古早味滷味-大東東夜市（雖然改為大東東夜市但還是以舊位置繼續擺攤）,謝嚕比,6 則評論,1 年前,5 顆星,每次來必買 好吃！3號服務態度很好👍 …,https://www.google.com/maps/contrib/109884160337248825851/reviews?hl=zh-TW
二師兄古早味滷味-大東東夜市（雖然改為大東東夜市但還是以舊位置繼續擺攤）,琦琦,在地嚮導 · 44 則評論 · 44 張相片,1 年前,5 顆星,,https://www.google.com/maps/contrib/103361392254554373694/reviews?hl=zh-TW
二師兄古早味滷味-大東東夜市（雖然改為大東東夜市但還是以舊位置繼續擺攤）,吳昱俊,2 則評論 · 2 張相片,1 年前,5 顆星,,https://www.google.com/maps/contrib/116914547823985573940/reviews?hl=zh-TW
二師兄古早味滷味-大東東夜市（雖然改為大東東夜市但還是以舊位置繼續擺攤）,曾柏豪,在地嚮導 · 21 則評論 · 4 張相片,1 年前,5 顆星,,https://www.google.com/maps/contrib/116222338005333363863/reviews?hl=zh-TW
二師兄古早味滷味-大東東夜市（雖然改為大東東夜市但還是以舊位置繼續擺攤）,鐘羽晨,12 則評論 · 1 張相片,1 年前,5 顆星,,https://www.google.com/maps/contrib/114807049873872268498/reviews?hl=zh-TW
二師兄古早味滷味-大東東夜市（雖然改為大東東夜市但還是以舊位置繼續擺攤）,Derrick Lee,在地嚮導 · 27 則評論 · 1 張相片,1 年前,5 顆星,,https://www.google.com/maps/contrib/114647596721693051988/reviews?hl=zh-TW
二師兄古早味滷味-大東東夜市（雖然改為大東東夜市但還是以舊位置繼續擺攤）,michelle wu,5 則評論 · 1 張相片,1 年前,5 顆星,好吃讚讚,https://www.google.com/maps/contrib/106664287127823598484/reviews?hl=zh-TW
二師兄古早味滷味-大東東夜市（雖然改為大東東夜市但還是以舊位置繼續擺攤）,郭姵岑,7 則評論,1 年前,5 顆星,讚,https://www.google.com/maps/contrib/113298765462162636881/reviews?hl=zh-TW
二師兄古早味滷味-大東東夜市（雖然改為大東東夜市但還是以舊位置繼續擺攤）,黃羿瑄,在地嚮導 · 32 則評論 · 1 張相片,1 年前,5 顆星,,https://www.google.com/maps/contrib/106137118237710997816/reviews?hl=zh-TW
二師兄古早味滷味-大東東夜市（雖然改為大東東夜市但還是以舊位置繼續擺攤）,蓋瑞LIG,9 則評論 · 4 張相片,1 年前,5 顆星,,https://www.google.com/maps/contrib/108830716784355613136/reviews?hl=zh-TW
二師兄古早味滷味-大東東夜市（雖然改為大東東夜市但還是以舊位置繼續擺攤）,荃琳,11 則評論 · 2 張相片,1 年前,5 顆星,讚,https://www.google.com/maps/contrib/112369692562057374359/reviews?hl=zh-TW
二師兄古早味滷味-大東東夜市（雖然改為大東東夜市但還是以舊位置繼續擺攤）,曾暄,8 則評論 · 3 張相片,1 年前,5 顆星,,https://www.google.com/maps/contrib/106673587023002168379/reviews?hl=zh-TW
二師兄古早味滷味-大東東夜市（雖然改為大東東夜市但還是以舊位置繼續擺攤）,Daniel,在地嚮導 · 28 則評論,1 年前,5 顆星,,https://www.google.com/maps/contrib/104502286340606642059/reviews?hl=zh-TW
二師兄古早味滷味-大東東夜市（雖然改為大東東夜市但還是以舊位置繼續擺攤）,徐志翔,3 則評論,1 年前,5 顆星,,https://www.google.com/maps/contrib/102605123137693880491/reviews?hl=zh-TW
二師兄古早味滷味-大東東夜市（雖然改為大東東夜市但還是以舊位置繼續擺攤）,徐志翔,,1 年前,5 顆星,,https://www.google.com/maps/contrib/100617502337314045033/reviews?hl=zh-TW
二師兄古早味滷味-大東東夜市（雖然改為大東東夜市但還是以舊位置繼續擺攤）,Lala,6 則評論 · 4 張相片,1 年前,5 顆星,,https://www.google.com/maps/contrib/109383737188087892695/reviews?hl=zh-TW
二師兄古早味滷味-大東東夜市（雖然改為大東東夜市但還是以舊位置繼續擺攤）,Wang,在地嚮導 · 31 則評論 · 7 張相片,1 年前,5 顆星,最愛二師兄,https://www.google.com/maps/contrib/115168770152869023292/reviews?hl=zh-TW
二師兄古早味滷味-大東東夜市（雖然改為大東東夜市但還是以舊位置繼續擺攤）,張姿蓉,3 則評論,1 年前,5 顆星,,https://www.google.com/maps/contrib/113304220650286220109/reviews?hl=zh-TW
二師兄古早味滷味-大東東夜市（雖然改為大東東夜市但還是以舊位置繼續擺攤）,jy g,6 則評論 · 6 張相片,1 年前,5 顆星,回購很多次了，每次來逛夜市必買,https://www.google.com/maps/contrib/112714460074880083045/reviews?hl=zh-TW
二師兄古早味滷味-大東東夜市（雖然改為大東東夜市但還是以舊位置繼續擺攤）,王王,在地嚮導 · 18 則評論 · 6 張相片,1 年前,5 顆星,,https://www.google.com/maps/contrib/106698886633016487587/reviews?hl=zh-TW
二師兄古早味滷味-大東東夜市（雖然改為大東東夜市但還是以舊位置繼續擺攤）,圈圈,在地嚮導 · 32 則評論 · 98 張相片,1 年前,5 顆星,雞心好好吃,https://www.google.com/maps/contrib/103964095584777490771/reviews?hl=zh-TW
二師兄古早味滷味-大東東夜市（雖然改為大東東夜市但還是以舊位置繼續擺攤）,黃宥宸,8 則評論 · 1 張相片,1 年前,5 顆星,,https://www.google.com/maps/contrib/102461353329408034589/reviews?hl=zh-TW
二師兄古早味滷味-大東東夜市（雖然改為大東東夜市但還是以舊位置繼續擺攤）,張智勛,在地嚮導 · 12 則評論 · 29 張相片,1 年前,5 顆星,,https://www.google.com/maps/contrib/106643412259403102626/reviews?hl=zh-TW
二師兄古早味滷味-大東東夜市（雖然改為大東東夜市但還是以舊位置繼續擺攤）,吳翊如,在地嚮導 · 4 則評論 · 9 張相片,1 年前,5 顆星,,https://www.google.com/maps/contrib/102172679320478608694/reviews?hl=zh-TW
二師兄古早味滷味-大東東夜市（雖然改為大東東夜市但還是以舊位置繼續擺攤）,Peggy Liu,5 則評論 · 1 張相片,1 年前,5 顆星,,https://www.google.com/maps/contrib/104174212347826497783/reviews?hl=zh-TW
二師兄古早味滷味-大東東夜市（雖然改為大東東夜市但還是以舊位置繼續擺攤）,Amber Yu,在地嚮導 · 94 則評論 · 160 張相片,1 年前,5 顆星,好吃不膩，每次經過都會買,https://www.google.com/maps/contrib/114929479476225077492/reviews?hl=zh-TW
二師兄古早味滷味-大東東夜市（雖然改為大東東夜市但還是以舊位置繼續擺攤）,郭政豪,在地嚮導 · 19 則評論 · 16 張相片,1 年前,3 顆星,今天去大東東夜市聽說二師兄三杯米血不錯吃，但購買後吃了卻後悔，本日炒米血機器翻炒後有夠爛又稍鹹！全餘三樣還尚可！,https://www.google.com/maps/contrib/117440821209044753680/reviews?hl=zh-TW
二師兄古早味滷味-大東東夜市（雖然改為大東東夜市但還是以舊位置繼續擺攤）,楊小姐,在地嚮導 · 14 則評論 · 32 張相片,1 年前,5 顆星,,https://www.google.com/maps/contrib/111924175854693268806/reviews?hl=zh-TW
二師兄古早味滷味-大東東夜市（雖然改為大東東夜市但還是以舊位置繼續擺攤）,瑄,在地嚮導 · 47 則評論 · 10 張相片,1 年前,5 顆星,,https://www.google.com/maps/contrib/115222537015186544563/reviews?hl=zh-TW
二師兄古早味滷味-大東東夜市（雖然改為大東東夜市但還是以舊位置繼續擺攤）,"賴怡馨 YI-HSIN,LAi S58071548",,1 年前,5 顆星,,https://www.google.com/maps/contrib/116060540270190081533/reviews?hl=zh-TW
二師兄古早味滷味-大東東夜市（雖然改為大東東夜市但還是以舊位置繼續擺攤）,曾美淨,5 則評論,1 年前,5 顆星,,https://www.google.com/maps/contrib/114165574964792645874/reviews?hl=zh-TW
二師兄古早味滷味-大東東夜市（雖然改為大東東夜市但還是以舊位置繼續擺攤）,黃譯鋐,11 則評論 · 1 張相片,1 年前,5 顆星,,https://www.google.com/maps/contrib/104705545621026751235/reviews?hl=zh-TW
二師兄古早味滷味-大東東夜市（雖然改為大東東夜市但還是以舊位置繼續擺攤）,楊秉宸,11 則評論 · 1 張相片,1 年前,5 顆星,,https://www.google.com/maps/contrib/104684315399634734232/reviews?hl=zh-TW
二師兄古早味滷味-大東東夜市（雖然改為大東東夜市但還是以舊位置繼續擺攤）,lan toby,在地嚮導 · 57 則評論 · 10 張相片,1 年前,5 顆星,,https://www.google.com/maps/contrib/107588536377917743473/reviews?hl=zh-TW
二師兄古早味滷味-大東東夜市（雖然改為大東東夜市但還是以舊位置繼續擺攤）,YuChun Chen,在地嚮導 · 32 則評論 · 51 張相片,1 年前,5 顆星,,https://www.google.com/maps/contrib/115317810043011399706/reviews?hl=zh-TW
二師兄古早味滷味-大東東夜市（雖然改為大東東夜市但還是以舊位置繼續擺攤）,謝明諺,在地嚮導 · 34 則評論 · 178 張相片,1 年前,5 顆星,,https://www.google.com/maps/contrib/105708168380449687866/reviews?hl=zh-TW
二師兄古早味滷味-大東東夜市（雖然改為大東東夜市但還是以舊位置繼續擺攤）,魏浣熊,19 則評論 · 27 張相片,1 年前,5 顆星,,https://www.google.com/maps/contrib/104055629281220338860/reviews?hl=zh-TW
二師兄古早味滷味-大東東夜市（雖然改為大東東夜市但還是以舊位置繼續擺攤）,柯予智（台南114柯予智818）,9 則評論 · 3 張相片,1 年前,5 顆星,,https://www.google.com/maps/contrib/100916622459795137905/reviews?hl=zh-TW
二師兄古早味滷味-大東東夜市（雖然改為大東東夜市但還是以舊位置繼續擺攤）,馮小楷,在地嚮導 · 181 則評論 · 787 張相片,1 年前,5 顆星,,https://www.google.com/maps/contrib/107229965676315406767/reviews?hl=zh-TW
二師兄古早味滷味-大東東夜市（雖然改為大東東夜市但還是以舊位置繼續擺攤）,Christine Lay,8 則評論 · 1 張相片,1 年前,5 顆星,,https://www.google.com/maps/contrib/102103682182651860404/reviews?hl=zh-TW
二師兄古早味滷味-大東東夜市（雖然改為大東東夜市但還是以舊位置繼續擺攤）,闕碩瑾,11 則評論 · 7 張相片,1 年前,5 顆星,阿姨人超好❤️快來哈哈哈哈😄,https://www.google.com/maps/contrib/104279618963098418628/reviews?hl=zh-TW
二師兄古早味滷味-大東東夜市（雖然改為大東東夜市但還是以舊位置繼續擺攤）,張哲瑋,,1 年前,5 顆星,,https://www.google.com/maps/contrib/105973223806149564932/reviews?hl=zh-TW
二師兄古早味滷味-大東東夜市（雖然改為大東東夜市但還是以舊位置繼續擺攤）,何怡娟,在地嚮導 · 19 則評論 · 7 張相片,1 年前,5 顆星,,https://www.google.com/maps/contrib/100527230057316661503/reviews?hl=zh-TW
二師兄古早味滷味-大東東夜市（雖然改為大東東夜市但還是以舊位置繼續擺攤）,陳怡如,3 則評論,1 年前,5 顆星,,https://www.google.com/maps/contrib/118201796355417482928/reviews?hl=zh-TW
二師兄古早味滷味-大東東夜市（雖然改為大東東夜市但還是以舊位置繼續擺攤）,W.M,257 則評論,1 年前,3 顆星,普普通通,https://www.google.com/maps/contrib/105926849101378736451/reviews?hl=zh-TW
二師兄古早味滷味-大東東夜市（雖然改為大東東夜市但還是以舊位置繼續擺攤）,Volpi Liang,在地嚮導 · 18 則評論 · 4 張相片,1 年前,5 顆星,評論 滿100折10元,https://www.google.com/maps/contrib/108482142544733708338/reviews?hl=zh-TW
二師兄古早味滷味-大東東夜市（雖然改為大東東夜市但還是以舊位置繼續擺攤）,ZY,在地嚮導 · 26 則評論 · 8 張相片,1 年前,5 顆星,,https://www.google.com/maps/contrib/108015099640958300259/reviews?hl=zh-TW
二師兄古早味滷味-大東東夜市（雖然改為大東東夜市但還是以舊位置繼續擺攤）,沛沛,在地嚮導 · 21 則評論 · 6 張相片,1 年前,5 顆星,,https://www.google.com/maps/contrib/114779377033446863810/reviews?hl=zh-TW
二師兄古早味滷味-大東東夜市（雖然改為大東東夜市但還是以舊位置繼續擺攤）,Kirby,16 則評論 · 2 張相片,1 年前,5 顆星,,https://www.google.com/maps/contrib/110045841733202229390/reviews?hl=zh-TW
二師兄古早味滷味-大東東夜市（雖然改為大東東夜市但還是以舊位置繼續擺攤）,JM Chen,6 則評論 · 4 張相片,1 年前,5 顆星,,https://www.google.com/maps/contrib/115316594035185658355/reviews?hl=zh-TW
二師兄古早味滷味-大東東夜市（雖然改為大東東夜市但還是以舊位置繼續擺攤）,郭奕均,2 則評論 · 1 張相片,1 年前,5 顆星,,https://www.google.com/maps/contrib/105438872202070705743/reviews?hl=zh-TW
二師兄古早味滷味-大東東夜市（雖然改為大東東夜市但還是以舊位置繼續擺攤）,洪松安,"在地嚮導 · 31 則評論 · 1,951 張相片",1 年前,4 顆星,每到台南必買,https://www.google.com/maps/contrib/103946446307846027353/reviews?hl=zh-TW
二師兄古早味滷味-大東東夜市（雖然改為大東東夜市但還是以舊位置繼續擺攤）,林妍希,2 則評論,1 年前,5 顆星,很好吃😋超推 …,https://www.google.com/maps/contrib/113532296878091206977/reviews?hl=zh-TW
二師兄古早味滷味-大東東夜市（雖然改為大東東夜市但還是以舊位置繼續擺攤）,Batty Tsai,2 則評論 · 6 張相片,1 年前,5 顆星,,https://www.google.com/maps/contrib/100745235094603021592/reviews?hl=zh-TW
二師兄古早味滷味-大東東夜市（雖然改為大東東夜市但還是以舊位置繼續擺攤）,陳佳琳,在地嚮導 · 17 則評論 · 13 張相片,1 年前,5 顆星,很好吃,https://www.google.com/maps/contrib/111280515691973193305/reviews?hl=zh-TW
二師兄古早味滷味-大東東夜市（雖然改為大東東夜市但還是以舊位置繼續擺攤）,張家銘,在地嚮導 · 55 則評論 · 57 張相片,1 年前,5 顆星,,https://www.google.com/maps/contrib/100249141616061392970/reviews?hl=zh-TW
二師兄古早味滷味-大東東夜市（雖然改為大東東夜市但還是以舊位置繼續擺攤）,Hui Lun,2 則評論 · 3 張相片,1 年前,5 顆星,,https://www.google.com/maps/contrib/116308796987093256363/reviews?hl=zh-TW
二師兄古早味滷味-大東東夜市（雖然改為大東東夜市但還是以舊位置繼續擺攤）,球球,在地嚮導 · 28 則評論 · 17 張相片,1 年前,5 顆星,,https://www.google.com/maps/contrib/113439611824569218185/reviews?hl=zh-TW
二師兄古早味滷味-大東東夜市（雖然改為大東東夜市但還是以舊位置繼續擺攤）,林莞茹,5 則評論 · 1 張相片,1 年前,5 顆星,,https://www.google.com/maps/contrib/115497710936156832624/reviews?hl=zh-TW
二師兄古早味滷味-大東東夜市（雖然改為大東東夜市但還是以舊位置繼續擺攤）,吳蓓蓓,2 則評論 · 6 張相片,1 年前,5 顆星,,https://www.google.com/maps/contrib/103382996578864402165/reviews?hl=zh-TW
二師兄古早味滷味-大東東夜市（雖然改為大東東夜市但還是以舊位置繼續擺攤）,翁胤恆,11 則評論 · 1 張相片,1 年前,5 顆星,,https://www.google.com/maps/contrib/106401835506735242141/reviews?hl=zh-TW
二師兄古早味滷味-大東東夜市（雖然改為大東東夜市但還是以舊位置繼續擺攤）,hucker hsu,6 則評論,1 年前,5 顆星,,https://www.google.com/maps/contrib/108932219557021148714/reviews?hl=zh-TW
二師兄古早味滷味-大東東夜市（雖然改為大東東夜市但還是以舊位置繼續擺攤）,李宜軒,在地嚮導 · 95 則評論 · 76 張相片,1 年前,5 顆星,非常好吃,https://www.google.com/maps/contrib/106731218356815586011/reviews?hl=zh-TW
二師兄古早味滷味-大東東夜市（雖然改為大東東夜市但還是以舊位置繼續擺攤）,張家銓,9 則評論 · 3 張相片,1 年前,5 顆星,好吃,https://www.google.com/maps/contrib/106632044734642638669/reviews?hl=zh-TW
二師兄古早味滷味-大東東夜市（雖然改為大東東夜市但還是以舊位置繼續擺攤）,Jim Su,在地嚮導 · 33 則評論 · 28 張相片,1 年前,5 顆星,料多味美,https://www.google.com/maps/contrib/103608331564901420850/reviews?hl=zh-TW
二師兄古早味滷味-大東東夜市（雖然改為大東東夜市但還是以舊位置繼續擺攤）,李盈萱,7 則評論,1 年前,5 顆星,,https://www.google.com/maps/contrib/115536659591371425939/reviews?hl=zh-TW
二師兄古早味滷味-大東東夜市（雖然改為大東東夜市但還是以舊位置繼續擺攤）,郭蕙君,12 則評論 · 4 張相片,1 年前,5 顆星,,https://www.google.com/maps/contrib/107272524718887778924/reviews?hl=zh-TW
二師兄古早味滷味-大東東夜市（雖然改為大東東夜市但還是以舊位置繼續擺攤）,05劉祐誠,6 則評論,1 年前,5 顆星,,https://www.google.com/maps/contrib/100490320113791732741/reviews?hl=zh-TW
二師兄古早味滷味-大東東夜市（雖然改為大東東夜市但還是以舊位置繼續擺攤）,Jesse,8 則評論 · 5 張相片,1 年前,5 顆星,超好吃😋 …,https://www.google.com/maps/contrib/116948519461340897449/reviews?hl=zh-TW
二師兄古早味滷味-大東東夜市（雖然改為大東東夜市但還是以舊位置繼續擺攤）,韓雪淇,8 則評論 · 8 張相片,1 年前,5 顆星,,https://www.google.com/maps/contrib/111610180347292814923/reviews?hl=zh-TW
二師兄古早味滷味-大東東夜市（雖然改為大東東夜市但還是以舊位置繼續擺攤）,Alan Lin,18 則評論 · 1 張相片,1 年前,5 顆星,推👍 …,https://www.google.com/maps/contrib/114297140684445640230/reviews?hl=zh-TW
二師兄古早味滷味-大東東夜市（雖然改為大東東夜市但還是以舊位置繼續擺攤）,宅宅的電池急救站,10 則評論 · 6 張相片,1 年前,5 顆星,超好吃,https://www.google.com/maps/contrib/104771033105404825143/reviews?hl=zh-TW
二師兄古早味滷味-大東東夜市（雖然改為大東東夜市但還是以舊位置繼續擺攤）,李峪霖,1 則評論 · 1 張相片,1 年前,5 顆星,,https://www.google.com/maps/contrib/110804812801384710238/reviews?hl=zh-TW
二師兄古早味滷味-大東東夜市（雖然改為大東東夜市但還是以舊位置繼續擺攤）,林俊廷,11 則評論 · 2 張相片,1 年前,5 顆星,,https://www.google.com/maps/contrib/107774839802984401194/reviews?hl=zh-TW
二師兄古早味滷味-大東東夜市（雖然改為大東東夜市但還是以舊位置繼續擺攤）,鄭小雅,8 則評論 · 3 張相片,1 年前,5 顆星,,https://www.google.com/maps/contrib/109506927360018700445/reviews?hl=zh-TW
二師兄古早味滷味-大東東夜市（雖然改為大東東夜市但還是以舊位置繼續擺攤）,莊皓文,在地嚮導 · 15 則評論 · 8 張相片,1 年前,5 顆星,,https://www.google.com/maps/contrib/103346459107936277564/reviews?hl=zh-TW
二師兄古早味滷味-大東東夜市（雖然改為大東東夜市但還是以舊位置繼續擺攤）,林蔚婷,在地嚮導 · 21 則評論 · 5 張相片,1 年前,5 顆星,好吃,https://www.google.com/maps/contrib/117630133254157801087/reviews?hl=zh-TW
二師兄古早味滷味-大東東夜市（雖然改為大東東夜市但還是以舊位置繼續擺攤）,chen yi-jyun,3 則評論 · 2 張相片,1 年前,5 顆星,好香,https://www.google.com/maps/contrib/104318293031077112541/reviews?hl=zh-TW
二師兄古早味滷味-大東東夜市（雖然改為大東東夜市但還是以舊位置繼續擺攤）,Baby Cc,1 則評論 · 1 張相片,1 年前,5 顆星,好吃 每次來必吃,https://www.google.com/maps/contrib/111908174284374729319/reviews?hl=zh-TW
二師兄古早味滷味-大東東夜市（雖然改為大東東夜市但還是以舊位置繼續擺攤）,黃昱霖,11 則評論 · 4 張相片,1 年前,5 顆星,好吃😋 …,https://www.google.com/maps/contrib/117410749346261077514/reviews?hl=zh-TW
二師兄古早味滷味-大東東夜市（雖然改為大東東夜市但還是以舊位置繼續擺攤）,Joy I’m,2 則評論 · 1 張相片,1 年前,5 顆星,,https://www.google.com/maps/contrib/109535034958753813629/reviews?hl=zh-TW
二師兄古早味滷味-大東東夜市（雖然改為大東東夜市但還是以舊位置繼續擺攤）,Niya cheng,6 則評論 · 1 張相片,1 年前,5 顆星,服務親切 ，東西好吃,https://www.google.com/maps/contrib/104256643133646748965/reviews?hl=zh-TW
二師兄古早味滷味-大東東夜市（雖然改為大東東夜市但還是以舊位置繼續擺攤）,CHAN DOG,8 則評論 · 3 張相片,1 年前,5 顆星,超香 可口,https://www.google.com/maps/contrib/110934406957033763569/reviews?hl=zh-TW
二師兄古早味滷味-大東東夜市（雖然改為大東東夜市但還是以舊位置繼續擺攤）,小橘,在地嚮導 · 32 則評論 · 7 張相片,1 年前,5 顆星,,https://www.google.com/maps/contrib/118128864215290427524/reviews?hl=zh-TW
二師兄古早味滷味-大東東夜市（雖然改為大東東夜市但還是以舊位置繼續擺攤）,詹珉瑄,1 則評論 · 1 張相片,1 年前,5 顆星,,https://www.google.com/maps/contrib/100657669396540455704/reviews?hl=zh-TW
二師兄古早味滷味-大東東夜市（雖然改為大東東夜市但還是以舊位置繼續擺攤）,蔡秉叡,1 則評論,1 年前,5 顆星,,https://www.google.com/maps/contrib/103893535376185717137/reviews?hl=zh-TW
二師兄古早味滷味-大東東夜市（雖然改為大東東夜市但還是以舊位置繼續擺攤）,婕盈,,1 年前,5 顆星,,https://www.google.com/maps/contrib/103980802793679892903/reviews?hl=zh-TW
二師兄古早味滷味-大東東夜市（雖然改為大東東夜市但還是以舊位置繼續擺攤）,Rain Happy,2 則評論,1 年前,5 顆星,便宜又好吃,https://www.google.com/maps/contrib/111577214665048400367/reviews?hl=zh-TW
二師兄古早味滷味-大東東夜市（雖然改為大東東夜市但還是以舊位置繼續擺攤）,Lee,5 則評論 · 1 張相片,1 年前,5 顆星,,https://www.google.com/maps/contrib/115788357093263127418/reviews?hl=zh-TW
二師兄古早味滷味-大東東夜市（雖然改為大東東夜市但還是以舊位置繼續擺攤）,Shu Wayne,在地嚮導 · 18 則評論 · 30 張相片,1 年前,5 顆星,,https://www.google.com/maps/contrib/115937358673131671846/reviews?hl=zh-TW
二師兄古早味滷味-大東東夜市（雖然改為大東東夜市但還是以舊位置繼續擺攤）,蔡志明,,1 年前,5 顆星,,https://www.google.com/maps/contrib/113031282844912348058/reviews?hl=zh-TW
二師兄古早味滷味-大東東夜市（雖然改為大東東夜市但還是以舊位置繼續擺攤）,蕭文桐,9 則評論 · 2 張相片,1 年前,5 顆星,,https://www.google.com/maps/contrib/101106031829554030704/reviews?hl=zh-TW
二師兄古早味滷味-大東東夜市（雖然改為大東東夜市但還是以舊位置繼續擺攤）,香蕉,8 則評論 · 3 張相片,1 年前,5 顆星,,https://www.google.com/maps/contrib/113674590448510060906/reviews?hl=zh-TW
二師兄古早味滷味-大東東夜市（雖然改為大東東夜市但還是以舊位置繼續擺攤）,豆豆,在地嚮導 · 102 則評論 · 21 張相片,1 年前,5 顆星,好吃,https://www.google.com/maps/contrib/105164468689886370915/reviews?hl=zh-TW
二師兄古早味滷味-大東東夜市（雖然改為大東東夜市但還是以舊位置繼續擺攤）,祐,9 則評論 · 3 張相片,1 年前,5 顆星,,https://www.google.com/maps/contrib/108741474364089751964/reviews?hl=zh-TW
二師兄古早味滷味-大東東夜市（雖然改為大東東夜市但還是以舊位置繼續擺攤）,Chika0801,5 則評論 · 1 張相片,1 年前,5 顆星,,https://www.google.com/maps/contrib/101027270654283046776/reviews?hl=zh-TW
二師兄古早味滷味-大東東夜市（雖然改為大東東夜市但還是以舊位置繼續擺攤）,廖翌如 LIAO YI-RU E34096192,,1 年前,5 顆星,,https://www.google.com/maps/contrib/117410501131367449422/reviews?hl=zh-TW
二師兄古早味滷味-大東東夜市（雖然改為大東東夜市但還是以舊位置繼續擺攤）,황예지,2 則評論,1 年前,5 顆星,,https://www.google.com/maps/contrib/103011010296270622174/reviews?hl=zh-TW
二師兄古早味滷味-大東東夜市（雖然改為大東東夜市但還是以舊位置繼續擺攤）,徐林燕,2 則評論,1 年前,5 顆星,,https://www.google.com/maps/contrib/110715761315656854191/reviews?hl=zh-TW
二師兄古早味滷味-大東東夜市（雖然改為大東東夜市但還是以舊位置繼續擺攤）,bo chun chen,在地嚮導 · 23 則評論 · 1 張相片,1 年前,5 顆星,,https://www.google.com/maps/contrib/106779479670489230899/reviews?hl=zh-TW
二師兄古早味滷味-大東東夜市（雖然改為大東東夜市但還是以舊位置繼續擺攤）,Kimi,13 則評論 · 10 張相片,1 年前,5 顆星,,https://www.google.com/maps/contrib/114188522371705930507/reviews?hl=zh-TW
二師兄古早味滷味-大東東夜市（雖然改為大東東夜市但還是以舊位置繼續擺攤）,林信州,2 則評論 · 1 張相片,1 年前,5 顆星,,https://www.google.com/maps/contrib/115197709293781480232/reviews?hl=zh-TW
二師兄古早味滷味-大東東夜市（雖然改為大東東夜市但還是以舊位置繼續擺攤）,潘曉輝,在地嚮導 · 44 則評論 · 54 張相片,1 年前,5 顆星,,https://www.google.com/maps/contrib/116096191889154158055/reviews?hl=zh-TW
二師兄古早味滷味-大東東夜市（雖然改為大東東夜市但還是以舊位置繼續擺攤）,小筑,在地嚮導 · 29 則評論 · 161 張相片,1 年前,5 顆星,,https://www.google.com/maps/contrib/100487416491538486978/reviews?hl=zh-TW
二師兄古早味滷味-大東東夜市（雖然改為大東東夜市但還是以舊位置繼續擺攤）,鄭欣儀,9 則評論 · 10 張相片,1 年前,5 顆星,,https://www.google.com/maps/contrib/115593386392377477358/reviews?hl=zh-TW
二師兄古早味滷味-大東東夜市（雖然改為大東東夜市但還是以舊位置繼續擺攤）,Peishan Wang,3 則評論 · 12 張相片,1 年前,5 顆星,,https://www.google.com/maps/contrib/112642440100159681705/reviews?hl=zh-TW
二師兄古早味滷味-大東東夜市（雖然改為大東東夜市但還是以舊位置繼續擺攤）,Chiao chen Kuo,在地嚮導 · 13 則評論 · 9 張相片,1 年前,5 顆星,,https://www.google.com/maps/contrib/106935088475599027687/reviews?hl=zh-TW
二師兄古早味滷味-大東東夜市（雖然改為大東東夜市但還是以舊位置繼續擺攤）,Alex PENG,17 則評論 · 1 張相片,1 年前,5 顆星,南部最強滷味,https://www.google.com/maps/contrib/117743220225026793445/reviews?hl=zh-TW
二師兄古早味滷味-大東東夜市（雖然改為大東東夜市但還是以舊位置繼續擺攤）,江羽,15 則評論 · 1 張相片,1 年前,5 顆星,服務優質,https://www.google.com/maps/contrib/102642766940812611497/reviews?hl=zh-TW
二師兄古早味滷味-大東東夜市（雖然改為大東東夜市但還是以舊位置繼續擺攤）,施柏達,2 則評論 · 2 張相片,1 年前,5 顆星,好吃😋 …,https://www.google.com/maps/contrib/108301788095157476349/reviews?hl=zh-TW
二師兄古早味滷味-大東東夜市（雖然改為大東東夜市但還是以舊位置繼續擺攤）,LO Ciancian,15 則評論 · 5 張相片,1 年前,5 顆星,二師兄每次來逛夜市必買👍👍 …,https://www.google.com/maps/contrib/100252792814709993330/reviews?hl=zh-TW
二師兄古早味滷味-大東東夜市（雖然改為大東東夜市但還是以舊位置繼續擺攤）,陳柏璋,8 則評論 · 3 張相片,1 年前,5 顆星,,https://www.google.com/maps/contrib/113707233291844822158/reviews?hl=zh-TW
二師兄古早味滷味-大東東夜市（雖然改為大東東夜市但還是以舊位置繼續擺攤）,謝涵如,4 則評論 · 2 張相片,1 年前,5 顆星,,https://www.google.com/maps/contrib/109994825494620965034/reviews?hl=zh-TW
二師兄古早味滷味-大東東夜市（雖然改為大東東夜市但還是以舊位置繼續擺攤）,葉尚謀,10 則評論 · 3 張相片,1 年前,5 顆星,好吃阿姨親切,https://www.google.com/maps/contrib/110234915241143535827/reviews?hl=zh-TW
二師兄古早味滷味-大東東夜市（雖然改為大東東夜市但還是以舊位置繼續擺攤）,LY C,在地嚮導 · 76 則評論 · 158 張相片,1 年前,5 顆星,種類多,https://www.google.com/maps/contrib/111763885384820294410/reviews?hl=zh-TW
二師兄古早味滷味-大東東夜市（雖然改為大東東夜市但還是以舊位置繼續擺攤）,YuHsien Chung,在地嚮導 · 54 則評論 · 100 張相片,1 年前,5 顆星,,https://www.google.com/maps/contrib/106335055492183893010/reviews?hl=zh-TW
二師兄古早味滷味-大東東夜市（雖然改為大東東夜市但還是以舊位置繼續擺攤）,吳小八,11 則評論 · 3 張相片,1 年前,5 顆星,,https://www.google.com/maps/contrib/112495467370161159334/reviews?hl=zh-TW
二師兄古早味滷味-大東東夜市（雖然改為大東東夜市但還是以舊位置繼續擺攤）,李翊瑄,6 則評論 · 2 張相片,1 年前,5 顆星,2號,https://www.google.com/maps/contrib/104736681909151020029/reviews?hl=zh-TW
二師兄古早味滷味-大東東夜市（雖然改為大東東夜市但還是以舊位置繼續擺攤）,JOANNA,在地嚮導 · 15 則評論 · 4 張相片,1 年前,5 顆星,,https://www.google.com/maps/contrib/114434807870840235916/reviews?hl=zh-TW
二師兄古早味滷味-大東東夜市（雖然改為大東東夜市但還是以舊位置繼續擺攤）,Lele Wang,在地嚮導 · 69 則評論 · 11 張相片,1 年前,5 顆星,好吃！,https://www.google.com/maps/contrib/110582610754856043924/reviews?hl=zh-TW
二師兄古早味滷味-大東東夜市（雖然改為大東東夜市但還是以舊位置繼續擺攤）,呂依璇,在地嚮導 · 14 則評論 · 7 張相片,1 年前,5 顆星,,https://www.google.com/maps/contrib/113220845411719381656/reviews?hl=zh-TW
二師兄古早味滷味-大東東夜市（雖然改為大東東夜市但還是以舊位置繼續擺攤）,靜華,4 則評論,1 年前,5 顆星,,https://www.google.com/maps/contrib/108065027974263313670/reviews?hl=zh-TW
二師兄古早味滷味-大東東夜市（雖然改為大東東夜市但還是以舊位置繼續擺攤）,張玟心,13 則評論 · 1 張相片,1 年前,5 顆星,,https://www.google.com/maps/contrib/105557867051107273823/reviews?hl=zh-TW
二師兄古早味滷味-大東東夜市（雖然改為大東東夜市但還是以舊位置繼續擺攤）,韓韓,2 則評論 · 1 張相片,1 年前,5 顆星,,https://www.google.com/maps/contrib/112138285088034363557/reviews?hl=zh-TW
二師兄古早味滷味-大東東夜市（雖然改為大東東夜市但還是以舊位置繼續擺攤）,Jou Ting Wang (肉肉小賊。),在地嚮導 · 15 則評論 · 20 張相片,1 年前,5 顆星,,https://www.google.com/maps/contrib/102310391566134130425/reviews?hl=zh-TW
二師兄古早味滷味-大東東夜市（雖然改為大東東夜市但還是以舊位置繼續擺攤）,x viviana x,在地嚮導 · 141 則評論 · 199 張相片,1 年前,5 顆星,,https://www.google.com/maps/contrib/103505609904595220130/reviews?hl=zh-TW
二師兄古早味滷味-大東東夜市（雖然改為大東東夜市但還是以舊位置繼續擺攤）,陳怡伶,9 則評論 · 2 張相片,1 年前,5 顆星,非常好吃，回購無數次,https://www.google.com/maps/contrib/115514501009946170785/reviews?hl=zh-TW
二師兄古早味滷味-大東東夜市（雖然改為大東東夜市但還是以舊位置繼續擺攤）,sofi lo,在地嚮導 · 101 則評論 · 103 張相片,1 年前,5 顆星,,https://www.google.com/maps/contrib/115387665640328799589/reviews?hl=zh-TW
二師兄古早味滷味-大東東夜市（雖然改為大東東夜市但還是以舊位置繼續擺攤）,曾平,,1 年前,5 顆星,,https://www.google.com/maps/contrib/106427667042708474185/reviews?hl=zh-TW
二師兄古早味滷味-大東東夜市（雖然改為大東東夜市但還是以舊位置繼續擺攤）,wanying lin,6 則評論 · 5 張相片,1 年前,5 顆星,二師兄滷味，好好吃,https://www.google.com/maps/contrib/107801886417651341233/reviews?hl=zh-TW
二師兄古早味滷味-大東東夜市（雖然改為大東東夜市但還是以舊位置繼續擺攤）,潔兒,9 則評論 · 1 張相片,1 年前,5 顆星,,https://www.google.com/maps/contrib/113367390554973509834/reviews?hl=zh-TW
二師兄古早味滷味-大東東夜市（雖然改為大東東夜市但還是以舊位置繼續擺攤）,盧虹均,8 則評論 · 1 張相片,1 年前,5 顆星,讚,https://www.google.com/maps/contrib/101599267638448364755/reviews?hl=zh-TW
二師兄古早味滷味-大東東夜市（雖然改為大東東夜市但還是以舊位置繼續擺攤）,鄭亦靜,4 則評論 · 1 張相片,1 年前,5 顆星,,https://www.google.com/maps/contrib/104501246979559438835/reviews?hl=zh-TW
二師兄古早味滷味-大東東夜市（雖然改為大東東夜市但還是以舊位置繼續擺攤）,羅毓欣,17 則評論 · 11 張相片,1 年前,5 顆星,服務態度100分,https://www.google.com/maps/contrib/107307251801087180314/reviews?hl=zh-TW
二師兄古早味滷味-大東東夜市（雖然改為大東東夜市但還是以舊位置繼續擺攤）,籃潪偉,5 則評論,1 年前,5 顆星,,https://www.google.com/maps/contrib/108066951816930680158/reviews?hl=zh-TW
二師兄古早味滷味-大東東夜市（雖然改為大東東夜市但還是以舊位置繼續擺攤）,昱昀黃,12 則評論 · 2 張相片,1 年前,5 顆星,,https://www.google.com/maps/contrib/113730363546276747043/reviews?hl=zh-TW
二師兄古早味滷味-大東東夜市（雖然改為大東東夜市但還是以舊位置繼續擺攤）,林愉玲,1 則評論,1 年前,5 顆星,,https://www.google.com/maps/contrib/114524060873062470232/reviews?hl=zh-TW
二師兄古早味滷味-大東東夜市（雖然改為大東東夜市但還是以舊位置繼續擺攤）,恐龍扛,15 則評論 · 2 張相片,1 年前,5 顆星,,https://www.google.com/maps/contrib/108595815085039636631/reviews?hl=zh-TW
二師兄古早味滷味-大東東夜市（雖然改為大東東夜市但還是以舊位置繼續擺攤）,伯瑋林,10 則評論 · 4 張相片,1 年前,5 顆星,讚,https://www.google.com/maps/contrib/108175905913638966609/reviews?hl=zh-TW
二師兄古早味滷味-大東東夜市（雖然改為大東東夜市但還是以舊位置繼續擺攤）,Ariel Chang,在地嚮導 · 25 則評論 · 22 張相片,1 年前,5 顆星,,https://www.google.com/maps/contrib/107523864827000150414/reviews?hl=zh-TW
二師兄古早味滷味-大東東夜市（雖然改為大東東夜市但還是以舊位置繼續擺攤）,黃靖樺,4 則評論 · 1 張相片,1 年前,5 顆星,,https://www.google.com/maps/contrib/116746301339478847526/reviews?hl=zh-TW
二師兄古早味滷味-大東東夜市（雖然改為大東東夜市但還是以舊位置繼續擺攤）,林庭萱,1 則評論,1 年前,5 顆星,,https://www.google.com/maps/contrib/115019366018290889826/reviews?hl=zh-TW
二師兄古早味滷味-大東東夜市（雖然改為大東東夜市但還是以舊位置繼續擺攤）,Hong Ting,6 則評論 · 3 張相片,1 年前,5 顆星,超讚！,https://www.google.com/maps/contrib/100993196196300857603/reviews?hl=zh-TW
二師兄古早味滷味-大東東夜市（雖然改為大東東夜市但還是以舊位置繼續擺攤）,阮芷蕎,在地嚮導 · 19 則評論 · 6 張相片,1 年前,5 顆星,好吃到不行😋 …,https://www.google.com/maps/contrib/113343560341998707903/reviews?hl=zh-TW
二師兄古早味滷味-大東東夜市（雖然改為大東東夜市但還是以舊位置繼續擺攤）,Chunnn,8 則評論 · 2 張相片,1 年前,5 顆星,,https://www.google.com/maps/contrib/107180573294844225617/reviews?hl=zh-TW
二師兄古早味滷味-大東東夜市（雖然改為大東東夜市但還是以舊位置繼續擺攤）,林承毅,11 則評論 · 3 張相片,1 年前,5 顆星,,https://www.google.com/maps/contrib/110936018448097305329/reviews?hl=zh-TW
二師兄古早味滷味-大東東夜市（雖然改為大東東夜市但還是以舊位置繼續擺攤）,吳婉君,10 則評論 · 3 張相片,1 年前,1 顆星,良心建議隔夜東西放太久真的不要賣給客人了⋯！！,https://www.google.com/maps/contrib/116314446608235480134/reviews?hl=zh-TW
二師兄古早味滷味-大東東夜市（雖然改為大東東夜市但還是以舊位置繼續擺攤）,J,3 則評論,1 年前,5 顆星,,https://www.google.com/maps/contrib/111215361861346878914/reviews?hl=zh-TW
二師兄古早味滷味-大東東夜市（雖然改為大東東夜市但還是以舊位置繼續擺攤）,陳志澂,,1 年前,5 顆星,,https://www.google.com/maps/contrib/117808877120105314872/reviews?hl=zh-TW
二師兄古早味滷味-大東東夜市（雖然改為大東東夜市但還是以舊位置繼續擺攤）,Otis Shih,13 則評論 · 2 張相片,1 年前,5 顆星,,https://www.google.com/maps/contrib/100744644618274983219/reviews?hl=zh-TW
二師兄古早味滷味-大東東夜市（雖然改為大東東夜市但還是以舊位置繼續擺攤）,供應鏈管理系史羽玄,5 則評論 · 2 張相片,1 年前,5 顆星,,https://www.google.com/maps/contrib/112355799480805683309/reviews?hl=zh-TW
二師兄古早味滷味-大東東夜市（雖然改為大東東夜市但還是以舊位置繼續擺攤）,Carol Liu,在地嚮導 · 22 則評論 · 219 張相片,1 年前,5 顆星,入味好吃😋 …,https://www.google.com/maps/contrib/107491021950471799626/reviews?hl=zh-TW
二師兄古早味滷味-大東東夜市（雖然改為大東東夜市但還是以舊位置繼續擺攤）,鄭婷予,14 則評論 · 3 張相片,1 年前,5 顆星,台南必吃🤤 …,https://www.google.com/maps/contrib/113731134179456186403/reviews?hl=zh-TW
二師兄古早味滷味-大東東夜市（雖然改為大東東夜市但還是以舊位置繼續擺攤）,Don Lin,在地嚮導 · 25 則評論 · 42 張相片,1 年前,5 顆星,"東西很好吃
最愛吃雞心",https://www.google.com/maps/contrib/100291601828416214244/reviews?hl=zh-TW
二師兄古早味滷味-大東東夜市（雖然改為大東東夜市但還是以舊位置繼續擺攤）,K K,7 則評論 · 1 張相片,1 年前,5 顆星,,https://www.google.com/maps/contrib/105589480349025108043/reviews?hl=zh-TW
二師兄古早味滷味-大東東夜市（雖然改為大東東夜市但還是以舊位置繼續擺攤）,賴韋佑,在地嚮導 · 8 則評論 · 9 張相片,1 年前,5 顆星,好的,https://www.google.com/maps/contrib/111255739805683206231/reviews?hl=zh-TW
二師兄古早味滷味-大東東夜市（雖然改為大東東夜市但還是以舊位置繼續擺攤）,李沁柔,8 則評論 · 2 張相片,1 年前,5 顆星,好吃,https://www.google.com/maps/contrib/100862768284386059677/reviews?hl=zh-TW
二師兄古早味滷味-大東東夜市（雖然改為大東東夜市但還是以舊位置繼續擺攤）,向芸,在地嚮導 · 17 則評論,1 年前,5 顆星,服務親切好吃,https://www.google.com/maps/contrib/100526541956215102670/reviews?hl=zh-TW
二師兄古早味滷味-大東東夜市（雖然改為大東東夜市但還是以舊位置繼續擺攤）,Penny,10 則評論 · 13 張相片,1 年前,5 顆星,好吃,https://www.google.com/maps/contrib/103321989278992533503/reviews?hl=zh-TW
二師兄古早味滷味-大東東夜市（雖然改為大東東夜市但還是以舊位置繼續擺攤）,Jia Wei Liang,在地嚮導 · 106 則評論 · 248 張相片,1 年前,5 顆星,,https://www.google.com/maps/contrib/109219321720471742185/reviews?hl=zh-TW
二師兄古早味滷味-大東東夜市（雖然改為大東東夜市但還是以舊位置繼續擺攤）,Tasu Weng,1 則評論,1 年前,5 顆星,,https://www.google.com/maps/contrib/105543013613774309441/reviews?hl=zh-TW
二師兄古早味滷味-大東東夜市（雖然改為大東東夜市但還是以舊位置繼續擺攤）,W u,在地嚮導 · 21 則評論 · 2 張相片,1 年前,5 顆星,,https://www.google.com/maps/contrib/108496191683167301324/reviews?hl=zh-TW
二師兄古早味滷味-大東東夜市（雖然改為大東東夜市但還是以舊位置繼續擺攤）,爾冬陳,在地嚮導 · 61 則評論 · 2 張相片,1 年前,5 顆星,好吃讚讚讚,https://www.google.com/maps/contrib/113397164859824742456/reviews?hl=zh-TW
二師兄古早味滷味-大東東夜市（雖然改為大東東夜市但還是以舊位置繼續擺攤）,洪譽瑜,3 則評論 · 2 張相片,1 年前,5 顆星,,https://www.google.com/maps/contrib/102265002873109955674/reviews?hl=zh-TW
二師兄古早味滷味-大東東夜市（雖然改為大東東夜市但還是以舊位置繼續擺攤）,盧音頻,8 則評論 · 5 張相片,1 年前,5 顆星,好吃的不得了～,https://www.google.com/maps/contrib/110870856193409335390/reviews?hl=zh-TW
二師兄古早味滷味-大東東夜市（雖然改為大東東夜市但還是以舊位置繼續擺攤）,黃英庭,在地嚮導 · 22 則評論 · 18 張相片,1 年前,5 顆星,服務態度很好 可以配合分袋裝,https://www.google.com/maps/contrib/104928844695364368164/reviews?hl=zh-TW
二師兄古早味滷味-大東東夜市（雖然改為大東東夜市但還是以舊位置繼續擺攤）,Hsuan,6 則評論 · 2 張相片,1 年前,5 顆星,,https://www.google.com/maps/contrib/101636477073192265774/reviews?hl=zh-TW
二師兄古早味滷味-大東東夜市（雖然改為大東東夜市但還是以舊位置繼續擺攤）,陳雅香,在地嚮導 · 11 則評論 · 5 張相片,1 年前,5 顆星,,https://www.google.com/maps/contrib/117012540887352043523/reviews?hl=zh-TW
二師兄古早味滷味-大東東夜市（雖然改為大東東夜市但還是以舊位置繼續擺攤）,王曉萍,1 張相片,1 年前,5 顆星,,https://www.google.com/maps/contrib/112399858056273475085/reviews?hl=zh-TW
二師兄古早味滷味-大東東夜市（雖然改為大東東夜市但還是以舊位置繼續擺攤）,Esther Q,在地嚮導 · 415 則評論 · 250 張相片,1 年前,1 顆星,真的沒有想像跟推薦的好吃，東西很重口味、味素很重，吃完口很乾很渴，份量真的少得很誇張。賺太大吧，真的很坑錢。豆乾很普通，甜不辣太軟爛，米血也不入味，只有鴨脆腸可以吃，雞心跟雞屁股50元只有9顆，好扯。,https://www.google.com/maps/contrib/104687833631338771893/reviews?hl=zh-TW
二師兄古早味滷味-大東東夜市（雖然改為大東東夜市但還是以舊位置繼續擺攤）,Chia Chi Chang,11 則評論 · 5 張相片,1 年前,5 顆星,,https://www.google.com/maps/contrib/106118525843898676365/reviews?hl=zh-TW
二師兄古早味滷味-大東東夜市（雖然改為大東東夜市但還是以舊位置繼續擺攤）,Hsiao-Han Tung,21 則評論 · 14 張相片,1 年前,5 顆星,,https://www.google.com/maps/contrib/110909456377873155448/reviews?hl=zh-TW
二師兄古早味滷味-大東東夜市（雖然改為大東東夜市但還是以舊位置繼續擺攤）,maymay wang,22 則評論 · 8 張相片,1 年前,5 顆星,棒,https://www.google.com/maps/contrib/100510792952589381997/reviews?hl=zh-TW
二師兄古早味滷味-大東東夜市（雖然改為大東東夜市但還是以舊位置繼續擺攤）,_zhu pei,,1 年前,5 顆星,,https://www.google.com/maps/contrib/101640858463620611710/reviews?hl=zh-TW
二師兄古早味滷味-大東東夜市（雖然改為大東東夜市但還是以舊位置繼續擺攤）,Peter Wu,16 則評論,1 年前,5 顆星,好,https://www.google.com/maps/contrib/102559795160122621829/reviews?hl=zh-TW
二師兄古早味滷味-大東東夜市（雖然改為大東東夜市但還是以舊位置繼續擺攤）,Alice Fan,7 則評論 · 9 張相片,1 年前,5 顆星,,https://www.google.com/maps/contrib/105731866215570769554/reviews?hl=zh-TW
二師兄古早味滷味-大東東夜市（雖然改為大東東夜市但還是以舊位置繼續擺攤）,田若瑩,9 則評論 · 5 張相片,1 年前,5 顆星,,https://www.google.com/maps/contrib/116062848195623778494/reviews?hl=zh-TW
二師兄古早味滷味-大東東夜市（雖然改為大東東夜市但還是以舊位置繼續擺攤）,賴萱萱,在地嚮導 · 14 則評論 · 15 張相片,1 年前,5 顆星,,https://www.google.com/maps/contrib/100822323232393822472/reviews?hl=zh-TW
二師兄古早味滷味-大東東夜市（雖然改為大東東夜市但還是以舊位置繼續擺攤）,Runa,在地嚮導 · 13 則評論 · 26 張相片,1 年前,5 顆星,,https://www.google.com/maps/contrib/114789876998103161910/reviews?hl=zh-TW
二師兄古早味滷味-大東東夜市（雖然改為大東東夜市但還是以舊位置繼續擺攤）,嘉淇,在地嚮導 · 74 則評論 · 634 張相片,1 年前,5 顆星,,https://www.google.com/maps/contrib/109662861709699606276/reviews?hl=zh-TW
二師兄古早味滷味-大東東夜市（雖然改為大東東夜市但還是以舊位置繼續擺攤）,洪逸光,4 則評論,1 年前,5 顆星,,https://www.google.com/maps/contrib/111060436475827944207/reviews?hl=zh-TW
二師兄古早味滷味-大東東夜市（雖然改為大東東夜市但還是以舊位置繼續擺攤）,Ryan chen,8 則評論 · 6 張相片,1 年前,5 顆星,,https://www.google.com/maps/contrib/118335651914664087452/reviews?hl=zh-TW
二師兄古早味滷味-大東東夜市（雖然改為大東東夜市但還是以舊位置繼續擺攤）,謝勝宇,4 則評論 · 2 張相片,1 年前,5 顆星,,https://www.google.com/maps/contrib/108673834850985360334/reviews?hl=zh-TW
二師兄古早味滷味-大東東夜市（雖然改為大東東夜市但還是以舊位置繼續擺攤）,Dave Chiang,5 則評論,1 年前,5 顆星,,https://www.google.com/maps/contrib/100347748463030192483/reviews?hl=zh-TW
二師兄古早味滷味-大東東夜市（雖然改為大東東夜市但還是以舊位置繼續擺攤）,黃柏翔,11 則評論 · 3 張相片,1 年前,5 顆星,,https://www.google.com/maps/contrib/113480565536188685615/reviews?hl=zh-TW
二師兄古早味滷味-大東東夜市（雖然改為大東東夜市但還是以舊位置繼續擺攤）,陳偉男,14 則評論 · 7 張相片,1 年前,5 顆星,👍🏻 很香 …,https://www.google.com/maps/contrib/113711652086119738751/reviews?hl=zh-TW
二師兄古早味滷味-大東東夜市（雖然改為大東東夜市但還是以舊位置繼續擺攤）,Andy,在地嚮導 · 310 則評論 · 245 張相片,1 年前,1 顆星,"大概六七年前有吃過一次
印象是還不錯
但這次來買真的不推薦…

雞腳跟鴨舌普通，比較喜歡老天祿的味道
鳥蛋10顆50元有點貴
吃起來就普通味道
豆干則是完全不行！
死鹹到吃不下直接丟掉",https://www.google.com/maps/contrib/117887433474715722001/reviews?hl=zh-TW
二師兄古早味滷味-大東東夜市（雖然改為大東東夜市但還是以舊位置繼續擺攤）,許正杰,在地嚮導 · 74 則評論 · 10 張相片,1 年前,5 顆星,滷味好吃,https://www.google.com/maps/contrib/107965889522917316475/reviews?hl=zh-TW
二師兄古早味滷味-大東東夜市（雖然改為大東東夜市但還是以舊位置繼續擺攤）,獨自旅行,在地嚮導 · 160 則評論 · 601 張相片,1 年前,3 顆星,很貴的滷味,https://www.google.com/maps/contrib/117478527340636395173/reviews?hl=zh-TW
二師兄古早味滷味-大東東夜市（雖然改為大東東夜市但還是以舊位置繼續擺攤）,Bolong Wu,在地嚮導 · 15 則評論 · 1 張相片,1 年前,5 顆星,內臟很好吃！完全不會有平常對內臟的害怕,https://www.google.com/maps/contrib/103612249265540762913/reviews?hl=zh-TW
二師兄古早味滷味-大東東夜市（雖然改為大東東夜市但還是以舊位置繼續擺攤）,Wang,14 則評論 · 1 張相片,1 年前,1 顆星,"有雞腥味，和第一次買的味道差很多！
又貴！不會再買！
份量又少",https://www.google.com/maps/contrib/117048923317173913267/reviews?hl=zh-TW
二師兄古早味滷味-大東東夜市（雖然改為大東東夜市但還是以舊位置繼續擺攤）,Penny Lin,在地嚮導 · 141 則評論 · 554 張相片,1 年前,4 顆星,"這次買了雞翅 米血 豆乾！

雞翅>米血>豆乾 …",https://www.google.com/maps/contrib/112894643369758967410/reviews?hl=zh-TW
二師兄古早味滷味-大東東夜市（雖然改為大東東夜市但還是以舊位置繼續擺攤）,SC Huang,在地嚮導 · 38 則評論 · 50 張相片,1 年前,3 顆星,"7/18 想買雞心、七里香 但都剛好缺貨
所以沒吃到 下次嚐到再修改評分",https://www.google.com/maps/contrib/103897498366124669445/reviews?hl=zh-TW
二師兄古早味滷味-大東東夜市（雖然改為大東東夜市但還是以舊位置繼續擺攤）,Lisa,在地嚮導 · 40 則評論 · 29 張相片,1 年前,5 顆星,下班來吃～雞翅跟雞屁股真的超入味,https://www.google.com/maps/contrib/111707541098208127436/reviews?hl=zh-TW
二師兄古早味滷味-大東東夜市（雖然改為大東東夜市但還是以舊位置繼續擺攤）,劉姿慧,在地嚮導 · 39 則評論 · 37 張相片,1 年前,5 顆星,,https://www.google.com/maps/contrib/105310613890133165300/reviews?hl=zh-TW
二師兄古早味滷味-大東東夜市（雖然改為大東東夜市但還是以舊位置繼續擺攤）,Fanny Chiu,在地嚮導 · 27 則評論 · 10 張相片,1 年前,3 顆星,米血跟鳥蛋好吃，鴨翅、雞翅、米血真的超鹹又甜,https://www.google.com/maps/contrib/114005265937174766140/reviews?hl=zh-TW
二師兄古早味滷味-大東東夜市（雖然改為大東東夜市但還是以舊位置繼續擺攤）,Louis,在地嚮導 · 162 則評論 · 162 張相片,1 年前,5 顆星,豆乾跟雞翅很好吃很入味 米血還好沒有很喜歡 排隊動線要自己找一下 有點亂,https://www.google.com/maps/contrib/115350234540245917259/reviews?hl=zh-TW
二師兄古早味滷味-大東東夜市（雖然改為大東東夜市但還是以舊位置繼續擺攤）,吉,在地嚮導 · 17 則評論 · 214 張相片,2 年前,5 顆星,"非常好吃
有入味",https://www.google.com/maps/contrib/109076273175980104742/reviews?hl=zh-TW
二師兄古早味滷味-大東東夜市（雖然改為大東東夜市但還是以舊位置繼續擺攤）,王家棟,在地嚮導 · 24 則評論,2 年前,4 顆星,米血好吃，豆乾普通,https://www.google.com/maps/contrib/102057447922751565949/reviews?hl=zh-TW
二師兄古早味滷味-大東東夜市（雖然改為大東東夜市但還是以舊位置繼續擺攤）,Bear Jiun,在地嚮導 · 422 則評論 · 758 張相片,2 年前,4 顆星,"三杯米血必點
豆干很普通
雞心很甜
脆腸比較沒什麼味道",https://www.google.com/maps/contrib/114520405670304372787/reviews?hl=zh-TW
二師兄古早味滷味-大東東夜市（雖然改為大東東夜市但還是以舊位置繼續擺攤）,UU FunTV,在地嚮導 · 87 則評論 · 241 張相片,2 年前,4 顆星,這家二師兄的滷味很合我們家的口味，特別是七里香和米血，我們每次去都必點啊！,https://www.google.com/maps/contrib/111449352516660313499/reviews?hl=zh-TW
二師兄古早味滷味-大東東夜市（雖然改為大東東夜市但還是以舊位置繼續擺攤）,妤瑄許,在地嚮導 · 17 則評論 · 4 張相片,2 年前,3 顆星,東西沒什麼漲價可是份量越來越少,https://www.google.com/maps/contrib/111464156339254742610/reviews?hl=zh-TW
二師兄古早味滷味-大東東夜市（雖然改為大東東夜市但還是以舊位置繼續擺攤）,王科鑒,在地嚮導 · 92 則評論 · 59 張相片,2 年前,4 顆星,"米血賣相不好，沒有很入味
鳥蛋非常入味
豆乾好吃
棒棒腿入味好吃",https://www.google.com/maps/contrib/114483305053239470908/reviews?hl=zh-TW
二師兄古早味滷味-大東東夜市（雖然改為大東東夜市但還是以舊位置繼續擺攤）,Lee Peggy,"在地嚮導 · 1,195 則評論 · 9,013 張相片",2 年前,4 顆星,臺南夜市的知名滷味店，夜市現滷的味道及口感遠勝於門市販賣的商品，主推米血、雞腳、雞翅，要看攤位上的號碼牌來排隊，人潮多動線亂，吃個滷味有這麼難嗎？,https://www.google.com/maps/contrib/113156859085009791620/reviews?hl=zh-TW
二師兄古早味滷味-大東東夜市（雖然改為大東東夜市但還是以舊位置繼續擺攤）,鄭伊玲,在地嚮導 · 15 則評論 · 5 張相片,2 年前,1 顆星,"店員態度超差！不知道在跩什麼都！
東西再好吃我也我不會再去買了",https://www.google.com/maps/contrib/100950783057415559110/reviews?hl=zh-TW
二師兄古早味滷味-大東東夜市（雖然改為大東東夜市但還是以舊位置繼續擺攤）,Angus H (好吃一直吃),"在地嚮導 · 927 則評論 · 1,848 張相片",2 年前,5 顆星,來大東夜市必吃的滷味，通常夜市感覺攤位都差不多，但這間滷米血跟滷豆乾我個人覺得很好吃，建議趕快吃完，不然會很油沒那麼好吃。,https://www.google.com/maps/contrib/108591501413814401593/reviews?hl=zh-TW
二師兄古早味滷味-大東東夜市（雖然改為大東東夜市但還是以舊位置繼續擺攤）,淘氣小青蛙一定喜歡北極熊,在地嚮導 · 119 則評論 · 53 張相片,2 年前,5 顆星,超級好吃….,https://www.google.com/maps/contrib/115337292142690462219/reviews?hl=zh-TW
二師兄古早味滷味-大東東夜市（雖然改為大東東夜市但還是以舊位置繼續擺攤）,林鑫鋒,"在地嚮導 · 444 則評論 · 1,348 張相片",2 年前,5 顆星,人潮較花園少,https://www.google.com/maps/contrib/110084097685515953875/reviews?hl=zh-TW
二師兄古早味滷味-大東東夜市（雖然改為大東東夜市但還是以舊位置繼續擺攤）,廖媽媽,"在地嚮導 · 1,435 則評論 · 12,813 張相片",2 年前,4 顆星,等很久的美食,https://www.google.com/maps/contrib/105504152891481993788/reviews?hl=zh-TW
二師兄古早味滷味-大東東夜市（雖然改為大東東夜市但還是以舊位置繼續擺攤）,芳芳,在地嚮導 · 70 則評論,2 年前,4 顆星,最近很想吃這家滷味.每種都很好吃.味道十足不過太早去要等一會店員服務親切值得推薦👍 …,https://www.google.com/maps/contrib/111468480206719642712/reviews?hl=zh-TW
二師兄古早味滷味-大東東夜市（雖然改為大東東夜市但還是以舊位置繼續擺攤）,小代溝Littledaigo,在地嚮導 · 170 則評論 · 848 張相片,2 年前,3 顆星,"重口味滷味、閒鹹嫌。

閒。很閒再買。
鹹。鹹到不行。
嫌。稍嫌小貴。",https://www.google.com/maps/contrib/114457003158636885496/reviews?hl=zh-TW
二師兄古早味滷味-大東東夜市（雖然改為大東東夜市但還是以舊位置繼續擺攤）,江佳容,在地嚮導 · 25 則評論 · 63 張相片,2 年前,5 顆星,"米血（30/小份）軟綿口感，麻油跟薑的香氣真的無法抗拒👍
雞腳（30/小份）很入味也不會死鹹👍
每次吃二師兄都會必點這兩樣🤘 …",https://www.google.com/maps/contrib/105715366391861961575/reviews?hl=zh-TW
二師兄古早味滷味-大東東夜市（雖然改為大東東夜市但還是以舊位置繼續擺攤）,Jay Hong,"在地嚮導 · 258 則評論 · 7,360 張相片",2 年前,3 顆星,,https://www.google.com/maps/contrib/104979831855567183085/reviews?hl=zh-TW
二師兄古早味滷味-大東東夜市（雖然改為大東東夜市但還是以舊位置繼續擺攤）,莊旖霓,13 則評論 · 2 張相片,2 年前,1 顆星,攤子前面寫著忙碌中忘了微笑請見諒，明明沒人臉還是很臭，一副不耐煩的樣子，份量很少，東西都很硬。不會再回購。,https://www.google.com/maps/contrib/109189547866735339819/reviews?hl=zh-TW
二師兄古早味滷味-大東東夜市（雖然改為大東東夜市但還是以舊位置繼續擺攤）,KL Lee,在地嚮導 · 174 則評論 · 774 張相片,2 年前,5 顆星,"每次造訪大東夜市，必訪的滷味店。
品項眾多，有大份、小份、以支計算等等消費方式，滷味的重點在於是否有滷到味，但二師兄並不會讓人失望😋。 …",https://www.google.com/maps/contrib/111618923369240872284/reviews?hl=zh-TW
二師兄古早味滷味-大東東夜市（雖然改為大東東夜市但還是以舊位置繼續擺攤）,Shih lin Pan,在地嚮導 · 142 則評論 · 221 張相片,2 年前,3 顆星,味道變很鹹且漲價 一份只有一點點,https://www.google.com/maps/contrib/111190931506101639233/reviews?hl=zh-TW
二師兄古早味滷味-大東東夜市（雖然改為大東東夜市但還是以舊位置繼續擺攤）,chick0917,"在地嚮導 · 126 則評論 · 1,535 張相片",3 年前,5 顆星,"2022/04/05 23:00
大大武花大武花 以前必背的夜市時間表
週一二五營業 …",https://www.google.com/maps/contrib/114611387342044526150/reviews?hl=zh-TW
二師兄古早味滷味-大東東夜市（雖然改為大東東夜市但還是以舊位置繼續擺攤）,許小咕,"在地嚮導 · 251 則評論 · 64,885 張相片",3 年前,4 顆星,,https://www.google.com/maps/contrib/114222122076872669000/reviews?hl=zh-TW
二師兄古早味滷味-大東東夜市（雖然改為大東東夜市但還是以舊位置繼續擺攤）,jolenta liu,11 則評論 · 7 張相片,3 年前,1 顆星,"今天第一次在大東買了你們50的豆乾，我這麼喜歡吃豆乾的人，從沒吃了一個後被我嫌到要死的，這麼苦得要死的豆乾，是怎麼滷的？有夠難吃，我都懷疑我吃的是藥🙄🙄🙄
本來滿懷開心的買最愛的豆乾要來吃，整個心情都不好了，買這家的豆乾真的要三思 …",https://www.google.com/maps/contrib/100115415572324166020/reviews?hl=zh-TW
二師兄古早味滷味-大東東夜市（雖然改為大東東夜市但還是以舊位置繼續擺攤）,美食真實評論員（金舌頭）,"在地嚮導 · 747 則評論 · 2,736 張相片",3 年前,2 顆星,不甜，貴又難吃。,https://www.google.com/maps/contrib/100461528109305979028/reviews?hl=zh-TW
二師兄古早味滷味-大東東夜市（雖然改為大東東夜市但還是以舊位置繼續擺攤）,蓝海,在地嚮導 · 99 則評論 · 7 張相片,3 年前,1 顆星,非常難吃。現場看著不錯，實際很難吃，很難吃,https://www.google.com/maps/contrib/100734647762647878493/reviews?hl=zh-TW
二師兄古早味滷味-大東東夜市（雖然改為大東東夜市但還是以舊位置繼續擺攤）,陳欣葳,11 則評論,3 年前,5 顆星,好吃,https://www.google.com/maps/contrib/115004661318131369024/reviews?hl=zh-TW
二師兄古早味滷味-大東東夜市（雖然改為大東東夜市但還是以舊位置繼續擺攤）,Cora Kuo,在地嚮導 · 226 則評論 · 692 張相片,3 年前,2 顆星,以前來台南超愛吃，現在整個變調了，滷味都只有表面上色，這次買了鴨舌，鴨翅，雞爪，雞心，雞翅，雞腱，豆干，米血，...都沒入味，QQ好失望。,https://www.google.com/maps/contrib/100504785864498815016/reviews?hl=zh-TW
二師兄古早味滷味-大東東夜市（雖然改為大東東夜市但還是以舊位置繼續擺攤）,周瓏承,在地嚮導 · 64 則評論 · 73 張相片,3 年前,5 顆星,,https://www.google.com/maps/contrib/106457762419647783868/reviews?hl=zh-TW
二師兄古早味滷味-大東東夜市（雖然改為大東東夜市但還是以舊位置繼續擺攤）,cola chen,在地嚮導 · 506 則評論 · 800 張相片,3 年前,5 顆星,小雞腿小份40$好吃有四五隻，可回購。,https://www.google.com/maps/contrib/112826296569677279671/reviews?hl=zh-TW
二師兄古早味滷味-大東東夜市（雖然改為大東東夜市但還是以舊位置繼續擺攤）,Victoria “Vic”,"在地嚮導 · 1,132 則評論 · 8,152 張相片",3 年前,3 顆星,"台南版的滷味，口味都甜甜的
豆乾好吃，小雞翅還好",https://www.google.com/maps/contrib/116878094239467354920/reviews?hl=zh-TW
二師兄古早味滷味-大東東夜市（雖然改為大東東夜市但還是以舊位置繼續擺攤）,GiGi GG,在地嚮導 · 129 則評論 · 506 張相片,3 年前,3 顆星,滷得非常入味，有些品項有點過於入味所以非常鹹。覺得最好吃的是雞翅和豆干，其他品項表現普普，尤其雞肝實在太乾難以下嚥。米血是麻油口味，第一口覺得不太合胃口，多吃幾塊後慢慢可接受。,https://www.google.com/maps/contrib/104505628912688716263/reviews?hl=zh-TW
二師兄古早味滷味-大東東夜市（雖然改為大東東夜市但還是以舊位置繼續擺攤）,Jim Jim,在地嚮導 · 31 則評論 · 2 張相片,3 年前,5 顆星,"真的懷疑那些1顆星是不是台南人不想排隊故意留的......
鳥蛋、雞心、七里香回顧多次仍覺得很好吃阿：））",https://www.google.com/maps/contrib/111454652988192327832/reviews?hl=zh-TW
二師兄古早味滷味-大東東夜市（雖然改為大東東夜市但還是以舊位置繼續擺攤）,Taillight,在地嚮導 · 390 則評論 · 565 張相片,3 年前,5 顆星,微甜超入味❤️每來必吃,https://www.google.com/maps/contrib/105748033841182995502/reviews?hl=zh-TW
二師兄古早味滷味-大東東夜市（雖然改為大東東夜市但還是以舊位置繼續擺攤）,Li Nora,在地嚮導 · 93 則評論 · 75 張相片,3 年前,1 顆星,今天購買前有先詢問一位阿姨，你們家滷味有沒有加糖，因為我不能吃加糖的，他篤定回道這種東西怎麼可能會加糖，我們的滷味都沒有加糖，聽到這句話我便放心購買了，一回飯店打開來吃明明就是甜的，請問送急診你們要負責是不是？為了出售商品罔顧人命！不知道有些人是沒辦法吃糖的嗎？不管你們家滷味有多麼受歡迎也不應該欺騙消費者！！！,https://www.google.com/maps/contrib/114456359315739792958/reviews?hl=zh-TW
二師兄古早味滷味-大東東夜市（雖然改為大東東夜市但還是以舊位置繼續擺攤）,鍾承恩,在地嚮導 · 33 則評論 · 16 張相片,3 年前,4 顆星,,https://www.google.com/maps/contrib/118317349762350088281/reviews?hl=zh-TW
二師兄古早味滷味-大東東夜市（雖然改為大東東夜市但還是以舊位置繼續擺攤）,BS H,在地嚮導 · 121 則評論 · 68 張相片,3 年前,5 顆星,"很吃好吃
感覺多數一星是同業惡意留言",https://www.google.com/maps/contrib/100030290999778156919/reviews?hl=zh-TW
二師兄古早味滷味-大東東夜市（雖然改為大東東夜市但還是以舊位置繼續擺攤）,廖苡婷,14 則評論 · 1 張相片,3 年前,1 顆星,讓人插隊的店家，完全不尊重排隊的人！,https://www.google.com/maps/contrib/104502772409648656583/reviews?hl=zh-TW
二師兄古早味滷味-大東東夜市（雖然改為大東東夜市但還是以舊位置繼續擺攤）,小松奈奈,11 則評論 · 7 張相片,3 年前,1 顆星,"會讓客人插隊的店家
連一顆星都不想給

2021/09/20 20:03",https://www.google.com/maps/contrib/100056616333015995831/reviews?hl=zh-TW
二師兄古早味滷味-大東東夜市（雖然改為大東東夜市但還是以舊位置繼續擺攤）,王郁菱,在地嚮導 · 158 則評論 · 807 張相片,3 年前,4 顆星,"米血真的是好好吃
有麻油的香氣
軟嫩適中超讚的！
-
但是其他雞翅等等類型的
真的偏甜 偶爾吃吃可以
太常吃我就沒辦法接受
😂
-
整體食物都非常入味
除了我剛說的偏甜其他都很滿意
價位銅板價 30/50 滿便宜的
-
每次去服務態度都很不錯
也不會因為人多而有壞臉色",https://www.google.com/maps/contrib/105568627197941583531/reviews?hl=zh-TW
二師兄古早味滷味-大東東夜市（雖然改為大東東夜市但還是以舊位置繼續擺攤）,LIN BOB,"在地嚮導 · 1,294 則評論 · 6,365 張相片",3 年前,4 顆星,東西魯的都蠻入味的，人也特別多，還不錯吃～,https://www.google.com/maps/contrib/116792046871291046682/reviews?hl=zh-TW
二師兄古早味滷味-大東東夜市（雖然改為大東東夜市但還是以舊位置繼續擺攤）,鍾言芳,在地嚮導 · 143 則評論 · 916 張相片,3 年前,5 顆星,排隊動線明確，滷鍋沒停過，很快就可以買到了，思思念念的二師兄！,https://www.google.com/maps/contrib/112903093670096192587/reviews?hl=zh-TW
二師兄古早味滷味-大東東夜市（雖然改為大東東夜市但還是以舊位置繼續擺攤）,Gina Chen,"在地嚮導 · 306 則評論 · 1,514 張相片",3 年前,2 顆星,"變好難吃
雞腿乾柴
真的很普通。。沒人愛吃。。",https://www.google.com/maps/contrib/103585164685939821394/reviews?hl=zh-TW
二師兄古早味滷味-大東東夜市（雖然改為大東東夜市但還是以舊位置繼續擺攤）,Lily Tai,在地嚮導 · 213 則評論 · 365 張相片,4 年前,3 顆星,"很入味，但是份量好少⋯⋯
鴨脆腸會辣，不敢吃辣的別點
排隊速度是蠻快的，不想等可以去店面買",https://www.google.com/maps/contrib/105256343451360566898/reviews?hl=zh-TW
二師兄古早味滷味-大東東夜市（雖然改為大東東夜市但還是以舊位置繼續擺攤）,黎慧珍,在地嚮導 · 184 則評論 · 97 張相片,4 年前,3 顆星,沒有以前好吃,https://www.google.com/maps/contrib/107560433815852474484/reviews?hl=zh-TW
二師兄古早味滷味-大東東夜市（雖然改為大東東夜市但還是以舊位置繼續擺攤）,Wa Ng,在地嚮導 · 50 則評論 · 15 張相片,4 年前,5 顆星,,https://www.google.com/maps/contrib/103290943326582154899/reviews?hl=zh-TW
二師兄古早味滷味-大東東夜市（雖然改為大東東夜市但還是以舊位置繼續擺攤）,Edmond Jhang,在地嚮導 · 91 則評論 · 102 張相片,4 年前,5 顆星,有到中南部玩，都會買的美食啊！！,https://www.google.com/maps/contrib/114678958170862201278/reviews?hl=zh-TW
二師兄古早味滷味-大東東夜市（雖然改為大東東夜市但還是以舊位置繼續擺攤）,yoyo chen,在地嚮導 · 275 則評論 · 87 張相片,4 年前,1 顆星,"被顏色騙,以為很入味!結果只是色素醬油加比較多而已,建議買一點點試味道就好,真的難吃阿....",https://www.google.com/maps/contrib/111058264986142266705/reviews?hl=zh-TW
二師兄古早味滷味-大東東夜市（雖然改為大東東夜市但還是以舊位置繼續擺攤）,The picky Queen,"在地嚮導 · 259 則評論 · 3,729 張相片",4 年前,4 顆星,比較喜歡他們的雞翅跟鴨翅，其他都還可以。從以前還沒出名比較好吃。後面有些像米血豆乾有點走味或東西魯過頭。,https://www.google.com/maps/contrib/109332471501086345148/reviews?hl=zh-TW
二師兄古早味滷味-大東東夜市（雖然改為大東東夜市但還是以舊位置繼續擺攤）,邱麗華,"在地嚮導 · 338 則評論 · 1,118 張相片",4 年前,5 顆星,非常好吃的滷味，每次到台南，必須要買的食物,https://www.google.com/maps/contrib/108649637761424951249/reviews?hl=zh-TW
二師兄古早味滷味-大東東夜市（雖然改為大東東夜市但還是以舊位置繼續擺攤）,Cindy Li,在地嚮導 · 106 則評論 · 81 張相片,4 年前,5 顆星,地點位於路邊，如果只是為了買滷味的人建議不要停進去機車停車場，往前騎駛過停車場即可經過滷味攤，米血味道特殊濃郁的麻油味大人小孩吃得很開心，其他滷味有甜香味類似東山鴨頭很好吃，推薦購買，亦會回購。,https://www.google.com/maps/contrib/115662689088593602818/reviews?hl=zh-TW
二師兄古早味滷味-大東東夜市（雖然改為大東東夜市但還是以舊位置繼續擺攤）,曹華華,在地嚮導 · 83 則評論 · 120 張相片,4 年前,1 顆星,"變得超～級難吃！
怎麼會跟以前差那麼多？！真是詭異
只吃了一些剩下的都在垃圾桶了
再也不會光顧了",https://www.google.com/maps/contrib/103865606794867184690/reviews?hl=zh-TW
二師兄古早味滷味-大東東夜市（雖然改為大東東夜市但還是以舊位置繼續擺攤）,何懿軒,在地嚮導 · 60 則評論 · 75 張相片,4 年前,5 顆星,"好吃是好吃
但滷味第一次吃到都是甜的
果然臺南人都愛吃甜

棒棒腿-》很甜
雞翅-》很甜
鳳爪-》很甜

豬血糕很不錯，加薑片入味",https://www.google.com/maps/contrib/115212362852372661615/reviews?hl=zh-TW
二師兄古早味滷味-大東東夜市（雖然改為大東東夜市但還是以舊位置繼續擺攤）,ProY Ngo,23 則評論,4 年前,4 顆星,"還可以。
另外夜市有個古早鹹水雞給1顆星，天價+態度奇差，在這裡推薦給抖M，1顆星是因為不知道為啥還開著。",https://www.google.com/maps/contrib/100774631117736568039/reviews?hl=zh-TW
二師兄古早味滷味-大東東夜市（雖然改為大東東夜市但還是以舊位置繼續擺攤）,Brian Lin,在地嚮導 · 79 則評論 · 35 張相片,4 年前,4 顆星,雞心和七里香都不錯。,https://www.google.com/maps/contrib/115662429771056059838/reviews?hl=zh-TW
二師兄古早味滷味-大東東夜市（雖然改為大東東夜市但還是以舊位置繼續擺攤）,笑笑看,在地嚮導 · 143 則評論 · 146 張相片,4 年前,1 顆星,很普通的不入味,https://www.google.com/maps/contrib/102017796226617730331/reviews?hl=zh-TW
二師兄古早味滷味-大東東夜市（雖然改為大東東夜市但還是以舊位置繼續擺攤）,林昆霖,20 則評論 · 1 張相片,4 年前,4 顆星,鳥蛋香.雞翅還行.豆干普通,https://www.google.com/maps/contrib/113805147786468153957/reviews?hl=zh-TW
二師兄古早味滷味-大東東夜市（雖然改為大東東夜市但還是以舊位置繼續擺攤）,陽光普照,在地嚮導 · 641 則評論 · 390 張相片,4 年前,5 顆星,入味,https://www.google.com/maps/contrib/100282155279797357024/reviews?hl=zh-TW
二師兄古早味滷味-大東東夜市（雖然改為大東東夜市但還是以舊位置繼續擺攤）,陳冠萱,在地嚮導 · 46 則評論 · 12 張相片,4 年前,1 顆星,"七里香買大份的50元跟上次買小份的30元跟本量都沒改變！
請問是買辛酸的啊？
服務態度有待加強！",https://www.google.com/maps/contrib/108211918080388480592/reviews?hl=zh-TW
二師兄古早味滷味-大東東夜市（雖然改為大東東夜市但還是以舊位置繼續擺攤）,嘎嘎,7 則評論 · 2 張相片,4 年前,5 顆星,,https://www.google.com/maps/contrib/115875539420184769356/reviews?hl=zh-TW
二師兄古早味滷味-大東東夜市（雖然改為大東東夜市但還是以舊位置繼續擺攤）,Mollie Huang,在地嚮導 · 312 則評論 · 463 張相片,5 年前,2 顆星,"之前看到這家店開了分店，覺得應該很厲害，路過時特地買來吃
環境明亮，每樣產品看起來都很入味，但實際上會讓你後悔到不行
-
點了雞胗跟米血糕，忘記多少錢
雞胗一點口感都沒有，軟到一個不行，一點靈魂都沒有
但也沒說多好咬，牙齒不好的一樣不能吃
不懂這樣的用意在哪，調味再好都不給過
-
米血糕則是一點都不入味，到底為甚麼這麼簡單的一個食材也可以搞砸
中心甚至還有點硬，明明拿到時還是溫溫的
唯一值得慶幸的點是他還帶有麻油的香氣
但優點就只有這樣 我還是不推薦",https://www.google.com/maps/contrib/108574395747162639794/reviews?hl=zh-TW
二師兄古早味滷味-大東東夜市（雖然改為大東東夜市但還是以舊位置繼續擺攤）,顏淑娟,在地嚮導 · 17 則評論 · 13 張相片,5 年前,5 顆星,有店面了想吃不用排隊了,https://www.google.com/maps/contrib/104402894844699629619/reviews?hl=zh-TW
二師兄古早味滷味-大東東夜市（雖然改為大東東夜市但還是以舊位置繼續擺攤）,Nick Hsu,"在地嚮導 · 2,116 則評論 · 18,124 張相片",5 年前,5 顆星,覺得很入味，蠻好吃的！,https://www.google.com/maps/contrib/105487352146245147976/reviews?hl=zh-TW
二師兄古早味滷味-大東東夜市（雖然改為大東東夜市但還是以舊位置繼續擺攤）,黃苡瑄,在地嚮導 · 173 則評論 · 175 張相片,5 年前,4 顆星,雞翅大推！好好吃,https://www.google.com/maps/contrib/103852164966270442447/reviews?hl=zh-TW
二師兄古早味滷味-大東東夜市（雖然改為大東東夜市但還是以舊位置繼續擺攤）,鄭怡礽,8 則評論 · 2 張相片,5 年前,1 顆星,,https://www.google.com/maps/contrib/110907293108161713571/reviews?hl=zh-TW
二師兄古早味滷味-大東東夜市（雖然改為大東東夜市但還是以舊位置繼續擺攤）,STRIKE,在地嚮導 · 133 則評論 · 113 張相片,5 年前,1 顆星,"這個米血是在哈囉？！
有人切成這樣的嗎？！正常尺寸的5根手指都算的出來",https://www.google.com/maps/contrib/103963880121636224974/reviews?hl=zh-TW
二師兄古早味滷味-大東東夜市（雖然改為大東東夜市但還是以舊位置繼續擺攤）,黃坤旺,4 則評論,5 年前,3 顆星,,https://www.google.com/maps/contrib/111649201421436743912/reviews?hl=zh-TW
二師兄古早味滷味-大東東夜市（雖然改為大東東夜市但還是以舊位置繼續擺攤）,dora chen,在地嚮導 · 298 則評論 · 273 張相片,5 年前,1 顆星,口味普普，過於鹹，較重口味，服務人員態度有待加強，態度不是很好,https://www.google.com/maps/contrib/105965449785038218844/reviews?hl=zh-TW
二師兄古早味滷味-大東東夜市（雖然改為大東東夜市但還是以舊位置繼續擺攤）,林可兒,在地嚮導 · 40 則評論 · 51 張相片,5 年前,5 顆星,好吃，尤其是雞翅跟小腿,https://www.google.com/maps/contrib/101251215534337214629/reviews?hl=zh-TW
二師兄古早味滷味-大東東夜市（雖然改為大東東夜市但還是以舊位置繼續擺攤）,石美雲,在地嚮導 · 17 則評論 · 30 張相片,5 年前,1 顆星,看網路介紹買了雞爪嘗鮮，一吃下去只有苦味，感覺是用醬色滷而已完全吃不到香氣，本人實在不喜歡，秉持不浪費食物的精神硬是吃完，反胃,https://www.google.com/maps/contrib/118382728157461947041/reviews?hl=zh-TW
二師兄古早味滷味-大東東夜市（雖然改為大東東夜市但還是以舊位置繼續擺攤）,Lucy Chen,在地嚮導 · 45 則評論 · 7 張相片,5 年前,2 顆星,"買了「七里香&小鳥蛋&鷄爪」都大份的。
吃第一顆七里香，就見雞毛沒拔乾淨！",https://www.google.com/maps/contrib/117231635332697457792/reviews?hl=zh-TW
二師兄古早味滷味-大東東夜市（雖然改為大東東夜市但還是以舊位置繼續擺攤）,Jason Jason,在地嚮導 · 5 張相片,5 年前,5 顆星,,https://www.google.com/maps/contrib/111639839105286172437/reviews?hl=zh-TW
二師兄古早味滷味-大東東夜市（雖然改為大東東夜市但還是以舊位置繼續擺攤）,蔡紘瑋,在地嚮導 · 92 則評論 · 31 張相片,5 年前,4 顆星,,https://www.google.com/maps/contrib/114702157803605661649/reviews?hl=zh-TW
二師兄古早味滷味-大東東夜市（雖然改為大東東夜市但還是以舊位置繼續擺攤）,Y Willy,在地嚮導 · 35 則評論 · 23 張相片,5 年前,4 顆星,"去年吃過後一直想再吃，於是暑假時網購花了2~3千，送來吃了後就一直覺得好像是吃到假貨了嗎？有夠難吃！
昨天又殺下台南花園夜市現場買一次，果然還是要現場買才好吃，就算冰在冷藏，再帶回中和吃，還是很好吃。
不知為何宅配到家的會變那麼難吃，肉類沒入味，豆干太硬，米血變脆的，現場買的跟宅配的口味根本是兩個不同的東西！？",https://www.google.com/maps/contrib/117467568076752325524/reviews?hl=zh-TW
二師兄古早味滷味-大東東夜市（雖然改為大東東夜市但還是以舊位置繼續擺攤）,林舫妤,在地嚮導 · 58 則評論 · 52 張相片,5 年前,4 顆星,"超推雞翅入味好吃
雞心很Q腥味不重
雞胗魯的軟爛，喜歡有咬勁跟脆口雞胗的話不推薦
豆干入味好吃",https://www.google.com/maps/contrib/100333999436867877817/reviews?hl=zh-TW
二師兄古早味滷味-大東東夜市（雖然改為大東東夜市但還是以舊位置繼續擺攤）,劉士華,在地嚮導 · 72 則評論 · 37 張相片,5 年前,4 顆星,最愛滷雞翅跟雞腳，很好吃！,https://www.google.com/maps/contrib/105263937880495248766/reviews?hl=zh-TW
二師兄古早味滷味-大東東夜市（雖然改為大東東夜市但還是以舊位置繼續擺攤）,Lilian,在地嚮導 · 34 則評論 · 31 張相片,5 年前,5 顆星,滷蛋跟雞翅好吃~不過三杯米血就普通，覺得味道不太夠。,https://www.google.com/maps/contrib/101813395031939880047/reviews?hl=zh-TW
二師兄古早味滷味-大東東夜市（雖然改為大東東夜市但還是以舊位置繼續擺攤）,宅仙Chai hsien,在地嚮導 · 360 則評論 · 195 張相片,5 年前,1 顆星,賣到出名了，態度就很惡劣。一臉囂張，口氣還很差。生意好，有必要這樣嗎？,https://www.google.com/maps/contrib/103145081973134977950/reviews?hl=zh-TW
二師兄古早味滷味-大東東夜市（雖然改為大東東夜市但還是以舊位置繼續擺攤）,YL,"在地嚮導 · 400 則評論 · 1,027 張相片",5 年前,3 顆星,"雞腳豆乾好吃
米血只有麻油味，而且沒有入味",https://www.google.com/maps/contrib/108928529228889966175/reviews?hl=zh-TW
二師兄古早味滷味-大東東夜市（雖然改為大東東夜市但還是以舊位置繼續擺攤）,juju f,在地嚮導 · 342 則評論 · 954 張相片,5 年前,4 顆星,"好吃。口味不錯。
台南夜市的重點攤位之一。
不小心會吃太多。",https://www.google.com/maps/contrib/114220311196362331331/reviews?hl=zh-TW
二師兄古早味滷味-大東東夜市（雖然改為大東東夜市但還是以舊位置繼續擺攤）,Lee May,3 則評論,5 年前,1 顆星,花園夜市攤位，人員口氣不知道在差什麼，只是再點了一次鳥蛋，不耐煩說“不是夾了嗎？”就算東西再好吃，這種服務實在令人不敢恭維！,https://www.google.com/maps/contrib/115243480561176021666/reviews?hl=zh-TW
二師兄古早味滷味-大東東夜市（雖然改為大東東夜市但還是以舊位置繼續擺攤）,陳小姐,32 則評論,5 年前,1 顆星,賣到出名了，態度就很惡劣。一臉囂張，口氣還很差。生意好，有必要這樣嗎？,https://www.google.com/maps/contrib/110127664882175606034/reviews?hl=zh-TW
二師兄古早味滷味-大東東夜市（雖然改為大東東夜市但還是以舊位置繼續擺攤）,嘆左嘛俚,"在地嚮導 · 771 則評論 · 45,187 張相片",5 年前,3 顆星,別問一個台南人滷味到底好不好吃因為台南有很多滷味從簡單的到複雜的 甜的鹹的都有每個老闆都有各自的堅持和秘方,https://www.google.com/maps/contrib/115817512640048984799/reviews?hl=zh-TW
二師兄古早味滷味-大東東夜市（雖然改為大東東夜市但還是以舊位置繼續擺攤）,yuin,在地嚮導 · 310 則評論 · 302 張相片,5 年前,5 顆星,雞屁股一入口就化開，米血軟爛麻油香重，很好吃！,https://www.google.com/maps/contrib/104540155140211427049/reviews?hl=zh-TW
二師兄古早味滷味-大東東夜市（雖然改為大東東夜市但還是以舊位置繼續擺攤）,Giles Hung (Giles),在地嚮導 · 156 則評論 · 2 張相片,5 年前,2 顆星,,https://www.google.com/maps/contrib/106329987761522368596/reviews?hl=zh-TW
二師兄古早味滷味-大東東夜市（雖然改為大東東夜市但還是以舊位置繼續擺攤）,Jenny Zhang,"在地嚮導 · 1,713 則評論 · 14,217 張相片",5 年前,4 顆星,在花園夜市 這攤是 最有名的 排隊都排滿滿 大家都想要 買 他的滷味 這家的滷味味道很特別 也不會太鹹,https://www.google.com/maps/contrib/115595690077824981049/reviews?hl=zh-TW
二師兄古早味滷味-大東東夜市（雖然改為大東東夜市但還是以舊位置繼續擺攤）,IRENE CHEN,在地嚮導 · 25 則評論 · 11 張相片,5 年前,2 顆星,"味道也就是台南式的甜味偏重，口味因各人有異不會特地評論，倒是""態度""我可以說看看，就是一副你點個餐猶豫了一下想點大份小份、想點哪種品項，猶豫一下都會被臭臉的感覺!!!!問個問題回答的態度也沒多好，我知道你們大熱天的上班也累我可以體諒，可是我也是觀光客阿不懂一定會問，不然你們動線也拉好，品項也寫好(品名及大小份約幾隻或幾克)讓我心裡有個底也比較好點餐，隔壁的阿美我看老闆娘都是笑笑的跟客人回應，我雖然沒買可是路過看到心情就好，買賣不就是這樣嗎?態度差說真的我不一定要吃!花園夜市還有很多美食的",https://www.google.com/maps/contrib/117070299231890020450/reviews?hl=zh-TW
二師兄古早味滷味-大東東夜市（雖然改為大東東夜市但還是以舊位置繼續擺攤）,Pei Hsieh,"在地嚮導 · 322 則評論 · 1,021 張相片",6 年前,3 顆星,雞翅看起來非常好吃，只買了豆乾和雞心小份，偏鹹，口味尚可,https://www.google.com/maps/contrib/116135883189766460728/reviews?hl=zh-TW
二師兄古早味滷味-大東東夜市（雖然改為大東東夜市但還是以舊位置繼續擺攤）,蔡政宏,"在地嚮導 · 239 則評論 · 1,088 張相片",6 年前,1 顆星,食物也不是好吃到態度囂張,https://www.google.com/maps/contrib/103485597395895689139/reviews?hl=zh-TW
二師兄古早味滷味-大東東夜市（雖然改為大東東夜市但還是以舊位置繼續擺攤）,Lu Lu,在地嚮導 · 40 則評論,6 年前,5 顆星,東西不貴，乾淨衛生，東西不錯吃,https://www.google.com/maps/contrib/113731186965992212497/reviews?hl=zh-TW
二師兄古早味滷味-大東東夜市（雖然改為大東東夜市但還是以舊位置繼續擺攤）,陳琮勝,在地嚮導 · 168 則評論 · 481 張相片,6 年前,3 顆星,"那個雞翅~真的好好吃唷！！！
可惜品質不太穩定……第一天去花園夜市吃，跟隔天去大東夜市吃到的……差超多的！！！超級不爽😒 …",https://www.google.com/maps/contrib/116171409341798207687/reviews?hl=zh-TW
二師兄古早味滷味-大東東夜市（雖然改為大東東夜市但還是以舊位置繼續擺攤）,John,40 則評論 · 58 張相片,6 年前,4 顆星,很愛他們家的雞翅 可能比較符合台南人口味 所以食物偏甜,https://www.google.com/maps/contrib/115716447612695990398/reviews?hl=zh-TW
二師兄古早味滷味-大東東夜市（雖然改為大東東夜市但還是以舊位置繼續擺攤）,Mic Ng,在地嚮導 · 107 則評論 · 320 張相片,6 年前,5 顆星,,https://www.google.com/maps/contrib/107672339847735888177/reviews?hl=zh-TW
二師兄古早味滷味-大東東夜市（雖然改為大東東夜市但還是以舊位置繼續擺攤）,Rachel Huang,在地嚮導 · 144 則評論 · 317 張相片,6 年前,3 顆星,,https://www.google.com/maps/contrib/106999333139511378931/reviews?hl=zh-TW
二師兄古早味滷味-大東東夜市（雖然改為大東東夜市但還是以舊位置繼續擺攤）,Super999,在地嚮導 · 64 則評論 · 6 張相片,6 年前,5 顆星,好吃 不用多說,https://www.google.com/maps/contrib/116803702447247482167/reviews?hl=zh-TW
二師兄古早味滷味-大東東夜市（雖然改為大東東夜市但還是以舊位置繼續擺攤）,玉樹臨風的彰彰,在地嚮導 · 113 則評論 · 1 張相片,6 年前,4 顆星,,https://www.google.com/maps/contrib/109338812957923976504/reviews?hl=zh-TW
二師兄古早味滷味-大東東夜市（雖然改為大東東夜市但還是以舊位置繼續擺攤）,抹茶吳,"在地嚮導 · 738 則評論 · 10,817 張相片",6 年前,1 顆星,兩年前吃的時候，覺得米血跟豆乾都很好吃，如今味道已不如以往，而且僅猶豫約3秒左右，服務人員的口氣就不太好，臉色更露出不耐煩之神情，個人覺得這不是必吃的美食，不需要到此破壞自己的心情唷！,https://www.google.com/maps/contrib/112095815538929118233/reviews?hl=zh-TW
二師兄古早味滷味-大東東夜市（雖然改為大東東夜市但還是以舊位置繼續擺攤）,宋星瀚,在地嚮導 · 90 則評論 · 12 張相片,6 年前,1 顆星,色素難吃,https://www.google.com/maps/contrib/106037213255850484990/reviews?hl=zh-TW
二師兄古早味滷味-大東東夜市（雖然改為大東東夜市但還是以舊位置繼續擺攤）,林少貓,在地嚮導 · 100 則評論 · 78 張相片,6 年前,5 顆星,米血非常棒,https://www.google.com/maps/contrib/106935542785698355151/reviews?hl=zh-TW
二師兄古早味滷味-大東東夜市（雖然改為大東東夜市但還是以舊位置繼續擺攤）,伊達黃,在地嚮導 · 16 則評論,6 年前,3 顆星,東西好吃，但服務可以再加強，加油哦！,https://www.google.com/maps/contrib/115559942850462983163/reviews?hl=zh-TW
二師兄古早味滷味-大東東夜市（雖然改為大東東夜市但還是以舊位置繼續擺攤）,奈安（BEBE）,在地嚮導 · 240 則評論 · 172 張相片,6 年前,1 顆星,吃多會很膩，店員態度是少見的惡劣，比極差還要差  買東西還要被兇，整個心情被打壞,https://www.google.com/maps/contrib/106137265139825999594/reviews?hl=zh-TW
二師兄古早味滷味-大東東夜市（雖然改為大東東夜市但還是以舊位置繼續擺攤）,Ray Chen,"在地嚮導 · 1,327 則評論 · 16,388 張相片",6 年前,3 顆星,吃花園夜市的，雞爪滿入味還不錯，其他鳥蛋與米血（麻油味）還可。,https://www.google.com/maps/contrib/108274943116093821002/reviews?hl=zh-TW
二師兄古早味滷味-大東東夜市（雖然改為大東東夜市但還是以舊位置繼續擺攤）,Sunday Fong,"在地嚮導 · 246 則評論 · 2,523 張相片",6 年前,3 顆星,太飽了，只試了鴨舌,https://www.google.com/maps/contrib/118287212373721771007/reviews?hl=zh-TW
二師兄古早味滷味-大東東夜市（雖然改為大東東夜市但還是以舊位置繼續擺攤）,Felicia Wang,在地嚮導 · 745 則評論 · 963 張相片,6 年前,1 顆星,難吃 態度差 他們在補貨的時候滷汁噴出來，噴到我腿上，跟他們反應 要衛生紙 居然連道歉都沒有 還一臉兇狠,https://www.google.com/maps/contrib/109409664260115235837/reviews?hl=zh-TW
二師兄古早味滷味-大東東夜市（雖然改為大東東夜市但還是以舊位置繼續擺攤）,林岳華,14 則評論 · 2 張相片,6 年前,1 顆星,"店家服務態度差勁到極點👎👎👎👎👎👎
說實在的，價格標示那麼小，客人那麼多又那麼擠，問一下是會怎麼樣嗎？只問我大份還小份，我怎麼知道大份多少錢小份多少錢，還瞪我咧，難道你們怎麼賣是每個人都應該知道的常識嗎？觀光客應該要被兇被瞪嗎？這什麼服務？絕對不會來第二次，氣到爆😡😡😡😡 …",https://www.google.com/maps/contrib/110430795918671208286/reviews?hl=zh-TW
二師兄古早味滷味-大東東夜市（雖然改為大東東夜市但還是以舊位置繼續擺攤）,施彥丞,在地嚮導 · 98 則評論 · 19 張相片,6 年前,2 顆星,"滿心期待的在人群中擠來擠去期待傳說中的三杯米血的美味
換來卻是滿滿的失望
要醬香沒醬香 要麻油味也沒麻油味
感覺吃了一坨忘了加調味料的米糊
米血以外的品項就一般般
沒有特別有記憶點的地方",https://www.google.com/maps/contrib/107001118085299311382/reviews?hl=zh-TW
二師兄古早味滷味-大東東夜市（雖然改為大東東夜市但還是以舊位置繼續擺攤）,蔡世鴻,在地嚮導 · 15 則評論 · 65 張相片,6 年前,1 顆星,,https://www.google.com/maps/contrib/112911757020441766774/reviews?hl=zh-TW
二師兄古早味滷味-大東東夜市（雖然改為大東東夜市但還是以舊位置繼續擺攤）,韋登元,10 則評論 · 3 張相片,6 年前,5 顆星,,https://www.google.com/maps/contrib/116073867461386136933/reviews?hl=zh-TW
二師兄古早味滷味-大東東夜市（雖然改為大東東夜市但還是以舊位置繼續擺攤）,台灣人妻大隻食,"在地嚮導 · 57 則評論 · 1,160 張相片",6 年前,5 顆星,"【臺南.大東/花園夜市】夜市必買滷味名物
-
台南美食太多，大隻妻子並非每次都去夜市，但去的話，必會尋找二師兄的踪影。我最愛那鍋紅通通的滷味一直在翻滾，完全在呼喚我:「來吃我吧!」 …",https://www.google.com/maps/contrib/113709428464160350900/reviews?hl=zh-TW
二師兄古早味滷味-大東東夜市（雖然改為大東東夜市但還是以舊位置繼續擺攤）,Mars,在地嚮導 · 33 則評論 · 4 張相片,6 年前,1 顆星,,https://www.google.com/maps/contrib/112627087585763658833/reviews?hl=zh-TW
二師兄古早味滷味-大東東夜市（雖然改為大東東夜市但還是以舊位置繼續擺攤）,黃小熊,"在地嚮導 · 928 則評論 · 1,788 張相片",6 年前,4 顆星,是有點鹹。,https://www.google.com/maps/contrib/115878343825284993656/reviews?hl=zh-TW
二師兄古早味滷味-大東東夜市（雖然改為大東東夜市但還是以舊位置繼續擺攤）,台南美食,1 則評論 · 14 張相片,6 年前,1 顆星,,https://www.google.com/maps/contrib/113413897469899156076/reviews?hl=zh-TW
二師兄古早味滷味-大東東夜市（雖然改為大東東夜市但還是以舊位置繼續擺攤）,陳佳樟,9 則評論,6 年前,1 顆星,吃的很噁心，沒吃過那麼難吃的滷味，買的都只吃一個，其他的都丟掉，覺得市售５０元的糖色放太多，顏色黑嘛嘛的，味道也苦，吃不到甘的味道，反正就很噁，不知大家在吃什麼？噁心,https://www.google.com/maps/contrib/104833097824735470696/reviews?hl=zh-TW
二師兄古早味滷味-大東東夜市（雖然改為大東東夜市但還是以舊位置繼續擺攤）,T.M,在地嚮導 · 100 則評論 · 328 張相片,6 年前,3 顆星,,https://www.google.com/maps/contrib/114360460644516361292/reviews?hl=zh-TW
二師兄古早味滷味-大東東夜市（雖然改為大東東夜市但還是以舊位置繼續擺攤）,li li,在地嚮導 · 141 則評論 · 31 張相片,7 年前,1 顆星,味道不特別，還費了時間排隊,https://www.google.com/maps/contrib/106832236616357645668/reviews?hl=zh-TW
二師兄古早味滷味-大東東夜市（雖然改為大東東夜市但還是以舊位置繼續擺攤）,賽琳幾摳嵐,在地嚮導 · 29 則評論 · 30 張相片,7 年前,5 顆星,"大推米血與豆干～
來大東、花園夜市沒買就真的白來了",https://www.google.com/maps/contrib/104200618287439431396/reviews?hl=zh-TW
二師兄古早味滷味-大東東夜市（雖然改為大東東夜市但還是以舊位置繼續擺攤）,Lii Xin,9 則評論 · 9 張相片,7 年前,1 顆星,態度差又算錯錢,https://www.google.com/maps/contrib/110906854944412732684/reviews?hl=zh-TW
二師兄古早味滷味-大東東夜市（雖然改為大東東夜市但還是以舊位置繼續擺攤）,kathy hung,在地嚮導 · 11 則評論 · 16 張相片,7 年前,4 顆星,,https://www.google.com/maps/contrib/100079795688368607100/reviews?hl=zh-TW
二師兄古早味滷味-大東東夜市（雖然改為大東東夜市但還是以舊位置繼續擺攤）,許程淵,"在地嚮導 · 515 則評論 · 1,967 張相片",7 年前,3 顆星,滷蛋豆干米血，推! 可能生意太好 ，員工面對顧客時專注的表情，忘記微笑!,https://www.google.com/maps/contrib/112215121620158131556/reviews?hl=zh-TW
二師兄古早味滷味-大東東夜市（雖然改為大東東夜市但還是以舊位置繼續擺攤）,Chu Lu,在地嚮導 · 127 則評論 · 6 張相片,7 年前,3 顆星,普通 口味偏鹹,https://www.google.com/maps/contrib/110208596474914790582/reviews?hl=zh-TW
二師兄古早味滷味-大東東夜市（雖然改為大東東夜市但還是以舊位置繼續擺攤）,Meow宜璇,在地嚮導 · 394 則評論 · 463 張相片,7 年前,2 顆星,"東西偏貴
店家態度沒有很好",https://www.google.com/maps/contrib/109345925462336544918/reviews?hl=zh-TW
二師兄古早味滷味-大東東夜市（雖然改為大東東夜市但還是以舊位置繼續擺攤）,吳明城,"1,426 則評論",7 年前,3 顆星,好的,https://www.google.com/maps/contrib/104258763058565387408/reviews?hl=zh-TW
二師兄古早味滷味-大東東夜市（雖然改為大東東夜市但還是以舊位置繼續擺攤）,James Huang,"在地嚮導 · 1,302 則評論 · 57,291 張相片",7 年前,4 顆星,,https://www.google.com/maps/contrib/117161015492918603087/reviews?hl=zh-TW
二師兄古早味滷味-大東東夜市（雖然改為大東東夜市但還是以舊位置繼續擺攤）,Chieh Huang,6 則評論 · 2 張相片,7 年前,1 顆星,問你腿跟翅可不可以綜合  回答那麼小聲  說給誰聽嗎  態度那麼差  也沒多好吃  別那麼跩,https://www.google.com/maps/contrib/101221588662886399621/reviews?hl=zh-TW
二師兄古早味滷味-大東東夜市（雖然改為大東東夜市但還是以舊位置繼續擺攤）,灰灰仔,12 則評論 · 3 張相片,7 年前,1 顆星,店家態度非常差，東西也沒很厲害，很普 不知道店家在跩什麼,https://www.google.com/maps/contrib/114206643975595719868/reviews?hl=zh-TW
二師兄古早味滷味-大東東夜市（雖然改為大東東夜市但還是以舊位置繼續擺攤）,DinZon Lam,在地嚮導 · 422 則評論 · 689 張相片,7 年前,5 顆星,來大東必吃，不吃就白來了!,https://www.google.com/maps/contrib/113219896239160438365/reviews?hl=zh-TW
二師兄古早味滷味-大東東夜市（雖然改為大東東夜市但還是以舊位置繼續擺攤）,kuan jung Chen,"在地嚮導 · 636 則評論 · 1,256 張相片",7 年前,4 顆星,"算是來大東夜市必吃的東西了, 滷味偏甜, 我滿喜歡點雞翅跟米血",https://www.google.com/maps/contrib/115078996691576922833/reviews?hl=zh-TW
二師兄古早味滷味-大東東夜市（雖然改為大東東夜市但還是以舊位置繼續擺攤）,UN J,在地嚮導 · 325 則評論 · 11 張相片,7 年前,1 顆星,態度差的店在撐也就幾年,https://www.google.com/maps/contrib/108026328425928049621/reviews?hl=zh-TW
二師兄古早味滷味-大東東夜市（雖然改為大東東夜市但還是以舊位置繼續擺攤）,Miles Cheng,在地嚮導 · 82 則評論 · 62 張相片,7 年前,1 顆星,態度很差，拒絕再次光顧。,https://www.google.com/maps/contrib/102322349518637741363/reviews?hl=zh-TW
二師兄古早味滷味-大東東夜市（雖然改為大東東夜市但還是以舊位置繼續擺攤）,Fiona Leung,在地嚮導 · 65 則評論 · 75 張相片,7 年前,2 顆星,,https://www.google.com/maps/contrib/114775190754017954047/reviews?hl=zh-TW
二師兄古早味滷味-大東東夜市（雖然改為大東東夜市但還是以舊位置繼續擺攤）,周凱歌,"在地嚮導 · 524 則評論 · 12,727 張相片",7 年前,4 顆星,,https://www.google.com/maps/contrib/117318338237137949642/reviews?hl=zh-TW
二師兄古早味滷味-大東東夜市（雖然改為大東東夜市但還是以舊位置繼續擺攤）,sammie Huang,在地嚮導 · 61 則評論,7 年前,1 顆星,"因為不是本地人
不了解購買方式
當天沒有什麼人排隊 …",https://www.google.com/maps/contrib/100258635511566029848/reviews?hl=zh-TW
二師兄古早味滷味-大東東夜市（雖然改為大東東夜市但還是以舊位置繼續擺攤）,Winnie Chang,在地嚮導 · 183 則評論 · 623 張相片,7 年前,3 顆星,滷的很入味，但感覺有點鹹,https://www.google.com/maps/contrib/113620645240521060669/reviews?hl=zh-TW
二師兄古早味滷味-大東東夜市（雖然改為大東東夜市但還是以舊位置繼續擺攤）,Kheart G,4 則評論,7 年前,1 顆星,怎麼排隊也不貼告示，排了超久老闆才對一大群排錯的人說，你們不覺得你們很好笑嗎?在這排跟本也買不到啦！爛店家,https://www.google.com/maps/contrib/118229757205816264398/reviews?hl=zh-TW
二師兄古早味滷味-大東東夜市（雖然改為大東東夜市但還是以舊位置繼續擺攤）,Jason Young,"在地嚮導 · 3,470 則評論 · 6,315 張相片",7 年前,3 顆星,普通,https://www.google.com/maps/contrib/109653781114774580165/reviews?hl=zh-TW
二師兄古早味滷味-大東東夜市（雖然改為大東東夜市但還是以舊位置繼續擺攤）,Miffy “小P” Chen,17 則評論,7 年前,5 顆星,"目前還未吃過二師兄.不過因為半夜在台南迷路.靠著兩位穿著二師兄T卹
的大姊帶路才可以回家.實在太感謝了~~~",https://www.google.com/maps/contrib/106068123751344636201/reviews?hl=zh-TW
二師兄古早味滷味-大東東夜市（雖然改為大東東夜市但還是以舊位置繼續擺攤）,Knighton Brown,在地嚮導 · 394 則評論 · 175 張相片,8 年前,5 顆星,"第一次買的時候覺得有沒有那麼誇張為什麼排隊排成那樣
回家試吃的結論是非常值得！！",https://www.google.com/maps/contrib/107531899432182792112/reviews?hl=zh-TW
二師兄古早味滷味-大東東夜市（雖然改為大東東夜市但還是以舊位置繼續擺攤）,GuoNi被Google除名的嚮導,479 則評論 · 8 張相片,8 年前,4 顆星,很好吃喔! 蠻大灘地在夜市不難找,https://www.google.com/maps/contrib/104205829760587703576/reviews?hl=zh-TW
二師兄古早味滷味-大東東夜市（雖然改為大東東夜市但還是以舊位置繼續擺攤）,林志豪,,8 年前,5 顆星,,https://www.google.com/maps/contrib/100872904476993379269/reviews?hl=zh-TW
二師兄古早味滷味-大東東夜市（雖然改為大東東夜市但還是以舊位置繼續擺攤）,Gail,在地嚮導 · 197 則評論 · 272 張相片,8 年前,2 顆星,"每次去花園夜市人多到無法靠近，這次終於吃到了～～～
麻油米血好吃！其他東西實在太鹹了！！",https://www.google.com/maps/contrib/100044679519398598286/reviews?hl=zh-TW
二師兄古早味滷味-大東東夜市（雖然改為大東東夜市但還是以舊位置繼續擺攤）,子湲,在地嚮導 · 37 則評論 · 17 張相片,8 年前,5 顆星,滷味入味好吃，老闆雖然臉酷酷說話也酷酷，但說話滿幽默的,https://www.google.com/maps/contrib/111669538868928387967/reviews?hl=zh-TW
二師兄古早味滷味-大東東夜市（雖然改為大東東夜市但還是以舊位置繼續擺攤）,周哥,"在地嚮導 · 1,139 則評論 · 5,411 張相片",8 年前,5 顆星,念念不忘，超好吃滷味，這邊沒有什麼排隊動線，鎖定一個店員點東西都找她，早來人少就趕快先買吧。,https://www.google.com/maps/contrib/110311344103535128100/reviews?hl=zh-TW
二師兄古早味滷味-大東東夜市（雖然改為大東東夜市但還是以舊位置繼續擺攤）,陳建斌,在地嚮導 · 490 則評論 · 322 張相片,8 年前,5 顆星,台南最好吃滷味,https://www.google.com/maps/contrib/108986188188033251951/reviews?hl=zh-TW
二師兄古早味滷味-大東東夜市（雖然改為大東東夜市但還是以舊位置繼續擺攤）,飛雲,在地嚮導 · 558 則評論 · 314 張相片,8 年前,5 顆星,超愛這間的豬血糕，每次來必買！,https://www.google.com/maps/contrib/111281000976905274674/reviews?hl=zh-TW
二師兄古早味滷味-大東東夜市（雖然改為大東東夜市但還是以舊位置繼續擺攤）,Senia,"在地嚮導 · 383 則評論 · 1,227 張相片",8 年前,4 顆星,入味,https://www.google.com/maps/contrib/112062915487648624670/reviews?hl=zh-TW
二師兄古早味滷味-大東東夜市（雖然改為大東東夜市但還是以舊位置繼續擺攤）,Sunny Chen,在地嚮導 · 565 則評論 · 365 張相片,8 年前,4 顆星,滷雞翅和米血糕很好吃，但排隊動線未規劃，人潮多時常被插隊,https://www.google.com/maps/contrib/115942990748014281957/reviews?hl=zh-TW
二師兄古早味滷味-大東東夜市（雖然改為大東東夜市但還是以舊位置繼續擺攤）,蘇柏政,在地嚮導 · 263 則評論 · 21 張相片,8 年前,5 顆星,夜市必買必吃,https://www.google.com/maps/contrib/101288475766088776754/reviews?hl=zh-TW
二師兄古早味滷味-大東東夜市（雖然改為大東東夜市但還是以舊位置繼續擺攤）,K!nki Huang,在地嚮導 · 69 則評論 · 137 張相片,8 年前,5 顆星,,https://www.google.com/maps/contrib/117451160828123377134/reviews?hl=zh-TW
二師兄古早味滷味-大東東夜市（雖然改為大東東夜市但還是以舊位置繼續擺攤）,菁菁,在地嚮導 · 40 則評論 · 6 張相片,8 年前,1 顆星,量少的可憐，而且態度很差。,https://www.google.com/maps/contrib/102118959978780193488/reviews?hl=zh-TW
二師兄古早味滷味-大東東夜市（雖然改為大東東夜市但還是以舊位置繼續擺攤）,張小綾,在地嚮導 · 22 則評論 · 33 張相片,8 年前,4 顆星,,https://www.google.com/maps/contrib/103833016329818334425/reviews?hl=zh-TW
二師兄古早味滷味-大東東夜市（雖然改為大東東夜市但還是以舊位置繼續擺攤）,TSUI PING Lee,2 則評論 · 9 張相片,8 年前,1 顆星,7/2日在花園夜晚買了雞腳及豆乾，夏天買東西還是要注意衛生！😣😣😣 …,https://www.google.com/maps/contrib/109275605080481924539/reviews?hl=zh-TW
二師兄古早味滷味-大東東夜市（雖然改為大東東夜市但還是以舊位置繼續擺攤）,Ed Chang,"在地嚮導 · 117 則評論 · 4,148 張相片",8 年前,4 顆星,好吃入味,https://www.google.com/maps/contrib/102511378236213618256/reviews?hl=zh-TW
二師兄古早味滷味-大東東夜市（雖然改為大東東夜市但還是以舊位置繼續擺攤）,Ru Fang Hong,在地嚮導 · 28 則評論 · 127 張相片,8 年前,4 顆星,,https://www.google.com/maps/contrib/113649323519963379551/reviews?hl=zh-TW
二師兄古早味滷味-大東東夜市（雖然改為大東東夜市但還是以舊位置繼續擺攤）,Happy,在地嚮導 · 448 則評論 · 32 張相片,10 年前,3 顆星,,https://www.google.com/maps/contrib/106868982944243228053/reviews?hl=zh-TW
二師兄古早味滷味-大東東夜市（雖然改為大東東夜市但還是以舊位置繼續擺攤）,黃噹噹,在地嚮導 · 59 則評論 · 125 張相片,11 年前,4 顆星,很好吃，滷的超入味，尤其是雞腳，冷掉吃還是很香，Q喔！米血就不怎麼樣了,https://www.google.com/maps/contrib/117242656248075382286/reviews?hl=zh-TW
二師兄古早味滷味-大東東夜市（雖然改為大東東夜市但還是以舊位置繼續擺攤）,Alan Sha (Alan),"在地嚮導 · 1,378 則評論 · 2,160 張相片",11 年前,2 顆星,死鹹,https://www.google.com/maps/contrib/114734954204959499425/reviews?hl=zh-TW
二師兄古早味滷味-大東東夜市（雖然改為大東東夜市但還是以舊位置繼續擺攤）,蘇正竹,1 則評論 · 1 張相片,11 年前,2 顆星,,https://www.google.com/maps/contrib/105412584147023995742/reviews?hl=zh-TW
二師兄古早味滷味-大東東夜市（雖然改為大東東夜市但還是以舊位置繼續擺攤）,楊劭愷,1 則評論,11 年前,5 顆星,雞腿雞翅很入味,https://www.google.com/maps/contrib/115389438776279276630/reviews?hl=zh-TW
二師兄古早味滷味-大東東夜市（雖然改為大東東夜市但還是以舊位置繼續擺攤）,ting yan chang,"在地嚮導 · 177 則評論 · 2,048 張相片",12 年前,3 顆星,鴨舌頭好吃。,https://www.google.com/maps/contrib/109960920719512481281/reviews?hl=zh-TW
華慈堂小上海魯味（大東夜市）,皮小丘,"在地嚮導 · 221 則評論 · 3,059 張相片",1 個月前,5 顆星,,https://www.google.com/maps/contrib/112293304829360984653/reviews?hl=zh-TW
華慈堂小上海魯味（大東夜市）,ChihWei Liu,在地嚮導 · 153 則評論 · 661 張相片,9 個月前,4 顆星,"俗又大碗
調味相當濃郁",https://www.google.com/maps/contrib/113324162124493209548/reviews?hl=zh-TW
大東東夜市,Well H,在地嚮導 · 14 則評論 · 8 張相片,7 小時前,1 顆星,叫你們籃球攤位做生意老實一點，擺個攤位全程都在裝瘋賣傻，連個規則都沒貼，講也講不清楚，沒去檢舉都算不錯了，全程都有錄影，一開始一局5球算200，後面給我1球就算一局要薛我2000多塊，要用這種乞丐途徑賺快錢我是沒意見，本人也不缺那些錢，但自己要知道老實賺錢我就會再帶其他人來玩，但如果是這種乞丐錢賺一次就不會有人再來了，等著趕快收攤回家吧,https://www.google.com/maps/contrib/101012996110067825131/reviews?hl=zh-TW
大東東夜市,彼德蘇,"在地嚮導 · 724 則評論 · 4,972 張相片",22 小時前,5 顆星,從夜市王慕名而來，可惜沒看到《我的檔期就是垃圾》的真性情梁主委，夜市內相當好逛，雖然不大，但該有的小吃還是都有，許多餐點口感都真的很台南的偏甜，夜市旁有免費機車停車場，但似乎位子不是很夠。,https://www.google.com/maps/contrib/105405869465099599272/reviews?hl=zh-TW
大東東夜市,James Chen,"在地嚮導 · 375 則評論 · 1,906 張相片",2 天前,5 顆星,大東東夜市,https://www.google.com/maps/contrib/101798529615365568018/reviews?hl=zh-TW
大東東夜市,Ethan Ong Wee Tiong,在地嚮導 · 103 則評論 · 346 張相片,4 天前,5 顆星,很想吃真魷口味攤位的酥炸魷魚，買了一份「中等大小」的份量。很不錯。 Tien Wang 攤位的雞排面也很好吃。都是罪的食物 :-),https://www.google.com/maps/contrib/112485984526390357369/reviews?hl=zh-TW
大東東夜市,Kenny Fu,"在地嚮導 · 31 則評論 · 2,422 張相片",6 天前,4 顆星,,https://www.google.com/maps/contrib/104832137363528804082/reviews?hl=zh-TW
大東東夜市,coofootra,"在地嚮導 · 445 則評論 · 10,596 張相片",1 週前,5 顆星,比大東好逛了,https://www.google.com/maps/contrib/117825641680415047464/reviews?hl=zh-TW
大東東夜市,Q毛,在地嚮導 · 105 則評論 · 43 張相片,1 週前,3 顆星,動線規劃不錯 路很大條 吃的普通 家附近的比較好吃,https://www.google.com/maps/contrib/113934614771436728298/reviews?hl=zh-TW
大東東夜市,鍾沂璇,14 則評論,1 週前,5 顆星,,https://www.google.com/maps/contrib/110691996502022997915/reviews?hl=zh-TW
大東東夜市,黃佐正（Zuo-Jheng Huang）,"在地嚮導 · 784 則評論 · 6,663 張相片",2 週前,5 顆星,"【阿嬤祖傳養生湯】

位置交通:
店家位在台南東區大東東夜市內，位在夜市中間的道路上，靠近林森路那一側，如要內用需於入口排隊，會由服務人員安排座位，內用有低消。畫好菜單後交給服務人員，餐點都送到後會由服務人員桌邊結帳。

特色之處:
店家主打藥膳湯頭，可以搭配腰心肝、豬心或排骨等食材。藥膳湯頭是中藥味道適中的湯底，喝起來相當順口，整個湯喝起來不會覺得油膩，喝完一整碗湯後也不會覺得口渴鹹度適中。豬心吃起來很Q彈，沒有腥味，感覺非常新鮮，有些是大血管的部位，吃起來會比較脆口一點。排骨的份量也很多，隱藏版排骨的肉很多而且非常軟嫩，愛吃肉或愛啃骨頭的人千萬不要錯過。

總結:
店家提供高品質的藥燉排骨、豬心料理，喝得出湯頭是精心熬煮的，豬心與排骨也新鮮且份量實在。服務人員態度不錯，且在收拾桌面時會戴專用手套，這點值得加分。如果來到大東東夜市想要喝的熱湯或是麵線，非常推薦可以嚐嚐這裡的藥燉排骨與豬心。

【上好東山鴨頭】
位置交通:
店家位在台南東區大東東夜市內，位在夜市中間的區域，需要走到夜市裡面的道路才看的到，可以認明藍色的旗子。店家現點現炸，所以點完餐後需要等候5~10分鐘左右才可以取餐。店家算好金額後即可結帳，只能外帶，沒有內用空間。如果趕時間建議先點餐付款，去附近逛逛後再回來拿。

特色之處:
店家主打東山鴨頭，是一種先滷後炸的烹調方式，滷製的風味各家口味都有些差異，上好東山鴨頭是大東夜市(大東東夜市的前身)的老店家，在這裡營業已10年以上。上好東山鴨頭每一種品項都滷製的相當入味，口味不會太甜。油炸的功力也非常厲害，精準掌控油溫，讓每個品項放涼後也不會滲油出來，吃起來完全不會覺得油膩。最厲害的品項就屬樓梯干，以雙面花刀切割，創造出最多的表面積吸附滿滿的滷汁，炸過之後也因為表面積多，而造就了極其酥脆的口感，再加上店家的炸功，即使放冷了樓梯干依舊酥脆不油膩。其他品項豆干、甜不辣、雞皮、鴨皮、雞屁股也都不能錯過，喜歡蹭骨頭的人也不要錯過鴨頭和鴨脖子。

總結:
店家提供超級好吃的東山鴨頭，是那種會讓人想念的東山鴨頭，過一陣子就會想回到台南吃一次的那種東山鴨頭。必推樓梯干、豆干、雞皮等等品項。如果來到台南大東東夜市，千萬不要錯過這家東山鴨頭，不然你一定會後悔沒吃到啊!

#letsguide
#佐佐黃的美食玩樂評鑑
#zuozuohuang",https://www.google.com/maps/contrib/109698918641161632904/reviews?hl=zh-TW
大東東夜市,崔娣,"在地嚮導 · 63 則評論 · 1,775 張相片",2 週前,5 顆星,,https://www.google.com/maps/contrib/103462997286085371533/reviews?hl=zh-TW
大東東夜市,林林,在地嚮導 · 96 則評論 · 56 張相片,2 週前,3 顆星,,https://www.google.com/maps/contrib/111888564832732391896/reviews?hl=zh-TW
大東東夜市,Desmon Lai,"在地嚮導 · 808 則評論 · 10,499 張相片",2 週前,3 顆星,一點都不令人覺得驚喜,https://www.google.com/maps/contrib/114715756151690313371/reviews?hl=zh-TW
大東東夜市,David Yin,在地嚮導 · 11 則評論 · 7 張相片,2 週前,5 顆星,,https://www.google.com/maps/contrib/104930613226146781798/reviews?hl=zh-TW
大東東夜市,愛企逃,"在地嚮導 · 252 則評論 · 1,142 張相片",2 週前,3 顆星,三杯雞肉配飯不錯 但薑片一堆肉小小一塊還有骨頭,https://www.google.com/maps/contrib/100082551386291942939/reviews?hl=zh-TW
大東東夜市,吳瑞鉦,在地嚮導 · 3 則評論,2 週前,5 顆星,,https://www.google.com/maps/contrib/103840922258553512935/reviews?hl=zh-TW
大東東夜市,Mac Fu,"在地嚮導 · 918 則評論 · 7,988 張相片",3 週前,4 顆星,東山鴨頭，凍檸茶，吉那棒，拔絲地瓜，這幾家都蠻好吃的。,https://www.google.com/maps/contrib/106775040201322714341/reviews?hl=zh-TW
大東東夜市,SuMei Hsu,在地嚮導 · 93 則評論 · 133 張相片,3 週前,5 顆星,3月最後一天，吃到這麼阿桂姨美味的藥燉排骨湯，軟骨肉多湯甜美，200元一碗，值得，其他的都不用吃了。,https://www.google.com/maps/contrib/113637072685364518394/reviews?hl=zh-TW
大東東夜市,李Richard,在地嚮導 · 53 則評論 · 9 張相片,4 週前,1 顆星,大東東裡的東山鴨頭超不推，脖子、豆皮、鴨腸，炸的超柴.......,https://www.google.com/maps/contrib/113492211266910090284/reviews?hl=zh-TW
大東東夜市,fungshung Hsu,"在地嚮導 · 836 則評論 · 15,771 張相片",1 個月前,5 顆星,"夜市裡這攤生意最好，坐下來才知他只賣冬天，今天是今年上半年最後一天，立馬坐下來吃，真的，超-級-好-吃！！！
一般藥膳排骨用長骨肋排沒啥肉，這攤竟用里脊肋排、梅花小排，肉特別多，燉得很爛很容易骨肉分離，肉有咬勁卻連軟骨都可以咀嚼，肉中還帶油花，搭配中藥淡淡香氣，吃起來真的是色香味俱全。肉已經很棒，湯頭更是他的靈魂，濃郁藥膳湯中卻無中藥的藥味，反而體驗出肉的甜味，喝完湯不口渴，詢問老闆才知連味精都不曾添加，這在夜市強調便宜的地方有這等品質實屬難得。
麵線是用當歸鴨麵線慣用的紅麵線，非常搭，可惜吃完才想到尚未拍照🤣
川燙心肝腎三寶看似平凡，其實不簡單，腰只光川燙而無腥味一定得非常新鮮且很會處理才有這等美味。
看著桌上公告，十月才會再開，直呼可惜！",https://www.google.com/maps/contrib/105504982599069056313/reviews?hl=zh-TW
大東東夜市,Eric鋒,在地嚮導 · 21 則評論 · 9 張相片,1 個月前,3 顆星,還是不理解為何要分成兩邊還隔開，動線變得很不好,https://www.google.com/maps/contrib/113133918880101066703/reviews?hl=zh-TW
膳品香酥排骨,YW L,在地嚮導 · 67 則評論 · 154 張相片,1 個月前,1 顆星,"2025.03
回來爬評論才發現大東夜市膳品每個時期做的人跟攤位的位置都不一樣，今天第一次去，會一直叫人要買200元，然後明明買的是150元的肉條，結果摻了一半以上都碎屑碎肉，然後也很乾硬，價格已漲到小份就要100元了，但完全沒那個價值！做生意不老實!",https://www.google.com/maps/contrib/110299428426788387113/reviews?hl=zh-TW
膳品香酥排骨,Kelly Wu,在地嚮導 · 600 則評論 · 209 張相片,2 個月前,3 顆星,買100元量好少..吃個寂寞，不過剛炸起來如果肚子正餓是好吃啦！,https://www.google.com/maps/contrib/103461018280524752889/reviews?hl=zh-TW
膳品香酥排骨,陳詠暄,在地嚮導 · 24 則評論 · 2 張相片,3 個月前,5 顆星,老闆娘人很好,https://www.google.com/maps/contrib/108760366726257371935/reviews?hl=zh-TW
膳品香酥排骨,WenLing Tsai,"在地嚮導 · 486 則評論 · 1,154 張相片",3 個月前,4 顆星,"無骨肉條蠻好吃的
店員還會問要不要屑屑😆
不過份量少 …",https://www.google.com/maps/contrib/110620992824104884527/reviews?hl=zh-TW
膳品香酥排骨,DOP8993,在地嚮導 · 15 則評論 · 1 張相片,4 個月前,1 顆星,我以為我買了30塊的量,https://www.google.com/maps/contrib/114809129933213520847/reviews?hl=zh-TW
膳品香酥排骨,wendy yin,在地嚮導 · 33 則評論 · 1 張相片,6 個月前,1 顆星,"10.25晚上這位大嬸
服務真低級
買了50元肉條拿給她100但沒找錢
我回頭問她說怎麼沒找錢
她居然說忘了不行嗎
給妳負100顆星",https://www.google.com/maps/contrib/112829393465145142459/reviews?hl=zh-TW
膳品香酥排骨,蘇俊中 Jeff,13 則評論 · 1 張相片,6 個月前,5 顆星,量偏少，但蠻好吃,https://www.google.com/maps/contrib/105382773524007832195/reviews?hl=zh-TW
膳品香酥排骨,金 名,3 則評論,11 個月前,1 顆星,買一百塊只有幾塊而已 我以為我買30塊而已,https://www.google.com/maps/contrib/116102450755643663965/reviews?hl=zh-TW
膳品香酥排骨,Patty,在地嚮導 · 83 則評論 · 311 張相片,11 個月前,1 顆星,不好吃，肉很硬😣而且量蠻少的 …,https://www.google.com/maps/contrib/117399659007943914126/reviews?hl=zh-TW
膳品香酥排骨,Nick,在地嚮導 · 40 則評論 · 5 張相片,11 個月前,1 顆星,夭壽 點50元的 實際吃到大概只值20元的份量 別來喔...會後悔,https://www.google.com/maps/contrib/111286737465661754753/reviews?hl=zh-TW
膳品香酥排骨,林沛潔,在地嚮導 · 23 則評論 · 1 張相片,1 年前,1 顆星,"超級不推 看到有人排隊以為很好吃
結果排骨酥都是骨頭..",https://www.google.com/maps/contrib/109735740724839316428/reviews?hl=zh-TW
膳品香酥排骨,YEE,"在地嚮導 · 1,084 則評論 · 1,670 張相片",1 年前,1 顆星,現炸的拿不到，只能拿到溫的,https://www.google.com/maps/contrib/105968081261174236046/reviews?hl=zh-TW
膳品香酥排骨,Lan Xu,16 則評論 · 9 張相片,1 年前,1 顆星,買50元只有4.5塊，為什麼0.5？因為那0.5是麵粉渣渣根本沒肉，其中兩塊骨頭還很大，份量少得可憐，一次店。,https://www.google.com/maps/contrib/100340558687506518715/reviews?hl=zh-TW
膳品香酥排骨,花椰菜,10 則評論,1 年前,1 顆星,貢盤阿給你6星,https://www.google.com/maps/contrib/118314267766724024485/reviews?hl=zh-TW
膳品香酥排骨,陳建瑋,在地嚮導 · 573 則評論 · 2 張相片,1 年前,5 顆星,Google 評論目前很低，但是這家卻是我在大東夜市內吃到最好吃的一家。炸得很乾口感很不錯，好吃。,https://www.google.com/maps/contrib/113669131043546511012/reviews?hl=zh-TW
膳品香酥排骨,高子傑,8 則評論,1 年前,5 顆星,肉條超級好吃！！！！！！,https://www.google.com/maps/contrib/102750105056525772978/reviews?hl=zh-TW
膳品香酥排骨,Ellis Lin,在地嚮導 · 161 則評論 · 102 張相片,1 年前,1 顆星,我是在大益夜市買的，買100大概這麼多,https://www.google.com/maps/contrib/117098849941761386550/reviews?hl=zh-TW
膳品香酥排骨,Lin,"在地嚮導 · 290 則評論 · 3,582 張相片",1 年前,4 顆星,香脆好吃 排隊是因為小姐動作慢🤣 可以再度回購 但是小姐動作可以快一點嗎🫶🏻 …,https://www.google.com/maps/contrib/106045787811704390078/reviews?hl=zh-TW
膳品香酥排骨,Hensan Chen,"在地嚮導 · 279 則評論 · 5,673 張相片",1 年前,5 顆星,,https://www.google.com/maps/contrib/105729293910229774074/reviews?hl=zh-TW
膳品香酥排骨,冰立方,在地嚮導 · 346 則評論 · 356 張相片,1 年前,1 顆星,"怕踩雷買了一份50元小的排骨酥，吃完萬幸只有買小份的。
老闆說小份的份量比較小，果然50元只有6小塊，第一口咬下去非常的酥脆，口感滿好的，但入口是滿滿的焦苦味，老闆你們這個真的炸的有點太焦了，酥是酥沒錯，但排骨肉很乾柴，實在不推。",https://www.google.com/maps/contrib/102216016100293522051/reviews?hl=zh-TW
膳品香酥排骨,螺旋丸（小草哥）,"在地嚮導 · 182 則評論 · 1,134 張相片",1 年前,5 顆星,份量足夠，香酥可口,https://www.google.com/maps/contrib/110508117263429906250/reviews?hl=zh-TW
膳品香酥排骨,Wen Evan,"在地嚮導 · 278 則評論 · 1,440 張相片",1 年前,4 顆星,還不錯，酥炸肉條醃製過炸得很香，但份量稍微少一點，是美味的喔！,https://www.google.com/maps/contrib/111492797090201089869/reviews?hl=zh-TW
膳品香酥排骨,黎世焰,"在地嚮導 · 2,784 則評論 · 26,898 張相片",1 年前,5 顆星,1:還不錯吃,https://www.google.com/maps/contrib/115824356153018343726/reviews?hl=zh-TW
膳品香酥排骨,Hsieh Tsan-Hung,"在地嚮導 · 1,556 則評論 · 17,657 張相片",1 年前,3 顆星,還不錯,https://www.google.com/maps/contrib/103559314833173876216/reviews?hl=zh-TW
膳品香酥排骨,Cy 維特,在地嚮導 · 217 則評論 · 118 張相片,1 年前,5 顆星,香酥,https://www.google.com/maps/contrib/100303502982697561215/reviews?hl=zh-TW
膳品香酥排骨,Fun Fun,"在地嚮導 · 1,710 則評論 · 2,480 張相片",1 年前,4 顆星,排骨酥很香，真的滿好吃的,https://www.google.com/maps/contrib/117464584028902703962/reviews?hl=zh-TW
膳品香酥排骨,尤子墉,6 則評論,1 年前,1 顆星,逢甲夜市裡的加盟店買的都是骨頭，最小份還要100,https://www.google.com/maps/contrib/104245292504427967266/reviews?hl=zh-TW
膳品香酥排骨,Hochi,在地嚮導 · 54 則評論 · 84 張相片,1 年前,3 顆星,排隊店,https://www.google.com/maps/contrib/117689477239228723333/reviews?hl=zh-TW
膳品香酥排骨,Pai Pai,在地嚮導 · 300 則評論 · 611 張相片,1 年前,2 顆星,"很鹹…
份量超級少哦！
會讓人傻眼的那種少",https://www.google.com/maps/contrib/102420770180400146550/reviews?hl=zh-TW
膳品香酥排骨,林志強,在地嚮導 · 451 則評論 · 105 張相片,1 年前,1 顆星,臉臭又不好吃，貴，不懂再排什麼,https://www.google.com/maps/contrib/109871242442721672413/reviews?hl=zh-TW
膳品香酥排骨,獨自旅行,在地嚮導 · 160 則評論 · 601 張相片,1 年前,4 顆星,肉條好吃,https://www.google.com/maps/contrib/117478527340636395173/reviews?hl=zh-TW
膳品香酥排骨,楊小玲,4 則評論 · 2 張相片,1 年前,2 顆星,今天去買想說沒什麼人排隊就去買，但我每次只買50就好，但今天想說店員跟我說買100我就答應了，後來錢收了，輪到我拿餐時另一個店員對我說，你應該要買200才對，你的意思是因為胖子要多吃點嗎？讓我當下超不舒服的，我直接拉下臉來，我覺得他覺得開完笑，但我跟他很熟嗎，無言😤給的都是零碎的削削沒肉覺得越來越不實在了☹️ …,https://www.google.com/maps/contrib/112476746102276374148/reviews?hl=zh-TW
膳品香酥排骨,Dabby Hsieh,在地嚮導 · 73 則評論 · 50 張相片,1 年前,2 顆星,"真的很貴 買100元大約5、6個肉吧
我還以為我買50元
另外一個星給口味還行……………..",https://www.google.com/maps/contrib/114925405224420525476/reviews?hl=zh-TW
膳品香酥排骨,黃庭毅Allen,"在地嚮導 · 1,188 則評論 · 14,279 張相片",1 年前,5 顆星,涮嘴好吃,https://www.google.com/maps/contrib/100727664915706760035/reviews?hl=zh-TW
膳品香酥排骨,楊于萱,在地嚮導 · 279 則評論 · 771 張相片,1 年前,5 顆星,2023-05-26初訪，第一次來到大東夜市，原本看到長長的隊伍不太想排隊，但後來想想下次來台南不知是何時，索性排隊買了150元的排骨，其實隊伍前進速度蠻快的，排骨我個人覺得好吃👍 …,https://www.google.com/maps/contrib/114289012725991171320/reviews?hl=zh-TW
膳品香酥排骨,Lotso Wu,在地嚮導 · 118 則評論 · 701 張相片,1 年前,4 顆星,肉條本身蠻好吃，帶有淡淡的重要香氣且外皮炸的很酥脆。唯一可惜就是CP值太低，一份100的肉條份量很少。而且熱門時間去排隊人潮很驚人需要等一陣子。,https://www.google.com/maps/contrib/113834107392996381544/reviews?hl=zh-TW
膳品香酥排骨,李明駿,在地嚮導 · 24 則評論 · 3 張相片,1 年前,1 顆星,老闆很不實在，明明當初先收了100元，叫我們在旁邊等排骨酥炸好，之後炸好給我們的時候又說我們沒給他錢，說忘記了還是怎樣，結果又多收我們100元！ 總而言之，這次用200元買到幾個排骨酥的渣渣和沒幾塊肉條，不推！,https://www.google.com/maps/contrib/102729176080344985357/reviews?hl=zh-TW
膳品香酥排骨,Fanny Chiu,在地嚮導 · 27 則評論 · 10 張相片,1 年前,2 顆星,拿到立馬吃，溫溫的而已也沒有特別好吃，不會再回購,https://www.google.com/maps/contrib/114005265937174766140/reviews?hl=zh-TW
膳品香酥排骨,Peter Wu,"在地嚮導 · 33 則評論 · 8,898 張相片",1 年前,4 顆星,,https://www.google.com/maps/contrib/109417359556440381623/reviews?hl=zh-TW
膳品香酥排骨,晞晞,在地嚮導 · 81 則評論 · 37 張相片,1 年前,5 顆星,買了最小份的肉條$50，沒有遇到其他人所說的被老闆言語冷落，肉條也蠻香的，有股中藥味，一下就吃完了，適合路過買一份解嘴饞,https://www.google.com/maps/contrib/116009594244532684320/reviews?hl=zh-TW
膳品香酥排骨,陳孝昀,11 則評論 · 3 張相片,2 年前,1 顆星,老闆一直推銷我買100塊 跟他說不要 只要50 他還把一些肉挑回去 第一次吃大概7塊 第二次只有4塊 真的很失望 不過老闆可能也不會來看這個評論吧 唉 心痛💔 …,https://www.google.com/maps/contrib/108741773486346999461/reviews?hl=zh-TW
膳品香酥排骨,Huang Grace,"在地嚮導 · 724 則評論 · 4,704 張相片",2 年前,4 顆星,大東夜市的 膳品 咔滋肉條  聽說很有名 就買了一份大份的 味道是真的還不錯 很適合路過買一份,https://www.google.com/maps/contrib/111727512438645506213/reviews?hl=zh-TW
膳品香酥排骨,Shin Ivy,在地嚮導 · 37 則評論 · 49 張相片,2 年前,3 顆星,"肉條好吃，但上次買$50時，店員態度急轉180度，觀感很差，隨便裝幾塊就直接交給我，其他客人買$100的還會裝提袋….$50的連給都不給。

底下評論說小份$100的，是不是去錯店家啊！
清明連假去買，順便拍了價格，小份的明明就是$50。",https://www.google.com/maps/contrib/115202740894196897962/reviews?hl=zh-TW
膳品香酥排骨,Bear Jiun,在地嚮導 · 422 則評論 · 758 張相片,2 年前,2 顆星,"200塊沒幾塊
吃起來又溫溫粉粉的
看到那麼多人排以為很好吃
嗯 我誤會了",https://www.google.com/maps/contrib/114520405670304372787/reviews?hl=zh-TW
膳品香酥排骨,Eileen Wang,在地嚮導 · 81 則評論 · 68 張相片,2 年前,5 顆星,"去了兩次，都很juicy，也沒有遇到強迫推銷。
衛生問題沒遇到，手腳算快，態度正常。 …",https://www.google.com/maps/contrib/114017013902225011701/reviews?hl=zh-TW
膳品香酥排骨,阿民,在地嚮導 · 82 則評論 · 9 張相片,2 年前,1 顆星,真的是普通又貴，看人家介紹來覺得不好吃，一看只有2.8顆真的傻眼,https://www.google.com/maps/contrib/110404987489333973641/reviews?hl=zh-TW
膳品香酥排骨,Wang大王,在地嚮導 · 44 則評論 · 48 張相片,2 年前,5 顆星,真的是有夠好吃的，我搬到台南住20幾年覺得大東這間是我吃過最好吃的排骨酥了，少數我甘願排隊隊的小吃前三名之一賣相好，價錢差不多，重點就是沒吃過比他更好的排骨酥。,https://www.google.com/maps/contrib/115596121746529335606/reviews?hl=zh-TW
膳品香酥排骨,Lee Peggy,"在地嚮導 · 1,195 則評論 · 9,013 張相片",2 年前,3 顆星,炸排骨酥，都是肉條無骨頭，吃起來就是普通的排骨酥，人潮眾多，吃過就好。,https://www.google.com/maps/contrib/113156859085009791620/reviews?hl=zh-TW
膳品香酥排骨,Angus H (好吃一直吃),"在地嚮導 · 927 則評論 · 1,848 張相片",2 年前,3 顆星,口味不差，有淡淡的中藥味，但價格太貴，份量又少，如果想嘗試中藥味炸雞🍗，可以去吃新市葉麥克中藥炸雞！ …,https://www.google.com/maps/contrib/108591501413814401593/reviews?hl=zh-TW
膳品香酥排骨,王小喵,在地嚮導 · 84 則評論 · 158 張相片,2 年前,5 顆星,好吃,https://www.google.com/maps/contrib/116990176276662835032/reviews?hl=zh-TW
膳品香酥排骨,Sean Chen,"在地嚮導 · 925 則評論 · 15,744 張相片",2 年前,4 顆星,2023年02月 可能覺得吃多了，覺得和其他的這口味我常常吃到，並沒有獨家的特色。,https://www.google.com/maps/contrib/107872194874261620664/reviews?hl=zh-TW
膳品香酥排骨,Grace,在地嚮導 · 88 則評論 · 148 張相片,2 年前,4 顆星,"很酥很香
大排長龍 實際等了10幾分鐘就買到了
買$100看起來不多 吃起來卻不少
店員會問要不要屑屑
沒有遇到店員態度差或是直接都塞屑屑的問題",https://www.google.com/maps/contrib/114372658880779130929/reviews?hl=zh-TW
膳品香酥排骨,wong nanmei,在地嚮導 · 60 則評論 · 10 張相片,2 年前,1 顆星,不知道到底是賣排骨酥還是排骨渣，把渣渣湊成一袋賣客人真的也是好棒棒，希望大家消費前做點功課，以免吃到排骨渣,https://www.google.com/maps/contrib/111085811628652593733/reviews?hl=zh-TW
膳品香酥排骨,alienwdalew,在地嚮導 · 42 則評論 · 38 張相片,2 年前,1 顆星,買的時候剛好剩接近最後一份的份量，老闆秤重一直挑碎碎的裹粉要湊重量給客人，挑完後旁邊馬上一鍋新的倒進來。,https://www.google.com/maps/contrib/118299871708304643820/reviews?hl=zh-TW
膳品香酥排骨,李雪雪,在地嚮導 · 32 則評論 · 6 張相片,2 年前,5 顆星,好吃,https://www.google.com/maps/contrib/101535275757695402236/reviews?hl=zh-TW
膳品香酥排骨,Wendy Pan,在地嚮導 · 24 則評論 · 7 張相片,2 年前,5 顆星,"星期二有回台南都會想買200塊回家冷凍，煮麵 煮湯👍價目表明明寫著
小份$100中份150大份$200
不懂？為什麼有人會想點50塊～ …",https://www.google.com/maps/contrib/115628705485193701414/reviews?hl=zh-TW
膳品香酥排骨,Cora Kuo,在地嚮導 · 226 則評論 · 692 張相片,2 年前,2 顆星,"周二來排蠻多人的。
買了100，味道普通。
不雷，但袋內參雜大量麵衣球。
感覺不是很實在。",https://www.google.com/maps/contrib/100504785864498815016/reviews?hl=zh-TW
膳品香酥排骨,Benson Chih,在地嚮導 · 46 則評論 · 49 張相片,2 年前,3 顆星,之前在其他分店買的時候很好吃不知道為什麼這次買到的很柴 不好吃,https://www.google.com/maps/contrib/112446474216054010409/reviews?hl=zh-TW
膳品香酥排骨,YiJia Sun,在地嚮導 · 19 則評論 · 1 張相片,2 年前,1 顆星,"我說：我要買50元的
店員說：你是沒有帶錢嗎？50元的肉沒幾塊，至少要買一百元的。
強迫推銷 態度差！愈來愈難吃！ …",https://www.google.com/maps/contrib/110615182924659865605/reviews?hl=zh-TW
膳品香酥排骨,Capybara Yo,"在地嚮導 · 529 則評論 · 3,413 張相片",2 年前,2 顆星,"排隊人很多
但我自己眼殘以為是藥膳口味的排骨酥
想說這麼特別一定要吃看看
結果⋯非常普通
人潮這麼多不知道什麼意思",https://www.google.com/maps/contrib/110753326199531090607/reviews?hl=zh-TW
膳品香酥排骨,ELLY,在地嚮導 · 94 則評論 · 266 張相片,2 年前,5 顆星,大排長龍，咬下去超級酥，我點100綜合👍🏻 …,https://www.google.com/maps/contrib/111944381950989998039/reviews?hl=zh-TW
膳品香酥排骨,Daisy,在地嚮導 · 50 則評論 · 23 張相片,2 年前,2 顆星,看到排隊人潮，想說應該不錯⋯很失望！肉蠻乾的，也有那種半推銷的感覺，跟客人說買五十不夠吃，那也要看值不值得買更多吃齁⋯感覺50元也沒幾塊，不如貼個20元，買一份雞排還要來的心滿意足，口感跟份量都有了～～,https://www.google.com/maps/contrib/101385910233446514619/reviews?hl=zh-TW
膳品香酥排骨,Ren,在地嚮導 · 504 則評論 · 336 張相片,2 年前,5 顆星,拿到的排骨酥只有微溫，但是真的蠻好吃的，也沒有遇到眾多評價說的什麼要買五十卻一直被強迫推銷，說買五十店員就裝了五十，大概有八塊吧，份量也不算少，很多人排隊但是隊伍前進很快。,https://www.google.com/maps/contrib/115207535608593207228/reviews?hl=zh-TW
膳品香酥排骨,林鑫鋒,"在地嚮導 · 444 則評論 · 1,348 張相片",2 年前,4 顆星,口感略乾,https://www.google.com/maps/contrib/110084097685515953875/reviews?hl=zh-TW
膳品香酥排骨,Dian Hsu,在地嚮導 · 17 則評論,2 年前,1 顆星,買了幾次 排骨買100說剩檯面硬裝200 結果都是冷的 買50不賣盧買100 肉條又乾又硬 不如買吳記 比較好吃還有可愛的妹子,https://www.google.com/maps/contrib/116824216202884790474/reviews?hl=zh-TW
膳品香酥排骨,阿傑,在地嚮導 · 241 則評論 · 61 張相片,2 年前,2 顆星,不懂很多YouTube推薦，但實際吃起來還好，而且份量也比較少。,https://www.google.com/maps/contrib/103944739744401506716/reviews?hl=zh-TW
膳品香酥排骨,Liz Wei,12 則評論 · 1 張相片,2 年前,1 顆星,買50卻要強迫推銷100，讓人感受很不好⋯⋯⋯⋯動作也有夠慢⋯⋯,https://www.google.com/maps/contrib/101414218099734671094/reviews?hl=zh-TW
膳品香酥排骨,劉素吟,在地嚮導 · 12 則評論 · 1 張相片,2 年前,5 顆星,,https://www.google.com/maps/contrib/112212449198140211192/reviews?hl=zh-TW
膳品香酥排骨,廖翊媚,在地嚮導 · 66 則評論 · 21 張相片,2 年前,3 顆星,"一進入口聞到很香的味道！
需要排隊，
50元份量還可以接受，嚐鮮即可，
吃起來沒有香氣，口感偏硬！",https://www.google.com/maps/contrib/105495515357158032483/reviews?hl=zh-TW
膳品香酥排骨,Papapig,"在地嚮導 · 794 則評論 · 3,698 張相片",2 年前,3 顆星,價格偏高，肉條不多。排骨酥常常缺貨。,https://www.google.com/maps/contrib/113536991863456863820/reviews?hl=zh-TW
膳品香酥排骨,Jay Hong,"在地嚮導 · 258 則評論 · 7,360 張相片",2 年前,3 顆星,,https://www.google.com/maps/contrib/104979831855567183085/reviews?hl=zh-TW
膳品香酥排骨,1子,在地嚮導 · 29 則評論 · 2 張相片,2 年前,5 顆星,"台南必吃
無敵美味 連續吃兩天",https://www.google.com/maps/contrib/109609049832757801736/reviews?hl=zh-TW
膳品香酥排骨,蓮花,"在地嚮導 · 745 則評論 · 6,617 張相片",2 年前,3 顆星,好香香也好貴貴,https://www.google.com/maps/contrib/104700384258876752281/reviews?hl=zh-TW
膳品香酥排骨,Arwen CH,在地嚮導 · 119 則評論 · 366 張相片,2 年前,4 顆星,"太晚去只剩肉條
超香又酥脆
不過份量偏少價格高",https://www.google.com/maps/contrib/103161790702785538260/reviews?hl=zh-TW
膳品香酥排骨,Alicia,在地嚮導 · 662 則評論 · 747 張相片,2 年前,2 顆星,喜歡無骨肉條，但這次買到溫涼的，且口感偏乾硬，加上疑似故意多給炸粉顆粒湊重量，感受不太好😥 …,https://www.google.com/maps/contrib/113010710434442612514/reviews?hl=zh-TW
膳品香酥排骨,CT C,12 則評論 · 3 張相片,2 年前,1 顆星,態度差 衛生差 份量極少 騙觀光客的 看過此評價的就不要再去買了 不要再有人受騙了,https://www.google.com/maps/contrib/117628650743372670187/reviews?hl=zh-TW
膳品香酥排骨,小烏拉,17 則評論 · 3 張相片,2 年前,1 顆星,"50塊的小的可憐，但又一直排隊不知道排怎樣
口味普通，味道還好覺得可以吃隔壁小上海就好",https://www.google.com/maps/contrib/102722409207368635786/reviews?hl=zh-TW
膳品香酥排骨,Huang Kurban,在地嚮導 · 113 則評論 · 185 張相片,2 年前,3 顆星,很香，但是現在50元分量好少，物價真的飆漲啊哭哭,https://www.google.com/maps/contrib/115953861806957078967/reviews?hl=zh-TW
膳品香酥排骨,Lala J,在地嚮導 · 82 則評論 · 18 張相片,2 年前,1 顆星,有頭髮,https://www.google.com/maps/contrib/110450612661576889977/reviews?hl=zh-TW
膳品香酥排骨,Stanley Lin,在地嚮導 · 16 則評論 · 13 張相片,3 年前,1 顆星,"我家人今天晚上去買
跟老闆說要各50塊
結果老闆一直摸來摸去 …",https://www.google.com/maps/contrib/103810920175583710614/reviews?hl=zh-TW
膳品香酥排骨,Bunny Cheng,在地嚮導 · 21 則評論 · 6 張相片,3 年前,1 顆星,推銷很煩 份量又少,https://www.google.com/maps/contrib/101869673251028291372/reviews?hl=zh-TW
膳品香酥排骨,敏高,在地嚮導 · 32 則評論 · 1 張相片,3 年前,1 顆星,"3/19去花園夜市買時說我要50元，第一次女生員工跟我確認要50嗎，我回覆：對，後來換一個皮膚黝黑較嬌小的男生再次問：要不要買100元，我回覆：不用，這時男子撈了6小塊說這樣50元，我後來覺得那算了買100元，結果100元的量比我前面結帳客戶及比我後面的少很多！買的超不開心，感覺就是要叫你一定要買100⋯

對於花園夜市很多觀光客，很多人都是一次性購買，或許想說只會遇到一次就算了，但還是把這次經驗提供給大家，畢竟沒有特別好吃到要花100元，不如去永樂市場的吳記排骨酥（一樣價錢量多又好吃）",https://www.google.com/maps/contrib/106672191075948354843/reviews?hl=zh-TW
膳品香酥排骨,Eric,在地嚮導 · 17 則評論 · 27 張相片,3 年前,1 顆星,"買50元的帶骨排骨酥才4""""小""""顆，都不知道裡面是肉還是肥豬肉!後來改買一百才有看到幾顆大的排骨...但其中還偷偷偷渡了兩顆炸粉騙重量

......跟老闆說我才剛跟他買了100元的無骨排骨酥吃完(裡面也是不少炸粉渣....)，所以買50元就好，但老闆還是繼續碎碎念叫人改買一百元",https://www.google.com/maps/contrib/118338294147750058461/reviews?hl=zh-TW
膳品香酥排骨,尚諭吳,在地嚮導 · 16 則評論 · 10 張相片,3 年前,1 顆星,,https://www.google.com/maps/contrib/101351528858564970560/reviews?hl=zh-TW
膳品香酥排骨,路人丙,8 則評論 · 1 張相片,3 年前,1 顆星,建議買大份可以免排隊直接插隊，份量少肉硬態度差，不然買隔壁滷味還實在！,https://www.google.com/maps/contrib/108362149076089679063/reviews?hl=zh-TW
膳品香酥排骨,浮雲,5 則評論,3 年前,1 顆星,服務態度不佳……..,https://www.google.com/maps/contrib/114744326760443755922/reviews?hl=zh-TW
膳品香酥排骨,陳琪琪,15 則評論 · 4 張相片,3 年前,1 顆星,如果嫌買50$的人多餘，建議直接刪除這個選項，排隊被略過直接光明正大讓買100$的人插隊就算了，袋子錢不是給不起，說：「現在買50$不提供袋子，這次勉強給妳。」好像我很缺？敢問店家有公告嗎？有時候根本也不是好吃排隊太長，是動作太慢了吧呵呵。,https://www.google.com/maps/contrib/107340073097464820777/reviews?hl=zh-TW
膳品香酥排骨,任冠源,2 則評論,3 年前,1 顆星,,https://www.google.com/maps/contrib/103519982301856887548/reviews?hl=zh-TW
膳品香酥排骨,Bruce,11 則評論 · 2 張相片,3 年前,1 顆星,態度極差，連一顆星都不想給。,https://www.google.com/maps/contrib/108684736252832007265/reviews?hl=zh-TW
膳品香酥排骨,游小喵,3 則評論 · 1 張相片,3 年前,1 顆星,"超級雷的排骨酥
吃起來很像肉乾
態度又不好 服務不佳
一顆星都不想給
真的不好吃….
怎麼還這麼多人排隊？",https://www.google.com/maps/contrib/107019958148436219608/reviews?hl=zh-TW
膳品香酥排骨,Shan C,"在地嚮導 · 172 則評論 · 1,996 張相片",3 年前,3 顆星,老是在排隊 口味是不錯 但是現在會故意說小份很少 要不要改大份 真的有被強迫推銷的感覺 很討厭,https://www.google.com/maps/contrib/118257382755197403997/reviews?hl=zh-TW
膳品香酥排骨,吳侑玲,41 則評論 · 41 張相片,3 年前,1 顆星,"說真的
口味真的是一般般 …",https://www.google.com/maps/contrib/112612934117856250283/reviews?hl=zh-TW
膳品香酥排骨,Hsi,8 則評論 · 6 張相片,3 年前,1 顆星,,https://www.google.com/maps/contrib/116356757189231794214/reviews?hl=zh-TW
膳品香酥排骨,黃閒閒,12 則評論,3 年前,1 顆星,50元份量超少，態度也差到爆炸，絕不再光臨🙄 …,https://www.google.com/maps/contrib/115174425039480924828/reviews?hl=zh-TW
膳品香酥排骨,卡娃娃,在地嚮導 · 95 則評論 · 31 張相片,3 年前,1 顆星,買50元就愁眉苦臉，買兩百就笑臉迎人,https://www.google.com/maps/contrib/117741388089500626178/reviews?hl=zh-TW
膳品香酥排骨,MoMenTun,在地嚮導 · 169 則評論 · 303 張相片,3 年前,5 顆星,很香狠好吃,https://www.google.com/maps/contrib/113858577986445524518/reviews?hl=zh-TW
膳品香酥排骨,GiGi GG,在地嚮導 · 129 則評論 · 506 張相片,3 年前,4 顆星,被香氣吸引過去，不自覺地跟人潮排起隊，結果沒讓人失望，肉條好吃涮嘴！小份份量超少，要買大份的才過癮。,https://www.google.com/maps/contrib/104505628912688716263/reviews?hl=zh-TW
膳品香酥排骨,高秋仁,在地嚮導 · 24 則評論 · 9 張相片,3 年前,1 顆星,50元的份量長這樣給各位參考，購買時店家態度不佳，雪上加霜。,https://www.google.com/maps/contrib/109752399225817364090/reviews?hl=zh-TW
膳品香酥排骨,jer wei,在地嚮導 · 30 則評論 · 36 張相片,3 年前,3 顆星,還可以、不錯吃，但份量真的很少，100元還有其他更好的選擇，不會再回購,https://www.google.com/maps/contrib/117764311593958477924/reviews?hl=zh-TW
膳品香酥排骨,詹幃茹,14 則評論,3 年前,1 顆星,幹零娘！態度有夠差，不知道在差幾點。,https://www.google.com/maps/contrib/116433202158118386813/reviews?hl=zh-TW
膳品香酥排骨,kai,在地嚮導 · 40 則評論 · 12 張相片,3 年前,1 顆星,服務態度差，點餐也不會問是否要辣，隨後跟店員說要辣，態度馬上超差。是生意太好嗎？,https://www.google.com/maps/contrib/103000634581409047412/reviews?hl=zh-TW
膳品香酥排骨,Lily Tseng (Lily),"在地嚮導 · 720 則評論 · 2,473 張相片",3 年前,4 顆星,"用餐時間：2021/9 平日晚上
通常都需要排隊，大約3-5分鐘 …",https://www.google.com/maps/contrib/110320835518243468995/reviews?hl=zh-TW
膳品香酥排骨,Luna,在地嚮導 · 23 則評論 · 1 張相片,3 年前,1 顆星,"一份50肉超級少….
衛生不是很好 桌上放很髒的衛生紙 肉掉到桌上 照樣夾到客人的袋子 看了很不舒服",https://www.google.com/maps/contrib/105925591708808016177/reviews?hl=zh-TW
膳品香酥排骨,Lily Tai,在地嚮導 · 213 則評論 · 365 張相片,4 年前,1 顆星,"麵皮很香好吃，但肉超少、份量也超少！
超級不推🙄️雷爆🙄️ …",https://www.google.com/maps/contrib/105256343451360566898/reviews?hl=zh-TW
膳品香酥排骨,Roger Chao,在地嚮導 · 476 則評論 · 852 張相片,4 年前,1 顆星,"分量 : 買了中分的 肉條+排骨酥，分量少得難以置信，肉條+排骨酥總共大概少少的7,8個

口味 : 很神奇 吃起來有洋芋片的味道，但是真的沒有很好吃，雖然外觀看起來有些炸過頭，幸好吃起來沒有燒焦味，不過不會想再買來吃了

服務 : 人很多需要排隊，所以看起來臉都臭，不過還算客氣。但塑膠袋告知不需要了還硬塞給人，感受不是很好

價格 : 坑人太貴了，沒吃過這麼少這麼貴又不怎麼好吃的排骨酥，第一次給坑就是台南了，看來離墾丁化或六合化不遠了",https://www.google.com/maps/contrib/100851295602978202059/reviews?hl=zh-TW
膳品香酥排骨,Nick Yeh,在地嚮導 · 23 則評論 · 24 張相片,4 年前,5 顆星,好好吃～太誇張了真的,https://www.google.com/maps/contrib/101850040020358808529/reviews?hl=zh-TW
膳品香酥排骨,LBL,"在地嚮導 · 1,161 則評論 · 13,335 張相片",4 年前,1 顆星,手腳很慢，份量很少，CP值低，20210322來買，沒有以前好吃了，不推薦,https://www.google.com/maps/contrib/116128624091623638861/reviews?hl=zh-TW
膳品香酥排骨,張博翔,6 則評論 · 2 張相片,4 年前,5 顆星,,https://www.google.com/maps/contrib/112737380176803529731/reviews?hl=zh-TW
膳品香酥排骨,151,"在地嚮導 · 165 則評論 · 4,758 張相片",4 年前,3 顆星,一份$50不過份量不多..趁熱吃口感酥脆,https://www.google.com/maps/contrib/105437400356433723268/reviews?hl=zh-TW
膳品香酥排骨,劉偉晨,在地嚮導 · 36 則評論 · 1 張相片,4 年前,5 顆星,就是很香啊!很適合配啤酒的小吃，台南夜市唯一推薦的小吃!,https://www.google.com/maps/contrib/117505113778981669876/reviews?hl=zh-TW
膳品香酥排骨,上岸,35 則評論 · 2 張相片,4 年前,5 顆星,很香很脆很好吃,https://www.google.com/maps/contrib/113267673273250658337/reviews?hl=zh-TW
膳品香酥排骨,笑笑看,在地嚮導 · 143 則評論 · 146 張相片,4 年前,2 顆星,吃過一次就夠了,https://www.google.com/maps/contrib/102017796226617730331/reviews?hl=zh-TW
膳品香酥排骨,kenken,"在地嚮導 · 915 則評論 · 6,694 張相片",4 年前,4 顆星,排骨酥帶骨的還不錯吃蠻香的，排骨肉條還好略柴了些，一份$50份量不多略貴些,https://www.google.com/maps/contrib/114535200080088072921/reviews?hl=zh-TW
膳品香酥排骨,Shu,在地嚮導 · 70 則評論,5 年前,4 顆星,"大東夜市必買之一
50元只有一點點⋯ 小貴",https://www.google.com/maps/contrib/110832005520809371030/reviews?hl=zh-TW
膳品香酥排骨,Hsuan,在地嚮導 · 199 則評論 · 548 張相片,5 年前,4 顆星,排骨炸的酥脆，但還是略柴，如果可以再不柴一點更好，口味是還不錯,https://www.google.com/maps/contrib/112461055937142836391/reviews?hl=zh-TW
膳品香酥排骨,西施乖乖站起來,在地嚮導 · 208 則評論 · 673 張相片,5 年前,5 顆星,大東必吃之一，雖然相對價格稍高但絕對值得,https://www.google.com/maps/contrib/103744139741886002872/reviews?hl=zh-TW
膳品香酥排骨,HC S,"在地嚮導 · 3,230 則評論 · 23,803 張相片",5 年前,4 顆星,比吳記好吃,https://www.google.com/maps/contrib/117148331852094810753/reviews?hl=zh-TW
膳品香酥排骨,Zhen Yu,在地嚮導 · 186 則評論 · 305 張相片,5 年前,2 顆星,"看很多人推卡滋肉條才來排隊的
結果超級普通....",https://www.google.com/maps/contrib/109221881867548538677/reviews?hl=zh-TW
膳品香酥排骨,Edward Lin (Edward),在地嚮導 · 20 則評論 · 42 張相片,5 年前,3 顆星,我沒吃過，但是家人說炸排骨酥超級好吃，結果第一次去買回來被罵得半死，因為買到有骨頭的，大家要買前記得確定沒有骨頭，是卡滋肉條，不是排骨酥，這樣會買錯。,https://www.google.com/maps/contrib/110863062988107760510/reviews?hl=zh-TW
膳品香酥排骨,Vivian S.,"在地嚮導 · 798 則評論 · 9,564 張相片",5 年前,4 顆星,這是很多部落格上必備的。這是一個很好的3.8。得到紅色的，這樣就沒有骨頭了。黑排骨真的很煩而且太難嚼了。購買100NT以上即可混合口味。隊伍移動得很快，但我們希望我們沒有買太多。這很好，但並沒有真正達到炒作的效果。,https://www.google.com/maps/contrib/106310507937771793764/reviews?hl=zh-TW
膳品香酥排骨,April Lee,"在地嚮導 · 538 則評論 · 2,762 張相片",5 年前,2 顆星,看多人多來排隊，買了50元排骨酥，份量蠻少的，吃了兩塊都是粉超多肉一點點的，而且也沒有很熱，都是先炸好一些放在那邊賣，炸粉很酥，肉還好，綜合100的才可以肉條跟排骨各半，50的沒辦法，就吃了不會再買下一次了,https://www.google.com/maps/contrib/102854186008367157769/reviews?hl=zh-TW
膳品香酥排骨,Lilian,在地嚮導 · 34 則評論 · 31 張相片,5 年前,4 顆星,還不錯吃，但有點小貴，小份50元只有一點點…,https://www.google.com/maps/contrib/101813395031939880047/reviews?hl=zh-TW
膳品香酥排骨,Scott Lee,"在地嚮導 · 1,172 則評論 · 5,323 張相片",5 年前,4 顆星,炸的乾酥爽口，醃料不會死鹹，需耐心排隊！,https://www.google.com/maps/contrib/103343327828171163779/reviews?hl=zh-TW
膳品香酥排骨,Liu Yu-Chen,在地嚮導 · 52 則評論 · 376 張相片,6 年前,4 顆星,還可，味道蠻香，咬勁好，酥脆，價格不屬於便宜，facebook打卡享優惠的10元肉贈品，量其實還好,https://www.google.com/maps/contrib/105530709918503304084/reviews?hl=zh-TW
膳品香酥排骨,Neshek H,在地嚮導 · 130 則評論 · 96 張相片,6 年前,4 顆星,"二次回訪，相當好吃！
沒有骨頭，但比較有點偏向酥炸豬肉條，味道不錯，有點乾是小缺點，不算便宜。",https://www.google.com/maps/contrib/109695042170325727620/reviews?hl=zh-TW
膳品香酥排骨,林少貓,在地嚮導 · 100 則評論 · 78 張相片,6 年前,5 顆星,很好吃,https://www.google.com/maps/contrib/106935542785698355151/reviews?hl=zh-TW
膳品香酥排骨,Y C,"在地嚮導 · 783 則評論 · 10,555 張相片",6 年前,4 顆星,"排骨又稱豬肋骨，是指豬的肋骨部位。為北美洲及亞洲常見的食物。美式煮法通常以燒烤為主，中國菜會使用炆或蒸等的方法，例如廣東點心的豉汁排骨、無錫的無錫排骨等。
營養豐富，營養含量高。 …",https://www.google.com/maps/contrib/104034936023760167581/reviews?hl=zh-TW
膳品香酥排骨,E,"在地嚮導 · 1,430 則評論 · 7,654 張相片",6 年前,5 顆星,酥脆,https://www.google.com/maps/contrib/110691298344649871171/reviews?hl=zh-TW
膳品香酥排骨,孟,在地嚮導 · 155 則評論 · 458 張相片,6 年前,3 顆星,似乎沒有以前的好吃，有些吃起來油味的感覺，價格也偏高.不過還是有朋友覺得是好吃的，每個人喜愛的口味不同.,https://www.google.com/maps/contrib/108379731392949706658/reviews?hl=zh-TW
膳品香酥排骨,許程淵,"在地嚮導 · 515 則評論 · 1,967 張相片",7 年前,3 顆星,從大東夜市招牌進入，就看到長長 排隊人龍，生意超好!,https://www.google.com/maps/contrib/112215121620158131556/reviews?hl=zh-TW
膳品香酥排骨,吳明城,"1,426 則評論",7 年前,3 顆星,50元，五塊，有點貴,https://www.google.com/maps/contrib/104258763058565387408/reviews?hl=zh-TW
膳品香酥排骨,James Huang,"在地嚮導 · 1,302 則評論 · 57,291 張相片",7 年前,5 顆星,,https://www.google.com/maps/contrib/117161015492918603087/reviews?hl=zh-TW
德聖炭烤醬燒雞排（大東夜市）,笑笑看,在地嚮導 · 143 則評論 · 146 張相片,3 天前,4 顆星,雞排會切塊.貼心的服務.醬料就是台南人的甜.以價位來說肉跟粉的比例是ok.可能我在台北吃過太多粉很厚的雞排吧😂.現炸吃比較好吃.冷了可能會有個雞味.但好像不是每個人都懂那個味道,https://www.google.com/maps/contrib/102017796226617730331/reviews?hl=zh-TW
德聖炭烤醬燒雞排（大東夜市）,阿勳（Rick）,在地嚮導 · 22 則評論 · 10 張相片,6 天前,1 顆星,"點餐的人很憤怒喔，像極了炸藥
第一次買的人應該就嚇到不敢再光臨
雖然對夜市餐飲沒有要求服務
但也沒有很喜歡花90去看臉色不耐煩啦…
超好吃就算了但其實偏普…",https://www.google.com/maps/contrib/107291197469719869868/reviews?hl=zh-TW
德聖炭烤醬燒雞排（大東夜市）,霸川,在地嚮導 · 34 則評論 · 1 張相片,1 週前,5 顆星,90元，好吃的雞排，有幫客人切好，偏甜，碳烤外皮酥脆，因為人多需要拿號碼牌，大概等20分鐘，可以先去逛逛再回來拿。,https://www.google.com/maps/contrib/108774215798854972162/reviews?hl=zh-TW
德聖炭烤醬燒雞排（大東夜市）,德茲,9 則評論 · 2 張相片,1 週前,1 顆星,上個夜市王態度可以這麼差噢,https://www.google.com/maps/contrib/101736230568204523466/reviews?hl=zh-TW
德聖炭烤醬燒雞排（大東夜市）,楊彩琳,"在地嚮導 · 2,261 則評論 · 11,452 張相片",1 週前,3 顆星,雞排烤的好香～醬料偏甜，粉微厚。,https://www.google.com/maps/contrib/108895656329368458767/reviews?hl=zh-TW
德聖炭烤醬燒雞排（大東夜市）,Q毛,在地嚮導 · 105 則評論 · 43 張相片,1 週前,1 顆星,肉很薄 粉很厚,https://www.google.com/maps/contrib/113934614771436728298/reviews?hl=zh-TW
德聖炭烤醬燒雞排（大東夜市）,戴妤樺,在地嚮導 · 83 則評論 · 20 張相片,1 週前,1 顆星,老闆態度不好,https://www.google.com/maps/contrib/117982276259705544667/reviews?hl=zh-TW
德聖炭烤醬燒雞排（大東夜市）,嵐,在地嚮導 · 713 則評論 · 693 張相片,3 週前,5 顆星,醬香又皮脆,https://www.google.com/maps/contrib/115380530725170723719/reviews?hl=zh-TW
德聖炭烤醬燒雞排（大東夜市）,Sheng Huang,在地嚮導 · 26 則評論 · 17 張相片,3 週前,1 顆星,很鹹、有一個雞味,https://www.google.com/maps/contrib/111695303171031765778/reviews?hl=zh-TW
德聖炭烤醬燒雞排（大東夜市）,CheChia Hsu,在地嚮導 · 41 則評論 · 34 張相片,1 個月前,3 顆星,可惜了，這家雞排以前很好吃的⋯⋯應該是生意太好了越做越不用心、越來越隨便！,https://www.google.com/maps/contrib/110471835078696190537/reviews?hl=zh-TW
德聖炭烤醬燒雞排（大東夜市）,Lu Lin,在地嚮導 · 311 則評論 · 858 張相片,1 個月前,2 顆星,"在禮拜五 武聖夜市買的
個人感覺不好吃，雞肉有味道，還有火化的味道（有聞過的就會懂）
在排隊的時候就聞到不好聞的味道🫥
醬汁過鹹，不合胃口",https://www.google.com/maps/contrib/111494459021322590391/reviews?hl=zh-TW
德聖炭烤醬燒雞排（大東夜市）,竣傑,在地嚮導 · 283 則評論 · 71 張相片,2 個月前,1 顆星,號碼牌根本沒用，出餐混亂，隨機取餐，根本靠運氣,https://www.google.com/maps/contrib/103956528805900547508/reviews?hl=zh-TW
德聖炭烤醬燒雞排（大東夜市）,Wythe Lee,在地嚮導 · 130 則評論 · 253 張相片,2 個月前,4 顆星,"餐點不錯！☺️
先結帳拿號碼牌 🙂
排隊動線需告知🤣
口味偏甜🤪
雞肉新鮮👍",https://www.google.com/maps/contrib/105946302384184870233/reviews?hl=zh-TW
德聖炭烤醬燒雞排（大東夜市）,feny chen,10 則評論,2 個月前,1 顆星,,https://www.google.com/maps/contrib/106382162183370432392/reviews?hl=zh-TW
德聖炭烤醬燒雞排（大東夜市）,施竣耀,在地嚮導 · 38 則評論 · 95 張相片,2 個月前,4 顆星,"動線真的比較不好 可能要自己看一下
大部分在攤位前面的人 都是在等待餐點的
所以點餐就直接至櫃檯點餐拿號碼牌即可

我的話是先點餐就直接去逛夜市了
所以等待的體感沒有那麼久

餐點我個人覺得還不錯
酥酥脆脆的炸皮 裹著醬汁（醬汁偏甜",https://www.google.com/maps/contrib/105120682964009942003/reviews?hl=zh-TW
德聖炭烤醬燒雞排（大東夜市）,Y I,"在地嚮導 · 1,849 則評論 · 9,971 張相片",2 個月前,5 顆星,"日式醬燒雞排$90
香氣很足，肉也好吃不柴，份量算大，好吃",https://www.google.com/maps/contrib/103916878421002513171/reviews?hl=zh-TW
德聖炭烤醬燒雞排（大東夜市）,Jonathan Peng,在地嚮導 · 87 則評論 · 15 張相片,2 個月前,1 顆星,,https://www.google.com/maps/contrib/103665299055971742342/reviews?hl=zh-TW
德聖炭烤醬燒雞排（大東夜市）,魏于庭,在地嚮導 · 16 則評論 · 15 張相片,2 個月前,5 顆星,看了夜市王的我超想吃，居然在禮拜六的國華夜市吃到了，外面的醬汁是偏甜的，雞排醃的很入味又軟嫩，真的好吃！,https://www.google.com/maps/contrib/114305078745136919852/reviews?hl=zh-TW
德聖炭烤醬燒雞排（大東夜市）,xiu xiu,在地嚮導 · 10 則評論 · 5 張相片,2 個月前,1 顆星,"東西普普
工作的人好像都很生氣
充滿不耐煩、摔東西..
第一次遇到這樣的",https://www.google.com/maps/contrib/116279927408103005901/reviews?hl=zh-TW
德聖炭烤醬燒雞排（大東夜市）,喬喬,在地嚮導 · 53 則評論 · 2 張相片,2 個月前,1 顆星,看夜市王去買的，怎麼可以這麼難吃呢？！很失望，態度還不好,https://www.google.com/maps/contrib/104408178873787130414/reviews?hl=zh-TW
德聖炭烤醬燒雞排（大東夜市）,董君君,5 則評論,3 個月前,1 顆星,"戴眼鏡的那位先生態度不知道在差幾點的
自己排隊動線也沒寫要怎麼排，看大家擠成一團就在那邊不爽摔盒子
一次店",https://www.google.com/maps/contrib/111056594602022940364/reviews?hl=zh-TW
德聖炭烤醬燒雞排（大東夜市）,陳俊傑,14 則評論 · 1 張相片,3 個月前,1 顆星,態度不知道在差什麼意思的🙄 …,https://www.google.com/maps/contrib/113567908532997699014/reviews?hl=zh-TW
德聖炭烤醬燒雞排（大東夜市）,潘宗緯,9 則評論,3 個月前,1 顆星,"沒有下次…
留山羊鬍的那位胖哥不知道在跩什麼？
說真的雞排普通
死鹹真的
老闆要好好跟那位山羊鬍先生說一下",https://www.google.com/maps/contrib/116110035731154411157/reviews?hl=zh-TW
德聖炭烤醬燒雞排（大東夜市）,Gary Lin,在地嚮導 · 35 則評論 · 4 張相片,3 個月前,1 顆星,"好吃 肉不柴
但態度超差
排隊路線爛 排到隔壁間
招牌沒標示「不能加辣」
跟老闆點一份要加辣被回一句：請看清楚再點餐",https://www.google.com/maps/contrib/104232750437789911792/reviews?hl=zh-TW
德聖炭烤醬燒雞排（大東夜市）,inu K.,"在地嚮導 · 843 則評論 · 2,555 張相片",3 個月前,4 顆星,"台南大東東夜市著名雞攤

首先，這個攤位位於原大東夜市，目前因地權問題被分割。
基本上就是用特製醬油醃製的雞肉餃子，也可以做泰式酸辣口味。

您在攤位的左側點餐並付款，獲取號碼，等待，然後在叫號時取貨。
預設為關閉狀態，因此可以輕鬆與您的同伴分享。

至於味道，甜醬油味還不錯，但作為一個日本人，這個味道絕對讓我想七味…
就我個人而言，我不會厭倦常見的香料，但如果您想嘗試一些不同的東西，那就繼續吧！",https://www.google.com/maps/contrib/102918760277598099918/reviews?hl=zh-TW
德聖炭烤醬燒雞排（大東夜市）,林鴻毅,在地嚮導 · 24 則評論 · 4 張相片,3 個月前,1 顆星,有生以來最難吃的雞排 吃不到半份就丟掉 碳烤的醬跟額外的醬完全是分開的==那不是多層次 那是味道分離,https://www.google.com/maps/contrib/112984848967909227128/reviews?hl=zh-TW
德聖炭烤醬燒雞排（大東夜市）,Dr Liang,"在地嚮導 · 331 則評論 · 2,082 張相片",4 個月前,2 顆星,"看夜市王來品嚐的，點菜後拿號碼牌
大約等候10-15分鐘
整體粉感很重，調味偏甜
肉片薄，吃不到肉本身的味道
不太合口味…

五🌟：非常好吃，不論是服務還是環境皆優良，會再回訪與推薦
四🌟：好吃，服務與環境在標準之上，可以推薦
三🌟：就普普通通，都在標準，沒有什麼特殊表現，路過充飢可以列入選項
二🌟：不怎麼樣，服務或環境可能有問題，會避免再來。
一🌟：嚴重踩雷！",https://www.google.com/maps/contrib/102339712872705933081/reviews?hl=zh-TW
德聖炭烤醬燒雞排（大東夜市）,李芷,在地嚮導 · 158 則評論 · 488 張相片,4 個月前,3 顆星,"看了YT影片來嚐嚐看，人很多，動線亂，i人的挑戰，直接跟店家點餐（不要害羞，講出來）、付錢，拿號碼牌，就可以先逛其他了。

沒看到影片說的特調，但有個「蜂蜜芥末口味$95」，趁熱吃是好吃的，蜂蜜芥末跟市售的味道不一樣，應該是店家特調的，味道不錯。

雞排蠻大塊，但雞排粉漿很厚（如圖），分量看起來有2排，但底下那排基本是骨頭，把肉吃完，剩下的粉漿+骨頭，讓份量看起來沒變🤣。
整體評價：味道不錯，吃完空虛。

Ps.雖然地圖標記是大東夜市，不過今天（12/6）在大東東夜市唷！",https://www.google.com/maps/contrib/113059033183817315825/reviews?hl=zh-TW
德聖炭烤醬燒雞排（大東夜市）,郭Fang Fang,在地嚮導 · 12 則評論 · 3 張相片,4 個月前,2 顆星,"奉勸老闆好好教育工讀生的態度^ ^
不要讓漏單、態度差、理直氣壯這種鳥事敗壞你的節目光環",https://www.google.com/maps/contrib/101828572542542126398/reviews?hl=zh-TW
德聖炭烤醬燒雞排（大東夜市）,許美鳳,8 則評論 · 10 張相片,4 個月前,1 顆星,工讀生漏寫，沒歉意,https://www.google.com/maps/contrib/106942331477504688734/reviews?hl=zh-TW
德聖炭烤醬燒雞排（大東夜市）,王俊盛,在地嚮導 · 289 則評論 · 235 張相片,4 個月前,3 顆星,雞排本身的話不難吃，會幫妳切好，肉汁幾乎沒有，刷醬的話偏甜，熱熱吃不會太柴，冷掉吃也不會太難吃，要先點餐付錢拿號碼牌，只看到圍很多人，沒有規劃什麼排隊動線，也沒看到店員指示該做什麼，誰先點，只有兩個店員做自己的事跟客人講話口氣不太好，看了夜市王來，老實說還挺失望,https://www.google.com/maps/contrib/107000375630966385784/reviews?hl=zh-TW
德聖炭烤醬燒雞排（大東夜市）,蔡皓文,在地嚮導 · 189 則評論 · 667 張相片,5 個月前,4 顆星,大東夜市必吃美食，價格對得起份量，真的值得試試看！,https://www.google.com/maps/contrib/113181313940651958821/reviews?hl=zh-TW
德聖炭烤醬燒雞排（大東夜市）,陳浩南,在地嚮導 · 6 則評論 · 27 張相片,5 個月前,2 顆星,"2024/11/15
這次是在武聖夜市內購買，雞排一份85，先付款領牌

不合我都口味，醬很少，太乾，沒有醬燒味",https://www.google.com/maps/contrib/112234864913231777563/reviews?hl=zh-TW
德聖炭烤醬燒雞排（大東夜市）,王寶燦,"在地嚮導 · 447 則評論 · 3,125 張相片",5 個月前,5 顆星,,https://www.google.com/maps/contrib/112019745163166524625/reviews?hl=zh-TW
德聖炭烤醬燒雞排（大東夜市）,Marcus M,7 則評論 · 1 張相片,6 個月前,1 顆星,超難吃 粉皮是肉的兩倍大 肉薄的可憐 刷到這則評論的你可以省下你的85塊了。,https://www.google.com/maps/contrib/105536773482137927466/reviews?hl=zh-TW
德聖炭烤醬燒雞排（大東夜市）,Emily Huang,在地嚮導 · 13 則評論 · 18 張相片,6 個月前,2 顆星,"一次店。

粉超厚！我從來沒有吃過粉那麼厚的雞排。
你們應該要叫炸粉排！",https://www.google.com/maps/contrib/110393483857332988220/reviews?hl=zh-TW
德聖炭烤醬燒雞排（大東夜市）,高橋蓮,在地嚮導 · 4 則評論 · 3 張相片,7 個月前,4 顆星,我在台灣的第一次夜市美食體驗。非常特別的炸雞,https://www.google.com/maps/contrib/114005590503801647629/reviews?hl=zh-TW
德聖炭烤醬燒雞排（大東夜市）,張紜慈,在地嚮導 · 12 則評論 · 6 張相片,8 個月前,1 顆星,出生到現在還沒出過難以下嚥的雞排,https://www.google.com/maps/contrib/104617366201775986244/reviews?hl=zh-TW
德聖炭烤醬燒雞排（大東夜市）,Appuww,4 則評論,8 個月前,1 顆星,胖的男生店員 態度很差  做生意很難受 乾脆不要做好了,https://www.google.com/maps/contrib/114558108325085709287/reviews?hl=zh-TW
德聖炭烤醬燒雞排（大東夜市）,賴緯愷,3 則評論,8 個月前,1 顆星,店員自己把蜂蜜芥末跟泰式酸辣聽錯口氣還那麼差，真的不懂,https://www.google.com/maps/contrib/117839506717911836979/reviews?hl=zh-TW
德聖炭烤醬燒雞排（大東夜市）,Show Babe,在地嚮導 · 76 則評論 · 80 張相片,9 個月前,1 顆星,其實不好吃😭😭😭,https://www.google.com/maps/contrib/110256085762812043012/reviews?hl=zh-TW
德聖炭烤醬燒雞排（大東夜市）,Kai,在地嚮導 · 75 則評論 · 19 張相片,10 個月前,5 顆星,一大塊85 便宜又好吃,https://www.google.com/maps/contrib/107216642420327912608/reviews?hl=zh-TW
德聖炭烤醬燒雞排（大東夜市）,Wendy,"在地嚮導 · 527 則評論 · 2,677 張相片",1 年前,4 顆星,,https://www.google.com/maps/contrib/110958729123310785156/reviews?hl=zh-TW
德聖炭烤醬燒雞排（大東夜市）,Sylvia Su,"在地嚮導 · 1,390 則評論 · 5,960 張相片",1 年前,5 顆星,"點了日式醬燒口味（NT.85元），皮很好吃，肉也不柴。

需要先去拿號碼牌，然後店家會告知多久回來拿，號碼是隨機的！",https://www.google.com/maps/contrib/117597040707417681852/reviews?hl=zh-TW
德聖炭烤醬燒雞排（大東夜市）,海棠,4 則評論,1 年前,5 顆星,很好吃，外送速度很快，服務態度很好。,https://www.google.com/maps/contrib/114747250051839236258/reviews?hl=zh-TW
德聖炭烤醬燒雞排（大東夜市）,劉禹彤,在地嚮導 · 40 則評論 · 88 張相片,1 年前,4 顆星,這是在星期六武聖夜市吃的。人潮很多建議一來先去拿號碼牌然後先去其他攤位吃完在回來拿。。那時候拿到23號叫號叫到16號。等待時間大概10分鐘左右。。其實不會很久。口味偏甜。。雞肉口感不會太乾材。。是好吃的。。。份量不算太少。,https://www.google.com/maps/contrib/101024600159430204988/reviews?hl=zh-TW
德聖炭烤醬燒雞排（大東夜市）,陳建瑋,在地嚮導 · 573 則評論 · 2 張相片,1 年前,3 顆星,價格跟臺北差不多；偏甜，還行。,https://www.google.com/maps/contrib/113669131043546511012/reviews?hl=zh-TW
德聖炭烤醬燒雞排（大東夜市）,拗寶,"在地嚮導 · 137 則評論 · 1,009 張相片",1 年前,5 顆星,"看到很多人排隊，跟風一起排～老闆口氣很冷
買了‘日式醬燒’口味，醬的味道很特別，有中藥味，外皮濕潤帶點酥脆，還蠻喜歡的。",https://www.google.com/maps/contrib/118160205762111055874/reviews?hl=zh-TW
天王牛排,天天,在地嚮導 · 32 則評論 · 63 張相片,2 個月前,1 顆星,"2025/02/03光顧
給6星好評，這個是多出來的一星
140元的牛排，厚度跟火腿片一樣，而且是重組肉，麵真的是我吃過第一名的美味（倒數）
200元厚切牛排，才是一般厚度的牛排，但跟橡皮筋一樣美味
這麼美味不能只有我吃到www",https://www.google.com/maps/contrib/102819966053584318856/reviews?hl=zh-TW
天王牛排,鍵盤酸民退散,11 則評論 · 4 張相片,4 個月前,1 顆星,"奉勸大家這間真的不要吃 大踩雷 他們家的肉全部都是合成肉 還有股臭味
地點：大東夜市",https://www.google.com/maps/contrib/104031598621756694245/reviews?hl=zh-TW
天王牛排,莊波波,在地嚮導 · 22 則評論 · 8 張相片,1 個月前,1 顆星,"大東唯一的雷店就是你們家
肉硬醬料鹹",https://www.google.com/maps/contrib/103784724294703662355/reviews?hl=zh-TW
天王牛排,Andy Lee,在地嚮導 · 16 則評論 · 13 張相片,1 個月前,1 顆星,這種薄到像培根的重組肉，我加麵，還敢賣150元，難吃到爆，又貴，超雷的店，一次店，連玉米濃湯都沒附，有夠誇張,https://www.google.com/maps/contrib/113092126731303230013/reviews?hl=zh-TW
天王牛排,爵士俱樂部,在地嚮導 · 23 則評論 · 3 張相片,2 個月前,1 顆星,"2／17（一）第一次去大東夜市就遇到這麼雷的牛排！
這麼爛的東西怎麼賣的下去！
說的就是140的牛排",https://www.google.com/maps/contrib/100235112971595179312/reviews?hl=zh-TW
天王牛排,郭大俠,3 則評論 · 1 張相片,7 個月前,1 顆星,"9/23晚間約快9點時前來用餐
點了2份豬排
出餐速度超快，一下子就上桌了
埋沒在滿滿綜合醬下的豬排肉塊，感覺呈現略粉紅色狀態，因為當時肚子餓就沒想那麼多也沒拍照，西哩呼嚕吃完了，之後下雨就趕著回家了，接著我跟太太都覺得從食道到胃都有種燒燒的感覺，我感覺越來越不舒服，半夜3點起開始上吐下瀉，現在時間5：05分，我還蹲在廁所發這篇評論，太太說她也覺得不對勁，稍早已喝大量水和膳食纖維先排掉了

圖為正在蹲廁所的天花板",https://www.google.com/maps/contrib/103246948570873475733/reviews?hl=zh-TW
天王牛排,黃阿樂,8 則評論 · 7 張相片,1 年前,1 顆星,"千萬不要來吃腥味組合肉
有錢也不是這樣花的！詐欺牛排",https://www.google.com/maps/contrib/118304681707290997156/reviews?hl=zh-TW
天王牛排,L’,在地嚮導 · 109 則評論 · 182 張相片,10 個月前,5 顆星,雞腿排好好吃，黑胡椒醬也很香,https://www.google.com/maps/contrib/108111922438964734455/reviews?hl=zh-TW
天王牛排,諾飛,在地嚮導 · 35 則評論 · 1 張相片,4 個月前,1 顆星,"轉身去裝個濃湯 湯匙跟盤子都收走^_^
讓人家印象極差",https://www.google.com/maps/contrib/106681605749214036738/reviews?hl=zh-TW
天王牛排,張智鈞,3 則評論,4 個月前,5 顆星,吃完這牛肉口味的口香糖，晚上換肚子在嚼,https://www.google.com/maps/contrib/113712356836569052280/reviews?hl=zh-TW
天王牛排,宋品漢,10 則評論,4 個月前,1 顆星,也沒辦法說話 還在嚼這塊口香糖,https://www.google.com/maps/contrib/116396626833833410703/reviews?hl=zh-TW
天王牛排,fran Su,在地嚮導 · 13 則評論 · 9 張相片,2 個月前,1 顆星,"超級難吃
醬不行
肉不行
麵不行",https://www.google.com/maps/contrib/114379055393878293331/reviews?hl=zh-TW
天王牛排,Jannnil Jan,7 則評論 · 1 張相片,1 年前,1 顆星,牛排有一種在咬紙箱的感覺 蛋感覺吃了隨時基因都會重組,https://www.google.com/maps/contrib/103963648904894988002/reviews?hl=zh-TW
天王牛排,cheng,11 則評論,2 個月前,1 顆星,"麵超少
肉難吃",https://www.google.com/maps/contrib/101025451894349144509/reviews?hl=zh-TW
天王牛排,MEI,在地嚮導 · 106 則評論 · 65 張相片,1 年前,1 顆星,"肉質也太差了,這個價位的肉不至於吧,服務還可以",https://www.google.com/maps/contrib/114325751076499049268/reviews?hl=zh-TW
天王牛排,陳奕雯,9 則評論 · 8 張相片,2 個月前,1 顆星,好難吃,https://www.google.com/maps/contrib/103568156242610825097/reviews?hl=zh-TW
天王牛排,楊尚之,5 則評論,2 個月前,1 顆星,超級鹹,https://www.google.com/maps/contrib/113867876385236246532/reviews?hl=zh-TW
天王牛排,OuO低調,3 則評論,2 個月前,1 顆星,牛肉很硬,https://www.google.com/maps/contrib/104675924169187874340/reviews?hl=zh-TW
天王牛排,Yi LI,1 則評論 · 2 張相片,3 個月前,1 顆星,,https://www.google.com/maps/contrib/104347818689982357963/reviews?hl=zh-TW
天王牛排,imoet Aimoetdyah,1 則評論,1 年前,3 顆星,,https://www.google.com/maps/contrib/103343658731228253771/reviews?hl=zh-TW
功夫燒肉夾饃-大東夜市,陳凱威,8 則評論 · 5 張相片,9 個月前,1 顆星,難吃,https://www.google.com/maps/contrib/111256477942636753777/reviews?hl=zh-TW
功夫燒肉夾饃-大東夜市,Mafe De Ramos,3 則評論 · 3 張相片,1 年前,2 顆星,,https://www.google.com/maps/contrib/101292567405863225597/reviews?hl=zh-TW
功夫燒肉夾饃-大東夜市,harryshow,在地嚮導 · 40 則評論 · 183 張相片,1 年前,5 顆星,"沒想到這間肉夾饃，也有來大東夜市擺攤欸，真的是太幸運了😁
今天吃他們的蔥爆羊肉夾饃
原本不是很敢吃羊的我
老闆極力推薦，說不會有「騷」味
果然沒有ㄟ😁，而且還蠻香的喔！
（因為以前在大陸吃過羊肉口味的，被嚇到😅）",https://www.google.com/maps/contrib/101357573649088760354/reviews?hl=zh-TW
延記臭豆腐/大東夜市,S L,在地嚮導 · 12 則評論,8 小時前,5 顆星,,https://www.google.com/maps/contrib/112468502489260866004/reviews?hl=zh-TW
延記臭豆腐/大東夜市,Yeoh Henry,1 則評論,3 天前,5 顆星,全台灣最好吃的臭豆腐！,https://www.google.com/maps/contrib/108362689008603506860/reviews?hl=zh-TW
延記臭豆腐/大東夜市,陳韋政,在地嚮導 · 37 則評論 · 7 張相片,1 週前,4 顆星,甜的豆腐，沒豆味，皮脆脆的吃起來像餅乾，別的地方吃不到的豆腐味的👍,https://www.google.com/maps/contrib/101754380945048076283/reviews?hl=zh-TW
延記臭豆腐/大東夜市,鄭皓仁,12 則評論,1 個月前,5 顆星,"臭豆腐好吃又大塊！酥脆多汁！
而且座位足夠不怕沒座位，還沒吃過的朋友趕快來試看看！還有老闆娘很漂亮喔",https://www.google.com/maps/contrib/109572389272494011155/reviews?hl=zh-TW
延記臭豆腐/大東夜市,Li-Chen Lin,在地嚮導 · 433 則評論 · 575 張相片,2 個月前,5 顆星,"臭豆腐外酥內軟，沾到醬也不會變軟，很好吃。
配菜酸酸甜甜的，搭配的剛剛好。
價格不算低",https://www.google.com/maps/contrib/105471848999971976470/reviews?hl=zh-TW
延記臭豆腐/大東夜市,jia yu yang,在地嚮導 · 20 則評論,4 個月前,1 顆星,每次去大東夜市必買外帶，今天踩雷了！！買了外帶豆腐一半亮色偏硬（不知炸了幾回）冷的，一半是正常的。不會再買了,https://www.google.com/maps/contrib/116239352860342988643/reviews?hl=zh-TW
延記臭豆腐/大東夜市,Nut Mug,"在地嚮導 · 1,582 則評論 · 4,745 張相片",4 個月前,5 顆星,"臭豆腐非常好吃
外酥內嫩很多汁",https://www.google.com/maps/contrib/108041219774493785643/reviews?hl=zh-TW
延記臭豆腐/大東夜市,M J,在地嚮導 · 21 則評論 · 8 張相片,4 個月前,5 顆星,"臭豆腐酥脆～非常好吃👍
老闆態度親切，推一個～(●°u°●) 」",https://www.google.com/maps/contrib/105582500653839727942/reviews?hl=zh-TW
延記臭豆腐/大東夜市,PAOPAO SHIH,5 則評論 · 1 張相片,4 個月前,5 顆星,皮超酥又多汁!!好吃 不誇張 下次肯定再來,https://www.google.com/maps/contrib/102690317400923002997/reviews?hl=zh-TW
延記臭豆腐/大東夜市,王佳瑜,4 則評論 · 18 張相片,4 個月前,5 顆星,,https://www.google.com/maps/contrib/109751310121000077469/reviews?hl=zh-TW
延記臭豆腐/大東夜市,郭玉梅,2 則評論,4 個月前,5 顆星,這家真的好吃～我每次一定要吃2盤才夠嘴殘～我心目中的第一名是延記～讚讚讚,https://www.google.com/maps/contrib/107447981877301335383/reviews?hl=zh-TW
延記臭豆腐/大東夜市,江江小派,11 則評論 · 8 張相片,4 個月前,5 顆星,臭豆腐酥脆好吃,https://www.google.com/maps/contrib/106269197630298960670/reviews?hl=zh-TW
延記臭豆腐/大東夜市,陳恩光,在地嚮導 · 173 則評論,4 個月前,5 顆星,來夜市一定要先吃盤延記臭豆腐，外酥內軟又多汁，配上辣椒醬，太對味啦。,https://www.google.com/maps/contrib/108428871372029193065/reviews?hl=zh-TW
延記臭豆腐/大東夜市,文廷祥,4 則評論 · 4 張相片,4 個月前,5 顆星,豆腐酥脆 淋上特製醬汁，加上泡菜，好吃，超推👍,https://www.google.com/maps/contrib/116431313884726791729/reviews?hl=zh-TW
延記臭豆腐/大東夜市,雨璇,6 則評論,4 個月前,5 顆星,外酥內軟，搭配泡菜，絕了！真的絕了！,https://www.google.com/maps/contrib/118094551336903870605/reviews?hl=zh-TW
延記臭豆腐/大東夜市,文長盛,2 則評論,4 個月前,5 顆星,好吃👍👍👍,https://www.google.com/maps/contrib/113755713936100345702/reviews?hl=zh-TW
延記臭豆腐/大東夜市,趙芷嫺,7 則評論 · 4 張相片,4 個月前,5 顆星,好吃😋推推推,https://www.google.com/maps/contrib/117372837483502419187/reviews?hl=zh-TW
延記臭豆腐/大東夜市,謝沛汝,1 則評論,4 個月前,5 顆星,"外酥內軟超好吃
去大東夜市必吃的",https://www.google.com/maps/contrib/111605901594105799372/reviews?hl=zh-TW
延記臭豆腐/大東夜市,許文生,在地嚮導 · 23 則評論 · 7 張相片,4 個月前,1 顆星,低消👍 …,https://www.google.com/maps/contrib/103772309168808802666/reviews?hl=zh-TW
延記臭豆腐/大東夜市,Wei Alex,在地嚮導 · 66 則評論 · 34 張相片,6 個月前,1 顆星,第一次看到夜市有低消,https://www.google.com/maps/contrib/111580380761167150673/reviews?hl=zh-TW
延記臭豆腐/大東夜市,小貓,4 則評論,7 個月前,5 顆星,"臭豆腐外酥內軟再加上酸甜的泡菜根本絕配
每次去逛大東一定會去買延記臭豆腐
超愛吃他們家的臭豆腐 好吃",https://www.google.com/maps/contrib/111948411460159124468/reviews?hl=zh-TW
延記臭豆腐/大東夜市,辛丹勻,4 則評論,7 個月前,5 顆星,超級好吃的臭豆腐。夜市只會吃延記臭豆腐,https://www.google.com/maps/contrib/109363082903843971918/reviews?hl=zh-TW
延記臭豆腐/大東夜市,安柏,4 則評論,7 個月前,5 顆星,,https://www.google.com/maps/contrib/106606699101094315920/reviews?hl=zh-TW
延記臭豆腐/大東夜市,謝芯語,4 則評論,7 個月前,5 顆星,還不錯,https://www.google.com/maps/contrib/104083836762017925573/reviews?hl=zh-TW
延記臭豆腐/大東夜市,陳冠延,在地嚮導 · 16 則評論 · 1 張相片,7 個月前,5 顆星,好吃,https://www.google.com/maps/contrib/109174952682269630989/reviews?hl=zh-TW
延記臭豆腐/大東夜市,shu ting tseng,在地嚮導 · 24 則評論 · 13 張相片,7 個月前,1 顆星,"看到排隊人潮才跟著吃
臭豆腐皮炸的酥脆，但吸不起醬汁，醬汁調味過淡、泡菜過鹹酸，無法融合在一起
非常可惜！！！！！",https://www.google.com/maps/contrib/112155854447839275170/reviews?hl=zh-TW
延記臭豆腐/大東夜市,小鐵,在地嚮導 · 22 則評論,8 個月前,1 顆星,"外帶回家打開才發現, 臭豆腐顏色不一樣!?
一半深黑色, 一半亮色
深黑色的咬起來非常油膩 而且非常硬!!

是回炸了幾次參在一起包給外帶？

泡菜死酸…沒有很好吃

極度不推薦",https://www.google.com/maps/contrib/100688288035175931209/reviews?hl=zh-TW
延記臭豆腐/大東夜市,王牙,在地嚮導 · 14 則評論 · 7 張相片,8 個月前,1 顆星,"週二下台南第一站去吃臭豆腐
吃進去只有超淡的臭味
讓我覺得好像盤子 花了近一百元買豆腐吃
男友前面吃了不少東西 所以只吃了一塊
雖然不好吃 還是基於不想浪費食物我把剩下的吃完了
吃完回民宿的路上肚子就開始翻攪
到民宿拉了兩次肚子 男友也拉肚子
後面行程可想而知 我每天都拉肚子
到第三天的時候更是痛到沒辦法動
是男友去買胃藥 加上朋友們照顧我 慢慢才把疼痛壓下來
真的覺得出去玩還要朋友們照顧 真的很不好意思
還打亂了大家原本的行程 要直接回飯店休息
第四天回到家後就開始發燒 冒冷汗 全身無力 想吐
去看了醫生 我是急性腸胃炎
真的會謝 身體不舒服 又打亂我後面的行程
沒辦法和家人還有朋友出去吃預計要吃的美食
以後不敢再亂吃外面賣的發酵食物了 🙂",https://www.google.com/maps/contrib/107016756223538824736/reviews?hl=zh-TW
延記臭豆腐/大東夜市,asuwuyi,在地嚮導 · 81 則評論 · 516 張相片,8 個月前,4 顆星,,https://www.google.com/maps/contrib/114642761221553352294/reviews?hl=zh-TW
延記臭豆腐/大東夜市,陳建瑋,在地嚮導 · 573 則評論 · 2 張相片,1 年前,1 顆星,70塊錢四塊豆腐，炸得很酥。醬汁味道很淡，泡菜不太好吃。豆腐不管是單吃還是夾著泡菜吃，都不怎麼好吃。,https://www.google.com/maps/contrib/113669131043546511012/reviews?hl=zh-TW
喵禾子創意棺材板,世杰方,1 則評論 · 1 張相片,1 個月前,5 顆星,黑椒豬肉、沙爹牛肉好吃，可惜今天鳳梨蝦球賣完了沒買到，下次再來,https://www.google.com/maps/contrib/114949714921579808461/reviews?hl=zh-TW
喵禾子創意棺材板,楮伊,4 則評論 · 2 張相片,1 個月前,5 顆星,不錯，可以嘗試,https://www.google.com/maps/contrib/112389115974456659058/reviews?hl=zh-TW
喵禾子創意棺材板,許楠茜,1 則評論 · 2 張相片,1 個月前,5 顆星,麵包酥脆很香，內餡好吃，有機會再來回購！,https://www.google.com/maps/contrib/100328272384111857011/reviews?hl=zh-TW
無名水果攤,巨鎚瑞斯,在地嚮導 · 16 則評論 · 11 張相片,1 年前,5 顆星,有人知道平常除了大東夜市還會在哪裡擺攤嗎？,https://www.google.com/maps/contrib/112562440070194424624/reviews?hl=zh-TW
無名水果攤,黃大米,在地嚮導 · 112 則評論 · 7 張相片,2 年前,5 顆星,,https://www.google.com/maps/contrib/114034901116962674389/reviews?hl=zh-TW
無名水果攤,Rita Pin,在地嚮導 · 171 則評論 · 710 張相片,2 年前,5 顆星,"聽說這家是泱泱推薦
大東夜市的無名水果攤

原本想說這種東西都大同小異
沒想到吃到葡萄的時候
好好吃啊🥺

怎麼可以調味調的那麼剛好！
必須給個五顆星❤️",https://www.google.com/maps/contrib/117915442324867203090/reviews?hl=zh-TW
無名水果攤,Joan J,"在地嚮導 · 352 則評論 · 2,301 張相片",2 年前,5 顆星,老闆超大方，不怕客人試吃，直接給整塊，一直請客人試吃，也不會強迫推銷，重點水果醃得很好吃！小缺點就是有點貴，小盒150，大盒200。,https://www.google.com/maps/contrib/101108633691535528740/reviews?hl=zh-TW
日屋章魚小丸子,Caista H,在地嚮導 · 17 則評論 · 10 張相片,8 個月前,5 顆星,"真的都沒看到了
我也好想吃脆脆章魚燒哦
真的不想吃大東軟軟船啦🥲 …",https://www.google.com/maps/contrib/103785590368364666337/reviews?hl=zh-TW
日屋章魚小丸子,ANAN CHEN,19 則評論 · 1 張相片,9 個月前,5 顆星,想知道這間章魚燒到哪了 大東大東東找遍都不在了🥲 …,https://www.google.com/maps/contrib/111530401145896861832/reviews?hl=zh-TW
日屋章魚小丸子,黃鴻文,在地嚮導 · 25 則評論 · 11 張相片,1 年前,5 顆星,好吃 請問現在在哪裡擺攤呢？ 謝謝,https://www.google.com/maps/contrib/109123995962747507756/reviews?hl=zh-TW
古都蚵仔煎,James Chen,"在地嚮導 · 375 則評論 · 1,906 張相片",3 小時前,5 顆星,"附近關東煮
吃粗飽",https://www.google.com/maps/contrib/101798529615365568018/reviews?hl=zh-TW
古都蚵仔煎,ya su,10 則評論 · 1 張相片,5 天前,1 顆星,"踩雷了蚵仔很小很少 醬沒味道
最可怕的是阿姨一直站在旁邊瞪你
用可怕的表情催客人快點吃完
不會再來寧願去吃鐵板麵",https://www.google.com/maps/contrib/104047782239158018961/reviews?hl=zh-TW
古都蚵仔煎,Sylvia Chiang,在地嚮導 · 111 則評論 · 186 張相片,2 週前,2 顆星,蚵仔很小又很少，整體蠻普通，不好吃，醬料也不愛，不明白為何會這麼多人,https://www.google.com/maps/contrib/117616647308015944305/reviews?hl=zh-TW
古都蚵仔煎,維尼吳,6 則評論,1 個月前,1 顆星,"我好後悔沒看Google評價就去吃這間的蚵仔煎，醬料與蚵仔煎都很不好吃，醬料還有一種非常酸的味道，蚵仔煎算是我最愛吃的美食之一，但這間竟然難吃到我們沒吃完就生氣😡走人了，真是花錢受罪啊！
浪費我的錢啊😡！",https://www.google.com/maps/contrib/101195474941556523782/reviews?hl=zh-TW
古都蚵仔煎,treble599,在地嚮導 · 92 則評論 · 118 張相片,1 個月前,1 顆星,菜料算蚵仔很小，醬料不好吃…,https://www.google.com/maps/contrib/114857552659296763519/reviews?hl=zh-TW
古都蚵仔煎,2010010203,在地嚮導 · 47 則評論 · 38 張相片,2 個月前,2 顆星,餐點普普，很多不便的地方,https://www.google.com/maps/contrib/112248834333628466897/reviews?hl=zh-TW
古都蚵仔煎,陳思宇,在地嚮導 · 17 則評論 · 5 張相片,3 個月前,1 顆星,超難吃史上吃過最難吃,https://www.google.com/maps/contrib/115951586524426048536/reviews?hl=zh-TW
古都蚵仔煎,Tainan Maizuru 台南民宿舞鶴_我在booking.com喔,在地嚮導 · 721 則評論 · 838 張相片,5 個月前,1 顆星,烙賽蚵仔煎，好不好吃就不說了，蚵仔不新鮮，拉肚子拉到看醫生,https://www.google.com/maps/contrib/113074782454152641505/reviews?hl=zh-TW
古都蚵仔煎,Annabella Wong,在地嚮導 · 12 則評論 · 15 張相片,6 個月前,1 顆星,很後悔沒有看Google review再來吃這間，真的是水煮蛋一樣的蚵仔煎,https://www.google.com/maps/contrib/102126084685342673412/reviews?hl=zh-TW
古都蚵仔煎,鄭勝朋,在地嚮導 · 8 則評論,6 個月前,5 顆星,,https://www.google.com/maps/contrib/102077380615553609669/reviews?hl=zh-TW
古都蚵仔煎,21 Y,在地嚮導 · 242 則評論 · 27 張相片,1 年前,1 顆星,難吃,https://www.google.com/maps/contrib/115840969746911833584/reviews?hl=zh-TW
古都蚵仔煎,陳ㄘㄘ,18 則評論 · 7 張相片,1 年前,1 顆星,阿姨態度非常差，好像不知道欠妳多少錢一樣🙄 東西也不是很好吃，超級不推！第一個負評就給這家店了😖 …,https://www.google.com/maps/contrib/101414663303779737231/reviews?hl=zh-TW
古都蚵仔煎,Y S,在地嚮導 · 94 則評論 · 44 張相片,1 年前,5 顆星,包裝的男生服務態度不錯，而且還會主動幫忙丟垃圾👍👍 …,https://www.google.com/maps/contrib/100122126618201751593/reviews?hl=zh-TW
古都蚵仔煎,妙妙貓,在地嚮導 · 24 則評論 · 11 張相片,1 年前,1 顆星,身為夜市路邊攤，餐點實在等太久，吃起來也很普通，態度也不好，不推不推不推。,https://www.google.com/maps/contrib/113727331507937222665/reviews?hl=zh-TW
古都蚵仔煎,張瑜朋,在地嚮導 · 60 則評論 · 5 張相片,1 年前,1 顆星,服務態度很差，差到我覺得沒被砸過店算運氣很好,https://www.google.com/maps/contrib/116623334799649530438/reviews?hl=zh-TW
古都蚵仔煎,柯博仁,8 則評論 · 7 張相片,1 年前,5 顆星,雖然都是外帶回家吃，但個人覺得不錯吃，可能自己對吃的沒那麼挑嘍，就看每個人各自對味道的認定嘍。,https://www.google.com/maps/contrib/104732945693771380364/reviews?hl=zh-TW
古都蚵仔煎,林雨倩,1 則評論 · 1 張相片,1 年前,5 顆星,,https://www.google.com/maps/contrib/107204310226722986550/reviews?hl=zh-TW
古都蚵仔煎,Andrew ho,在地嚮導 · 22 則評論 · 2 張相片,1 年前,1 顆星,點蚵仔蛤蜊湯然後看到湯裡似乎沒有蚵仔，詢問了一下，煮湯的阿姨還很兇的說有，收錢的還在那邊確認收了80塊，兩邊確認了三次，外帶回家喝湯只有蛤蜊，多的20元買空氣了，我還提出疑問過，到底？,https://www.google.com/maps/contrib/103728068941139650608/reviews?hl=zh-TW
古都蚵仔煎,許秀麗,5 則評論,1 年前,1 顆星,蚵仔煎是冷的，要去跟老板反應結果看到老闆煎了好幾個在旁邊等，反應也沒用，不會有人理你的。,https://www.google.com/maps/contrib/103259722828182432791/reviews?hl=zh-TW
古都蚵仔煎,Roger Kao,"在地嚮導 · 595 則評論 · 1,073 張相片",1 年前,3 顆星,味道偏淡，整體而言菜的比例太高了,https://www.google.com/maps/contrib/101879824552326206499/reviews?hl=zh-TW
古都蚵仔煎,何必,2 則評論,1 年前,1 顆星,去哪裡座30分鐘左也點了二次餐結果比我晚點餐的人都送到了 不推,https://www.google.com/maps/contrib/102106213813744316299/reviews?hl=zh-TW
古都蚵仔煎,璇,14 則評論 · 9 張相片,1 年前,1 顆星,只能說超級超難吃……..,https://www.google.com/maps/contrib/107499734567834981849/reviews?hl=zh-TW
古都蚵仔煎,時崇軒,8 則評論 · 4 張相片,1 年前,1 顆星,整份幾乎都豆芽 蚵仔少 蝦仁其實是蝦米 花枝甚至完全沒看到 東西還很難吃 但這些都不算什麼 店員態度不是一般的差 而且居然還禁帶外食 老闆你開在夜市欸,https://www.google.com/maps/contrib/113824587125903152712/reviews?hl=zh-TW
古都蚵仔煎,軒,在地嚮導 · 33 則評論 · 18 張相片,1 年前,1 顆星,"收錢的人爛 到不知道要用什麼形容詞🙄
而且這根本就是豆芽煎🤮 …",https://www.google.com/maps/contrib/109852929862976684469/reviews?hl=zh-TW
古都蚵仔煎,林璟煜,10 則評論 · 2 張相片,1 年前,1 顆星,$70的「蔬菜煎」，點了一份蚵仔煎，實際吃到只有「3顆」，1顆正常尺寸，2顆發育不良。💸 …,https://www.google.com/maps/contrib/115794247130940559114/reviews?hl=zh-TW
古都蚵仔煎,吳宥辰,4 則評論,2 年前,1 顆星,服務態度不佳，口氣極差，不推！下次不會再來,https://www.google.com/maps/contrib/110526010994339511536/reviews?hl=zh-TW
古都蚵仔煎,芸,5 則評論 · 1 張相片,2 年前,1 顆星,"態度超級差，環境很糟，東西吃起來普通
位子那麼大要坐其他位子臉色還很臭
講話臉也很跩",https://www.google.com/maps/contrib/103804976622366701270/reviews?hl=zh-TW
古都蚵仔煎,Justin Wong,8 則評論 · 3 張相片,2 年前,1 顆星,剛吃過。陞技評級過高。就像吃炒蔬菜、雞蛋和番茄醬一樣。我嘗試了寧夏夜市（台北）的炸蠔，醬汁更獨特。,https://www.google.com/maps/contrib/117196711251663871437/reviews?hl=zh-TW
古都蚵仔煎,Yichia Chiang,7 則評論,2 年前,1 顆星,"排隊外帶前面的人插隊 店家不但不制止還說沒關係等等結帳再說？
一次店",https://www.google.com/maps/contrib/100139712477819335360/reviews?hl=zh-TW
古都蚵仔煎,洪君慧,3 則評論,2 年前,5 顆星,"好吃，醬汁很甜！
熟悉的味道☺️",https://www.google.com/maps/contrib/101110820354817546385/reviews?hl=zh-TW
古都蚵仔煎,施純涵,6 則評論,2 年前,5 顆星,,https://www.google.com/maps/contrib/109461383531487077522/reviews?hl=zh-TW
古都蚵仔煎,亂彈阿旺,5 則評論,2 年前,5 顆星,好吃～～下次到台南會再蒞臨,https://www.google.com/maps/contrib/115929346962087700917/reviews?hl=zh-TW
古都蚵仔煎,Vincent Kao,在地嚮導 · 85 則評論 · 111 張相片,2 年前,1 顆星,服務、口味、醬料、料少 確實都是極差的路邊攤，蚵仔小與少到我以爲我點的是太白粉水佐蛋煎豆芽菜,https://www.google.com/maps/contrib/101359015125055320695/reviews?hl=zh-TW
古都蚵仔煎,Chen Alma,在地嚮導 · 30 則評論 · 3 張相片,2 年前,1 顆星,"外場阿姨很辛苦
看得出來她很努力在做這份工作
但講話和情緒方面不知道是不是出了問題
因為點太少叫我們趕快走不要影響到後面客人🤣🤣🤣
連隔壁桌客人聽到她這樣對我們說都傻眼
老闆很努力在煎蚵仔煎
阿姨很努力在外面想辦法讓客人不要再回來😹😹😹",https://www.google.com/maps/contrib/116730114659809745568/reviews?hl=zh-TW
古都蚵仔煎,黃黃,2 則評論,2 年前,1 顆星,店家態度不友善，寧可不吃！,https://www.google.com/maps/contrib/117129530409847457868/reviews?hl=zh-TW
古都蚵仔煎,謝欣妤,在地嚮導 · 17 則評論 · 290 張相片,2 年前,1 顆星,,https://www.google.com/maps/contrib/118362151199961962749/reviews?hl=zh-TW
古都蚵仔煎,detch shon,"在地嚮導 · 419 則評論 · 1,413 張相片",2 年前,1 顆星,台南雷的蚵仔煎 雖然座位很多價格中上但 本身沒味道 蚵仔很小不說會看不到 醬料勾芡太多吃起來都是粉 這家能存活真是奇蹟,https://www.google.com/maps/contrib/109246452267524786706/reviews?hl=zh-TW
古都蚵仔煎,Hui Ching,在地嚮導 · 24 則評論 · 7 張相片,2 年前,1 顆星,蚵仔煎沒有蚵仔？,https://www.google.com/maps/contrib/108238883101431879158/reviews?hl=zh-TW
古都蚵仔煎,Kai Lun,在地嚮導 · 256 則評論 · 873 張相片,2 年前,1 顆星,真的是踩雷了，蝦仁煎，只有蝦米大小的蝦子，醬料毫無味道，唯一的優點只有座位多而已,https://www.google.com/maps/contrib/107536142184387711961/reviews?hl=zh-TW
古都蚵仔煎,粒波,在地嚮導 · 279 則評論 · 473 張相片,2 年前,5 顆星,老闆很客氣喔～煎也不錯👌 …,https://www.google.com/maps/contrib/113978365940995499478/reviews?hl=zh-TW
古都蚵仔煎,Chen Ben,在地嚮導 · 36 則評論 · 37 張相片,2 年前,1 顆星,超難吃 蚵仔超少 不推,https://www.google.com/maps/contrib/111775543347206188769/reviews?hl=zh-TW
古都蚵仔煎,李Paul,在地嚮導 · 53 則評論 · 20 張相片,2 年前,1 顆星,"蚵仔煎醬料味道有點特殊(偏酸)
豬血湯裡面豬血口感也很奇怪",https://www.google.com/maps/contrib/113990745094103089285/reviews?hl=zh-TW
古都蚵仔煎,廖翊媚,在地嚮導 · 66 則評論 · 21 張相片,2 年前,2 顆星,"生意算不錯，
可能全場只有他們賣蚵仔煎吧！
醬汁沒味道，
這樣的份量賣70元太貴了！
在台南這個美食之都，不合格，
唯一優點是有很多位子可以坐～",https://www.google.com/maps/contrib/105495515357158032483/reviews?hl=zh-TW
古都蚵仔煎,花仙子,1 則評論,2 年前,1 顆星,收盤子年紀大的阿姨態度很差，會瞪客人,https://www.google.com/maps/contrib/104675645262597491013/reviews?hl=zh-TW
古都蚵仔煎,Papapig,"在地嚮導 · 794 則評論 · 3,698 張相片",2 年前,2 顆星,蚵仔不大，蝦仁煎的蝦仁接近蝦米大小而且少的可憐。,https://www.google.com/maps/contrib/113536991863456863820/reviews?hl=zh-TW
古都蚵仔煎,Queena VI,在地嚮導 · 118 則評論 · 76 張相片,2 年前,1 顆星,動作很慢，排隊還先給後面2個人的是怎樣,https://www.google.com/maps/contrib/103129299503637378335/reviews?hl=zh-TW
鮮奶麻糬,john yeh,在地嚮導 · 44 則評論 · 2 張相片,2 週前,5 顆星,看了夜市王介紹，特地跑去買，嫩嫩的好吃，雪花糕真的爆好吃，回家冰起來吃更讚,https://www.google.com/maps/contrib/103802011255589480038/reviews?hl=zh-TW
鮮奶麻糬,Xin Jing Lin,"在地嚮導 · 384 則評論 · 1,264 張相片",1 個月前,3 顆星,"味道還可以，可以台灣pay、Linepay
雖然顏色長的不太合理😆鮮奶蠻好吃，可可味道很膩 …",https://www.google.com/maps/contrib/106061150187484778295/reviews?hl=zh-TW
鮮奶麻糬,Nancy Lin,在地嚮導 · 16 則評論 · 7 張相片,3 個月前,5 顆星,第一次吃，很美味😋,https://www.google.com/maps/contrib/114446576661513408735/reviews?hl=zh-TW
鮮奶麻糬,瑄瑄,在地嚮導 · 185 則評論 · 393 張相片,7 個月前,5 顆星,"台南最夯鮮奶麻糬
口味多達六種
花生、原味、椰奶、奶茶、抹茶、可可
吃起來非常有彈性
我自己最愛抹茶和奶茶和可可口味
推薦給你們～
#林瑄吃台南
📌大東東夜市、花園夜市、武聖夜市
《鮮奶麻糬》
▫️六顆 70，九顆 100",https://www.google.com/maps/contrib/102665490428240323911/reviews?hl=zh-TW
鮮奶麻糬,Yahui Fan,在地嚮導 · 93 則評論 · 338 張相片,8 個月前,5 顆星,"真的好愛這間鮮奶麻糬，
愛到特地從北部南下再來吃一次，
還買了一些準備帶回家給家人吃，
真希望北部也有這麼好吃的鮮奶麻糬。",https://www.google.com/maps/contrib/116601611440869306313/reviews?hl=zh-TW
鮮奶麻糬,asuwuyi,在地嚮導 · 81 則評論 · 516 張相片,8 個月前,5 顆星,,https://www.google.com/maps/contrib/114642761221553352294/reviews?hl=zh-TW
鮮奶麻糬,Ying-Kai Chen,"在地嚮導 · 678 則評論 · 12,527 張相片",11 個月前,5 顆星,"位在大東夜市裡面的其中一個攤位

鮮奶麻糬吃起來水嫩Q彈 而且會牽絲 跟一般的麻糬口感不一樣 還有奶香味

有六個口味可以選擇原味、花生、椰果、奶茶、抹茶、可可
其中的奶茶、抹茶、可可口味外面的粉可以選擇要椰果或者是巧克力或者是不加任何粉

📍鮮奶麻糬$70 共六顆 不會很甜剛剛好",https://www.google.com/maps/contrib/116931829296242207019/reviews?hl=zh-TW
麻糬叔叔,軟糯喵喵,在地嚮導 · 139 則評論 · 216 張相片,5 天前,4 顆星,"巧克力跟抹茶好吃
菜單寫五種口味
但老闆說沒關係 幫我搭 還推薦我選巧克力
份量跟其他家麻糬店比 偏貴
但很多特別的口味
感覺是適合送禮 是
走精緻路線的麻糬🤣",https://www.google.com/maps/contrib/114131999469714000868/reviews?hl=zh-TW
麻糬叔叔,落雪楓葉,在地嚮導 · 55 則評論 · 15 張相片,1 週前,1 顆星,料變少了，感覺在吃皮,https://www.google.com/maps/contrib/113517191153115850268/reviews?hl=zh-TW
麻糬叔叔,Judy Tse,在地嚮導 · 8 則評論 · 25 張相片,1 週前,5 顆星,口味很多，麻糬很軟糯很Q,https://www.google.com/maps/contrib/110134509780943788871/reviews?hl=zh-TW
麻糬叔叔,Lin Lin,在地嚮導 · 59 則評論 · 14 張相片,4 週前,1 顆星,失望了～之前都要花園買內餡都很紮實很多料而且以前大顆，最近在大東買根本吃不到什麼內餡！根本都是點一下的內餡 跟小彈珠一樣小，不會再買了,https://www.google.com/maps/contrib/113013259144486056420/reviews?hl=zh-TW
麻糬叔叔,may chou,5 則評論,1 個月前,5 顆星,提供多種口味的選擇，板娘很親切，麻糬好吃！,https://www.google.com/maps/contrib/110067937990002266581/reviews?hl=zh-TW
麻糬叔叔,黃堂生,8 則評論,1 個月前,1 顆星,真的有更小顆。迷你板麻糬。大小跟彈珠一樣吧。8顆70元在外面價錢也沒差那麼多。外面買過好吃的大小都抵這間三顆的大小。如果是好吃也就算了。但沒想像中的好吃。買了真的後悔。屠宰外地觀光客。一顆星都不想給,https://www.google.com/maps/contrib/100507774397536001801/reviews?hl=zh-TW
麻糬叔叔,王品惠,7 則評論 · 4 張相片,1 個月前,1 顆星,"時隔許久來到台南花園夜市準備享用美食，
迫不急待跟老闆點了一盒綜合麻糬，
只能說拿到實體時很失望，
每粒麻糬很小顆（像小湯圓的大小），
價格偏貴，顧客很像盤子，
由於小小顆的，我吃不出麻糬的美味，
下次不會再回購了！",https://www.google.com/maps/contrib/101977862620274975469/reviews?hl=zh-TW
麻糬叔叔,陳小榆,10 則評論 · 2 張相片,2 個月前,1 顆星,"有夠爛,又超貴,有錢人可以試試看,也沒有好吃去哪阿.",https://www.google.com/maps/contrib/117461335480591567248/reviews?hl=zh-TW
麻糬叔叔,書安,3 則評論 · 14 張相片,3 個月前,5 顆星,這家麻糬叔叔真的是老字號了！！！買這麼多年才漲過一次價！而且最近盒子也改成有分隔的盒子了！過年帶回家當伴手禮也不會混色！！從小吃到大，每次來都還是熟悉的味道，糯米Q彈、餡料細緻，尤其是奶酥和巧克力的搭配真的無敵，每一口都是滿滿的奶香🤤還有店家準備的多種沾粉，每次都讓人選擇困難，每一種口味都想試！最愛剛做好的熱麻糬，新鮮的草莓搭配奶酥或是紅豆餡，真的超級滿足😋😋雖然員工有時候服務態度不太好🥲但老闆一直很親切！！服務也很到位，總是讓人感受到濃濃的人情味🥰這家店真的是吃一次就會愛上😍😍推薦給所有愛麻糬的朋友！ …,https://www.google.com/maps/contrib/107276142058454636950/reviews?hl=zh-TW
麻糬叔叔,林恩恩,3 則評論 · 1 張相片,3 個月前,1 顆星,,https://www.google.com/maps/contrib/101639393978784259716/reviews?hl=zh-TW
麻糬叔叔,Colin Kim,在地嚮導 · 33 則評論 · 21 張相片,3 個月前,1 顆星,"態度十年如一日地差
排隊結帳請人從右邊，菜單放左邊還一直催點餐==當每個人都會觀落陰喔",https://www.google.com/maps/contrib/107635803623682462009/reviews?hl=zh-TW
麻糬叔叔,王政傑,在地嚮導 · 351 則評論 · 1 張相片,3 個月前,2 顆星,,https://www.google.com/maps/contrib/111443607294206084997/reviews?hl=zh-TW
麻糬叔叔,Jane Chen,10 則評論 · 9 張相片,4 個月前,1 顆星,"半顆星都不想給，經過詢問一下大福口味，自己外面的菜單沒寫口味，問了後老闆娘只給我看就說「要記得做一下功課」

請問是多有名需要做功課？
評價三顆星而已還那麼囂張的嗎？
態度真的很差，那麼跩不適合做生意欸
重點麻糬還很小顆要8顆70塊？
差不多跟一般芋圓一樣大而已
超貴！一點都不推！！！！！！！！",https://www.google.com/maps/contrib/106613331051197978393/reviews?hl=zh-TW
麻糬叔叔,Mi Mi,在地嚮導 · 37 則評論 · 7 張相片,4 個月前,1 顆星,"扯爆 老闆你們良心真的不痛嗎？
要不要看看10多年前，你們的麻薯，一顆抵現在五顆
以前六顆都可以塞滿整個小盒子，現在都看到滾來滾去的小麻薯
越賣越貴，真的都要賣那些不知情的觀光客，在地的人都知道縮水到有多離譜

根本把成本浪費在盒子吧？專門訂做那種放超級小顆，真的跟丸子差不多大

已經很久不買，要不是被拖買，我真的一點都不想買，

看那個捏麻薯的，一直切一點補一點，就算買大福系列也大不到哪裡去，水果切超小塊，真的成本不用省到這樣",https://www.google.com/maps/contrib/100903696903262468293/reviews?hl=zh-TW
麻糬叔叔,Leon C.,在地嚮導 · 28 則評論 · 2 張相片,5 個月前,1 顆星,小時候吃每一顆都超大顆的，現在不但漲價，每顆的大小都只跟小魚丸一樣小，裡面的料相對也只有一點點，感覺都不是成本很高的食材，為何漲價還要越變越小，再過幾年是不是要小盒賣一百然後跟彈珠一樣小,https://www.google.com/maps/contrib/117245393965140522422/reviews?hl=zh-TW
麻糬叔叔,WS C,11 則評論 · 1 張相片,5 個月前,3 顆星,"很久沒有買過了，以前逛夜市必買的麻糬，奶酥口味超級好吃！

但今天非常失望！
盒子進化了-顆顆分明-稱讚，大小不變-麻糬依舊軟糯，價格多10元-本還覺得挺佛心的，

可重點●內餡●～少得可憐！
還不如漲幅多一些。
唉～😭，吃心酸的
是今天失手？我運氣不好？還是以後就這樣？
啊………內餡這樣，那以後又少一家可買的店了",https://www.google.com/maps/contrib/113176081551862218925/reviews?hl=zh-TW
麻糬叔叔,台南幫飲料安中店小e,在地嚮導 · 230 則評論 · 505 張相片,6 個月前,5 顆星,巧克力、奶酥、花生 每次必買,https://www.google.com/maps/contrib/101073832431968273365/reviews?hl=zh-TW
麻糬叔叔,辜健豪,6 則評論 · 5 張相片,6 個月前,5 顆星,東西好吃 老闆娘人很客氣,https://www.google.com/maps/contrib/100394024924204848410/reviews?hl=zh-TW
麻糬叔叔,Kelly Huang,在地嚮導 · 66 則評論 · 85 張相片,7 個月前,1 顆星,從大學就很愛，有回來台南都會買，距離上次買四年了，沒想到變得那麼難吃，超級小顆又沒餡料，真的好失望，是不是根本換老闆了,https://www.google.com/maps/contrib/116971356305531364877/reviews?hl=zh-TW
麻糬叔叔,金玉の旅遊部落格,"在地嚮導 · 266 則評論 · 1,696 張相片",7 個月前,3 顆星,"💗逛花園夜市不知道買什麼甜點？ 看這篇就對了！👈🏻
大學時期逛花園完全不會想到要買麻糬，有一次朋友狂推買了後⋯真的是整個愛上欸！
招牌不會很難認～就是一個男生+黃色扛棒！吃完正餐馬上掃射哈哈哈😆
正常不會等太久 ，都是現場點現做，動作非常快，會等比較久通常是點餐時選擇口味障礙😂
買了幾次後完全不用猶豫直接點自己最愛的口味👏
現做超軟Q的小麻糬非常好入口，大小剛好不至於噎到，這次買變貴許多，物料上漲也沒辦法⋯內餡也變少⋯就是吃個回憶！
-
口味部份只買了最愛的奶酥、巧克力、黑糖～
🥛奶酥>完全一樣的味道，爆漿出來是熟悉的奶味+不會太甜接著嚼起來有酥酥的感覺，一整個顛覆我討厭吃奶酥的口感！這是朋友推我入坑，換我推大家入這個口味！👍

🍫巧克力>不是偏甜的巧克力，是我也很愛的苦甜苦甜的口感+上鹹鹹的味蕾，巧克力味也很濃，真的是超合我的胃！喜歡吃有%數的純巧克力這個口味不要錯過🌟

🍬黑糖>這次吃不太出來有黑糖的味道，反而是比較濃的奶香+後勁蠻淡的黑糖香，整個奶香味快蓋過黑糖的味道⋯搶走了黑糖的風采！就算是這樣還是很喜歡這個口味！自己覺得只要有奶味都給過！真的很濃又香～
-
整個夜市的每樣餐點都漲了很多，麻糬叔叔算是幅度沒有很大的！
一次買大盒的回家吃個過癮，買開心回家何樂而不為呢！
完全是我一直都有在回購的甜點，每次絕對必買！",https://www.google.com/maps/contrib/112164141518939164359/reviews?hl=zh-TW
麻糬叔叔,張西西,4 則評論,7 個月前,4 顆星,"買很久了，雖然漲價了還是會買，但餡料少到只包一點點，下次要買時還要猶豫一下@@
希望下次會改進",https://www.google.com/maps/contrib/113131217542860317505/reviews?hl=zh-TW
麻糬叔叔,Win,"在地嚮導 · 5 則評論 · 1,532 張相片",9 個月前,4 顆星,,https://www.google.com/maps/contrib/116937743900988060557/reviews?hl=zh-TW
麻糬叔叔,my Purple Life,在地嚮導 · 73 則評論 · 585 張相片,1 年前,4 顆星,味道不錯，但不是我的選擇,https://www.google.com/maps/contrib/116966850176887842640/reviews?hl=zh-TW
麻糬叔叔,チンざわ,"在地嚮導 · 329 則評論 · 1,224 張相片",1 年前,3 顆星,口味種類很多可以選擇，味道也還算不錯，但是這個價錢真的有點可怕🥹 …,https://www.google.com/maps/contrib/107622862943668694428/reviews?hl=zh-TW
麻糬叔叔,黃秀,在地嚮導 · 162 則評論 · 64 張相片,1 年前,3 顆星,好吃但是太貴了。8小顆70元,https://www.google.com/maps/contrib/107859325146694119541/reviews?hl=zh-TW
麻糬叔叔,張祐慈,11 則評論 · 5 張相片,1 年前,5 顆星,"每次去花園夜市一定要買的麻糬❤️
椰子口味跟咖啡口味超級推推🥥 …",https://www.google.com/maps/contrib/108953265586581684192/reviews?hl=zh-TW
麻糬叔叔,Hanyu HUNG,"在地嚮導 · 218 則評論 · 1,026 張相片",1 年前,5 顆星,很好吃😍草莓大福 …,https://www.google.com/maps/contrib/103667708492329783168/reviews?hl=zh-TW
麻糬叔叔,E.C Chen,"在地嚮導 · 233 則評論 · 1,844 張相片",1 年前,3 顆星,巧克力 奶酥 花生好吃~ 但太小又太貴..同樣價格 推武聖夜市的麻糬 便宜又超級好吃!!!,https://www.google.com/maps/contrib/110382332559857158889/reviews?hl=zh-TW
麻糬叔叔,Bibi Lai,在地嚮導 · 52 則評論 · 8 張相片,1 年前,3 顆星,好多人排啊,https://www.google.com/maps/contrib/112839057369387412452/reviews?hl=zh-TW
麻糬叔叔,Y S,在地嚮導 · 94 則評論 · 44 張相片,1 年前,5 顆星,我是覺得服務態度很好啊，在包裝的男生都會注意要來買的客人，女生會推銷口味建議哪種比較好，我是喜歡花生，所以只買花生的，麻糬Q彈好吃,https://www.google.com/maps/contrib/100122126618201751593/reviews?hl=zh-TW
麻糬叔叔,Charlie Chan,13 則評論 · 21 張相片,1 年前,5 顆星,"麻糬好好味！
難得來台南一躺
後悔只是買了一盒綜合🥺 …",https://www.google.com/maps/contrib/100625289756757019032/reviews?hl=zh-TW
麻糬叔叔,KIT Y,在地嚮導 · 18 則評論 · 17 張相片,1 年前,1 顆星,"台南美食之都 居然有這麼難吃的！
麻糬本身不行之外，連包的內餡也可以味道這麼奇怪 衛生也很有問題！
想踩雷的 可以試試！",https://www.google.com/maps/contrib/110152315377782688707/reviews?hl=zh-TW
麻糬叔叔,Yu H,7 則評論,1 年前,1 顆星,"這次給你6顆星的評價 有鑑於Google太爛
只好給你多出來的～
下次記得要做有關顧客的功課喔！",https://www.google.com/maps/contrib/103733223570338928355/reviews?hl=zh-TW
麻糬叔叔,何晉源,3 則評論,1 年前,1 顆星,,https://www.google.com/maps/contrib/118328365243194015400/reviews?hl=zh-TW
麻糬叔叔,peace Kuo,11 則評論 · 3 張相片,1 年前,2 顆星,跟以前差太多了！現在料少到不行，幾乎只有吃到麻糬皮⋯，而且現在只賣大盒的。100塊只吃到皮，我覺得有點把客人當盤子。,https://www.google.com/maps/contrib/118389277904262156441/reviews?hl=zh-TW
麻糬叔叔,王俊婕,2 則評論,1 年前,5 顆星,,https://www.google.com/maps/contrib/112308779096276026659/reviews?hl=zh-TW
麻糬叔叔,綸,12 則評論 · 4 張相片,1 年前,1 顆星,女的會亂做，錢記得的很清楚。口味七個大概也只會給你記得兩個，付錢前記得再三確認，不然你會吃到你根本沒點過或是不愛的口味！,https://www.google.com/maps/contrib/107566489529015060340/reviews?hl=zh-TW
麻糬叔叔,OFA Fs,在地嚮導 · 765 則評論 · 83 張相片,1 年前,1 顆星,吃過台中中華路鮮奶麻糬，滿心期待來台南吃別的麻糬....整體口感溫軟，沒什麼特別？🥲闆娘態度很好，但點餐小哥心情不太美麗，不是一次很好的體驗，建議菜單寫的詳盡一點，這樣我也不用問，打壞別人的心情。 …,https://www.google.com/maps/contrib/111300990540193602068/reviews?hl=zh-TW
麻糬叔叔,佳佳Joy,在地嚮導 · 37 則評論 · 26 張相片,1 年前,1 顆星,今天去買跟以前吃的差好多，偷工減料，不會再光顧,https://www.google.com/maps/contrib/114425877180438877568/reviews?hl=zh-TW
麻糬叔叔,蔡核桃,12 則評論 · 2 張相片,1 年前,1 顆星,"問如果當天沒吃完怎麼保存，還被麻薯阿姨嗆：先做功課好嗎！
感覺我再問的話阿姨可能會說不知道怎麼辦就不要買了，玻璃心的我已碎滿地🥲 …",https://www.google.com/maps/contrib/116133120026998714220/reviews?hl=zh-TW
麻糬叔叔,八重樫,10 則評論 · 2 張相片,2 年前,1 顆星,六個星，怕你驕傲,https://www.google.com/maps/contrib/113826539964213313955/reviews?hl=zh-TW
麻糬叔叔,雨杭,在地嚮導 · 132 則評論 · 546 張相片,2 年前,5 顆星,每次知道要來麻糬叔叔，我就超級興奮的！因為我很喜歡吃麻糬，目前吃到現在，就只有麻糬叔叔讓我吃了十幾年，口味相當豐富大概有十幾二十種，小盒可以選4種口味，大盒的5種，雖然看起來小小的不起眼，卻覺得內餡外餡都很棒，認真覺得沒有任何一間比得過麻糬叔叔餒~,https://www.google.com/maps/contrib/115613246278917974810/reviews?hl=zh-TW
麻糬叔叔,王郁菁,9 則評論 · 8 張相片,2 年前,1 顆星,態度很不好。明明都是100元 別人可以選五種我只能選四種 而且非常小顆 根本就是搶錢 現在變得非常難吃 完全沒味道  再也不會去光顧！！差評中的差評,https://www.google.com/maps/contrib/113538047818492990400/reviews?hl=zh-TW
麻糬叔叔,A-MO ZN,在地嚮導 · 166 則評論 · 576 張相片,2 年前,5 顆星,"僅提供現金付款🦔
麻薯有分大顆大福（包草莓）跟小小顆包餡外面裹薄薄的粉，雖然不是皮薄餡多的麻糬，但是小小一顆在咬開不會覺得嘴裡都是沒有味道的麻糬！而且裏頭的巧克力泥不會甜膩🥰
雖然要排隊排很久，排到了還要拿號碼牌回來領，但是巧克力跟奶酥的口味很讚(˶‾᷄ ⁻̫ ‾᷅˵)
三年前吃到同事帶的就念念不忘
疫情後終於有機會來買👍🏻👍🏻

每盒口味最多選5樣
印象中口味非常多有紅豆、花生、芝麻、芋頭、奶酥、椰子、巧克力、黑糖，剩下的不記得了🤣",https://www.google.com/maps/contrib/114514520561812983511/reviews?hl=zh-TW
麻糬叔叔,林舒芸,2 則評論,2 年前,1 顆星,耳包,https://www.google.com/maps/contrib/111994366980317919093/reviews?hl=zh-TW
麻糬叔叔,James Su,2 則評論 · 1 張相片,2 年前,5 顆星,比旁邊的薛記草莓大福好吃。,https://www.google.com/maps/contrib/114398413497958749804/reviews?hl=zh-TW
麻糬叔叔,Hyu,在地嚮導 · 32 則評論 · 6 張相片,2 年前,1 顆星,"7顆50是真的蠻貴的，也偏小
想說那可能是他的餡料很好吃
結果巧克力跟奶酥真的有嚇到
感覺是滿平價奶粉做的餡
尤其巧克力味道很奇怪
花生就中規中矩，本來想給兩三星
但旁邊男生態度不知道是在差什麼🥲
可是阿姨的服務態度很好～～～",https://www.google.com/maps/contrib/116382893832472494212/reviews?hl=zh-TW
麻糬叔叔,SUAN ASUNA,7 則評論 · 1 張相片,2 年前,1 顆星,"被當盤子
麻糬難吃死 第一次吃到那麼難吃的東西 要把麻糬做的那麼難吃真的不簡單（還很貴
裡面包的餡真的是先不要欸
4種口味重複講了3次給店員，一直回我好好好結果最後還是給錯==",https://www.google.com/maps/contrib/101518507989356460768/reviews?hl=zh-TW
麻糬叔叔,謝怡慧,在地嚮導 · 17 則評論 · 16 張相片,2 年前,1 顆星,問最多人買的口味，不挑她選的還要被兇？？為什麼我要吃我不喜歡的口味啊^_^,https://www.google.com/maps/contrib/115307304274639909916/reviews?hl=zh-TW
麻糬叔叔,crystal,4 則評論 · 3 張相片,2 年前,1 顆星,,https://www.google.com/maps/contrib/100899754418570834295/reviews?hl=zh-TW
麻糬叔叔,Sun Romeo,9 則評論 · 1 張相片,2 年前,1 顆星,麻糬阿姨的態度讓我不敢恭維,https://www.google.com/maps/contrib/104077050953353903585/reviews?hl=zh-TW
麻糬叔叔,張雲涵,"在地嚮導 · 262 則評論 · 3,524 張相片",2 年前,4 顆星,"第一次吃到內餡這麼多口味
鹹的甜的都有🍡🍡🍡
一口一個  吃起來
軟嫩香Q，不黏牙
整盒滿滿不同的顏色，看起來粉嫩，繽紛，又療癒😍😍😍
一邊吃一邊看著心情也都跟著好了起來♥️♥️

綜合  13種口味(紅豆/花生/奶酥/巧克力/咖啡/芝麻紫薯/香菇/黑糖/芋泥/綠豆/椰子/抹茶）
二，五 大東
四，六，日 花園
#台南美食

#麻糬叔叔",https://www.google.com/maps/contrib/101202450226451060632/reviews?hl=zh-TW
麻糬叔叔,郭正妹,"在地嚮導 · 668 則評論 · 8,226 張相片",2 年前,5 顆星,"2022/10

麻糬叔叔是我20年來很愛很愛的零食❤️❤️

大東夜市剛開幕時第一次購買❤️

吃了。驚為天人❤️

每一種口味都好特別👏👏👏

不會太甜，小小一顆無限美味💓💓💓

我會一直支持且介紹給朋友分享👍👍👍",https://www.google.com/maps/contrib/109697665460035905145/reviews?hl=zh-TW
麻糬叔叔,hung C,在地嚮導 · 61 則評論 · 1 張相片,2 年前,1 顆星,"你家的麻糬很好吃 口味也很多種
我每次來都會買 但之後有來我不會再來買了，今天22:20去買 因為猶豫要買什麼口味 結果旁邊有個幫忙的男生在碎碎唸 唸什麼 剛剛不看菜單現在才在看 在玩手機啊 之類的爛話 我是想問一下你們  請問排隊排那麼長 菜單擺桌上我要怎麼看呢？ 我眼睛是可以看那麼遠嗎？ 嫌我看太久不到1分鐘誒先生 不想做就滾 不然就乖乖閉嘴菜單往後發啊^_^",https://www.google.com/maps/contrib/107535505358073069424/reviews?hl=zh-TW
麻糬叔叔,江逢凱,"在地嚮導 · 560 則評論 · 7,854 張相片",2 年前,4 顆星,"麻糬小盒7粒50元，大盒15粒100元，也有賣水果大福。
麻糬有多種口味可選擇，味道跟Q彈度都不錯，不過依麻糬的大小跟份量來說，價格稍微貴一點，沒吃過想嚐鮮的可以買小盒的試試。",https://www.google.com/maps/contrib/113058978627838906241/reviews?hl=zh-TW
麻糬叔叔,H Ying,在地嚮導 · 156 則評論 · 476 張相片,2 年前,4 顆星,口味很多元,https://www.google.com/maps/contrib/108362395398332579546/reviews?hl=zh-TW
麻糬叔叔,Jim Ta,1 則評論 · 2 張相片,2 年前,3 顆星,很普通,https://www.google.com/maps/contrib/102373910913973001882/reviews?hl=zh-TW
麻糬叔叔,樂洛米,在地嚮導 · 326 則評論 · 129 張相片,2 年前,5 顆星,好吃的麻糬,https://www.google.com/maps/contrib/100453070696689694221/reviews?hl=zh-TW
麻糬叔叔,Emma Liu,在地嚮導 · 45 則評論 · 35 張相片,2 年前,2 顆星,越來越小顆，以前盒裝剛好，現在滾來滾去，為什麼不直接漲價，要偷減料,https://www.google.com/maps/contrib/107128598192460694561/reviews?hl=zh-TW
麻糬叔叔,Aroha kim,"在地嚮導 · 712 則評論 · 2,261 張相片",2 年前,4 顆星,有很多口味但比起一般麻糬，尺寸較小,https://www.google.com/maps/contrib/116595196838351978745/reviews?hl=zh-TW
麻糬叔叔,小麥,在地嚮導 · 20 則評論 · 2 張相片,2 年前,5 顆星,超好吃，從大學時期到現在16年了⋯雖然我不是臺南人⋯⋯但是每次去台南一定跑去夜市買他們家的麻糬,https://www.google.com/maps/contrib/113239055441957099293/reviews?hl=zh-TW
麻糬叔叔,貓貓,"在地嚮導 · 871 則評論 · 2,114 張相片",2 年前,5 顆星,"每次來花園夜市一定回來麻薯叔叔
真的超好吃  很軟 內餡也很好吃 多種口味可以選 不過內餡在多一點就更完美了 價位上偏高
現在大盒的還有客製化盒子超可愛
我是隔一天在吃 用紙袋包起來冰在冰箱 沒想到
拿出來吃還是一樣軟 一點口感都沒變
很推薦。下次一定要來買大盒的
偏愛巧克力 綠豆 奶酥  芋頭 一口麻薯概念
希望在開出分店來高雄！！！！
推薦推薦推薦推薦❤️",https://www.google.com/maps/contrib/110804290687391318525/reviews?hl=zh-TW
麻糬叔叔,Chung-Yun Lin,6 則評論 · 1 張相片,2 年前,1 顆星,六顆星級別的美食，因為Google沒辦法給六顆，只好送上多的那一顆😘 …,https://www.google.com/maps/contrib/113647094300086618964/reviews?hl=zh-TW
麻糬叔叔,Mina Su,在地嚮導 · 167 則評論 · 663 張相片,2 年前,4 顆星,"麻糬叔叔有別於一般傳統麻糬只有花生與芝麻口味
還有好多款特別口味，像香菇、咖啡、椰子、紫薯...等
檯面放滿了各種顏色餡料跟沾粉
看起來繽紛無比！

麻糬口感是比較偏軟Q那種！
個人偏愛芋泥、椰子、奶酥…
個頭偏小~一口一顆，適合逛夜市可以邊走邊吃

🔺7粒麻糬 💰50元
🔺15粒麻糬 💰100元",https://www.google.com/maps/contrib/117508477966100934299/reviews?hl=zh-TW
麻糬叔叔,黃銘華,在地嚮導 · 265 則評論 · 39 張相片,3 年前,5 顆星,口味很多可以選擇，都不錯吃，只要來台南花園夜市都會買，但是點餐的排隊動線比較亂,https://www.google.com/maps/contrib/100109008840178352552/reviews?hl=zh-TW
麻糬叔叔,陳仁,14 則評論,3 年前,1 顆星,,https://www.google.com/maps/contrib/100975196458614846543/reviews?hl=zh-TW
麻糬叔叔,萩野冬糖WinterSugar,在地嚮導 · 100 則評論 · 125 張相片,3 年前,5 顆星,"從小吃到大，每次一定都買15顆😍
抹茶大推！嚐鮮一定要吃抹茶口味！
然後冬季還有草莓🍓大麻糬可以選擇、搭配的內餡自選～
好吃便宜又不膩，一顆接一顆很涮嘴❤️ …",https://www.google.com/maps/contrib/107110869914694162385/reviews?hl=zh-TW
麻糬叔叔,Lin LI,5 則評論 · 1 張相片,3 年前,1 顆星,"第一次購買
當下也沒其他客人
只是詢問口味可以怎麼挑選 …",https://www.google.com/maps/contrib/109966081032858775846/reviews?hl=zh-TW
麻糬叔叔,許肯,"在地嚮導 · 701 則評論 · 2,420 張相片",3 年前,2 顆星,"小小一盒七小顆50元，價格偏貴
吃起來口感偏軟不Q，味道尚可",https://www.google.com/maps/contrib/111701438437889124264/reviews?hl=zh-TW
麻糬叔叔,wenyi,在地嚮導 · 64 則評論 · 17 張相片,3 年前,5 顆星,個人覺得是吃過的麻糬最好吃的！很喜歡巧克力，不是的一般巧克力醬，每次去花園一定會買的名單之一！,https://www.google.com/maps/contrib/116714196676341714276/reviews?hl=zh-TW
麻糬叔叔,覓食,在地嚮導 · 57 則評論 · 286 張相片,3 年前,5 顆星,每次來都會買 很好吃很Q,https://www.google.com/maps/contrib/105752663903038984169/reviews?hl=zh-TW
麻糬叔叔,Eric,在地嚮導 · 110 則評論 · 103 張相片,4 年前,1 顆星,叫了福胖達 味道真的不佳,https://www.google.com/maps/contrib/107191056376668285603/reviews?hl=zh-TW
麻糬叔叔,郭芷綺,在地嚮導 · 19 則評論 · 20 張相片,4 年前,5 顆星,,https://www.google.com/maps/contrib/101554677078806981711/reviews?hl=zh-TW
麻糬叔叔,王歆雅,9 則評論,4 年前,5 顆星,😋👍 …,https://www.google.com/maps/contrib/104826619605432528288/reviews?hl=zh-TW
麻糬叔叔,莊雅琄,在地嚮導 · 384 則評論 · 776 張相片,4 年前,5 顆星,口味種類很多，很好吃喔！,https://www.google.com/maps/contrib/114704861159153822261/reviews?hl=zh-TW
麻糬叔叔,Amber Cheng,在地嚮導 · 59 則評論 · 19 張相片,4 年前,1 顆星,"看完評論發現我不孤單
服務態度有待加強：）",https://www.google.com/maps/contrib/110410047483486933348/reviews?hl=zh-TW
麻糬叔叔,張昭宜,在地嚮導 · 163 則評論 · 281 張相片,4 年前,2 顆星,"沒有叔叔，有不容許你考慮的阿姨XD
麻糬小顆～口感不到Q,口味尚可吧～
芋頭有煉乳的味道～",https://www.google.com/maps/contrib/107773158093773641955/reviews?hl=zh-TW
麻糬叔叔,雲雲莊,"在地嚮導 · 542 則評論 · 1,713 張相片",4 年前,3 顆星,還不錯吃但很小顆；口味很多🉑️選但有點貴 …,https://www.google.com/maps/contrib/118005436320933619317/reviews?hl=zh-TW
麻糬叔叔,OH YA,在地嚮導 · 50 則評論 · 52 張相片,4 年前,1 顆星,3組客人排隊 老闆完全無視 讓插隊的先買 完全傻眼,https://www.google.com/maps/contrib/112775008135580280515/reviews?hl=zh-TW
麻糬叔叔,黄光輝,"在地嚮導 · 38 則評論 · 1,107 張相片",4 年前,4 顆星,,https://www.google.com/maps/contrib/100977483470638608969/reviews?hl=zh-TW
麻糬叔叔,佳宏陳,在地嚮導 · 16 則評論,4 年前,1 顆星,包麻糬的技術很好，有內餡的麻糬能夠包成這麼小，不容易啊,https://www.google.com/maps/contrib/100572269261219896057/reviews?hl=zh-TW
麻糬叔叔,Liu wednesday,在地嚮導 · 45 則評論 · 8 張相片,4 年前,1 顆星,看了部落格介紹來的，部落格照片麻糬大小蠻正常的，可能年代久遠了，現在麻糬變得縮水，差不多一個拇指頭大小（10元硬幣），口味也不好吃，台南少數雷店，雷到吃完頭髮都有點捲捲的。,https://www.google.com/maps/contrib/113833396970993598747/reviews?hl=zh-TW
麻糬叔叔,Tsan Lee,"在地嚮導 · 802 則評論 · 1,505 張相片",4 年前,4 顆星,在花園夜市裡，包餡麻糬口味多元還不錯。,https://www.google.com/maps/contrib/114044245595980845328/reviews?hl=zh-TW
麻糬叔叔,HSIU WEN LI (ㄒㄨ),4 則評論,5 年前,5 顆星,"喜歡吃不包餡麻糬外面裹粉
椰子、綠豆、還有一個白白的粉不知道叫啥
讚讚!

雖然小貴但偶爾吃一次還不錯!",https://www.google.com/maps/contrib/115941754678832368116/reviews?hl=zh-TW
麻糬叔叔,リイ,在地嚮導 · 112 則評論 · 114 張相片,5 年前,1 顆星,"看到有人推就去吃吃看
七顆50
可挑口味 …",https://www.google.com/maps/contrib/117955043893166571853/reviews?hl=zh-TW
麻糬叔叔,陳圓圓,在地嚮導 · 82 則評論 · 8 張相片,5 年前,2 顆星,"個人超愛吃麻糬的，看到一堆人排，也跟著排隊嚐鮮，買了100元，有15個，超小顆的，如果好吃也ok,但真的蠻普通的說，完全沒有驚艷",https://www.google.com/maps/contrib/102916874303363099390/reviews?hl=zh-TW
麻糬叔叔,J.Y Wu (Danny),"在地嚮導 · 453 則評論 · 2,535 張相片",5 年前,2 顆星,很一般,https://www.google.com/maps/contrib/118369386962671711292/reviews?hl=zh-TW
麻糬叔叔,陳恩彤,"在地嚮導 · 649 則評論 · 2,240 張相片",5 年前,3 顆星,味道普通，但口感還不錯,https://www.google.com/maps/contrib/101242543447370816137/reviews?hl=zh-TW
麻糬叔叔,王小裕,"在地嚮導 · 1,010 則評論 · 9,423 張相片",5 年前,4 顆星,口味多，但偏貴!,https://www.google.com/maps/contrib/106836438034004875495/reviews?hl=zh-TW
麻糬叔叔,蔡佳佳,在地嚮導 · 46 則評論 · 21 張相片,5 年前,5 顆星,奶酥麻糬❤️❤️❤️爆推，外皮軟Q，奶酥內餡濃郁香氣十足！喜歡奶味重的推這款👍🏻回去台南必吃！ …,https://www.google.com/maps/contrib/107120291710506041810/reviews?hl=zh-TW
麻糬叔叔,胖虎樂團,在地嚮導 · 22 則評論 · 12 張相片,5 年前,1 顆星,"態度很差啊！
買綜合，等待的時候突然妹妹講了一句很小聲很小聲的，我沒聽懂 蛤了一聲
結果妹妹跟老闆笑了一聲，是在笑什麼意思的？然後一句話都沒說了 …",https://www.google.com/maps/contrib/104855786933918475071/reviews?hl=zh-TW
麻糬叔叔,小可冰,在地嚮導 · 223 則評論 · 13 張相片,5 年前,1 顆星,很小顆，粉少。買不同口味吃起來都一樣。貴又不美味。,https://www.google.com/maps/contrib/106965953875455523741/reviews?hl=zh-TW
麻糬叔叔,林米娜,"在地嚮導 · 1,877 則評論 · 25,531 張相片",5 年前,4 顆星,每次來都會買，可以說從小吃到大，最愛巧克力口味，帶鹹口感很棒，只是味道跟口感來說還是以前比較好吃,https://www.google.com/maps/contrib/100137881272571129587/reviews?hl=zh-TW
麻糬叔叔,林舫妤,在地嚮導 · 58 則評論 · 52 張相片,5 年前,3 顆星,口味多種獨特，但麻糬偏軟不Q內餡不甜,https://www.google.com/maps/contrib/100333999436867877817/reviews?hl=zh-TW
麻糬叔叔,Lydia yao,6 則評論,5 年前,4 顆星,,https://www.google.com/maps/contrib/107443780096587214604/reviews?hl=zh-TW
麻糬叔叔,Mentou Tseng,"在地嚮導 · 548 則評論 · 3,149 張相片",5 年前,2 顆星,"麻糬真的好小顆～以前覺得很好吃！

可能在北部吃一顆10元大大顆～
它的大小差不多1/3",https://www.google.com/maps/contrib/113021148298320066802/reviews?hl=zh-TW
麻糬叔叔,李星糅,1 則評論,5 年前,1 顆星,"這家沒愛心沒有同情心，我先來也點完了
結果先做比我晚來的人，我問了男店員為什麽他們的先做，然後回我說老闆娘說先做他們的，客人都走了剩我跟另外一個客人，結果先做他的全部剩我一個人
我就問說我的到底好了沒，結果跟我說要開始做我的了 …",https://www.google.com/maps/contrib/109356513329646083943/reviews?hl=zh-TW
麻糬叔叔,Ching She,13 則評論,5 年前,4 顆星,許多別人沒有的獨家口味，特推奶酥、咖啡、巧克力，是連小朋友也愛的口味，但價格有點小貴！,https://www.google.com/maps/contrib/116362833025103669546/reviews?hl=zh-TW
麻糬叔叔,FFNA,13 則評論 · 4 張相片,5 年前,2 顆星,"想吃但沒買，跟老闆詢問了價位及有無沒包料的原味後告知需考慮一下，老闆隨即說了聲謝謝，我們轉身準備離開之際，老闆補上一句話「下次記得做功課！」
………………無言以對。",https://www.google.com/maps/contrib/114838215961073014187/reviews?hl=zh-TW
麻糬叔叔,Pei Hsieh,"在地嚮導 · 322 則評論 · 1,021 張相片",6 年前,3 顆星,七小顆50元，偏貴，口感尚可，花生粉和芝麻都嫌太少，只會吃這一次。,https://www.google.com/maps/contrib/116135883189766460728/reviews?hl=zh-TW
麻糬叔叔,楊士禾,,6 年前,5 顆星,,https://www.google.com/maps/contrib/111122255721567517960/reviews?hl=zh-TW
麻糬叔叔,林瑞芬,在地嚮導 · 106 則評論 · 368 張相片,6 年前,3 顆星,就一般般的麻糬,https://www.google.com/maps/contrib/108503227523016137450/reviews?hl=zh-TW
麻糬叔叔,張誌峰,在地嚮導 · 243 則評論,6 年前,2 顆星,七顆50有點小貴，奶酥口味不推薦，之後不考慮再回購,https://www.google.com/maps/contrib/114866038147868582493/reviews?hl=zh-TW
麻糬叔叔,武鳳,8 則評論,6 年前,1 顆星,口味真的很普通，沒店家說的好吃,https://www.google.com/maps/contrib/117834117974276984958/reviews?hl=zh-TW
麻糬叔叔,Julie Chiu,"在地嚮導 · 912 則評論 · 8,360 張相片",6 年前,3 顆星,,https://www.google.com/maps/contrib/116233114769033167682/reviews?hl=zh-TW
麻糬叔叔,CHUN-TIEN HU,"在地嚮導 · 222 則評論 · 1,508 張相片",6 年前,5 顆星,麻糬叔叔超好吃，要去五金街第一條找哲哥，找哲哥會優惠喔，他也在明正當租車業務，可以找他喔，未來老闆,https://www.google.com/maps/contrib/117613136197365803557/reviews?hl=zh-TW
麻糬叔叔,Wen Li,5 則評論 · 2 張相片,6 年前,5 顆星,雖然變小顆了但還是很愛，口感軟糯內餡不會太甜，最愛黑糖芋頭巧克力抹茶，買過香蕉大福也好吃～～～,https://www.google.com/maps/contrib/111170503226037196263/reviews?hl=zh-TW
麻糬叔叔,0 Ivy,在地嚮導 · 26 則評論 · 5 張相片,6 年前,1 顆星,"以前也是不大顆 但料比較實在
最近買人變多 料變超少...短期內不會再回購",https://www.google.com/maps/contrib/114524453513702243598/reviews?hl=zh-TW
麻糬叔叔,楊小姐,3 則評論,6 年前,5 顆星,,https://www.google.com/maps/contrib/116036948407728001192/reviews?hl=zh-TW
麻糬叔叔,劉佳寶,在地嚮導 · 26 則評論 · 16 張相片,7 年前,4 顆星,很好吃 每個口味都愛😊軟糯適中 不甜不膩 一不小心吃了一大盒😂 每次去逛花園夜市必買 真心推薦！ …,https://www.google.com/maps/contrib/109025088389517964750/reviews?hl=zh-TW
麻糬叔叔,Tzi Ti,在地嚮導 · 83 則評論 · 172 張相片,7 年前,5 顆星,雖然真的變小顆了，但真的很好吃，可以為了只吃它特地來台南一趟😅  重點是就算放冰箱，隔天拿出來吃口感一樣好👍   最推薦花生口味。巧克力和芋頭不推，紅豆芝麻也都不錯 …,https://www.google.com/maps/contrib/105802686193226884927/reviews?hl=zh-TW
麻糬叔叔,陳政,在地嚮導 · 20 則評論 · 33 張相片,7 年前,1 顆星,,https://www.google.com/maps/contrib/114449676757178782397/reviews?hl=zh-TW
麻糬叔叔,Ghost of Ca xoxo,在地嚮導 · 129 則評論 · 266 張相片,7 年前,1 顆星,排隊排了5分鐘，男店員跟我點完餐，後來我們又等了大概15分鐘，有3組比我們晚來的都先拿到，我問那個臭臉女店員：我們先來的欸？ 女店員竟然只說喔做錯了！然後根本沒有覺得抱歉要先補給我們的意思，我們白白等了15分鐘，態度還那麼差！我們直接走人，再也不會來這種爛店！沒水準！祝關門大吉,https://www.google.com/maps/contrib/109908610701141602068/reviews?hl=zh-TW
麻糬叔叔,黃香蕉,"在地嚮導 · 250 則評論 · 5,120 張相片",7 年前,4 顆星,"大小剛好一口吃
麻吉裡面還有包餡
很Q不錯吃",https://www.google.com/maps/contrib/116925766995544084444/reviews?hl=zh-TW
麻糬叔叔,枂雨,7 則評論 · 8 張相片,8 年前,5 顆星,,https://www.google.com/maps/contrib/109262496517325107188/reviews?hl=zh-TW
麻糬叔叔,潘星友,在地嚮導 · 185 則評論 · 326 張相片,8 年前,4 顆星,,https://www.google.com/maps/contrib/111674746839027735072/reviews?hl=zh-TW
麻糬叔叔,X L,在地嚮導 · 143 則評論 · 208 張相片,8 年前,3 顆星,"一顆大約50元硬幣(NTD)大小，7顆(一盒)$50，口味多樣，外皮裹粉(巧克力、芝麻、花生、抹茶…等)
排隊人潮少
—2016.8.6 晚上",https://www.google.com/maps/contrib/109346107350507839941/reviews?hl=zh-TW
麻糬叔叔,Penny Tsai,在地嚮導 · 142 則評論 · 545 張相片,8 年前,4 顆星,內餡都好好吃，不會太甜,https://www.google.com/maps/contrib/100090379135526393229/reviews?hl=zh-TW
麻糬叔叔,大舌,在地嚮導 · 396 則評論 · 4 張相片,8 年前,4 顆星,好吃,https://www.google.com/maps/contrib/100011725790620224202/reviews?hl=zh-TW
麻糬叔叔,hon chung,在地嚮導 · 102 則評論 · 128 張相片,8 年前,4 顆星,麻糬有包內餡跟裹粉，口感很不錯，且有多樣化口味。,https://www.google.com/maps/contrib/117576340487110716841/reviews?hl=zh-TW
麻糬叔叔,Brian Kuo,在地嚮導 · 90 則評論 · 5 張相片,8 年前,1 顆星,普，有些偏難吃,https://www.google.com/maps/contrib/113506862869306469489/reviews?hl=zh-TW
麻糬叔叔,海豚男,在地嚮導 · 227 則評論 · 354 張相片,9 年前,4 顆星,"口味選擇眾多
味道不會太甜
剛剛好的大小值得ㄧ嘗",https://www.google.com/maps/contrib/114802747549829690953/reviews?hl=zh-TW
麻糬叔叔,潘安,在地嚮導 · 102 則評論,9 年前,4 顆星,,https://www.google.com/maps/contrib/104803252485873219485/reviews?hl=zh-TW
麻糬叔叔,LyN Liii,1 則評論,10 年前,5 顆星,,https://www.google.com/maps/contrib/107524209511796603115/reviews?hl=zh-TW
麻糬叔叔,Y.H. Lin,在地嚮導 · 168 則評論 · 174 張相片,10 年前,2 顆星,,https://www.google.com/maps/contrib/103360902678074241177/reviews?hl=zh-TW
麻糬叔叔,Leon Tu,"在地嚮導 · 1,440 則評論 · 1,206 張相片",11 年前,4 顆星,"番茄冰梅麻糬、草莓大福

#LABA 0503y12",https://www.google.com/maps/contrib/103337160836855890300/reviews?hl=zh-TW
吉野食堂,雪兒,4 則評論,3 週前,1 顆星,"連一顆星都不想給
服務態度差就算了。
東西又貴 .",https://www.google.com/maps/contrib/116191623759814120133/reviews?hl=zh-TW
吉野食堂,D Da,在地嚮導 · 235 則評論 · 44 張相片,4 個月前,5 顆星,"烤魚口味好吃
醬料都是老闆特調
服務態度也不錯呀
個人是蠻推的",https://www.google.com/maps/contrib/112275528138438866306/reviews?hl=zh-TW
吉野食堂,CC. Tsai,9 則評論 · 11 張相片,7 個月前,4 顆星,,https://www.google.com/maps/contrib/117585309867517686283/reviews?hl=zh-TW
吉野食堂,李仔糖,6 則評論,7 個月前,1 顆星,剛烤好上桌的烤魚 表面溫的 溫的 溫的，中間完全是冷的 跟店家反應 只問有紅紅的嗎？笑之不理，衛生食安堪慮啊！以為自家魚是生食等級嗎？態度也夠差！,https://www.google.com/maps/contrib/106719699696386131100/reviews?hl=zh-TW
吉野食堂,黃儀萁,4 則評論,8 個月前,5 顆星,烤魚太好吃了！！！！！,https://www.google.com/maps/contrib/111151420135397117573/reviews?hl=zh-TW
吉野食堂,張盛文（colven）,"在地嚮導 · 296 則評論 · 2,264 張相片",9 個月前,5 顆星,"現烤雕魚
口味很棒
好吃😋",https://www.google.com/maps/contrib/106534161175169593755/reviews?hl=zh-TW
吉野食堂,李孟庭,4 則評論,1 年前,1 顆星,服務態度很差,https://www.google.com/maps/contrib/116194478928182618086/reviews?hl=zh-TW
五花肉泡菜卷,uu Yuuu,3 則評論 · 2 張相片,6 個月前,1 顆星,泡菜一點點而已⋯⋯⋯==,https://www.google.com/maps/contrib/116001864408771913115/reviews?hl=zh-TW
晚伍小賣所,金城武,"在地嚮導 · 561 則評論 · 4,534 張相片",2 個月前,5 顆星,在武聖夜市買的，紅茶牛奶好吃,https://www.google.com/maps/contrib/116981309550055887652/reviews?hl=zh-TW
晚伍小賣所,P H,在地嚮導 · 62 則評論 · 46 張相片,4 個月前,5 顆星,,https://www.google.com/maps/contrib/102706895049986756674/reviews?hl=zh-TW
晚伍小賣所,Mo LY,在地嚮導 · 127 則評論 · 112 張相片,4 個月前,5 顆星,"每次下班必買鮮奶紅茶🦋
濃醇香～老闆超nice",https://www.google.com/maps/contrib/108673194751871068678/reviews?hl=zh-TW
晚伍小賣所,西西里黃后,"在地嚮導 · 1,199 則評論 · 10,484 張相片",8 個月前,4 顆星,看到高大鮮奶就想喝一杯😄還有紙提袋，真方便,https://www.google.com/maps/contrib/102858401474617049866/reviews?hl=zh-TW
晚伍小賣所,Cat play,在地嚮導 · 24 則評論 · 2 張相片,9 個月前,5 顆星,,https://www.google.com/maps/contrib/101372403131741751905/reviews?hl=zh-TW
晚伍小賣所,Lun Li,在地嚮導 · 41 則評論 · 19 張相片,9 個月前,5 顆星,"咖啡牛奶推推👍
就是這個回南部必喝啊
一整罐的牛奶+上不會很甜的咖啡

還有貼心路上提袋很古錐",https://www.google.com/maps/contrib/103072112109883089497/reviews?hl=zh-TW
晚伍小賣所,Y I,"在地嚮導 · 1,849 則評論 · 9,971 張相片",10 個月前,5 顆星,"黑糖牛奶$60
是加一整瓶的高大牛奶進去，喝起來還不錯，奶味不會很淡，黑糖味甜度剛好",https://www.google.com/maps/contrib/103916878421002513171/reviews?hl=zh-TW
晚伍小賣所,Patty,在地嚮導 · 83 則評論 · 311 張相片,11 個月前,5 顆星,鮮奶系列都是加一整瓶玻璃罐的牛奶，飲料也好喝，CP值很高，包裝也非常用心,https://www.google.com/maps/contrib/117399659007943914126/reviews?hl=zh-TW
脆皮德國豬腳假日農市店,Sarina Chen,在地嚮導 · 9 則評論 · 22 張相片,2 年前,5 顆星,,https://www.google.com/maps/contrib/117368264224906748124/reviews?hl=zh-TW
台灣第一菇,黃志光,14 則評論 · 1 張相片,1 個月前,5 顆星,"3/3 去老闆剛好要收攤了 本以為吃不到 結果卻送了最後一包還不用錢，重點是 超好吃
台南好溫暖好棒😍 …",https://www.google.com/maps/contrib/103769119687948380617/reviews?hl=zh-TW
台灣第一菇,Wei Wei,6 則評論 · 2 張相片,2 個月前,3 顆星,"點完大份杏鮑菇後說要等一下，之後後面出綜合的出了7、8份，我們站在攤子前而已，
就這樣等了半個多小時，我們詢問後才說忘記了..能體諒很忙，但是有看到有筆寫紙袋上，出餐應該是需要按照順序來，出綜合的杏鮑菇份量應該已經超過一份大份杏鮑菇的量了吧..對於第一次來花園夜市，又是那天第一個點的東西，有點對印象扣分",https://www.google.com/maps/contrib/101425656853329526234/reviews?hl=zh-TW
台灣第一菇,莊雅莉,8 則評論 · 1 張相片,1 年前,1 顆星,,https://www.google.com/maps/contrib/111624965727794527113/reviews?hl=zh-TW
台灣第一菇,angela LIOU (苳苳),10 則評論 · 5 張相片,2 年前,5 顆星,點了綜合口味，老闆娘很細心的分配菇菇，塞好塞滿！現吃口感酥脆，就算帶回飯店冷掉也好吃！值得推薦！,https://www.google.com/maps/contrib/110362869110263983144/reviews?hl=zh-TW
台灣第一菇,我自橫刀向天笑（Ryan）,在地嚮導 · 206 則評論 · 947 張相片,2 年前,5 顆星,超好吃，份量又超多,https://www.google.com/maps/contrib/116035731236513022700/reviews?hl=zh-TW
台灣第一菇,Jamie,在地嚮導 · 31 則評論 · 5 張相片,2 年前,5 顆星,非常好吃 份量超多，很便宜,https://www.google.com/maps/contrib/100371055148965023073/reviews?hl=zh-TW
台灣第一菇,張品婷,15 則評論 · 1 張相片,4 年前,5 顆星,老闆娘人超好份量超級多杏鮑菇好好吃❤️,https://www.google.com/maps/contrib/108228672536638296751/reviews?hl=zh-TW
台灣第一菇,Jia,在地嚮導 · 27 則評論 · 3 張相片,6 年前,5 顆星,超好吃😋 …,https://www.google.com/maps/contrib/102176212694410245484/reviews?hl=zh-TW
台灣第一菇,董尹涵,在地嚮導 · 52 則評論 · 107 張相片,6 年前,5 顆星,多汁的菇，回台南必吃,https://www.google.com/maps/contrib/113633190376854931732/reviews?hl=zh-TW
凍心炸冰淇淋-台南大東店,辰辰,10 則評論 · 6 張相片,3 週前,5 顆星,好吃,https://www.google.com/maps/contrib/105819889745893448050/reviews?hl=zh-TW
凍心炸冰淇淋-台南大東店,吳亞芸,3 則評論 · 2 張相片,3 週前,5 顆星,姐姐很可愛😍愛死闆娘😘😘之後去大東都一定會買,https://www.google.com/maps/contrib/101103402787183946725/reviews?hl=zh-TW
凍心炸冰淇淋-台南大東店,朝花,,1 個月前,5 顆星,,https://www.google.com/maps/contrib/114275564710612213275/reviews?hl=zh-TW
凍心炸冰淇淋-台南大東店,羅勤宜,5 則評論 · 2 張相片,1 個月前,5 顆星,超級好吃很推薦,https://www.google.com/maps/contrib/112351170073744544058/reviews?hl=zh-TW
凍心炸冰淇淋-台南大東店,婉君,2 則評論,1 個月前,5 顆星,超好吃😭掉下去地上還補一份給我們,https://www.google.com/maps/contrib/115957333960842072080/reviews?hl=zh-TW
凍心炸冰淇淋-台南大東店,山瓊水鏡,12 則評論 · 2 張相片,3 個月前,5 顆星,第一次嘗試，感覺真的很不錯，味道真是為之一亮,https://www.google.com/maps/contrib/116937603348737085969/reviews?hl=zh-TW
凍心炸冰淇淋-台南大東店,Jason1987 Lu,在地嚮導 · 15 則評論,4 個月前,5 顆星,超級好吃,https://www.google.com/maps/contrib/112702155698605162979/reviews?hl=zh-TW
凍心炸冰淇淋-台南大東店,吳朵秀,12 則評論 · 4 張相片,5 個月前,5 顆星,冰淇淋超好吃～店員很可愛態度有夠親切,https://www.google.com/maps/contrib/108467482644512973963/reviews?hl=zh-TW
凍心炸冰淇淋-台南大東店,章魚tacoo,5 則評論 · 2 張相片,5 個月前,5 顆星,好吃😋,https://www.google.com/maps/contrib/100780983904418383628/reviews?hl=zh-TW
凍心炸冰淇淋-台南大東店,爽雙,6 則評論 · 4 張相片,5 個月前,5 顆星,"很好吃
服務很好
老闆娘很像我一個朋友！！！",https://www.google.com/maps/contrib/104152680610431004703/reviews?hl=zh-TW
凍心炸冰淇淋-台南大東店,蔡綵彤,10 則評論 · 2 張相片,8 個月前,5 顆星,榴槤真好吃,https://www.google.com/maps/contrib/113645009512304045385/reviews?hl=zh-TW
凍心炸冰淇淋-台南大東店,Solitude,在地嚮導 · 14 則評論 · 14 張相片,8 個月前,5 顆星,很特別的冰,https://www.google.com/maps/contrib/103414593591902509308/reviews?hl=zh-TW
凍心炸冰淇淋-台南大東店,Fen Fen,6 則評論 · 3 張相片,8 個月前,5 顆星,老闆娘人超健談，我去大東必買！！,https://www.google.com/maps/contrib/100787673014805807158/reviews?hl=zh-TW
凍心炸冰淇淋-台南大東店,花花,在地嚮導 · 21 則評論 · 5 張相片,8 個月前,5 顆星,如果有去，總是必買的商品之一,https://www.google.com/maps/contrib/109926325794890606615/reviews?hl=zh-TW
凍心炸冰淇淋-台南大東店,香草蛋糕,5 則評論,10 個月前,5 顆星,老闆娘態度很好，藍莓口味的炸冰淇淋很好吃，外皮跟內餡都很讚！,https://www.google.com/maps/contrib/108837819057296523236/reviews?hl=zh-TW
凍心炸冰淇淋-台南大東店,霧影幻魅,7 則評論 · 1 張相片,10 個月前,5 顆星,,https://www.google.com/maps/contrib/102466126972435401739/reviews?hl=zh-TW
凍心炸冰淇淋-台南大東店,李家丞,5 則評論 · 1 張相片,10 個月前,5 顆星,,https://www.google.com/maps/contrib/117959156980004020234/reviews?hl=zh-TW
凍心炸冰淇淋-台南大東店,張純,7 則評論 · 4 張相片,11 個月前,5 顆星,第一次吃，愛上，而且有榴槤口味🤣,https://www.google.com/maps/contrib/107670208335120475313/reviews?hl=zh-TW
凍心炸冰淇淋-台南大東店,謝舒婷,5 則評論 · 6 張相片,11 個月前,5 顆星,"真的很好吃的炸冰淇淋
只要有來大東 一定會過來😊",https://www.google.com/maps/contrib/113247740645652159650/reviews?hl=zh-TW
凍心炸冰淇淋-台南大東店,蔡欣玲,9 則評論 · 1 張相片,1 年前,5 顆星,老闆親切～冰淇淋外酥內綿密～好好吃^_^,https://www.google.com/maps/contrib/109402471426172342052/reviews?hl=zh-TW
凍心炸冰淇淋-台南大東店,Mark Chien (まおうさん),在地嚮導 · 22 則評論 · 24 張相片,1 年前,5 顆星,冰淇淋好吃！提拉米蘇、大湖草莓跟榴槤讚讚👍,https://www.google.com/maps/contrib/100444580107697573038/reviews?hl=zh-TW
凍心炸冰淇淋-台南大東店,miao chu,1 則評論,1 年前,5 顆星,"在大東這邊，每次來都必買的小甜點
外酥內軟～好吃😍",https://www.google.com/maps/contrib/111551927235487861988/reviews?hl=zh-TW
凍心炸冰淇淋-台南大東店,盧翊榛,6 則評論,1 年前,5 顆星,好吃親切服務好介紹詳細,https://www.google.com/maps/contrib/103459505256483756992/reviews?hl=zh-TW
凍心炸冰淇淋-台南大東店,倫倫,12 則評論 · 1 張相片,1 年前,5 顆星,姊姊人超親切的 超好吃的下次會再來！😍,https://www.google.com/maps/contrib/102892895599399850962/reviews?hl=zh-TW
凍心炸冰淇淋-台南大東店,鈺晴,12 則評論 · 2 張相片,1 年前,5 顆星,老闆人超好 東西超好吃的..,https://www.google.com/maps/contrib/104321883948634307727/reviews?hl=zh-TW
凍心炸冰淇淋-台南大東店,YUN P,在地嚮導 · 23 則評論 · 4 張相片,1 年前,5 顆星,超級好吃 闆娘超好❤️❤️,https://www.google.com/maps/contrib/105236972859334929474/reviews?hl=zh-TW
凍心炸冰淇淋-台南大東店,B Ill,在地嚮導 · 21 則評論 · 5 張相片,1 年前,5 顆星,"原本找不到想要放棄了，還好想到可以聯絡ig粉專，老闆娘馬上告訴確切位置，讓我如願找到☺️
真的超級好吃，第一次吃選擇老闆娘推薦的藍莓口味，表皮炸的脆脆的，搭配水果味濃厚的冰淇淋，熱天吃超消暑",https://www.google.com/maps/contrib/112293946469537434773/reviews?hl=zh-TW
凍心炸冰淇淋-台南大東店,林媽媽,1 則評論 · 1 張相片,1 年前,5 顆星,超好吃，有寫到水果都是用水果做的冰淇淋,https://www.google.com/maps/contrib/111577103897194746916/reviews?hl=zh-TW
凍心炸冰淇淋-台南大東店,陳小頎,13 則評論,1 年前,5 顆星,好吃！路過要來,https://www.google.com/maps/contrib/115491673066460021592/reviews?hl=zh-TW
凍心炸冰淇淋-台南大東店,FG SD,5 則評論 · 4 張相片,1 年前,5 顆星,榴槤口味的超級好吃，闆娘服務很好👍👍👍,https://www.google.com/maps/contrib/102093011877203448007/reviews?hl=zh-TW
凍心炸冰淇淋-台南大東店,Una Liu (柳柳),在地嚮導 · 51 則評論 · 55 張相片,1 年前,5 顆星,很好吃 闆娘人也很和善😋,https://www.google.com/maps/contrib/105273019901165689557/reviews?hl=zh-TW
凍心炸冰淇淋-台南大東店,Anita Wang,在地嚮導 · 16 則評論 · 3 張相片,1 年前,5 顆星,"真的好好吃🤤
每次來必點",https://www.google.com/maps/contrib/104829678580758390074/reviews?hl=zh-TW
凍心炸冰淇淋-台南大東店,k.l.rf20,9 則評論 · 3 張相片,1 年前,5 顆星,,https://www.google.com/maps/contrib/111100242862558216009/reviews?hl=zh-TW
凍心炸冰淇淋-台南大東店,Hui Hui,在地嚮導 · 10 則評論 · 26 張相片,1 年前,5 顆星,"9月大東分家之後，目前攤位在大東東最側邊數來第二排，老闆ig都會回訊息，記得不要跑錯邊噢～

買了藍莓和提拉米蘇兩個口味
都超級好吃😋推薦！",https://www.google.com/maps/contrib/102566251010985772311/reviews?hl=zh-TW
凍心炸冰淇淋-台南大東店,水牛,12 則評論 · 4 張相片,1 年前,5 顆星,,https://www.google.com/maps/contrib/104007085395385965404/reviews?hl=zh-TW
凍心炸冰淇淋-台南大東店,Yung Lin Jhang,在地嚮導 · 36 則評論 · 14 張相片,1 年前,5 顆星,"來夜市必吃！！！現炸麵皮酥脆搭冰涼冰淇淋超對味
老闆人真的好好🥹🥹🥹",https://www.google.com/maps/contrib/109146596112188822758/reviews?hl=zh-TW
凍心炸冰淇淋-台南大東店,Penny Lu,在地嚮導 · 28 則評論 · 5 張相片,1 年前,5 顆星,冰淇淋超好吃,https://www.google.com/maps/contrib/109542833607060072080/reviews?hl=zh-TW
凍心炸冰淇淋-台南大東店,黃佳鈺,8 則評論,1 年前,5 顆星,老闆服務很好 人也超好,https://www.google.com/maps/contrib/106430563574163010703/reviews?hl=zh-TW
凍心炸冰淇淋-台南大東店,矮袋鼠,12 則評論 · 1 張相片,1 年前,5 顆星,老闆娘人很好！,https://www.google.com/maps/contrib/103379408530164369470/reviews?hl=zh-TW
凍心炸冰淇淋-台南大東店,Matcha抹茶（抹茶）,在地嚮導 · 18 則評論 · 53 張相片,1 年前,5 顆星,"好吃，每次來一定會買，炸完還是冰的
（他們現在在第二條走道，營養三明治那條）",https://www.google.com/maps/contrib/112482875604796569531/reviews?hl=zh-TW
凍心炸冰淇淋-台南大東店,JIM,2 則評論,1 年前,5 顆星,,https://www.google.com/maps/contrib/116949977403804457920/reviews?hl=zh-TW
凍心炸冰淇淋-台南大東店,邱霜月,1 則評論,1 年前,5 顆星,人超好的老闆娘~冰超好吃，超推薦！！！！,https://www.google.com/maps/contrib/100508610398450970351/reviews?hl=zh-TW
凍心炸冰淇淋-台南大東店,李皇德,3 則評論 · 1 張相片,1 年前,5 顆星,老闆很熱情，外酥內軟很讚,https://www.google.com/maps/contrib/106479109259995701094/reviews?hl=zh-TW
凍心炸冰淇淋-台南大東店,林玟妤,10 則評論 · 8 張相片,1 年前,5 顆星,老闆娘人好好，冰淇淋好吃,https://www.google.com/maps/contrib/106126543976503029027/reviews?hl=zh-TW
凍心炸冰淇淋-台南大東店,小黃,3 則評論,1 年前,5 顆星,,https://www.google.com/maps/contrib/109812731779889042577/reviews?hl=zh-TW
凍心炸冰淇淋-台南大東店,蘇郁方,23 則評論 · 3 張相片,1 年前,5 顆星,好吃，服務業很好,https://www.google.com/maps/contrib/114617292553488903779/reviews?hl=zh-TW
凍心炸冰淇淋-台南大東店,曾櫻萱,15 則評論 · 3 張相片,1 年前,5 顆星,超好吃，好吃一直吃～,https://www.google.com/maps/contrib/118389652909146696159/reviews?hl=zh-TW
凍心炸冰淇淋-台南大東店,蘋果,9 則評論 · 3 張相片,1 年前,5 顆星,好吃好吃,https://www.google.com/maps/contrib/111562654498753280584/reviews?hl=zh-TW
凍心炸冰淇淋-台南大東店,吳玟敏,5 則評論 · 5 張相片,1 年前,5 顆星,,https://www.google.com/maps/contrib/104756844909365015029/reviews?hl=zh-TW
凍心炸冰淇淋-台南大東店,Chiao Chen,10 則評論 · 4 張相片,1 年前,5 顆星,,https://www.google.com/maps/contrib/101078209789581792236/reviews?hl=zh-TW
凍心炸冰淇淋-台南大東店,文豪劉,15 則評論 · 9 張相片,1 年前,5 顆星,必吃，不會後悔。,https://www.google.com/maps/contrib/116612697954307881918/reviews?hl=zh-TW
凍心炸冰淇淋-台南大東店,W L,在地嚮導 · 9 則評論 · 24 張相片,1 年前,5 顆星,超好吃 姊姊人很nice🫶🏻 …,https://www.google.com/maps/contrib/113461960556732056026/reviews?hl=zh-TW
凍心炸冰淇淋-台南大東店,千千,8 則評論 · 3 張相片,1 年前,5 顆星,闆娘真的人很親切又nice😊 …,https://www.google.com/maps/contrib/112027620344554523813/reviews?hl=zh-TW
凍心炸冰淇淋-台南大東店,wei wei wu,4 則評論 · 5 張相片,1 年前,5 顆星,"第三個蒐集到的口味薄荷巧克力🍫🍃
吃過了百香果優格跟蘋香藍莓🫐都很讚！ …",https://www.google.com/maps/contrib/113941537185252928217/reviews?hl=zh-TW
凍心炸冰淇淋-台南大東店,Li Siiihan,14 則評論 · 8 張相片,1 年前,5 顆星,酥酥冰冰很不錯👍🏿 …,https://www.google.com/maps/contrib/105351275203798746388/reviews?hl=zh-TW
凍心炸冰淇淋-台南大東店,陳韋丞,13 則評論 · 10 張相片,1 年前,5 顆星,好吃😋 …,https://www.google.com/maps/contrib/115562693846279900730/reviews?hl=zh-TW
凍心炸冰淇淋-台南大東店,Shuhan Wei,5 則評論 · 1 張相片,1 年前,5 顆星,超級棒,https://www.google.com/maps/contrib/109284919883809839860/reviews?hl=zh-TW
凍心炸冰淇淋-台南大東店,李嘉昱,2 則評論 · 2 張相片,1 年前,5 顆星,"去取餐的時候買了一個來吃
超級好吃 老闆人也很親切☺️",https://www.google.com/maps/contrib/115824668932198041550/reviews?hl=zh-TW
凍心炸冰淇淋-台南大東店,王伊涵,4 則評論,1 年前,5 顆星,口味好吃，可以推薦，內熱外冷很可口好吃,https://www.google.com/maps/contrib/100361760680471985192/reviews?hl=zh-TW
凍心炸冰淇淋-台南大東店,王心怡,3 則評論,1 年前,5 顆星,"口味都蠻好吃的，個人蠻喜歡香草的🤣
老闆人很好❤️ …",https://www.google.com/maps/contrib/112536815808281323821/reviews?hl=zh-TW
凍心炸冰淇淋-台南大東店,32蔡郁蓁,17 則評論 · 8 張相片,1 年前,5 顆星,,https://www.google.com/maps/contrib/113652293319944381289/reviews?hl=zh-TW
凍心炸冰淇淋-台南大東店,李偲詩,在地嚮導 · 19 則評論 · 40 張相片,1 年前,5 顆星,"想吃很久了，終於吃到了，心滿意足～
推推大家來吃吃看！",https://www.google.com/maps/contrib/100281825697637985027/reviews?hl=zh-TW
凍心炸冰淇淋-台南大東店,Grace Panda,2 則評論 · 3 張相片,1 年前,5 顆星,好吃☺️,https://www.google.com/maps/contrib/102004567714713415240/reviews?hl=zh-TW
凍心炸冰淇淋-台南大東店,Thomas Wong,1 則評論,1 年前,5 顆星,老闆超仁慈 :),https://www.google.com/maps/contrib/110234149561891690817/reviews?hl=zh-TW
凍心炸冰淇淋-台南大東店,阿軒,8 則評論 · 3 張相片,1 年前,5 顆星,好吃😋 推薦大家來吃 …,https://www.google.com/maps/contrib/110836064278324111749/reviews?hl=zh-TW
凍心炸冰淇淋-台南大東店,李奕增,9 則評論 · 3 張相片,1 年前,5 顆星,特地從台中來就是要吃這間！,https://www.google.com/maps/contrib/102389695058246671720/reviews?hl=zh-TW
凍心炸冰淇淋-台南大東店,許皖茹,2 則評論,1 年前,5 顆星,來大東夜市必吃🤣 …,https://www.google.com/maps/contrib/103741730199682670996/reviews?hl=zh-TW
凍心炸冰淇淋-台南大東店,蔡沛縈,1 則評論 · 1 張相片,1 年前,5 顆星,,https://www.google.com/maps/contrib/100504535566989977600/reviews?hl=zh-TW
凍心炸冰淇淋-台南大東店,Luoke Su,在地嚮導 · 51 則評論 · 19 張相片,1 年前,5 顆星,巧克力好好吃🤤 …,https://www.google.com/maps/contrib/106361834668135398926/reviews?hl=zh-TW
凍心炸冰淇淋-台南大東店,溫龍生,10 則評論 · 7 張相片,1 年前,5 顆星,老闆很用心，雖然是夜市，但是整體清潔做的很乾淨，產品用心介紹，來大東逛夜市可以來吃吃看喔！好吃的炸冰淇淋！,https://www.google.com/maps/contrib/105099425955515943656/reviews?hl=zh-TW
凍心炸冰淇淋-台南大東店,劉劉,12 則評論 · 1 張相片,1 年前,5 顆星,超好吃～板娘很可愛,https://www.google.com/maps/contrib/114005573041384898907/reviews?hl=zh-TW
凍心炸冰淇淋-台南大東店,黎璃,1 則評論,1 年前,5 顆星,老闆娘很可愛 用心介紹 很好吃 推推👍🏻 …,https://www.google.com/maps/contrib/108279513206412398273/reviews?hl=zh-TW
凍心炸冰淇淋-台南大東店,黃昱翔,9 則評論,1 年前,5 顆星,,https://www.google.com/maps/contrib/109892124684293584262/reviews?hl=zh-TW
凍心炸冰淇淋-台南大東店,CHEN Leo,7 則評論 · 1 張相片,1 年前,5 顆星,老闆很大方 讚讚讚,https://www.google.com/maps/contrib/109185911209929069916/reviews?hl=zh-TW
凍心炸冰淇淋-台南大東店,Jade Shen,5 則評論 · 2 張相片,1 年前,5 顆星,我們點了榴槤味的，令我驚訝的是它很好吃！我不喜歡吃甜食，但這值得一試。賣家超級友善，很容易交談☺️,https://www.google.com/maps/contrib/104183046115133465530/reviews?hl=zh-TW
凍心炸冰淇淋-台南大東店,Co Co,6 則評論 · 2 張相片,1 年前,5 顆星,非常好吃😋 …,https://www.google.com/maps/contrib/116542295815311266435/reviews?hl=zh-TW
凍心炸冰淇淋-台南大東店,Hannah Chen,"在地嚮導 · 565 則評論 · 2,088 張相片",1 年前,5 顆星,老闆娘超親切～ 凍心真的超好吃😋！ …,https://www.google.com/maps/contrib/106548126427472305052/reviews?hl=zh-TW
凍心炸冰淇淋-台南大東店,陳小羽,在地嚮導 · 45 則評論 · 152 張相片,1 年前,5 顆星,台南大東夜市的凍心炸冰淇淋真是太好吃了！每一口冰淇淋都帶著脆脆的外皮和柔軟的內核，口感超級豐富。吃著草莓口味的炸冰淇淋，彷彿置身於冰淇淋的王國里，讓人欲罷不能。如果你來台南大東夜市，一定要一嚐這款美味的凍心炸冰淇淋，絕對不會讓你失望！,https://www.google.com/maps/contrib/115550728288733761385/reviews?hl=zh-TW
凍心炸冰淇淋-台南大東店,òβaЪ ๖ۣۜ不離,在地嚮導 · 29 則評論 · 1 張相片,1 年前,5 顆星,老闆人超好,https://www.google.com/maps/contrib/101998656542954542828/reviews?hl=zh-TW
凍心炸冰淇淋-台南大東店,Lotso Wu,在地嚮導 · 118 則評論 · 701 張相片,1 年前,4 顆星,炸麵皮包著冰淇淋，炸皮蠻好吃但冰淇淋一般般，整體外熱內冷的口感蠻不錯。,https://www.google.com/maps/contrib/113834107392996381544/reviews?hl=zh-TW
凍心炸冰淇淋-台南大東店,Hanyu HUNG,"在地嚮導 · 218 則評論 · 1,026 張相片",1 年前,5 顆星,"有特色的甜點，炸冰淇淋
口味眾多皆可選擇，油很乾淨，老闆娘親切
台南大東夜市必吃👍🏻 …",https://www.google.com/maps/contrib/103667708492329783168/reviews?hl=zh-TW
凍心炸冰淇淋-台南大東店,林小昀,3 則評論 · 1 張相片,1 年前,5 顆星,,https://www.google.com/maps/contrib/102137280587308872635/reviews?hl=zh-TW
凍心炸冰淇淋-台南大東店,Hank Chiang,"在地嚮導 · 212 則評論 · 1,203 張相片",2 年前,5 顆星,藍莓也好吃！外熱內冰～新體驗！！,https://www.google.com/maps/contrib/112032835344177721667/reviews?hl=zh-TW
凍心炸冰淇淋-台南大東店,呂小慈,13 則評論 · 1 張相片,2 年前,5 顆星,"榴槤口味好好吃😋
孩子喜歡香草/巧克力
今天社長幫我外送到家.自己DIY成功耶 …",https://www.google.com/maps/contrib/104592766888422256293/reviews?hl=zh-TW
凍心炸冰淇淋-台南大東店,蕭雅勻,9 則評論 · 9 張相片,2 年前,5 顆星,好吃😋❤️ …,https://www.google.com/maps/contrib/118009997005599419239/reviews?hl=zh-TW
凍心炸冰淇淋-台南大東店,蘇玫樺,4 則評論,2 年前,5 顆星,,https://www.google.com/maps/contrib/115001597763303807423/reviews?hl=zh-TW
凍心炸冰淇淋-台南大東店,Pe Gin Shih,,2 年前,5 顆星,,https://www.google.com/maps/contrib/117435271862384072573/reviews?hl=zh-TW
凍心炸冰淇淋-台南大東店,Juli eee,11 則評論 · 6 張相片,2 年前,5 顆星,闆娘很可愛❤️,https://www.google.com/maps/contrib/100538551684415449170/reviews?hl=zh-TW
凍心炸冰淇淋-台南大東店,D An,7 則評論 · 7 張相片,2 年前,5 顆星,"老闆娘超級熱情！！！
炸冰好吃到一次買兩個～
榴蓮味 味道超級濃郁～大推！！！",https://www.google.com/maps/contrib/115007237655121856701/reviews?hl=zh-TW
凍心炸冰淇淋-台南大東店,Queen Chen,在地嚮導 · 34 則評論 · 26 張相片,2 年前,5 顆星,老闆娘用心講解每一種口味，今天吃期間限定金枕頭榴槤冰口味，奶香味濃厚，值得一試！,https://www.google.com/maps/contrib/113715523482242179311/reviews?hl=zh-TW
凍心炸冰淇淋-台南大東店,高曉涵,8 則評論,2 年前,5 顆星,"老闆娘熱情，人又好
重點是冰淇淋很好吃！
推薦來台南大東夜市必吃❤️❤️❤️",https://www.google.com/maps/contrib/101033305887407043964/reviews?hl=zh-TW
凍心炸冰淇淋-台南大東店,Aden,7 則評論,2 年前,5 顆星,好好吃,https://www.google.com/maps/contrib/101346837602788741884/reviews?hl=zh-TW
凍心炸冰淇淋-台南大東店,Mo Mo,9 則評論,2 年前,5 顆星,超級好吃 店員超親切熱情,https://www.google.com/maps/contrib/102531368812944063587/reviews?hl=zh-TW
凍心炸冰淇淋-台南大東店,Zoe Liao,1 則評論,2 年前,5 顆星,😋 …,https://www.google.com/maps/contrib/111911057824761422398/reviews?hl=zh-TW
凍心炸冰淇淋-台南大東店,汪神騏,4 則評論 · 11 張相片,2 年前,5 顆星,"好吃！我今天點香蘋藍莓
結果造型太可愛等不及想消滅它，就忘記拍照了 …",https://www.google.com/maps/contrib/105310004768670097626/reviews?hl=zh-TW
凍心炸冰淇淋-台南大東店,簡薏庭,在地嚮導 · 17 則評論 · 4 張相片,2 年前,5 顆星,超好吃！闆娘人非常nice,https://www.google.com/maps/contrib/104648783426632550535/reviews?hl=zh-TW
凍心炸冰淇淋-台南大東店,L ALEX,4 則評論 · 4 張相片,2 年前,5 顆星,大湖草莓🍓讚！ …,https://www.google.com/maps/contrib/106423195986647131868/reviews?hl=zh-TW
凍心炸冰淇淋-台南大東店,yu chen,在地嚮導 · 35 則評論 · 5 張相片,2 年前,5 顆星,"店員姊姊人超好😻
大家快來買！！！！ …",https://www.google.com/maps/contrib/107659480248864208484/reviews?hl=zh-TW
凍心炸冰淇淋-台南大東店,gya tia,6 則評論 · 1 張相片,2 年前,5 顆星,"店員人超讚～
東西超好吃～～",https://www.google.com/maps/contrib/110978607860213417646/reviews?hl=zh-TW
凍心炸冰淇淋-台南大東店,姵廷,4 則評論 · 2 張相片,2 年前,5 顆星,今天去夜市看到這個超好奇，就點了一個香草口味，邊走邊吃，第一次吃真的覺得非常好吃，而且不會太甜！大小也剛好，吃到最後也不會膩，所以又走回去買了一個花生跟巧克力口味，結果花生口味的老闆沒有炸好，又多送我們一個，超nice的啦！老闆人很親切！去大東必買ㄌ😻 …,https://www.google.com/maps/contrib/106232892146769653547/reviews?hl=zh-TW
凍心炸冰淇淋-台南大東店,QQQ Kuo,,2 年前,5 顆星,,https://www.google.com/maps/contrib/117805335189655678571/reviews?hl=zh-TW
凍心炸冰淇淋-台南大東店,xjsn Abdh,4 則評論 · 2 張相片,2 年前,5 顆星,,https://www.google.com/maps/contrib/111101746080480860189/reviews?hl=zh-TW
凍心炸冰淇淋-台南大東店,許晉豪,3 則評論 · 2 張相片,2 年前,5 顆星,太好吃啦😋老板姊姊人超好 加上炸冰淇淋也超好吃😍 …,https://www.google.com/maps/contrib/107199170669187647106/reviews?hl=zh-TW
凍心炸冰淇淋-台南大東店,Han Zheng,在地嚮導 · 22 則評論 · 14 張相片,2 年前,5 顆星,,https://www.google.com/maps/contrib/106664150322608977861/reviews?hl=zh-TW
凍心炸冰淇淋-台南大東店,王鈺凱,在地嚮導 · 48 則評論 · 103 張相片,2 年前,5 顆星,瑞士巧克力好吃😋外酥內軟 …,https://www.google.com/maps/contrib/118093012462809597419/reviews?hl=zh-TW
凍心炸冰淇淋-台南大東店,chaonidai,8 則評論,2 年前,5 顆星,超爆好吃😎😎😎😎😎😎😎😎😎😎 …,https://www.google.com/maps/contrib/114871271134482906726/reviews?hl=zh-TW
凍心炸冰淇淋-台南大東店,d08060142程凱琪,3 則評論,2 年前,5 顆星,一生推,https://www.google.com/maps/contrib/116616025351464679916/reviews?hl=zh-TW
凍心炸冰淇淋-台南大東店,BURN NOVA,5 則評論,2 年前,5 顆星,大推好吃呦,https://www.google.com/maps/contrib/118209973061071878810/reviews?hl=zh-TW
凍心炸冰淇淋-台南大東店,黃宜家,在地嚮導 · 36 則評論 · 16 張相片,2 年前,5 顆星,"好吃‼️不會太甜 😍
不會膩口不是很重的奶油感 …",https://www.google.com/maps/contrib/108486118183766839504/reviews?hl=zh-TW
凍心炸冰淇淋-台南大東店,喵喵,在地嚮導 · 54 則評論 · 22 張相片,2 年前,5 顆星,很好吃耶！,https://www.google.com/maps/contrib/102083120292233937475/reviews?hl=zh-TW
凍心炸冰淇淋-台南大東店,楊森喬,在地嚮導 · 33 則評論 · 19 張相片,2 年前,5 顆星,好吃😋服務親切😍 值得再來 …,https://www.google.com/maps/contrib/109971423694725441949/reviews?hl=zh-TW
凍心炸冰淇淋-台南大東店,陳萱,10 則評論 · 4 張相片,2 年前,5 顆星,店員熱情 好可愛 東西好吃👍🏻 …,https://www.google.com/maps/contrib/115973919216193840673/reviews?hl=zh-TW
凍心炸冰淇淋-台南大東店,Yu Weng,17 則評論 · 16 張相片,2 年前,5 顆星,"炸冰超好吃😍😍😍😍每次去夜市一定必買
老闆娘很親切～～～ …",https://www.google.com/maps/contrib/103029718521801665792/reviews?hl=zh-TW
凍心炸冰淇淋-台南大東店,吳佳蓮,8 則評論 · 3 張相片,2 年前,5 顆星,"吃一次就愛上！
榴槤口味超好吃，榴槤味很濃～每次必買的就是榴槤！身為榴槤愛好者必吃💜大湖草莓也很讚！ …",https://www.google.com/maps/contrib/116815017805246180898/reviews?hl=zh-TW
凍心炸冰淇淋-台南大東店,尼唯,127 則評論,2 年前,4 顆星,讚,https://www.google.com/maps/contrib/111769774936727213473/reviews?hl=zh-TW
凍心炸冰淇淋-台南大東店,葉宥慶,3 則評論 · 1 張相片,2 年前,5 顆星,很好吃,https://www.google.com/maps/contrib/110214291427256215122/reviews?hl=zh-TW
凍心炸冰淇淋-台南大東店,林凱宏,在地嚮導 · 44 則評論,2 年前,5 顆星,,https://www.google.com/maps/contrib/106537279231475907448/reviews?hl=zh-TW
凍心炸冰淇淋-台南大東店,林榮祥,5 則評論,2 年前,5 顆星,齁呷,https://www.google.com/maps/contrib/110001855659307416716/reviews?hl=zh-TW
凍心炸冰淇淋-台南大東店,norman jkjk,1 則評論,2 年前,5 顆星,老闆娘很好，外皮酥脆 ，好吃,https://www.google.com/maps/contrib/105827712286264070055/reviews?hl=zh-TW
凍心炸冰淇淋-台南大東店,鄭茹云,1 則評論,2 年前,5 顆星,,https://www.google.com/maps/contrib/105963396764631643665/reviews?hl=zh-TW
凍心炸冰淇淋-台南大東店,嗨,16 則評論,2 年前,5 顆星,芒果優格好吃 老闆很親切,https://www.google.com/maps/contrib/110450957301405261688/reviews?hl=zh-TW
凍心炸冰淇淋-台南大東店,吃飽沒（呱）,8 則評論,2 年前,5 顆星,介紹很清楚老闆很親切,https://www.google.com/maps/contrib/105544969066345537386/reviews?hl=zh-TW
凍心炸冰淇淋-台南大東店,朱健豪,在地嚮導 · 68 則評論 · 94 張相片,2 年前,5 顆星,榴蓮口味讚讚,https://www.google.com/maps/contrib/114934516390597449905/reviews?hl=zh-TW
凍心炸冰淇淋-台南大東店,Yi Chen Wu,在地嚮導 · 46 則評論 · 40 張相片,2 年前,5 顆星,老闆很熱心 外皮很酥 冰淇淋很好吃🥰🥰 …,https://www.google.com/maps/contrib/100780257432364016326/reviews?hl=zh-TW
凍心炸冰淇淋-台南大東店,許柏瑋,10 則評論 · 2 張相片,2 年前,5 顆星,老闆娘很熱情外酥內軟恰到好處大推,https://www.google.com/maps/contrib/116217139900775472448/reviews?hl=zh-TW
凍心炸冰淇淋-台南大東店,陳小蠍,在地嚮導 · 17 則評論 · 2 張相片,2 年前,5 顆星,最喜歡榴蓮口味了～,https://www.google.com/maps/contrib/113862468566211387528/reviews?hl=zh-TW
凍心炸冰淇淋-台南大東店,004 小353B 洪之蕙,3 則評論,2 年前,5 顆星,好吃,https://www.google.com/maps/contrib/116626128090386723714/reviews?hl=zh-TW
凍心炸冰淇淋-台南大東店,子ㄌ,8 則評論 · 4 張相片,2 年前,5 顆星,好吃😋 …,https://www.google.com/maps/contrib/105689671983615689504/reviews?hl=zh-TW
凍心炸冰淇淋-台南大東店,斑比,在地嚮導 · 15 則評論 · 7 張相片,2 年前,5 顆星,老闆人很好～  而且商品也超好吃的，跟朋友吃完又跑回來再買一次 😆 …,https://www.google.com/maps/contrib/118382865018847372327/reviews?hl=zh-TW
凍心炸冰淇淋-台南大東店,Aaa Zzz,7 則評論 · 1 張相片,2 年前,5 顆星,"人超好👍東西好吃
會在來訪 …",https://www.google.com/maps/contrib/108877030540314348766/reviews?hl=zh-TW
凍心炸冰淇淋-台南大東店,Lin Sara,在地嚮導 · 22 則評論 · 10 張相片,2 年前,5 顆星,"好好吃的冰淇淋😋
人好好的老闆娘😊
來大東不要錯過👍 …",https://www.google.com/maps/contrib/114564407438961122684/reviews?hl=zh-TW
凍心炸冰淇淋-台南大東店,洪國碩,在地嚮導 · 37 則評論 · 25 張相片,2 年前,5 顆星,"超好吃
還可以買生的回家自己烤超讚
不用去烤肉店也吃得到烤冰淇淋ㄌ",https://www.google.com/maps/contrib/111928701785218593617/reviews?hl=zh-TW
凍心炸冰淇淋-台南大東店,Yenjen C,3 則評論 · 1 張相片,2 年前,5 顆星,,https://www.google.com/maps/contrib/103204096625199046887/reviews?hl=zh-TW
凍心炸冰淇淋-台南大東店,佩真謝,在地嚮導 · 16 則評論 · 34 張相片,2 年前,5 顆星,"老闆很親切 速度也很快 願意再來🫶
買的開心吃的也開心✨ …",https://www.google.com/maps/contrib/114907069038872998390/reviews?hl=zh-TW
凍心炸冰淇淋-台南大東店,2021H02蔣聿涵,3 則評論 · 1 張相片,2 年前,5 顆星,好吃好吃～～～💕💕 …,https://www.google.com/maps/contrib/116288763277345767767/reviews?hl=zh-TW
凍心炸冰淇淋-台南大東店,孫宥丞,12 則評論 · 2 張相片,2 年前,5 顆星,,https://www.google.com/maps/contrib/116311253754626921962/reviews?hl=zh-TW
凍心炸冰淇淋-台南大東店,蔡佳瑩,1 則評論,2 年前,5 顆星,老闆超棒  人超好🌟🌟 …,https://www.google.com/maps/contrib/102183558964151790308/reviews?hl=zh-TW
凍心炸冰淇淋-台南大東店,Bell Chao,在地嚮導 · 23 則評論 · 6 張相片,2 年前,5 顆星,很好吃！外送也非常好吃,https://www.google.com/maps/contrib/112173250665983443347/reviews?hl=zh-TW
凍心炸冰淇淋-台南大東店,蔡婷婷,9 則評論 · 3 張相片,2 年前,5 顆星,💖💖💖💖💖💖 …,https://www.google.com/maps/contrib/116632649692946243858/reviews?hl=zh-TW
凍心炸冰淇淋-台南大東店,J K,7 則評論,2 年前,5 顆星,有一個姊姊人很好，冰淇淋也炸的很好吃😋 …,https://www.google.com/maps/contrib/116492159679393484651/reviews?hl=zh-TW
凍心炸冰淇淋-台南大東店,采潔楊,在地嚮導 · 36 則評論 · 65 張相片,2 年前,5 顆星,"朋友推薦,料好實在!",https://www.google.com/maps/contrib/115415757759308983806/reviews?hl=zh-TW
凍心炸冰淇淋-台南大東店,劉書維,1 則評論,2 年前,5 顆星,老闆娘人很親切，東西也很好吃，連阿逗仔都說讚！！,https://www.google.com/maps/contrib/106395385356691914105/reviews?hl=zh-TW
凍心炸冰淇淋-台南大東店,陳俐蓉,3 則評論,2 年前,5 顆星,,https://www.google.com/maps/contrib/114189379995722241970/reviews?hl=zh-TW
凍心炸冰淇淋-台南大東店,臻臻,1 則評論,2 年前,5 顆星,老闆娘很親切！,https://www.google.com/maps/contrib/110918918270137569714/reviews?hl=zh-TW
凍心炸冰淇淋-台南大東店,許小文,3 則評論,2 年前,5 顆星,好吃,https://www.google.com/maps/contrib/102068276921999343238/reviews?hl=zh-TW
凍心炸冰淇淋-台南大東店,陳思佳,9 則評論,2 年前,5 顆星,好吃好吃😍 …,https://www.google.com/maps/contrib/100611657522354387636/reviews?hl=zh-TW
凍心炸冰淇淋-台南大東店,Shih En Hu,在地嚮導 · 14 則評論 · 14 張相片,2 年前,5 顆星,好吃好吃~👍👍👍 …,https://www.google.com/maps/contrib/107723925857929753392/reviews?hl=zh-TW
凍心炸冰淇淋-台南大東店,胡詠筑,在地嚮導 · 22 則評論,2 年前,5 顆星,好吃 老闆娘很親切,https://www.google.com/maps/contrib/101408317169819149878/reviews?hl=zh-TW
凍心炸冰淇淋-台南大東店,邱稚媛,在地嚮導 · 20 則評論 · 4 張相片,2 年前,5 顆星,超好吃,https://www.google.com/maps/contrib/104491633572797928302/reviews?hl=zh-TW
凍心炸冰淇淋-台南大東店,鄭儀均,8 則評論,2 年前,5 顆星,,https://www.google.com/maps/contrib/118286617523619272327/reviews?hl=zh-TW
凍心炸冰淇淋-台南大東店,潘佳萱,9 則評論 · 7 張相片,2 年前,5 顆星,好吃😍 …,https://www.google.com/maps/contrib/101066564735864966584/reviews?hl=zh-TW
凍心炸冰淇淋-台南大東店,叮叮,2 則評論,2 年前,5 顆星,好吃,https://www.google.com/maps/contrib/104520287310422434586/reviews?hl=zh-TW
凍心炸冰淇淋-台南大東店,郭筑昀,5 則評論,2 年前,5 顆星,好吃,https://www.google.com/maps/contrib/112932330261697690533/reviews?hl=zh-TW
凍心炸冰淇淋-台南大東店,CHUN-HAN YANG,4 則評論,2 年前,5 顆星,好吃,https://www.google.com/maps/contrib/107377803290042032394/reviews?hl=zh-TW
凍心炸冰淇淋-台南大東店,沈時宇,在地嚮導 · 21 則評論 · 15 張相片,2 年前,5 顆星,"好吃不膩...板娘超可愛又活潑
一個可以持續吃甜點的好地方",https://www.google.com/maps/contrib/100949774078658009055/reviews?hl=zh-TW
凍心炸冰淇淋-台南大東店,李忞優,9 則評論 · 6 張相片,2 年前,5 顆星,👍👍👍👍👍👍 …,https://www.google.com/maps/contrib/114749964255709463472/reviews?hl=zh-TW
凍心炸冰淇淋-台南大東店,泉谷宣彰,在地嚮導 · 13 則評論 · 11 張相片,2 年前,5 顆星,"這個項目已經知道很久了，但是麵團和冰淇淋之間的平衡非常好！
麵團表面酥脆，但又不會太厚，不會影響冰淇淋的口感，非常美味♪
每天都想吃(·ω·)ノ",https://www.google.com/maps/contrib/104872762174962635093/reviews?hl=zh-TW
凍心炸冰淇淋-台南大東店,郭沐榛,3 則評論,2 年前,5 顆星,藍莓蘋果好ㄘ！！,https://www.google.com/maps/contrib/102436199910469329146/reviews?hl=zh-TW
凍心炸冰淇淋-台南大東店,Harumi,在地嚮導 · 14 則評論 · 13 張相片,2 年前,5 顆星,,https://www.google.com/maps/contrib/115964664803229519506/reviews?hl=zh-TW
凍心炸冰淇淋-台南大東店,Rin凜,在地嚮導 · 17 則評論 · 19 張相片,2 年前,5 顆星,"闆娘人很好❤️很nice
這次買可可朱古力、金枕頭榴槤、百香芒果優格三種口味😋
甜而不膩，來逛大東還會再來買 …",https://www.google.com/maps/contrib/107922836517521598104/reviews?hl=zh-TW
凍心炸冰淇淋-台南大東店,彭欣慧,8 則評論 · 3 張相片,2 年前,5 顆星,到這邊一定要來吃～,https://www.google.com/maps/contrib/104496596677733890348/reviews?hl=zh-TW
凍心炸冰淇淋-台南大東店,Liz,6 則評論 · 4 張相片,2 年前,5 顆星,闆娘人很好給我們折扣～💗 …,https://www.google.com/maps/contrib/101310711878817672242/reviews?hl=zh-TW
凍心炸冰淇淋-台南大東店,一加一,1 則評論,2 年前,5 顆星,,https://www.google.com/maps/contrib/109163004559430284895/reviews?hl=zh-TW
凍心炸冰淇淋-台南大東店,xuanwen,2 則評論 · 1 張相片,2 年前,5 顆星,,https://www.google.com/maps/contrib/117707434929375485115/reviews?hl=zh-TW
凍心炸冰淇淋-台南大東店,楊雅婷,在地嚮導 · 24 則評論 · 5 張相片,2 年前,5 顆星,老闆娘有夠健談，然後太好吃了吧😍😍 …,https://www.google.com/maps/contrib/104552819632029687655/reviews?hl=zh-TW
凍心炸冰淇淋-台南大東店,灰灰流浪犬,2 則評論,2 年前,5 顆星,,https://www.google.com/maps/contrib/115490657124828425139/reviews?hl=zh-TW
凍心炸冰淇淋-台南大東店,AD,13 則評論 · 3 張相片,2 年前,5 顆星,超好吃 老闆娘人超好❤️,https://www.google.com/maps/contrib/112499242829174991842/reviews?hl=zh-TW
凍心炸冰淇淋-台南大東店,沈爭誼,2 則評論 · 4 張相片,2 年前,5 顆星,榴槤口味的很好吃,https://www.google.com/maps/contrib/111464923516544714892/reviews?hl=zh-TW
凍心炸冰淇淋-台南大東店,BUBU,17 則評論 · 1 張相片,2 年前,5 顆星,很好吃,https://www.google.com/maps/contrib/104424351589017927962/reviews?hl=zh-TW
凍心炸冰淇淋-台南大東店,D Lee,10 則評論,2 年前,5 顆星,很熱心 很好吃,https://www.google.com/maps/contrib/118299827913980709873/reviews?hl=zh-TW
凍心炸冰淇淋-台南大東店,蘇敬誼,1 則評論 · 2 張相片,2 年前,5 顆星,,https://www.google.com/maps/contrib/107283932488440927524/reviews?hl=zh-TW
凍心炸冰淇淋-台南大東店,Michael Huang,5 則評論,2 年前,5 顆星,老闆娘很熱情，環境衛生、東西好吃不膩，可以天天吃!!,https://www.google.com/maps/contrib/105003317047227647918/reviews?hl=zh-TW
凍心炸冰淇淋-台南大東店,戴奕銘,10 則評論 · 3 張相片,2 年前,5 顆星,冰淇淋很好吃,https://www.google.com/maps/contrib/116262785138209578664/reviews?hl=zh-TW
凍心炸冰淇淋-台南大東店,黃靖妍,5 則評論 · 1 張相片,2 年前,5 顆星,好吃～,https://www.google.com/maps/contrib/112617979171975249579/reviews?hl=zh-TW
凍心炸冰淇淋-台南大東店,Evan Huang,14 則評論 · 3 張相片,2 年前,5 顆星,很好吃,https://www.google.com/maps/contrib/102361987476208744923/reviews?hl=zh-TW
凍心炸冰淇淋-台南大東店,Dennis Chuang,3 則評論 · 4 張相片,2 年前,5 顆星,,https://www.google.com/maps/contrib/107015238951264923496/reviews?hl=zh-TW
凍心炸冰淇淋-台南大東店,葉豐銘,4 則評論,2 年前,5 顆星,,https://www.google.com/maps/contrib/111055915052439477537/reviews?hl=zh-TW
凍心炸冰淇淋-台南大東店,蔣玉真,3 則評論,2 年前,5 顆星,,https://www.google.com/maps/contrib/107843864076225443516/reviews?hl=zh-TW
凍心炸冰淇淋-台南大東店,王宏騰,在地嚮導 · 31 則評論 · 2 張相片,2 年前,5 顆星,,https://www.google.com/maps/contrib/109165553282204071549/reviews?hl=zh-TW
凍心炸冰淇淋-台南大東店,李浩浩,7 則評論,2 年前,5 顆星,感覺不錯,https://www.google.com/maps/contrib/116287570385719453771/reviews?hl=zh-TW
凍心炸冰淇淋-台南大東店,r_zhennn,5 則評論,2 年前,5 顆星,很好😚 …,https://www.google.com/maps/contrib/106106250994829777237/reviews?hl=zh-TW
凍心炸冰淇淋-台南大東店,李政和,1 則評論,2 年前,5 顆星,好吃！,https://www.google.com/maps/contrib/107595933822641150485/reviews?hl=zh-TW
凍心炸冰淇淋-台南大東店,李旻展,10 則評論 · 1 張相片,2 年前,5 顆星,好吃,https://www.google.com/maps/contrib/110147039937550085328/reviews?hl=zh-TW
凍心炸冰淇淋-台南大東店,Meow Meow,在地嚮導 · 45 則評論 · 43 張相片,2 年前,5 顆星,"小時候就很愛炸冰，後來一整個很少看到，老闆娘是多年朋友剛開店的時候盛情邀約吃冰於是約朋友一起來去捧場，一試不得了好好吃哈哈，而且不會死甜👍，沒吃過炸冰可以試試看，而且天氣涼了吃也不會怕鼻塞，因為外層是溫的，油也是每次換，開炸之前會看到老闆娘用溫度計去測量油溫，不會讓外皮整個變成乾又硬的狀態~
*如果不會立即吃都可以問怎麼分辨裡面會不會完全融化咬下去而爆汁

PS：今天第二次買，但沒有在現場吃，回家大概20多分鐘裡面剛融化一點點，沒有全融，好好吃👍👍👍",https://www.google.com/maps/contrib/108243518244950339495/reviews?hl=zh-TW
凍心炸冰淇淋-台南大東店,Joyi Lin,在地嚮導 · 337 則評論 · 567 張相片,2 年前,5 顆星,好吃、不死甜🕺 …,https://www.google.com/maps/contrib/117630357191660051934/reviews?hl=zh-TW
凍心炸冰淇淋-台南大東店,周浩揚,4 則評論 · 1 張相片,2 年前,5 顆星,,https://www.google.com/maps/contrib/109293132298373442200/reviews?hl=zh-TW
凍心炸冰淇淋-台南大東店,啊江,11 則評論 · 1 張相片,2 年前,5 顆星,好吃！大家快來嚐鮮👍 …,https://www.google.com/maps/contrib/104998400429111588151/reviews?hl=zh-TW
凍心炸冰淇淋-台南大東店,榆凱,2 則評論,2 年前,5 顆星,👍 …,https://www.google.com/maps/contrib/108508738651300133383/reviews?hl=zh-TW
凍心炸冰淇淋-台南大東店,B110621014陳姮蓁,2 則評論 · 1 張相片,2 年前,5 顆星,回購超多次🥰🥰超好吃 …,https://www.google.com/maps/contrib/117280605267651076573/reviews?hl=zh-TW
凍心炸冰淇淋-台南大東店,Ken Tsang,4 則評論 · 2 張相片,2 年前,5 顆星,"老闆很親切！
冰淇淋很好吃皮很脆！",https://www.google.com/maps/contrib/108426141142053764809/reviews?hl=zh-TW
凍心炸冰淇淋-台南大東店,噗噗恰恰,5 則評論 · 2 張相片,2 年前,5 顆星,闆娘很親切,https://www.google.com/maps/contrib/106418729469100668725/reviews?hl=zh-TW
凍心炸冰淇淋-台南大東店,Wen Li,2 則評論,2 年前,5 顆星,,https://www.google.com/maps/contrib/111866765026960847745/reviews?hl=zh-TW
凍心炸冰淇淋-台南大東店,Shin Chen Shen,11 則評論,2 年前,5 顆星,每次來吃都好好吃🥹 …,https://www.google.com/maps/contrib/113257208506097072436/reviews?hl=zh-TW
凍心炸冰淇淋-台南大東店,daisy,5 則評論,2 年前,5 顆星,,https://www.google.com/maps/contrib/108672812745029082677/reviews?hl=zh-TW
凍心炸冰淇淋-台南大東店,謙謙謙謙,1 則評論,2 年前,5 顆星,老闆人超好，每次來夜市必買（´∀`）,https://www.google.com/maps/contrib/108587595995937095676/reviews?hl=zh-TW
凍心炸冰淇淋-台南大東店,Yushawn.,5 則評論 · 3 張相片,2 年前,5 顆星,讚讚 好吃的 每次逛都會買一個 繞一圈 再買一個,https://www.google.com/maps/contrib/118271999674635416473/reviews?hl=zh-TW
凍心炸冰淇淋-台南大東店,林冠霆,17 則評論 · 2 張相片,2 年前,5 顆星,蘋香藍莓超讚的,https://www.google.com/maps/contrib/107566830978779743949/reviews?hl=zh-TW
凍心炸冰淇淋-台南大東店,Shan,4 則評論,2 年前,5 顆星,,https://www.google.com/maps/contrib/116812957612690808986/reviews?hl=zh-TW
凍心炸冰淇淋-台南大東店,。璇,在地嚮導 · 19 則評論 · 14 張相片,2 年前,5 顆星,最喜歡的炸冰淇淋居然開來大東，痛哭流涕,https://www.google.com/maps/contrib/108469481589948883870/reviews?hl=zh-TW
凍心炸冰淇淋-台南大東店,謝秉囷,3 則評論,2 年前,5 顆星,敲擊好吃😋 …,https://www.google.com/maps/contrib/101762357706509005833/reviews?hl=zh-TW
凍心炸冰淇淋-台南大東店,周昱儒,6 則評論 · 11 張相片,2 年前,5 顆星,"好吃😋趕快來吃
闆娘人超好 …",https://www.google.com/maps/contrib/116168481644831681200/reviews?hl=zh-TW
凍心炸冰淇淋-台南大東店,范嘉惠,23 則評論 · 5 張相片,2 年前,5 顆星,"老闆娘很熱情請我們吃糖果！！
炸冰淇淋超好吃♡",https://www.google.com/maps/contrib/104491966925000469025/reviews?hl=zh-TW
凍心炸冰淇淋-台南大東店,Riley Hung,3 則評論 · 4 張相片,2 年前,5 顆星,第一次吃到炸冰淇淋好特別🥺 …,https://www.google.com/maps/contrib/103850938959455219901/reviews?hl=zh-TW
凍心炸冰淇淋-台南大東店,冠廷,6 則評論,2 年前,5 顆星,讚讚讚讚讚讚,https://www.google.com/maps/contrib/112077402981516548227/reviews?hl=zh-TW
凍心炸冰淇淋-台南大東店,誌昇,1 則評論,2 年前,5 顆星,好吃 吃了在吃,https://www.google.com/maps/contrib/118364782688437225280/reviews?hl=zh-TW
凍心炸冰淇淋-台南大東店,YU-CHUN YEH,9 則評論 · 2 張相片,2 年前,5 顆星,讚啦,https://www.google.com/maps/contrib/113122315438278294072/reviews?hl=zh-TW
凍心炸冰淇淋-台南大東店,Amber,在地嚮導 · 14 則評論 · 28 張相片,2 年前,5 顆星,讚讚讚讚,https://www.google.com/maps/contrib/102584677736378246082/reviews?hl=zh-TW
凍心炸冰淇淋-台南大東店,ShuHan,在地嚮導 · 14 則評論 · 4 張相片,2 年前,5 顆星,老闆娘超親切！！,https://www.google.com/maps/contrib/105721504914015158925/reviews?hl=zh-TW
凍心炸冰淇淋-台南大東店,Hsuan Chen,10 則評論 · 4 張相片,2 年前,5 顆星,超好吃讚,https://www.google.com/maps/contrib/110380833116416994890/reviews?hl=zh-TW
凍心炸冰淇淋-台南大東店,KAMI,13 則評論 · 2 張相片,2 年前,5 顆星,好吃,https://www.google.com/maps/contrib/101848920747953726058/reviews?hl=zh-TW
凍心炸冰淇淋-台南大東店,謝宜衿,在地嚮導 · 23 則評論 · 37 張相片,2 年前,5 顆星,"好吃！不會太甜/味道是高級的！
不會膩口不是很重的奶油感
（圖為玫瑰荔枝/吃得到玫瑰花片）",https://www.google.com/maps/contrib/117289606714274339494/reviews?hl=zh-TW
凍心炸冰淇淋-台南大東店,Peter,2 則評論 · 1 張相片,2 年前,5 顆星,,https://www.google.com/maps/contrib/109629475310410398911/reviews?hl=zh-TW
凍心炸冰淇淋-台南大東店,柯睿娗,12 則評論 · 4 張相片,2 年前,5 顆星,,https://www.google.com/maps/contrib/104248579512564677928/reviews?hl=zh-TW
凍心炸冰淇淋-台南大東店,Chen Anya,在地嚮導 · 27 則評論 · 10 張相片,2 年前,5 顆星,超好吃老闆娘有夠熱情，推推！,https://www.google.com/maps/contrib/100008513352783284278/reviews?hl=zh-TW
凍心炸冰淇淋-台南大東店,林秋彤,6 則評論 · 2 張相片,2 年前,5 顆星,好吃好吃😋下次繼續買😆 …,https://www.google.com/maps/contrib/103797561045344215114/reviews?hl=zh-TW
凍心炸冰淇淋-台南大東店,Charles Chen,4 則評論 · 1 張相片,2 年前,5 顆星,,https://www.google.com/maps/contrib/118411165817595013522/reviews?hl=zh-TW
凍心炸冰淇淋-台南大東店,周楓傑,在地嚮導 · 11 則評論 · 4 張相片,2 年前,5 顆星,,https://www.google.com/maps/contrib/103955339289912464076/reviews?hl=zh-TW
凍心炸冰淇淋-台南大東店,俞曦,11 則評論 · 1 張相片,2 年前,5 顆星,,https://www.google.com/maps/contrib/104389235070232784496/reviews?hl=zh-TW
凍心炸冰淇淋-台南大東店,小美桑,11 則評論 · 1 張相片,2 年前,5 顆星,,https://www.google.com/maps/contrib/104252798948416169157/reviews?hl=zh-TW
凍心炸冰淇淋-台南大東店,ShinYo Kuo,2 則評論 · 1 張相片,2 年前,5 顆星,很好吃,https://www.google.com/maps/contrib/103970341125405741624/reviews?hl=zh-TW
凍心炸冰淇淋-台南大東店,顏稘庭,6 則評論 · 2 張相片,2 年前,5 顆星,好吃 老闆很熱情,https://www.google.com/maps/contrib/109204861313365060141/reviews?hl=zh-TW
凍心炸冰淇淋-台南大東店,小米賴,14 則評論 · 2 張相片,2 年前,5 顆星,好吃好吃超好吃,https://www.google.com/maps/contrib/109022790432754701577/reviews?hl=zh-TW
凍心炸冰淇淋-台南大東店,Chia-chen WU,在地嚮導 · 66 則評論 · 188 張相片,2 年前,5 顆星,"超好吃的，尤其之前吃的時候是草莓口味，滿滿草莓香真的是我的大愛💕

老闆人也很貼心喔！還提供衛生紙給人家🥹讚讚啦！ …",https://www.google.com/maps/contrib/107633045638351025828/reviews?hl=zh-TW
凍心炸冰淇淋-台南大東店,陳宏昱,15 則評論,2 年前,5 顆星,東西好吃，常來買跟老闆娘熟了有秘密優惠😂 …,https://www.google.com/maps/contrib/112254626069559472269/reviews?hl=zh-TW
凍心炸冰淇淋-台南大東店,白淑惠,在地嚮導 · 28 則評論 · 10 張相片,2 年前,5 顆星,好好吃喔，特地從桃園下來大東店吃棟心冰淇淋,https://www.google.com/maps/contrib/111582091763253236887/reviews?hl=zh-TW
凍心炸冰淇淋-台南大東店,AndyHsieh,3 則評論,2 年前,5 顆星,,https://www.google.com/maps/contrib/112837813189310751084/reviews?hl=zh-TW
凍心炸冰淇淋-台南大東店,鄭英迪,5 則評論 · 3 張相片,2 年前,5 顆星,有優惠,https://www.google.com/maps/contrib/112410738850811590367/reviews?hl=zh-TW
凍心炸冰淇淋-台南大東店,温宇瑄,4 則評論,2 年前,5 顆星,,https://www.google.com/maps/contrib/117748842707678642506/reviews?hl=zh-TW
凍心炸冰淇淋-台南大東店,楊紫淇,6 則評論 · 3 張相片,2 年前,5 顆星,炸冰淇淋超好吃,https://www.google.com/maps/contrib/117361929146385360004/reviews?hl=zh-TW
凍心炸冰淇淋-台南大東店,蒸乙酸,11 則評論 · 1 張相片,2 年前,5 顆星,"榴槤冰好好吃🤤真的好愛ㄛ😻
大推推榴槤冰💖
甜度剛剛好的好吃🥰 …",https://www.google.com/maps/contrib/100275328137613704445/reviews?hl=zh-TW
凍心炸冰淇淋-台南大東店,夏文君,10 則評論 · 1 張相片,2 年前,5 顆星,太棒了！,https://www.google.com/maps/contrib/105046544920533920812/reviews?hl=zh-TW
凍心炸冰淇淋-台南大東店,陳慧霜,在地嚮導 · 14 則評論 · 10 張相片,2 年前,5 顆星,好好吃😋 …,https://www.google.com/maps/contrib/100164585543845273276/reviews?hl=zh-TW
凍心炸冰淇淋-台南大東店,楊抹茶,6 則評論 · 1 張相片,2 年前,5 顆星,"老闆人很Nice
商品真的超好吃的
下次再去找老闆❤️",https://www.google.com/maps/contrib/101697257405982000699/reviews?hl=zh-TW
凍心炸冰淇淋-台南大東店,王小川,在地嚮導 · 27 則評論 · 11 張相片,2 年前,5 顆星,,https://www.google.com/maps/contrib/112046034979022232510/reviews?hl=zh-TW
凍心炸冰淇淋-台南大東店,Chiu Dora,13 則評論 · 3 張相片,2 年前,5 顆星,好吃😋 …,https://www.google.com/maps/contrib/117710731805563488504/reviews?hl=zh-TW
凍心炸冰淇淋-台南大東店,蔡小雨,在地嚮導 · 15 則評論,2 年前,5 顆星,"金枕頭真的太對味了....
超級好吃的...🤤 …",https://www.google.com/maps/contrib/103187750041940661413/reviews?hl=zh-TW
凍心炸冰淇淋-台南大東店,楊米奶,在地嚮導 · 15 則評論 · 15 張相片,2 年前,5 顆星,炸冰淇淋很好吃~,https://www.google.com/maps/contrib/108095683994874029412/reviews?hl=zh-TW
凍心炸冰淇淋-台南大東店,謝沛珊,15 則評論,2 年前,5 顆星,好吃 超好吃,https://www.google.com/maps/contrib/109926096470731460225/reviews?hl=zh-TW
凍心炸冰淇淋-台南大東店,薛淳尹,3 則評論 · 4 張相片,2 年前,5 顆星,,https://www.google.com/maps/contrib/100200418970047313087/reviews?hl=zh-TW
凍心炸冰淇淋-台南大東店,賴佳琦,在地嚮導 · 19 則評論 · 46 張相片,2 年前,5 顆星,"凍心姊姊好幽默❤️❤️她說她不是原住民，我不相信
但請相信她的冰淇淋很好吃🧡❤️💛 …",https://www.google.com/maps/contrib/102025124996859025771/reviews?hl=zh-TW
凍心炸冰淇淋-台南大東店,陳明珠,5 則評論 · 3 張相片,2 年前,5 顆星,很好吃 老闆一定是原住民！真的假的啦,https://www.google.com/maps/contrib/111764107948145085435/reviews?hl=zh-TW
凍心炸冰淇淋-台南大東店,蝌蚪（蝌蚪）,3 則評論 · 1 張相片,2 年前,5 顆星,,https://www.google.com/maps/contrib/102039390724254708564/reviews?hl=zh-TW
凍心炸冰淇淋-台南大東店,Shannon Chang,在地嚮導 · 74 則評論 · 111 張相片,2 年前,5 顆星,"泰奶好吃
期待下次吃草莓口味😍😍 …",https://www.google.com/maps/contrib/111037633469844081135/reviews?hl=zh-TW
凍心炸冰淇淋-台南大東店,陳慧怡,在地嚮導 · 51 則評論 · 50 張相片,2 年前,5 顆星,"泰奶口味好吃😋闆娘超熱情
炸油都是每天換，不會有油耗味，超好吃的！ …",https://www.google.com/maps/contrib/107187066249376078836/reviews?hl=zh-TW
凍心炸冰淇淋-台南大東店,How Are you,在地嚮導 · 239 則評論 · 906 張相片,2 年前,5 顆星,老闆態度超好！！超好吃的～下次還想再來！！,https://www.google.com/maps/contrib/108035539932112261350/reviews?hl=zh-TW
凍心炸冰淇淋-台南大東店,楊明哲,6 則評論 · 1 張相片,2 年前,5 顆星,,https://www.google.com/maps/contrib/118359441470952051634/reviews?hl=zh-TW
凍心炸冰淇淋-台南大東店,X2nana 台北東區韓式半永久霧眉,1 則評論,2 年前,5 顆星,,https://www.google.com/maps/contrib/114641962531480664432/reviews?hl=zh-TW
凍心炸冰淇淋-台南大東店,tangerine Red,7 則評論 · 4 張相片,2 年前,5 顆星,老闆親切、冰淇淋好吃😍😍 …,https://www.google.com/maps/contrib/115073815509968180369/reviews?hl=zh-TW
凍心炸冰淇淋-台南大東店,Jeff Lee,在地嚮導 · 35 則評論 · 14 張相片,3 年前,5 顆星,親切的闆娘！年輕又熱情,https://www.google.com/maps/contrib/103208477527260552368/reviews?hl=zh-TW
凍心炸冰淇淋-台南大東店,Tsornghaw Cheng,在地嚮導 · 26 則評論 · 15 張相片,3 年前,5 顆星,超好吃,https://www.google.com/maps/contrib/112741113462832545510/reviews?hl=zh-TW
凍心炸冰淇淋-台南大東店,L arry,17 則評論 · 1 張相片,3 年前,5 顆星,老闆人很好！推薦大家來吃！好吃,https://www.google.com/maps/contrib/116896283493610654168/reviews?hl=zh-TW
凍心炸冰淇淋-台南大東店,林聯堯,4 則評論 · 8 張相片,3 年前,5 顆星,,https://www.google.com/maps/contrib/116939046488012622596/reviews?hl=zh-TW
凍心炸冰淇淋-台南大東店,Shelly Huang,18 則評論 · 5 張相片,3 年前,5 顆星,,https://www.google.com/maps/contrib/109162226599419807401/reviews?hl=zh-TW
凍心炸冰淇淋-台南大東店,玥婷,14 則評論 · 15 張相片,3 年前,5 顆星,草莓口味的好好吃！推推👍🏻 …,https://www.google.com/maps/contrib/118041070718123030092/reviews?hl=zh-TW
凍心炸冰淇淋-台南大東店,吳惠婷,在地嚮導 · 151 則評論 · 530 張相片,3 年前,5 顆星,超好吃，杯裝冰淇淋也要開始賣了，很期待,https://www.google.com/maps/contrib/114139744533444380881/reviews?hl=zh-TW
mini果 果汁牛奶專賣店,Qiao (洋娃娃的屁股),在地嚮導 · 17 則評論 · 5 張相片,2 個月前,1 顆星,"夜市的木瓜牛奶80元
跟水一樣有夠雷",https://www.google.com/maps/contrib/114891874214822579094/reviews?hl=zh-TW
mini果 果汁牛奶專賣店,24 2,3 則評論,2 個月前,1 顆星,"木瓜牛奶超級難喝，喝起來像是有木瓜味的洗碗水，老闆的態度還很惡劣，又比其他店都貴
誰買誰倒楣 💀💀",https://www.google.com/maps/contrib/109518088524413727368/reviews?hl=zh-TW
mini果 果汁牛奶專賣店,洪佩洛,1 則評論,2 個月前,1 顆星,從台北大老遠跑來花90塊買一杯水讚讚讚,https://www.google.com/maps/contrib/112236729020734332669/reviews?hl=zh-TW
mini果 果汁牛奶專賣店,32陳敬庭,8 則評論 · 1 張相片,2 個月前,1 顆星,一顆星都不想給 態度差得跟什麼一樣 好聲好氣詢問能不能少加一點糖 老闆說完已經加了才加下去 90元的草莓牛奶連洨都不如 很可憐 攤位收一收,https://www.google.com/maps/contrib/106399760086294071586/reviews?hl=zh-TW
mini果 果汁牛奶專賣店,陳柏仰,14 則評論 · 5 張相片,3 個月前,1 顆星,"一杯60元的木瓜牛奶
水到以為買到一杯白開水",https://www.google.com/maps/contrib/114457565653709768817/reviews?hl=zh-TW
mini果 果汁牛奶專賣店,YJ H,在地嚮導 · 30 則評論 · 26 張相片,8 個月前,1 顆星,西瓜汁跟水一樣 $45 別買,https://www.google.com/maps/contrib/103632966087364894958/reviews?hl=zh-TW
mini果 果汁牛奶專賣店,Victor,在地嚮導 · 164 則評論 · 268 張相片,1 年前,1 顆星,"木瓜牛奶 超難喝
60元一大杯非常稀 完全沒有木瓜味
整杯喝兩口 直接丟掉",https://www.google.com/maps/contrib/116585989214064347423/reviews?hl=zh-TW
大東夜市 炒公仔麵,Joe Hsu,在地嚮導 · 82 則評論 · 62 張相片,1 年前,1 顆星,,https://www.google.com/maps/contrib/103065108717457105366/reviews?hl=zh-TW
大東夜市 炒公仔麵,Flâneur Liu,"在地嚮導 · 870 則評論 · 3,054 張相片",1 年前,3 顆星,"2023/8/14
炒公仔麵
除了麵外，還加少量的紅蘿蔔絲、洋蔥絲與高麗菜。醬汁味道不會太鹹還帶有淡淡甜味。
麵的份量大概將近有兩包科學左右。

整體來說餐點3.7顆星",https://www.google.com/maps/contrib/116342619005861272588/reviews?hl=zh-TW
大東夜市 炒公仔麵,Phil Lan,"在地嚮導 · 373 則評論 · 1,166 張相片",2 年前,5 顆星,好吃，大推,https://www.google.com/maps/contrib/103581719667801154465/reviews?hl=zh-TW
