餐廳名稱,留言者,留言者身分,留言時間,星級評等,評論內容,留言者ID
海之味魷魚工坊,Shiu Yu han,在地嚮導 · 24 則評論 · 8 張相片,1 個月前,5 顆星,老闆烤的魷魚超好吃🦑！！！ …,https://www.google.com/maps/contrib/108903389734677604021/reviews?hl=zh-TW
海之味魷魚工坊,球兒丶,在地嚮導 · 17 則評論 · 4 張相片,1 年前,5 顆星,老闆很阿莎力❤️已去多次購買❤️買多有甜甜價，對狗狗也很友善❤️,https://www.google.com/maps/contrib/100594761200002608982/reviews?hl=zh-TW
海之味魷魚工坊,陳立晴,2 則評論 · 1 張相片,3 年前,5 顆星,碳烤魷魚頭超好吃！！,https://www.google.com/maps/contrib/104314915210500383058/reviews?hl=zh-TW
私立武聖幼兒園,洪磚主,在地嚮導 · 53 則評論 · 36 張相片,1 個月前,5 顆星,,https://www.google.com/maps/contrib/105288213418028940151/reviews?hl=zh-TW
私立武聖幼兒園,麥特威,9 則評論 · 4 張相片,1 年前,5 顆星,老師給孩子的教育很是讓父母能以孩子為榮底確是中西區著實用心的好學校；推薦👍 …,https://www.google.com/maps/contrib/102857367867399893479/reviews?hl=zh-TW
私立武聖幼兒園,帕帕,2 則評論,3 年前,5 顆星,,https://www.google.com/maps/contrib/115343893412994274576/reviews?hl=zh-TW
私立武聖幼兒園,杜佳穎,9 則評論 · 1 張相片,4 年前,5 顆星,,https://www.google.com/maps/contrib/114050967508098569414/reviews?hl=zh-TW
私立武聖幼兒園,瑋尹,在地嚮導 · 23 則評論 · 2 張相片,5 年前,1 顆星,,https://www.google.com/maps/contrib/100637950557055105269/reviews?hl=zh-TW
私立武聖幼兒園,邱玲,在地嚮導 · 42 則評論 · 33 張相片,6 年前,5 顆星,,https://www.google.com/maps/contrib/109065151929151958478/reviews?hl=zh-TW
私立武聖幼兒園,Nikki Kung,8 則評論 · 11 張相片,6 年前,5 顆星,好學校！,https://www.google.com/maps/contrib/110671843075791672543/reviews?hl=zh-TW
私立武聖幼兒園,郭小規,在地嚮導 · 25 則評論 · 44 張相片,7 年前,5 顆星,,https://www.google.com/maps/contrib/117017695825202926902/reviews?hl=zh-TW
私立武聖幼兒園,Zona,15 則評論,7 年前,1 顆星,,https://www.google.com/maps/contrib/104883579260235979297/reviews?hl=zh-TW
牡蠣大叔（武聖夜市點）,兔兔鳥,24 則評論,1 個月前,5 顆星,烤一夜乾真的超好吃，老闆人也很好。,https://www.google.com/maps/contrib/109028849288857991450/reviews?hl=zh-TW
牡蠣大叔（武聖夜市點）,吳品萱,在地嚮導 · 20 則評論 · 10 張相片,1 個月前,1 顆星,點了酒蒸蛤蜊結果送來這碗大部分蛤蠣爛肉超不新鮮，只吃了一顆不敢再吃，後來送上來的烤牡蠣也一顆沒碰，付了錢趕快跑，從來沒有吃過這麼離譜的蛤蠣🥲希望不要拉肚子！ …,https://www.google.com/maps/contrib/109988182871001746375/reviews?hl=zh-TW
牡蠣大叔（武聖夜市點）,Kate,在地嚮導 · 33 則評論 · 21 張相片,2 個月前,5 顆星,,https://www.google.com/maps/contrib/118153711700062033364/reviews?hl=zh-TW
牡蠣大叔（武聖夜市點）,Ellie,在地嚮導 · 36 則評論 · 16 張相片,3 個月前,2 顆星,"善化夜市吃到一樣叫牡蠣大叔
（找不到善化據點故在這留言）
又貴！又不新鮮！
老闆邊烤邊聞….？看起來像是把臭掉的丟掉
我敢吃海鮮的都覺得臭車@@
200整份沒吃完就丟了
完全不會想再去吃，請加油好嗎",https://www.google.com/maps/contrib/101660316184172045537/reviews?hl=zh-TW
牡蠣大叔（武聖夜市點）,Ina Chang,6 則評論 · 1 張相片,7 個月前,5 顆星,"烤生蠔非常美味
好幸福🥺🩵
下次來台南還要吃 …",https://www.google.com/maps/contrib/114598149600752899979/reviews?hl=zh-TW
牡蠣大叔（武聖夜市點）,Winston Chang,在地嚮導 · 464 則評論 · 677 張相片,9 個月前,5 顆星,"這麼優秀的店一定要大推

牡蠣跟蛤蜊都很肥美

老闆從業十幾年 技術熟練

熟度掌握的很好

價格也非常合理

很適合來補充一下營養",https://www.google.com/maps/contrib/112150130329431748946/reviews?hl=zh-TW
牡蠣大叔（武聖夜市點）,蘇子堯,在地嚮導 · 59 則評論 · 59 張相片,10 個月前,5 顆星,,https://www.google.com/maps/contrib/118223273969672321006/reviews?hl=zh-TW
牡蠣大叔（武聖夜市點）,葉俊甫,在地嚮導 · 102 則評論 · 413 張相片,10 個月前,5 顆星,"牡蠣烤的很剛好、剛好香、剛好嫩、剛好甜，很讚。
一夜干也烤的很棒。
下次還會來～
相片是吃到一半，覺得該推，所以才拍的～",https://www.google.com/maps/contrib/101751882056125708358/reviews?hl=zh-TW
牡蠣大叔（武聖夜市點）,黃敏,在地嚮導 · 412 則評論 · 458 張相片,10 個月前,4 顆星,11顆150還可以，不知道是不是季節關係，牡蠣不大顆，但還算新鮮,https://www.google.com/maps/contrib/109622395446169738080/reviews?hl=zh-TW
牡蠣大叔（武聖夜市點）,黃士桓,"在地嚮導 · 325 則評論 · 1,488 張相片",11 個月前,5 顆星,超好吃  每次去武聖夜市第一站直奔,https://www.google.com/maps/contrib/104735580754177757001/reviews?hl=zh-TW
牡蠣大叔（武聖夜市點）,YJ,"在地嚮導 · 555 則評論 · 2,563 張相片",1 年前,5 顆星,"｜牡蠣大叔 カキおじさん海鮮燒物（武聖夜市點）

武聖夜市知名烤蚵
新鮮多汁肥嫩好吃，旅途的疲憊直接被蚵蚵的精氣神充飽了。

還有那個午魚一夜干，肥啦，讚！

酒蒸蛤蜊也是讚的，最後飽到吃不下武聖夜市的其他美食。

有來武聖夜市遊玩，很值得來吃吃看。",https://www.google.com/maps/contrib/103348568415144179619/reviews?hl=zh-TW
牡蠣大叔（武聖夜市點）,劉佳佳漢唐交趾陶劉佳玲團隊（CHI）,"在地嚮導 · 1,154 則評論 · 25,618 張相片",1 年前,5 顆星,整體而言～不錯吃。。。,https://www.google.com/maps/contrib/112139481199821831058/reviews?hl=zh-TW
牡蠣大叔（武聖夜市點）,陳昀,"在地嚮導 · 566 則評論 · 5,448 張相片",1 年前,5 顆星,新鮮味美，熱情親切～,https://www.google.com/maps/contrib/116295774025363928002/reviews?hl=zh-TW
牡蠣大叔（武聖夜市點）,Elena Chen,在地嚮導 · 40 則評論 · 4 張相片,1 年前,5 顆星,考蚵太好吃了,https://www.google.com/maps/contrib/112449294852983478897/reviews?hl=zh-TW
牡蠣大叔（武聖夜市點）,Aeson Wang,在地嚮導 · 23 則評論 · 3 張相片,1 年前,5 顆星,,https://www.google.com/maps/contrib/104396279070976292492/reviews?hl=zh-TW
牡蠣大叔（武聖夜市點）,吳梓瑜,7 則評論,1 年前,5 顆星,"餐點新鮮
人員服務態度良好值得一吃再吃",https://www.google.com/maps/contrib/113144681274416782909/reviews?hl=zh-TW
牡蠣大叔（武聖夜市點）,Giro Lee,6 則評論,1 年前,5 顆星,,https://www.google.com/maps/contrib/102590219671210642659/reviews?hl=zh-TW
牡蠣大叔（武聖夜市點）,Lisa,在地嚮導 · 40 則評論 · 29 張相片,1 年前,5 顆星,,https://www.google.com/maps/contrib/111707541098208127436/reviews?hl=zh-TW
牡蠣大叔（武聖夜市點）,籽籽,22 則評論 · 7 張相片,1 年前,5 顆星,生蠔150$有11顆，每一顆都超大超肥而且鮮甜不腥，吃完念念不忘，真的大推🤤 …,https://www.google.com/maps/contrib/100109155083911367610/reviews?hl=zh-TW
牡蠣大叔（武聖夜市點）,Lee1945 Kf14,在地嚮導 · 43 則評論 · 309 張相片,1 年前,5 顆星,,https://www.google.com/maps/contrib/113400252543657612443/reviews?hl=zh-TW
牡蠣大叔（武聖夜市點）,張羽彤,"在地嚮導 · 565 則評論 · 2,901 張相片",1 年前,5 顆星,好吃,https://www.google.com/maps/contrib/103122458737120084950/reviews?hl=zh-TW
牡蠣大叔（武聖夜市點）,林聖國,,2 年前,1 顆星,,https://www.google.com/maps/contrib/113902840053259141157/reviews?hl=zh-TW
牡蠣大叔（武聖夜市點）,翔,7 則評論 · 2 張相片,2 年前,1 顆星,"點蛤蜊來牡蠣就算了
牡蠣烤的乾巴巴超小顆
點了竹莢魚一夜干還沒烤熟==
有夠雷",https://www.google.com/maps/contrib/114895130944640781739/reviews?hl=zh-TW
牡蠣大叔（武聖夜市點）,陳崎豐（神•馬東石）,"在地嚮導 · 310 則評論 · 3,169 張相片",2 年前,5 顆星,"來➰學長看這邊😂
學長：你要幹嘛❗️
我：幫你打卡啦😂😂😂

學長什麼時候變這麼害羞了😂

突然覺得我拍食物的功力好像又變更好了❤️
學長說「看夠不夠，吃完不夠跟我說👍」
這蚵仔的品質，學長總是拿捏得死死的🥇
🈵️🈵️的鮮味❤️

#牡蠣大叔
#蚵男
#烤蚵
#台南名產
#七股海域

#鋅 #蚵男 #烤蚵 #七股 #台南 #武聖 #海安路 #熱炒 #走起 #台南名產 #海鮮🦞 #鹽行夜市 #善化夜市 #武聖夜市 #KEVIN #武聖路 #文賢路 #金點子 #兩元關東煮",https://www.google.com/maps/contrib/114108762257658579077/reviews?hl=zh-TW
牡蠣大叔（武聖夜市點）,廖毓齡,9 則評論,2 年前,5 顆星,新鮮，美味,https://www.google.com/maps/contrib/110214825546104869293/reviews?hl=zh-TW
牡蠣大叔（武聖夜市點）,蔡永霖,在地嚮導 · 8 則評論 · 6 張相片,2 年前,5 顆星,,https://www.google.com/maps/contrib/107091665841182734285/reviews?hl=zh-TW
牡蠣大叔（武聖夜市點）,凱文雅樹,2 則評論,2 年前,5 顆星,"平價又提供多樣海鮮燒物的夜市燒烤攤
魚類一夜干是白飯殺手
隱藏版是秋刀魚一夜干，可遇不可求！",https://www.google.com/maps/contrib/112353377679687414812/reviews?hl=zh-TW
牡蠣大叔（武聖夜市點）,Ching En Tung,在地嚮導 · 182 則評論 · 253 張相片,2 年前,1 顆星,"點一份蛤蜊 來牡蠣  跟店家反映
店家表示 ：這是蛤蜊阿
睜眼說瞎話  自己賣什麼不知道🙄

可能自知理虧吧 換了下圖的""真正蛤蜊""
蛤蜊又超鹹...不要欺負觀光客欸

來夜市第一站就踩雷🥴
好好的一趟台南之旅 興致被毀一半😢",https://www.google.com/maps/contrib/117089180833214999189/reviews?hl=zh-TW
牡蠣大叔（武聖夜市點）,Tommy,在地嚮導 · 6 則評論 · 14 張相片,2 年前,5 顆星,,https://www.google.com/maps/contrib/103587832542434125901/reviews?hl=zh-TW
牡蠣大叔（武聖夜市點）,顧庭愷,在地嚮導 · 67 則評論 · 215 張相片,3 年前,1 顆星,"店員連他們賣什麼都不清楚，員工訓練待加強
點蛤蜊結果上來生蠔，拿去問店員還說我們的蛤蜊就是生蠔？？？
如果你們賣的是蛤蜊，麻煩把招牌換一換，不要欺騙消費者",https://www.google.com/maps/contrib/112924990419749973332/reviews?hl=zh-TW
牡蠣大叔（武聖夜市點）,Kuanwei Chen,在地嚮導 · 131 則評論 · 143 張相片,3 年前,5 顆星,晚上大約6:00多之後才開。鮮蚵肥美，蛤蜊大顆也鮮美。,https://www.google.com/maps/contrib/108386557977405690787/reviews?hl=zh-TW
牡蠣大叔（武聖夜市點）,李冠陞,在地嚮導 · 134 則評論 · 619 張相片,3 年前,5 顆星,好吃 CP值高,https://www.google.com/maps/contrib/115290285679130494863/reviews?hl=zh-TW
牡蠣大叔（武聖夜市點）,連俊傑,5 則評論 · 1 張相片,3 年前,5 顆星,"價位。菜品
5顆星
來武聖夜市必吃小品",https://www.google.com/maps/contrib/115786794425691914804/reviews?hl=zh-TW
牡蠣大叔（武聖夜市點）,Susan Hu,"在地嚮導 · 338 則評論 · 1,139 張相片",3 年前,5 顆星,超級無敵大推薦的店，以前第一次來台南吃到後非常驚艷！這次來台南想說一定要再來吃👍🏻一盤$100有九顆，都是鮮嫩多汁的大鮮蚵，老闆也很親切，推薦大家來吃！ …,https://www.google.com/maps/contrib/107151898364988038126/reviews?hl=zh-TW
牡蠣大叔（武聖夜市點）,顏鈺芳,在地嚮導 · 17 則評論 · 34 張相片,3 年前,5 顆星,100塊的烤鮮蚵！有11顆非常大顆美味～,https://www.google.com/maps/contrib/110003258891022323075/reviews?hl=zh-TW
牡蠣大叔（武聖夜市點）,郭于婷,在地嚮導 · 15 則評論 · 57 張相片,3 年前,5 顆星,,https://www.google.com/maps/contrib/109545527805025249524/reviews?hl=zh-TW
牡蠣大叔（武聖夜市點）,Baijee Lin,在地嚮導 · 73 則評論 · 77 張相片,3 年前,5 顆星,蚵仔都很新鮮，店員態度很好。,https://www.google.com/maps/contrib/110042759726073563312/reviews?hl=zh-TW
牡蠣大叔（武聖夜市點）,奕升黃,在地嚮導 · 155 則評論 · 34 張相片,3 年前,5 顆星,生蠔現烤現吃最新鮮,https://www.google.com/maps/contrib/118093561099503192528/reviews?hl=zh-TW
牡蠣大叔（武聖夜市點）,Jennifer Chen,在地嚮導 · 47 則評論 · 25 張相片,3 年前,5 顆星,蛤蜊湯很鮮甜，秋刀魚一夜干烤得恰到好處，魚皮脆魚肉甜，每次來武聖夜市都會去吃，超推薦！,https://www.google.com/maps/contrib/107757852681221356148/reviews?hl=zh-TW
牡蠣大叔（武聖夜市點）,陳彥鈞,在地嚮導 · 65 則評論 · 16 張相片,3 年前,5 顆星,搬家了！但是離原本的點不遠，好吃！！,https://www.google.com/maps/contrib/103655226985668853861/reviews?hl=zh-TW
牡蠣大叔（武聖夜市點）,彭建華,7 則評論 · 1 張相片,4 年前,5 顆星,生蠔新鮮又不腥 好吃,https://www.google.com/maps/contrib/116835959113807943982/reviews?hl=zh-TW
牡蠣大叔（武聖夜市點）,傑斯,在地嚮導 · 54 則評論 · 135 張相片,4 年前,4 顆星,烤生蠔一份7顆一百元蠻划算的，雖然不是很大顆但吃起來味道還蠻鮮甜的，有座位可以好好坐著吃加分，可惜沒順便戴瓶啤酒配啊，在夜市走累了推薦來吃吃順便坐著休息一下呦,https://www.google.com/maps/contrib/115943565899315571609/reviews?hl=zh-TW
牡蠣大叔（武聖夜市點）,Megan,在地嚮導 · 108 則評論 · 82 張相片,4 年前,5 顆星,"蚵仔鮮甜好吃
完全不用任何醬料來點綴
直接打開吃就是了
有空再去找你們吃
謝謝啦",https://www.google.com/maps/contrib/101352611868682370482/reviews?hl=zh-TW
牡蠣大叔（武聖夜市點）,ShinTung Ko,在地嚮導 · 55 則評論 · 74 張相片,4 年前,4 顆星,非常新鮮好吃 去台南會想再吃,https://www.google.com/maps/contrib/104323697203535376854/reviews?hl=zh-TW
牡蠣大叔（武聖夜市點）,Hua,在地嚮導 · 34 則評論 · 22 張相片,4 年前,4 顆星,"生蠔很新鮮很好吃 烤蛤蠣有點鹹
去台南會想再去吃",https://www.google.com/maps/contrib/108371123125215656368/reviews?hl=zh-TW
牡蠣大叔（武聖夜市點）,Memento Mori,"在地嚮導 · 1,488 則評論 · 5,904 張相片",4 年前,4 顆星,好吃，生蠔濃郁到不行，像牛奶一樣,https://www.google.com/maps/contrib/114085475394400061355/reviews?hl=zh-TW
牡蠣大叔（武聖夜市點）,蘇靜瑜,12 則評論 · 1 張相片,4 年前,5 顆星,,https://www.google.com/maps/contrib/117941487079875159440/reviews?hl=zh-TW
牡蠣大叔（武聖夜市點）,Justin Lai,在地嚮導 · 374 則評論 · 662 張相片,5 年前,5 顆星,"每次來台南必吃
非常新鮮
店長烤的熟度剛剛好
怕生的朋友也敢吃
CP值很足",https://www.google.com/maps/contrib/110006229616823257217/reviews?hl=zh-TW
牡蠣大叔（武聖夜市點）,Chen Paul,在地嚮導 · 150 則評論 · 74 張相片,5 年前,5 顆星,好服務，佩服,https://www.google.com/maps/contrib/100910845532477716431/reviews?hl=zh-TW
牡蠣大叔（武聖夜市點）,Jason Jason,在地嚮導 · 5 張相片,5 年前,5 顆星,,https://www.google.com/maps/contrib/111639839105286172437/reviews?hl=zh-TW
牡蠣大叔（武聖夜市點）,Saltfish Yen,"在地嚮導 · 672 則評論 · 2,684 張相片",5 年前,5 顆星,超鮮超好吃！,https://www.google.com/maps/contrib/103023128478285942683/reviews?hl=zh-TW
牡蠣大叔（武聖夜市點）,吳佳儒,11 則評論 · 2 張相片,5 年前,1 顆星,,https://www.google.com/maps/contrib/106325322078323738702/reviews?hl=zh-TW
牡蠣大叔（武聖夜市點）,C.W,在地嚮導 · 683 則評論 · 801 張相片,5 年前,5 顆星,太猛了吧 蚵仔好鮮 但蛤蜊蠻少的,https://www.google.com/maps/contrib/114582147396259500168/reviews?hl=zh-TW
牡蠣大叔（武聖夜市點）,蕭紹甫,在地嚮導 · 51 則評論 · 21 張相片,5 年前,5 顆星,每次來台南必吃,https://www.google.com/maps/contrib/107309593416799878755/reviews?hl=zh-TW
牡蠣大叔（武聖夜市點）,艾橙,"在地嚮導 · 585 則評論 · 8,866 張相片",5 年前,4 顆星,,https://www.google.com/maps/contrib/106859156379666029033/reviews?hl=zh-TW
牡蠣大叔（武聖夜市點）,Scott Lee,"在地嚮導 · 1,172 則評論 · 5,323 張相片",6 年前,4 顆星,新鮮好吃又便宜,https://www.google.com/maps/contrib/103343327828171163779/reviews?hl=zh-TW
牡蠣大叔（武聖夜市點）,Hsin Yeh,在地嚮導 · 163 則評論 · 30 張相片,6 年前,3 顆星,烤蚵與牡蠣飯特別,https://www.google.com/maps/contrib/115129006664492023462/reviews?hl=zh-TW
牡蠣大叔（武聖夜市點）,epstudio Lin,"在地嚮導 · 478 則評論 · 4,449 張相片",6 年前,5 顆星,七股自產的帶殼烤蚵，從夜市發跡,https://www.google.com/maps/contrib/105246801835692109652/reviews?hl=zh-TW
牡蠣大叔（武聖夜市點）,。。,在地嚮導 · 329 則評論 · 948 張相片,7 年前,5 顆星,蚵仔超大超新鮮的！好美味,https://www.google.com/maps/contrib/117882784034548871971/reviews?hl=zh-TW
丹丹香蔥油餅-武聖店,Winter,在地嚮導 · 84 則評論 · 18 張相片,1 個月前,1 顆星,拿到就是冷的，還亂剪，沒有好幾塊超大塊，就蠻爛的,https://www.google.com/maps/contrib/117312024690325582508/reviews?hl=zh-TW
丹丹香蔥油餅-武聖店,Shanshan Huang,在地嚮導 · 19 則評論 · 19 張相片,6 個月前,5 顆星,雞汁蒜味明明就很好吃，味道也很分明唷！,https://www.google.com/maps/contrib/105576699799209618278/reviews?hl=zh-TW
丹丹香蔥油餅-武聖店,Songren Lim,在地嚮導 · 161 則評論 · 304 張相片,1 年前,5 顆星,非常鬆軟可口的蔥油餅！建議加蛋和大蒜。這是他們的招牌！我參觀夜市的亮點之一。,https://www.google.com/maps/contrib/114347150966875340838/reviews?hl=zh-TW
丹丹香蔥油餅-武聖店,謝承翰,在地嚮導 · 50 則評論 · 210 張相片,1 年前,5 顆星,"好吃，口感比較Q
下次要買看看雞汁",https://www.google.com/maps/contrib/107465560284511880402/reviews?hl=zh-TW
丹丹香蔥油餅-武聖店,Ven Sans,在地嚮導 · 495 則評論 · 51 張相片,1 年前,2 顆星,"特地來吃  雞汁超級普通⋯買半張吃得很痛苦
還是鍾愛何佳佳  比較便宜也比較好吃😍💖 …",https://www.google.com/maps/contrib/101069163337926254695/reviews?hl=zh-TW
丹丹香蔥油餅-武聖店,梁盛文,在地嚮導 · 301 則評論 · 95 張相片,1 年前,5 顆星,好吃啊,https://www.google.com/maps/contrib/104591185417777340343/reviews?hl=zh-TW
丹丹香蔥油餅-武聖店,陳玟婷,在地嚮導 · 27 則評論 · 5 張相片,1 年前,5 顆星,"蛤？我覺得雞汁超好吃超香的
價格又很實惠呀😂
而且有留言說偏Q可是我吃起來脆脆的欸 超好吃的👍",https://www.google.com/maps/contrib/109044611161304823167/reviews?hl=zh-TW
丹丹香蔥油餅-武聖店,38flower,在地嚮導 · 146 則評論 · 531 張相片,1 年前,1 顆星,1/4張30元，半張50元，一張90元；什麼獨一無二的口味「雞汁蒜味」，我沒吃出什麼特別的味道，偏q的口感，但很油，我只覺得很油….吃一兩口就不想再吃了，所以以後不回購，不知道為啥那麼多人排隊…..還好只買1/4,https://www.google.com/maps/contrib/109555575031194912053/reviews?hl=zh-TW
丹丹香蔥油餅-武聖店,簡珮瑜,在地嚮導 · 12 則評論 · 10 張相片,1 年前,5 顆星,,https://www.google.com/maps/contrib/104790977896235814067/reviews?hl=zh-TW
鄉城蚵仔煎,C C,21 則評論 · 3 張相片,2 天前,1 顆星,"東西不優 煎的軟軟糊糊的
老闆態度極差 不知道在大聲什麼
這麼不爽就不要賣啊",https://www.google.com/maps/contrib/108541424791571030431/reviews?hl=zh-TW
鄉城蚵仔煎,seven jack,4 則評論 · 1 張相片,4 個月前,1 顆星,態度是在牛掰什麼,https://www.google.com/maps/contrib/108368580548129015303/reviews?hl=zh-TW
鄉城蚵仔煎,鄭勝朋,在地嚮導 · 8 則評論,6 個月前,5 顆星,,https://www.google.com/maps/contrib/102077380615553609669/reviews?hl=zh-TW
鄉城蚵仔煎,Ting,8 則評論 · 4 張相片,7 個月前,1 顆星,真的沒必要花錢受氣 戴眼鏡的男的態度極差 東西也沒有說很好吃 各位真的可以先迴避～有其它更好吃的～真的不要來這家 如果可以評負星 真的可以來個負五星,https://www.google.com/maps/contrib/116662438674492675411/reviews?hl=zh-TW
鄉城蚵仔煎,RU,在地嚮導 · 22 則評論 · 13 張相片,8 個月前,1 顆星,"看到這樣的份量
等一下別動
趕快拍照",https://www.google.com/maps/contrib/104707551439085254409/reviews?hl=zh-TW
鄉城蚵仔煎,Sheng,4 則評論,1 年前,1 顆星,有夠爛的店家，態度超差，上餐都用摔的，絕對不會來第二次,https://www.google.com/maps/contrib/116196883271245014791/reviews?hl=zh-TW
鄉城蚵仔煎,小晴૮ • ᴥ • ა,在地嚮導 · 27 則評論,1 年前,5 顆星,以前吃過 覺得很好吃~~~ 希望可以一直經營下去,https://www.google.com/maps/contrib/105192874037904426185/reviews?hl=zh-TW
鄉城蚵仔煎,ivy lee,"在地嚮導 · 788 則評論 · 4,694 張相片",1 年前,4 顆星,"跟隨鄉城 由夜市吃到武聖固定店
品質一直都有一定水準
蚵仔的量挺多的
醬汁口感也是美味
雖然目前販售點離我很遠
但只要我有經過  就想來一盤
老闆娘也是很親民骨力  👍👍",https://www.google.com/maps/contrib/109805547114223685813/reviews?hl=zh-TW
鄉城蚵仔煎,Hebe Chan,"在地嚮導 · 215 則評論 · 1,088 張相片",1 年前,5 顆星,"蚵仔放很多
太白粉可能要再煎久一些（有點糊糊的）可能客人較多的關係
醬汁很美味",https://www.google.com/maps/contrib/111721354145261542455/reviews?hl=zh-TW
鄉城蚵仔煎,Dayi,在地嚮導 · 233 則評論 · 688 張相片,1 年前,5 顆星,"難得夜市內用區還算寬廣不擁擠，
在很熱的今天晚，也不會感到悶熱，
服務也很好，都會問還有誰沒有點餐，
蚵仔煎的蚵仔也很多顆，醬料很台南，甜鹹有味超搭配，
口感也是好吃的蚵仔煎口感。",https://www.google.com/maps/contrib/105757333514224191840/reviews?hl=zh-TW
鄉城蚵仔煎,ng “MMMMENG” m,在地嚮導 · 45 則評論 · 3 張相片,1 年前,5 顆星,真的是料豐味美,https://www.google.com/maps/contrib/117965441052557428833/reviews?hl=zh-TW
鄉城蚵仔煎,M T,在地嚮導 · 83 則評論 · 316 張相片,1 年前,5 顆星,"狂推豬肉絲煎👍👍👍
醃過的肉絲配上爽脆的白菜跟豆芽菜，
搭著雞蛋、淋上麵糊，
煎至主體Q嫩、邊緣焦脆，
最後澆上特製的鹹甜醬汁，
份量十足堪為一餐飽食。

吃了20年都沒變的美味！",https://www.google.com/maps/contrib/104858940641866197830/reviews?hl=zh-TW
鄉城蚵仔煎,嵐,在地嚮導 · 140 則評論 · 160 張相片,1 年前,5 顆星,料好實在👍,https://www.google.com/maps/contrib/109742672745590967964/reviews?hl=zh-TW
韓欣 韓國食品直販所,kt k,在地嚮導 · 17 則評論 · 250 張相片,3 週前,5 顆星,,https://www.google.com/maps/contrib/100489887419324515807/reviews?hl=zh-TW
韓欣 韓國食品直販所,Avin Yang,2 則評論,2 年前,5 顆星,,https://www.google.com/maps/contrib/113675982403468469674/reviews?hl=zh-TW
韓欣 韓國食品直販所,周魯夫,在地嚮導 · 142 則評論 · 664 張相片,2 年前,5 顆星,"第一次嚐鮮～醬油蝦子
真的讓我驚艷.味美鮮甜.
好好吃喔！

再多買了一盒水果小黃瓜.
清甜可口的美味.一大盒60元.

老闆娘也阿莎力.
值得推薦的好店家.真的很韓！",https://www.google.com/maps/contrib/104195806020022795785/reviews?hl=zh-TW
韓欣 韓國食品直販所,林米英,在地嚮導 · 16 則評論 · 21 張相片,3 年前,5 顆星,食材全部都是韓國空運來的.想吃的小菜這邊都有賣.連新鮮的韓國芝麻葉都有.還有超多生菜.醬油螃蟹辣螃蟹.醬油蝦.新鮮的韓國草莓.超棒的一家店,https://www.google.com/maps/contrib/116062719787133955672/reviews?hl=zh-TW
韓欣 韓國食品直販所,Carlos Li,在地嚮導 · 138 則評論 · 395 張相片,3 年前,5 顆星,"看到網路上的消息,所以來尋寶

開幕第一個月打九折,買了蘿蔔塊泡菜+馬格利,還送一串香蕉
價格以韓國商品來說也不算貴
店員態度也很親切

值得推薦👍",https://www.google.com/maps/contrib/105632842593758397315/reviews?hl=zh-TW
武聖夜市 阿樂牛排,王政傑,在地嚮導 · 351 則評論 · 1 張相片,2 個月前,3 顆星,生意好時態度很差！生意不好態度就會變好,https://www.google.com/maps/contrib/111443607294206084997/reviews?hl=zh-TW
武聖夜市 阿樂牛排,葉偉澤,"在地嚮導 · 273 則評論 · 3,110 張相片",4 個月前,5 顆星,還不錯,https://www.google.com/maps/contrib/108085119897266808230/reviews?hl=zh-TW
武聖夜市 阿樂牛排,白白,26 則評論 · 3 張相片,5 個月前,1 顆星,阿姨的態度超級差問他可以點餐嗎？竟然罵我說你是什麼東西說什麼，態度真的很差耶，這樣還可以開店嗎？倒不如不要開，而且東西難吃的要死，態度又很差，衛生又超級爛。,https://www.google.com/maps/contrib/118014989756810804151/reviews?hl=zh-TW
武聖夜市 阿樂牛排,dji hun,15 則評論 · 4 張相片,7 個月前,1 顆星,鐵板很髒 開起來都是驚喜...,https://www.google.com/maps/contrib/104950763132674442239/reviews?hl=zh-TW
武聖夜市 阿樂牛排,同班同學,1 則評論,7 個月前,5 顆星,,https://www.google.com/maps/contrib/103072549060467246683/reviews?hl=zh-TW
武聖夜市 阿樂牛排,陳建志,2 則評論,7 個月前,1 顆星,8月31號  等半小時 結果跑去問 點餐單還能不見？你們是怎麼做生意的？ 連一句抱歉都沒有  有夠爛  連客人點完的單子都能不見 阿如果沒問 不就要座到收攤？,https://www.google.com/maps/contrib/117551494094780351249/reviews?hl=zh-TW
武聖夜市 阿樂牛排,莊天天,6 則評論 · 3 張相片,8 個月前,5 顆星,老闆兒子很帥,https://www.google.com/maps/contrib/100732786654465644271/reviews?hl=zh-TW
武聖夜市 阿樂牛排,鄭維倫（阿倫）,在地嚮導 · 33 則評論 · 20 張相片,8 個月前,5 顆星,,https://www.google.com/maps/contrib/114415317292261320789/reviews?hl=zh-TW
武聖夜市 阿樂牛排,SPC生活日常,"在地嚮導 · 720 則評論 · 6,449 張相片",8 個月前,4 顆星,還可,https://www.google.com/maps/contrib/105534641060720731200/reviews?hl=zh-TW
武聖夜市 阿樂牛排,柴爸幸福吃喝,在地嚮導 · 192 則評論 · 957 張相片,9 個月前,3 顆星,"因為躲雨才進來消費
厚片牛排🥩，麵體還不錯吃，肉片略顯小。
總體還行！",https://www.google.com/maps/contrib/111126334505135203368/reviews?hl=zh-TW
武聖夜市 阿樂牛排,sien,在地嚮導 · 19 則評論 · 13 張相片,9 個月前,1 顆星,"點餐大嬸態度極差！
遞菜單時未告知雞腿排要等候
待我們寫完菜單後，說什麼雞腿排就是要等啊！還畫雞腿排！ 菜單直接甩在桌上
當眾被罵的不知所措！

用餐前記得先看看甩態大嬸心情如何再決定是否要用餐",https://www.google.com/maps/contrib/103202857812277142603/reviews?hl=zh-TW
武聖夜市 阿樂牛排,Halay Lee,在地嚮導 · 13 則評論 · 68 張相片,10 個月前,3 顆星,態度⋯,https://www.google.com/maps/contrib/117930386635220218173/reviews?hl=zh-TW
武聖夜市 阿樂牛排,閔,13 則評論 · 2 張相片,11 個月前,1 顆星,昨天買了鐵板麵 拉了5次肚子,https://www.google.com/maps/contrib/113083475390097470065/reviews?hl=zh-TW
武聖夜市 阿樂牛排,高寒,1 則評論,1 年前,1 顆星,"店內整體舒適度還行
夜市環境來說算乾淨、冷氣會涼

幫忙點餐的服務態度不是很好
當天不知道是醬料配置錯誤還是本來就這樣
甜到身為一個道地台南人都無法接受的甜
不誇張的說甜到抹在麵包當果醬都不違和
第一次吃牛排吃到滿滿拔絲地瓜的焦糖味

BTW牛排本身是那種每一塊都一樣形狀的重組肉",https://www.google.com/maps/contrib/107840733026907768256/reviews?hl=zh-TW
武聖夜市 阿樂牛排,56施盈如,在地嚮導 · 40 則評論 · 25 張相片,1 年前,5 顆星,玉米濃湯好好喝,https://www.google.com/maps/contrib/113642405809697431359/reviews?hl=zh-TW
武聖夜市 阿樂牛排,鄭宇宸,,1 年前,5 顆星,,https://www.google.com/maps/contrib/116055794313026198873/reviews?hl=zh-TW
武聖夜市 阿樂牛排,鄭鄭,4 則評論,1 年前,5 顆星,好吃，味道比其他牛排店還要香,https://www.google.com/maps/contrib/116524581113980684400/reviews?hl=zh-TW
武聖夜市 阿樂牛排,高鐈,在地嚮導 · 11 則評論 · 10 張相片,1 年前,1 顆星,我說，這是醫藥餐飲異業結盟了是不，從第一口到最後一口，都是滿滿的醫院消毒藥水味,https://www.google.com/maps/contrib/114235196174214619961/reviews?hl=zh-TW
武聖夜市 阿樂牛排,皮小丘,"在地嚮導 · 221 則評論 · 3,059 張相片",1 年前,5 顆星,味道還可以,https://www.google.com/maps/contrib/112293304829360984653/reviews?hl=zh-TW
武聖夜市 阿樂牛排,曾翰文,在地嚮導 · 10 則評論 · 2 張相片,1 年前,5 顆星,,https://www.google.com/maps/contrib/116101605012865018936/reviews?hl=zh-TW
武聖夜市 阿樂牛排,吳拉拉（吳拉拉）,10 則評論 · 3 張相片,1 年前,1 顆星,難吃醬少 女阿桑態度差,https://www.google.com/maps/contrib/104182073404775947629/reviews?hl=zh-TW
武聖夜市 阿樂牛排,陳雅菁,在地嚮導 · 395 則評論 · 813 張相片,1 年前,5 顆星,"很多人，等比較久
口味比較清淡，
我覺得算起來有點貴欸！
因該吃一次就好啦！",https://www.google.com/maps/contrib/113313939452728163714/reviews?hl=zh-TW
武聖夜市 阿樂牛排,Pantone 308,8 則評論,1 年前,5 顆星,,https://www.google.com/maps/contrib/100291148074803970526/reviews?hl=zh-TW
武聖夜市 阿樂牛排,Einstein Albert,在地嚮導 · 256 則評論 · 173 張相片,1 年前,1 顆星,6/24晚上，點個餐想說換一下主餐，女阿婆馬上說不行用下去了，結果過幾秒直接跟隔壁另個女阿婆說還有這樣換的唷，當下我直接回還嘴砲唷，結果結帳時居然還用手遮住說悄悄話。回去時肉整個超硬，根本無法下嚥直接丟廚餘,https://www.google.com/maps/contrib/107556542476324612004/reviews?hl=zh-TW
武聖夜市 阿樂牛排,鄭淳績,6 則評論 · 7 張相片,2 年前,5 顆星,這裡有附玉米濃湯還有古早味紅茶，尤其是他的厚切牛排入口即化，回味無窮！,https://www.google.com/maps/contrib/110095123967282045544/reviews?hl=zh-TW
武聖夜市 阿樂牛排,Miles Chi,在地嚮導 · 15 則評論 · 212 張相片,2 年前,4 顆星,,https://www.google.com/maps/contrib/106652909116427604038/reviews?hl=zh-TW
武聖夜市 阿樂牛排,池蓮蓮,6 則評論,2 年前,1 顆星,"超不推薦！
有一位阿桑講話很不客氣！
服務態度超級差！
帶小孩去過幾次，在小北的攤位，有去都會點兩份排餐，因為小孩突然想吃，但是今天有先買了其他食物，所以只點了一份排餐，負責送餐的阿桑看到就很兇罵我們說，不准拿２份餐具，馬上把我餐具收走，我向她說小孩也需要餐具，沒餐具要怎麼吃？
她才臉很臭去拿一支叉子來，而且還用丢的丢在桌上！！！超級沒禮貌！給小孩餐具用餐是有那麼困難那麼不爽嗎？
對待客人是用這種態度哦！
我當下忍住沒和她吵，但是覺得很不高興！
去吃了幾次，菜單幾乎點過一輪，發現肉其實都很薄很硬，湯很稀，紅茶不好喝，醬是甜的，桌子醬料瓶不乾淨，地上紙巾髒亂，送餐沒照順序，很多次比我晚到的人還比我先上餐，同一位阿桑常常態度又非常差！老闆到底為什麼要請這種人來工作？？？
以後不會再去了！！！
也會叫認識的人都不要去浪費錢還莫名其妙受氣！",https://www.google.com/maps/contrib/100423765135581342032/reviews?hl=zh-TW
武聖夜市 阿樂牛排,郭明祥,在地嚮導 · 7 則評論 · 75 張相片,2 年前,5 顆星,,https://www.google.com/maps/contrib/106398309535152002302/reviews?hl=zh-TW
武聖夜市 阿樂牛排,Ii Li,在地嚮導 · 72 則評論 · 8 張相片,2 年前,5 顆星,"真的好愛黑胡椒醬和蘑菇醬的味道！
每次去都吃雞腿排
真的便宜好吃～",https://www.google.com/maps/contrib/117863929997877453164/reviews?hl=zh-TW
武聖夜市 阿樂牛排,Ipad心,在地嚮導 · 72 則評論 · 118 張相片,2 年前,5 顆星,,https://www.google.com/maps/contrib/107728813190491401235/reviews?hl=zh-TW
武聖夜市 阿樂牛排,Lee1945 Kf14,在地嚮導 · 43 則評論 · 309 張相片,3 年前,5 顆星,,https://www.google.com/maps/contrib/113400252543657612443/reviews?hl=zh-TW
武聖夜市 阿樂牛排,品妏,在地嚮導 · 15 則評論 · 112 張相片,3 年前,1 顆星,"服務人員態度不好，只是怕會吃不完，點鐵版麵
竟然說點一個鐵版麵用講的就好…
如果你人多搞錯搞混呢?",https://www.google.com/maps/contrib/102593617215478935374/reviews?hl=zh-TW
武聖夜市 阿樂牛排,王董,在地嚮導 · 32 則評論,3 年前,2 顆星,本來是夜市吃牛排的首選，現在只剩濃湯可以喝了,https://www.google.com/maps/contrib/109499475229273954011/reviews?hl=zh-TW
武聖夜市 阿樂牛排,Chen Yu Wen,在地嚮導 · 709 則評論 · 123 張相片,3 年前,4 顆星,普普通通,https://www.google.com/maps/contrib/116623330004254995919/reviews?hl=zh-TW
武聖夜市 阿樂牛排,Bo Kai HUANG,在地嚮導 · 15 則評論 · 6 張相片,4 年前,5 顆星,,https://www.google.com/maps/contrib/115487331650602712837/reviews?hl=zh-TW
武聖夜市 阿樂牛排,Bee Huang,6 則評論 · 4 張相片,4 年前,1 顆星,"環境超不衛生，老闆娘臉又超臭
生意好 就亂了手腳
要排隊也不事先講清楚，都點完餐了陸續一堆人潮都來了 才說要排隊～
請問 剛剛是在哈囉嗎！要排隊為什麼不事先講 早來的客人變得要排到最後面是怎樣！
再也不會去購買～",https://www.google.com/maps/contrib/112528073575688772840/reviews?hl=zh-TW
武聖夜市 阿樂牛排,拍什麼東西,在地嚮導 · 57 則評論 · 42 張相片,4 年前,1 顆星,"點了一個厚片
肉超小就算了
竟然還是冷的 難切又難咬
整個不行⋯",https://www.google.com/maps/contrib/112645127240405874301/reviews?hl=zh-TW
武聖夜市 阿樂牛排,凱傑,在地嚮導 · 25 則評論 · 1 張相片,4 年前,1 顆星,第一次吃到這麼難吃的夜市牛排…整塊我只吃了一口就走人了……,https://www.google.com/maps/contrib/110776498384467322956/reviews?hl=zh-TW
武聖夜市 阿樂牛排,吉吉ILOV,在地嚮導 · 51 則評論 · 31 張相片,4 年前,2 顆星,"不難吃，但遇到人多時同時接內用外帶
會手忙腳亂
今天去內用
單子填好給阿桑後
就去拿飲料
看到離飲料和湯最近的桌子
有一家人坐進來
後來我那桌附近
也有兩桌比我們晚來的有人坐了
等了一陣子
眼看比我們晚坐進來的那三桌食物都上來
我們點的都還沒送上
一整個火都來了
人多等還無所謂
比我們晚坐進來的全都來了我還在等？
跟那阿桑講
阿桑說照單子做啊
誰不知道照單子做？
我單子就拿給你，
你不知道誰比較早來誰比較晚來？
你當我坐在那裡沒眼睛看？
招呼客人招呼到不知道是西元幾年了？",https://www.google.com/maps/contrib/104645463880650415643/reviews?hl=zh-TW
武聖夜市 阿樂牛排,リョウゲツ,"在地嚮導 · 1,108 則評論 · 1,166 張相片",5 年前,4 顆星,蠻便宜的，還有飲料跟濃湯，出餐很快、生意很好，翻桌率還蠻高的,https://www.google.com/maps/contrib/105018894442514158832/reviews?hl=zh-TW
武聖夜市 阿樂牛排,chen yan-e,在地嚮導 · 227 則評論 · 40 張相片,5 年前,2 顆星,好吃 肉比較小 湯料比較少 環境可能因為人多有點髒,https://www.google.com/maps/contrib/118257654697725536169/reviews?hl=zh-TW
武聖夜市 阿樂牛排,吾朗,"在地嚮導 · 1,005 則評論 · 5,449 張相片",5 年前,4 顆星,平價的夜市牛排，濃湯可以。肉一般～,https://www.google.com/maps/contrib/108770893443134049183/reviews?hl=zh-TW
武聖夜市 阿樂牛排,小不,在地嚮導 · 175 則評論 · 276 張相片,5 年前,5 顆星,小北成功夜市也吃的到😋 …,https://www.google.com/maps/contrib/105008266548413820121/reviews?hl=zh-TW
武聖夜市 阿樂牛排,陳志偉,在地嚮導 · 131 則評論 · 216 張相片,5 年前,4 顆星,,https://www.google.com/maps/contrib/111316421081406477087/reviews?hl=zh-TW
武聖夜市 阿樂牛排,饕喀,"在地嚮導 · 307 則評論 · 2,100 張相片",5 年前,4 顆星,平價美味又好吃，是夜市裏頭的好選擇,https://www.google.com/maps/contrib/100990566717643791966/reviews?hl=zh-TW
武聖夜市 阿樂牛排,xing,在地嚮導 · 54 則評論 · 90 張相片,6 年前,5 顆星,估計是全夜市最好吃的牛排了 連配角用料都相當的不馬虎 玉米濃湯香濃順口 用料實在 牛排鮮甜且非常的嫩 加上他的煎鐵板功力 熟度完全恰到好處 連蛋都不用翻剛好半生熟 cp值超高 逛夜市必回訪店家,https://www.google.com/maps/contrib/101874709987325626524/reviews?hl=zh-TW
武聖夜市 阿樂牛排,希曦,"在地嚮導 · 1,051 則評論 · 4,512 張相片",6 年前,5 顆星,濃湯好喝👍 …,https://www.google.com/maps/contrib/105720298358300905429/reviews?hl=zh-TW
武聖夜市 阿樂牛排,Angel Chen (陳小釗),在地嚮導 · 69 則評論 · 58 張相片,6 年前,5 顆星,,https://www.google.com/maps/contrib/115693979833646027668/reviews?hl=zh-TW
武聖夜市 阿樂牛排,張方如,在地嚮導 · 99 則評論 · 235 張相片,6 年前,5 顆星,出菜很快，餐點好吃，服務態度很好。,https://www.google.com/maps/contrib/111220740916487543968/reviews?hl=zh-TW
武聖夜市 阿樂牛排,黃千芳,"在地嚮導 · 142 則評論 · 4,006 張相片",6 年前,4 顆星,平價又美味，醬汁很道地，濃湯料多，整個武聖夜市牛排最推這家。,https://www.google.com/maps/contrib/113150974843753631730/reviews?hl=zh-TW
武聖夜市 阿樂牛排,吳玉霖,5 則評論 · 1 張相片,6 年前,5 顆星,夜市平價牛排 還不錯吃,https://www.google.com/maps/contrib/115769367396823837745/reviews?hl=zh-TW
武聖夜市 阿樂牛排,路易斯米豆,"在地嚮導 · 323 則評論 · 2,130 張相片",6 年前,4 顆星,還不錯，出菜速度很快的平價牛排（鐵板）。,https://www.google.com/maps/contrib/111328180394328489161/reviews?hl=zh-TW
武聖夜市,李右辛,1 則評論 · 1 張相片,5 小時前,5 顆星,,https://www.google.com/maps/contrib/110100026500692211506/reviews?hl=zh-TW
武聖夜市,阿凱,在地嚮導 · 47 則評論 · 3 張相片,8 小時前,5 顆星,從小逛到大的老夜市,https://www.google.com/maps/contrib/113464104165313807561/reviews?hl=zh-TW
武聖夜市,WENWEN HUNG (雯雯),在地嚮導 · 25 則評論 · 47 張相片,12 小時前,5 顆星,,https://www.google.com/maps/contrib/110466687028113652724/reviews?hl=zh-TW
武聖夜市,Marc Tsai,在地嚮導 · 24 則評論 · 132 張相片,13 小時前,5 顆星,,https://www.google.com/maps/contrib/102647452750396125550/reviews?hl=zh-TW
武聖夜市,K Fan,在地嚮導 · 38 則評論 · 11 張相片,19 小時前,5 顆星,,https://www.google.com/maps/contrib/114756548383280800291/reviews?hl=zh-TW
武聖夜市,kkyur,16 則評論 · 75 張相片,19 小時前,5 顆星,這是我見過的最棒的夜市！這是一個真正的當地夜市，我們是這裡唯一的外國遊客，所以也許這就是為什麼他們甚至不會說簡單的英語，但店主都非常友好，所以我們能夠用手勢點菜和吃飯！當事情進展不順利的時候，我周圍的顧客會幫助我哈哈。相較於其他夜市，這裡的食物味道真的很棒，光是這個夜市就足以成為重返台灣的理由！,https://www.google.com/maps/contrib/110741512463923544065/reviews?hl=zh-TW
武聖夜市,佑佑田,在地嚮導 · 20 則評論 · 2 張相片,1 天前,5 顆星,,https://www.google.com/maps/contrib/116471883704830502423/reviews?hl=zh-TW
武聖夜市,xie frank,在地嚮導 · 35 則評論 · 53 張相片,1 天前,3 顆星,,https://www.google.com/maps/contrib/100492292713135648679/reviews?hl=zh-TW
武聖夜市,王Maggie,在地嚮導 · 3 則評論 · 11 張相片,1 天前,5 顆星,"夜市烤吳郭魚非常棒
洪記烤小卷新鮮好吃
阿三蚵仔煎很美味",https://www.google.com/maps/contrib/104431460708724346282/reviews?hl=zh-TW
武聖夜市,黃義驊,5 則評論 · 1 張相片,1 天前,5 顆星,,https://www.google.com/maps/contrib/102479827337513258362/reviews?hl=zh-TW
武聖夜市,潘志成,4 則評論,1 天前,4 顆星,,https://www.google.com/maps/contrib/107571010171735634234/reviews?hl=zh-TW
武聖夜市,關凱中,3 則評論 · 1 張相片,1 天前,4 顆星,夜市不錯 停車路線太塞,https://www.google.com/maps/contrib/110768544594726369070/reviews?hl=zh-TW
武聖夜市,均,在地嚮導 · 37 則評論 · 9 張相片,1 天前,4 顆星,大致上沒什麼雷區，行動支付不普及，現金交易為主。,https://www.google.com/maps/contrib/115193874468164522268/reviews?hl=zh-TW
武聖夜市,祐祐,在地嚮導 · 139 則評論 · 810 張相片,1 天前,5 顆星,好逛的夜市。,https://www.google.com/maps/contrib/111917052168150719960/reviews?hl=zh-TW
武聖夜市,Chen Jin wei,,1 天前,5 顆星,"昨天吃了一家黑色車子的臭豆腐（啵臭）
現炸的小顆還能外酥內軟（超燙要小心）
通常不吃小顆的因為怕很乾
但這家不會，泡菜還剛剛好
我還有發現老闆娘有小心思
他把泡菜裡面的辣椒把辣椒子都挑掉
變成辣椒也都變醃製過的也好吃😋
蒜頭辣椒不怕你加，店家還說 想弄多少就弄多少
不怕你吃的那種感覺就很讚！！
老闆娘都很客氣好有禮貌
逛了整條夜市 最印象深刻的就是這家了
愉快的台南夜市旅😊
還有買了2486、旗魚黑輪、烤魚、阿美嬤",https://www.google.com/maps/contrib/106897685182836847880/reviews?hl=zh-TW
武聖夜市,ina N,在地嚮導 · 40 則評論 · 15 張相片,1 天前,5 顆星,人潮很多，每次很多，遊戲很多，很棒的夜市👍 …,https://www.google.com/maps/contrib/114258262468471518702/reviews?hl=zh-TW
武聖夜市,謝中和,在地嚮導 · 40 則評論 · 41 張相片,2 天前,1 顆星,交通引導、停車場指引請一堆8+9在管，口氣真的有夠差，平時當社會亂源，現在管個停車場也可以管出優越感？真可悲,https://www.google.com/maps/contrib/101212816300015576047/reviews?hl=zh-TW
武聖夜市,柯俊男,1 則評論,2 天前,4 顆星,,https://www.google.com/maps/contrib/107572164138588221405/reviews?hl=zh-TW
武聖夜市,Nick Lin,在地嚮導 · 49 則評論 · 13 張相片,2 天前,5 顆星,現在還有不用停車費的夜市，太讚了,https://www.google.com/maps/contrib/102606701075080438133/reviews?hl=zh-TW
武聖夜市,Night wind,1 則評論,2 天前,5 顆星,,https://www.google.com/maps/contrib/111121892959403579559/reviews?hl=zh-TW
武聖夜市,焦糖拿鐵,在地嚮導 · 289 則評論 · 335 張相片,2 天前,5 顆星,"附停車場但是容易客滿！
攤位品項很多，很少重複，很多創新商品
✅地瓜球（小份）$30好吃，有地瓜香
✅拉絲糖葫蘆$70很有特色，蓬鬆綿密的糖衣
✅莉莉伯爵紅茶$40好喝，不澀，有蜂蜜香
✅鹽烤鱸魚$280，新鮮，肉嫩多汁，現烤有燙
❌不推車輪餅，口味多，吃起來普通，皮脆，內餡不優，服務態度也不好，一直和裡面的人聊天，很不尊重客人..
✅排骨酥（中）$100 ，很香很入味，還有免費的脆脆可以自己裝，超讚！脆脆好吃！
✅沙威瑪$50 麵包外皮有烤脆 非常好吃👍",https://www.google.com/maps/contrib/115864517119136772736/reviews?hl=zh-TW
武聖夜市,于昊群,在地嚮導 · 16 則評論 · 3 張相片,2 天前,4 顆星,覺得可以,https://www.google.com/maps/contrib/113003871259291503000/reviews?hl=zh-TW
武聖夜市,Vivian Yang (SD BWL),在地嚮導 · 32 則評論 · 66 張相片,2 天前,3 顆星,,https://www.google.com/maps/contrib/114569936514907837291/reviews?hl=zh-TW
武聖夜市,9AnAn,在地嚮導 · 59 則評論 · 39 張相片,2 天前,5 顆星,,https://www.google.com/maps/contrib/101849880204126356302/reviews?hl=zh-TW
武聖夜市,方文達,在地嚮導 · 10 則評論 · 24 張相片,2 天前,3 顆星,,https://www.google.com/maps/contrib/106047291939851012346/reviews?hl=zh-TW
武聖夜市,林煒庭,2 則評論 · 1 張相片,2 天前,5 顆星,,https://www.google.com/maps/contrib/100595374740726480306/reviews?hl=zh-TW
武聖夜市,杜玫璉,在地嚮導 · 4 則評論 · 13 張相片,3 天前,5 顆星,,https://www.google.com/maps/contrib/103531796566815041252/reviews?hl=zh-TW
武聖夜市,Handa Yoshihiro,"在地嚮導 · 11 則評論 · 4,401 張相片",3 天前,4 顆星,,https://www.google.com/maps/contrib/109632156882914330540/reviews?hl=zh-TW
武聖夜市,林秀莉,"在地嚮導 · 290 則評論 · 2,835 張相片",3 天前,4 顆星,"武聖夜市（週三、五、六）
6:00
夜市規模小很多，但攤位種類也不少，吃喝玩樂樣樣有，人潮相對少，但不會擁擠。相對舒適自在。適合不喜愛人多多逛夜市的朋友。

二側入口皆有廁所🚽🚾很方便

🅿️停車：有2處免費停車、周邊也有收費停車場不少。

重點攤位：
有吃到-
-黃記辣脆腸-真的有辣度，就算沒加辣，本身料理也是有辣度
-膳品-粉裹很多的炸肉條🤣
-金村香噴三角骨-不錯吃，感覺炸魷魚很可口。

人多多沒排到-
-小上海香酥雞-台南很有名氣的香酥雞
-土豆餅-很夯的攤位，要排很久。
-林家阿嬤拔絲地瓜-一樣人多多",https://www.google.com/maps/contrib/107873803225830186165/reviews?hl=zh-TW
武聖夜市,楊竣詠,在地嚮導 · 767 則評論 · 175 張相片,3 天前,5 顆星,很棒的夜市，東西好吃，總類很多，讚,https://www.google.com/maps/contrib/105602816958955014492/reviews?hl=zh-TW
武聖夜市,Dino,,3 天前,5 顆星,,https://www.google.com/maps/contrib/109120095633326755494/reviews?hl=zh-TW
武聖夜市,謝哲和,"在地嚮導 · 381 則評論 · 1,748 張相片",3 天前,5 顆星,美食多樣！,https://www.google.com/maps/contrib/106451135582251966613/reviews?hl=zh-TW
武聖夜市,baby yen,7 則評論 · 3 張相片,3 天前,4 顆星,,https://www.google.com/maps/contrib/113598463649793463549/reviews?hl=zh-TW
武聖夜市,LEANDRO VALMONTE OLIVAREZ,,3 天前,5 顆星,,https://www.google.com/maps/contrib/114740216489718062140/reviews?hl=zh-TW
武聖夜市,連小彬,在地嚮導 · 14 則評論 · 3 張相片,4 天前,5 顆星,,https://www.google.com/maps/contrib/100300827226868765205/reviews?hl=zh-TW
武聖夜市,呂惠珠,在地嚮導 · 26 則評論 · 17 張相片,4 天前,5 顆星,好逛～適合小朋友跟來覓食的,https://www.google.com/maps/contrib/112033186206434770558/reviews?hl=zh-TW
武聖夜市,Shuk Chun Cheung,在地嚮導 · 173 則評論 · 44 張相片,4 天前,4 顆星,大人細路都有野玩，食，衣服。,https://www.google.com/maps/contrib/103344176671874752382/reviews?hl=zh-TW
武聖夜市,Timothy Fung,4 則評論 · 6 張相片,4 天前,5 顆星,,https://www.google.com/maps/contrib/107909084722331336152/reviews?hl=zh-TW
武聖夜市,Tom Wu - FiFi,在地嚮導 · 15 則評論 · 6 張相片,4 天前,5 顆星,,https://www.google.com/maps/contrib/108970467868024091813/reviews?hl=zh-TW
武聖夜市,Dorcas,在地嚮導 · 165 則評論 · 408 張相片,4 天前,4 顆星,,https://www.google.com/maps/contrib/109361689912446961003/reviews?hl=zh-TW
武聖夜市,陳陳米咕,5 則評論,5 天前,5 顆星,,https://www.google.com/maps/contrib/102946050082456365916/reviews?hl=zh-TW
武聖夜市,柯助政,"在地嚮導 · 59 則評論 · 1,177 張相片",5 天前,5 顆星,,https://www.google.com/maps/contrib/108574302657476142903/reviews?hl=zh-TW
武聖夜市,你好（路過打醬油）,在地嚮導 · 31 則評論 · 4 張相片,5 天前,2 顆星,機車停車場規劃的很差，沒有把停車位規劃出來，都亂停，更是有些智障會停到讓你不知道怎麼出入，還有從出口騎進來卡路線的腦殘一堆,https://www.google.com/maps/contrib/116870035317869579914/reviews?hl=zh-TW
武聖夜市,Luke Barrett,在地嚮導,5 天前,5 顆星,,https://www.google.com/maps/contrib/109585741823360530412/reviews?hl=zh-TW
武聖夜市,Gene-Sheng Tung,在地嚮導 · 187 則評論 · 61 張相片,5 天前,4 顆星,價格高,https://www.google.com/maps/contrib/117117031521298773446/reviews?hl=zh-TW
武聖夜市,程彥溶,,5 天前,3 顆星,,https://www.google.com/maps/contrib/100699872804635386079/reviews?hl=zh-TW
武聖夜市,曾小森,5 則評論 · 7 張相片,5 天前,5 顆星,,https://www.google.com/maps/contrib/113265517648400391055/reviews?hl=zh-TW
武聖夜市,紫霞仙子,在地嚮導 · 57 則評論 · 6 張相片,5 天前,5 顆星,,https://www.google.com/maps/contrib/103786253424039425383/reviews?hl=zh-TW
武聖夜市,蘇玉華,,6 天前,5 顆星,,https://www.google.com/maps/contrib/112947497000276109399/reviews?hl=zh-TW
武聖夜市,牛,在地嚮導 · 26 則評論 · 7 張相片,6 天前,5 顆星,,https://www.google.com/maps/contrib/104124168825114073383/reviews?hl=zh-TW
武聖夜市,董顯貴,,6 天前,5 顆星,,https://www.google.com/maps/contrib/101156251052794828804/reviews?hl=zh-TW
武聖夜市,阿良,2 則評論,6 天前,5 顆星,,https://www.google.com/maps/contrib/103582683321813424647/reviews?hl=zh-TW
武聖夜市,黃詩元,在地嚮導 · 74 則評論 · 20 張相片,6 天前,5 顆星,台南三大夜市果然名不虛傳，性價比真的是比北部優秀,https://www.google.com/maps/contrib/108464774629353537345/reviews?hl=zh-TW
武聖夜市,游宗訓,8 則評論 · 2 張相片,6 天前,5 顆星,,https://www.google.com/maps/contrib/106997933003973684280/reviews?hl=zh-TW
武聖夜市,楠,9 則評論 · 5 張相片,6 天前,1 顆星,"交通很混亂，窄窄的路要讓機車、汽車迴轉進入停車場，還要讓直行汽車前進，超級危險。這是我給一顆星的原因。水洩不通的車道，喇叭聲此起彼落，我不認為這是好的夜市文化。
攤位的部分，可能是我對於夜市本來就還好，覺得看到的攤位重複性滿高的，cp值也不高。東西也沒有非常好吃，我買了吳記肉蛋堡，我覺得麵皮感裡面糊糊的和裡面的餡料一起咀嚼，吃久了會很膩、甚至會怕。但可能是個人口味的問題，不過同行友人吃了也覺得滿膩的。另外我還買了阿堯師雞蛋糕，我會光顧的老店！依舊好吃！6個原味雞蛋糕 30元！",https://www.google.com/maps/contrib/113418758566258804190/reviews?hl=zh-TW
武聖夜市,朱威璋,在地嚮導 · 5 則評論 · 1 張相片,1 週前,5 顆星,,https://www.google.com/maps/contrib/113240453375352956796/reviews?hl=zh-TW
武聖夜市,劉志民（豆）,"在地嚮導 · 9 則評論 · 2,201 張相片",1 週前,5 顆星,,https://www.google.com/maps/contrib/109987000812017821890/reviews?hl=zh-TW
武聖夜市,賴婷妮,5 則評論 · 2 張相片,1 週前,5 顆星,,https://www.google.com/maps/contrib/104933447364494321015/reviews?hl=zh-TW
武聖夜市,何嘉宥,在地嚮導 · 25 則評論 · 17 張相片,1 週前,5 顆星,好逛的夜市，讚讚,https://www.google.com/maps/contrib/106435125577730439329/reviews?hl=zh-TW
武聖夜市,苏苏,3 則評論,1 週前,4 顆星,,https://www.google.com/maps/contrib/113281987220111617064/reviews?hl=zh-TW
武聖夜市,黃慧紋,在地嚮導 · 19 則評論 · 17 張相片,1 週前,5 顆星,黃金土豆餅超好吃,https://www.google.com/maps/contrib/113933302807027188069/reviews?hl=zh-TW
武聖夜市,黃小中,5 則評論,1 週前,5 顆星,,https://www.google.com/maps/contrib/103696974165967634965/reviews?hl=zh-TW
武聖夜市,旻玲,在地嚮導 · 97 則評論 · 152 張相片,1 週前,5 顆星,"到武聖就是吃吃吃一直吃
早點去不用每家都排隊
烤魚香香好吃 …",https://www.google.com/maps/contrib/107217487945931865202/reviews?hl=zh-TW
武聖夜市,劉國隆,1 則評論 · 16 張相片,1 週前,4 顆星,,https://www.google.com/maps/contrib/109670883570572180102/reviews?hl=zh-TW
武聖夜市,許明鴻,在地嚮導 · 21 則評論 · 27 張相片,1 週前,3 顆星,,https://www.google.com/maps/contrib/118004885862434578534/reviews?hl=zh-TW
武聖夜市,蔡福成,在地嚮導 · 3 則評論 · 123 張相片,1 週前,5 顆星,,https://www.google.com/maps/contrib/113072183764428069623/reviews?hl=zh-TW
武聖夜市,林建旭,在地嚮導 · 12 張相片,1 週前,3 顆星,,https://www.google.com/maps/contrib/114723134118146986162/reviews?hl=zh-TW
武聖夜市,呵呵,在地嚮導 · 56 則評論 · 10 張相片,1 週前,5 顆星,還不錯逛的夜市，玉米很好吃,https://www.google.com/maps/contrib/115977447493627050365/reviews?hl=zh-TW
武聖夜市,feng beicheng,13 則評論 · 1 張相片,1 週前,5 顆星,,https://www.google.com/maps/contrib/104527624742351138093/reviews?hl=zh-TW
武聖夜市,Thomas Hsieh,在地嚮導 · 11 則評論,1 週前,5 顆星,,https://www.google.com/maps/contrib/114118213273487346593/reviews?hl=zh-TW
武聖夜市,林雯賢,在地嚮導 · 47 則評論 · 21 張相片,1 週前,5 顆星,很豐富,https://www.google.com/maps/contrib/107934724201579306161/reviews?hl=zh-TW
武聖夜市,汝易,在地嚮導 · 6 則評論 · 16 張相片,1 週前,4 顆星,府城老夜市,https://www.google.com/maps/contrib/103310293538476282342/reviews?hl=zh-TW
武聖夜市,許小綺,3 則評論 · 1 張相片,1 週前,5 顆星,烤魚一定要吃一次、,https://www.google.com/maps/contrib/117468272089039579134/reviews?hl=zh-TW
武聖夜市,踏雪,在地嚮導 · 19 則評論 · 19 張相片,1 週前,5 顆星,玉米好吃,https://www.google.com/maps/contrib/103352465102273967446/reviews?hl=zh-TW
武聖夜市,周美杏,1 則評論,1 週前,5 顆星,,https://www.google.com/maps/contrib/104958600576010717544/reviews?hl=zh-TW
武聖夜市,Peter Lo,在地嚮導 · 94 則評論 · 188 張相片,1 週前,5 顆星,台南武聖夜市 最多人排隊的店 土豆餅,https://www.google.com/maps/contrib/114165130751701782271/reviews?hl=zh-TW
武聖夜市,Wu Ring,在地嚮導 · 13 則評論 · 16 張相片,1 週前,5 顆星,,https://www.google.com/maps/contrib/112104860889124260939/reviews?hl=zh-TW
武聖夜市,蕭安軒,在地嚮導 · 32 則評論 · 100 張相片,1 週前,5 顆星,,https://www.google.com/maps/contrib/109030590582962482994/reviews?hl=zh-TW
武聖夜市,Chin-yao Huang,"在地嚮導 · 51 則評論 · 1,730 張相片",1 週前,5 顆星,,https://www.google.com/maps/contrib/116042221715238927171/reviews?hl=zh-TW
武聖夜市,Emily Liu,在地嚮導 · 16 則評論 · 34 張相片,1 週前,5 顆星,,https://www.google.com/maps/contrib/117808275475155979686/reviews?hl=zh-TW
武聖夜市,Amy H,12 則評論 · 6 張相片,1 週前,2 顆星,"陳家阿嬤跟小上海很好吃！很喜歡！
但是某家土豆餅順序很混亂⋯開門來要先預訂然後半個小時再回來拿，回來報號後還要再等很久，拿到後吃起來也普通，要排隊的話不推～～",https://www.google.com/maps/contrib/117280356388922068878/reviews?hl=zh-TW
武聖夜市,李昀蓉,4 則評論 · 1 張相片,1 週前,5 顆星,,https://www.google.com/maps/contrib/104908117559003540930/reviews?hl=zh-TW
武聖夜市,盧擎天,"在地嚮導 · 877 則評論 · 1,402 張相片",1 週前,5 顆星,超讚,https://www.google.com/maps/contrib/110772386647352562532/reviews?hl=zh-TW
武聖夜市,陳熙,在地嚮導 · 18 則評論 · 2 張相片,1 週前,3 顆星,不錯,https://www.google.com/maps/contrib/100789249561723434418/reviews?hl=zh-TW
武聖夜市,Jane,在地嚮導 · 93 則評論 · 104 張相片,1 週前,5 顆星,,https://www.google.com/maps/contrib/114781365317893811340/reviews?hl=zh-TW
武聖夜市,陳志銘,,1 週前,3 顆星,,https://www.google.com/maps/contrib/101666583361113617103/reviews?hl=zh-TW
武聖夜市,陳豐斌,在地嚮導 · 25 則評論 · 318 張相片,1 週前,5 顆星,,https://www.google.com/maps/contrib/102195563528567493946/reviews?hl=zh-TW
武聖夜市,艾思可,在地嚮導 · 105 則評論 · 119 張相片,1 週前,5 顆星,,https://www.google.com/maps/contrib/101386189449252853532/reviews?hl=zh-TW
武聖夜市,DZ YI Lee,在地嚮導 · 50 則評論 · 441 張相片,1 週前,5 顆星,停車場大，逛起來挺舒服，但人潮洶湧,https://www.google.com/maps/contrib/111007307832943168865/reviews?hl=zh-TW
武聖夜市,LU LU (LU LU),在地嚮導 · 69 則評論 · 25 張相片,1 週前,1 顆星,武聖夜市的管理員態度有夠差，說話口氣好像欠他幾百萬一樣，好好說話很難嗎？到底在囂張什麼？,https://www.google.com/maps/contrib/117284791793049963706/reviews?hl=zh-TW
武聖夜市,Kabo,在地嚮導 · 108 則評論 · 23 張相片,1 週前,5 顆星,"阿宏蚵仔煎很厲害啊！
皮 卡茲卡茲～
老闆人也很客氣！！",https://www.google.com/maps/contrib/114292087300210078601/reviews?hl=zh-TW
武聖夜市,S T,在地嚮導 · 17 則評論 · 4 張相片,1 週前,5 顆星,"這是我第一次來台灣。
這是最好的夜市。 …",https://www.google.com/maps/contrib/110929769861968965880/reviews?hl=zh-TW
武聖夜市,Aderyl Tan,在地嚮導 · 26 則評論 · 51 張相片,1 週前,5 顆星,"熱鬧的夜市，美食種類繁多！
- 炸地瓜粉
- 臭豆腐 …",https://www.google.com/maps/contrib/105739339403494276671/reviews?hl=zh-TW
武聖夜市,Wayne Wong,1 則評論 · 7 張相片,1 週前,3 顆星,,https://www.google.com/maps/contrib/108656606888396046743/reviews?hl=zh-TW
武聖夜市,cx,在地嚮導 · 31 則評論 · 7 張相片,1 週前,5 顆星,,https://www.google.com/maps/contrib/113872445124204981258/reviews?hl=zh-TW
武聖夜市,劉威麟,,1 週前,5 顆星,,https://www.google.com/maps/contrib/113033415802545565269/reviews?hl=zh-TW
武聖夜市,Shao (Shao),在地嚮導 · 192 則評論 · 165 張相片,1 週前,5 顆星,海盜船趴ㄛ,https://www.google.com/maps/contrib/103996366342341234119/reviews?hl=zh-TW
武聖夜市,Reggie Lin,"在地嚮導 · 134 則評論 · 1,334 張相片",1 週前,5 顆星,豐富好逛的夜市，吃的選擇很多，玩得選項也多，很熱鬧，感覺與印象中小時候的夜市比較接近,https://www.google.com/maps/contrib/111926686034773210246/reviews?hl=zh-TW
武聖夜市,n Z,在地嚮導 · 25 則評論 · 2 張相片,1 週前,5 顆星,夜市動線還可以 重複性也不會到太高,https://www.google.com/maps/contrib/113754270802340177105/reviews?hl=zh-TW
武聖夜市,張宇君,1 則評論 · 18 張相片,1 週前,5 顆星,,https://www.google.com/maps/contrib/102445487199399478727/reviews?hl=zh-TW
武聖夜市,賴明德,3 則評論 · 1 張相片,1 週前,5 顆星,很好逛，但車輛千萬不要違停，拖吊效率非常高，因為拖吊場就在旁邊,https://www.google.com/maps/contrib/105212867057997216083/reviews?hl=zh-TW
武聖夜市,LUCAS KUO,"在地嚮導 · 57 則評論 · 8,769 張相片",1 週前,4 顆星,,https://www.google.com/maps/contrib/104173614945728482517/reviews?hl=zh-TW
武聖夜市,jos lim,6 則評論,1 週前,5 顆星,,https://www.google.com/maps/contrib/101995586579599127627/reviews?hl=zh-TW
武聖夜市,Chang Ann,在地嚮導 · 7 則評論 · 54 張相片,1 週前,5 顆星,乾淨,https://www.google.com/maps/contrib/112854694347386799420/reviews?hl=zh-TW
武聖夜市,Mo Kuma,5 則評論,1 週前,5 顆星,章魚燒跟旁邊的沙威瑪很推薦哦！,https://www.google.com/maps/contrib/106054086016762306648/reviews?hl=zh-TW
武聖夜市,tina wang,在地嚮導 · 37 則評論 · 11 張相片,1 週前,5 顆星,超好逛,https://www.google.com/maps/contrib/114793872192721174710/reviews?hl=zh-TW
武聖夜市,張惠文,在地嚮導 · 27 則評論 · 57 張相片,1 週前,4 顆星,,https://www.google.com/maps/contrib/100908219173666747813/reviews?hl=zh-TW
武聖夜市,盈翰李,在地嚮導 · 10 則評論 · 69 張相片,1 週前,5 顆星,逛夜市最佳選擇,https://www.google.com/maps/contrib/108305266593063427214/reviews?hl=zh-TW
武聖夜市,維京文仔,在地嚮導 · 51 則評論 · 136 張相片,1 週前,5 顆星,"這間的雞腳很對味😊
最近換招牌了唷
但是一樣好吃😋 …",https://www.google.com/maps/contrib/103579503255481506531/reviews?hl=zh-TW
武聖夜市,蘇永泰（阿泰）,在地嚮導 · 279 則評論 · 416 張相片,1 週前,5 顆星,事隔很多年再去更豐富了。喜歡😘 …,https://www.google.com/maps/contrib/116636559229365030427/reviews?hl=zh-TW
武聖夜市,黃鳳堅,在地嚮導 · 38 則評論 · 39 張相片,1 週前,4 顆星,,https://www.google.com/maps/contrib/117053452109646002412/reviews?hl=zh-TW
武聖夜市,Judy Tse,在地嚮導 · 8 則評論 · 25 張相片,1 週前,3 顆星,,https://www.google.com/maps/contrib/110134509780943788871/reviews?hl=zh-TW
武聖夜市,甘湶湧,在地嚮導 · 114 則評論 · 116 張相片,2 週前,5 顆星,如果開車的朋友，建議五點左右就要到了，阿不然排停車場會排到天慌地老,https://www.google.com/maps/contrib/106568218136520813698/reviews?hl=zh-TW
武聖夜市,tiger HU,"在地嚮導 · 255 則評論 · 8,272 張相片",2 週前,5 顆星,台南知名夜市之一,https://www.google.com/maps/contrib/117641078093742191355/reviews?hl=zh-TW
武聖夜市,小金孫（Cassie）,在地嚮導 · 12 則評論 · 177 張相片,2 週前,5 顆星,,https://www.google.com/maps/contrib/107871262941856978677/reviews?hl=zh-TW
武聖夜市,P P,在地嚮導,2 週前,3 顆星,,https://www.google.com/maps/contrib/101679894419251085758/reviews?hl=zh-TW
武聖夜市,徐明珠,在地嚮導 · 9 則評論 · 1 張相片,2 週前,3 顆星,,https://www.google.com/maps/contrib/104179096047745033050/reviews?hl=zh-TW
武聖夜市,黃文豪,在地嚮導 · 25 則評論 · 12 張相片,2 週前,2 顆星,夜市前排中間西瓜汁都會消泡沒有裝滿、武聖最後一排小上海飢餓行銷動作很慢要人排隊購買,https://www.google.com/maps/contrib/116025430838860733566/reviews?hl=zh-TW
武聖夜市,在地人,在地嚮導 · 106 則評論 · 114 張相片,2 週前,4 顆星,此夜市較適合天氣涼爽前往，夏天較不建議！,https://www.google.com/maps/contrib/101932442112549783357/reviews?hl=zh-TW
武聖夜市,hsu hank,在地嚮導 · 131 則評論 · 43 張相片,2 週前,5 顆星,,https://www.google.com/maps/contrib/115974578169286952639/reviews?hl=zh-TW
武聖夜市,郭正旭,3 則評論 · 2 張相片,2 週前,5 顆星,好玩,https://www.google.com/maps/contrib/102269195326071345839/reviews?hl=zh-TW
武聖夜市,簡勇杰,在地嚮導 · 42 則評論 · 111 張相片,2 週前,5 顆星,和北部相比好玩,https://www.google.com/maps/contrib/102865632843097409524/reviews?hl=zh-TW
武聖夜市,Queue de chat,在地嚮導 · 117 則評論 · 848 張相片,2 週前,5 顆星,很多好吃的美食,https://www.google.com/maps/contrib/117176041774084095896/reviews?hl=zh-TW
武聖夜市,Wu Julia (OMGJulia),在地嚮導 · 165 則評論 · 835 張相片,2 週前,5 顆星,東西品項很多，吃喝衣物雜貨都有，很好逛,https://www.google.com/maps/contrib/101481196730758103672/reviews?hl=zh-TW
武聖夜市,郭志偉,在地嚮導 · 50 則評論 · 287 張相片,2 週前,5 顆星,,https://www.google.com/maps/contrib/104622089513678349385/reviews?hl=zh-TW
武聖夜市,黃承郁,在地嚮導 · 28 則評論 · 2 張相片,2 週前,5 顆星,讚,https://www.google.com/maps/contrib/100278196649489019184/reviews?hl=zh-TW
武聖夜市,Wei,在地嚮導 · 16 則評論 · 3 張相片,2 週前,3 顆星,,https://www.google.com/maps/contrib/116925307680065298346/reviews?hl=zh-TW
武聖夜市,Amigo,"在地嚮導 · 1,304 則評論 · 3,241 張相片",2 週前,5 顆星,"還蠻熱鬧的夜市 人潮不少
動線算是不錯
吃的用的玩的都有 …",https://www.google.com/maps/contrib/115075916481845477007/reviews?hl=zh-TW
武聖夜市,林庭鈺,4 則評論 · 3 張相片,2 週前,5 顆星,,https://www.google.com/maps/contrib/110658370455536519575/reviews?hl=zh-TW
武聖夜市,Yu Hsu,在地嚮導 · 43 則評論,2 週前,5 顆星,,https://www.google.com/maps/contrib/113521565540630912369/reviews?hl=zh-TW
武聖夜市,Go Jess,在地嚮導 · 38 則評論 · 21 張相片,2 週前,5 顆星,"商店豐富
希望下次能吃到薯絲餅",https://www.google.com/maps/contrib/110977157558440388408/reviews?hl=zh-TW
武聖夜市,Erica,在地嚮導 · 37 則評論 · 50 張相片,2 週前,5 顆星,好吃的攤很多，對於比較不需要遊戲攤位，比較需要美食的人來說，是很好的選擇,https://www.google.com/maps/contrib/102899311982513467095/reviews?hl=zh-TW
武聖夜市,是雅雅,在地嚮導 · 362 則評論 · 234 張相片,2 週前,4 顆星,好奇這個古意巴查格是什麼？走進一看原來是原住民烤肉，似乎上面沒寫原住民烤肉的才是正宗的原住民烤肉，買了招牌烤肉雙拼飯，豬肉真好吃～飯有豬油香 香腸還可以,https://www.google.com/maps/contrib/106442694145623863937/reviews?hl=zh-TW
武聖夜市,王政傑,"在地嚮導 · 193 則評論 · 2,431 張相片",2 週前,5 顆星,好逛的夜市，每來必吃小火鍋....,https://www.google.com/maps/contrib/104812859970179682817/reviews?hl=zh-TW
武聖夜市,太原道壇王建雄（太原道壇）,13 則評論 · 15 張相片,2 週前,1 顆星,"不曉得為啥那麼多好評論
只有我覺得很雷嗎
不好吃又等超久
重點最後一鍋是煎好後才出來問
結果我後面都沒有買到
一堆人排了一個小時多結果沒等到
當那些人是很閒的王八蛋嗎
我等到的結果吃的不是我預想的好吃
被炒出來的店最後應該也是收起來的結果吧",https://www.google.com/maps/contrib/101113063736242264120/reviews?hl=zh-TW
武聖夜市,劉易姍,在地嚮導 · 12 則評論 · 9 張相片,2 週前,4 顆星,,https://www.google.com/maps/contrib/114442776316494213623/reviews?hl=zh-TW
武聖夜市,鄭文正,6 則評論 · 23 張相片,2 週前,5 顆星,,https://www.google.com/maps/contrib/109799597747841201065/reviews?hl=zh-TW
武聖夜市,Tzhau Huang,3 則評論 · 1 張相片,2 週前,3 顆星,,https://www.google.com/maps/contrib/105927672624253442799/reviews?hl=zh-TW
武聖夜市,Yong,在地嚮導 · 52 則評論 · 32 張相片,2 週前,5 顆星,"#更新

沒想到發到脆 一個上午的時間 …",https://www.google.com/maps/contrib/106485988096183998625/reviews?hl=zh-TW
武聖夜市,鍾馨鼻,在地嚮導 · 13 則評論 · 21 張相片,2 週前,5 顆星,"114/03/29拜訪台南武聖夜市，很好逛，吃喝玩樂都有，去朝聖特殊糖葫蘆、買黃記辣脆腸、韓式海苔飯糰、銅板義大利麵等等⋯
1.辣脆腸調味吃出來有微甜後一點微辣，對我來說剛剛好（本身沒有另外加辣）
2.特殊糖葫蘆不敢嘗試，買了正常版的草莓🍓+白葡萄🤣 …",https://www.google.com/maps/contrib/108814096453153603770/reviews?hl=zh-TW
武聖夜市,邱仕睿,在地嚮導 · 21 則評論 · 912 張相片,2 週前,4 顆星,,https://www.google.com/maps/contrib/100071779569673066459/reviews?hl=zh-TW
武聖夜市,王jian,3 則評論 · 1 張相片,2 週前,5 顆星,好食，好逛,https://www.google.com/maps/contrib/105768134810809612082/reviews?hl=zh-TW
武聖夜市,聶清南,7 則評論,2 週前,5 顆星,,https://www.google.com/maps/contrib/103364114998095336886/reviews?hl=zh-TW
武聖夜市,謝瑞祺,6 則評論 · 15 張相片,2 週前,4 顆星,,https://www.google.com/maps/contrib/108160661830068378708/reviews?hl=zh-TW
武聖夜市,張喬清江,在地嚮導 · 9 則評論,2 週前,4 顆星,,https://www.google.com/maps/contrib/110894813382228088949/reviews?hl=zh-TW
武聖夜市,Ice寒,在地嚮導 · 21 則評論 · 2 張相片,2 週前,5 顆星,鴨肉羹好吃,https://www.google.com/maps/contrib/101899988465240103266/reviews?hl=zh-TW
武聖夜市,林小玲,16 則評論 · 5 張相片,2 週前,5 顆星,逛過一次後就很少再去花園夜市了😆武聖吃的美食比較多樣化而且也都好吃😋最喜歡去逛了 …,https://www.google.com/maps/contrib/114568624533000731590/reviews?hl=zh-TW
武聖夜市,游崇賢,在地嚮導 · 1 則評論 · 413 張相片,2 週前,3 顆星,,https://www.google.com/maps/contrib/110539220464459194009/reviews?hl=zh-TW
武聖夜市,Darram Guo,在地嚮導 · 4 則評論 · 64 張相片,2 週前,4 顆星,,https://www.google.com/maps/contrib/117779569537758889227/reviews?hl=zh-TW
武聖夜市,mindy Hsu,在地嚮導 · 128 則評論 · 863 張相片,2 週前,5 顆星,很多不一樣的好吃美食，很不錯且推薦的美食夜市喔！,https://www.google.com/maps/contrib/110041315402683556149/reviews?hl=zh-TW
武聖夜市,李小宏,在地嚮導 · 22 則評論,2 週前,4 顆星,對於外地的客人很難停車。但是管理的人員都有用心。,https://www.google.com/maps/contrib/105938510339992530488/reviews?hl=zh-TW
武聖夜市,瘋旅行,"在地嚮導 · 679 則評論 · 1,007 張相片",2 週前,5 顆星,👍🏻👍🏻👍🏻 …,https://www.google.com/maps/contrib/107071393649571320287/reviews?hl=zh-TW
武聖夜市,李鵝鵝,在地嚮導 · 24 則評論 · 21 張相片,2 週前,5 顆星,,https://www.google.com/maps/contrib/114511912399744168322/reviews?hl=zh-TW
武聖夜市,Yu Fang Liao,在地嚮導 · 9 則評論 · 37 張相片,2 週前,4 顆星,,https://www.google.com/maps/contrib/112612933455435280414/reviews?hl=zh-TW
武聖夜市,Q,"在地嚮導 · 2,069 則評論 · 3,890 張相片",2 週前,5 顆星,很大很多人多選擇 好玩好吃,https://www.google.com/maps/contrib/104743521368358306807/reviews?hl=zh-TW
武聖夜市,高世雄,在地嚮導 · 38 則評論 · 4 張相片,2 週前,5 顆星,,https://www.google.com/maps/contrib/117236092513816384175/reviews?hl=zh-TW
武聖夜市,miligowu,6 則評論 · 6 張相片,2 週前,5 顆星,"人山人海
幾乎每個美食攤都需要排隊，",https://www.google.com/maps/contrib/105681249239355655231/reviews?hl=zh-TW
武聖夜市,Wenchi Chen,在地嚮導 · 261 則評論 · 554 張相片,2 週前,4 顆星,,https://www.google.com/maps/contrib/110421448590838128621/reviews?hl=zh-TW
武聖夜市,蛋糕櫻桃,在地嚮導 · 61 則評論 · 4 張相片,2 週前,1 顆星,停車場指引的一堆89 ，偏恐怖,https://www.google.com/maps/contrib/112778760364107105276/reviews?hl=zh-TW
武聖夜市,YENHSIN CHAN,在地嚮導 · 143 則評論 · 17 張相片,2 週前,5 顆星,東西便宜又好吃，小東西也頗好買。,https://www.google.com/maps/contrib/110130593108189890677/reviews?hl=zh-TW
武聖夜市,張聰賢,在地嚮導 · 1 則評論 · 22 張相片,2 週前,4 顆星,,https://www.google.com/maps/contrib/105403278636108426974/reviews?hl=zh-TW
武聖夜市,JQ,在地嚮導 · 64 則評論 · 25 張相片,2 週前,5 顆星,好逛很吃好玩,https://www.google.com/maps/contrib/109349709573753069463/reviews?hl=zh-TW
武聖夜市,朱雅秋,在地嚮導 · 77 則評論 · 82 張相片,2 週前,1 顆星,清明連假4/5（六）與家人共騎3台機車去逛個夜市 警察在外面開紅單 業者也沒再注意廣播  荷包失血 真的有夠賭爛,https://www.google.com/maps/contrib/112596968375922638275/reviews?hl=zh-TW
武聖夜市,Ben Xiao,在地嚮導 · 36 則評論 · 30 張相片,2 週前,5 顆星,,https://www.google.com/maps/contrib/111173221872189895342/reviews?hl=zh-TW
武聖夜市,Jordan Sung (st1993821),9 則評論 · 1 張相片,2 週前,4 顆星,停車不是很方便,https://www.google.com/maps/contrib/113513285367833331015/reviews?hl=zh-TW
武聖夜市,王瓊薇,在地嚮導 · 26 則評論 · 269 張相片,3 週前,5 顆星,食物多元創新，也不乏傳統美味小吃,https://www.google.com/maps/contrib/111724927532361762426/reviews?hl=zh-TW
武聖夜市,Mamie Tsai,在地嚮導 · 44 則評論 · 126 張相片,3 週前,1 顆星,這家很難吃,https://www.google.com/maps/contrib/115923331828357393542/reviews?hl=zh-TW
武聖夜市,Wu Fang Fang,在地嚮導 · 113 則評論 · 190 張相片,3 週前,4 顆星,"台南夜市都長差不多，但這間夜市烤魚多到不知道吃那間好。
必吃：
善品排骨酥
拔絲芋頭.薯條.地瓜
小上海
二師兄滷味",https://www.google.com/maps/contrib/106105585251812235150/reviews?hl=zh-TW
武聖夜市,李俊華,在地嚮導 · 1 則評論,3 週前,1 顆星,,https://www.google.com/maps/contrib/110409156315060781416/reviews?hl=zh-TW
武聖夜市,王小琳,在地嚮導 · 43 則評論 · 69 張相片,3 週前,5 顆星,"非假日人潮也是非常擁擠，吃的東西非常多，重複性不算太多，網路上推薦就那幾家，但實際攤商非常多唷！素食的部分網路資訊也顯少相關攤位資訊，大家可以參考這篇唷！。
素食推薦：阿美嬤古早味鮮奶茶、黃金土豆餅（排很久，土豆餅要熱熱吃才更好吃）！
素食不推：韓國糖餅（包的糖跟肉桂粉未散開整塊整塊的黏在一起）。
素食其他可以吃：炸杏鮑菇、烤玉米、雞蛋糕、臭豆腐、鳥蛋、麵仔煎等。",https://www.google.com/maps/contrib/101357774826317827278/reviews?hl=zh-TW
武聖夜市,徐正文,,3 週前,5 顆星,,https://www.google.com/maps/contrib/110876441692904187796/reviews?hl=zh-TW
武聖夜市,楊煥龍,在地嚮導 · 33 則評論 · 179 張相片,3 週前,5 顆星,,https://www.google.com/maps/contrib/100848277496882400183/reviews?hl=zh-TW
武聖夜市,Nofi Suryana,在地嚮導 · 120 則評論 · 26 張相片,3 週前,5 顆星,,https://www.google.com/maps/contrib/109539599156450032978/reviews?hl=zh-TW
武聖夜市,Jamie,在地嚮導 · 182 則評論 · 68 張相片,3 週前,3 顆星,,https://www.google.com/maps/contrib/104606729210798434383/reviews?hl=zh-TW
武聖夜市,逆行者,,3 週前,5 顆星,,https://www.google.com/maps/contrib/118290400197357217427/reviews?hl=zh-TW
武聖夜市,宸男葉,在地嚮導 · 42 則評論 · 964 張相片,3 週前,4 顆星,,https://www.google.com/maps/contrib/113914159609100855663/reviews?hl=zh-TW
武聖夜市,Eason Chan,在地嚮導 · 47 則評論 · 5 張相片,3 週前,5 顆星,停車位多，不收費，廁所方便，種類多也蠻好吃的,https://www.google.com/maps/contrib/116253912633580992244/reviews?hl=zh-TW
武聖夜市,陳芷稐,在地嚮導 · 11 則評論 · 7 張相片,3 週前,5 顆星,,https://www.google.com/maps/contrib/112944690656356866234/reviews?hl=zh-TW
武聖夜市,張啟瑞,,3 週前,5 顆星,,https://www.google.com/maps/contrib/113526864256376921501/reviews?hl=zh-TW
武聖夜市,黃葶予,2 則評論,3 週前,5 顆星,,https://www.google.com/maps/contrib/105481272584823304971/reviews?hl=zh-TW
武聖夜市,Terry Lee,在地嚮導 · 66 則評論 · 196 張相片,3 週前,5 顆星,,https://www.google.com/maps/contrib/117588090616275312683/reviews?hl=zh-TW
武聖夜市,程琡芳,在地嚮導 · 12 則評論 · 39 張相片,3 週前,5 顆星,,https://www.google.com/maps/contrib/113355802095811777146/reviews?hl=zh-TW
武聖夜市,游順翔,在地嚮導 · 43 則評論 · 9 張相片,3 週前,5 顆星,,https://www.google.com/maps/contrib/104506462117978307273/reviews?hl=zh-TW
武聖夜市,Shihchun Huang,在地嚮導 · 44 則評論 · 9 張相片,3 週前,5 顆星,第一次造訪，還蠻好逛的，點了一尾烤魚，份量剛好，口味也適中，推薦大家可以來逛逛唷！,https://www.google.com/maps/contrib/113034677345786697256/reviews?hl=zh-TW
武聖夜市,陳孟伯,3 則評論 · 21 張相片,3 週前,5 顆星,,https://www.google.com/maps/contrib/103489124477201836456/reviews?hl=zh-TW
武聖夜市,張漢中,在地嚮導 · 230 則評論 · 5 張相片,3 週前,5 顆星,好吃好玩,https://www.google.com/maps/contrib/109474457139574883581/reviews?hl=zh-TW
武聖夜市,yoyoyo lai,在地嚮導 · 11 則評論 · 12 張相片,3 週前,5 顆星,,https://www.google.com/maps/contrib/109124350032761648370/reviews?hl=zh-TW
武聖夜市,吳小如,在地嚮導 · 9 則評論 · 1 張相片,3 週前,5 顆星,好逛好吃好買 連假人太多,https://www.google.com/maps/contrib/116256372850901181095/reviews?hl=zh-TW
武聖夜市,Sunny Yeh,在地嚮導 · 140 則評論 · 19 張相片,3 週前,1 顆星,"晚上10點半還一堆人，非常誇張，停車場動線不佳，明明還有空位，但管理員就把入口封住，不讓車輛停了。附近停車場也都停好停滿。

從北部慕名而來的直接撲了個空。",https://www.google.com/maps/contrib/101268925323070083159/reviews?hl=zh-TW
武聖夜市,田志豪,"在地嚮導 · 928 則評論 · 2,142 張相片",3 週前,5 顆星,台南最有年份的老夜市之一.好逛.好賣.又好吃.好玩~,https://www.google.com/maps/contrib/113464952311502378136/reviews?hl=zh-TW
武聖夜市,許浩庭,在地嚮導 · 18 則評論 · 18 張相片,3 週前,5 顆星,,https://www.google.com/maps/contrib/114779423791680412096/reviews?hl=zh-TW
武聖夜市,曾文光,在地嚮導 · 5 則評論 · 8 張相片,3 週前,3 顆星,,https://www.google.com/maps/contrib/115408915724825154772/reviews?hl=zh-TW
武聖夜市,隆,在地嚮導 · 34 則評論 · 2 張相片,3 週前,5 顆星,,https://www.google.com/maps/contrib/117661614002062877745/reviews?hl=zh-TW
武聖夜市,syuan wu,在地嚮導 · 118 則評論 · 737 張相片,3 週前,4 顆星,"外帶餐點

土豆餅：1份60$，排1小時以上，但吃起來蠻普通的，就油煎的大塊薯餅，個人感覺因為不是重覆性攤位，所以才造成很熱門，有吃過就好。
2、黃金雲吞：小份（5顆）50$，好吃，外皮酥脆，味道也不錯，排土豆餅時，太餓，來不急留照。
3、阿堯師雞蛋糕：1份（3個）30$，奶油口味，好吃，內餡飽滿，微甜。
九零年賣滷味：雞翅7隻100$，魚豆腐、豆皮2份、娃娃菜1株、玉米筍、豬舌 好吃。共230$
施子韓國烤肉捲：1份70，夾在裡面的泡菜有點弱，不酸不辣。
4、古玥茶：青草紅茶45$，微糖微冰，好喝。
1、油潑麵：1份90$
內容；寬麵，1顆滷蛋、2片菜、豆芽菜、白芝麻、肉末。
調醬微酸香辣，開胃，肉末很香，有控肉味。
比較適合在夜市內吃，外帶回家，麵會結塊。",https://www.google.com/maps/contrib/104729189293120947795/reviews?hl=zh-TW
武聖夜市,陳柏諺,"在地嚮導 · 368 則評論 · 4,076 張相片",3 週前,5 顆星,"讚讚啦
第一次來
真的好逛又好吃☺️",https://www.google.com/maps/contrib/104782447854753633730/reviews?hl=zh-TW
武聖夜市,洪永霖,2 則評論 · 13 張相片,3 週前,5 顆星,,https://www.google.com/maps/contrib/104132643473631530431/reviews?hl=zh-TW
武聖夜市,許家睿,4 則評論 · 3 張相片,3 週前,5 顆星,,https://www.google.com/maps/contrib/106369130653664497531/reviews?hl=zh-TW
武聖夜市,黃暐庭,在地嚮導 · 16 則評論 · 2 張相片,3 週前,5 顆星,人很多，可是好逛,https://www.google.com/maps/contrib/102947809345324400492/reviews?hl=zh-TW
武聖夜市,max wu,"在地嚮導 · 321 則評論 · 3,354 張相片",3 週前,4 顆星,人很多…,https://www.google.com/maps/contrib/103983701755283855258/reviews?hl=zh-TW
武聖夜市,CongHan Chen,在地嚮導 · 12 則評論 · 9 張相片,3 週前,5 顆星,週末逛夜市的好地方,https://www.google.com/maps/contrib/114492784449327168368/reviews?hl=zh-TW
武聖夜市,王正宇,在地嚮導 · 16 則評論 · 10 張相片,3 週前,5 顆星,動線很亂,https://www.google.com/maps/contrib/107545694923209936698/reviews?hl=zh-TW
武聖夜市,亀山夏樹,在地嚮導 · 117 則評論 · 515 張相片,3 週前,5 顆星,,https://www.google.com/maps/contrib/113376787513959503708/reviews?hl=zh-TW
武聖夜市,曾家祥,6 則評論 · 3 張相片,3 週前,1 顆星,停車真的不方便，我繞了2圈汽車都無法進停車場,https://www.google.com/maps/contrib/104899648129676904662/reviews?hl=zh-TW
武聖夜市,楊閔丞,3 則評論 · 1 張相片,3 週前,1 顆星,停車場規範路線不好,https://www.google.com/maps/contrib/115492992118993669342/reviews?hl=zh-TW
武聖夜市,林柏榕,在地嚮導 · 14 則評論 · 12 張相片,3 週前,5 顆星,,https://www.google.com/maps/contrib/100887204073340398330/reviews?hl=zh-TW
武聖夜市,吳清霖,在地嚮導 · 8 則評論 · 42 張相片,3 週前,5 顆星,,https://www.google.com/maps/contrib/117036436578475782356/reviews?hl=zh-TW
武聖夜市,Allie Lin,在地嚮導 · 164 則評論 · 225 張相片,3 週前,5 顆星,招牌烤魚和沙威瑪 外圍牛肉湯和麻油麵線好吃,https://www.google.com/maps/contrib/103800610192622447787/reviews?hl=zh-TW
武聖夜市,Meiling Hsiao,4 則評論 · 3 張相片,3 週前,5 顆星,,https://www.google.com/maps/contrib/100261692732585626798/reviews?hl=zh-TW
武聖夜市,黃君,9 則評論,3 週前,4 顆星,真心推薦！外國朋友想品嚐台灣臭豆腐，一定要吃酵素臭豆腐，不用狼吞虎嚥停止呼吸的說好吃，可以細嚼慢嚥的品嚐，才是真正的美食，是不臭的酵素酵素臭豆腐哦,https://www.google.com/maps/contrib/101437503238400264806/reviews?hl=zh-TW
武聖夜市,鄭宏隆,在地嚮導 · 7 則評論 · 1 張相片,3 週前,5 顆星,,https://www.google.com/maps/contrib/110070608740145835456/reviews?hl=zh-TW
武聖夜市,陳道正,在地嚮導 · 203 則評論 · 354 張相片,3 週前,5 顆星,,https://www.google.com/maps/contrib/113825861143856213890/reviews?hl=zh-TW
武聖夜市,os D,10 則評論 · 10 張相片,3 週前,5 顆星,,https://www.google.com/maps/contrib/114876328212268566052/reviews?hl=zh-TW
武聖夜市,Jimmy,在地嚮導 · 15 則評論 · 7 張相片,3 週前,5 顆星,,https://www.google.com/maps/contrib/104636158864478929866/reviews?hl=zh-TW
武聖夜市,艾薇兒,在地嚮導 · 16 則評論 · 4 張相片,3 週前,5 顆星,我給五顆星是要給籃球換娃娃的帥哥年輕老闆，他對小朋友真的好親切，跑這麼多夜市的我沒遇過這麼好的老闆～,https://www.google.com/maps/contrib/101870779562432228172/reviews?hl=zh-TW
武聖夜市,蕎,在地嚮導 · 17 則評論,3 週前,5 顆星,,https://www.google.com/maps/contrib/100818646840697638799/reviews?hl=zh-TW
武聖夜市,李宥萲,9 則評論 · 2 張相片,3 週前,5 顆星,很多好吃的食物,https://www.google.com/maps/contrib/106896917613415139593/reviews?hl=zh-TW
武聖夜市,林泳甄,在地嚮導 · 52 則評論 · 24 張相片,3 週前,5 顆星,有其他縣市夜市沒有的遊戲攤位。射箭攤很有趣。,https://www.google.com/maps/contrib/117482712369573574573/reviews?hl=zh-TW
武聖夜市,S.C Wang,在地嚮導 · 18 則評論 · 18 張相片,3 週前,4 顆星,,https://www.google.com/maps/contrib/103990745258903983533/reviews?hl=zh-TW
武聖夜市,cookie.,在地嚮導 · 29 則評論 · 14 張相片,3 週前,5 顆星,很棒，超多好吃的小吃,https://www.google.com/maps/contrib/112482379255072869898/reviews?hl=zh-TW
武聖夜市,黃名禮,在地嚮導 · 139 則評論 · 131 張相片,3 週前,5 顆星,好逛停車方便美食玩樂應有盡有,https://www.google.com/maps/contrib/110674982309060720923/reviews?hl=zh-TW
武聖夜市,heng heng,在地嚮導 · 64 則評論 · 25 張相片,3 週前,5 顆星,,https://www.google.com/maps/contrib/114963911673851919629/reviews?hl=zh-TW
武聖夜市,楊三哥（A SUN GO）,"在地嚮導 · 1,050 則評論 · 13,310 張相片",3 週前,4 顆星,來臺南都會去逛的夜市，很整齊也乾淨，而且動線不錯的夜市。,https://www.google.com/maps/contrib/100422418875091366879/reviews?hl=zh-TW
武聖夜市,余峻睿,在地嚮導 · 4 則評論,3 週前,4 顆星,,https://www.google.com/maps/contrib/102021850743748946100/reviews?hl=zh-TW
武聖夜市,Yu Shuo Zeng,在地嚮導 · 44 則評論 · 8 張相片,3 週前,1 顆星,停車場動線超差，癱瘓附近交通，塞一整圈結果排到入口還要靠運氣才能進去停車，標示或工作人員指示也不明確一點，讓一堆車一直在小條巷子轉圈圈真的有夠爛。,https://www.google.com/maps/contrib/113121420385793498021/reviews?hl=zh-TW
武聖夜市,ezeerf,6 則評論 · 3 張相片,3 週前,5 顆星,,https://www.google.com/maps/contrib/102959419072073405708/reviews?hl=zh-TW
武聖夜市,林淑貞,在地嚮導 · 233 則評論 · 750 張相片,3 週前,4 顆星,台南市武聖夜市 ，在清明節連假期間，人潮非常多、多家攤位可供選擇。糖葫蘆綜合水果口味、東山鴨頭、紅豆冰熱麻糬、百香果甘草口味芭樂、檸檬甘草口味芭樂、土耳其牛肉捲餅、土耳其雞肉捲餅，都好吃。今天有特別的表演，欣賞了街頭藝人的扯鈴精彩演出並且給予支持獎勵。,https://www.google.com/maps/contrib/111998291263412324058/reviews?hl=zh-TW
武聖夜市,Eddy Kuo,在地嚮導 · 45 則評論 · 2 張相片,3 週前,5 顆星,,https://www.google.com/maps/contrib/100308623994680858740/reviews?hl=zh-TW
武聖夜市,Luo Sz,5 則評論,3 週前,5 顆星,,https://www.google.com/maps/contrib/101861430572250073660/reviews?hl=zh-TW
武聖夜市,enyus薫,9 則評論 · 1 張相片,3 週前,4 顆星,好吃的東西不少，不錯的小夜市,https://www.google.com/maps/contrib/106964119873861023955/reviews?hl=zh-TW
武聖夜市,黃德君,在地嚮導 · 13 則評論 · 8 張相片,3 週前,5 顆星,個人覺得遊戲場旁的大腸包小腸不怎麼好吃😓 …,https://www.google.com/maps/contrib/111887362984740397006/reviews?hl=zh-TW
武聖夜市,郭東興,在地嚮導 · 42 則評論 · 87 張相片,3 週前,5 顆星,12師傅，人美，按摩很棒👍推推 …,https://www.google.com/maps/contrib/108149077156750642220/reviews?hl=zh-TW
武聖夜市,李敏瑄,在地嚮導 · 34 則評論 · 24 張相片,3 週前,5 顆星,沒有花園擠,https://www.google.com/maps/contrib/114187301293794976864/reviews?hl=zh-TW
武聖夜市,邱崑山,1 則評論,3 週前,5 顆星,,https://www.google.com/maps/contrib/115395160802104475668/reviews?hl=zh-TW
武聖夜市,H. G,在地嚮導 · 35 則評論 · 104 張相片,3 週前,4 顆星,,https://www.google.com/maps/contrib/115533868162939107852/reviews?hl=zh-TW
武聖夜市,Ming Go,在地嚮導 · 51 則評論 · 4 張相片,3 週前,3 顆星,不是很好逛，不好停車，攤位走道太窄擁擠,https://www.google.com/maps/contrib/108384164305397477329/reviews?hl=zh-TW
武聖夜市,蔡伊婷,在地嚮導 · 17 則評論 · 55 張相片,3 週前,5 顆星,,https://www.google.com/maps/contrib/117650714835615599126/reviews?hl=zh-TW
武聖夜市,胡倧頡,11 則評論 · 3 張相片,3 週前,3 顆星,,https://www.google.com/maps/contrib/106415333745969458854/reviews?hl=zh-TW
武聖夜市,Chen Jamie,在地嚮導 · 22 則評論 · 1 張相片,3 週前,5 顆星,,https://www.google.com/maps/contrib/112286373778963184507/reviews?hl=zh-TW
武聖夜市,Jerry (傳敦),在地嚮導 · 53 則評論 · 66 張相片,3 週前,5 顆星,"食物美味！
人多，但出餐速度快～",https://www.google.com/maps/contrib/106896090179789940744/reviews?hl=zh-TW
武聖夜市,洪小聿,在地嚮導 · 20 則評論 · 43 張相片,3 週前,5 顆星,從小到大回味無窮的夜市，三十年以上的老攤好幾個，還好花園夜市幫忙帶走一點人潮，現在人雖多但行走順暢，不錯不錯～,https://www.google.com/maps/contrib/118085162667537515559/reviews?hl=zh-TW
武聖夜市,Wang Lily,在地嚮導 · 88 則評論 · 202 張相片,3 週前,5 顆星,"好吃好好玩～
完全不輸花園～
只是越晚人真的爆炸多😅😅😅 …",https://www.google.com/maps/contrib/114253635031265439407/reviews?hl=zh-TW
武聖夜市,Icky R,在地嚮導 · 6 則評論 · 2 張相片,3 週前,5 顆星,,https://www.google.com/maps/contrib/109446652184474235538/reviews?hl=zh-TW
武聖夜市,楊志中,在地嚮導 · 7 則評論 · 40 張相片,3 週前,1 顆星,"浪費時間排隊停車 排個寂寞 果斷離開,夜市台南很",https://www.google.com/maps/contrib/105335718821857254381/reviews?hl=zh-TW
武聖夜市,吳宗勳,"在地嚮導 · 351 則評論 · 4,418 張相片",3 週前,5 顆星,"台南老字號的觀光夜市，20幾年前來的時候，人聲鼎沸，攤位非常多，後來陸陸續續有其他的夜市加入競爭，特別是花園夜市的異軍突起，加上營業時間又重複，所以讓武聖夜市的人潮有被瓜分，以及一些商家為了獲得更多客源，再重複時間會選擇到花園夜市，但是這樣正合我意，因為就不用和這麼大批的人潮擠來擠去，反而比較舒服呢！
每次到武聖夜市一定會去吃大腸包香腸，這一攤的特色就是有很多配料可以選擇，包括大蒜、洋蔥、小黃瓜、醃蘿蔔，cp值很高，第二攤是沙茶魷魚羹麵，魷魚🦑Q彈，麵條好吃，老闆調配的更是一絕，每次吃完都很想再吃，但是理智告訴我不可以，其他還有麻辣魚丸、炭烤香雞排、炸杏鮑菇等等等，都是好吃的選擇喔！",https://www.google.com/maps/contrib/102166141186034845233/reviews?hl=zh-TW
武聖夜市,謝岳璇,在地嚮導 · 40 則評論 · 29 張相片,3 週前,5 顆星,"比較不觀光的夜市，親子很適合
有新加很多遊樂器材
大人小孩都可以玩也很多美食",https://www.google.com/maps/contrib/116687814926525655292/reviews?hl=zh-TW
武聖夜市,蔡小姐,在地嚮導 · 30 則評論 · 16 張相片,3 週前,5 顆星,食物種類多元，非常推薦糖葫蘆，也有釣魚釣蝦逛街的攤販,https://www.google.com/maps/contrib/108056327295142516416/reviews?hl=zh-TW
武聖夜市,謝志明,2 則評論,3 週前,5 顆星,,https://www.google.com/maps/contrib/108610720667176771432/reviews?hl=zh-TW
武聖夜市,林昌志,2 則評論 · 2 張相片,3 週前,4 顆星,,https://www.google.com/maps/contrib/114623731367271115972/reviews?hl=zh-TW
武聖夜市,謝噗豬,26 則評論 · 8 張相片,3 週前,5 顆星,,https://www.google.com/maps/contrib/115405043010014909818/reviews?hl=zh-TW
武聖夜市,江敏慧（Anna Min）,"在地嚮導 · 1,618 則評論 · 17,258 張相片",3 週前,5 顆星,熱鬧,https://www.google.com/maps/contrib/101352896256279625090/reviews?hl=zh-TW
武聖夜市,Simon Lin,在地嚮導 · 23 則評論 · 7 張相片,3 週前,5 顆星,,https://www.google.com/maps/contrib/100005050131909905689/reviews?hl=zh-TW
武聖夜市,JIA-HUA HWU,9 則評論,3 週前,5 顆星,,https://www.google.com/maps/contrib/102073676537325297480/reviews?hl=zh-TW
武聖夜市,洪悅齡,在地嚮導 · 22 則評論 · 20 張相片,3 週前,5 顆星,台南必逛！,https://www.google.com/maps/contrib/116021440114138532589/reviews?hl=zh-TW
武聖夜市,張雅婷,5 則評論 · 7 張相片,3 週前,5 顆星,,https://www.google.com/maps/contrib/100849464067624168658/reviews?hl=zh-TW
武聖夜市,Alana Chen,"在地嚮導 · 686 則評論 · 4,553 張相片",3 週前,5 顆星,食物種類豐富 重複性不高,https://www.google.com/maps/contrib/116522338719139289057/reviews?hl=zh-TW
武聖夜市,陳宇憲,13 則評論 · 10 張相片,3 週前,4 顆星,,https://www.google.com/maps/contrib/111591922099965467032/reviews?hl=zh-TW
武聖夜市,purplez Wang,在地嚮導 · 33 則評論 · 2 張相片,3 週前,4 顆星,,https://www.google.com/maps/contrib/104456219624289311067/reviews?hl=zh-TW
武聖夜市,杏華張,在地嚮導 · 17 則評論 · 36 張相片,4 週前,5 顆星,,https://www.google.com/maps/contrib/100912806656400135255/reviews?hl=zh-TW
武聖夜市,李婕,4 則評論 · 3 張相片,4 週前,5 顆星,,https://www.google.com/maps/contrib/110075771090237545539/reviews?hl=zh-TW
武聖夜市,Sharon Lin,在地嚮導 · 96 則評論 · 16 張相片,4 週前,5 顆星,不錯 人很多,https://www.google.com/maps/contrib/108630684884937104790/reviews?hl=zh-TW
武聖夜市,Bei Xiaozhen,2 則評論 · 1 張相片,4 週前,5 顆星,,https://www.google.com/maps/contrib/103854022988505285592/reviews?hl=zh-TW
武聖夜市,彭新銘,在地嚮導 · 6 則評論 · 19 張相片,4 週前,5 顆星,,https://www.google.com/maps/contrib/108191168650352745602/reviews?hl=zh-TW
武聖夜市,Chen Sam,在地嚮導 · 7 則評論 · 125 張相片,4 週前,5 顆星,,https://www.google.com/maps/contrib/104967780662743686646/reviews?hl=zh-TW
武聖夜市,Reborn紅豆,在地嚮導 · 47 則評論 · 29 張相片,4 週前,5 顆星,"攤販跟好幾年前比起來真的多很多家🤩
變得挺好玩的 …",https://www.google.com/maps/contrib/111977710755494355293/reviews?hl=zh-TW
武聖夜市,馮姿容,在地嚮導 · 12 則評論 · 3 張相片,4 週前,5 顆星,,https://www.google.com/maps/contrib/115729008473321510245/reviews?hl=zh-TW
武聖夜市,CHIEH-KENG HSIAO,在地嚮導 · 42 則評論 · 5 張相片,4 週前,4 顆星,發現很多新口味的小吃,https://www.google.com/maps/contrib/105722401299358989479/reviews?hl=zh-TW
武聖夜市,蔡國忠,在地嚮導 · 50 則評論,4 週前,5 顆星,還不錯的夜市，只是人車共道，有些危險,https://www.google.com/maps/contrib/106500436834737164974/reviews?hl=zh-TW
武聖夜市,Sweet Love,在地嚮導 · 56 則評論 · 139 張相片,4 週前,2 顆星,餐食種類重覆性高，停車場指揮不佳。唯一覺得好吃的餐點,https://www.google.com/maps/contrib/107274320538165735984/reviews?hl=zh-TW
武聖夜市,黃偉綸,在地嚮導 · 21 則評論 · 28 張相片,4 週前,5 顆星,"武聖夜市🏮
好推這間糖葫蘆
小弟我對糖葫蘆一點興趣都沒有 …",https://www.google.com/maps/contrib/110276368025739760431/reviews?hl=zh-TW
武聖夜市,Anna Tang,,4 週前,5 顆星,,https://www.google.com/maps/contrib/108869572104552148224/reviews?hl=zh-TW
武聖夜市,shine yen,在地嚮導 · 59 則評論 · 48 張相片,4 週前,5 顆星,攤位豐富多樣，有超大停車場,https://www.google.com/maps/contrib/116926583169569800542/reviews?hl=zh-TW
武聖夜市,小火車,在地嚮導 · 28 則評論 · 476 張相片,4 週前,5 顆星,,https://www.google.com/maps/contrib/104549497049844099866/reviews?hl=zh-TW
武聖夜市,CC,在地嚮導 · 4 則評論,4 週前,3 顆星,一般的台南夜市,https://www.google.com/maps/contrib/117898137393485137463/reviews?hl=zh-TW
武聖夜市,施伯穎,在地嚮導 · 148 則評論 · 309 張相片,4 週前,5 顆星,夜市很乾淨,https://www.google.com/maps/contrib/106462986411620540809/reviews?hl=zh-TW
武聖夜市,楊過,,4 週前,5 顆星,,https://www.google.com/maps/contrib/104503013813940660652/reviews?hl=zh-TW
武聖夜市,Kaz zz,在地嚮導 · 26 則評論 · 327 張相片,4 週前,2 顆星,,https://www.google.com/maps/contrib/106356113612915439787/reviews?hl=zh-TW
武聖夜市,曾嘉嘉,在地嚮導 · 40 則評論 · 52 張相片,4 週前,5 顆星,雞排好吃 但是台南太甜了！！！,https://www.google.com/maps/contrib/112240497844451837333/reviews?hl=zh-TW
武聖夜市,蔡瑞文,在地嚮導 · 38 則評論 · 39 張相片,4 週前,5 顆星,,https://www.google.com/maps/contrib/110593366575280855878/reviews?hl=zh-TW
武聖夜市,黃耀賢,2 則評論 · 5 張相片,1 個月前,4 顆星,,https://www.google.com/maps/contrib/109925196047800485421/reviews?hl=zh-TW
武聖夜市,SingRing Shyy,在地嚮導 · 11 則評論 · 31 張相片,1 個月前,5 顆星,,https://www.google.com/maps/contrib/115920082116603718943/reviews?hl=zh-TW
武聖夜市,Kong Yong Foo,"在地嚮導 · 296 則評論 · 4,847 張相片",1 個月前,5 顆星,"另一個值得參觀的夜市和街頭美食都很棒。
買了很多街頭小吃並喝啤酒。",https://www.google.com/maps/contrib/111421816242933094229/reviews?hl=zh-TW
武聖夜市,Nick Chris,在地嚮導 · 18 則評論,1 個月前,5 顆星,,https://www.google.com/maps/contrib/102954926520969636331/reviews?hl=zh-TW
武聖夜市,奇端許,在地嚮導 · 36 則評論,1 個月前,5 顆星,好吃 不貴,https://www.google.com/maps/contrib/115342584840141071393/reviews?hl=zh-TW
武聖夜市,李足慧,在地嚮導 · 17 則評論 · 6 張相片,1 個月前,5 顆星,,https://www.google.com/maps/contrib/114064731620066358135/reviews?hl=zh-TW
武聖夜市,陳怡伶,19 則評論 · 3 張相片,1 個月前,1 顆星,指揮交通的每一個工作人員 態度都超差 換了人經營連工作人員素質也降低 還是懷念以前的武聖,https://www.google.com/maps/contrib/111689532754197814025/reviews?hl=zh-TW
武聖夜市,李育亭,4 則評論,1 個月前,5 顆星,有一間阿北開的杏鮑菇超級好吃 連冷掉都好吃,https://www.google.com/maps/contrib/114642739554664117627/reviews?hl=zh-TW
武聖夜市,Roy Roy,在地嚮導 · 6 則評論 · 197 張相片,1 個月前,5 顆星,,https://www.google.com/maps/contrib/118062665892610656425/reviews?hl=zh-TW
武聖夜市,shih missys lin tony,在地嚮導 · 18 則評論 · 95 張相片,1 個月前,5 顆星,,https://www.google.com/maps/contrib/114515080517044634069/reviews?hl=zh-TW
武聖夜市,邱雅蘭,在地嚮導 · 19 則評論,1 個月前,5 顆星,,https://www.google.com/maps/contrib/117288487797093754397/reviews?hl=zh-TW
武聖夜市,wei jian,2 則評論 · 1 張相片,1 個月前,5 顆星,,https://www.google.com/maps/contrib/106238186460594366581/reviews?hl=zh-TW
武聖夜市,CH小布,2 則評論 · 1 張相片,1 個月前,5 顆星,,https://www.google.com/maps/contrib/104349276032529854450/reviews?hl=zh-TW
武聖夜市,比比,在地嚮導 · 27 則評論 · 84 張相片,1 個月前,5 顆星,,https://www.google.com/maps/contrib/107933933681299479806/reviews?hl=zh-TW
武聖夜市,翁國倫,在地嚮導 · 7 則評論 · 91 張相片,1 個月前,4 顆星,,https://www.google.com/maps/contrib/106806854482421955658/reviews?hl=zh-TW
武聖夜市,陳俞憲,在地嚮導 · 33 則評論,1 個月前,4 顆星,好逛,https://www.google.com/maps/contrib/109520591887172725507/reviews?hl=zh-TW
武聖夜市,Yanghsuan Kuo (Wendy),在地嚮導 · 172 則評論 · 470 張相片,1 個月前,5 顆星,"之前比較少來武聖夜市 沒想到這麼厲害
週三來人潮不會太多 逛起來還蠻舒服

中間那條是服飾
離停車場最遠的則是遊戲攤一條街

其他幾乎都是小吃攤
臺南人怎麼那麼愛吃啊！！
但吃得很過癮 謝謝",https://www.google.com/maps/contrib/103172536925452791002/reviews?hl=zh-TW
武聖夜市,瑜,1 則評論 · 3 張相片,1 個月前,5 顆星,,https://www.google.com/maps/contrib/106779192945573168194/reviews?hl=zh-TW
武聖夜市,Min Queen,在地嚮導 · 23 則評論 · 1 張相片,1 個月前,5 顆星,,https://www.google.com/maps/contrib/101763778779020196361/reviews?hl=zh-TW
武聖夜市,蔡榮展,在地嚮導 · 31 則評論 · 8 張相片,1 個月前,4 顆星,,https://www.google.com/maps/contrib/111188762158590167181/reviews?hl=zh-TW
武聖夜市,黃先生,在地嚮導 · 129 則評論 · 83 張相片,1 個月前,5 顆星,攤位位置有做些微調整，增加了一些內用座位區。,https://www.google.com/maps/contrib/100286706848667934549/reviews?hl=zh-TW
武聖夜市,rating wu,在地嚮導 · 103 則評論 · 290 張相片,1 個月前,5 顆星,超級熱鬧的大型夜市，非常值得一逛,https://www.google.com/maps/contrib/113617492369016794522/reviews?hl=zh-TW
武聖夜市,youyu tian,在地嚮導 · 10 則評論 · 49 張相片,1 個月前,5 顆星,,https://www.google.com/maps/contrib/112529877404536571024/reviews?hl=zh-TW
武聖夜市,超商怪人,在地嚮導 · 65 則評論 · 72 張相片,1 個月前,5 顆星,"最愛的臺南夜市！
賣得攤位跟北部差很多，逛起來很開心！
假日人潮非常多，每一攤都好便宜！又好吃！下次一定要來吃烤魚！
太愛臺南的夜市了！",https://www.google.com/maps/contrib/103114535135498832439/reviews?hl=zh-TW
武聖夜市,許嘉容,在地嚮導 · 11 則評論 · 1 張相片,1 個月前,5 顆星,,https://www.google.com/maps/contrib/106523742449899168536/reviews?hl=zh-TW
武聖夜市,kiki Hong,在地嚮導 · 24 則評論 · 8 張相片,1 個月前,5 顆星,停車場蠻大的,https://www.google.com/maps/contrib/100784920058131858360/reviews?hl=zh-TW
武聖夜市,Gi Gi,2 則評論 · 2 張相片,1 個月前,5 顆星,停車有點災難外，東西都很好吃，而且重複性不高，相較花園夜市，我更推薦武聖,https://www.google.com/maps/contrib/105237132292796826235/reviews?hl=zh-TW
武聖夜市,Adam Chen,在地嚮導 · 44 則評論 · 428 張相片,1 個月前,3 顆星,,https://www.google.com/maps/contrib/117951051794802525203/reviews?hl=zh-TW
武聖夜市,詹蕙慈,6 則評論 · 5 張相片,1 個月前,5 顆星,,https://www.google.com/maps/contrib/105738625579669007231/reviews?hl=zh-TW
武聖夜市,洪健晉,在地嚮導 · 20 則評論 · 10 張相片,1 個月前,5 顆星,很有南部夜市的氣氛,https://www.google.com/maps/contrib/103891300310500282157/reviews?hl=zh-TW
武聖夜市,Syuan .k,在地嚮導 · 88 則評論 · 45 張相片,1 個月前,5 顆星,好停車、攤位規劃的很好,https://www.google.com/maps/contrib/109830438048211068897/reviews?hl=zh-TW
武聖夜市,陳慧君,8 則評論 · 1 張相片,1 個月前,5 顆星,東西好吃但排隊要排很久,https://www.google.com/maps/contrib/110463037638789133793/reviews?hl=zh-TW
武聖夜市,Jackie Huang,在地嚮導 · 20 則評論 · 71 張相片,1 個月前,5 顆星,,https://www.google.com/maps/contrib/107389116132564683727/reviews?hl=zh-TW
武聖夜市,汪楷,在地嚮導 · 10 則評論 · 16 張相片,1 個月前,4 顆星,,https://www.google.com/maps/contrib/115458620957599905579/reviews?hl=zh-TW
武聖夜市,Allen Yang,13 則評論 · 9 張相片,1 個月前,5 顆星,,https://www.google.com/maps/contrib/111635351865269779554/reviews?hl=zh-TW
武聖夜市,peijung Wu,在地嚮導 · 50 則評論 · 148 張相片,1 個月前,5 顆星,好玩好多美食的在地夜市！,https://www.google.com/maps/contrib/117944510000642477714/reviews?hl=zh-TW
武聖夜市,Sugar有機,"在地嚮導 · 20 則評論 · 7,804 張相片",1 個月前,5 顆星,,https://www.google.com/maps/contrib/104548220522414251531/reviews?hl=zh-TW
武聖夜市,陳現代,在地嚮導 · 228 則評論 · 82 張相片,1 個月前,5 顆星,台南算很久的夜市規劃的不錯停車也方便 裡面賣的東西 也都蠻有特色的,https://www.google.com/maps/contrib/101767672339653415141/reviews?hl=zh-TW
武聖夜市,三代爺（三代鬼徹）,在地嚮導,1 個月前,5 顆星,,https://www.google.com/maps/contrib/110144497820244138714/reviews?hl=zh-TW
武聖夜市,江鎧均Enzo,"在地嚮導 · 92 則評論 · 1,368 張相片",1 個月前,5 顆星,假日人潮超多 熱鬧熱情美食多,https://www.google.com/maps/contrib/105166296076119897369/reviews?hl=zh-TW
武聖夜市,劉素青,在地嚮導 · 21 則評論 · 11 張相片,1 個月前,5 顆星,,https://www.google.com/maps/contrib/109207849811979438082/reviews?hl=zh-TW
武聖夜市,Hong우,在地嚮導 · 171 則評論 · 84 張相片,1 個月前,4 顆星,我喜歡我們國家古老的石油市場的感覺。,https://www.google.com/maps/contrib/110880232447731092955/reviews?hl=zh-TW
武聖夜市,游昌偉,2 則評論 · 2 張相片,1 個月前,4 顆星,好玩好吃,https://www.google.com/maps/contrib/107301516976329567733/reviews?hl=zh-TW
武聖夜市,T.C13,在地嚮導 · 7 則評論 · 2 張相片,1 個月前,5 顆星,"很好逛
攤子各有特色",https://www.google.com/maps/contrib/103931183032889549480/reviews?hl=zh-TW
武聖夜市,Judy Chu,在地嚮導 · 9 則評論 · 21 張相片,1 個月前,5 顆星,,https://www.google.com/maps/contrib/117235957120782565389/reviews?hl=zh-TW
武聖夜市,Peter Sen,4 則評論 · 3 張相片,1 個月前,5 顆星,,https://www.google.com/maps/contrib/102697659517127238099/reviews?hl=zh-TW
武聖夜市,成大學生,在地嚮導 · 254 則評論 · 68 張相片,1 個月前,4 顆星,"食物還行，不好停車。
走道太擠",https://www.google.com/maps/contrib/113938256109233010262/reviews?hl=zh-TW
武聖夜市,lihsun Chang,"在地嚮導 · 157 則評論 · 2,032 張相片",1 個月前,4 顆星,,https://www.google.com/maps/contrib/107240219611478567875/reviews?hl=zh-TW
武聖夜市,虞琍,在地嚮導 · 34 則評論 · 14 張相片,1 個月前,1 顆星,停車場人員口氣差！好像欠他們錢一樣！不知道在兇幾點！好好說話不會嗎？跟流氓一樣，看了評論，果不其然一顆星都是獻給他們了呢,https://www.google.com/maps/contrib/115640790843122622623/reviews?hl=zh-TW
武聖夜市,yu uei Lee,在地嚮導 · 8 則評論 · 263 張相片,1 個月前,4 顆星,,https://www.google.com/maps/contrib/110503714189660942389/reviews?hl=zh-TW
武聖夜市,鄭雅慧,2 則評論,1 個月前,4 顆星,逛夜市好吃的滷味和臭豆腐十烤吳郭魚、吃太多逛不完,https://www.google.com/maps/contrib/104170709074447540548/reviews?hl=zh-TW
武聖夜市,劉玟玟,在地嚮導 · 9 則評論 · 6 張相片,1 個月前,5 顆星,,https://www.google.com/maps/contrib/101801372468723055342/reviews?hl=zh-TW
武聖夜市,王子,在地嚮導 · 61 則評論 · 1 張相片,1 個月前,4 顆星,,https://www.google.com/maps/contrib/107826360222489550034/reviews?hl=zh-TW
武聖夜市,David Ong,在地嚮導 · 25 則評論 · 465 張相片,1 個月前,4 顆星,,https://www.google.com/maps/contrib/100954354432100101588/reviews?hl=zh-TW
武聖夜市,Alex Rudenko,在地嚮導 · 31 則評論 · 114 張相片,1 個月前,5 顆星,,https://www.google.com/maps/contrib/103330612414912960980/reviews?hl=zh-TW
武聖夜市,張家瑋,在地嚮導 · 221 則評論 · 549 張相片,1 個月前,5 顆星,吃過章魚小丸子最便宜的夜市,https://www.google.com/maps/contrib/109726326418266365302/reviews?hl=zh-TW
武聖夜市,郭恩容,在地嚮導 · 81 則評論 · 349 張相片,1 個月前,5 顆星,大小適中，已含有各種美味在其中，也比較不擁擠。烤玉米、吉拿棒、香甜玉米、雞蛋糕、排骨酥、烤魚，都是常買的食物。,https://www.google.com/maps/contrib/111651345219390391994/reviews?hl=zh-TW
武聖夜市,鄭皓元,在地嚮導 · 18 則評論 · 7 張相片,1 個月前,5 顆星,,https://www.google.com/maps/contrib/105313451466754310868/reviews?hl=zh-TW
武聖夜市,陳致憲,"在地嚮導 · 454 則評論 · 5,825 張相片",1 個月前,5 顆星,,https://www.google.com/maps/contrib/101839856427641615782/reviews?hl=zh-TW
武聖夜市,尤凱宥,在地嚮導 · 19 則評論 · 30 張相片,1 個月前,5 顆星,,https://www.google.com/maps/contrib/116558584972609076880/reviews?hl=zh-TW
武聖夜市,張志陽,5 則評論,1 個月前,5 顆星,114/03/01 下午戴老婆去鹿耳門拜拜 旁晚再去武聖夜市第一次跟老婆去 停車地方是很大可是規劃不好 沒有燈光很暗不好找車位 剛好一個年輕人逛完要走了 就問我是否要停車（謝謝年輕人） 不然又要找好久才可以停 進去裡面逛買吃的很多也不錯吃 下去有空會再去逛武聖夜市。,https://www.google.com/maps/contrib/101342841671151748453/reviews?hl=zh-TW
武聖夜市,郭爵銘,在地嚮導 · 130 則評論 · 481 張相片,1 個月前,5 顆星,好幾年沒去逛，居然還能吃到交往時期的小火鍋😂，攤商重複性不高，變得更熱門了👍 …,https://www.google.com/maps/contrib/117591177350492125276/reviews?hl=zh-TW
武聖夜市,朱詠諺,在地嚮導 · 14 則評論 · 1 張相片,1 個月前,5 顆星,超讚,https://www.google.com/maps/contrib/100727704182522336171/reviews?hl=zh-TW
武聖夜市,Guozhong yellow,,1 個月前,3 顆星,,https://www.google.com/maps/contrib/106407089257079324728/reviews?hl=zh-TW
武聖夜市,JTing Z,在地嚮導 · 35 則評論 · 5 張相片,1 個月前,5 顆星,台南最愛夜市前三名之一,https://www.google.com/maps/contrib/102629162294026735683/reviews?hl=zh-TW
武聖夜市,Nathan Younkin,在地嚮導 · 21 則評論 · 167 張相片,1 個月前,5 顆星,很棒的食物。歡迎人們，良好的遊戲和娛樂,https://www.google.com/maps/contrib/102740984609691969777/reviews?hl=zh-TW
武聖夜市,옹아범,"在地嚮導 · 332 則評論 · 2,219 張相片",1 個月前,5 顆星,"感覺和台北夜市不一樣。
就像節慶區市場
店內各處都豎起了旗幟，還設有兒童小旋轉木馬和摩天輪。 …",https://www.google.com/maps/contrib/107391603797067541369/reviews?hl=zh-TW
武聖夜市,宗益,在地嚮導 · 19 則評論 · 4 張相片,1 個月前,1 顆星,"今日入口指揮的那個，態度不知道在差幾點？
只會抽菸，手插口袋，那何必派人在那邊？
怎不乾脆拿躺椅躺著睡",https://www.google.com/maps/contrib/117206772548190830890/reviews?hl=zh-TW
武聖夜市,王运豪,7 則評論 · 1 張相片,1 個月前,5 顆星,,https://www.google.com/maps/contrib/107604341262277137041/reviews?hl=zh-TW
武聖夜市,綠綠Eileen,11 則評論 · 5 張相片,1 個月前,5 顆星,,https://www.google.com/maps/contrib/117025788040518453995/reviews?hl=zh-TW
武聖夜市,陳玉婷,在地嚮導 · 11 則評論,1 個月前,5 顆星,,https://www.google.com/maps/contrib/115528386421912996606/reviews?hl=zh-TW
武聖夜市,黃國書,在地嚮導 · 18 則評論 · 75 張相片,1 個月前,5 顆星,,https://www.google.com/maps/contrib/111266408000205518380/reviews?hl=zh-TW
武聖夜市,235B-07,在地嚮導 · 66 則評論 · 11 張相片,1 個月前,5 顆星,"夜市不錯,攤販重覆率不高,每間都有自己的特色",https://www.google.com/maps/contrib/115044524151765394245/reviews?hl=zh-TW
武聖夜市,林英如,7 則評論 · 3 張相片,1 個月前,3 顆星,"外面車位難停
容易被拖吊
停車場
一小時$100",https://www.google.com/maps/contrib/104902626242573297243/reviews?hl=zh-TW
武聖夜市,hellcala LIN,7 則評論 · 3 張相片,1 個月前,3 顆星,,https://www.google.com/maps/contrib/117802790331462208948/reviews?hl=zh-TW
武聖夜市,una,在地嚮導 · 208 則評論 · 109 張相片,1 個月前,5 顆星,馬鈴薯餅排超長隊的～～,https://www.google.com/maps/contrib/107227394214242964242/reviews?hl=zh-TW
武聖夜市,林永平,2 則評論 · 3 張相片,1 個月前,4 顆星,怪怪的糖葫蘆,https://www.google.com/maps/contrib/101237463146616751529/reviews?hl=zh-TW
武聖夜市,黃金蛋蛋,在地嚮導 · 23 則評論 · 2 張相片,1 個月前,5 顆星,,https://www.google.com/maps/contrib/102928537223237021197/reviews?hl=zh-TW
武聖夜市,李世偉,在地嚮導 · 30 則評論 · 20 張相片,1 個月前,5 顆星,好逛的夜市，但是太多攤烤魚，其餘重覆性不高,https://www.google.com/maps/contrib/113321374894294504856/reviews?hl=zh-TW
武聖夜市,Shan Yu,14 則評論 · 1 張相片,1 個月前,3 顆星,過了好幾年 都沒有進一些比較有特色的店,https://www.google.com/maps/contrib/112123115525546136469/reviews?hl=zh-TW
武聖夜市,Sophiey,在地嚮導 · 21 則評論 · 2 張相片,1 個月前,5 顆星,,https://www.google.com/maps/contrib/101687912063834745635/reviews?hl=zh-TW
武聖夜市,charles han,6 則評論,1 個月前,5 顆星,,https://www.google.com/maps/contrib/117078773139124240945/reviews?hl=zh-TW
武聖夜市,dreamworker Wu,在地嚮導 · 19 則評論 · 2 張相片,1 個月前,2 顆星,看到這則留言的人有福了，省下你的油錢跟時間。,https://www.google.com/maps/contrib/103682031288452071820/reviews?hl=zh-TW
武聖夜市,黃品璇,在地嚮導 · 24 則評論 · 20 張相片,1 個月前,5 顆星,"可愛的雞蛋糕
但是需要趁熱吃",https://www.google.com/maps/contrib/105138721932723825612/reviews?hl=zh-TW
武聖夜市,Victor Hsin,在地嚮導 · 30 則評論 · 14 張相片,1 個月前,5 顆星,,https://www.google.com/maps/contrib/116289899741851497893/reviews?hl=zh-TW
武聖夜市,邱瑩瑩,在地嚮導 · 13 則評論 · 11 張相片,1 個月前,5 顆星,,https://www.google.com/maps/contrib/102070778996070509152/reviews?hl=zh-TW
武聖夜市,Nono Huang,在地嚮導 · 25 則評論 · 20 張相片,1 個月前,5 顆星,,https://www.google.com/maps/contrib/108696698690401916123/reviews?hl=zh-TW
武聖夜市,謝汶清,在地嚮導 · 91 則評論 · 56 張相片,1 個月前,5 顆星,建議星期五晚上八點後來 好停車 人也少一些 東西便宜好吃比大東花園好太多了 那兩間夜市誰去誰sb,https://www.google.com/maps/contrib/115974450860435640295/reviews?hl=zh-TW
武聖夜市,小依,在地嚮導 · 94 則評論 · 198 張相片,1 個月前,2 顆星,"夜市個人覺得不大，本次覺得唯一可以買的：阿堯師雞蛋糕，冷掉也好吃，推薦口味奶油、原味（紅豆還好）

蚵仔煎很普通不用特別買，花園夜市的蚵仔煎比較好吃；叻沙麵太貴了（💰140）也普通不用買，在附近可以來看看但還是推薦花園夜市。 …",https://www.google.com/maps/contrib/106609324784751565411/reviews?hl=zh-TW
武聖夜市,寒蟬鳴泣之時,在地嚮導 · 102 則評論 · 411 張相片,1 個月前,5 顆星,"大馬路車子多，要小心外
裡面很多吃的",https://www.google.com/maps/contrib/107808860565283396949/reviews?hl=zh-TW
武聖夜市,施儒龍,在地嚮導 · 10 則評論 · 249 張相片,1 個月前,5 顆星,,https://www.google.com/maps/contrib/106723686167466089636/reviews?hl=zh-TW
武聖夜市,陳為朋,7 張相片,1 個月前,5 顆星,,https://www.google.com/maps/contrib/117065259877372118688/reviews?hl=zh-TW
武聖夜市,張書維,"在地嚮導 · 222 則評論 · 10,217 張相片",1 個月前,5 顆星,"真心覺得比花園夜市好逛
吃的種類多樣 踩雷的少 排隊名攤 大約十五分鐘
今天吃了林家豆乳雞 大上海香酥雞 痴歐臭臭豆腐 …",https://www.google.com/maps/contrib/110314997240139689980/reviews?hl=zh-TW
武聖夜市,Chia Min Huang,在地嚮導 · 17 則評論 · 53 張相片,1 個月前,4 顆星,第一次去武聖夜市，停車場蠻大的依工作人員指引就可以，酵素臭豆腐、上海香酥雞蠻推薦的，其餘沒有拍到照片，沙威瑪排隊排蠻久的，阿美嬤紅茶牛奶喜歡奶茶的不容錯過,https://www.google.com/maps/contrib/108976336950312712124/reviews?hl=zh-TW
武聖夜市,蘇家佳,在地嚮導 · 360 則評論 · 235 張相片,1 個月前,4 顆星,重複性的攤位有點多（烤魚，泰奶，糖葫蘆，臭豆腐）,https://www.google.com/maps/contrib/108917723908960434234/reviews?hl=zh-TW
武聖夜市,吳小羊,在地嚮導 · 70 則評論 · 70 張相片,1 個月前,4 顆星,"可惜沒有腳踏車站
但值得再去",https://www.google.com/maps/contrib/108457859751675557034/reviews?hl=zh-TW
武聖夜市,小魚,12 則評論 · 6 張相片,1 個月前,1 顆星,夜市不好停車，動向差,https://www.google.com/maps/contrib/117321051699454896766/reviews?hl=zh-TW
武聖夜市,Movie bug,5 則評論 · 3 張相片,1 個月前,5 顆星,,https://www.google.com/maps/contrib/104223342097275209779/reviews?hl=zh-TW
武聖夜市,游芳瑜,9 則評論 · 2 張相片,1 個月前,4 顆星,免費停車，攤位吃玩偏多,https://www.google.com/maps/contrib/103933944558323045678/reviews?hl=zh-TW
武聖夜市,許世賢,2 則評論 · 3 張相片,1 個月前,5 顆星,,https://www.google.com/maps/contrib/114757901632154479606/reviews?hl=zh-TW
武聖夜市,S.J C,在地嚮導 · 32 則評論 · 32 張相片,1 個月前,5 顆星,很多好吃的 有垃圾桶很讚,https://www.google.com/maps/contrib/104393826758662400645/reviews?hl=zh-TW
武聖夜市,王韻婷,在地嚮導 · 19 則評論 · 2 張相片,1 個月前,5 顆星,,https://www.google.com/maps/contrib/114398357302404834353/reviews?hl=zh-TW
武聖夜市,侯宗寬,在地嚮導 · 3 則評論 · 22 張相片,1 個月前,4 顆星,,https://www.google.com/maps/contrib/101731057851501560203/reviews?hl=zh-TW
武聖夜市,二馬,在地嚮導 · 15 則評論 · 3 張相片,1 個月前,5 顆星,少了很多攤 建議三六再來,https://www.google.com/maps/contrib/106324530755625020195/reviews?hl=zh-TW
武聖夜市,許正宜,"在地嚮導 · 1,287 則評論 · 6,661 張相片",1 個月前,5 顆星,東西多,https://www.google.com/maps/contrib/102008209496310030231/reviews?hl=zh-TW
武聖夜市,黃金生,在地嚮導 · 64 則評論 · 457 張相片,1 個月前,4 顆星,,https://www.google.com/maps/contrib/111039541316635303862/reviews?hl=zh-TW
武聖夜市,シュちゃんねる,在地嚮導 · 17 則評論 · 6 張相片,1 個月前,1 顆星,別開車來,https://www.google.com/maps/contrib/113312073955967369303/reviews?hl=zh-TW
武聖夜市,JaSmInE Wang,在地嚮導 · 147 則評論 · 139 張相片,1 個月前,5 顆星,好停車！,https://www.google.com/maps/contrib/111232756863742175756/reviews?hl=zh-TW
武聖夜市,Yang小璋,在地嚮導 · 30 則評論 · 2 張相片,1 個月前,4 顆星,,https://www.google.com/maps/contrib/100092321800119594777/reviews?hl=zh-TW
武聖夜市,蔡耀德,在地嚮導 · 38 則評論 · 225 張相片,1 個月前,3 顆星,,https://www.google.com/maps/contrib/114210706411121252642/reviews?hl=zh-TW
武聖夜市,林老師,在地嚮導 · 19 則評論 · 812 張相片,1 個月前,4 顆星,,https://www.google.com/maps/contrib/115092236832647989505/reviews?hl=zh-TW
武聖夜市,軒,在地嚮導 · 20 則評論,1 個月前,5 顆星,,https://www.google.com/maps/contrib/111956054263960142500/reviews?hl=zh-TW
武聖夜市,蔡珺泇,在地嚮導 · 174 則評論 · 339 張相片,1 個月前,5 顆星,武聖叫賣哥很好笑,https://www.google.com/maps/contrib/112137508112418956755/reviews?hl=zh-TW
武聖夜市,喇叭鎖大王,在地嚮導 · 31 則評論 · 1 張相片,1 個月前,5 顆星,,https://www.google.com/maps/contrib/106736194142226278088/reviews?hl=zh-TW
武聖夜市,郭玟成,在地嚮導 · 25 則評論 · 5 張相片,1 個月前,5 顆星,非常好逛的夜市,https://www.google.com/maps/contrib/116457023404496316100/reviews?hl=zh-TW
武聖夜市,Jose Angel Ruiz-Figueroa (Cheng Gong),在地嚮導 · 235 則評論 · 121 張相片,1 個月前,5 顆星,如此多的選擇！,https://www.google.com/maps/contrib/114071149183679973505/reviews?hl=zh-TW
武聖夜市,愛吃,在地嚮導 · 38 則評論 · 201 張相片,1 個月前,5 顆星,,https://www.google.com/maps/contrib/117181610673207092711/reviews?hl=zh-TW
武聖夜市,Claire Chen,4 則評論 · 5 張相片,1 個月前,5 顆星,,https://www.google.com/maps/contrib/113725919232715597780/reviews?hl=zh-TW
武聖夜市,A. Moreno,在地嚮導 · 164 則評論 · 93 張相片,1 個月前,4 顆星,有各種各樣的東西可以買和吃。甚至還有適合兒童和成人的遊戲。,https://www.google.com/maps/contrib/102515511777628259419/reviews?hl=zh-TW
武聖夜市,Camilla,在地嚮導 · 494 則評論 · 14 張相片,1 個月前,5 顆星,,https://www.google.com/maps/contrib/117541950460777502773/reviews?hl=zh-TW
武聖夜市,真,17 則評論 · 4 張相片,1 個月前,1 顆星,爛！停車場指引人員態度很爛！詢問邊格能不能停，講什麼公司車位（我們複誦都是車位，那可以停）…你就講不能停就好了！另一個人員口氣很差，叫我們從出口出去重排？？？ok，貴夜市逛不起也不缺客人，我直接離開去逛其他夜市。,https://www.google.com/maps/contrib/113657920549235720048/reviews?hl=zh-TW
武聖夜市,汪紫嵐,在地嚮導 · 23 則評論 · 15 張相片,1 個月前,1 顆星,"停車動線真的有夠爛，明明後面場地那麼大，車子也是一直在出來，還不給進去，然後工作人員還是管理員（非指揮人員）態度有夠差！不說要等多久還一直趕人走，繞了好幾圈其他車子都能進去我們就只能一直繞！
重點我是在問指揮的工作人員話，工作人員都沒說什麼了，旁邊的人是在叫什麼^ ^
我真的很不懂！
來武聖每次都是停車問題！真的有待改善！",https://www.google.com/maps/contrib/107401143465717591561/reviews?hl=zh-TW
武聖夜市,Mary Leo,5 則評論 · 1 張相片,1 個月前,5 顆星,,https://www.google.com/maps/contrib/117807114160237708171/reviews?hl=zh-TW
武聖夜市,劉倢瑜,在地嚮導 · 46 則評論 · 24 張相片,1 個月前,1 顆星,"停車場管理人員態度差 且隨意瞪人 不明白是哪裡能惹到門口的兩位大哥
也不明白 為什麼不能好好說明白 能停車跟不能停車的差別 只會隨意大聲罵且怒瞪",https://www.google.com/maps/contrib/110430135871548778967/reviews?hl=zh-TW
武聖夜市,up ting,在地嚮導 · 52 則評論 · 5 張相片,1 個月前,5 顆星,東山鴨頭有夠好吃。,https://www.google.com/maps/contrib/115729508220074285777/reviews?hl=zh-TW
武聖夜市,李翊璇,在地嚮導 · 19 則評論 · 164 張相片,1 個月前,5 顆星,,https://www.google.com/maps/contrib/110997917039192954046/reviews?hl=zh-TW
武聖夜市,幸福小窩,3 則評論 · 4 張相片,1 個月前,5 顆星,東西好吃價格便宜,https://www.google.com/maps/contrib/113434508709886920712/reviews?hl=zh-TW
武聖夜市,林恩,7 則評論 · 9 張相片,1 個月前,5 顆星,,https://www.google.com/maps/contrib/102140563746566183615/reviews?hl=zh-TW
武聖夜市,李富梅,3 則評論 · 4 張相片,1 個月前,5 顆星,,https://www.google.com/maps/contrib/108703877188615794023/reviews?hl=zh-TW
武聖夜市,Nhu Ly,3 則評論,1 個月前,5 顆星,,https://www.google.com/maps/contrib/110119682691820750397/reviews?hl=zh-TW
武聖夜市,jacky J,在地嚮導 · 31 則評論,1 個月前,4 顆星,,https://www.google.com/maps/contrib/115324952004291898770/reviews?hl=zh-TW
武聖夜市,Rooney Zeng,在地嚮導 · 24 則評論 · 169 張相片,1 個月前,4 顆星,武聖夜市是我到台南都會去逛,https://www.google.com/maps/contrib/106147936179627204103/reviews?hl=zh-TW
武聖夜市,周Michael,,1 個月前,5 顆星,,https://www.google.com/maps/contrib/104715336511733325531/reviews?hl=zh-TW
武聖夜市,林永德,在地嚮導 · 31 則評論 · 1 張相片,1 個月前,5 顆星,"好吃好逛
就是那個停車場的白痴入場方式讓人傻眼,
不準排隊,然後一台車停到他們指定的位置才放下一台進去,太弱智",https://www.google.com/maps/contrib/112027407969621006344/reviews?hl=zh-TW
武聖夜市,Yane Cheung,在地嚮導 · 72 則評論 · 182 張相片,1 個月前,5 顆星,很好逛很好吃😋 …,https://www.google.com/maps/contrib/108328763436048596264/reviews?hl=zh-TW
武聖夜市,shu yuan tseng,在地嚮導 · 176 則評論 · 82 張相片,1 個月前,5 顆星,哇！任何一攤幾乎都在排隊，看起來都很好吃，除了吃的也有玩的，適合全家到這裡來吃喝玩樂,https://www.google.com/maps/contrib/100174858842723864906/reviews?hl=zh-TW
武聖夜市,林淑菁,在地嚮導 · 13 則評論,1 個月前,5 顆星,,https://www.google.com/maps/contrib/116725520605276938701/reviews?hl=zh-TW
武聖夜市,TseTse Wu,在地嚮導 · 5 則評論 · 7 張相片,1 個月前,5 顆星,,https://www.google.com/maps/contrib/109306754719897866643/reviews?hl=zh-TW
武聖夜市,偉,"在地嚮導 · 272 則評論 · 2,312 張相片",1 個月前,5 顆星,"吃了照片中幾樣都好吃
（ㄅㄧㄤㄅㄧㄤ麵沒吃 只是覺得好特別）",https://www.google.com/maps/contrib/104707924411822060782/reviews?hl=zh-TW
武聖夜市,葉銘曜,在地嚮導 · 8 則評論 · 3 張相片,1 個月前,5 顆星,,https://www.google.com/maps/contrib/113294015599476954273/reviews?hl=zh-TW
武聖夜市,L,在地嚮導 · 109 則評論 · 419 張相片,1 個月前,5 顆星,"身為台南在地人，這是我從小到大最愛逛的夜市！雖然規模沒有花園夜市那麼大，但相對來說人潮比較不會那麼擁擠，逛起來更舒服。

每次來都一定要吃旗魚黑輪、碳烤雞排、麻辣鴨血，這裡的美食真的很多，隨便走一圈都能找到好吃的。對我來說，不只是夜市，也是充滿回憶的地方！",https://www.google.com/maps/contrib/114873690830220448498/reviews?hl=zh-TW
武聖夜市,good Good,7 則評論,1 個月前,5 顆星,停車方便👍 …,https://www.google.com/maps/contrib/107126860251530260458/reviews?hl=zh-TW
武聖夜市,小羊,在地嚮導 · 13 則評論 · 7 張相片,1 個月前,4 顆星,,https://www.google.com/maps/contrib/114605160763181257151/reviews?hl=zh-TW
武聖夜市,曾國彰,在地嚮導 · 27 則評論 · 7 張相片,1 個月前,5 顆星,,https://www.google.com/maps/contrib/107525274675576926917/reviews?hl=zh-TW
武聖夜市,Wu chun wei,在地嚮導 · 50 則評論 · 33 張相片,1 個月前,5 顆星,,https://www.google.com/maps/contrib/112268240000876172764/reviews?hl=zh-TW
武聖夜市,LUCAS LAI,在地嚮導 · 419 則評論 · 19 張相片,1 個月前,4 顆星,5點到，不怕沒位置，吃了蔥油餅、三輪車香腸攤、炸皮蛋、炸豆腐，但炸豆腐像把一大塊切成6-8塊，小塊炸到超干，一點都不好吃。,https://www.google.com/maps/contrib/115137517271017414130/reviews?hl=zh-TW
武聖夜市,吳玟嬛,1 則評論 · 2 張相片,1 個月前,4 顆星,,https://www.google.com/maps/contrib/116596556207861903224/reviews?hl=zh-TW
武聖夜市,phantom,1 則評論,1 個月前,5 顆星,,https://www.google.com/maps/contrib/114719896196269922995/reviews?hl=zh-TW
武聖夜市,嵇鈺中,11 則評論 · 3 張相片,1 個月前,5 顆星,攤位算多，假日去很熱鬧，攤位排隊動線有點混亂,https://www.google.com/maps/contrib/118217655923045633214/reviews?hl=zh-TW
武聖夜市,林永挺,在地嚮導 · 16 則評論,1 個月前,4 顆星,遊戲好玩,https://www.google.com/maps/contrib/110511420691385339482/reviews?hl=zh-TW
武聖夜市,何志鴻,在地嚮導 · 84 則評論 · 13 張相片,1 個月前,4 顆星,販賣東西多樣，不像觀光夜市大同小異,https://www.google.com/maps/contrib/116663732960502527489/reviews?hl=zh-TW
武聖夜市,小英,在地嚮導 · 26 則評論 · 31 張相片,1 個月前,5 顆星,,https://www.google.com/maps/contrib/103696581798957983643/reviews?hl=zh-TW
武聖夜市,Connie LAN,在地嚮導 · 161 則評論 · 530 張相片,1 個月前,5 顆星,,https://www.google.com/maps/contrib/110306487032641016096/reviews?hl=zh-TW
武聖夜市,郭健良,7 則評論 · 7 張相片,1 個月前,5 顆星,"吃喝玩樂兼聚
值得一走",https://www.google.com/maps/contrib/102749104877451053096/reviews?hl=zh-TW
武聖夜市,楊軒榮,在地嚮導 · 95 則評論 · 181 張相片,1 個月前,5 顆星,,https://www.google.com/maps/contrib/106662103295741507193/reviews?hl=zh-TW
武聖夜市,Mandy Lai,在地嚮導 · 68 則評論 · 275 張相片,1 個月前,5 顆星,,https://www.google.com/maps/contrib/109950151047529309711/reviews?hl=zh-TW
武聖夜市,James Kao,在地嚮導 · 15 則評論 · 282 張相片,1 個月前,3 顆星,,https://www.google.com/maps/contrib/104852900347896007859/reviews?hl=zh-TW
武聖夜市,藍智輝,在地嚮導 · 25 則評論 · 2 張相片,1 個月前,5 顆星,一樣讚,https://www.google.com/maps/contrib/102721650896360290170/reviews?hl=zh-TW
武聖夜市,蜜蜂,在地嚮導 · 59 則評論 · 33 張相片,1 個月前,5 顆星,很好逛，越晚越多人,https://www.google.com/maps/contrib/113274779575684956772/reviews?hl=zh-TW
武聖夜市,顏老大,在地嚮導 · 76 則評論 · 116 張相片,1 個月前,5 顆星,,https://www.google.com/maps/contrib/117385329414624067321/reviews?hl=zh-TW
武聖夜市,shaner hsieh,在地嚮導 · 13 則評論 · 3 張相片,1 個月前,5 顆星,,https://www.google.com/maps/contrib/108065228765001197120/reviews?hl=zh-TW
武聖夜市,劉虹美,在地嚮導 · 16 則評論 · 8 張相片,1 個月前,3 顆星,,https://www.google.com/maps/contrib/105193149725452632229/reviews?hl=zh-TW
武聖夜市,Iris,在地嚮導 · 146 則評論 · 89 張相片,1 個月前,5 顆星,很大的夜市，食物多樣，選擇性多,https://www.google.com/maps/contrib/117179577585368879393/reviews?hl=zh-TW
武聖夜市,張Aken,在地嚮導 · 9 則評論,1 個月前,5 顆星,好逛好玩好玩！,https://www.google.com/maps/contrib/108376522317361363701/reviews?hl=zh-TW
武聖夜市,Alex LEE,在地嚮導 · 28 則評論 · 12 張相片,1 個月前,5 顆星,,https://www.google.com/maps/contrib/111975648672523866839/reviews?hl=zh-TW
武聖夜市,Kang Monica,在地嚮導 · 143 則評論 · 643 張相片,1 個月前,4 顆星,小吃選擇多，不好停車,https://www.google.com/maps/contrib/116440393734029170900/reviews?hl=zh-TW
武聖夜市,巫婆奶奶,在地嚮導 · 9 則評論 · 50 張相片,1 個月前,5 顆星,,https://www.google.com/maps/contrib/113929898511678728866/reviews?hl=zh-TW
武聖夜市,謝武憲,在地嚮導 · 12 則評論 · 11 張相片,1 個月前,5 顆星,夜市很大，週邊不好停車,https://www.google.com/maps/contrib/117022880942211036148/reviews?hl=zh-TW
武聖夜市,吳蕙如,13 則評論,1 個月前,5 顆星,王滷味第一,https://www.google.com/maps/contrib/108079008928873437497/reviews?hl=zh-TW
武聖夜市,陳麒淵,"在地嚮導 · 294 則評論 · 1,118 張相片",1 個月前,5 顆星,"今天到武聖夜市，雖然夜市規模不算大，但小吃選擇相當豐富，從鹽水雞、牛肉湯到蚵仔煎、炸雞排，幾乎每攤都讓人想停下來嘗試。價格也很實惠，即使多吃幾樣也不會覺得負擔太重，難怪是當地人也喜歡的夜市之一。

不過，人潮確實是一大挑戰，特別是假日，高峰時段幾乎寸步難行，點餐、找位置都需要耐心等待。雖然擁擠影響了逛夜市的節奏，但若能避開尖峰時段，整體體驗還是很不錯的。這裡適合喜歡道地美食、願意接受熱鬧氛圍的饕客，想來的話建議早點到，才能吃得更從容。",https://www.google.com/maps/contrib/103815425510454174537/reviews?hl=zh-TW
武聖夜市,阿心,在地嚮導 · 16 則評論,1 個月前,5 顆星,,https://www.google.com/maps/contrib/100416231944813118777/reviews?hl=zh-TW
武聖夜市,yu chen,1 則評論,1 個月前,4 顆星,"整體還不錯
停車場的大姐有點躁。
最雷的是賣花生捲冰淇淋的那個大嬸
態度不知道是在差什麼
根本花錢找罪受
55一個比手掌還小 這就算了 重點是裡面的冰很難吃 然後也沒有香菜nice 沒吃過這麼難吃的 我朋友吃一口直接吐出來 應該不是我味蕾問題。
夜市值5顆星 那個大嬸一顆星都不配^ ^",https://www.google.com/maps/contrib/105110617096210684446/reviews?hl=zh-TW
武聖夜市,鮮奶綠茶好喝（鮮奶綠）,在地嚮導 · 92 則評論 · 3 張相片,1 個月前,5 顆星,很多好吃的👍🏻 …,https://www.google.com/maps/contrib/116729277120561565082/reviews?hl=zh-TW
武聖夜市,吳維彬,在地嚮導 · 145 則評論 · 1 張相片,1 個月前,5 顆星,人多又熱鬧,https://www.google.com/maps/contrib/111472249568423345933/reviews?hl=zh-TW
武聖夜市,Jay Tsai,在地嚮導 · 14 則評論 · 17 張相片,1 個月前,4 顆星,,https://www.google.com/maps/contrib/117867329293445445643/reviews?hl=zh-TW
武聖夜市,蔡小美,在地嚮導 · 33 則評論 · 142 張相片,1 個月前,5 顆星,新鮮又好吃，武聖必吃烤魚,https://www.google.com/maps/contrib/111239156701029573671/reviews?hl=zh-TW
武聖夜市,煙薰魚,在地嚮導 · 54 則評論 · 137 張相片,1 個月前,5 顆星,,https://www.google.com/maps/contrib/107582494590364791979/reviews?hl=zh-TW
武聖夜市,Reeve Lin,1 則評論 · 5 張相片,1 個月前,5 顆星,,https://www.google.com/maps/contrib/109800752407231877381/reviews?hl=zh-TW
武聖夜市,威,2 則評論,1 個月前,5 顆星,,https://www.google.com/maps/contrib/103269783280413835352/reviews?hl=zh-TW
武聖夜市,Judy,在地嚮導 · 17 則評論 · 79 張相片,1 個月前,5 顆星,第四排🀄️對打特別好玩！ …,https://www.google.com/maps/contrib/108427900952901654312/reviews?hl=zh-TW
武聖夜市,林耕安,在地嚮導 · 32 則評論 · 9 張相片,1 個月前,4 顆星,,https://www.google.com/maps/contrib/101037098381967665497/reviews?hl=zh-TW
武聖夜市,詹姆士,4 則評論 · 1 張相片,1 個月前,5 顆星,,https://www.google.com/maps/contrib/106835829574941993856/reviews?hl=zh-TW
武聖夜市,古宜玄,15 則評論 · 1 張相片,1 個月前,5 顆星,很多好吃的,https://www.google.com/maps/contrib/114038857490470302724/reviews?hl=zh-TW
武聖夜市,Jay,7 則評論,1 個月前,4 顆星,食物選擇很多，買的太多了！,https://www.google.com/maps/contrib/114345384448762037179/reviews?hl=zh-TW
武聖夜市,劉子榕,在地嚮導 · 7 則評論,1 個月前,4 顆星,,https://www.google.com/maps/contrib/100709190198594597670/reviews?hl=zh-TW
武聖夜市,R. weee_9,"在地嚮導 · 1,083 則評論 · 8,361 張相片",1 個月前,4 顆星,有停車位、洗手間，攤販多但重覆性也高,https://www.google.com/maps/contrib/108530519279429779677/reviews?hl=zh-TW
武聖夜市,Kevin Chang,在地嚮導 · 8 則評論 · 16 張相片,1 個月前,5 顆星,,https://www.google.com/maps/contrib/110063952369716091790/reviews?hl=zh-TW
武聖夜市,吳筑軒,11 則評論 · 14 張相片,1 個月前,4 顆星,,https://www.google.com/maps/contrib/104359893015189905747/reviews?hl=zh-TW
武聖夜市,Mei Mei,在地嚮導 · 39 則評論 · 62 張相片,1 個月前,5 顆星,推薦烤魚、糖葫蘆,https://www.google.com/maps/contrib/109217957250656675344/reviews?hl=zh-TW
武聖夜市,建璋,在地嚮導 · 35 則評論 · 3 張相片,1 個月前,5 顆星,超多人，超多美食，及遊戲，很好逛,https://www.google.com/maps/contrib/110602321913339058878/reviews?hl=zh-TW
武聖夜市,Yu bao XX,在地嚮導 · 14 則評論 · 8 張相片,1 個月前,5 顆星,,https://www.google.com/maps/contrib/107639357360407621306/reviews?hl=zh-TW
武聖夜市,chuagr,在地嚮導 · 10 則評論 · 3 張相片,1 個月前,4 顆星,,https://www.google.com/maps/contrib/105272852130842568014/reviews?hl=zh-TW
武聖夜市,蕭鴻志,在地嚮導 · 23 則評論 · 2 張相片,1 個月前,5 顆星,,https://www.google.com/maps/contrib/105220869219597374152/reviews?hl=zh-TW
武聖夜市,光君,4 則評論 · 1 張相片,1 個月前,4 顆星,不錯玩,https://www.google.com/maps/contrib/106378515744615843191/reviews?hl=zh-TW
武聖夜市,許小笨,9 則評論 · 5 張相片,1 個月前,5 顆星,好逛…很熱鬧,https://www.google.com/maps/contrib/101100017259612876127/reviews?hl=zh-TW
武聖夜市,T Roy,15 則評論 · 1 張相片,1 個月前,5 顆星,,https://www.google.com/maps/contrib/110297101037975688225/reviews?hl=zh-TW
武聖夜市,nan tai,在地嚮導 · 38 則評論 · 13 張相片,1 個月前,5 顆星,值得來走走 非常多的攤位而且多樣化唯一的缺點就是人太多 停車空間規劃的不好 政府若真想發展觀光有所作為促進縣市經濟應當要多規劃一些免費接駁服務 跟基礎公共設施如公廁 而不是只顧著收稅,https://www.google.com/maps/contrib/105496594311878701736/reviews?hl=zh-TW
武聖夜市,周昀蓁,在地嚮導 · 17 則評論 · 4 張相片,1 個月前,5 顆星,從小到大就住隔壁，沒有花園大但包羅萬象！很好逛！,https://www.google.com/maps/contrib/102508499745782033579/reviews?hl=zh-TW
武聖夜市,Klara Tauber,在地嚮導 · 36 則評論 · 34 張相片,1 個月前,5 顆星,,https://www.google.com/maps/contrib/118046372753941233818/reviews?hl=zh-TW
武聖夜市,郭,在地嚮導 · 70 則評論 · 12 張相片,1 個月前,5 顆星,,https://www.google.com/maps/contrib/103287697103828918048/reviews?hl=zh-TW
武聖夜市,李柏廷,在地嚮導 · 272 則評論 · 635 張相片,1 個月前,5 顆星,好玩,https://www.google.com/maps/contrib/117510690369569252721/reviews?hl=zh-TW
武聖夜市,5-04王文翰,在地嚮導 · 73 則評論 · 271 張相片,1 個月前,5 顆星,我覺得鍋燒意麵很好吃 東西也算便宜 很讚,https://www.google.com/maps/contrib/112863403199429421762/reviews?hl=zh-TW
武聖夜市,Howwhat Wu,"在地嚮導 · 472 則評論 · 1,255 張相片",1 個月前,4 顆星,初訪(228連假週六晚上)，攤位多人潮多，販售的品項重複性蠻高的...,https://www.google.com/maps/contrib/106898098783860346762/reviews?hl=zh-TW
武聖夜市,王嬿筑,12 則評論 · 5 張相片,1 個月前,1 顆星,"動線不好逛
車位不好停",https://www.google.com/maps/contrib/116080440501222509004/reviews?hl=zh-TW
武聖夜市,Edward Wu,9 則評論 · 9 張相片,1 個月前,5 顆星,,https://www.google.com/maps/contrib/102108321668930406464/reviews?hl=zh-TW
武聖夜市,張秀珠,在地嚮導 · 14 則評論 · 3 張相片,1 個月前,5 顆星,,https://www.google.com/maps/contrib/107270345456776989003/reviews?hl=zh-TW
武聖夜市,陳詩雅（小雅）,在地嚮導 · 47 則評論 · 37 張相片,1 個月前,5 顆星,,https://www.google.com/maps/contrib/115494366335769927819/reviews?hl=zh-TW
武聖夜市,Yi-Jung Tseng,在地嚮導 · 94 則評論 · 271 張相片,1 個月前,5 顆星,,https://www.google.com/maps/contrib/101744886207787908491/reviews?hl=zh-TW
武聖夜市,翁小貓,在地嚮導 · 9 則評論 · 6 張相片,1 個月前,5 顆星,小吃很多。,https://www.google.com/maps/contrib/109593618038340294265/reviews?hl=zh-TW
武聖夜市,林佑諭,在地嚮導 · 36 則評論 · 156 張相片,1 個月前,5 顆星,夜市裡面吃吃喝喝的攤販很多，也很多元，停車場很大，不用5分鐘就停好車了，夜市也很好逛！,https://www.google.com/maps/contrib/101716504343556931561/reviews?hl=zh-TW
武聖夜市,楊大帥,在地嚮導 · 34 則評論 · 86 張相片,1 個月前,5 顆星,,https://www.google.com/maps/contrib/112202493640814475013/reviews?hl=zh-TW
武聖夜市,Janejane Hu,4 則評論,1 個月前,4 顆星,很棒,https://www.google.com/maps/contrib/100731653001440885997/reviews?hl=zh-TW
武聖夜市,許宏仁,在地嚮導 · 3 則評論 · 9 張相片,1 個月前,5 顆星,,https://www.google.com/maps/contrib/111651860929603879757/reviews?hl=zh-TW
武聖夜市,姿姿,在地嚮導 · 61 則評論 · 374 張相片,1 個月前,5 顆星,,https://www.google.com/maps/contrib/101503646242497004168/reviews?hl=zh-TW
武聖夜市,天權,在地嚮導 · 29 則評論 · 4 張相片,1 個月前,5 顆星,推薦海盜船 吐到吃兩round,https://www.google.com/maps/contrib/107569120780398125430/reviews?hl=zh-TW
武聖夜市,李柔萱,2 則評論,1 個月前,5 顆星,,https://www.google.com/maps/contrib/115356577492827667801/reviews?hl=zh-TW
武聖夜市,蔡沛涵,在地嚮導 · 35 則評論 · 21 張相片,1 個月前,1 顆星,"吃啥雷啥
點了肉夾饃是乾巴巴又少的肉末
點了麻辣鴨血也沒入味，難吃",https://www.google.com/maps/contrib/104870683419521879611/reviews?hl=zh-TW
武聖夜市,徐行,在地嚮導 · 39 則評論 · 45 張相片,1 個月前,5 顆星,第一次去，先上網看了其他網友的推薦，跟著吃豆乳雞翅、拔絲地瓜、C果汁等等，都蠻不錯的，有機會會再來逛,https://www.google.com/maps/contrib/114696259063757445836/reviews?hl=zh-TW
武聖夜市,涼心,在地嚮導 · 84 則評論 · 10 張相片,1 個月前,1 顆星,"裡面有個賣保護貼的
地雷店 J什麼的
保護貼比外面店面貴
昨天貼 然後今天從小板凳滑下去直接變蜘蛛網
還敢收350？？
這耐摔度只配50",https://www.google.com/maps/contrib/105679710229072818419/reviews?hl=zh-TW
武聖夜市,Halladay Roy,在地嚮導 · 2 則評論 · 1 張相片,1 個月前,5 顆星,,https://www.google.com/maps/contrib/109387012601171578417/reviews?hl=zh-TW
武聖夜市,莊叡欣,7 則評論 · 4 張相片,1 個月前,4 顆星,,https://www.google.com/maps/contrib/111342483500732254318/reviews?hl=zh-TW
武聖夜市,Su Rebecca,在地嚮導 · 4 則評論 · 636 張相片,1 個月前,5 顆星,,https://www.google.com/maps/contrib/103883914044908926548/reviews?hl=zh-TW
武聖夜市,Chloe Liu,3 則評論,1 個月前,4 顆星,,https://www.google.com/maps/contrib/103021036118096474757/reviews?hl=zh-TW
武聖夜市,Tony Lin,在地嚮導 · 714 則評論 · 434 張相片,1 個月前,3 顆星,停車場的惡夢。擠壓步行線和狹小的用餐區，你應該帶走食物並在周圍吃飯。,https://www.google.com/maps/contrib/118280241171726389162/reviews?hl=zh-TW
武聖夜市,Michelle Lu,在地嚮導 · 128 則評論 · 51 張相片,1 個月前,1 顆星,以前唸書很喜歡逛這，二十年後再回來變了...很爛這樣.....,https://www.google.com/maps/contrib/103830055201741330037/reviews?hl=zh-TW
武聖夜市,Cliff Hsieh,"在地嚮導 · 684 則評論 · 4,053 張相片",1 個月前,1 顆星,夜市本身玩的攤位不少，吃的攤位跟一般夜市一樣，少了台南傳統美食，有點可惜。 …,https://www.google.com/maps/contrib/108054285689881536930/reviews?hl=zh-TW
武聖夜市,Evonne,在地嚮導 · 32 則評論 · 86 張相片,1 個月前,1 顆星,"夜市入口的路邊有合法機車停車格
停在路邊等待要停機車進去
武聖夜市入口處男管理人員 …",https://www.google.com/maps/contrib/112276143737687226167/reviews?hl=zh-TW
武聖夜市,馮繹升,在地嚮導 · 5 則評論 · 2 張相片,1 個月前,5 顆星,,https://www.google.com/maps/contrib/114801138719747699276/reviews?hl=zh-TW
武聖夜市,徐孟君,在地嚮導 · 18 則評論 · 135 張相片,1 個月前,5 顆星,,https://www.google.com/maps/contrib/114837613325167467784/reviews?hl=zh-TW
武聖夜市,張佩茹,在地嚮導 · 27 則評論 · 6 張相片,1 個月前,5 顆星,,https://www.google.com/maps/contrib/110032892584798001201/reviews?hl=zh-TW
武聖夜市,Rebecca,"在地嚮導 · 575 則評論 · 2,696 張相片",1 個月前,4 顆星,還不錯 很多攤位,https://www.google.com/maps/contrib/106544566825247047592/reviews?hl=zh-TW
武聖夜市,1014 guiyua (‪阿巴阿巴‬),3 則評論 · 1 張相片,1 個月前,1 顆星,停車場門口的人口氣很差，沒看清指示也要被吼。,https://www.google.com/maps/contrib/106633196205643253701/reviews?hl=zh-TW
武聖夜市,林君如,在地嚮導 · 21 則評論 · 301 張相片,1 個月前,5 顆星,,https://www.google.com/maps/contrib/106240896104436712676/reviews?hl=zh-TW
武聖夜市,QiLing Lee,在地嚮導 · 18 則評論 · 4 張相片,1 個月前,5 顆星,,https://www.google.com/maps/contrib/108639019426803905579/reviews?hl=zh-TW
武聖夜市,陳彥守,在地嚮導 · 33 則評論 · 27 張相片,1 個月前,3 顆星,,https://www.google.com/maps/contrib/109312917010706209222/reviews?hl=zh-TW
武聖夜市,陳慧鈺,在地嚮導 · 86 則評論 · 5 張相片,2 個月前,5 顆星,,https://www.google.com/maps/contrib/107547837679026476038/reviews?hl=zh-TW
武聖夜市,建宇,1 則評論 · 2 張相片,2 個月前,1 顆星,"這家真的很…讓人傻眼
當時我們先來的就因為我們人少
位子剩一張4人桌的就有先讓4個人的客人先坐了 明明有好的方式解決..體驗很差
這家真的很不推",https://www.google.com/maps/contrib/100516537143956051850/reviews?hl=zh-TW
武聖夜市,Ted Shen,在地嚮導 · 33 則評論 · 1 張相片,2 個月前,5 顆星,吃的、玩的都挺多的，下次來台南還會再來,https://www.google.com/maps/contrib/100628146992444501229/reviews?hl=zh-TW
武聖夜市,黃中信,18 則評論 · 2 張相片,2 個月前,1 顆星,停車場指揮人員態度不佳 走過來窗戶用台語諷刺人,https://www.google.com/maps/contrib/102341074543519025875/reviews?hl=zh-TW
武聖夜市,游蓉貞,在地嚮導 · 26 則評論 · 16 張相片,2 個月前,5 顆星,,https://www.google.com/maps/contrib/102110514515187147234/reviews?hl=zh-TW
武聖夜市,Johnny漿倪,在地嚮導 · 73 則評論 · 469 張相片,2 個月前,5 顆星,,https://www.google.com/maps/contrib/106226187090283920669/reviews?hl=zh-TW
武聖夜市,Wei,在地嚮導 · 587 則評論 · 48 張相片,2 個月前,4 顆星,228連假期間，汽車車位一位難求，光賢街應禁止車輛通行，人車爭道，險象環生。夜市消費中等，重複性高，設有兩處廁所值得稱讚。大江南北許多小吃在此皆有。可能因花園夜市星期五沒營業，人潮實在太多太多太多，幾乎每個好吃攤位皆大排長龍！,https://www.google.com/maps/contrib/111232868410778795617/reviews?hl=zh-TW
武聖夜市,劉璁霖,在地嚮導 · 165 則評論 · 501 張相片,2 個月前,3 顆星,烤魚很好吃，新鮮就是王道,https://www.google.com/maps/contrib/117074450343983503497/reviews?hl=zh-TW
武聖夜市,Oh Ohmysoso,在地嚮導 · 36 則評論 · 65 張相片,2 個月前,5 顆星,,https://www.google.com/maps/contrib/110147060865744672847/reviews?hl=zh-TW
武聖夜市,林雨璇,,2 個月前,5 顆星,,https://www.google.com/maps/contrib/109373225166170597948/reviews?hl=zh-TW
武聖夜市,Kai,10 則評論 · 7 張相片,2 個月前,5 顆星,,https://www.google.com/maps/contrib/116505600288779210214/reviews?hl=zh-TW
武聖夜市,糖果,21 則評論,2 個月前,1 顆星,物價很貴以後不敢來了！🙄我喝過最貴的木瓜牛奶75元竟然在這邊買的⋯還有最小碗的肉羹80元 …,https://www.google.com/maps/contrib/114235224195606734548/reviews?hl=zh-TW
武聖夜市,澄澄,8 則評論,2 個月前,5 顆星,烤魷魚攤的老闆娘很熱情,https://www.google.com/maps/contrib/111834337833785885731/reviews?hl=zh-TW
武聖夜市,雨晞,在地嚮導 · 16 則評論 · 1 張相片,2 個月前,5 顆星,三角骨很推，冷掉也是很好吃哦,https://www.google.com/maps/contrib/116577356124651212590/reviews?hl=zh-TW
武聖夜市,kuo Chu,在地嚮導 · 48 則評論 · 102 張相片,2 個月前,5 顆星,好吃，好逛，好停車,https://www.google.com/maps/contrib/114224480377114435121/reviews?hl=zh-TW
武聖夜市,子倚黃,在地嚮導 · 76 則評論 · 777 張相片,2 個月前,3 顆星,,https://www.google.com/maps/contrib/105009262762505076101/reviews?hl=zh-TW
武聖夜市,黃嗣涵,在地嚮導 · 27 則評論 · 5 張相片,2 個月前,5 顆星,,https://www.google.com/maps/contrib/100629931116685879835/reviews?hl=zh-TW
武聖夜市,俊基陳,在地嚮導 · 12 則評論 · 15 張相片,2 個月前,4 顆星,不錯吃不會臭土味,https://www.google.com/maps/contrib/107788950478270988895/reviews?hl=zh-TW
武聖夜市,Peggy,在地嚮導 · 6 則評論 · 6 張相片,2 個月前,5 顆星,,https://www.google.com/maps/contrib/106210756709679427628/reviews?hl=zh-TW
武聖夜市,林慶輝,在地嚮導 · 4 則評論 · 24 張相片,2 個月前,4 顆星,攤販多元化，適合大小朋友一起來的夜市,https://www.google.com/maps/contrib/109280018897500537609/reviews?hl=zh-TW
武聖夜市,Janisa Chu,在地嚮導 · 80 則評論 · 29 張相片,2 個月前,3 顆星,跟男友逛完夜市不知是哪間攤販的問題雙雙肚子痛拉肚子⋯⋯我們吃了沙威瑪、奶類飲料、炭烤雞排、烤魚、大腸包小腸，嚴重懷疑是不是烤魚不新鮮？不知是否有人遇到一樣的問題？衛生堪憂⋯⋯,https://www.google.com/maps/contrib/116906377947345369141/reviews?hl=zh-TW
武聖夜市,秋藤藤,10 則評論 · 9 張相片,2 個月前,5 顆星,超級好玩，遊樂場的海盜船超恐怖，從來沒有在夜市花過那麼多錢，下次還去玩（這魚超好吃的，超推,https://www.google.com/maps/contrib/106248062656235943531/reviews?hl=zh-TW
武聖夜市,Athitaya Sinlapasorn,在地嚮導 · 18 則評論 · 42 張相片,2 個月前,5 顆星,,https://www.google.com/maps/contrib/110839603550544330393/reviews?hl=zh-TW
武聖夜市,Lenny Law,"在地嚮導 · 179 則評論 · 1,724 張相片",2 個月前,4 顆星,,https://www.google.com/maps/contrib/100218414868138716649/reviews?hl=zh-TW
武聖夜市,奶茶,11 則評論,2 個月前,2 顆星,"今天在武聖夜市有不愉快的外帶經驗~
剛剛去“施記麻辣豆腐麻辣鴨血”，買綜合口味加“科學麵”，結果工作人員在打包時，那包科學麵就在我眼前掉到地上，而工作人員撿起來後的動作，竟是繼續要打包給我，我當下反應請老板娘換一包給我，老板娘居然回我說“麵有用袋子裝，掉到地上也沒關係啊”；我的天阿！那個裝科學麵的袋子是開放式的開口袋，而不是封口袋，在袋子掉在地上的當下，食材就已經有部份裸露受到污染了，結果老板娘居然還想把掉在地上的“食材”直接賣給顧客，光是這點，就不應該是餐飲店家應該有的行為了，而後來另外再裝麵給我們時，也是拿一個“油膩”,之前有裝過東西的袋子來裝麵，也不知道那個用過的袋子之前是否有污染過，感覺是一整個糟糕，雖然不是高檔餐廳，但餐飲業者應該也要有基本的衛生概念吧，在客人面前眼睜睜掉到地上的食材都敢繼續撿起來賣給顧客了，那顧客看不到的部分是什麼樣的過程就讓人更不敢想了~",https://www.google.com/maps/contrib/115193923663224476653/reviews?hl=zh-TW
武聖夜市,張Weilly,17 則評論 · 1 張相片,2 個月前,1 顆星,"第一次在夜市吃到章魚燒內有鋼絲刷的鋼絲
最後面的日野章魚燒 一份六顆40元！超扯",https://www.google.com/maps/contrib/118235984862825585700/reviews?hl=zh-TW
武聖夜市,盼夢圓,在地嚮導 · 7 則評論 · 227 張相片,2 個月前,5 顆星,,https://www.google.com/maps/contrib/113751109746461927094/reviews?hl=zh-TW
武聖夜市,tong so,在地嚮導 · 24 則評論 · 3 張相片,2 個月前,5 顆星,,https://www.google.com/maps/contrib/111278767740885716293/reviews?hl=zh-TW
武聖夜市,Sung Lin,在地嚮導 · 23 則評論 · 86 張相片,2 個月前,5 顆星,"人非常之多～停車場一位難求！公有停車有人員引導！
滿多好吃好喝的攤販，每個人口味不同，所以不依依推薦嘍～
吃飽喝足可以去看看武聖叫賣哥，講話風趣好玩不無聊！
整體感受是非常好的！值得去人擠人🤣 …",https://www.google.com/maps/contrib/102517747085181232393/reviews?hl=zh-TW
武聖夜市,伍拾元,在地嚮導 · 3 則評論 · 2 張相片,2 個月前,5 顆星,,https://www.google.com/maps/contrib/100670721578387767714/reviews?hl=zh-TW
武聖夜市,蘇紘億,在地嚮導 · 48 則評論 · 117 張相片,2 個月前,5 顆星,,https://www.google.com/maps/contrib/102218415861599313423/reviews?hl=zh-TW
武聖夜市,林巨人,在地嚮導 · 70 則評論 · 18 張相片,2 個月前,5 顆星,超多糖葫蘆攤很讚，陳記拔絲地瓜好吃，動線還算清楚，小上海在第一排、以此類推,https://www.google.com/maps/contrib/118236528696200224140/reviews?hl=zh-TW
武聖夜市,鍾漢志,"在地嚮導 · 75 則評論 · 1,391 張相片",2 個月前,4 顆星,還不錯逛,https://www.google.com/maps/contrib/107531820590135648361/reviews?hl=zh-TW
武聖夜市,彭士恩（小恩）,在地嚮導 · 82 則評論 · 177 張相片,2 個月前,4 顆星,雖然攤位重複性蠻高的，但好吃的攤也是不少，停車也好停,https://www.google.com/maps/contrib/103866684177240506353/reviews?hl=zh-TW
武聖夜市,황건일,2 則評論 · 2 張相片,2 個月前,5 顆星,"食物的種類很多，買吃各種東西真是太棒了！
強烈推薦",https://www.google.com/maps/contrib/113502001460148563421/reviews?hl=zh-TW
武聖夜市,羅Aa,在地嚮導 · 3 則評論 · 12 張相片,2 個月前,5 顆星,,https://www.google.com/maps/contrib/102962026143677502735/reviews?hl=zh-TW
武聖夜市,史迪奇,2 則評論,2 個月前,5 顆星,,https://www.google.com/maps/contrib/112434944747059108567/reviews?hl=zh-TW
武聖夜市,Morii,在地嚮導 · 27 則評論 · 53 張相片,2 個月前,5 顆星,"夜市攤販種類繁多 有吃有玩
美中不足的是雖然停車場腹地很大但停車位很難找",https://www.google.com/maps/contrib/110598585235032149665/reviews?hl=zh-TW
武聖夜市,蘇紋靖,在地嚮導 · 19 則評論 · 17 張相片,2 個月前,4 顆星,超好逛的，吃的玩得應有盡有，異國料理也有，想吃什麼跟著排隊就對了,https://www.google.com/maps/contrib/107640185902768077914/reviews?hl=zh-TW
武聖夜市,Yun,在地嚮導 · 39 則評論 · 140 張相片,2 個月前,4 顆星,"早到夜市可以避免排隊人潮，也能吃到很多好吃的食物，雖然可能會遇到攤販還沒全部擺攤完成，但大部分要排隊的攤販也都會提早來準備好，所以早到絕對不會吃虧！
有些攤販看起來默默無名，但也都超好吃，只能說來這裡不會踩雷！
停車也是很方便，廁所乾淨，沒有奇怪的味道",https://www.google.com/maps/contrib/107004118846043342560/reviews?hl=zh-TW
武聖夜市,An Li,在地嚮導 · 461 則評論 · 651 張相片,2 個月前,5 顆星,超級讚讚讚！！！很棒而且重複性不高的夜市，很多攤商都很可愛很熱情，東西也都不太會踩雷！隨便都好吃好買好逛♥️特別推薦烤魚、土豆餅和雞蛋糕,https://www.google.com/maps/contrib/110829057023621696482/reviews?hl=zh-TW
武聖夜市,YI-CHING LIN,"在地嚮導 · 477 則評論 · 12,529 張相片",2 個月前,5 顆星,"來武聖夜市很多遍了，台南的夜市就是武聖，大東，花園夜市等。其中花園是觀光取向的那就不用說了。
而武聖夜市就是基本上正統的台南夜市，第一比較不會有外國人，所以基本上以台灣人為主，之前是每週三跟六，現在又多了星期五。裡面的攤販基本上都蠻好吃的。
特別是吃味鮮香酥雞，還有涼麵跟雞蛋糕……等一堆好吃的美食。裡面有食衣行都有，所以來逛一下夜市也可以振興經濟。最重要的是星期六人超多，星期六要來的人要心理準備一下喔。
個人真的蠻推武聖夜市的。
😃😃😃😃😃",https://www.google.com/maps/contrib/103566829229362368048/reviews?hl=zh-TW
武聖夜市,陸安琪,1 則評論,2 個月前,4 顆星,,https://www.google.com/maps/contrib/105170565973894606996/reviews?hl=zh-TW
武聖夜市,王郁文,9 則評論 · 1 張相片,2 個月前,5 顆星,,https://www.google.com/maps/contrib/108794254681670325763/reviews?hl=zh-TW
武聖夜市,台南幫飲料安中店小e,在地嚮導 · 230 則評論 · 505 張相片,2 個月前,5 顆星,,https://www.google.com/maps/contrib/101073832431968273365/reviews?hl=zh-TW
武聖夜市,大湯,在地嚮導 · 28 則評論,2 個月前,5 顆星,歷史悠久的一個夜市，有免費/專人引導的大停車場，東西好吃好逛，空間舒適不會擁擠，非常值得推薦！,https://www.google.com/maps/contrib/102249868781518170915/reviews?hl=zh-TW
武聖夜市,shi,9 則評論 · 4 張相片,2 個月前,5 顆星,,https://www.google.com/maps/contrib/102654819706024060663/reviews?hl=zh-TW
武聖夜市,恩恩,在地嚮導 · 18 則評論,2 個月前,5 顆星,,https://www.google.com/maps/contrib/105133947968255517908/reviews?hl=zh-TW
武聖夜市,林宗勲,"在地嚮導 · 179 則評論 · 1,220 張相片",2 個月前,4 顆星,攤位多也不少，餐點比花園夜市好吃,https://www.google.com/maps/contrib/113480980768510436606/reviews?hl=zh-TW
武聖夜市,Miller Liu,在地嚮導 · 367 則評論 · 756 張相片,2 個月前,5 顆星,烤魚呵甲,https://www.google.com/maps/contrib/102419044231071479897/reviews?hl=zh-TW
武聖夜市,Eva Fu,7 則評論 · 1 張相片,2 個月前,1 顆星,停車場一位吃檳榔的工作人員態度超級差，明明裡面有空位卻不讓車進去停，還兇神惡煞的，如果不讓人停車就別說有6000坪停車場，停車根本不方便，沒空位就算了，有空位還不讓進停車場，直接開走不想逛了，花園夜市至少停車規劃還比較好,https://www.google.com/maps/contrib/114705315822079434224/reviews?hl=zh-TW
武聖夜市,安安,在地嚮導 · 32 則評論 · 661 張相片,2 個月前,1 顆星,千萬不要來，停車規劃超爛，然後停路邊還有很多警察在抓路邊停車，超雷，而且東西還超貴,https://www.google.com/maps/contrib/117038803011470107993/reviews?hl=zh-TW
武聖夜市,劉羽涔,在地嚮導 · 63 則評論 · 199 張相片,2 個月前,5 顆星,"心心念念的拔絲薯條❤️
QQ圓、地瓜、薯條、芋頭，大推薯條🍟 …",https://www.google.com/maps/contrib/113269221228197943290/reviews?hl=zh-TW
武聖夜市,Apple Hsu,在地嚮導 · 19 則評論 · 19 張相片,2 個月前,4 顆星,吃的 用的種類多！很好逛～～,https://www.google.com/maps/contrib/111835212348578912825/reviews?hl=zh-TW
武聖夜市,Jimmy Lin,在地嚮導 · 11 則評論 · 20 張相片,2 個月前,5 顆星,,https://www.google.com/maps/contrib/108044901476166061039/reviews?hl=zh-TW
武聖夜市,Yuhua Ning,"在地嚮導 · 297 則評論 · 1,968 張相片",2 個月前,4 顆星,可吃可玩可買，但是小吃較無吸引力。,https://www.google.com/maps/contrib/105787057010506124675/reviews?hl=zh-TW
武聖夜市,林玉玲,在地嚮導 · 102 張相片,2 個月前,4 顆星,,https://www.google.com/maps/contrib/115318941721367462465/reviews?hl=zh-TW
武聖夜市,蘇小倩,在地嚮導 · 36 則評論 · 2 張相片,2 個月前,5 顆星,,https://www.google.com/maps/contrib/109875891208760719037/reviews?hl=zh-TW
武聖夜市,NS C,在地嚮導 · 44 則評論 · 41 張相片,2 個月前,4 顆星,,https://www.google.com/maps/contrib/113880084144671741766/reviews?hl=zh-TW
武聖夜市,鄭筱霑,10 則評論 · 1 張相片,2 個月前,4 顆星,,https://www.google.com/maps/contrib/104348610749364786513/reviews?hl=zh-TW
武聖夜市,小碧孫,14 則評論 · 5 張相片,2 個月前,1 顆星,牽YouBike腳踏車、急忙要去化妝室、既然阻擋不給進認入！還大聲斥責、不能進入、一點同理心都沒有！腳踏車也沒規劃清楚、還隨便大聲罵人！小小夜市有必要這樣嗎？感覺差極了！,https://www.google.com/maps/contrib/113814100672585681067/reviews?hl=zh-TW
武聖夜市,侯鉻峰,在地嚮導 · 6 則評論 · 9 張相片,2 個月前,1 顆星,,https://www.google.com/maps/contrib/117000835096978690831/reviews?hl=zh-TW
武聖夜市,小默默,8 則評論 · 2 張相片,2 個月前,1 顆星,"射箭區建議別去玩唷 態度超級差 也不知道在兇什麼的  一直靠腰 不懂在靠腰什麼
一個好夜市可能會被這家拖垮喔 不良商家請他滾出去",https://www.google.com/maps/contrib/114866577026482609472/reviews?hl=zh-TW
武聖夜市,史迪,在地嚮導 · 11 則評論 · 5 張相片,2 個月前,5 顆星,,https://www.google.com/maps/contrib/100451165304108106880/reviews?hl=zh-TW
武聖夜市,今剛宸,在地嚮導 · 436 則評論 · 343 張相片,2 個月前,5 顆星,傳統的夜市,https://www.google.com/maps/contrib/103260760963195025562/reviews?hl=zh-TW
武聖夜市,張裕佳,8 則評論,2 個月前,1 顆星,到武聖夜市後要停車 找到一個空位但工作人員不給停要我們退出去 詢問為什麼不能停也不講原因！我們直接開走不想逛了！差勁的經驗！,https://www.google.com/maps/contrib/115319488924487421451/reviews?hl=zh-TW
武聖夜市,林珮,3 則評論 · 10 張相片,2 個月前,5 顆星,,https://www.google.com/maps/contrib/101948679214489617493/reviews?hl=zh-TW
武聖夜市,c leo,14 則評論 · 3 張相片,2 個月前,4 顆星,,https://www.google.com/maps/contrib/114079504265161047410/reviews?hl=zh-TW
武聖夜市,林宸楷（Elie320）,在地嚮導 · 24 則評論 · 165 張相片,2 個月前,4 顆星,,https://www.google.com/maps/contrib/112967482806783265853/reviews?hl=zh-TW
武聖夜市,HSIΛИG,在地嚮導 · 80 則評論 · 91 張相片,2 個月前,5 顆星,這個鍋貼好吃,https://www.google.com/maps/contrib/110098447907307815431/reviews?hl=zh-TW
武聖夜市,Nguyễn Trọng Phúc,4 則評論,2 個月前,5 顆星,好的,https://www.google.com/maps/contrib/100754863874805332307/reviews?hl=zh-TW
武聖夜市,余致堯,在地嚮導 · 3 則評論 · 2 張相片,2 個月前,5 顆星,,https://www.google.com/maps/contrib/106616002937039944441/reviews?hl=zh-TW
武聖夜市,潘弈豪,在地嚮導 · 22 則評論 · 1 張相片,2 個月前,5 顆星,,https://www.google.com/maps/contrib/108596264214135935152/reviews?hl=zh-TW
武聖夜市,永福,在地嚮導 · 13 則評論 · 126 張相片,2 個月前,5 顆星,,https://www.google.com/maps/contrib/117261150522764452255/reviews?hl=zh-TW
武聖夜市,邱臻臻,14 則評論 · 2 張相片,2 個月前,5 顆星,很熱鬧，也很多小孩玩的，停車不用錢好加分的夜市,https://www.google.com/maps/contrib/115397111609654754154/reviews?hl=zh-TW
武聖夜市,Habik Unji (Hank),13 則評論 · 3 張相片,2 個月前,5 顆星,,https://www.google.com/maps/contrib/101061832084297543266/reviews?hl=zh-TW
武聖夜市,Juiling Shen,在地嚮導 · 139 則評論 · 209 張相片,2 個月前,4 顆星,"停車超級方便，免費還有專人指引，位置也很大，不過攤販的種類不多，若不強求一定要吃熱門排隊商品，很快可以逛完，感覺台南小吃不需要做功課，看人潮就知道了。

有個碳烤雞排最近上夜市王，還蠻好吃的。",https://www.google.com/maps/contrib/103543151462458831676/reviews?hl=zh-TW
武聖夜市,陳宥勳,3 則評論 · 3 張相片,2 個月前,5 顆星,,https://www.google.com/maps/contrib/103933121166263048367/reviews?hl=zh-TW
武聖夜市,Banzai,在地嚮導 · 118 則評論 · 17 張相片,2 個月前,5 顆星,有停車場，有廁所，範圍大小適中，還不錯👍 …,https://www.google.com/maps/contrib/113443889737675072825/reviews?hl=zh-TW
武聖夜市,楊子朋（老楊）,在地嚮導 · 27 則評論 · 5 張相片,2 個月前,5 顆星,,https://www.google.com/maps/contrib/102775340370638620774/reviews?hl=zh-TW
武聖夜市,尋路人,在地嚮導 · 238 則評論 · 474 張相片,2 個月前,5 顆星,"［有些好吃有些很雷］這是6年前的評論，
久違的今天到此讓我顛覆之前的印象，進步很多，有垃圾桶，環境也變得乾淨～
今天也特地上來推薦**小揚通訊  配件專賣**，
賣得東西都很實誠，價格公道實在cp值高，有任何疑問，老闆都很熱心解答～大推",https://www.google.com/maps/contrib/102356366321067812346/reviews?hl=zh-TW
武聖夜市,ReFlexivity,在地嚮導 · 17 則評論 · 92 張相片,2 個月前,5 顆星,"這就是我想像中的台灣本土夜市。
我去過很多次夜市，但這個夜市無論是規模、人群或其他方面都是壓倒性的。",https://www.google.com/maps/contrib/117810310039004974269/reviews?hl=zh-TW
武聖夜市,藤耀,"在地嚮導 · 15 則評論 · 1,696 張相片",2 個月前,5 顆星,,https://www.google.com/maps/contrib/112573119122128936747/reviews?hl=zh-TW
武聖夜市,Pei Pei Lok,在地嚮導 · 2 則評論 · 57 張相片,2 個月前,5 顆星,,https://www.google.com/maps/contrib/101720862961770606473/reviews?hl=zh-TW
武聖夜市,Josef Pisani,在地嚮導 · 17 則評論 · 9 張相片,2 個月前,5 顆星,美味的食物和各種各樣的活動,https://www.google.com/maps/contrib/104019976048081624831/reviews?hl=zh-TW
武聖夜市,Jimmy Jimmy,在地嚮導 · 10 則評論 · 30 張相片,2 個月前,5 顆星,,https://www.google.com/maps/contrib/100546477691578613830/reviews?hl=zh-TW
武聖夜市,Kenny Hung,"在地嚮導 · 624 則評論 · 3,319 張相片",2 個月前,4 顆星,台南著名的老牌夜市之一，是許多台南人從小到大的記憶，還有許多攤商也是換了第二代經營，真的是口味取決了一切，不會消失在時代的洪流中。,https://www.google.com/maps/contrib/111510265077709728683/reviews?hl=zh-TW
武聖夜市,陳羿廷,2 則評論 · 1 張相片,2 個月前,5 顆星,,https://www.google.com/maps/contrib/102297129546499619187/reviews?hl=zh-TW
武聖夜市,Kate Kate,在地嚮導 · 74 則評論 · 6 張相片,2 個月前,5 顆星,好玩好吃,https://www.google.com/maps/contrib/102219566283977536713/reviews?hl=zh-TW
武聖夜市,文小泓,在地嚮導 · 64 則評論 · 549 張相片,2 個月前,5 顆星,,https://www.google.com/maps/contrib/118020771648454238431/reviews?hl=zh-TW
武聖夜市,benhockey97,在地嚮導 · 176 則評論 · 3 張相片,2 個月前,5 顆星,,https://www.google.com/maps/contrib/113376910750546654218/reviews?hl=zh-TW
武聖夜市,劉昱鋒,4 則評論,2 個月前,5 顆星,,https://www.google.com/maps/contrib/118341890904322559289/reviews?hl=zh-TW
武聖夜市,王博誠,在地嚮導 · 152 則評論 · 256 張相片,2 個月前,4 顆星,"上週去逛夜市，整體感覺不錯，但有些地方可以再改善。

首先，夜市的動線需要加強。人潮很多，但通道太窄，走起來很擠，想停下來買東西還會影響後面的人。如果能規劃單向通行或設置更明確的標示，逛起來會更輕鬆。

攤位種類算多，但還是以台灣小吃為主。如果能增加異國料理或創意美食，應該會更有吸引力，讓大家有更多選擇。

值得一提的是，停車超方便！旁邊就有停車場，車位很多，開車來完全不用擔心找不到位子，這點大加分。

當然，最讓人滿意的還是食物！拔絲薯條外脆內軟，拉絲的口感讓人忍不住一口接一口，甜而不膩。烤魚也很鮮美，外皮微焦帶點酥脆，裡面的魚肉鮮嫩多汁，調味剛剛好，讓人印象深刻。

整體來說，這次逛夜市的體驗很愉快，若動線和攤位多元性能再提升，相信會更棒！",https://www.google.com/maps/contrib/116897734557146723557/reviews?hl=zh-TW
武聖夜市,王厚仁,在地嚮導 · 14 則評論 · 47 張相片,2 個月前,4 顆星,,https://www.google.com/maps/contrib/110112440887149103139/reviews?hl=zh-TW
武聖夜市,邵逸仲,3 則評論 · 3 張相片,2 個月前,5 顆星,"攤販很多，不過假日人潮很多，
停車可能會需要等

不定時會有大型娃娃的抱抱，還有街頭藝人表演，非常熱鬧",https://www.google.com/maps/contrib/112377119758734756958/reviews?hl=zh-TW
武聖夜市,Yoon C,"在地嚮導 · 622 則評論 · 2,850 張相片",2 個月前,4 顆星,一個夜市，人不是太多，地點也不錯。每週只開放 3 天，所以請檢查一周中的哪幾天！,https://www.google.com/maps/contrib/112663440572835635014/reviews?hl=zh-TW
武聖夜市,TOP 10 DREAM塔普疼愛幻想,在地嚮導 · 49 則評論 · 2 張相片,2 個月前,5 顆星,"非常大的夜市
有許多不同的美食及遊戲
非常建議一家大小一起來玩呦",https://www.google.com/maps/contrib/105305591182707906859/reviews?hl=zh-TW
武聖夜市,Lin Yon,在地嚮導 · 428 則評論 · 563 張相片,2 個月前,4 顆星,"台北人到武聖心得
1、烤鴨淺挺堡
堡可以但鴨肉很少，為了鴨肉點的不推
2、土豆餅
好吃推薦，土豆絲裡的蛋有鳥蛋的味道，可惜要大排隊
3、旗魚串
好吃，份量不大建議兩隻起跳
4、阿嬤紅茶坊
但紅茶跟紅茶牛奶都買過，單紅茶不好喝，紅茶牛奶（冰）好喝！
5、炸皮蛋
超普通…超浪費錢…
6、沙威瑪
好吃！記憶中的味道，麵包烤的很酥脆，美乃滋很讚
7、拔絲地瓜
很普通不知道在吃啥
8、德聖雞排
肉質一般，不祡不嫩，有碳烤香但不推薦",https://www.google.com/maps/contrib/105107062318394910894/reviews?hl=zh-TW
武聖夜市,芸BEAU,12 則評論,2 個月前,3 顆星,人太多了 好走,https://www.google.com/maps/contrib/103433994119225335542/reviews?hl=zh-TW
武聖夜市,daisy Hsu,在地嚮導 · 23 則評論 · 93 張相片,2 個月前,4 顆星,,https://www.google.com/maps/contrib/112786514076410473474/reviews?hl=zh-TW
武聖夜市,Sally Sally,在地嚮導 · 105 則評論 · 251 張相片,2 個月前,5 顆星,麻雀雖小 五臟俱全的夜市，年輕時常和好友去逛。有孩子後，星期六幾乎都會報到，跟女兒去買好吃的可莉餅⋯⋯還有很多好吃的回家享用。,https://www.google.com/maps/contrib/117875281644177565806/reviews?hl=zh-TW
武聖夜市,張愛睏,在地嚮導 · 106 則評論 · 601 張相片,2 個月前,4 顆星,夜市面積不大，但各種都有~,https://www.google.com/maps/contrib/105228221072605949263/reviews?hl=zh-TW
武聖夜市,丁巡旻,4 則評論 · 5 張相片,2 個月前,5 顆星,"雖然很久沒有去了
但東西一樣好吃",https://www.google.com/maps/contrib/100835641828178871150/reviews?hl=zh-TW
武聖夜市,William,在地嚮導 · 58 則評論 · 227 張相片,2 個月前,4 顆星,"附有小朋友遊樂設施的夜市。
逢星期三、五、六營業；過年期間則會連續營業。",https://www.google.com/maps/contrib/102458793273390108651/reviews?hl=zh-TW
武聖夜市,蔡佩佩,在地嚮導 · 30 則評論 · 27 張相片,2 個月前,5 顆星,吃了炭烤杏鮑菇、烤魚、土耳其捲餅、甘草芭樂、炸皮蛋～滿意！,https://www.google.com/maps/contrib/110580430256418998959/reviews?hl=zh-TW
武聖夜市,小謙謙,在地嚮導 · 23 則評論 · 13 張相片,2 個月前,3 顆星,,https://www.google.com/maps/contrib/112279429292861845905/reviews?hl=zh-TW
武聖夜市,Fu Ej,在地嚮導 · 2 則評論 · 83 張相片,2 個月前,5 顆星,,https://www.google.com/maps/contrib/108234264069553404705/reviews?hl=zh-TW
武聖夜市,鄭君祥,在地嚮導 · 176 則評論 · 754 張相片,2 個月前,5 顆星,,https://www.google.com/maps/contrib/109489904930951400460/reviews?hl=zh-TW
武聖夜市,天空熊（SKY 熊）,9 則評論 · 2 張相片,2 個月前,5 顆星,,https://www.google.com/maps/contrib/106740626737147695078/reviews?hl=zh-TW
武聖夜市,楊靜怡,在地嚮導 · 11 則評論 · 4 張相片,2 個月前,5 顆星,,https://www.google.com/maps/contrib/107370030659018545517/reviews?hl=zh-TW
武聖夜市,譚敬綾（Ben）,在地嚮導 · 82 則評論 · 34 張相片,2 個月前,4 顆星,,https://www.google.com/maps/contrib/110931585522803374110/reviews?hl=zh-TW
武聖夜市,Ortiz Lin,在地嚮導 · 265 則評論 · 130 張相片,2 個月前,1 顆星,114年2月1日週六晚上有一攤糖葫蘆沒標價一串賣100元 得知價格前三位孩子已經咬下 只好乖乖付款 除此之外 一切夜市一切都很好,https://www.google.com/maps/contrib/106976728429162352344/reviews?hl=zh-TW
武聖夜市,Fiona,5 則評論 · 2 張相片,2 個月前,5 顆星,每個月吃一次夜市，固定都是買完花園夜市再來武聖，有發現武聖越來越多人，可能花園越來越像賣觀光客的，花園漲價很多。很多在地人比較常來武聖，我常買的攤位有東山鴨頭的米血(在車道那排的中間攤位，旁邊賣牛排的樣子)，Q什麼的彩色地瓜球(忘記店名了，靠近垃圾桶那裡/大50小30)，章魚小丸子(車道最末端/我都買三盒海苔不加美乃滋，怕胖)，蔥油餅(章魚小丸子那排走進去第二還第三攤就是了/半張咖哩好像是45，整張是90)，陳家阿嬤拔絲地瓜(綜合不加qq球)，之後再去留花園都吃什麼哈哈。,https://www.google.com/maps/contrib/111190757231743578030/reviews?hl=zh-TW
武聖夜市,熊利絲,在地嚮導 · 232 則評論 · 596 張相片,2 個月前,5 顆星,吃了一堆東西,https://www.google.com/maps/contrib/101657915489451124172/reviews?hl=zh-TW
武聖夜市,莊永誠,在地嚮導 · 14 則評論 · 3 張相片,2 個月前,5 顆星,"台南老牌夜市
好吃的食物多
生活日常用品也賣
小朋友玩的也多
價位、動線、環境整潔、停車都好👍",https://www.google.com/maps/contrib/110390697032139216445/reviews?hl=zh-TW
武聖夜市,wen kuo,在地嚮導 · 401 則評論 · 514 張相片,2 個月前,5 顆星,蠻多攤位的夜市👍 …,https://www.google.com/maps/contrib/108402276344790980544/reviews?hl=zh-TW
武聖夜市,靈貓,在地嚮導 · 89 則評論 · 129 張相片,2 個月前,5 顆星,,https://www.google.com/maps/contrib/101021152775416667445/reviews?hl=zh-TW
武聖夜市,Sky Lian (SKY),在地嚮導 · 168 則評論 · 80 張相片,2 個月前,4 顆星,,https://www.google.com/maps/contrib/106426875509783127087/reviews?hl=zh-TW
武聖夜市,陳建均,8 則評論 · 3 張相片,2 個月前,1 顆星,,https://www.google.com/maps/contrib/114369277270670714816/reviews?hl=zh-TW
武聖夜市,黃曉芬,1 則評論,2 個月前,1 顆星,,https://www.google.com/maps/contrib/109196920146641607281/reviews?hl=zh-TW
武聖夜市,許家毓,9 則評論 · 2 張相片,2 個月前,5 顆星,,https://www.google.com/maps/contrib/115906070118296920215/reviews?hl=zh-TW
武聖夜市,易,在地嚮導 · 74 則評論 · 601 張相片,2 個月前,4 顆星,,https://www.google.com/maps/contrib/103095838654527620528/reviews?hl=zh-TW
武聖夜市,謝漫豫,在地嚮導 · 105 則評論 · 56 張相片,2 個月前,5 顆星,"台南最愛夜市🤩！
很多好吃好買的 必去～～～ …",https://www.google.com/maps/contrib/114384224298528347339/reviews?hl=zh-TW
武聖夜市,簡靖琦,5 則評論,2 個月前,4 顆星,,https://www.google.com/maps/contrib/102664335894662633149/reviews?hl=zh-TW
武聖夜市,蔡慶霖,在地嚮導 · 44 則評論 · 27 張相片,2 個月前,5 顆星,,https://www.google.com/maps/contrib/112466202400924334465/reviews?hl=zh-TW
武聖夜市,功夫熊貓,在地嚮導 · 39 則評論 · 5 張相片,2 個月前,5 顆星,,https://www.google.com/maps/contrib/105535185567726259530/reviews?hl=zh-TW
武聖夜市,陳怡馨,3 則評論,2 個月前,5 顆星,超好逛,https://www.google.com/maps/contrib/111374992161711463178/reviews?hl=zh-TW
武聖夜市,和泳村,在地嚮導 · 142 則評論 · 183 張相片,2 個月前,4 顆星,,https://www.google.com/maps/contrib/116730858474234159341/reviews?hl=zh-TW
武聖夜市,高傲駱駝,8 則評論,2 個月前,4 顆星,,https://www.google.com/maps/contrib/116555974289416517550/reviews?hl=zh-TW
武聖夜市,夏大寶,在地嚮導 · 80 則評論 · 110 張相片,2 個月前,3 顆星,,https://www.google.com/maps/contrib/112361582493258956135/reviews?hl=zh-TW
武聖夜市,邱奕森,在地嚮導 · 21 則評論 · 7 張相片,2 個月前,5 顆星,,https://www.google.com/maps/contrib/104010893096797657928/reviews?hl=zh-TW
武聖夜市,Yao Yog,11 則評論 · 2 張相片,2 個月前,5 顆星,,https://www.google.com/maps/contrib/113280091769592029480/reviews?hl=zh-TW
武聖夜市,蔡永霖,在地嚮導 · 8 則評論 · 6 張相片,2 個月前,5 顆星,,https://www.google.com/maps/contrib/107091665841182734285/reviews?hl=zh-TW
武聖夜市,Chi Pan Leong,4 則評論,2 個月前,5 顆星,讚,https://www.google.com/maps/contrib/103068809414102376970/reviews?hl=zh-TW
武聖夜市,Eliza good,3 則評論 · 1 張相片,2 個月前,1 顆星,2025/02/12星期三，我特地南下想逛台南武聖夜市，根據官網公告，夜市應該在每週三、五、六營業。然而，抵達現場後才發現夜市完全沒有營業，且事前沒有任何公告，導致時間和金錢的浪費，讓人感到相當失望。 …,https://www.google.com/maps/contrib/112842493830844853678/reviews?hl=zh-TW
武聖夜市,mike Kuo,2 則評論,2 個月前,5 顆星,,https://www.google.com/maps/contrib/112786796220034457808/reviews?hl=zh-TW
武聖夜市,李立德,在地嚮導 · 14 則評論 · 29 張相片,2 個月前,5 顆星,,https://www.google.com/maps/contrib/102933078217168285636/reviews?hl=zh-TW
武聖夜市,林富承,在地嚮導 · 36 則評論 · 174 張相片,2 個月前,5 顆星,,https://www.google.com/maps/contrib/116179762667560758480/reviews?hl=zh-TW
武聖夜市,高小瑩,在地嚮導 · 30 則評論 · 10 張相片,2 個月前,1 顆星,"特地挑周三從北部來，結果到了居然黑黑一片空地，以為跑錯地方，問了路人，確定沒跑錯地方，立刻到臉書搜尋看有沒有什麼公告，結果什麼也沒寫，
下雨或任何原因停開也發文公告一下吧，還是此夜市就是這樣高興開就開，不高興開就休息，就算粉專寫周三.五.六營業，要逛的人要碰運氣，因為此夜市有開是幸運，沒開是你活該，開不開隨管理者的心情",https://www.google.com/maps/contrib/101093153435132374951/reviews?hl=zh-TW
武聖夜市,S華,在地嚮導 · 12 則評論 · 60 張相片,2 個月前,4 顆星,,https://www.google.com/maps/contrib/116489932246102615486/reviews?hl=zh-TW
武聖夜市,林彥均,1 則評論,2 個月前,1 顆星,營業中是裝飾用的？說不開就不開，下雨天不開也不公告，粉專是裝飾用的歐，難到40年的歷史是叫假的吧，如果40年來都是這個態度開夜市早就倒了，剛剛有好幾組人都看到夜市沒開停在那邊愣著，只會騙觀光客來看空氣就對了啦。,https://www.google.com/maps/contrib/105206448758858602866/reviews?hl=zh-TW
武聖夜市,陳彥辰,2 則評論,2 個月前,5 顆星,還好,https://www.google.com/maps/contrib/115078958367315997342/reviews?hl=zh-TW
武聖夜市,施詠傑,在地嚮導 · 10 則評論 · 36 張相片,2 個月前,5 顆星,,https://www.google.com/maps/contrib/109838776793705846375/reviews?hl=zh-TW
武聖夜市,I.T Lee,在地嚮導 · 9 則評論 · 3 張相片,2 個月前,4 顆星,,https://www.google.com/maps/contrib/103172558365635668299/reviews?hl=zh-TW
武聖夜市,andys667,"在地嚮導 · 6 則評論 · 3,461 張相片",2 個月前,5 顆星,,https://www.google.com/maps/contrib/109502539114238136186/reviews?hl=zh-TW
武聖夜市,李佳芸,在地嚮導,2 個月前,5 顆星,,https://www.google.com/maps/contrib/116872634175972333657/reviews?hl=zh-TW
武聖夜市,張展源,17 則評論,2 個月前,5 顆星,,https://www.google.com/maps/contrib/117897088255853398024/reviews?hl=zh-TW
武聖夜市,王勝豐,在地嚮導 · 23 則評論 · 7 張相片,2 個月前,5 顆星,鴨肉羹好吃,https://www.google.com/maps/contrib/112600039037270949395/reviews?hl=zh-TW
武聖夜市,Polly Kuo,113 則評論,2 個月前,5 顆星,,https://www.google.com/maps/contrib/100432895082008112408/reviews?hl=zh-TW
武聖夜市,Christine L,在地嚮導 · 12 則評論 · 2 張相片,2 個月前,5 顆星,咖椰吐司加奶油很好吃,https://www.google.com/maps/contrib/106328156293422471159/reviews?hl=zh-TW
武聖夜市,人生好難,在地嚮導 · 15 則評論 · 16 張相片,2 個月前,5 顆星,台南前三大夜市 沒話說,https://www.google.com/maps/contrib/105686790032400398605/reviews?hl=zh-TW
武聖夜市,羅麗芳,在地嚮導 · 4 則評論,2 個月前,5 顆星,,https://www.google.com/maps/contrib/116048503549563271041/reviews?hl=zh-TW
武聖夜市,nna A,在地嚮導 · 9 則評論 · 27 張相片,2 個月前,5 顆星,,https://www.google.com/maps/contrib/101602699462824982332/reviews?hl=zh-TW
武聖夜市,林昇緯,在地嚮導 · 16 則評論 · 4 張相片,2 個月前,4 顆星,"好吃的東西很多的夜市 個人最愛的夜市
建議禮拜三去
只是指揮交通的人超級兇",https://www.google.com/maps/contrib/111964313194965111544/reviews?hl=zh-TW
武聖夜市,阿濃,在地嚮導 · 81 則評論 · 205 張相片,2 個月前,5 顆星,"很讚，還有街頭藝人表演，一些遊樂設施。
有吃又有玩。
只是附近一改裝車很吵。",https://www.google.com/maps/contrib/113302921414130265431/reviews?hl=zh-TW
武聖夜市,龍蝦先生,在地嚮導 · 245 則評論 · 656 張相片,2 個月前,5 顆星,附近的彈珠台店好玩,https://www.google.com/maps/contrib/113467362162887885912/reviews?hl=zh-TW
武聖夜市,黃慧汝,6 則評論 · 5 張相片,2 個月前,4 顆星,,https://www.google.com/maps/contrib/104102992111750775758/reviews?hl=zh-TW
武聖夜市,1998 Gary,在地嚮導 · 104 則評論 · 47 張相片,2 個月前,5 顆星,這邊最有趣的還是那個海盜船 我逛到一半一直聽到有殺雞的嘶吼聲 轉過去看才發現是上面的遊客在叫的 而且看起來很刺激 雖然是小型的 不過看起來蠻可怕的,https://www.google.com/maps/contrib/118067410196617646905/reviews?hl=zh-TW
武聖夜市,勝彥（LOOK ROAD）,在地嚮導 · 451 則評論 · 786 張相片,2 個月前,4 顆星,"🌟 武聖夜市 – 台南在地 40 年老字號夜市 🌟

📍 地址：台南市中西區武聖路 69 巷 42 號
🕔 營業時間：每週三、五、六 17:00 – 00:00
🚗 停車場：超過 6000 坪 的汽機車停車場 🏍️

這次來到 武聖夜市，這裡可是 台南最悠久的老牌夜市，已經有 40 年的歷史 了！據說平常有超過 500 攤，各種吃喝玩樂應有盡有，還有 超大停車場，對於開車來的朋友來說真的很方便！

不過 2025/2/8 晚上 6 點多 到的時候，發現攤販比想像中少很多 🤔 不確定是不是因為剛好 鹿耳門有煙火活動，導致很多攤販去擺攤了，還有不少空攤位。這樣的情況是不是常態不清楚，但當天確實有點冷清。

🍢 當天吃了這幾樣：

✔ 碳烤雞排 🍗
外皮烤得香酥，不會太油，醬料調味剛剛好，不會死鹹，整體來說還不錯，但因為當天選擇不多，所以也沒辦法比較其他家的味道。

✔ 鍋燒意麵 🍜
台南的鍋燒意麵果然還是很有水準，湯頭濃郁，麵條 Q 彈，但整體來說沒有特別驚艷，就是穩穩的好吃。

✔ 陳家阿嬤拔絲地瓜芋頭 🍠🍠（**超推！**🔥）
這個真的 大推！地瓜和芋頭外面裹上一層薄薄的糖衣，咬下去 酥脆又香甜，最特別的是 放涼了也很好吃，完全不會變硬或影響口感，真的是來這裡必吃的小吃之一！

🚲 交通小提醒
這附近不太容易找到 共享機車（Wemo、GoShare、iRent 都沒看到），所以如果是騎共享機車來的朋友，可能要多注意一下停車點，避免要回程時找不到車喔！

💡 總結
雖然這次來的時候夜市攤販比預期少，但整體氛圍還是 台南味滿滿，加上停車場很大，對開車族來說相當方便。如果剛好遇到攤販全數到齊，應該會更有逛夜市的感覺！希望下次來能遇到更完整的夜市體驗！🎡🍢 綜合評價 4/5 🌟",https://www.google.com/maps/contrib/100087028734037061713/reviews?hl=zh-TW
武聖夜市,米娜,3 則評論,2 個月前,5 顆星,"好吃的很多，都是些老店了。
買東西，衣服也很多元化，價格也都很實惠，台南那麼多夜市，我覺得還是武聖最好逛，停車也很方便",https://www.google.com/maps/contrib/107834041575766465678/reviews?hl=zh-TW
武聖夜市,憶憶憶,在地嚮導 · 44 則評論 · 16 張相片,2 個月前,5 顆星,,https://www.google.com/maps/contrib/109975761417178941666/reviews?hl=zh-TW
武聖夜市,張軒睿,4 則評論,2 個月前,4 顆星,,https://www.google.com/maps/contrib/117078744386049293696/reviews?hl=zh-TW
武聖夜市,Carol Lai Sheung,5 則評論 · 4 張相片,2 個月前,5 顆星,非常喜歡,https://www.google.com/maps/contrib/108875220325894523375/reviews?hl=zh-TW
武聖夜市,蘇經文,在地嚮導 · 21 則評論 · 9 張相片,2 個月前,5 顆星,,https://www.google.com/maps/contrib/107044579724219276073/reviews?hl=zh-TW
武聖夜市,Rebecca04078 Liu,在地嚮導 · 81 則評論 · 177 張相片,2 個月前,4 顆星,"大腸麵線好吃
烤肉也有一定水準
古早鳥蛋仔真好吃",https://www.google.com/maps/contrib/103677700692296454193/reviews?hl=zh-TW
武聖夜市,Sen Liu,在地嚮導 · 116 則評論 · 735 張相片,2 個月前,4 顆星,台南好吃好玩的夜市，最多人排隊的是拔絲地瓜和QQ球，另外烤玉米也好吃.,https://www.google.com/maps/contrib/105076685084851683282/reviews?hl=zh-TW
武聖夜市,chai match,"在地嚮導 · 118 則評論 · 2,790 張相片",2 個月前,4 顆星,,https://www.google.com/maps/contrib/117227656575331063735/reviews?hl=zh-TW
武聖夜市,Chun te Lee,在地嚮導 · 49 則評論 · 64 張相片,2 個月前,5 顆星,,https://www.google.com/maps/contrib/116083751419624192266/reviews?hl=zh-TW
武聖夜市,Tyler Kuo,在地嚮導 · 32 則評論 · 225 張相片,2 個月前,5 顆星,,https://www.google.com/maps/contrib/114250104605307952492/reviews?hl=zh-TW
武聖夜市,吳俊緯,在地嚮導 · 47 則評論 · 995 張相片,2 個月前,5 顆星,好吃好玩的很多，快趕上花園夜市了,https://www.google.com/maps/contrib/103467641300875424158/reviews?hl=zh-TW
武聖夜市,阿呈,在地嚮導 · 137 則評論 · 42 張相片,2 個月前,1 顆星,"這間豆乳雞整個拉低武聖夜市的美名
態度超差。被插隊也無視於你
手腳慢的離譜讓你等是應該的 …",https://www.google.com/maps/contrib/108278344335549819902/reviews?hl=zh-TW
武聖夜市,Xuan,在地嚮導 · 20 則評論 · 27 張相片,2 個月前,5 顆星,很讚,https://www.google.com/maps/contrib/113793074100338541928/reviews?hl=zh-TW
武聖夜市,Luter Liu,在地嚮導 · 21 則評論 · 15 張相片,2 個月前,5 顆星,早點去不用人擠人唷,https://www.google.com/maps/contrib/116103998972190730960/reviews?hl=zh-TW
武聖夜市,apple shih,在地嚮導 · 92 則評論 · 483 張相片,2 個月前,5 顆星,,https://www.google.com/maps/contrib/101745896708996533733/reviews?hl=zh-TW
武聖夜市,吶吶,在地嚮導 · 27 則評論 · 11 張相片,2 個月前,1 顆星,"海公公火烤魚
烤牡蠣吃完嚴重上吐下瀉
同行有吃的都出事 想吃請三思
（原本留過評價 後來太多負評店家把地標給刪了）",https://www.google.com/maps/contrib/100636030766010301885/reviews?hl=zh-TW
武聖夜市,Dennis Chen,在地嚮導 · 15 則評論 · 13 張相片,2 個月前,4 顆星,,https://www.google.com/maps/contrib/113990608317419951642/reviews?hl=zh-TW
武聖夜市,詹詠琦,4 則評論 · 4 張相片,2 個月前,5 顆星,,https://www.google.com/maps/contrib/112763687710941775623/reviews?hl=zh-TW
武聖夜市,妮豬豬,"在地嚮導 · 808 則評論 · 2,016 張相片",2 個月前,4 顆星,"吃的比大東夜市多
有剪刀手雞蛋糕
停車不好停
想要停好一點的話需走600公尺",https://www.google.com/maps/contrib/115725664824622916028/reviews?hl=zh-TW
武聖夜市,曾xx,3 則評論 · 1 張相片,2 個月前,5 顆星,,https://www.google.com/maps/contrib/114226525710941852743/reviews?hl=zh-TW
武聖夜市,楊竣凱,在地嚮導 · 42 則評論 · 4 張相片,2 個月前,5 顆星,國華街再走一段就到了，可是很多東西價格卻比國華街的便宜很多cp值高，但人很多，停車場幾乎滿位,https://www.google.com/maps/contrib/116974673231463476663/reviews?hl=zh-TW
武聖夜市,陳永容,在地嚮導 · 13 則評論 · 8 張相片,2 個月前,4 顆星,,https://www.google.com/maps/contrib/118353438552777122937/reviews?hl=zh-TW
武聖夜市,Give Mr Top,在地嚮導 · 36 則評論 · 27 張相片,2 個月前,4 顆星,非心中所期待,https://www.google.com/maps/contrib/110269536918341821595/reviews?hl=zh-TW
武聖夜市,Russel Su,在地嚮導 · 16 則評論 · 2 張相片,2 個月前,5 顆星,回台南一定要去的夜市。,https://www.google.com/maps/contrib/110511600410959626778/reviews?hl=zh-TW
武聖夜市,Elisa Chang,在地嚮導 · 20 則評論 · 32 張相片,2 個月前,5 顆星,我台南人同學推薦無誤 要吃好吃的要逛 武聖。規模不大 但是好吃的很多。,https://www.google.com/maps/contrib/103698170121518427086/reviews?hl=zh-TW
武聖夜市,ying,11 則評論 · 3 張相片,2 個月前,5 顆星,,https://www.google.com/maps/contrib/104031579619906186967/reviews?hl=zh-TW
武聖夜市,Yo優婆夷,在地嚮導 · 20 則評論 · 16 張相片,2 個月前,5 顆星,過去的15年，我在新竹和台北的各大夜市，看到它漸漸消失了。現在來武聖夜市，才體悟到，有人參與是最可貴和懷念的夜市，大家很熱情地去參與和互相共鳴，玩彈珠，射飛鏢，吃各種好吃的，逛各種漂亮又便宜的衣飾和用品。台南人的台語太細緻溫柔，不似一般聽到的指教用語，而是溫柔的互動，為什麼普遍台語都講得這麼好呢！,https://www.google.com/maps/contrib/118036463613971035609/reviews?hl=zh-TW
武聖夜市,咪咪芳,5 則評論 · 13 張相片,2 個月前,5 顆星,,https://www.google.com/maps/contrib/118309728560907029884/reviews?hl=zh-TW
武聖夜市,Ryan CHEN,在地嚮導 · 56 則評論 · 214 張相片,2 個月前,5 顆星,"夜市很多攤蠻好逛的
開車來的話，要繞滿多圈才等得到車位，建議直接停去最後面的收費停車場有uTagGo 。",https://www.google.com/maps/contrib/115154965249820823622/reviews?hl=zh-TW
武聖夜市,李錦河,在地嚮導 · 6 則評論,2 個月前,4 顆星,,https://www.google.com/maps/contrib/101175223731953290561/reviews?hl=zh-TW
武聖夜市,Frank Chuang,在地嚮導 · 26 則評論 · 19 張相片,2 個月前,1 顆星,邱記10元碳烤根本水煮的 一點味道都沒有…,https://www.google.com/maps/contrib/117376115713633557287/reviews?hl=zh-TW
武聖夜市,liu,13 則評論 · 5 張相片,2 個月前,1 顆星,超難停車 超爛👎👎👎👎車子排隊亂停擋在路中間超北七 下次不會再來 …,https://www.google.com/maps/contrib/115465963626334721801/reviews?hl=zh-TW
武聖夜市,jinvvv,在地嚮導 · 48 則評論 · 13 張相片,2 個月前,5 顆星,,https://www.google.com/maps/contrib/106214494769700700347/reviews?hl=zh-TW
武聖夜市,兄弟時光,在地嚮導 · 186 則評論 · 2 張相片,2 個月前,1 顆星,本來是全家最愛的夜市之一，結果遇到流氓在管理停車場，口氣是如此的糟糕，以後對這裡就興趣缺缺了😡😡😡😡😡高雄夜市多的是 …,https://www.google.com/maps/contrib/100525626811286933365/reviews?hl=zh-TW
武聖夜市,戴秀慈,在地嚮導 · 17 則評論 · 10 張相片,2 個月前,5 顆星,,https://www.google.com/maps/contrib/118108428662807061292/reviews?hl=zh-TW
武聖夜市,Lucas KUO,"在地嚮導 · 52 則評論 · 10,383 張相片",2 個月前,3 顆星,,https://www.google.com/maps/contrib/104063817720707849580/reviews?hl=zh-TW
武聖夜市,來發,在地嚮導 · 41 則評論 · 17 張相片,2 個月前,1 顆星,吃了夜市的烤蚵，回去之後，父子倆人上吐下瀉，經過醫師診斷，是諾羅病毒感染。花200塊得到的是有問題的食物....，不知道其它的人吃了有沒有問題？,https://www.google.com/maps/contrib/114214483045919794288/reviews?hl=zh-TW
武聖夜市,梁家銘,在地嚮導 · 100 則評論 · 36 張相片,2 個月前,5 顆星,東西好吃，場地整齊乾淨,https://www.google.com/maps/contrib/115575367069997007870/reviews?hl=zh-TW
武聖夜市,高嘉宏,10 則評論 · 9 張相片,2 個月前,5 顆星,,https://www.google.com/maps/contrib/115466645397032681286/reviews?hl=zh-TW
武聖夜市,Ren Yang,在地嚮導 · 24 則評論 · 54 張相片,2 個月前,5 顆星,,https://www.google.com/maps/contrib/106227101614981111302/reviews?hl=zh-TW
武聖夜市,ECHENG SU,在地嚮導 · 69 則評論 · 162 張相片,2 個月前,5 顆星,"東西比起其他夜市便宜好吃！！
難怪好多攤都在排隊",https://www.google.com/maps/contrib/115862052232312782649/reviews?hl=zh-TW
武聖夜市,うちわ煮,在地嚮導 · 252 則評論 · 347 張相片,2 個月前,4 顆星,雖然比我預想的要小，大約200m見方，但是玩的挺開心的，而且如果我去得早的話，場地就空了，孩子們也能玩得很開心。,https://www.google.com/maps/contrib/110840800607745883830/reviews?hl=zh-TW
武聖夜市,俊玠,在地嚮導 · 127 則評論 · 357 張相片,2 個月前,5 顆星,這是台南最受當地人歡迎的夜市。,https://www.google.com/maps/contrib/111890236401179880409/reviews?hl=zh-TW
武聖夜市,呂堯榮,在地嚮導 · 15 則評論,2 個月前,5 顆星,,https://www.google.com/maps/contrib/114700378358048344742/reviews?hl=zh-TW
武聖夜市,PLEASE,"在地嚮導 · 689 則評論 · 1,666 張相片",2 個月前,5 顆星,觀光夜市 比花園夜市小一些 不知道算不算特色 最外圍有旋轉木馬、摩天輪、海盜船等遊樂器材,https://www.google.com/maps/contrib/111787356057502873147/reviews?hl=zh-TW
武聖夜市,meimei weng,在地嚮導 · 228 則評論 · 515 張相片,2 個月前,4 顆星,,https://www.google.com/maps/contrib/103238957515024634688/reviews?hl=zh-TW
武聖夜市,謝嘉成,3 則評論,2 個月前,5 顆星,,https://www.google.com/maps/contrib/112517003833454868020/reviews?hl=zh-TW
武聖夜市,Arvin Chen,在地嚮導 · 19 則評論 · 3 張相片,2 個月前,5 顆星,,https://www.google.com/maps/contrib/105240571149763971334/reviews?hl=zh-TW
武聖夜市,涵張,在地嚮導 · 54 則評論 · 67 張相片,2 個月前,3 顆星,,https://www.google.com/maps/contrib/117920953575866123881/reviews?hl=zh-TW
武聖夜市,陳彥宇,在地嚮導 · 8 則評論 · 3 張相片,2 個月前,5 顆星,,https://www.google.com/maps/contrib/118252145167917092196/reviews?hl=zh-TW
武聖夜市,Y,在地嚮導 · 17 則評論 · 6 張相片,2 個月前,5 顆星,頂的,https://www.google.com/maps/contrib/104506139696938159942/reviews?hl=zh-TW
武聖夜市,Mushroom Wu,在地嚮導 · 26 則評論 · 2 張相片,2 個月前,5 顆星,,https://www.google.com/maps/contrib/100173026364710479141/reviews?hl=zh-TW
武聖夜市,Yao Shen,在地嚮導 · 53 則評論 · 69 張相片,2 個月前,5 顆星,真的是陣仗浩大 很氣派的夜市 什麼都有 但就是交通有點讓人頭痛,https://www.google.com/maps/contrib/110192611930830412809/reviews?hl=zh-TW
武聖夜市,Lucas,"在地嚮導 · 43 則評論 · 8,249 張相片",2 個月前,4 顆星,,https://www.google.com/maps/contrib/115534224900792070510/reviews?hl=zh-TW
武聖夜市,Jingyun Wu,在地嚮導 · 40 則評論 · 10 張相片,2 個月前,5 顆星,,https://www.google.com/maps/contrib/113581172132489570017/reviews?hl=zh-TW
武聖夜市,黃阮祥,在地嚮導 · 17 則評論 · 186 張相片,2 個月前,3 顆星,,https://www.google.com/maps/contrib/115841003133427704734/reviews?hl=zh-TW
武聖夜市,羊羊,在地嚮導 · 22 則評論 · 1 張相片,2 個月前,5 顆星,有很多東西都很好吃，有垃圾桶可以丟垃圾，附近有廁所及停車場,https://www.google.com/maps/contrib/100424572438165858141/reviews?hl=zh-TW
武聖夜市,鄭粗皮,在地嚮導 · 9 則評論 · 59 張相片,2 個月前,5 顆星,,https://www.google.com/maps/contrib/114686041181079519894/reviews?hl=zh-TW
武聖夜市,喝醉後的小潔,在地嚮導 · 18 則評論 · 28 張相片,2 個月前,5 顆星,"攤販重複率相較花園較不高
遊戲相較花園更簡單
有間賣甜點小蛋糕的攤販
激推買提拉米蘇還有草莓口味一起吃",https://www.google.com/maps/contrib/112980976288528476510/reviews?hl=zh-TW
武聖夜市,Resutia Chen,在地嚮導 · 40 則評論 · 16 張相片,2 個月前,5 顆星,,https://www.google.com/maps/contrib/106549784856182461224/reviews?hl=zh-TW
武聖夜市,徐國寶,在地嚮導 · 13 則評論 · 10 張相片,2 個月前,4 顆星,無,https://www.google.com/maps/contrib/104780635236500497252/reviews?hl=zh-TW
武聖夜市,王久慶,在地嚮導 · 17 則評論 · 21 張相片,2 個月前,4 顆星,,https://www.google.com/maps/contrib/108457267482284261491/reviews?hl=zh-TW
武聖夜市,wan hi,"在地嚮導 · 51 則評論 · 2,351 張相片",2 個月前,4 顆星,,https://www.google.com/maps/contrib/106911764058095642671/reviews?hl=zh-TW
武聖夜市,謝明璋,在地嚮導 · 37 則評論 · 1 張相片,2 個月前,5 顆星,,https://www.google.com/maps/contrib/112227813946333987871/reviews?hl=zh-TW
武聖夜市,Kz君,在地嚮導 · 66 則評論 · 48 張相片,2 個月前,5 顆星,有小型摩天輪、旋轉木馬(迷你海盜船，大人玩也很刺激），除了買宵夜外，偶爾也會想帶去遛小孩一下,https://www.google.com/maps/contrib/104177936899208113223/reviews?hl=zh-TW
武聖夜市,Demon Ma,在地嚮導 · 17 則評論 · 36 張相片,2 個月前,4 顆星,,https://www.google.com/maps/contrib/112073950557428251572/reviews?hl=zh-TW
武聖夜市,方布蘭（方方方方）,在地嚮導 · 235 則評論 · 153 張相片,2 個月前,5 顆星,,https://www.google.com/maps/contrib/116696548053726962712/reviews?hl=zh-TW
武聖夜市,lan payton,在地嚮導 · 108 則評論 · 250 張相片,2 個月前,5 顆星,,https://www.google.com/maps/contrib/108508745222423269134/reviews?hl=zh-TW
武聖夜市,許鈺甯,在地嚮導 · 69 則評論 · 38 張相片,2 個月前,5 顆星,"小孩很適合來！有好玩的 、好吃的 還有表演看，武聖夜市的店家也都很熱情❤️
還有免費停車位也有很多人員指引！ …",https://www.google.com/maps/contrib/100424273995959595340/reviews?hl=zh-TW
武聖夜市,諼Xuan Xuan,在地嚮導 · 37 則評論 · 162 張相片,2 個月前,5 顆星,"推👍陳家滷味/雞腳超好吃😋
推👍拌麵/豬肉辣拌麵好吃😋
推👍拔絲地瓜/薯條，地瓜/好吃😋
推👍麻辣乾酥雞雞好吃😋
推👍豬小弟煎餃/伍佰在賣的好吃😋
推👍虎咬豬刈包/燒肉加蛋很特別裡面還有香菜

雞腳入口即化這次買$200回去，好好的啃，豬肉拌麵辣味的很特別好吃拔絲地瓜一定要去排隊雖然人很多但超好吃的不死甜非常的刷嘴，麻辣乾酥雞也非常的好吃，很夠味，豬小弟煎餃我老公說他吃的是超級巨星服務的感覺好吃😋",https://www.google.com/maps/contrib/117331460999116842765/reviews?hl=zh-TW
武聖夜市,沈柏儒,1 則評論 · 1 張相片,2 個月前,5 顆星,,https://www.google.com/maps/contrib/103578981822488961964/reviews?hl=zh-TW
武聖夜市,germany0919,"在地嚮導 · 375 則評論 · 1,796 張相片",2 個月前,4 顆星,"大年初一經過台南搭車時，老公順道帶我來台南的武聖夜市逛逛，我是第一次來因為我們常看的直播叫賣哥就在這裡。😅

雖然正逢過年人潮湧現，所以停車場塞滿了汽機車，因此大部分的攤位都需要排一下隊，不過既然來了夜市免不了要吃吃喝喝，還吃到了我思念已久的白糖粿以及好喝的古早味鮮奶茶、地瓜球、臭豆腐...但最開心的是終於來到了「武聖叫賣哥」的場子見到了本人，真的好像在做夢一樣哩！

我們也捧場買了一個冰霸杯且逗留了一陣子以後，這才心滿意足地趕火車回高雄。😊",https://www.google.com/maps/contrib/117146490676512867355/reviews?hl=zh-TW
武聖夜市,frank min,在地嚮導 · 25 則評論 · 5 張相片,2 個月前,1 顆星,停車非常不方便 8次 知道的會懂我在說什麼,https://www.google.com/maps/contrib/116626408115859143113/reviews?hl=zh-TW
武聖夜市,Chris Gray,在地嚮導 · 170 則評論 · 64 張相片,2 個月前,5 顆星,,https://www.google.com/maps/contrib/114834964081305311663/reviews?hl=zh-TW
武聖夜市,吳小忠,3 則評論,2 個月前,1 顆星,又髒又臭,https://www.google.com/maps/contrib/109009248378462060118/reviews?hl=zh-TW
武聖夜市,Hi lu lu,在地嚮導 · 73 則評論 · 836 張相片,2 個月前,1 顆星,"第一次從外地來假日車超多，沒車位也沒立告示牌，引導動向也不清楚，入口停車場人員口氣超差的，有需要這麼凶嗎？工作人員教育訓練需要再加強。

今晚想逛夜市的心情都沒了，直接開車回家去逛別的夜市，武聖夜市已經是我的黑名單了",https://www.google.com/maps/contrib/100825353358553601312/reviews?hl=zh-TW
武聖夜市,james俊丞,3 則評論 · 1 張相片,2 個月前,5 顆星,,https://www.google.com/maps/contrib/109439126668837811113/reviews?hl=zh-TW
武聖夜市,黃子恩,在地嚮導 · 9 則評論 · 4 張相片,2 個月前,5 顆星,有很多吃的以及玩的東西~可以去找拍賣哥那邊看看,https://www.google.com/maps/contrib/108127686675568560039/reviews?hl=zh-TW
武聖夜市,W.-Y. Wang,在地嚮導 · 19 則評論 · 20 張相片,2 個月前,5 顆星,,https://www.google.com/maps/contrib/103212093773236982224/reviews?hl=zh-TW
武聖夜市,蔡議賢,在地嚮導 · 61 則評論 · 4 張相片,2 個月前,1 顆星,指揮停車場人員年青人脾氣非常壞 壞脾氣客人不要去 可能就地真人PK 大過年不必讓自己不開心,https://www.google.com/maps/contrib/112178398669380534764/reviews?hl=zh-TW
武聖夜市,S,4 則評論 · 4 張相片,2 個月前,5 顆星,,https://www.google.com/maps/contrib/110062867320801204191/reviews?hl=zh-TW
武聖夜市,人璁楊（紅荔大師）,"在地嚮導 · 365 則評論 · 3,025 張相片",2 個月前,5 顆星,京華酵素臭豆腐,https://www.google.com/maps/contrib/114882032020914294956/reviews?hl=zh-TW
武聖夜市,雷丘,在地嚮導 · 119 則評論 · 773 張相片,2 個月前,5 顆星,跟以前比起來優化不少，希望可以有更多攤商支援line pay,https://www.google.com/maps/contrib/116033961670105777021/reviews?hl=zh-TW
武聖夜市,藤原井上,在地嚮導 · 89 則評論 · 84 張相片,2 個月前,4 顆星,,https://www.google.com/maps/contrib/114231968981349309860/reviews?hl=zh-TW
武聖夜市,周志鴻,在地嚮導 · 13 則評論 · 63 張相片,2 個月前,5 顆星,,https://www.google.com/maps/contrib/114545703505258627229/reviews?hl=zh-TW
武聖夜市,吳秀娟,在地嚮導 · 64 則評論 · 430 張相片,2 個月前,5 顆星,,https://www.google.com/maps/contrib/100750474994081655018/reviews?hl=zh-TW
武聖夜市,CHUNYING MA,"在地嚮導 · 518 則評論 · 1,916 張相片",2 個月前,5 顆星,"很好逛的夜市。東西好吃又不貴，附近很好停車。
有一些給小朋友的遊樂設施（小型旋轉木馬、摩天輪、海盜船）",https://www.google.com/maps/contrib/115688071667703980802/reviews?hl=zh-TW
武聖夜市,程給給,"在地嚮導 · 31 則評論 · 2,131 張相片",2 個月前,5 顆星,,https://www.google.com/maps/contrib/118202761567042956181/reviews?hl=zh-TW
武聖夜市,陳智欽,4 則評論,2 個月前,5 顆星,,https://www.google.com/maps/contrib/116484678074949379973/reviews?hl=zh-TW
武聖夜市,林致賢,在地嚮導 · 5 則評論 · 48 張相片,2 個月前,5 顆星,,https://www.google.com/maps/contrib/100209657467066287749/reviews?hl=zh-TW
武聖夜市,林宇軒,在地嚮導 · 29 則評論 · 245 張相片,2 個月前,5 顆星,,https://www.google.com/maps/contrib/111385827634253876115/reviews?hl=zh-TW
武聖夜市,林郁馨,17 則評論 · 1 張相片,2 個月前,1 顆星,"買了10幾樣不同店家和餐點
幾乎95%比花園夜市的不好吃
而且很多家排隊動線不明、態度差(尤其夜市內的施記麻辣豆腐)
不會想再去了",https://www.google.com/maps/contrib/107159636172199580114/reviews?hl=zh-TW
武聖夜市,Jason,在地嚮導 · 114 則評論 · 234 張相片,2 個月前,4 顆星,,https://www.google.com/maps/contrib/105821305609629734010/reviews?hl=zh-TW
武聖夜市,梁藝馨,在地嚮導 · 23 則評論 · 10 張相片,2 個月前,5 顆星,銅板義大利麵、陳家炒飯、沙威瑪、柳橙檸檬都很推薦👍🏻 …,https://www.google.com/maps/contrib/105173322845829241246/reviews?hl=zh-TW
武聖夜市,慈軒,在地嚮導 · 6 則評論 · 3 張相片,2 個月前,5 顆星,還不錯的夜市～就是有些好吃的攤位剛好大家也都想吃～就要排隊等一下下～,https://www.google.com/maps/contrib/114319022511536205937/reviews?hl=zh-TW
武聖夜市,詹皓翔,"在地嚮導 · 163 則評論 · 2,038 張相片",2 個月前,5 顆星,,https://www.google.com/maps/contrib/107971850940101346576/reviews?hl=zh-TW
武聖夜市,許弘坤,在地嚮導 · 2 則評論,2 個月前,3 顆星,,https://www.google.com/maps/contrib/100186185425226550250/reviews?hl=zh-TW
武聖夜市,掉排專家,9 則評論 · 2 張相片,2 個月前,5 顆星,賣熱狗跟豬血糕的推😍 …,https://www.google.com/maps/contrib/106145182781558165860/reviews?hl=zh-TW
武聖夜市,Charles Wu,在地嚮導 · 24 則評論 · 2 張相片,2 個月前,2 顆星,沒有素食正餐，只有地瓜球、杏包菇這一類的素食。吃素的晚餐找不到，只能去附近找。最重要的是，廁所沒有洗手乳，連香皂都沒有，那我上完廁所手都髒掉了，還吃什麼東西？,https://www.google.com/maps/contrib/117008153883520972546/reviews?hl=zh-TW
武聖夜市,周信雄,在地嚮導,2 個月前,4 顆星,,https://www.google.com/maps/contrib/112198584802192578642/reviews?hl=zh-TW
武聖夜市,威廉家的兔兔,在地嚮導 · 21 則評論,2 個月前,5 顆星,太棒了 劉孟,https://www.google.com/maps/contrib/106408023909665053070/reviews?hl=zh-TW
武聖夜市,Bryan Wan,在地嚮導 · 32 則評論 · 10 張相片,2 個月前,4 顆星,,https://www.google.com/maps/contrib/105424397503091279175/reviews?hl=zh-TW
武聖夜市,Rita c,在地嚮導 · 155 則評論 · 592 張相片,2 個月前,4 顆星,久久去一次會有新驚喜,https://www.google.com/maps/contrib/100131414355491820760/reviews?hl=zh-TW
武聖夜市,琳晞,"在地嚮導 · 87 則評論 · 1,086 張相片",2 個月前,5 顆星,"好多年沒來逛了 感覺改變好多

這次來 發現好多人都人手一盒

一開始不知道是什麼 後來才知
原來是賣小蛋糕 找好久才找到

小蛋糕很特別 四四方方的 而且
不會很膩 好好吃 而且價格也是
我能接受的 口味真的很多樣化
吃完以後真的會讓我想在次回購",https://www.google.com/maps/contrib/116301041864991455378/reviews?hl=zh-TW
武聖夜市,鄭宏輝（andy.cheng）,在地嚮導 · 8 則評論 · 4 張相片,2 個月前,5 顆星,,https://www.google.com/maps/contrib/103311918519178095382/reviews?hl=zh-TW
武聖夜市,黃書展,在地嚮導 · 22 則評論 · 9 張相片,2 個月前,5 顆星,,https://www.google.com/maps/contrib/102802548817407795121/reviews?hl=zh-TW
武聖夜市,Michael Lu,在地嚮導 · 48 則評論 · 6 張相片,2 個月前,4 顆星,動線尚可 遊樂設施很多元,https://www.google.com/maps/contrib/110219922632472064610/reviews?hl=zh-TW
武聖夜市,Ydwang King,在地嚮導 · 5 則評論 · 3 張相片,2 個月前,5 顆星,東西很多,https://www.google.com/maps/contrib/116632336380286236974/reviews?hl=zh-TW
武聖夜市,衛斯理,在地嚮導 · 39 則評論 · 5 張相片,2 個月前,2 顆星,攤位排位設計不良!過道太窄!外地造訪者應該不會有下次,https://www.google.com/maps/contrib/115164797849881082010/reviews?hl=zh-TW
武聖夜市,耀,在地嚮導 · 7 則評論 · 58 張相片,2 個月前,4 顆星,,https://www.google.com/maps/contrib/117257341822941693916/reviews?hl=zh-TW
武聖夜市,Tia,在地嚮導 · 182 則評論 · 194 張相片,2 個月前,5 顆星,,https://www.google.com/maps/contrib/105714349290743442299/reviews?hl=zh-TW
武聖夜市,高尚行,在地嚮導 · 42 張相片,2 個月前,4 顆星,,https://www.google.com/maps/contrib/106765402737698731938/reviews?hl=zh-TW
武聖夜市,莊笑為,18 則評論 · 4 張相片,2 個月前,5 顆星,年假期間第一次去 ，有免費停車，從入口開始到各停車區域都有工作人員引導，也都很清楚親切，大型重機有專區停車  ，很棒,https://www.google.com/maps/contrib/110347179382341921877/reviews?hl=zh-TW
武聖夜市,Tom Liu,5 則評論,2 個月前,5 顆星,,https://www.google.com/maps/contrib/102078173921759732118/reviews?hl=zh-TW
武聖夜市,林哲文,3 則評論,3 個月前,3 顆星,,https://www.google.com/maps/contrib/117329379879060334144/reviews?hl=zh-TW
武聖夜市,魏鋕輝,在地嚮導 · 9 則評論,3 個月前,5 顆星,食物好吃，好逛，停車方便（公有，付費都有）,https://www.google.com/maps/contrib/112098953646649218719/reviews?hl=zh-TW
武聖夜市,yulia,在地嚮導 · 33 則評論 · 277 張相片,3 個月前,5 顆星,,https://www.google.com/maps/contrib/114561266513839563784/reviews?hl=zh-TW
武聖夜市,eric Hong,在地嚮導 · 33 則評論 · 33 張相片,3 個月前,5 顆星,,https://www.google.com/maps/contrib/111966208475910208928/reviews?hl=zh-TW
武聖夜市,嗷夜,7 則評論 · 2 張相片,3 個月前,5 顆星,,https://www.google.com/maps/contrib/102869115723775869952/reviews?hl=zh-TW
武聖夜市,吳媽咪,在地嚮導 · 8 則評論 · 4 張相片,3 個月前,5 顆星,,https://www.google.com/maps/contrib/111218866066067363670/reviews?hl=zh-TW
武聖夜市,JL,在地嚮導 · 37 則評論 · 4 張相片,3 個月前,4 顆星,不好停車,https://www.google.com/maps/contrib/112307866586248800361/reviews?hl=zh-TW
武聖夜市,劉榮霖,在地嚮導 · 48 則評論 · 270 張相片,3 個月前,4 顆星,,https://www.google.com/maps/contrib/103692747452409903108/reviews?hl=zh-TW
武聖夜市,佩珊,2 則評論,3 個月前,5 顆星,好逛好買，價格親民不會像觀光夜市一樣,https://www.google.com/maps/contrib/109362133285026342570/reviews?hl=zh-TW
武聖夜市,ka nu,在地嚮導 · 15 則評論 · 16 張相片,3 個月前,5 顆星,,https://www.google.com/maps/contrib/107486048840140738041/reviews?hl=zh-TW
武聖夜市,Hao Hao,在地嚮導 · 46 則評論 · 19 張相片,3 個月前,5 顆星,"從小到大最愛的夜市
希望攤商可以更多元一些",https://www.google.com/maps/contrib/112420882771445186375/reviews?hl=zh-TW
武聖夜市,風火輪,"在地嚮導 · 763 則評論 · 6,252 張相片",3 個月前,4 顆星,還不錯 停車也方便,https://www.google.com/maps/contrib/106172413070456701469/reviews?hl=zh-TW
武聖夜市,鄭竹君,在地嚮導 · 182 則評論 · 554 張相片,3 個月前,5 顆星,攤位很多很好逛，可以品嚐到各式各樣的美食，有些攤位可以搭配line pay 的活動,https://www.google.com/maps/contrib/110923367398568626521/reviews?hl=zh-TW
武聖夜市,Alex Tseng,在地嚮導 · 50 則評論 · 998 張相片,3 個月前,5 顆星,,https://www.google.com/maps/contrib/108976438035726021150/reviews?hl=zh-TW
武聖夜市,呂冠緯,11 則評論 · 2 張相片,3 個月前,5 顆星,,https://www.google.com/maps/contrib/105693522558151688763/reviews?hl=zh-TW
武聖夜市,Elsa Weng,在地嚮導 · 96 則評論 · 68 張相片,3 個月前,5 顆星,,https://www.google.com/maps/contrib/102370361657475997868/reviews?hl=zh-TW
武聖夜市,林KD,14 則評論 · 2 張相片,3 個月前,5 顆星,,https://www.google.com/maps/contrib/106638097782126247465/reviews?hl=zh-TW
武聖夜市,李泓茂,在地嚮導 · 71 則評論 · 349 張相片,3 個月前,4 顆星,,https://www.google.com/maps/contrib/115277885262538329469/reviews?hl=zh-TW
武聖夜市,陳怡文,6 則評論,3 個月前,5 顆星,,https://www.google.com/maps/contrib/115087705080656780520/reviews?hl=zh-TW
武聖夜市,Richard Lin,"在地嚮導 · 79 則評論 · 1,271 張相片",3 個月前,5 顆星,,https://www.google.com/maps/contrib/114536708330096407796/reviews?hl=zh-TW
武聖夜市,Jerry98.373 Aa540888,8 則評論 · 1 張相片,3 個月前,5 顆星,,https://www.google.com/maps/contrib/110685083918819844973/reviews?hl=zh-TW
武聖夜市,Yuhan,4 則評論 · 1 張相片,3 個月前,1 顆星,"停車場車子滿了不放車進去合理 但放我車子後面的那台進去是什麼意思？？
大叔還看車子廠牌放人是嗎 動線爛得要死整條街根本卡住 不是很懂為什麼把停車場出入口設在雙向只有各一線道的路上^^",https://www.google.com/maps/contrib/112473229735336384383/reviews?hl=zh-TW
武聖夜市,謝正德（HSIEH CHENG TE）,在地嚮導 · 48 則評論 · 18 張相片,3 個月前,4 顆星,,https://www.google.com/maps/contrib/107174171344355255406/reviews?hl=zh-TW
武聖夜市,Min Yu,在地嚮導 · 219 則評論 · 8 張相片,3 個月前,5 顆星,過年前來反而沒什麼人 很好買,https://www.google.com/maps/contrib/116362722877157518513/reviews?hl=zh-TW
武聖夜市,林宇軒,4 則評論,3 個月前,5 顆星,,https://www.google.com/maps/contrib/112898628668364656644/reviews?hl=zh-TW
武聖夜市,Blackstone Green,204 則評論,3 個月前,5 顆星,有實力很強的店家隱藏在這裡，難怪平日人潮不亞於大夜市假日。,https://www.google.com/maps/contrib/115615282543675887836/reviews?hl=zh-TW
武聖夜市,whynot afa,在地嚮導 · 25 則評論 · 7 張相片,3 個月前,5 顆星,,https://www.google.com/maps/contrib/112705515417731774541/reviews?hl=zh-TW
武聖夜市,林國豐,在地嚮導 · 17 則評論 · 636 張相片,3 個月前,4 顆星,,https://www.google.com/maps/contrib/100907448770598762009/reviews?hl=zh-TW
武聖夜市,陳虹妏,在地嚮導 · 19 則評論 · 54 張相片,3 個月前,3 顆星,,https://www.google.com/maps/contrib/114942171356268771078/reviews?hl=zh-TW
武聖夜市,shih min Lin,在地嚮導 · 35 則評論 · 5 張相片,3 個月前,5 顆星,現在停車場多了動線指引，進出場變更方便，不過如果從中華西路走光賢路會進入夜市人群，最走小巷子避開,https://www.google.com/maps/contrib/115129491727417633947/reviews?hl=zh-TW
武聖夜市,Op 7,"在地嚮導 · 312 則評論 · 1,002 張相片",3 個月前,1 顆星,停車困難,https://www.google.com/maps/contrib/115809123472996032753/reviews?hl=zh-TW
武聖夜市,林淑芬,在地嚮導 · 3 則評論,3 個月前,5 顆星,,https://www.google.com/maps/contrib/106200456889326570498/reviews?hl=zh-TW
武聖夜市,李定家,6 則評論,3 個月前,5 顆星,,https://www.google.com/maps/contrib/113912588380219480073/reviews?hl=zh-TW
武聖夜市,林宏軒,在地嚮導 · 65 則評論 · 50 張相片,3 個月前,5 顆星,"停車空間寬闊，入口處有工作人員指揮停車方向不會走錯，即使是大重都有位子，推薦。
5點左右一推薦先排沙威瑪，繞一圈回來一個小時已經排四條人牆，當時買的價格是50元/個，沙拉味道濃厚，烤的麵包外酥內軟",https://www.google.com/maps/contrib/102709304441589946225/reviews?hl=zh-TW
武聖夜市,Ling Jhih,在地嚮導 · 49 則評論 · 22 張相片,3 個月前,4 顆星,,https://www.google.com/maps/contrib/112104087795032366521/reviews?hl=zh-TW
武聖夜市,陸卡斯,在地嚮導 · 341 張相片,3 個月前,4 顆星,,https://www.google.com/maps/contrib/100992822933590937197/reviews?hl=zh-TW
武聖夜市,Fiona Wang,9 則評論 · 6 張相片,3 個月前,3 顆星,"商家部分都可以
就是機車停車動線很差
走道小同時機車雙向都能進來 …",https://www.google.com/maps/contrib/106148734946479053517/reviews?hl=zh-TW
武聖夜市,Tivon Shiu,"在地嚮導 · 133 則評論 · 1,491 張相片",3 個月前,4 顆星,"夜市簡介
地點位於台南市中西區武聖路69巷42號，營業時間為每周三、五、六，晚上六點至凌晨一點三十分[2][3]。武聖夜市佔地2,400坪的面積，250個攤位，有6,000坪的汽機車停車位[4] …",https://www.google.com/maps/contrib/113099171188092134415/reviews?hl=zh-TW
武聖夜市,薛胖,在地嚮導 · 11 則評論 · 13 張相片,3 個月前,5 顆星,有點擠，但東西有特色,https://www.google.com/maps/contrib/110575791499154732339/reviews?hl=zh-TW
武聖夜市,Ping Lu,在地嚮導 · 49 則評論 · 6 張相片,3 個月前,5 顆星,"沒遇到武聖但遇到很多local
吃的品項蠻多的
推推",https://www.google.com/maps/contrib/111470287763281179314/reviews?hl=zh-TW
武聖夜市,Yu-Ting Wu,"在地嚮導 · 256 則評論 · 2,190 張相片",3 個月前,4 顆星,有人走在路上，好棒棒。,https://www.google.com/maps/contrib/117740047674058172585/reviews?hl=zh-TW
武聖夜市,林佳蓉,10 則評論 · 9 張相片,3 個月前,5 顆星,"只要放假都會去的地方，很喜歡這個夜市～💕但⋯希望武聖夜市的管委會
可以在夜市營業期間，能限制光賢街的車輛進出⋯逛好幾次都會被突然出現在身後的汽車嚇到或差點擦撞～🥲
真心希望台南的夜市能越來越棒～😊 …",https://www.google.com/maps/contrib/112145170936910594339/reviews?hl=zh-TW
武聖夜市,孑孓,在地嚮導 · 290 則評論 · 202 張相片,3 個月前,5 顆星,超大好逛,https://www.google.com/maps/contrib/113192309193717987303/reviews?hl=zh-TW
武聖夜市,Jenny Chien,"在地嚮導 · 659 則評論 · 2,440 張相片",3 個月前,4 顆星,"人超級多，機車位置狹窄，交通管制很吵
攤位多元，好逛好吃，很多排隊人潮",https://www.google.com/maps/contrib/103735100458022368830/reviews?hl=zh-TW
武聖夜市,蘇彩華,2 則評論,3 個月前,3 顆星,,https://www.google.com/maps/contrib/113998791537240884316/reviews?hl=zh-TW
武聖夜市,Hsinkai,在地嚮導 · 23 則評論 · 5 張相片,3 個月前,5 顆星,,https://www.google.com/maps/contrib/101931335423373664306/reviews?hl=zh-TW
武聖夜市,兵辰恩,在地嚮導 · 28 則評論 · 99 張相片,3 個月前,4 顆星,,https://www.google.com/maps/contrib/118391469940987770640/reviews?hl=zh-TW
武聖夜市,林勇志,在地嚮導 · 12 則評論,3 個月前,3 顆星,不好停車，,https://www.google.com/maps/contrib/117873818161860131871/reviews?hl=zh-TW
武聖夜市,郭老虎,"在地嚮導 · 16 則評論 · 3,911 張相片",3 個月前,3 顆星,,https://www.google.com/maps/contrib/108312113619941459364/reviews?hl=zh-TW
武聖夜市,Aaron Liu,"在地嚮導 · 468 則評論 · 5,129 張相片",3 個月前,4 顆星,吃到裝不下的地方，為什麼我提早來，停車場還滿滿的都是車,https://www.google.com/maps/contrib/105821169844243428713/reviews?hl=zh-TW
武聖夜市,水水,1 則評論 · 3 張相片,3 個月前,4 顆星,ㄔˇㄧㄛ,https://www.google.com/maps/contrib/100518965612539641646/reviews?hl=zh-TW
武聖夜市,阿山哥,8 則評論 · 3 張相片,3 個月前,5 顆星,很好吃內容很多有停車位。,https://www.google.com/maps/contrib/109086189659307933369/reviews?hl=zh-TW
武聖夜市,吳宜蓉,在地嚮導 · 10 則評論 · 6 張相片,3 個月前,5 顆星,,https://www.google.com/maps/contrib/115542545709060909929/reviews?hl=zh-TW
武聖夜市,林佳明,"在地嚮導 · 247 則評論 · 1,680 張相片",3 個月前,5 顆星,小吃種類重複較多，百貨類與小吃攤位類參雜，對於只想只想買吃的會需要花更多時間繞，動線也很擠,https://www.google.com/maps/contrib/111609642953415918492/reviews?hl=zh-TW
武聖夜市,江惠琴,在地嚮導 · 34 則評論,3 個月前,4 顆星,最近逛了一趟夜市，發現增添不少玩樂的遊戲，過年期間可以去蹭蹭人氣喔！,https://www.google.com/maps/contrib/115923298246675092725/reviews?hl=zh-TW
武聖夜市,Jeng-Shiou Li,在地嚮導 · 68 則評論 · 152 張相片,3 個月前,5 顆星,"人潮眾多 車輛難行 停車位有限
推薦只要有排隊的人潮攤位都可以試試
例如紅豆餅攤還有陳家阿嬤拔絲地瓜攤",https://www.google.com/maps/contrib/102114086436521567435/reviews?hl=zh-TW
武聖夜市,蔡政堯,在地嚮導 · 18 則評論 · 42 張相片,3 個月前,4 顆星,,https://www.google.com/maps/contrib/106402358948075035163/reviews?hl=zh-TW
武聖夜市,pipi wamg,"在地嚮導 · 422 則評論 · 3,384 張相片",3 個月前,5 顆星,第一次星期三來逛，人潮依舊爆滿!,https://www.google.com/maps/contrib/111372302350987766491/reviews?hl=zh-TW
武聖夜市,王柚中,在地嚮導 · 20 則評論 · 25 張相片,3 個月前,5 顆星,還是南部的夜市好玩，價格便宜隨便吃普遍都不雷，雖然部分美食攤位重複性略高，但不影響整體體驗,https://www.google.com/maps/contrib/111299012594506058515/reviews?hl=zh-TW
武聖夜市,小布張,在地嚮導 · 455 則評論 · 52 張相片,3 個月前,5 顆星,停車不便，其他都好,https://www.google.com/maps/contrib/118004149388488782133/reviews?hl=zh-TW
武聖夜市,厙希平,在地嚮導 · 15 則評論 · 414 張相片,3 個月前,3 顆星,,https://www.google.com/maps/contrib/104050102133126562664/reviews?hl=zh-TW
武聖夜市,夏念念,5 則評論 · 3 張相片,3 個月前,1 顆星,"摸麻將最後攤有一位行動不便的阿姨那攤千萬不要去
選了15張全都掀起來放著準備排
連排都還沒排員工走過來直接給你整副洗掉一句道歉也沒有 …",https://www.google.com/maps/contrib/113790209822538535172/reviews?hl=zh-TW
武聖夜市,Joy Hsieh,"在地嚮導 · 534 則評論 · 1,284 張相片",3 個月前,5 顆星,好停車的台南觀光夜市,https://www.google.com/maps/contrib/100625072772964523443/reviews?hl=zh-TW
武聖夜市,府中,在地嚮導 · 17 則評論 · 5 張相片,3 個月前,5 顆星,齁勝,https://www.google.com/maps/contrib/106625963886953394196/reviews?hl=zh-TW
武聖夜市,KK L,在地嚮導 · 114 則評論 · 98 張相片,3 個月前,3 顆星,太難停車了，繞1個小時,https://www.google.com/maps/contrib/110455350864160878193/reviews?hl=zh-TW
武聖夜市,蔡小勲,"在地嚮導 · 26 則評論 · 2,287 張相片",3 個月前,5 顆星,,https://www.google.com/maps/contrib/106857693016134680054/reviews?hl=zh-TW
武聖夜市,張小燕,在地嚮導 · 76 則評論 · 1 張相片,3 個月前,1 顆星,真是觀感不佳…………剛剛在武聖夜市給一位賣寢具短髮的阿嬤買了一套毛絨組被床包枕套組1200她算我們1000我還特別問確定有被套床包枕套2個，她跟我們肯定有……回到家拿出來傻眼有被套床包就是少了二個枕套…………路途遙遠……真的很幹……做生意這麼不老實……是不是告誡我們凡事要當下拿出來求證🥵 …,https://www.google.com/maps/contrib/118330228910893588864/reviews?hl=zh-TW
武聖夜市,Yuan A,1 則評論 · 1 張相片,3 個月前,5 顆星,,https://www.google.com/maps/contrib/113681837665216620370/reviews?hl=zh-TW
武聖夜市,JUI HSU,在地嚮導 · 21 則評論 · 5 張相片,3 個月前,5 顆星,很好逛，小孩喜歡,https://www.google.com/maps/contrib/109658522295111099337/reviews?hl=zh-TW
武聖夜市,西村10,在地嚮導 · 95 則評論 · 127 張相片,3 個月前,5 顆星,大人小孩都開心的好地方,https://www.google.com/maps/contrib/107912022118060255750/reviews?hl=zh-TW
武聖夜市,嚴宗緯,在地嚮導 · 14 則評論 · 340 張相片,3 個月前,5 顆星,,https://www.google.com/maps/contrib/107753551263132683221/reviews?hl=zh-TW
武聖夜市,Ching,在地嚮導 · 18 則評論 · 23 張相片,3 個月前,4 顆星,好停車的夜市，也很好買！,https://www.google.com/maps/contrib/116572998499754808336/reviews?hl=zh-TW
武聖夜市,范糰兒,在地嚮導 · 102 則評論 · 184 張相片,3 個月前,5 顆星,商家都很熱情 攤販便宜,https://www.google.com/maps/contrib/107278845648821571609/reviews?hl=zh-TW
武聖夜市,ShangMing Liao,在地嚮導 · 14 則評論 · 4 張相片,3 個月前,5 顆星,,https://www.google.com/maps/contrib/113730811593536936514/reviews?hl=zh-TW
武聖夜市,Gigi,6 則評論,3 個月前,5 顆星,,https://www.google.com/maps/contrib/103024506196064689421/reviews?hl=zh-TW
武聖夜市,Yi J,在地嚮導 · 19 則評論 · 1 張相片,3 個月前,5 顆星,整體是不錯，但消費偏高，不能太常去！哈哈,https://www.google.com/maps/contrib/113299966779024090789/reviews?hl=zh-TW
武聖夜市,maria H AM,在地嚮導 · 323 則評論 · 378 張相片,3 個月前,5 顆星,我認為這是我見過的最大的夜市。難以置信的經歷。我發現了很多新口味,https://www.google.com/maps/contrib/110431163364319411398/reviews?hl=zh-TW
武聖夜市,呂明澤,在地嚮導 · 65 則評論 · 540 張相片,3 個月前,5 顆星,,https://www.google.com/maps/contrib/104698368363388104755/reviews?hl=zh-TW
武聖夜市,フツユーYohko,在地嚮導 · 86 則評論 · 21 張相片,3 個月前,5 顆星,,https://www.google.com/maps/contrib/107363140738290731235/reviews?hl=zh-TW
武聖夜市,颜嘉华,10 則評論 · 9 張相片,3 個月前,5 顆星,很多在網路上看到的慕名而來！！,https://www.google.com/maps/contrib/104704028629450753623/reviews?hl=zh-TW
武聖夜市,Kai Chun Chang,在地嚮導 · 26 則評論 · 231 張相片,3 個月前,5 顆星,,https://www.google.com/maps/contrib/109765067875973894633/reviews?hl=zh-TW
武聖夜市,陳雄霸,在地嚮導 · 21 則評論 · 34 張相片,3 個月前,5 顆星,,https://www.google.com/maps/contrib/100208008800368955924/reviews?hl=zh-TW
武聖夜市,vicky wang,8 則評論,3 個月前,5 顆星,很棒,https://www.google.com/maps/contrib/108484226137245382228/reviews?hl=zh-TW
武聖夜市,金賀野,在地嚮導 · 32 則評論 · 5 張相片,3 個月前,4 顆星,,https://www.google.com/maps/contrib/101822800713668458610/reviews?hl=zh-TW
武聖夜市,心妍,在地嚮導 · 136 則評論 · 332 張相片,3 個月前,5 顆星,停車場很大 提供機車和汽車很方便,https://www.google.com/maps/contrib/104404405135825989647/reviews?hl=zh-TW
武聖夜市,呂學德,在地嚮導 · 160 則評論 · 231 張相片,3 個月前,4 顆星,好吃,https://www.google.com/maps/contrib/109988817954342186379/reviews?hl=zh-TW
武聖夜市,Aleks “Aleks C Fu”,在地嚮導 · 36 則評論 · 69 張相片,3 個月前,5 顆星,"當地居民推薦的夜市。

有很多好吃的而且逛街也很方便",https://www.google.com/maps/contrib/102577093093542039918/reviews?hl=zh-TW
武聖夜市,劉弘強,在地嚮導 · 122 則評論 · 1 張相片,3 個月前,2 顆星,"燒肉丼的咖喱豬排飯是溫的，另外老闆會直接用手抓豬排切，重點是才剛找錢給其他客人。
煎餃很一般，麵線很一般，蚵仔煎也很一般（老闆態度很好），鳥蛋很一般，咖哩豬排飯非常一般，涼麵不好吃（個人主觀）。
滾球遊戲老闆人很好，小朋友很愛玩。 …",https://www.google.com/maps/contrib/111813230121847390673/reviews?hl=zh-TW
武聖夜市,无梦,5 則評論 · 6 張相片,3 個月前,5 顆星,,https://www.google.com/maps/contrib/117954066722656220491/reviews?hl=zh-TW
武聖夜市,ゆう,2 則評論,3 個月前,3 顆星,夜市好吃好逛，人也沒有很多，但停車場阿姨很兇，不知道在兇幾點，停個車也要被大聲唸，之後還邊離開邊唸，觀感不好,https://www.google.com/maps/contrib/105895814069549117192/reviews?hl=zh-TW
武聖夜市,蔡怡珍,在地嚮導 · 16 則評論 · 1 張相片,3 個月前,5 顆星,,https://www.google.com/maps/contrib/114986831630193611331/reviews?hl=zh-TW
武聖夜市,劉姵彣,在地嚮導 · 12 則評論 · 94 張相片,3 個月前,5 顆星,,https://www.google.com/maps/contrib/114326827224009934158/reviews?hl=zh-TW
武聖夜市,"A夢寶貝,跟著去旅行（A夢兒）",在地嚮導 · 20 則評論 · 639 張相片,3 個月前,5 顆星,,https://www.google.com/maps/contrib/107560857722746670828/reviews?hl=zh-TW
武聖夜市,Ryunosuke龍之介,在地嚮導 · 83 則評論 · 63 張相片,3 個月前,5 顆星,,https://www.google.com/maps/contrib/117633301366661702007/reviews?hl=zh-TW
武聖夜市,Clara Neva,3 則評論 · 2 張相片,3 個月前,5 顆星,,https://www.google.com/maps/contrib/110427921071079660430/reviews?hl=zh-TW
武聖夜市,Lucas Kuo,"在地嚮導 · 5 則評論 · 1,984 張相片",3 個月前,4 顆星,,https://www.google.com/maps/contrib/111065363522467346221/reviews?hl=zh-TW
武聖夜市,黃明翰,4 則評論,3 個月前,5 顆星,蚵嗲 大腸小腸 拔絲地瓜 雞排 排骨酥 鳥蛋 好吃東西很多,https://www.google.com/maps/contrib/106467087269710599290/reviews?hl=zh-TW
武聖夜市,葉義汮,在地嚮導 · 19 則評論 · 9 張相片,3 個月前,5 顆星,,https://www.google.com/maps/contrib/109730848441051230890/reviews?hl=zh-TW
武聖夜市,Fan Wu,5 則評論,3 個月前,4 顆星,多樣化、動線清楚、遊客不會太多  在地人逛夜市的好選擇,https://www.google.com/maps/contrib/114932237614864917010/reviews?hl=zh-TW
武聖夜市,鄭士彤,在地嚮導 · 18 則評論 · 5 張相片,3 個月前,5 顆星,,https://www.google.com/maps/contrib/104031737107411457185/reviews?hl=zh-TW
武聖夜市,櫻井充典,"在地嚮導 · 360 則評論 · 1,376 張相片",3 個月前,5 顆星,有趣的,https://www.google.com/maps/contrib/118420019728194885817/reviews?hl=zh-TW
武聖夜市,歐陽于珞,1 則評論 · 2 張相片,3 個月前,3 顆星,,https://www.google.com/maps/contrib/100403737734745798298/reviews?hl=zh-TW
武聖夜市,Dennis Fung,在地嚮導 · 44 則評論 · 89 張相片,3 個月前,5 顆星,不錯 好停車 美食多,https://www.google.com/maps/contrib/110935597441880206088/reviews?hl=zh-TW
武聖夜市,金粉黃,在地嚮導 · 2 則評論,3 個月前,4 顆星,,https://www.google.com/maps/contrib/107501464365588612344/reviews?hl=zh-TW
武聖夜市,徐世泊,2 則評論,3 個月前,5 顆星,,https://www.google.com/maps/contrib/116760430868425235726/reviews?hl=zh-TW
武聖夜市,王建詠,在地嚮導 · 29 則評論 · 1 張相片,3 個月前,5 顆星,,https://www.google.com/maps/contrib/104327489732342757437/reviews?hl=zh-TW
武聖夜市,呂憲彰,3 則評論 · 2 張相片,3 個月前,5 顆星,東西多樣不重複好逛又好玩推薦有去台南必逛夜市,https://www.google.com/maps/contrib/106405198439197267938/reviews?hl=zh-TW
武聖夜市,SURYANI SURYANI,1 則評論,3 個月前,5 顆星,好的,https://www.google.com/maps/contrib/101575635513917157609/reviews?hl=zh-TW
武聖夜市,李佩佩,在地嚮導 · 38 則評論 · 8 張相片,3 個月前,4 顆星,小吃多元，腹地廣，有停車場，網路推薦的前幾名都還算好吃。,https://www.google.com/maps/contrib/101558467327012523910/reviews?hl=zh-TW
武聖夜市,Nick Chin,3 則評論 · 1 張相片,3 個月前,4 顆星,,https://www.google.com/maps/contrib/117504067687733887074/reviews?hl=zh-TW
武聖夜市,Andy Huang,在地嚮導 · 51 則評論 · 5 張相片,3 個月前,5 顆星,吃了酵素臭豆腐、德聖雞排都非常好吃，夜市很大，應有盡有,https://www.google.com/maps/contrib/106142871986367531330/reviews?hl=zh-TW
武聖夜市,蒙面貓,6 則評論,3 個月前,5 顆星,遠從彰化來台南武聖夜市遊玩在這玩乒乓球進玻璃瓶，贏得了大型鵝娃娃，攤家員工很熱絡的跟客人互動，過程中感受到滿滿的台南人的好客與熱情，下次有機會還會再光顧！,https://www.google.com/maps/contrib/112299881727076626030/reviews?hl=zh-TW
武聖夜市,王冠驊,10 則評論 · 4 張相片,3 個月前,2 顆星,停車位明明很多又不給進，還不如改成收費的讓機器取代,https://www.google.com/maps/contrib/117045438990332999226/reviews?hl=zh-TW
武聖夜市,CoStudio,"在地嚮導 · 331 則評論 · 15,945 張相片",3 個月前,5 顆星,乾淨,https://www.google.com/maps/contrib/116071209904269822848/reviews?hl=zh-TW
武聖夜市,n u• (new new),"在地嚮導 · 615 則評論 · 8,548 張相片",3 個月前,5 顆星,,https://www.google.com/maps/contrib/116173335283335002625/reviews?hl=zh-TW
武聖夜市,張育誠,9 則評論 · 2 張相片,3 個月前,1 顆星,"對於汽車族超級不友善的夜市
停車位超級少 一堆車停在紅線 導致道路塞爆癱瘓
塞了ㄧ小時還是沒位子",https://www.google.com/maps/contrib/103605942700245668189/reviews?hl=zh-TW
武聖夜市,h cw,在地嚮導 · 379 則評論 · 127 張相片,3 個月前,4 顆星,,https://www.google.com/maps/contrib/107527101698589614920/reviews?hl=zh-TW
武聖夜市,S O,在地嚮導 · 86 則評論 · 107 張相片,3 個月前,5 顆星,這是台南比較大的夜市。如果你使用Ubike，你可以相對快速地到達那裡。遊樂區裡有射箭之類的東西，這是在其他夜市找不到的，很有趣。,https://www.google.com/maps/contrib/102985914737726387419/reviews?hl=zh-TW
武聖夜市,御野音,在地嚮導 · 37 則評論 · 65 張相片,3 個月前,4 顆星,,https://www.google.com/maps/contrib/103999952757796156333/reviews?hl=zh-TW
武聖夜市,Eric Lin,在地嚮導 · 81 則評論 · 268 張相片,3 個月前,4 顆星,來夜市逛逛。,https://www.google.com/maps/contrib/109985046207980329346/reviews?hl=zh-TW
武聖夜市,許家華,在地嚮導 · 320 則評論 · 242 張相片,3 個月前,5 顆星,,https://www.google.com/maps/contrib/104334586078939038298/reviews?hl=zh-TW
武聖夜市,張佑甄,7 則評論 · 3 張相片,3 個月前,5 顆星,我都是專程去吃：小福氣牛排攤,https://www.google.com/maps/contrib/106540897793098263557/reviews?hl=zh-TW
武聖夜市,施朝仁,在地嚮導 · 4 則評論 · 9 張相片,3 個月前,5 顆星,,https://www.google.com/maps/contrib/100764190822837725755/reviews?hl=zh-TW
武聖夜市,정붸,在地嚮導 · 11 則評論 · 16 張相片,3 個月前,5 顆星,,https://www.google.com/maps/contrib/104379247833516438916/reviews?hl=zh-TW
武聖夜市,Qian,在地嚮導 · 37 則評論 · 32 張相片,3 個月前,5 顆星,阿羅哈柳橙檸檬很讚！,https://www.google.com/maps/contrib/107562848660210988223/reviews?hl=zh-TW
武聖夜市,yihan,在地嚮導 · 16 則評論 · 8 張相片,3 個月前,5 顆星,東西很多 很好逛！,https://www.google.com/maps/contrib/111307408506950548366/reviews?hl=zh-TW
武聖夜市,簡珮如,在地嚮導 · 9 則評論,3 個月前,5 顆星,,https://www.google.com/maps/contrib/110525614025991124769/reviews?hl=zh-TW
武聖夜市,Daniel Wei,在地嚮導 · 247 則評論 · 88 張相片,3 個月前,5 顆星,種類多，重複較少，車位多，有機會想要再來,https://www.google.com/maps/contrib/102394766240142219648/reviews?hl=zh-TW
武聖夜市,Luke Wang,在地嚮導 · 20 則評論 · 635 張相片,3 個月前,4 顆星,,https://www.google.com/maps/contrib/102451566194256865683/reviews?hl=zh-TW
武聖夜市,陳建霖,在地嚮導 · 99 則評論 · 429 張相片,3 個月前,4 顆星,夜市有停車動線規劃，還有專人引導，很棒,https://www.google.com/maps/contrib/106947705587367021767/reviews?hl=zh-TW
武聖夜市,Jamie,11 則評論 · 4 張相片,3 個月前,1 顆星,停車場裡明明還有空位可以進去等停車 停車入口嚼檳榔的人硬不放人進去等？ 還一直趕我們走 車輛流動率那麼高 為什麼不放人進去等呢,https://www.google.com/maps/contrib/117452858116348871688/reviews?hl=zh-TW
武聖夜市,Yang,14 則評論 · 5 張相片,3 個月前,5 顆星,人潮很多，停車不太便利,https://www.google.com/maps/contrib/112550640346008085498/reviews?hl=zh-TW
武聖夜市,林志宸,7 則評論 · 1 張相片,3 個月前,5 顆星,很棒的夜市,https://www.google.com/maps/contrib/101618119735128235478/reviews?hl=zh-TW
武聖夜市,en han,14 則評論 · 1 張相片,3 個月前,4 顆星,禮拜五花園沒開 太扯了,https://www.google.com/maps/contrib/115665943502866717833/reviews?hl=zh-TW
武聖夜市,鄭小崵,在地嚮導 · 19 則評論 · 23 張相片,3 個月前,4 顆星,,https://www.google.com/maps/contrib/117166692791370161800/reviews?hl=zh-TW
武聖夜市,楊尚正,12 則評論 · 5 張相片,3 個月前,4 顆星,攤販多環境算乾淨，廁所好找，但唯一美中不足的是要到下一條街要走到底🥹 要去廁所的時候以為看到了結果在下一條街🤣 那個廁所指示可以在好一點 …,https://www.google.com/maps/contrib/102230321226267713491/reviews?hl=zh-TW
武聖夜市,陳慕蓉,3 則評論 · 5 張相片,3 個月前,5 顆星,,https://www.google.com/maps/contrib/102731782461493854700/reviews?hl=zh-TW
武聖夜市,黃玲,5 則評論 · 1 張相片,3 個月前,5 顆星,讚👍 …,https://www.google.com/maps/contrib/106172476847633714115/reviews?hl=zh-TW
武聖夜市,陳敬堯,"在地嚮導 · 194 則評論 · 2,601 張相片",3 個月前,5 顆星,,https://www.google.com/maps/contrib/105720301844108156680/reviews?hl=zh-TW
武聖夜市,董畯閎,在地嚮導 · 14 則評論 · 6 張相片,3 個月前,5 顆星,,https://www.google.com/maps/contrib/118148403509686765350/reviews?hl=zh-TW
武聖夜市,Flinton Chen,在地嚮導 · 50 則評論 · 550 張相片,3 個月前,5 顆星,,https://www.google.com/maps/contrib/115938836963553846725/reviews?hl=zh-TW
武聖夜市,彭彭,在地嚮導 · 72 則評論 · 70 張相片,3 個月前,4 顆星,,https://www.google.com/maps/contrib/101327994040839632299/reviews?hl=zh-TW
武聖夜市,柯尚江,在地嚮導 · 12 則評論 · 4 張相片,3 個月前,5 顆星,台南在地讚讚夜市,https://www.google.com/maps/contrib/113683885488053720322/reviews?hl=zh-TW
武聖夜市,an P,在地嚮導 · 5 則評論 · 1 張相片,3 個月前,5 顆星,,https://www.google.com/maps/contrib/108172403379683433739/reviews?hl=zh-TW
武聖夜市,JingJiang Tien,在地嚮導 · 11 則評論 · 14 張相片,3 個月前,5 顆星,好吃好玩又好逛,https://www.google.com/maps/contrib/116307235115827734529/reviews?hl=zh-TW
武聖夜市,Eddy Yang,6 則評論 · 1 張相片,3 個月前,5 顆星,,https://www.google.com/maps/contrib/111972568722720783423/reviews?hl=zh-TW
武聖夜市,謝恆嘉,在地嚮導 · 15 則評論 · 3 張相片,3 個月前,5 顆星,,https://www.google.com/maps/contrib/112898102161164859245/reviews?hl=zh-TW
武聖夜市,呂錦宏,在地嚮導 · 2 則評論 · 8 張相片,3 個月前,4 顆星,走道比較擁擠，但攤商都很熱情，不會因看看沒消費而擺臉色,https://www.google.com/maps/contrib/113877422534665666982/reviews?hl=zh-TW
武聖夜市,高秀琴,在地嚮導 · 106 則評論 · 57 張相片,3 個月前,4 顆星,"海口人鹽烤魚，鯛魚肉真的鮮嫩無任何腥羶味，料理簡單、鹽烤時間短，出餐快👍
若再來台南應該會再次光顧 …",https://www.google.com/maps/contrib/100950435250987690258/reviews?hl=zh-TW
武聖夜市,王俊祥,在地嚮導 · 162 則評論 · 555 張相片,3 個月前,3 顆星,"踩雷了，價格是那個價格…量呢？就不是那就量…
炸物都買到炸到整點糊了，畢竟是外地來的，不像本地人能避開雷點，怪自己沒做功課，花了一張小朋友，拎著沒什麼重量的食物，實在該直接去上館子。",https://www.google.com/maps/contrib/117843012787842180893/reviews?hl=zh-TW
武聖夜市,機長,在地嚮導 · 21 則評論,3 個月前,1 顆星,路邊標榜 “媽媽辛苦撥的螺肉“ 小份200，不要錯過,https://www.google.com/maps/contrib/116882005981854926857/reviews?hl=zh-TW
武聖夜市,Sue Lee,在地嚮導 · 57 則評論 · 18 張相片,3 個月前,5 顆星,規模雖小，但賣的東西幾乎一樣。,https://www.google.com/maps/contrib/100694615130716220795/reviews?hl=zh-TW
武聖夜市,鰻魚罐頭,在地嚮導 · 65 則評論 · 104 張相片,3 個月前,5 顆星,來傳說中的臺南大大武花大武大夜市之一的武聖夜市，好吃喔！！,https://www.google.com/maps/contrib/108531729989450736214/reviews?hl=zh-TW
武聖夜市,盧柏方,5 則評論,3 個月前,1 顆星,一堆89猴亂鑽亂衝 停車場管理員不給進去 但是給後面的車進去 疑問停車標準是什麼？,https://www.google.com/maps/contrib/102485752708704882493/reviews?hl=zh-TW
武聖夜市,劉時吉,在地嚮導 · 96 則評論 · 778 張相片,3 個月前,4 顆星,,https://www.google.com/maps/contrib/112665265202433471885/reviews?hl=zh-TW
武聖夜市,Eric Hsieh,在地嚮導 · 107 則評論 · 186 張相片,3 個月前,5 顆星,非常好的夜市和很多美味的食物,https://www.google.com/maps/contrib/112474360281956757113/reviews?hl=zh-TW
武聖夜市,曾睿,16 則評論,3 個月前,5 顆星,,https://www.google.com/maps/contrib/118433664662902552872/reviews?hl=zh-TW
武聖夜市,文一,在地嚮導 · 6 則評論 · 2 張相片,3 個月前,3 顆星,很大，但很一般,https://www.google.com/maps/contrib/100913879314902173402/reviews?hl=zh-TW
武聖夜市,Pei Yin Liou,在地嚮導 · 63 則評論 · 120 張相片,3 個月前,3 顆星,旁邊停車場規劃不是很完善，至少地上畫個方向箭頭嘛！大家開著車找位子也不管順向逆向擠在一起，食物也踩了幾個雷，可能就是口味不符合自己,https://www.google.com/maps/contrib/108693016333898099863/reviews?hl=zh-TW
武聖夜市,Bohan Huang,1 張相片,3 個月前,3 顆星,,https://www.google.com/maps/contrib/111249035330190389699/reviews?hl=zh-TW
武聖夜市,Jimmy Kho,在地嚮導 · 57 則評論 · 796 張相片,3 個月前,5 顆星,有很多夜市食物，如炸雞、豆腐等，還有很多台灣嘉年華遊戲,https://www.google.com/maps/contrib/113125067544784285232/reviews?hl=zh-TW
武聖夜市,小蔡,在地嚮導 · 16 則評論 · 15 張相片,3 個月前,3 顆星,,https://www.google.com/maps/contrib/108037272610568853094/reviews?hl=zh-TW
武聖夜市,朱宇樺,8 則評論 · 1 張相片,3 個月前,5 顆星,,https://www.google.com/maps/contrib/100952608191683782480/reviews?hl=zh-TW
武聖夜市,Carl Chen,在地嚮導 · 215 則評論 · 228 張相片,3 個月前,5 顆星,好逛，很多好吃的,https://www.google.com/maps/contrib/103434598283762519969/reviews?hl=zh-TW
武聖夜市,王博鋒,,3 個月前,5 顆星,,https://www.google.com/maps/contrib/108569602127517382950/reviews?hl=zh-TW
武聖夜市,阿智,在地嚮導 · 16 則評論 · 3 張相片,3 個月前,4 顆星,,https://www.google.com/maps/contrib/118009937432997219804/reviews?hl=zh-TW
武聖夜市,幸,5 則評論 · 1 張相片,3 個月前,5 顆星,,https://www.google.com/maps/contrib/111016858996138261112/reviews?hl=zh-TW
武聖夜市,李小隆,在地嚮導 · 27 則評論 · 3 張相片,3 個月前,5 顆星,,https://www.google.com/maps/contrib/114774485553910788130/reviews?hl=zh-TW
武聖夜市,丁弘佳,在地嚮導 · 18 則評論 · 27 張相片,3 個月前,5 顆星,"超好逛
重複性攤販很少，食物也很好吃",https://www.google.com/maps/contrib/104834072125541370282/reviews?hl=zh-TW
武聖夜市,高小戀,11 則評論 · 2 張相片,3 個月前,4 顆星,車流太多 道路太窄,https://www.google.com/maps/contrib/115655749327237917918/reviews?hl=zh-TW
武聖夜市,Jack Cheng,在地嚮導 · 278 則評論 · 247 張相片,3 個月前,5 顆星,人潮很多 停車是一個問題 不過這是我逛過最好逛的夜市  也是最好吃的夜市,https://www.google.com/maps/contrib/117282974481534227821/reviews?hl=zh-TW
武聖夜市,林士豪,在地嚮導 · 4 則評論 · 6 張相片,3 個月前,1 顆星,,https://www.google.com/maps/contrib/116872021074279633604/reviews?hl=zh-TW
武聖夜市,Evan Lin,5 則評論,3 個月前,3 顆星,,https://www.google.com/maps/contrib/114156771647082840873/reviews?hl=zh-TW
武聖夜市,Phornthip Thonabut,在地嚮導 · 15 則評論 · 80 張相片,3 個月前,5 顆星,探索台灣當地街頭美食的好地方。 🍱 …,https://www.google.com/maps/contrib/101879505091850213107/reviews?hl=zh-TW
武聖夜市,Kin Ching Wong,7 則評論 · 5 張相片,3 個月前,5 顆星,很棒的夜市。雖然有點擁擠。有很多選擇可供選擇。,https://www.google.com/maps/contrib/101836644806239292173/reviews?hl=zh-TW
武聖夜市,吳宗澤,2 則評論 · 1 張相片,3 個月前,5 顆星,,https://www.google.com/maps/contrib/107706015229632503505/reviews?hl=zh-TW
武聖夜市,昕空吞噬,在地嚮導 · 95 則評論 · 7 張相片,3 個月前,1 顆星,"沙威瑪必吃
還有什麼必吃的嗎？
繞一小時沒辦法停車
放棄  以後少去",https://www.google.com/maps/contrib/116576370014457017213/reviews?hl=zh-TW
武聖夜市,陳芒果,17 則評論 · 4 張相片,3 個月前,1 顆星,停車場入口管理人態度很差，難怪大家越來越不想去武聖了👎 …,https://www.google.com/maps/contrib/112531664470507444036/reviews?hl=zh-TW
武聖夜市,P H,在地嚮導 · 62 則評論 · 46 張相片,3 個月前,5 顆星,,https://www.google.com/maps/contrib/102706895049986756674/reviews?hl=zh-TW
武聖夜市,Danny Wiryanto,在地嚮導 · 19 則評論 · 1 張相片,3 個月前,4 顆星,食物種類很有趣，但由於周圍沒有建築物，所以風很大,https://www.google.com/maps/contrib/111213666256146137432/reviews?hl=zh-TW
武聖夜市,Boli Chen,在地嚮導 · 386 則評論 · 143 張相片,3 個月前,5 顆星,,https://www.google.com/maps/contrib/104963843818898151693/reviews?hl=zh-TW
武聖夜市,侯芷.,在地嚮導 · 96 則評論 · 56 張相片,3 個月前,4 顆星,就是台南的夜市。,https://www.google.com/maps/contrib/117933670743992212485/reviews?hl=zh-TW
武聖夜市,唯,在地嚮導 · 9 則評論 · 4 張相片,3 個月前,5 顆星,,https://www.google.com/maps/contrib/112119474622455116060/reviews?hl=zh-TW
武聖夜市,steven Chiang,在地嚮導 · 71 則評論 · 212 張相片,3 個月前,5 顆星,好吃好逛，美食多多，每攤都想吃吃看，不過人潮滿滿的😁☺️，但也就是這樣才有逛夜市的氛圍啊，重點是廁所乾淨，數量也充足👍這點很可以啦😚加分，值得來逛逛喲💯 …,https://www.google.com/maps/contrib/111089230409360243325/reviews?hl=zh-TW
武聖夜市,雷磁頭殼,"在地嚮導 · 395 則評論 · 1,213 張相片",3 個月前,4 顆星,"#京典酵素臭豆腐 $70（小份）
內用可以派一個人排隊就好，其他人先去找位置。雖然人多要等一下，不過也不會太久。
豆腐本身不怎麽臭，倒是回家後才發現衣服沾滿了臭豆腐的味道。 …",https://www.google.com/maps/contrib/102788214883240812648/reviews?hl=zh-TW
武聖夜市,MEYEETO,在地嚮導 · 59 則評論 · 3 張相片,3 個月前,5 顆星,好吃,https://www.google.com/maps/contrib/108066439579559298522/reviews?hl=zh-TW
武聖夜市,江世翔,在地嚮導 · 4 則評論,3 個月前,5 顆星,,https://www.google.com/maps/contrib/108799318165497870623/reviews?hl=zh-TW
武聖夜市,陳秐安,在地嚮導 · 32 則評論 · 1 張相片,3 個月前,5 顆星,,https://www.google.com/maps/contrib/117084716538012143656/reviews?hl=zh-TW
武聖夜市,王禹傑,在地嚮導 · 67 則評論 · 4 張相片,3 個月前,4 顆星,,https://www.google.com/maps/contrib/116796274369968120918/reviews?hl=zh-TW
武聖夜市,Ci Chen,在地嚮導 · 15 則評論 · 19 張相片,3 個月前,5 顆星,攤位變化選擇多,https://www.google.com/maps/contrib/103720904677603831273/reviews?hl=zh-TW
武聖夜市,小貓怎麼叫,在地嚮導 · 97 則評論 · 10 張相片,3 個月前,4 顆星,小而巧的鄉下夜市，不好停車,https://www.google.com/maps/contrib/101173565539979030866/reviews?hl=zh-TW
武聖夜市,單推臭DD,7 則評論 · 1 張相片,3 個月前,5 顆星,,https://www.google.com/maps/contrib/105428121289001215866/reviews?hl=zh-TW
武聖夜市,宇月まりな,在地嚮導 · 86 則評論 · 11 張相片,3 個月前,1 顆星,"一個夜市跟我要好幾則評價，是不是在洗評價？
這裡有盜版，有詐欺，有割韭菜，有盤子店，有賭博，不過台南市政府不管，南部人就愛這樣！",https://www.google.com/maps/contrib/114796441904705550819/reviews?hl=zh-TW
武聖夜市,Kevin Li,在地嚮導 · 143 則評論 · 112 張相片,3 個月前,5 顆星,停車方便就給過，東西吃起來都一般水準可以接受,https://www.google.com/maps/contrib/106206396906013579451/reviews?hl=zh-TW
武聖夜市,蘇志榮,在地嚮導 · 3 則評論,3 個月前,5 顆星,,https://www.google.com/maps/contrib/111958936895559795565/reviews?hl=zh-TW
武聖夜市,徐于皓,在地嚮導 · 16 則評論 · 3 張相片,3 個月前,5 顆星,,https://www.google.com/maps/contrib/110377301337466237950/reviews?hl=zh-TW
武聖夜市,陳俊明,在地嚮導 · 27 則評論 · 7 張相片,3 個月前,5 顆星,"怎麼逛，就看您怎麼逛！
🤣🤣🤣 …",https://www.google.com/maps/contrib/108959661567929594303/reviews?hl=zh-TW
武聖夜市,Sabby H,在地嚮導 · 29 則評論 · 36 張相片,3 個月前,4 顆星,夜市乾淨、食物多樣,https://www.google.com/maps/contrib/113533280899796893773/reviews?hl=zh-TW
武聖夜市,晴晴,在地嚮導 · 24 則評論 · 4 張相片,3 個月前,1 顆星,廁所沒水,https://www.google.com/maps/contrib/107733710306286211962/reviews?hl=zh-TW
武聖夜市,慧,"在地嚮導 · 169 則評論 · 1,914 張相片",3 個月前,5 顆星,好多好吃的小吃，很好逛,https://www.google.com/maps/contrib/102759086382017396910/reviews?hl=zh-TW
武聖夜市,K L,在地嚮導 · 96 則評論 · 350 張相片,3 個月前,5 顆星,武聖夜市選擇性很多、性價比很高。重點是邊停車場很大。非常便利。,https://www.google.com/maps/contrib/103874852853481651558/reviews?hl=zh-TW
武聖夜市,John Shou,在地嚮導 · 11 則評論 · 9 張相片,3 個月前,5 顆星,塔香鹽酥雞和臭豆腐必吃 讚👍 …,https://www.google.com/maps/contrib/114859012819078624756/reviews?hl=zh-TW
武聖夜市,Phongsak Wisutinun,在地嚮導 · 14 則評論 · 17 張相片,3 個月前,5 顆星,,https://www.google.com/maps/contrib/114779069543658857880/reviews?hl=zh-TW
武聖夜市,a0936867260,2 則評論 · 1 張相片,3 個月前,5 顆星,,https://www.google.com/maps/contrib/108056571751715956492/reviews?hl=zh-TW
武聖夜市,王大寶,4 則評論 · 5 張相片,3 個月前,1 顆星,"第一次來的外地客，約18:20到，排隊進停車場，管理員揮手指揮車往前開不讓進，想說客滿，想說去別的地方找車位，再經過時看給車進了，就再繞回去排隊，到停車場門口，還是會揮手不讓進，往內看有車位，告知管理員已排第二次，可以讓我們進去排隊嗎？完全不告知原因，只叫你快走。
台南不只有你武聖夜市，後來去逛花園夜市，好停車，建議外來客直接去花園夜市就好",https://www.google.com/maps/contrib/117940692197756665075/reviews?hl=zh-TW
武聖夜市,David WU,"在地嚮導 · 243 則評論 · 2,680 張相片",3 個月前,5 顆星,好吃😋好逛好玩👍👍 …,https://www.google.com/maps/contrib/101527706002211779504/reviews?hl=zh-TW
武聖夜市,陳姍亭（沛昇記帳士事務所）,6 則評論 · 7 張相片,4 個月前,5 顆星,沒想到也是蠻大夜市，讚,https://www.google.com/maps/contrib/106879683674943163485/reviews?hl=zh-TW
武聖夜市,郭翔瑋,"在地嚮導 · 32 則評論 · 1,369 張相片",4 個月前,3 顆星,,https://www.google.com/maps/contrib/115604388002725391235/reviews?hl=zh-TW
武聖夜市,Feni Andiana,2 則評論 · 36 張相片,4 個月前,5 顆星,,https://www.google.com/maps/contrib/111881169258888194734/reviews?hl=zh-TW
武聖夜市,Samuel Cassidy,在地嚮導 · 106 則評論 · 92 張相片,4 個月前,5 顆星,夜市很棒，食物很棒。,https://www.google.com/maps/contrib/112852317622947495982/reviews?hl=zh-TW
武聖夜市,呂柚子,在地嚮導 · 17 則評論 · 12 張相片,4 個月前,1 顆星,"停車工作人員態度有夠差
輪到我說客滿
後面車確可以進去",https://www.google.com/maps/contrib/115181461522372751748/reviews?hl=zh-TW
武聖夜市,Jun Yee Chen,在地嚮導 · 39 則評論 · 2 張相片,4 個月前,4 顆星,,https://www.google.com/maps/contrib/113585797790540639813/reviews?hl=zh-TW
武聖夜市,gi park,在地嚮導 · 88 則評論 · 228 張相片,4 個月前,4 顆星,"我是在華院夜市關門的時候參觀的。
這麼大，不會被人撞到吧？太棒了！
星期五訪問過。",https://www.google.com/maps/contrib/108434441593429713992/reviews?hl=zh-TW
武聖夜市,黃寶億,7 則評論 · 3 張相片,4 個月前,3 顆星,找不到車位,https://www.google.com/maps/contrib/116935475276531823212/reviews?hl=zh-TW
武聖夜市,郭立歐,在地嚮導 · 9 則評論 · 126 張相片,4 個月前,5 顆星,,https://www.google.com/maps/contrib/109623457388223999888/reviews?hl=zh-TW
武聖夜市,簡明申,在地嚮導 · 63 則評論 · 257 張相片,4 個月前,3 顆星,停車滿方便的，禮拜五人潮比較少,https://www.google.com/maps/contrib/105420351509208928613/reviews?hl=zh-TW
武聖夜市,陳星辰,在地嚮導 · 35 則評論,4 個月前,5 顆星,,https://www.google.com/maps/contrib/109444877113295740236/reviews?hl=zh-TW
武聖夜市,Tommy Wu,1 則評論 · 1 張相片,4 個月前,5 顆星,,https://www.google.com/maps/contrib/105392060588630852339/reviews?hl=zh-TW
武聖夜市,yang29063,在地嚮導 · 72 則評論 · 22 張相片,4 個月前,5 顆星,,https://www.google.com/maps/contrib/106451412578458895195/reviews?hl=zh-TW
武聖夜市,葉亞玫,在地嚮導 · 31 則評論 · 10 張相片,4 個月前,5 顆星,"一定要吃黑蜘蛛大腸麵線
超級好吃！老闆人超好😍😍😍 …",https://www.google.com/maps/contrib/107266196617368728019/reviews?hl=zh-TW
武聖夜市,徐翊軒,在地嚮導 · 54 則評論 · 5 張相片,4 個月前,5 顆星,,https://www.google.com/maps/contrib/116482966369512905801/reviews?hl=zh-TW
武聖夜市,葉小葉哥,在地嚮導 · 14 則評論 · 25 張相片,4 個月前,3 顆星,,https://www.google.com/maps/contrib/106496187398809434045/reviews?hl=zh-TW
武聖夜市,洪小倩,16 則評論 · 3 張相片,4 個月前,5 顆星,,https://www.google.com/maps/contrib/113087991184468961010/reviews?hl=zh-TW
武聖夜市,wiber Wang,在地嚮導 · 22 則評論 · 9 張相片,4 個月前,5 顆星,,https://www.google.com/maps/contrib/116916264132593165506/reviews?hl=zh-TW
武聖夜市,羽滅,在地嚮導 · 81 則評論 · 1 張相片,4 個月前,4 顆星,以前不好，最近超越大大東東,https://www.google.com/maps/contrib/112289245686838666154/reviews?hl=zh-TW
武聖夜市,郁欽王（eric）,在地嚮導 · 17 則評論 · 47 張相片,4 個月前,5 顆星,"大推全台最好停車的夜市
因為夜市正隔壁就是拖吊場，路邊紅線隨意停車就好，取車超級方便，車子又有拖吊場專人幫忙顧。",https://www.google.com/maps/contrib/102302024320870186986/reviews?hl=zh-TW
武聖夜市,victor kuan,8 則評論,4 個月前,5 顆星,,https://www.google.com/maps/contrib/113284649696717665838/reviews?hl=zh-TW
武聖夜市,宋盼,在地嚮導 · 17 則評論 · 28 張相片,4 個月前,4 顆星,,https://www.google.com/maps/contrib/112861411798624255293/reviews?hl=zh-TW
武聖夜市,小周教練,在地嚮導 · 23 則評論,4 個月前,3 顆星,,https://www.google.com/maps/contrib/109638245861509448311/reviews?hl=zh-TW
武聖夜市,Xu Jintao,在地嚮導 · 88 則評論 · 18 張相片,4 個月前,5 顆星,"熱騰騰吉拿棒不錯吃～老闆娘也很客氣👍
馬路那邊的麻辣豆腐+鴨血大腸份量蠻多的一個人吃吃很飽，內用環境感覺需要維護一下、口味一般般..
最後面大排長龍的香腸，動作很快速口味多樣但品嚐起來也是感覺一般般 …",https://www.google.com/maps/contrib/105207147217948298338/reviews?hl=zh-TW
武聖夜市,Weimi,在地嚮導 · 15 則評論 · 7 張相片,4 個月前,1 顆星,木瓜大王賣的木瓜牛奶一杯就要一百元，價格很誇張，價格高就算了，喝起來完全沒有牛奶的味道，滿滿的水味體驗非常差。想喝木瓜牛奶真心不推薦去這家。,https://www.google.com/maps/contrib/110293256455978454235/reviews?hl=zh-TW
武聖夜市,曾柏勳,3 則評論,4 個月前,1 顆星,蔥油餅竟然是甜的，驚呆了！,https://www.google.com/maps/contrib/107635816088585870048/reviews?hl=zh-TW
武聖夜市,Tom彬,在地嚮導 · 12 則評論 · 2 張相片,4 個月前,5 顆星,,https://www.google.com/maps/contrib/105551409855580611191/reviews?hl=zh-TW
武聖夜市,ezkimdo,3 則評論,4 個月前,5 顆星,"台灣夜市不錯。
但我們是唯一喝酒的人。
怎麼可能呢？",https://www.google.com/maps/contrib/116834366538292856381/reviews?hl=zh-TW
武聖夜市,Fei,在地嚮導 · 22 則評論 · 13 張相片,4 個月前,5 顆星,,https://www.google.com/maps/contrib/101443392326763867976/reviews?hl=zh-TW
武聖夜市,湯家權,在地嚮導 · 237 則評論 · 903 張相片,4 個月前,4 顆星,,https://www.google.com/maps/contrib/116076301724462924545/reviews?hl=zh-TW
武聖夜市,莊惠如,在地嚮導 · 12 張相片,4 個月前,5 顆星,,https://www.google.com/maps/contrib/115476506859940077648/reviews?hl=zh-TW
武聖夜市,李佳憓,在地嚮導 · 30 則評論 · 8 張相片,4 個月前,5 顆星,,https://www.google.com/maps/contrib/106504478829999953409/reviews?hl=zh-TW
武聖夜市,kiki,2 則評論,4 個月前,5 顆星,,https://www.google.com/maps/contrib/112069798394760672944/reviews?hl=zh-TW
武聖夜市,しゅうどうふ控です,在地嚮導 · 203 則評論 · 229 張相片,4 個月前,5 顆星,攤販超多 好逛,https://www.google.com/maps/contrib/109632832196826203882/reviews?hl=zh-TW
武聖夜市,Aaron Lin,"在地嚮導 · 89 則評論 · 1,312 張相片",4 個月前,4 顆星,,https://www.google.com/maps/contrib/117216934406023949880/reviews?hl=zh-TW
武聖夜市,廖如如,"在地嚮導 · 270 則評論 · 1,115 張相片",4 個月前,3 顆星,,https://www.google.com/maps/contrib/116913285072331891128/reviews?hl=zh-TW
武聖夜市,Raina,在地嚮導 · 47 則評論 · 15 張相片,4 個月前,1 顆星,有一攤賣紅豆餅的...態度很差，東西也很普通，一次店...,https://www.google.com/maps/contrib/103985032650372943053/reviews?hl=zh-TW
武聖夜市,阿浩,在地嚮導 · 285 則評論 · 231 張相片,4 個月前,4 顆星,"好吃，但不好停車的夜市
好吃，但與花園不同的夜市
好吃，但價格越來越貴的夜市
好吃，但漲價漲到跟餐廳一樣貴的夜市",https://www.google.com/maps/contrib/112424612701470154745/reviews?hl=zh-TW
武聖夜市,권효정,7 則評論,4 個月前,2 顆星,,https://www.google.com/maps/contrib/115563720925630270520/reviews?hl=zh-TW
武聖夜市,Chih Yang Sun,在地嚮導 · 162 則評論 · 168 張相片,4 個月前,5 顆星,,https://www.google.com/maps/contrib/114070776710703877227/reviews?hl=zh-TW
武聖夜市,張志嶸,在地嚮導 · 4 則評論 · 41 張相片,4 個月前,5 顆星,,https://www.google.com/maps/contrib/106462306042922105332/reviews?hl=zh-TW
武聖夜市,Hong Jun,12 則評論 · 3 張相片,4 個月前,5 顆星,好吃好逛,https://www.google.com/maps/contrib/111442428655676038811/reviews?hl=zh-TW
武聖夜市,閻重孝,在地嚮導 · 16 則評論 · 22 張相片,4 個月前,5 顆星,,https://www.google.com/maps/contrib/114779930304580195702/reviews?hl=zh-TW
武聖夜市,AD Chen,"在地嚮導 · 519 則評論 · 1,202 張相片",4 個月前,4 顆星,各式小吃與遊戲，好吃又好玩，停車也方便。,https://www.google.com/maps/contrib/112899661124208375972/reviews?hl=zh-TW
武聖夜市,J L,在地嚮導 · 73 則評論 · 15 張相片,4 個月前,4 顆星,還是有一些重複的攤,https://www.google.com/maps/contrib/109189161289835347573/reviews?hl=zh-TW
武聖夜市,DNA無謂,10 則評論 · 2 張相片,4 個月前,5 顆星,,https://www.google.com/maps/contrib/108636576384084222846/reviews?hl=zh-TW
武聖夜市,MIO x,在地嚮導 · 42 則評論 · 2 張相片,4 個月前,5 顆星,"攤販很多
老闆人都很好👌🏻 …",https://www.google.com/maps/contrib/101854277754459786510/reviews?hl=zh-TW
武聖夜市,林志聰,在地嚮導 · 20 則評論 · 15 張相片,4 個月前,4 顆星,小而美，有免費停車場,https://www.google.com/maps/contrib/114223645743737368537/reviews?hl=zh-TW
武聖夜市,潘潘,在地嚮導 · 28 則評論 · 7 張相片,4 個月前,5 顆星,,https://www.google.com/maps/contrib/113969728831530273479/reviews?hl=zh-TW
武聖夜市,高掱,在地嚮導 · 14 則評論 · 11 張相片,4 個月前,5 顆星,,https://www.google.com/maps/contrib/102078843310347584016/reviews?hl=zh-TW
武聖夜市,胡椒鹽,10 則評論,4 個月前,5 顆星,,https://www.google.com/maps/contrib/117054369303555363394/reviews?hl=zh-TW
武聖夜市,近雲,在地嚮導 · 236 則評論 · 444 張相片,4 個月前,1 顆星,"施記臭臭鍋（店面的），很雷，完全不入味，臭豆腐沒味道，鴨血乾癟，湯頭不鹹

汁優生，蔬果汁，標榜不加水，我買了大杯的110的「哈密瓜牛奶」，結果加了一堆冰塊，有夠稀，根本欺騙消費者 …",https://www.google.com/maps/contrib/104239481153256245819/reviews?hl=zh-TW
武聖夜市,是里業不是畢業,3 則評論,4 個月前,4 顆星,,https://www.google.com/maps/contrib/102007103195827792676/reviews?hl=zh-TW
武聖夜市,黃衍樺,在地嚮導 · 13 則評論 · 9 張相片,4 個月前,4 顆星,,https://www.google.com/maps/contrib/101415186667942178721/reviews?hl=zh-TW
武聖夜市,Freddie Huang,在地嚮導 · 28 則評論 · 10 張相片,4 個月前,5 顆星,"有「大型重型摩托車專用停車區」就值五顆星了。
真的是個友善的好夜市。",https://www.google.com/maps/contrib/102210822482582670914/reviews?hl=zh-TW
武聖夜市,凱凱,9 則評論 · 1 張相片,4 個月前,5 顆星,,https://www.google.com/maps/contrib/106530027870388080747/reviews?hl=zh-TW
武聖夜市,楊頂立,在地嚮導 · 8 則評論 · 5 張相片,4 個月前,5 顆星,買了十攤都沒踩到雷，讚！,https://www.google.com/maps/contrib/118437383434071721689/reviews?hl=zh-TW
武聖夜市,Kitty HSU,"在地嚮導 · 202 則評論 · 41,551 張相片",4 個月前,5 顆星,,https://www.google.com/maps/contrib/116409706907572863097/reviews?hl=zh-TW
武聖夜市,Cheng-Yu Lu,在地嚮導 · 57 則評論 · 36 張相片,4 個月前,4 顆星,星期三、五、六台南歷史悠久的夜市，價格實在，相當優質的逛街、飲食好去處。,https://www.google.com/maps/contrib/109423449257462833747/reviews?hl=zh-TW
武聖夜市,Amanda Chou,"在地嚮導 · 13 則評論 · 1,058 張相片",4 個月前,4 顆星,,https://www.google.com/maps/contrib/113699530922240625374/reviews?hl=zh-TW
武聖夜市,ABao,"在地嚮導 · 536 則評論 · 2,468 張相片",4 個月前,5 顆星,整體還不錯，就是攤位好像少很多，打發時間蠻好的，最讚嘆是有超級大停車位！,https://www.google.com/maps/contrib/116812209177733633334/reviews?hl=zh-TW
武聖夜市,金威宇（鮪魚）,6 則評論,4 個月前,5 顆星,,https://www.google.com/maps/contrib/116297937751160461483/reviews?hl=zh-TW
武聖夜市,Motion Edi (Will H),在地嚮導 · 76 則評論 · 227 張相片,4 個月前,5 顆星,"這是一個擁有比您想像的更多美食、娛樂和購物的市場。這裡不像台北的寧夏夜市或士林那樣商店林立，所以出遊很方便。

距離神農街步行約20分鐘，所以我覺得無論步行或騎自行車都值得一去。",https://www.google.com/maps/contrib/110568424195661220799/reviews?hl=zh-TW
武聖夜市,紀文瑞,在地嚮導 · 16 則評論 · 7 張相片,4 個月前,4 顆星,,https://www.google.com/maps/contrib/101704776988087365577/reviews?hl=zh-TW
武聖夜市,Gina Chen,在地嚮導 · 400 則評論 · 959 張相片,4 個月前,5 顆星,改變好多 變得好好逛😃 …,https://www.google.com/maps/contrib/103330463086730529909/reviews?hl=zh-TW
武聖夜市,張麗君,在地嚮導 · 39 則評論 · 22 張相片,4 個月前,5 顆星,非常好逛逛,https://www.google.com/maps/contrib/118133716368846165670/reviews?hl=zh-TW
武聖夜市,Sun S,在地嚮導 · 567 則評論 · 499 張相片,4 個月前,5 顆星,吉牌和臭豆腐太好吃了~,https://www.google.com/maps/contrib/108272105818009284922/reviews?hl=zh-TW
武聖夜市,kun r,8 則評論,4 個月前,5 顆星,,https://www.google.com/maps/contrib/104568642111267612342/reviews?hl=zh-TW
武聖夜市,施文強,在地嚮導 · 46 則評論 · 133 張相片,4 個月前,5 顆星,,https://www.google.com/maps/contrib/110679347251130868136/reviews?hl=zh-TW
武聖夜市,神隱少年,10 則評論 · 2 張相片,4 個月前,5 顆星,東西美味有南部特色，蚵仔煎印象深刻,https://www.google.com/maps/contrib/111331079576918010333/reviews?hl=zh-TW
武聖夜市,Wei Wei,在地嚮導 · 96 則評論 · 100 張相片,4 個月前,5 顆星,,https://www.google.com/maps/contrib/113200984428921922536/reviews?hl=zh-TW
武聖夜市,RUXIANG LEE,在地嚮導 · 4 則評論 · 25 張相片,4 個月前,5 顆星,,https://www.google.com/maps/contrib/107796450995814914793/reviews?hl=zh-TW
武聖夜市,清展王,在地嚮導 · 2 則評論,4 個月前,5 顆星,,https://www.google.com/maps/contrib/102683940699589487863/reviews?hl=zh-TW
武聖夜市,YU,在地嚮導 · 81 則評論 · 9 張相片,4 個月前,3 顆星,,https://www.google.com/maps/contrib/112109508360808403518/reviews?hl=zh-TW
武聖夜市,saki 5,在地嚮導 · 13 則評論 · 14 張相片,4 個月前,5 顆星,好吃好逛,https://www.google.com/maps/contrib/103739044630423938970/reviews?hl=zh-TW
武聖夜市,颯水兒,在地嚮導 · 144 則評論 · 552 張相片,4 個月前,5 顆星,,https://www.google.com/maps/contrib/100828152271036341048/reviews?hl=zh-TW
武聖夜市,Hailey Zhong,在地嚮導 · 100 則評論 · 54 張相片,4 個月前,5 顆星,"好吃好玩
最愛包子 炸皮蛋",https://www.google.com/maps/contrib/109686910243337671098/reviews?hl=zh-TW
武聖夜市,Tonny S.,在地嚮導 · 185 則評論 · 240 張相片,4 個月前,5 顆星,,https://www.google.com/maps/contrib/115630897508158747107/reviews?hl=zh-TW
武聖夜市,呂聆鈺,4 則評論 · 10 張相片,4 個月前,5 顆星,,https://www.google.com/maps/contrib/101197761372185305773/reviews?hl=zh-TW
武聖夜市,Guan 05,12 則評論 · 3 張相片,4 個月前,5 顆星,第一次談戀愛就上手,https://www.google.com/maps/contrib/105091043755660317046/reviews?hl=zh-TW
武聖夜市,快樂心,在地嚮導 · 157 則評論 · 27 張相片,4 個月前,5 顆星,玩了套圈圈、打小鋼珠、弓箭、撈魚，好玩！東西很多很好逛！！很新奇有趣🥰 …,https://www.google.com/maps/contrib/108254653651562048900/reviews?hl=zh-TW
武聖夜市,Sian Cong Jong,在地嚮導 · 24 則評論 · 7 張相片,4 個月前,5 顆星,海口人鹽烤吳郭魚不錯吃,https://www.google.com/maps/contrib/103214471470376471274/reviews?hl=zh-TW
武聖夜市,許瀞文,在地嚮導 · 68 則評論 · 28 張相片,4 個月前,5 顆星,,https://www.google.com/maps/contrib/101332376271461723021/reviews?hl=zh-TW
武聖夜市,剛果,在地嚮導 · 33 則評論 · 7 張相片,4 個月前,4 顆星,好逛又好玩，人不會太多太擠,https://www.google.com/maps/contrib/111857696165516640796/reviews?hl=zh-TW
武聖夜市,Weijen,在地嚮導 · 71 則評論 · 45 張相片,4 個月前,5 顆星,好停車好逛的夜市，拔絲地瓜推薦。,https://www.google.com/maps/contrib/118075579446973299230/reviews?hl=zh-TW
武聖夜市,莊惟雅,10 則評論,4 個月前,5 顆星,非常好,https://www.google.com/maps/contrib/117877623283985759439/reviews?hl=zh-TW
武聖夜市,傑斯,在地嚮導 · 188 則評論 · 57 張相片,4 個月前,5 顆星,還想再去,https://www.google.com/maps/contrib/111039177507717457926/reviews?hl=zh-TW
武聖夜市,阿瑋,在地嚮導 · 29 則評論 · 6 張相片,4 個月前,5 顆星,有停車場，東西齊全 很棒,https://www.google.com/maps/contrib/114216886266261263190/reviews?hl=zh-TW
武聖夜市,靖成王,在地嚮導 · 335 則評論 · 4 張相片,4 個月前,5 顆星,食物好吃，也不會有重複性很高的現象,https://www.google.com/maps/contrib/113452592523612017698/reviews?hl=zh-TW
武聖夜市,peace yeung,在地嚮導 · 13 則評論,4 個月前,4 顆星,,https://www.google.com/maps/contrib/105177498830522118571/reviews?hl=zh-TW
武聖夜市,張達逸,在地嚮導 · 36 則評論 · 322 張相片,4 個月前,5 顆星,拔絲地瓜好吃,https://www.google.com/maps/contrib/102907234128865747492/reviews?hl=zh-TW
武聖夜市,Joy,在地嚮導 · 27 則評論 · 20 張相片,4 個月前,5 顆星,,https://www.google.com/maps/contrib/110925812097553565015/reviews?hl=zh-TW
武聖夜市,Yuehchin Lin,"在地嚮導 · 1,810 則評論 · 9,608 張相片",4 個月前,3 顆星,"周六好多攤都要排隊
※有間紅豆餅攤看著有現成好多
但是畫單後是依單出餐，前單有需要現做的就要等做好再跟現成的一起夾好出餐，難怪排隊@@ …",https://www.google.com/maps/contrib/115470567202678631291/reviews?hl=zh-TW
武聖夜市,鍾小宗,在地嚮導 · 291 則評論 · 919 張相片,4 個月前,5 顆星,台南在地好逛夜市,https://www.google.com/maps/contrib/109567619519170418537/reviews?hl=zh-TW
武聖夜市,timmy kuo,在地嚮導 · 223 則評論 · 298 張相片,4 個月前,4 顆星,,https://www.google.com/maps/contrib/113055052362074446205/reviews?hl=zh-TW
武聖夜市,李俊賢,2 則評論 · 9 張相片,4 個月前,3 顆星,,https://www.google.com/maps/contrib/114211820675356663658/reviews?hl=zh-TW
武聖夜市,YY H,在地嚮導 · 64 則評論 · 7 張相片,4 個月前,5 顆星,種類眾多,https://www.google.com/maps/contrib/104898463777040554612/reviews?hl=zh-TW
武聖夜市,許D,在地嚮導 · 251 則評論 · 738 張相片,4 個月前,5 顆星,外圍的陳家炒飯是整個夜市最好吃的，有吃出廚師的功力，而且還便宜，位置在洋金菸酒門口,https://www.google.com/maps/contrib/110606284538226250355/reviews?hl=zh-TW
武聖夜市,妞妞兒2580,在地嚮導 · 584 則評論 · 470 張相片,4 個月前,5 顆星,"來台南必逛的夜市之一
武聖花園大東我都很喜歡逛
覺得比北部的好逛很多",https://www.google.com/maps/contrib/104293849624513431348/reviews?hl=zh-TW
武聖夜市,Ppp_ sem,"在地嚮導 · 374 則評論 · 1,513 張相片",4 個月前,4 顆星,親身體驗：我在這邊逛夜市買東西吃,https://www.google.com/maps/contrib/112244971515183777363/reviews?hl=zh-TW
武聖夜市,Kevin Chang,11 則評論 · 5 張相片,4 個月前,4 顆星,,https://www.google.com/maps/contrib/113889673090728549878/reviews?hl=zh-TW
武聖夜市,正成王,在地嚮導 · 20 則評論 · 17 張相片,4 個月前,1 顆星,停車場地面不平,https://www.google.com/maps/contrib/104509515323842659773/reviews?hl=zh-TW
武聖夜市,王文于,5 則評論 · 4 張相片,4 個月前,5 顆星,,https://www.google.com/maps/contrib/101934694258714981741/reviews?hl=zh-TW
武聖夜市,Hsuan Liu,9 則評論 · 5 張相片,4 個月前,2 顆星,,https://www.google.com/maps/contrib/116540574989337994203/reviews?hl=zh-TW
武聖夜市,倪剋猩,2 則評論 · 2 張相片,4 個月前,5 顆星,,https://www.google.com/maps/contrib/101415143722424812250/reviews?hl=zh-TW
武聖夜市,CLONe “CaGN” AdsjGn,5 則評論 · 2 張相片,4 個月前,5 顆星,"以前來沒什麼可以逛 但最近攤販變多了 逛
起來也比較舒服了",https://www.google.com/maps/contrib/101197036168672141843/reviews?hl=zh-TW
武聖夜市,yaping yang,"在地嚮導 · 8 則評論 · 11,253 張相片",4 個月前,5 顆星,,https://www.google.com/maps/contrib/112885516209574437282/reviews?hl=zh-TW
武聖夜市,Kuo-Yu Wu,在地嚮導 · 42 則評論 · 52 張相片,4 個月前,4 顆星,東山鴨頭不錯，從火車站騎ubike 去也不遠。,https://www.google.com/maps/contrib/107932529262678091419/reviews?hl=zh-TW
武聖夜市,邱凱岑,在地嚮導 · 64 則評論 · 105 張相片,4 個月前,5 顆星,這個夜市是我人生第一次去的地方我要買的東西目標達成了！,https://www.google.com/maps/contrib/101580438245725386196/reviews?hl=zh-TW
武聖夜市,yoann n,在地嚮導 · 215 則評論 · 646 張相片,4 個月前,4 顆星,價格確實不錯，相當不錯，兩個自行車終點站很近，有很多街頭小吃、各種商店和遊樂場活動。,https://www.google.com/maps/contrib/100442203144837948507/reviews?hl=zh-TW
武聖夜市,Chuan Wang,在地嚮導 · 52 則評論 · 47 張相片,4 個月前,5 顆星,沒想到平日人也滿多的，有免費停車場，東西都還不錯吃，沒特別挑也沒踩雷，專找不用排隊的😄有垃圾桶又有廁所，真方便！ …,https://www.google.com/maps/contrib/116661591153343263658/reviews?hl=zh-TW
武聖夜市,某爺,在地嚮導 · 19 則評論 · 3 張相片,4 個月前,4 顆星,,https://www.google.com/maps/contrib/102378243553627127105/reviews?hl=zh-TW
武聖夜市,Jessica 'Mama J' McFalls,在地嚮導 · 66 則評論 · 50 張相片,4 個月前,5 顆星,,https://www.google.com/maps/contrib/112204571691228506067/reviews?hl=zh-TW
武聖夜市,Janet,在地嚮導 · 17 則評論 · 9 張相片,4 個月前,5 顆星,種類多 東西好吃,https://www.google.com/maps/contrib/113739973012072538282/reviews?hl=zh-TW
武聖夜市,Eileen Zeng,在地嚮導 · 87 則評論 · 25 張相片,4 個月前,5 顆星,"攤位很多
很棒",https://www.google.com/maps/contrib/107906553326610406016/reviews?hl=zh-TW
武聖夜市,葉偉澤,"在地嚮導 · 273 則評論 · 3,110 張相片",4 個月前,5 顆星,距離安平最近的大夜市，每週三五六開,https://www.google.com/maps/contrib/108085119897266808230/reviews?hl=zh-TW
武聖夜市,George Chang,"在地嚮導 · 362 則評論 · 6,385 張相片",4 個月前,4 顆星,有停車場蠻大的免費，但人潮也蠻多不一定有的停，逛起來不錯，重複性不會太高，武聖的攤販售價比一般南部攤販略高20%,https://www.google.com/maps/contrib/110418873690704020691/reviews?hl=zh-TW
武聖夜市,Tony G.,在地嚮導 · 29 則評論 · 10 張相片,4 個月前,4 顆星,,https://www.google.com/maps/contrib/102446636520022477058/reviews?hl=zh-TW
武聖夜市,孟小緯,在地嚮導 · 39 則評論 · 3 張相片,4 個月前,5 顆星,東西都不錯，很有人情味的夜市,https://www.google.com/maps/contrib/103039989618578287001/reviews?hl=zh-TW
武聖夜市,鍾快眞,在地嚮導 · 2 則評論 · 7 張相片,4 個月前,5 顆星,,https://www.google.com/maps/contrib/117018725178715266236/reviews?hl=zh-TW
武聖夜市,David Lo,3 則評論,4 個月前,5 顆星,滿有特色的夜市,https://www.google.com/maps/contrib/108091768042157553819/reviews?hl=zh-TW
武聖夜市,陳奕丞,在地嚮導 · 10 則評論,4 個月前,5 顆星,,https://www.google.com/maps/contrib/105740802427616340283/reviews?hl=zh-TW
武聖夜市,陳玉婷Kathece,在地嚮導 · 152 則評論 · 29 張相片,4 個月前,5 顆星,很久沒來，假日的晚上一樣熱鬧，吃喝玩樂一應俱全的夜市。,https://www.google.com/maps/contrib/111243209355130993568/reviews?hl=zh-TW
武聖夜市,晨竤,在地嚮導 · 282 則評論 · 151 張相片,4 個月前,5 顆星,"超級熱鬧的大型夜市，物美價廉,但能坐下來吃的攤位不是很多, 外側的[茶公館]奶茶好喝大杯,老闆也有趣 ,後段機車場炸雲吞也很好吃,比較適合邊走邊吃每攤都嘗嘗,順便買點東西的中大型夜市,機車請不要停紅線,會拖吊,傍晚逛完安平老街,來武聖也只要十分鐘,一日遊可以列進名單，三大夜市唯二有重機專用位置的，不用跟汽車排隊，也不用跟機車擠，雖然就一個半的汽車格大小但是停滿也不擠，另一個是花園夜市有專用位",https://www.google.com/maps/contrib/118196860417475643984/reviews?hl=zh-TW
武聖夜市,王駿翰,7 則評論 · 4 張相片,4 個月前,4 顆星,比花園好逛,https://www.google.com/maps/contrib/113167605846910828158/reviews?hl=zh-TW
武聖夜市,張郁昕,在地嚮導 · 73 則評論 · 139 張相片,4 個月前,5 顆星,規劃的很好，垃圾桶很多，環境算乾淨，東西都很好吃，很多不一樣的攤位，很推可以來！,https://www.google.com/maps/contrib/100224404998434732909/reviews?hl=zh-TW
武聖夜市,陳小雲,在地嚮導 · 71 則評論 · 181 張相片,4 個月前,5 顆星,那天去武聖夜市想看伍佰阿姨，想要買煎餃。結果伍佰煎餃沒有出攤。只能下次在來囉～也有看到華麗的旋轉木馬。下次可以考慮帶小朋友來坐看看。,https://www.google.com/maps/contrib/118142964227513344612/reviews?hl=zh-TW
武聖夜市,綠色深林,在地嚮導 · 18 則評論 · 9 張相片,4 個月前,5 顆星,,https://www.google.com/maps/contrib/114931728977196692654/reviews?hl=zh-TW
武聖夜市,らふぁこぢょう,在地嚮導 · 6 則評論 · 26 張相片,4 個月前,4 顆星,,https://www.google.com/maps/contrib/108401378212477993941/reviews?hl=zh-TW
武聖夜市,簡瑀萱,8 則評論 · 2 張相片,4 個月前,5 顆星,,https://www.google.com/maps/contrib/106885770199600721265/reviews?hl=zh-TW
武聖夜市,wang wang,在地嚮導 · 98 則評論 · 253 張相片,4 個月前,3 顆星,人潮不是很多，很好逛，還行,https://www.google.com/maps/contrib/116700779225409556629/reviews?hl=zh-TW
武聖夜市,rogeranan,在地嚮導 · 11 則評論 · 28 張相片,4 個月前,5 顆星,,https://www.google.com/maps/contrib/114555799362185150571/reviews?hl=zh-TW
武聖夜市,史小元（阿元）,在地嚮導 · 69 則評論 · 95 張相片,4 個月前,4 顆星,在台南算是比較喜歡的夜市,https://www.google.com/maps/contrib/113829800236528492784/reviews?hl=zh-TW
武聖夜市,Connie Tsou,在地嚮導 · 30 則評論 · 3 張相片,4 個月前,5 顆星,好吃好逛！,https://www.google.com/maps/contrib/102334278528637872864/reviews?hl=zh-TW
武聖夜市,陳秀華,2 則評論 · 3 張相片,4 個月前,5 顆星,,https://www.google.com/maps/contrib/106177557503656098282/reviews?hl=zh-TW
武聖夜市,趙Weiwei,在地嚮導 · 15 則評論 · 4 張相片,4 個月前,5 顆星,除了較不好停車，美食商家都不錯，推鴨肉羹,https://www.google.com/maps/contrib/113098985267672940179/reviews?hl=zh-TW
武聖夜市,陳南宏（鋐煜）,在地嚮導 · 16 則評論 · 4 張相片,4 個月前,5 顆星,,https://www.google.com/maps/contrib/110552881913980692436/reviews?hl=zh-TW
武聖夜市,賢,在地嚮導 · 42 則評論 · 16 張相片,4 個月前,5 顆星,,https://www.google.com/maps/contrib/112851246009294779106/reviews?hl=zh-TW
武聖夜市,Li-Ren Yu,在地嚮導 · 38 則評論 · 10 張相片,4 個月前,5 顆星,很棒，拔絲地瓜球那攤，拔絲芋頭跟薯條很好吃推薦,https://www.google.com/maps/contrib/107310936111084663022/reviews?hl=zh-TW
武聖夜市,高業勝,16 則評論 · 3 張相片,4 個月前,5 顆星,,https://www.google.com/maps/contrib/112050777262310715502/reviews?hl=zh-TW
武聖夜市,SueA W,在地嚮導 · 63 則評論 · 108 張相片,4 個月前,5 顆星,,https://www.google.com/maps/contrib/114019749706880526531/reviews?hl=zh-TW
武聖夜市,大根鼠,在地嚮導 · 411 則評論 · 460 張相片,4 個月前,4 顆星,吃喝玩樂各種攤位都有，台南好逛的有名夜市之一。,https://www.google.com/maps/contrib/105620117980835892504/reviews?hl=zh-TW
武聖夜市,郭明祥,在地嚮導 · 7 則評論 · 75 張相片,4 個月前,5 顆星,,https://www.google.com/maps/contrib/106398309535152002302/reviews?hl=zh-TW
武聖夜市,Leon Liao,7 則評論 · 10 張相片,4 個月前,4 顆星,,https://www.google.com/maps/contrib/103015631563256748011/reviews?hl=zh-TW
武聖夜市,斯帖Esther以,在地嚮導 · 311 則評論 · 101 張相片,4 個月前,5 顆星,"超大根本逛不完人超多
趕時間沒有逛很久只逛一半一小時
超可惜~~東西也是蠻多元的",https://www.google.com/maps/contrib/109029945109101380392/reviews?hl=zh-TW
武聖夜市,琪琪,在地嚮導 · 12 則評論,4 個月前,5 顆星,,https://www.google.com/maps/contrib/112414481595766778696/reviews?hl=zh-TW
武聖夜市,楊立渝,7 則評論,4 個月前,5 顆星,,https://www.google.com/maps/contrib/114323342204779141333/reviews?hl=zh-TW
武聖夜市,黃書偉,在地嚮導 · 14 則評論 · 2 張相片,4 個月前,5 顆星,陳家阿嬤超好吃的,https://www.google.com/maps/contrib/103083758637745279149/reviews?hl=zh-TW
武聖夜市,劉怡妙,在地嚮導 · 20 則評論 · 23 張相片,4 個月前,5 顆星,停車場很大，很多好吃的攤販，廁所也很乾淨,https://www.google.com/maps/contrib/102705243476329380472/reviews?hl=zh-TW
武聖夜市,邱文良,在地嚮導 · 3 則評論 · 1 張相片,4 個月前,5 顆星,,https://www.google.com/maps/contrib/108433814043868958719/reviews?hl=zh-TW
武聖夜市,Karen Lin,5 則評論 · 2 張相片,4 個月前,4 顆星,"對非在地人來講，是值得一逛的夜市
昨天逛不到一半，銀彈耗盡了（準備太少）
真的好好吃好好買",https://www.google.com/maps/contrib/117320446981327686443/reviews?hl=zh-TW
武聖夜市,羅小賢,,4 個月前,2 顆星,,https://www.google.com/maps/contrib/115463302886736146019/reviews?hl=zh-TW
武聖夜市,葉欣樺,在地嚮導 · 7 則評論 · 3 張相片,4 個月前,4 顆星,,https://www.google.com/maps/contrib/111353919496305222690/reviews?hl=zh-TW
武聖夜市,賴琦運,在地嚮導 · 3 則評論 · 15 張相片,4 個月前,4 顆星,,https://www.google.com/maps/contrib/100475561155949714884/reviews?hl=zh-TW
武聖夜市,Melissa Su,在地嚮導 · 136 則評論 · 47 張相片,4 個月前,5 顆星,好逛 有的吃 有的買,https://www.google.com/maps/contrib/101893382346035618345/reviews?hl=zh-TW
武聖夜市,David chen,在地嚮導 · 69 則評論 · 76 張相片,4 個月前,5 顆星,東西很多 好吃又好玩,https://www.google.com/maps/contrib/104492590236767865709/reviews?hl=zh-TW
武聖夜市,沈志哲,,4 個月前,5 顆星,,https://www.google.com/maps/contrib/112188616319779621862/reviews?hl=zh-TW
武聖夜市,kh Zhan,"在地嚮導 · 291 則評論 · 4,781 張相片",4 個月前,4 顆星,,https://www.google.com/maps/contrib/116369582867335827643/reviews?hl=zh-TW
武聖夜市,李真,10 則評論 · 8 張相片,4 個月前,1 顆星,"停車場汽車引導服務人員態度差！
好好講話不行嗎？一定要大聲講話？
原本想開心逛夜市，結果都被破壞掉了😒 …",https://www.google.com/maps/contrib/108500246239756446890/reviews?hl=zh-TW
武聖夜市,Rick ZH,在地嚮導 · 88 則評論 · 58 張相片,4 個月前,5 顆星,,https://www.google.com/maps/contrib/113909219334113080965/reviews?hl=zh-TW
武聖夜市,Geo Zhang,在地嚮導 · 102 則評論 · 6 張相片,4 個月前,4 顆星,"花園率先墮落了，
大東近年也跟著墮落，
只剩武聖這塊最後淨土了。",https://www.google.com/maps/contrib/114229047661139600810/reviews?hl=zh-TW
武聖夜市,B Q,9 則評論,4 個月前,3 顆星,就夜市沒特色,https://www.google.com/maps/contrib/108650227197983089039/reviews?hl=zh-TW
武聖夜市,倪淯箴,在地嚮導 · 10 則評論 · 5 張相片,4 個月前,5 顆星,,https://www.google.com/maps/contrib/114511343949477058706/reviews?hl=zh-TW
武聖夜市,Rorensu,在地嚮導 · 32 則評論 · 1 張相片,4 個月前,5 顆星,東西種類很多，建議早點去，越晚人越多,https://www.google.com/maps/contrib/109672750550519829599/reviews?hl=zh-TW
武聖夜市,chi chi,10 則評論 · 1 張相片,4 個月前,5 顆星,,https://www.google.com/maps/contrib/116726290055998877730/reviews?hl=zh-TW
武聖夜市,蘇銘峯,在地嚮導 · 244 則評論 · 985 張相片,4 個月前,4 顆星,,https://www.google.com/maps/contrib/115069615565984943203/reviews?hl=zh-TW
武聖夜市,Kevin Lee,在地嚮導 · 52 則評論 · 5 張相片,4 個月前,4 顆星,什麼都有還有專人引導免費停車真棒,https://www.google.com/maps/contrib/108563568660763635350/reviews?hl=zh-TW
武聖夜市,楊璦菱,"在地嚮導 · 264 則評論 · 1,737 張相片",4 個月前,5 顆星,"臺南人第一次來武聖夜市
很幸運遇到鄭怡琳🩷
原來伍佰阿姨也在這裡 …",https://www.google.com/maps/contrib/103708732017959215254/reviews?hl=zh-TW
武聖夜市,Yun Nieh,1 則評論 · 3 張相片,4 個月前,5 顆星,,https://www.google.com/maps/contrib/103623359866914973804/reviews?hl=zh-TW
武聖夜市,Eric Jaw,"在地嚮導 · 2,130 則評論 · 14,141 張相片",4 個月前,3 顆星,合法的巨大夜市。 8 行。 3排小吃攤。,https://www.google.com/maps/contrib/112324371848494841422/reviews?hl=zh-TW
武聖夜市,E.C Chen,"在地嚮導 · 233 則評論 · 1,844 張相片",4 個月前,5 顆星,"身為外食族 也逛過台灣 大大小小的夜市
南台灣我最愛的夜市非武聖夜市莫屬!!!!
我是高雄人 但要逛夜市我寧願開車到台南 台南的夜市每一個都很強大~!!  武聖夜市是攤位基本都很好吃 也有的逛 人潮也不像花園會擠到不舒服的程度 去哪也都方便~ 武聖夜市好吃的攤位真的太多 以下照片都是我每次來必吃的美食!! 跟著我的推薦來吃，你們一定不會後悔的!! 武聖超讚❤",https://www.google.com/maps/contrib/110382332559857158889/reviews?hl=zh-TW
武聖夜市,ic huang,"在地嚮導 · 123 則評論 · 1,745 張相片",4 個月前,4 顆星,,https://www.google.com/maps/contrib/108424612052655901186/reviews?hl=zh-TW
武聖夜市,李奕靜,1 則評論 · 1 張相片,4 個月前,4 顆星,,https://www.google.com/maps/contrib/101195299231979521773/reviews?hl=zh-TW
武聖夜市,建龍陳,1 則評論,4 個月前,5 顆星,,https://www.google.com/maps/contrib/117998502951731352876/reviews?hl=zh-TW
武聖夜市,YuYu,在地嚮導 · 279 則評論 · 7 張相片,4 個月前,5 顆星,食物種類非常豐富，從傳統的鹽水雞、炸物、滷味，到特色小吃如碗粿、擔仔麵、蚵仔煎等，應有盡有，滿足各種口味需求。每個攤位的食物都頗具地方特色，吃起來讓人回味無窮。由於人多，部分時間段可能會有些擁擠，需要耐心等待。,https://www.google.com/maps/contrib/107709857884541605526/reviews?hl=zh-TW
武聖夜市,彭湘屏,在地嚮導 · 2 則評論 · 387 張相片,4 個月前,1 顆星,,https://www.google.com/maps/contrib/111794451425177914043/reviews?hl=zh-TW
武聖夜市,lin gary,在地嚮導 · 67 則評論 · 182 張相片,4 個月前,4 顆星,吃的東西滿多的,https://www.google.com/maps/contrib/107937482728896112397/reviews?hl=zh-TW
武聖夜市,Jay Liao,在地嚮導 · 17 則評論,4 個月前,5 顆星,,https://www.google.com/maps/contrib/116430574451416360493/reviews?hl=zh-TW
武聖夜市,Zongyi Lin,在地嚮導 · 57 則評論 · 36 張相片,4 個月前,5 顆星,價格實惠，會想一直來👍👍 …,https://www.google.com/maps/contrib/118337136910167110892/reviews?hl=zh-TW
武聖夜市,Minshu,在地嚮導 · 22 則評論 · 6 張相片,4 個月前,5 顆星,,https://www.google.com/maps/contrib/106013040545448043785/reviews?hl=zh-TW
武聖夜市,Apple unik,在地嚮導 · 24 則評論 · 2 張相片,4 個月前,5 顆星,,https://www.google.com/maps/contrib/115067517848469733910/reviews?hl=zh-TW
武聖夜市,朱先生,在地嚮導 · 3 則評論 · 6 張相片,4 個月前,4 顆星,,https://www.google.com/maps/contrib/105744330771569127201/reviews?hl=zh-TW
武聖夜市,Kevin Lin,3 則評論,4 個月前,1 顆星,不給進入停車場等候停車，被強迫要往前開，結果看後照鏡，後面的車子卻進去停車？整條路都放三角錐，外地來的遊客，開車不熟路停車超級不方便。口氣態度感覺很不友善，就沒逛離開了，連一顆星都不想給。,https://www.google.com/maps/contrib/113232728360839422082/reviews?hl=zh-TW
武聖夜市,去蕪存菁,在地嚮導 · 16 則評論 · 16 張相片,4 個月前,5 顆星,"缽缽雞味道類似清淡一點的魔芋爽，不錯
西安孜然羊肉拌麵好吃👍
新加坡咖椰吐司，烤的酥酥脆脆好吃 …",https://www.google.com/maps/contrib/108714364237925355717/reviews?hl=zh-TW
武聖夜市,林敬倫,在地嚮導 · 1 則評論,4 個月前,5 顆星,,https://www.google.com/maps/contrib/111329062448021998283/reviews?hl=zh-TW
武聖夜市,frank72311,在地嚮導 · 104 則評論 · 204 張相片,4 個月前,5 顆星,有停車場蠻大的免費，但人潮也蠻多不一定有的停，逛起來不錯，重複性不會太高，南部物價真的比北部夜市便宜，大概每種都有便宜10-30元。,https://www.google.com/maps/contrib/106588160237499865398/reviews?hl=zh-TW
武聖夜市,林子安,2 則評論 · 2 張相片,4 個月前,5 顆星,,https://www.google.com/maps/contrib/110432569612564928991/reviews?hl=zh-TW
武聖夜市,俞,16 則評論,4 個月前,4 顆星,,https://www.google.com/maps/contrib/106758311372735604763/reviews?hl=zh-TW
武聖夜市,吳政樑,6 則評論,4 個月前,5 顆星,攤位多，吃的玩的應有盡有。,https://www.google.com/maps/contrib/100422223961732600079/reviews?hl=zh-TW
武聖夜市,莫寶,15 則評論 · 2 張相片,4 個月前,5 顆星,,https://www.google.com/maps/contrib/114835219656345445544/reviews?hl=zh-TW
武聖夜市,小昕小昕,1 則評論,4 個月前,5 顆星,,https://www.google.com/maps/contrib/105175556786750436475/reviews?hl=zh-TW
武聖夜市,呂育豪,3 則評論 · 1 張相片,4 個月前,5 顆星,,https://www.google.com/maps/contrib/103417062078990006137/reviews?hl=zh-TW
武聖夜市,安啾,在地嚮導 · 48 則評論 · 73 張相片,4 個月前,5 顆星,每一樣都好吃😋 …,https://www.google.com/maps/contrib/107437416352498014232/reviews?hl=zh-TW
武聖夜市,Kennex Chi,在地嚮導 · 350 則評論 · 218 張相片,4 個月前,5 顆星,經典的台灣夜市。有很多值得一看的東西和很多可以享受的食物！,https://www.google.com/maps/contrib/105563878254997182144/reviews?hl=zh-TW
武聖夜市,Charlotte Chien,10 則評論 · 6 張相片,4 個月前,1 顆星,"來武聖夜市這麼多次，開車來的次數也數不清了，第一次遇到停車場人員敲車窗告知是免費停車場不能臨停等前車離開停車，甚至說這樣會害她被辦公室罵
這邏輯真是太神奇了，怕被罵就指揮好場內的交通秩序，而不是要停車的人不能等吧？",https://www.google.com/maps/contrib/101053318371104442972/reviews?hl=zh-TW
武聖夜市,蔡詳詳,4 則評論,4 個月前,5 顆星,,https://www.google.com/maps/contrib/103371938736838389530/reviews?hl=zh-TW
武聖夜市,XUAN,"在地嚮導 · 385 則評論 · 1,127 張相片",4 個月前,5 顆星,每次來必買！,https://www.google.com/maps/contrib/109274824970920687299/reviews?hl=zh-TW
武聖夜市,金田先生,在地嚮導 · 29 則評論 · 11 張相片,4 個月前,4 顆星,以前在地人的夜市，現在有點不是那麼好逛了，真可惜,https://www.google.com/maps/contrib/101948041983584927382/reviews?hl=zh-TW
武聖夜市,lee浩偉,在地嚮導 · 26 則評論 · 25 張相片,4 個月前,5 顆星,管理人員人很好。重點還有重機專屬停車位（規劃兩格汽車格就解決重機人的麻煩），重機友好給讚！,https://www.google.com/maps/contrib/113990086767729594692/reviews?hl=zh-TW
武聖夜市,紀忠勳,,4 個月前,4 顆星,,https://www.google.com/maps/contrib/102088280894687051398/reviews?hl=zh-TW
武聖夜市,Hieu Huynh,在地嚮導 · 9 則評論 · 13 張相片,4 個月前,4 顆星,不錯的市場，有很多攤位。通過每個過道都需要時間。它確實變得非常繁忙並且難以操縱。很多遊戲可以玩——第一次玩彈珠台，忘了時間！,https://www.google.com/maps/contrib/100376700956366387024/reviews?hl=zh-TW
武聖夜市,蒙面加菲貓,9 則評論 · 2 張相片,4 個月前,5 顆星,,https://www.google.com/maps/contrib/103296028040290292535/reviews?hl=zh-TW
武聖夜市,Zed Kawabunga,在地嚮導 · 930 則評論 · 67 張相片,4 個月前,5 顆星,"停車場要30
酵素臭豆腐酥炸的口感，泡菜很好吃
起司熱狗蛋很好吃 …",https://www.google.com/maps/contrib/106279001745097146856/reviews?hl=zh-TW
武聖夜市,詹孟璇,在地嚮導 · 10 則評論 · 52 張相片,4 個月前,5 顆星,當地人會逛的夜市，舒服的吃跟逛，僳格可接受，玩的東西也很多，停車方便,https://www.google.com/maps/contrib/110652842312569408431/reviews?hl=zh-TW
武聖夜市,婷陳,6 則評論,4 個月前,5 顆星,,https://www.google.com/maps/contrib/109215061227056415898/reviews?hl=zh-TW
武聖夜市,Zhoe 02,在地嚮導 · 39 則評論 · 148 張相片,4 個月前,5 顆星,🤩🤩🤩🤩 …,https://www.google.com/maps/contrib/112651188932505796796/reviews?hl=zh-TW
武聖夜市,Chen Yu Wen,在地嚮導 · 709 則評論 · 123 張相片,4 個月前,4 顆星,夜市熱鬧，有各種美食,https://www.google.com/maps/contrib/116623330004254995919/reviews?hl=zh-TW
武聖夜市,Janet Lin,在地嚮導 · 37 則評論 · 392 張相片,5 個月前,5 顆星,熙熙攘攘的夜市，以行人為中心。無需與踏板車共享路徑和許多美味佳餚。請務必注意您參觀的日期，以確保夜市位於該位置。,https://www.google.com/maps/contrib/115868875066341925834/reviews?hl=zh-TW
武聖夜市,戴嬿玲,在地嚮導,5 個月前,5 顆星,,https://www.google.com/maps/contrib/100846719226849807254/reviews?hl=zh-TW
武聖夜市,冷氣（阿強）,在地嚮導 · 15 則評論 · 27 張相片,5 個月前,5 顆星,,https://www.google.com/maps/contrib/117664469408809426181/reviews?hl=zh-TW
武聖夜市,許家禎,在地嚮導 · 123 則評論 · 96 張相片,5 個月前,5 顆星,,https://www.google.com/maps/contrib/101325560705593635894/reviews?hl=zh-TW
武聖夜市,Aming Liang,在地嚮導 · 115 則評論 · 53 張相片,5 個月前,5 顆星,"20年前冷清的夜市,如今人聲鼎沸,氣勢如虹,以致汽機車一位難求。",https://www.google.com/maps/contrib/110061668340450343290/reviews?hl=zh-TW
武聖夜市,林小涵,在地嚮導 · 78 則評論 · 2 張相片,5 個月前,5 顆星,,https://www.google.com/maps/contrib/101598438004960856013/reviews?hl=zh-TW
武聖夜市,Adrienne H,在地嚮導 · 26 則評論 · 24 張相片,5 個月前,4 顆星,吃食不太會重複，路線寬不擠，有吃也有玩，推。,https://www.google.com/maps/contrib/107600347569524639335/reviews?hl=zh-TW
武聖夜市,姜太,"在地嚮導 · 854 則評論 · 6,212 張相片",5 個月前,3 顆星,比起大東跟花園規模較小，食物品項重複的不少，但價格還算實惠，不過有幾攤著名的攤販味道滿雷的⋯完全吃不下去那種。有停車場很方便。,https://www.google.com/maps/contrib/104100626953598855014/reviews?hl=zh-TW
武聖夜市,ek tnk,在地嚮導 · 50 則評論 · 63 張相片,5 個月前,5 顆星,"一週的日子是固定的，所以去的時候要小心。週三、週五和週六。
儘管周圍很暗，但燈光很明亮，所以當你步行或騎自行車前往那裡時，你會感覺自己找到了寶藏。食品店不多，想吃的話最好當場購買。不是太大，回去也很方便。",https://www.google.com/maps/contrib/103280667067359996705/reviews?hl=zh-TW
武聖夜市,邱彥誌,在地嚮導 · 31 則評論 · 5 張相片,5 個月前,5 顆星,,https://www.google.com/maps/contrib/117734901440141415419/reviews?hl=zh-TW
武聖夜市,黃柏薰（薰）,6 則評論 · 4 張相片,5 個月前,5 顆星,有很多好吃的美食。,https://www.google.com/maps/contrib/117962736935920676830/reviews?hl=zh-TW
武聖夜市,Jim Huang,在地嚮導 · 29 則評論 · 2 張相片,5 個月前,5 顆星,值得多次造訪😆 …,https://www.google.com/maps/contrib/104225575291212149884/reviews?hl=zh-TW
武聖夜市,金全,8 則評論,5 個月前,5 顆星,,https://www.google.com/maps/contrib/110455931028762796167/reviews?hl=zh-TW
武聖夜市,薰薰,在地嚮導 · 18 則評論 · 3 張相片,5 個月前,5 顆星,不錯好吃😋 …,https://www.google.com/maps/contrib/114438118135714020572/reviews?hl=zh-TW
武聖夜市,黃怡雯,15 則評論 · 2 張相片,5 個月前,5 顆星,,https://www.google.com/maps/contrib/113100761252095559208/reviews?hl=zh-TW
武聖夜市,Yu,在地嚮導 · 69 則評論 · 9 張相片,5 個月前,3 顆星,普普通通,https://www.google.com/maps/contrib/109912464676564981689/reviews?hl=zh-TW
武聖夜市,Sons Sea,在地嚮導 · 27 則評論 · 3 張相片,5 個月前,5 顆星,停車場很大，很讚,https://www.google.com/maps/contrib/115584139128776532135/reviews?hl=zh-TW
武聖夜市,Iris,在地嚮導 · 33 則評論 · 83 張相片,5 個月前,5 顆星,不會很擁擠，逛起來很舒服,https://www.google.com/maps/contrib/117317465896148494157/reviews?hl=zh-TW
武聖夜市,侯達仁,在地嚮導 · 68 則評論 · 10 張相片,5 個月前,5 顆星,台南最好逛的夜市,https://www.google.com/maps/contrib/113447525793590073594/reviews?hl=zh-TW
武聖夜市,Mindy van de Ven,在地嚮導 · 250 則評論 · 215 張相片,5 個月前,4 顆星,特別的夜市，看起來更像是個有遊樂場景點的餐車場所。,https://www.google.com/maps/contrib/106948848224511871170/reviews?hl=zh-TW
武聖夜市,紀杲陞,10 則評論 · 1 張相片,5 個月前,5 顆星,,https://www.google.com/maps/contrib/110421968704954004329/reviews?hl=zh-TW
武聖夜市,蔡昀熙,在地嚮導 · 246 則評論 · 175 張相片,5 個月前,4 顆星,兒時回憶，逛的不只是夜市,https://www.google.com/maps/contrib/115343777975776876347/reviews?hl=zh-TW
武聖夜市,蘇俊益,在地嚮導 · 20 則評論 · 5 張相片,5 個月前,5 顆星,,https://www.google.com/maps/contrib/117888657356718442665/reviews?hl=zh-TW
武聖夜市,林淑娟,3 則評論 · 2 張相片,5 個月前,5 顆星,,https://www.google.com/maps/contrib/101281103857155548390/reviews?hl=zh-TW
武聖夜市,盧耀龍,16 則評論,5 個月前,3 顆星,,https://www.google.com/maps/contrib/114499613821969774909/reviews?hl=zh-TW
武聖夜市,Ferrum Wan,在地嚮導 · 154 則評論 · 822 張相片,5 個月前,4 顆星,,https://www.google.com/maps/contrib/100073269005001924430/reviews?hl=zh-TW
武聖夜市,謝家瑋,,5 個月前,5 顆星,,https://www.google.com/maps/contrib/117192757665238139007/reviews?hl=zh-TW
武聖夜市,張玉君,在地嚮導 · 44 則評論 · 34 張相片,5 個月前,5 顆星,,https://www.google.com/maps/contrib/108418237339634939148/reviews?hl=zh-TW
武聖夜市,mico LIU,在地嚮導 · 28 則評論 · 38 張相片,5 個月前,5 顆星,"很好逛
本身吃素食
意外的發現裡面有超過10種以上 …",https://www.google.com/maps/contrib/108105524429273227677/reviews?hl=zh-TW
武聖夜市,林昱谷,8 則評論 · 8 張相片,5 個月前,5 顆星,停車場很大 非常適合,https://www.google.com/maps/contrib/113914874775303626951/reviews?hl=zh-TW
武聖夜市,白姿錦,在地嚮導 · 20 則評論 · 1 張相片,5 個月前,5 顆星,,https://www.google.com/maps/contrib/100106396379933794209/reviews?hl=zh-TW
武聖夜市,黃思婷,在地嚮導 · 54 則評論 · 3 張相片,5 個月前,5 顆星,,https://www.google.com/maps/contrib/101726485925506379529/reviews?hl=zh-TW
武聖夜市,Cathy Lee,在地嚮導 · 291 則評論 · 341 張相片,5 個月前,5 顆星,,https://www.google.com/maps/contrib/118007983272329126211/reviews?hl=zh-TW
武聖夜市,陳為,在地嚮導 · 20 則評論 · 4 張相片,5 個月前,5 顆星,因為當天帶媽媽走路不方便，當下在停車入口處停車被喊下，一番說明後管理人員很貼心的幫忙引導並且讓我能安排家人順利下車，謝謝🙏 …,https://www.google.com/maps/contrib/111426761394521938638/reviews?hl=zh-TW
武聖夜市,小雅雅,在地嚮導 · 7 則評論 · 3 張相片,5 個月前,5 顆星,,https://www.google.com/maps/contrib/105478978199614760237/reviews?hl=zh-TW
武聖夜市,姿姿,"在地嚮導 · 1,003 則評論 · 8,390 張相片",5 個月前,5 顆星,,https://www.google.com/maps/contrib/103746837229390845851/reviews?hl=zh-TW
武聖夜市,中出神經失調,在地嚮導 · 29 則評論 · 30 張相片,5 個月前,5 顆星,比大東花園還要更有台南味的夜市,https://www.google.com/maps/contrib/106379542996679877759/reviews?hl=zh-TW
武聖夜市,楊雅芳,7 則評論 · 4 張相片,5 個月前,5 顆星,,https://www.google.com/maps/contrib/101396524083762813597/reviews?hl=zh-TW
武聖夜市,H.,"在地嚮導 · 281 則評論 · 2,266 張相片",5 個月前,5 顆星,,https://www.google.com/maps/contrib/111821520488031847889/reviews?hl=zh-TW
武聖夜市,蘋果妮,在地嚮導 · 176 則評論 · 641 張相片,5 個月前,4 顆星,很好停車、很好逛、很多好吃的食物～,https://www.google.com/maps/contrib/116276346128138681740/reviews?hl=zh-TW
武聖夜市,King Lin,在地嚮導 · 41 則評論 · 2 張相片,5 個月前,1 顆星,停車有夠不方便 路又小條,https://www.google.com/maps/contrib/117235187130838917518/reviews?hl=zh-TW
武聖夜市,嗷嗚,在地嚮導 · 21 則評論 · 9 張相片,5 個月前,5 顆星,有一家阿發臭豆腐 超好吃！ 泡菜有微微的果醋味 豆腐外酥內軟 一口接一口,https://www.google.com/maps/contrib/116022873586684361955/reviews?hl=zh-TW
武聖夜市,王渝涵,7 則評論,5 個月前,1 顆星,要圍三角錐就給人家排隊 不然就不要圍,https://www.google.com/maps/contrib/100600306109475985347/reviews?hl=zh-TW
武聖夜市,邱佳泓,在地嚮導 · 18 則評論 · 73 張相片,5 個月前,5 顆星,,https://www.google.com/maps/contrib/106795244569465310500/reviews?hl=zh-TW
武聖夜市,方文欽,在地嚮導 · 214 則評論 · 79 張相片,5 個月前,5 顆星,看起來就是好吃!,https://www.google.com/maps/contrib/113242080107828570400/reviews?hl=zh-TW
武聖夜市,NAO,在地嚮導 · 53 則評論 · 160 張相片,5 個月前,5 顆星,,https://www.google.com/maps/contrib/100387109800456938302/reviews?hl=zh-TW
武聖夜市,Dason Dai,4 則評論 · 1 張相片,5 個月前,5 顆星,,https://www.google.com/maps/contrib/100686703568051723348/reviews?hl=zh-TW
武聖夜市,李政均,在地嚮導 · 2 則評論,5 個月前,5 顆星,,https://www.google.com/maps/contrib/101509303273910447390/reviews?hl=zh-TW
武聖夜市,許小慶,在地嚮導 · 38 則評論 · 33 張相片,5 個月前,4 顆星,,https://www.google.com/maps/contrib/109278841866361028384/reviews?hl=zh-TW
武聖夜市,許永騰,在地嚮導 · 22 則評論 · 444 張相片,5 個月前,4 顆星,,https://www.google.com/maps/contrib/108887600514973097468/reviews?hl=zh-TW
武聖夜市,雅芸,9 則評論 · 2 張相片,5 個月前,5 顆星,,https://www.google.com/maps/contrib/108017188750247952763/reviews?hl=zh-TW
武聖夜市,蔡萬金,"在地嚮導 · 514 則評論 · 4,781 張相片",5 個月前,4 顆星,談起武聖夜市，已經陪著在地人，走過三十幾個年頭了，在民國七十幾年崛起，在地夜市就屬武聖佔地最大，還有另一半是點心城，由於地主要開發土地變更，點心城已經拆除了，而夜市就只能再續五年，夜市美食融合在地小吃，吃喝玩樂近在咫尺，台南夜市越來越多，其實可以盡情享受的夜市沒有幾個，武聖夜市的規劃很清楚，吃的、喝的、玩的、穿的、用的，都劃分很明瞭，花園夜市佔地面積雖大，可是規劃的七零八落，身為在地人的我，老實說花園只去過二回，想要的都要逛很久找很久，武聖夜市剩下四年多，努力的逛逛了，今晚又來夜市吃晚餐。,https://www.google.com/maps/contrib/117424761227228079290/reviews?hl=zh-TW
武聖夜市,chiao,在地嚮導 · 7 則評論 · 5 張相片,5 個月前,5 顆星,很好逛也很好好吃的,https://www.google.com/maps/contrib/101430530505421979544/reviews?hl=zh-TW
武聖夜市,Jac Choi,4 則評論 · 14 張相片,5 個月前,5 顆星,很多食物選擇，還有很多遊戲攤位。,https://www.google.com/maps/contrib/109582435530281989898/reviews?hl=zh-TW
武聖夜市,冰淇淋,7 則評論 · 1 張相片,5 個月前,5 顆星,,https://www.google.com/maps/contrib/117185141909163177830/reviews?hl=zh-TW
武聖夜市,晴晴戀空,3 則評論 · 1 張相片,5 個月前,5 顆星,,https://www.google.com/maps/contrib/100942081335273768237/reviews?hl=zh-TW
武聖夜市,王勇程,在地嚮導 · 170 則評論 · 103 張相片,5 個月前,5 顆星,,https://www.google.com/maps/contrib/113167694953623158381/reviews?hl=zh-TW
武聖夜市,陳力麟,在地嚮導 · 118 則評論 · 596 張相片,5 個月前,5 顆星,在地台南人最喜愛去的夜市,https://www.google.com/maps/contrib/116620348824786788343/reviews?hl=zh-TW
武聖夜市,張梅芳,在地嚮導 · 165 則評論 · 512 張相片,5 個月前,4 顆星,很多人~車位多繞幾圈就有，很好買😁 …,https://www.google.com/maps/contrib/103946399110898776515/reviews?hl=zh-TW
武聖夜市,Zinnia Xu,"在地嚮導 · 328 則評論 · 1,233 張相片",5 個月前,5 顆星,,https://www.google.com/maps/contrib/116953593546936327650/reviews?hl=zh-TW
武聖夜市,Anhsu Yang,在地嚮導 · 20 則評論,5 個月前,1 顆星,,https://www.google.com/maps/contrib/100005251945902355757/reviews?hl=zh-TW
武聖夜市,Tienhua Peng,在地嚮導 · 77 則評論 · 343 張相片,5 個月前,5 顆星,大小適中，品項豐富，好逛好吃。,https://www.google.com/maps/contrib/106450253266510284888/reviews?hl=zh-TW
武聖夜市,林芯瑜,在地嚮導 · 26 則評論 · 10 張相片,5 個月前,5 顆星,攤位重複率低又不擠，我覺得比大東和花園好,https://www.google.com/maps/contrib/109009179312756280235/reviews?hl=zh-TW
武聖夜市,Doris Hu,在地嚮導 · 29 則評論 · 18 張相片,5 個月前,5 顆星,找到了慕名的麻糬。  先前吃過師兄在台南果菜市場買的、口感味道令愛吃麻糬的我讚嘆不已。  運氣好、他們是同一家。,https://www.google.com/maps/contrib/108656471218753560139/reviews?hl=zh-TW
武聖夜市,大衛杜夫,在地嚮導 · 44 則評論 · 1 張相片,5 個月前,1 顆星,一家XXX蚵仔煎超雷 用料不實在😮‍💨 …,https://www.google.com/maps/contrib/108856375544882492890/reviews?hl=zh-TW
武聖夜市,FANG FANG Liang,在地嚮導 · 253 則評論 · 116 張相片,5 個月前,5 顆星,哇！我遠從台北來就為了武聖夜市,https://www.google.com/maps/contrib/111291664766729912776/reviews?hl=zh-TW
武聖夜市,Teddy熊,在地嚮導 · 16 則評論 · 18 張相片,5 個月前,5 顆星,,https://www.google.com/maps/contrib/112093291205320022085/reviews?hl=zh-TW
武聖夜市,野原廣志,在地嚮導 · 45 則評論 · 10 張相片,5 個月前,5 顆星,,https://www.google.com/maps/contrib/100046147530768804253/reviews?hl=zh-TW
武聖夜市,蔡易勳,在地嚮導 · 23 則評論 · 3 張相片,5 個月前,5 顆星,,https://www.google.com/maps/contrib/101042333628511531665/reviews?hl=zh-TW
武聖夜市,林筱君,5 則評論 · 1 張相片,5 個月前,5 顆星,很喜歡逛，東西衛生又新鮮！每次去..都很驚喜！,https://www.google.com/maps/contrib/113010182246501106993/reviews?hl=zh-TW
武聖夜市,幃疄,3 則評論 · 16 張相片,5 個月前,5 顆星,,https://www.google.com/maps/contrib/111930245222405623176/reviews?hl=zh-TW
武聖夜市,鄭又嘉,在地嚮導 · 25 則評論 · 11 張相片,5 個月前,5 顆星,,https://www.google.com/maps/contrib/105638753250018868793/reviews?hl=zh-TW
武聖夜市,林昌為,"在地嚮導 · 690 則評論 · 3,014 張相片",5 個月前,5 顆星,很好停車 車位很多 人沒有到花園那麼多,https://www.google.com/maps/contrib/106185108428515089836/reviews?hl=zh-TW
武聖夜市,Pang-Jui Yiu,5 則評論,5 個月前,5 顆星,心目中的夜市，多姿多彩的攤檔，滿滿的人流。好吃的夜市食物，臭豆腐，蚵仔煎、大腸麵線、鐵板牛排，烤香腸、玉米！,https://www.google.com/maps/contrib/113452059521620599743/reviews?hl=zh-TW
武聖夜市,Wang王,在地嚮導 · 56 則評論 · 228 張相片,5 個月前,5 顆星,,https://www.google.com/maps/contrib/109120657577069928864/reviews?hl=zh-TW
武聖夜市,林俊毅,在地嚮導 · 49 則評論 · 186 張相片,5 個月前,5 顆星,,https://www.google.com/maps/contrib/104225411935895220590/reviews?hl=zh-TW
武聖夜市,鄭雯,"在地嚮導 · 652 則評論 · 6,077 張相片",5 個月前,5 顆星,好吃好玩好逛 但停車不好停,https://www.google.com/maps/contrib/116885948056103963268/reviews?hl=zh-TW
武聖夜市,簡梅瑛,8 則評論 · 53 張相片,5 個月前,5 顆星,,https://www.google.com/maps/contrib/110617948397954345160/reviews?hl=zh-TW
武聖夜市,iSunny Li,在地嚮導 · 35 則評論 · 58 張相片,5 個月前,5 顆星,,https://www.google.com/maps/contrib/112162798653727518682/reviews?hl=zh-TW
武聖夜市,komori森,在地嚮導 · 10 則評論 · 4 張相片,5 個月前,5 顆星,,https://www.google.com/maps/contrib/103512343275708774620/reviews?hl=zh-TW
武聖夜市,Eric Hsieh,在地嚮導 · 94 則評論 · 537 張相片,5 個月前,4 顆星,,https://www.google.com/maps/contrib/101387386447686719171/reviews?hl=zh-TW
武聖夜市,王鑫,在地嚮導 · 103 則評論 · 45 張相片,5 個月前,5 顆星,常去的一個夜市，因為是半個在地人，這邊遊客比較少選擇多也乾淨,https://www.google.com/maps/contrib/117521471887494935231/reviews?hl=zh-TW
武聖夜市,楊小楊,在地嚮導 · 7 則評論 · 92 張相片,5 個月前,5 顆星,買了幾樣夜市美食都不錯，沒踩雷,https://www.google.com/maps/contrib/118361211054306993975/reviews?hl=zh-TW
武聖夜市,莊茵琇（嘟拉拉）,在地嚮導 · 5 則評論 · 125 張相片,5 個月前,5 顆星,,https://www.google.com/maps/contrib/100265063180671780467/reviews?hl=zh-TW
武聖夜市,尾崎純子,在地嚮導 · 218 則評論 · 30 張相片,5 個月前,4 顆星,,https://www.google.com/maps/contrib/102704592526298668741/reviews?hl=zh-TW
武聖夜市,阿華田,在地嚮導 · 7 則評論 · 46 張相片,5 個月前,5 顆星,,https://www.google.com/maps/contrib/112524135408124273946/reviews?hl=zh-TW
武聖夜市,彤,在地嚮導 · 29 則評論 · 47 張相片,5 個月前,5 顆星,攤位很多可以選擇，好吃的小吃也超級多，又便宜，更方便的是旁邊又有停車場！另外現在廁所也比較乾淨、明亮！,https://www.google.com/maps/contrib/118246253711877919101/reviews?hl=zh-TW
武聖夜市,鄭瑞星,在地嚮導 · 7 則評論 · 3 張相片,5 個月前,5 顆星,,https://www.google.com/maps/contrib/114561523574903098024/reviews?hl=zh-TW
武聖夜市,朱瑞彬,5 則評論,5 個月前,2 顆星,,https://www.google.com/maps/contrib/114932625525289029192/reviews?hl=zh-TW
武聖夜市,Steven Chang,在地嚮導 · 235 則評論 · 378 張相片,5 個月前,1 顆星,,https://www.google.com/maps/contrib/105099074808361275621/reviews?hl=zh-TW
武聖夜市,Beii Yuu (維尼.),18 則評論 · 2 張相片,5 個月前,5 顆星,,https://www.google.com/maps/contrib/117159873912907298578/reviews?hl=zh-TW
武聖夜市,Yu Hung Kao (Derek),在地嚮導 · 27 則評論 · 36 張相片,5 個月前,5 顆星,好吃，好玩，好好逛逛,https://www.google.com/maps/contrib/112889096000288564753/reviews?hl=zh-TW
武聖夜市,謝芸蓉,在地嚮導 · 7 則評論 · 29 張相片,5 個月前,5 顆星,,https://www.google.com/maps/contrib/102590065297700366093/reviews?hl=zh-TW
武聖夜市,張智皓,在地嚮導 · 3 則評論,5 個月前,4 顆星,,https://www.google.com/maps/contrib/110685079262046577351/reviews?hl=zh-TW
武聖夜市,王政傑,在地嚮導 · 351 則評論 · 1 張相片,5 個月前,4 顆星,,https://www.google.com/maps/contrib/111443607294206084997/reviews?hl=zh-TW
武聖夜市,MOA經絡spa能量館,在地嚮導 · 127 則評論 · 31 張相片,5 個月前,5 顆星,超愛,https://www.google.com/maps/contrib/103630716572009086633/reviews?hl=zh-TW
武聖夜市,wing heen Ng,,5 個月前,4 顆星,,https://www.google.com/maps/contrib/115611094814350315292/reviews?hl=zh-TW
武聖夜市,包子（分享趣味生活）,在地嚮導 · 121 則評論 · 392 張相片,5 個月前,5 顆星,"東西超級多，而且超多人，改變了想法！
有間泰式奶茶不錯，還有一間棒打檸檬超棒",https://www.google.com/maps/contrib/105511599626324674977/reviews?hl=zh-TW
武聖夜市,吃素.克洛克人思莉瑪賽,在地嚮導 · 79 則評論 · 21 張相片,5 個月前,5 顆星,爽,https://www.google.com/maps/contrib/112963987200092402524/reviews?hl=zh-TW
武聖夜市,朱健華,14 則評論,5 個月前,4 顆星,平日也人潮多,https://www.google.com/maps/contrib/107740138775937399108/reviews?hl=zh-TW
武聖夜市,World Explorer,"在地嚮導 · 356 則評論 · 6,360 張相片",5 個月前,5 顆星,在變得太瘋狂之前，規模和人群數量都合適。我想選擇前面排隊的供應商是安全的。訂購有點棘手，因為他們對某些供應商有不同的規則。,https://www.google.com/maps/contrib/105774174444787308383/reviews?hl=zh-TW
武聖夜市,Sora Li (L.J),在地嚮導 · 15 則評論 · 8 張相片,5 個月前,5 顆星,,https://www.google.com/maps/contrib/117461463762629287469/reviews?hl=zh-TW
武聖夜市,E W,在地嚮導 · 32 則評論 · 25 張相片,5 個月前,5 顆星,很棒！,https://www.google.com/maps/contrib/100835500295621419865/reviews?hl=zh-TW
武聖夜市,jeff lai,"在地嚮導 · 30 則評論 · 3,391 張相片",5 個月前,3 顆星,,https://www.google.com/maps/contrib/110425214955779513811/reviews?hl=zh-TW
武聖夜市,張娟英,2 則評論 · 2 張相片,5 個月前,3 顆星,,https://www.google.com/maps/contrib/116842811251273705971/reviews?hl=zh-TW
武聖夜市,YL W (WYL),在地嚮導 · 5 則評論 · 2 張相片,5 個月前,5 顆星,,https://www.google.com/maps/contrib/114784518324098785590/reviews?hl=zh-TW
武聖夜市,楊雅婷,在地嚮導 · 18 則評論 · 26 張相片,5 個月前,5 顆星,,https://www.google.com/maps/contrib/110484326542593954519/reviews?hl=zh-TW
武聖夜市,JingYi Teh,在地嚮導 · 16 則評論 · 8 張相片,5 個月前,5 顆星,"這個夜市超好逛 可以玩很多遊戲
尤其是打香腸",https://www.google.com/maps/contrib/117658335974803343807/reviews?hl=zh-TW
武聖夜市,晨曦,在地嚮導 · 173 則評論 · 553 張相片,5 個月前,4 顆星,,https://www.google.com/maps/contrib/102980416033526969371/reviews?hl=zh-TW
武聖夜市,Hannah Chang,10 則評論,5 個月前,5 顆星,超讚,https://www.google.com/maps/contrib/104755086135960641522/reviews?hl=zh-TW
武聖夜市,湘湘,在地嚮導 · 27 則評論 · 5 張相片,5 個月前,3 顆星,"東西有比以前多很多
但跟大東、花園比，東西 還是沒有那麼完整",https://www.google.com/maps/contrib/107098600214469164792/reviews?hl=zh-TW
武聖夜市,Kent Tsui,在地嚮導 · 72 則評論 · 380 張相片,5 個月前,5 顆星,有趣的地方，有濃鬱的地方特色！,https://www.google.com/maps/contrib/112864396146430950435/reviews?hl=zh-TW
武聖夜市,鹿意思,在地嚮導 · 53 則評論 · 51 張相片,5 個月前,3 顆星,難停車，可以停到好市多，但是要走一段路，攤販普遍價格較高，而且沒有標價完全,https://www.google.com/maps/contrib/110328467596945644398/reviews?hl=zh-TW
武聖夜市,杰鴒,在地嚮導 · 55 則評論 · 175 張相片,5 個月前,5 顆星,東西多樣化，價格也便宜，喜歡拼圖的人，特別推薦來此購買，價位超便宜，大人、小孩都玩的開心！,https://www.google.com/maps/contrib/108666153436475750240/reviews?hl=zh-TW
武聖夜市,羅亦貴,在地嚮導 · 14 則評論 · 1 張相片,5 個月前,5 顆星,動線規劃不錯 攤家多樣,https://www.google.com/maps/contrib/105075425449282463082/reviews?hl=zh-TW
武聖夜市,無聲,在地嚮導 · 14 則評論 · 1 張相片,5 個月前,3 顆星,沒有特色價錢不輸臺中，失望…,https://www.google.com/maps/contrib/106249927097703360695/reviews?hl=zh-TW
武聖夜市,SHI-MIN ZHANG (Mire),"在地嚮導 · 935 則評論 · 5,148 張相片",5 個月前,4 顆星,"越來越多穿布偶裝的人了欸，不過目前看到最酷的是火車站前面的皮卡丘，然後第一家沙威瑪到底是誰開的==連續兩天去，連續兩天的臺南第一家沙威瑪居然是不一樣的招牌，會有種被欺騙的感覺...
刈包可以選燒肉就會是燒肉很讚，但是少了那麼點香氣",https://www.google.com/maps/contrib/112708194668197732034/reviews?hl=zh-TW
武聖夜市,郭柏陞,在地嚮導 · 25 則評論 · 10 張相片,5 個月前,5 顆星,讚，台南市第一名的夜市,https://www.google.com/maps/contrib/106117193231583332880/reviews?hl=zh-TW
武聖夜市,若婷,1 則評論,5 個月前,4 顆星,,https://www.google.com/maps/contrib/108375877179562382707/reviews?hl=zh-TW
武聖夜市,妙,在地嚮導 · 19 則評論 · 5 張相片,5 個月前,5 顆星,多元的餐飲文化可以選擇，小孩的設施也好玩,https://www.google.com/maps/contrib/101768095686495307675/reviews?hl=zh-TW
武聖夜市,Wei Ho,在地嚮導 · 35 則評論 · 121 張相片,5 個月前,4 顆星,,https://www.google.com/maps/contrib/105992196601701205958/reviews?hl=zh-TW
武聖夜市,金樂天,在地嚮導 · 23 則評論 · 2 張相片,5 個月前,4 顆星,,https://www.google.com/maps/contrib/106830846038766411583/reviews?hl=zh-TW
武聖夜市,魏久幸,4 則評論 · 1 張相片,5 個月前,5 顆星,,https://www.google.com/maps/contrib/107382281817281216604/reviews?hl=zh-TW
武聖夜市,林銘宗,"在地嚮導 · 20 則評論 · 1,368 張相片",5 個月前,5 顆星,"吃喝玩樂，統統都有
滿足各種需求
有超大停車場，好停車
機車免停車費",https://www.google.com/maps/contrib/101956594443380352226/reviews?hl=zh-TW
武聖夜市,施麗珍,在地嚮導 · 41 則評論 · 2 張相片,5 個月前,4 顆星,好玩，好吃的夜市,https://www.google.com/maps/contrib/101615002043592019421/reviews?hl=zh-TW
武聖夜市,片山昇,在地嚮導 · 185 則評論 · 222 張相片,5 個月前,5 顆星,這是一個非常熱鬧的夜市，街上擺滿了攤位，絕對值得至少去一次。,https://www.google.com/maps/contrib/112066221154300224912/reviews?hl=zh-TW
武聖夜市,黄柏凯,在地嚮導 · 72 則評論,5 個月前,5 顆星,,https://www.google.com/maps/contrib/112693969841021261439/reviews?hl=zh-TW
武聖夜市,后里蟹,在地嚮導 · 32 則評論 · 27 張相片,5 個月前,3 顆星,"2024/11/8初訪
吃了某間麻辣鴨血豆腐
有很嚴重的燒焦味 …",https://www.google.com/maps/contrib/104490647304058453983/reviews?hl=zh-TW
武聖夜市,陳玉恩,1 則評論 · 1 張相片,5 個月前,5 顆星,,https://www.google.com/maps/contrib/100345918129701097611/reviews?hl=zh-TW
武聖夜市,太子謝,在地嚮導 · 2 則評論,5 個月前,5 顆星,,https://www.google.com/maps/contrib/104634303023730776255/reviews?hl=zh-TW
武聖夜市,劉甚伶,在地嚮導 · 122 則評論 · 742 張相片,5 個月前,4 顆星,,https://www.google.com/maps/contrib/116684432577958265786/reviews?hl=zh-TW
武聖夜市,阿佑佑,"在地嚮導 · 1,014 則評論 · 3,756 張相片",5 個月前,4 顆星,是個走走逛逛吃吃喝喝的好地方,https://www.google.com/maps/contrib/112362075056681342753/reviews?hl=zh-TW
武聖夜市,潘彼得,在地嚮導 · 221 則評論 · 18 張相片,5 個月前,5 顆星,很多好吃的,https://www.google.com/maps/contrib/107513675973014067909/reviews?hl=zh-TW
武聖夜市,Bp,在地嚮導 · 32 則評論 · 3 張相片,5 個月前,3 顆星,我們去那裡是因為它是附近唯一一個星期五開放的市場。小心旅遊詐騙！如果您從不顯示價格的供應商購買食品，他們往往會收取更高的整體價格。許多賣家不會說英語，他們可能會利用這一點來發揮自己的優勢。如果您不懂中文，請從清楚標明價格的攤販那裡購買食物。,https://www.google.com/maps/contrib/113620280279216762969/reviews?hl=zh-TW
武聖夜市,許博泓,"在地嚮導 · 163 則評論 · 1,039 張相片",5 個月前,4 顆星,,https://www.google.com/maps/contrib/100621099040675078758/reviews?hl=zh-TW
武聖夜市,十衛,在地嚮導 · 15 則評論 · 6 張相片,5 個月前,5 顆星,,https://www.google.com/maps/contrib/116615024304632091425/reviews?hl=zh-TW
武聖夜市,張益富,3 則評論,5 個月前,5 顆星,攤位多樣、停車方便,https://www.google.com/maps/contrib/113246622245372965729/reviews?hl=zh-TW
武聖夜市,9628 ni,在地嚮導 · 19 則評論 · 55 張相片,5 個月前,5 顆星,,https://www.google.com/maps/contrib/114496817767016664355/reviews?hl=zh-TW
武聖夜市,楊派姬,在地嚮導 · 220 則評論 · 57 張相片,5 個月前,3 顆星,有花心思管理,https://www.google.com/maps/contrib/116371466650145232010/reviews?hl=zh-TW
武聖夜市,袁睿承,3 則評論 · 1 張相片,5 個月前,4 顆星,,https://www.google.com/maps/contrib/110212039140784841631/reviews?hl=zh-TW
武聖夜市,Jefren L,在地嚮導 · 66 則評論 · 166 張相片,5 個月前,5 顆星,它很大而且很有趣，他們經常有現場演唱。環境很好玩，台南一定要去。  一定要嚐嚐圖中我吃的冷麵，非常好吃！,https://www.google.com/maps/contrib/116351137667351776031/reviews?hl=zh-TW
武聖夜市,林郁婷,7 則評論 · 2 張相片,5 個月前,5 顆星,,https://www.google.com/maps/contrib/103525479150199196454/reviews?hl=zh-TW
武聖夜市,K S,在地嚮導 · 26 則評論 · 67 張相片,5 個月前,3 顆星,"這是一個又大又寬敞的夜市（比花園小）。
還有維京人之類的遊樂設備，還有一個小型遊樂園區。
還有很多商店出售衣服、配件和小動物。 …",https://www.google.com/maps/contrib/105977755550655926249/reviews?hl=zh-TW
武聖夜市,潘怡如,在地嚮導 · 62 則評論 · 99 張相片,5 個月前,5 顆星,,https://www.google.com/maps/contrib/112972720288976169030/reviews?hl=zh-TW
武聖夜市,陳代勳,在地嚮導 · 74 則評論 · 67 張相片,5 個月前,5 顆星,一般傳統夜市,https://www.google.com/maps/contrib/109364113785370901334/reviews?hl=zh-TW
武聖夜市,王樣,18 則評論,5 個月前,5 顆星,不錯的夜市,https://www.google.com/maps/contrib/115430082026990265155/reviews?hl=zh-TW
武聖夜市,辛沛宸,在地嚮導 · 17 則評論,5 個月前,4 顆星,,https://www.google.com/maps/contrib/112030265822444919569/reviews?hl=zh-TW
武聖夜市,Lin LIN,在地嚮導 · 12 則評論 · 1 張相片,5 個月前,5 顆星,,https://www.google.com/maps/contrib/101666974497931156601/reviews?hl=zh-TW
武聖夜市,B.B,在地嚮導 · 10 則評論 · 3 張相片,5 個月前,5 顆星,,https://www.google.com/maps/contrib/109441412639449454830/reviews?hl=zh-TW
武聖夜市,king,在地嚮導 · 17 則評論 · 25 張相片,5 個月前,5 顆星,,https://www.google.com/maps/contrib/101330124749434117352/reviews?hl=zh-TW
武聖夜市,羅建新,2 則評論,5 個月前,5 顆星,,https://www.google.com/maps/contrib/108386901478297426910/reviews?hl=zh-TW
武聖夜市,Zona Chang,在地嚮導 · 25 則評論 · 196 張相片,5 個月前,5 顆星,,https://www.google.com/maps/contrib/115124008721758489009/reviews?hl=zh-TW
武聖夜市,呂鴻君,在地嚮導 · 23 則評論 · 40 張相片,5 個月前,4 顆星,,https://www.google.com/maps/contrib/100754456050822434048/reviews?hl=zh-TW
武聖夜市,韻榕丁,在地嚮導 · 74 則評論 · 79 張相片,5 個月前,4 顆星,"麻糬冰超級好吃！一定要吃
生炒鴨肉羹偏酸，醃筍的味道太重了還有血味太重了。
旗魚黑輪不好吃太軟了
在入口的飲料店的烏梅紅茶蠻好喝的。",https://www.google.com/maps/contrib/108236079763352700931/reviews?hl=zh-TW
武聖夜市,wenhui yen,在地嚮導 · 15 則評論 · 24 張相片,5 個月前,4 顆星,美食很多,https://www.google.com/maps/contrib/113915007959753900980/reviews?hl=zh-TW
武聖夜市,康家慶,2 則評論,5 個月前,5 顆星,,https://www.google.com/maps/contrib/110976210351702174071/reviews?hl=zh-TW
武聖夜市,Maggie Yang (小米),"在地嚮導 · 334 則評論 · 1,539 張相片",5 個月前,5 顆星,,https://www.google.com/maps/contrib/100950009221816008683/reviews?hl=zh-TW
武聖夜市,蔡謹承,11 則評論 · 8 張相片,5 個月前,5 顆星,,https://www.google.com/maps/contrib/113607629355006399742/reviews?hl=zh-TW
武聖夜市,Hsin-Min Yang,在地嚮導 · 25 則評論 · 86 張相片,5 個月前,5 顆星,烤魚好吃，很多沒看過的美食,https://www.google.com/maps/contrib/116148697644137262148/reviews?hl=zh-TW
武聖夜市,許智偉,"在地嚮導 · 989 則評論 · 14,811 張相片",5 個月前,4 顆星,好逛美食多,https://www.google.com/maps/contrib/108305913610884012557/reviews?hl=zh-TW
武聖夜市,許高瑋,在地嚮導 · 133 則評論 · 74 張相片,5 個月前,5 顆星,出差必逛夜市,https://www.google.com/maps/contrib/116217798770040152951/reviews?hl=zh-TW
武聖夜市,蔡湘君,在地嚮導 · 73 則評論 · 183 張相片,5 個月前,5 顆星,"好多人很都美食
管理的其實很不錯",https://www.google.com/maps/contrib/103511427962413568503/reviews?hl=zh-TW
武聖夜市,Mina Chen,在地嚮導 · 15 則評論 · 1 張相片,5 個月前,5 顆星,,https://www.google.com/maps/contrib/104397063242572703874/reviews?hl=zh-TW
武聖夜市,陳玲丰,,5 個月前,5 顆星,,https://www.google.com/maps/contrib/110352108306437437588/reviews?hl=zh-TW
武聖夜市,李歐,4 則評論 · 1 張相片,5 個月前,5 顆星,,https://www.google.com/maps/contrib/112140475120618775782/reviews?hl=zh-TW
武聖夜市,Wendy Chen,在地嚮導 · 177 則評論 · 477 張相片,5 個月前,5 顆星,,https://www.google.com/maps/contrib/106631521153440343107/reviews?hl=zh-TW
武聖夜市,王敬豪,2 則評論,5 個月前,5 顆星,停車動線規劃不錯,https://www.google.com/maps/contrib/103773235476512327619/reviews?hl=zh-TW
武聖夜市,劉貪睡貓,在地嚮導 · 41 則評論 · 9 張相片,5 個月前,5 顆星,在地人的廚房，東西價錢便宜，多樣性,https://www.google.com/maps/contrib/105086578429002189129/reviews?hl=zh-TW
武聖夜市,黃妙珍,在地嚮導 · 8 則評論 · 32 張相片,5 個月前,5 顆星,,https://www.google.com/maps/contrib/100397202558496622708/reviews?hl=zh-TW
武聖夜市,潘俊良,在地嚮導 · 113 則評論 · 149 張相片,5 個月前,4 顆星,,https://www.google.com/maps/contrib/115147485273813081524/reviews?hl=zh-TW
武聖夜市,李秉峰,在地嚮導 · 28 則評論 · 29 張相片,5 個月前,5 顆星,,https://www.google.com/maps/contrib/111317996668998277871/reviews?hl=zh-TW
武聖夜市,斯馬特,6 則評論 · 2 張相片,5 個月前,4 顆星,好逛，食物攤重複不多,https://www.google.com/maps/contrib/107389070174801481791/reviews?hl=zh-TW
武聖夜市,Caitlyn Yu,"在地嚮導 · 240 則評論 · 2,662 張相片",5 個月前,5 顆星,"絕對必買拔絲地瓜 晚了就買不到了
旗魚黑輪現做現炸也必買🤩
戲漁烤魚也很好吃🐟👍 …",https://www.google.com/maps/contrib/107086120234720901376/reviews?hl=zh-TW
武聖夜市,黃小偉,,5 個月前,5 顆星,,https://www.google.com/maps/contrib/101840826845117040272/reviews?hl=zh-TW
武聖夜市,Claire W,在地嚮導 · 110 則評論 · 117 張相片,5 個月前,5 顆星,方便停車、選擇多樣，非常推薦,https://www.google.com/maps/contrib/101843082384474279176/reviews?hl=zh-TW
武聖夜市,bw j,在地嚮導 · 21 則評論 · 1 張相片,5 個月前,5 顆星,,https://www.google.com/maps/contrib/100112081449225252353/reviews?hl=zh-TW
武聖夜市,Po su,在地嚮導 · 46 則評論 · 102 張相片,5 個月前,3 顆星,原本以為武聖很好逛，實際來發現好吃的有點少，重複的東西有點多，我只推拔絲地瓜跟海口人烤魚,https://www.google.com/maps/contrib/100952070520878137312/reviews?hl=zh-TW
武聖夜市,수,在地嚮導 · 20 則評論 · 221 張相片,5 個月前,5 顆星,如此友好和美味！,https://www.google.com/maps/contrib/106153629624485910812/reviews?hl=zh-TW
武聖夜市,蔡振聰,13 則評論 · 3 張相片,5 個月前,5 顆星,好逛,https://www.google.com/maps/contrib/103694082595078320344/reviews?hl=zh-TW
武聖夜市,我只是個傑克,3 則評論 · 5 張相片,5 個月前,5 顆星,,https://www.google.com/maps/contrib/108366468227522087582/reviews?hl=zh-TW
武聖夜市,Omer Ozeri,在地嚮導 · 52 則評論 · 20 張相片,5 個月前,5 顆星,,https://www.google.com/maps/contrib/104231852736418182118/reviews?hl=zh-TW
武聖夜市,吸塵器,在地嚮導 · 12 則評論 · 1 張相片,5 個月前,5 顆星,,https://www.google.com/maps/contrib/114233835712001756961/reviews?hl=zh-TW
武聖夜市,黃淞河,在地嚮導 · 12 則評論 · 5 張相片,5 個月前,5 顆星,,https://www.google.com/maps/contrib/110180747740339910447/reviews?hl=zh-TW
武聖夜市,楊博文,2 則評論 · 4 張相片,5 個月前,4 顆星,,https://www.google.com/maps/contrib/113003045317808529595/reviews?hl=zh-TW
武聖夜市,王姵晴,1 則評論,5 個月前,5 顆星,,https://www.google.com/maps/contrib/105425099056432974011/reviews?hl=zh-TW
武聖夜市,mina Chen,"在地嚮導 · 82 則評論 · 2,030 張相片",5 個月前,5 顆星,,https://www.google.com/maps/contrib/117099754919473626958/reviews?hl=zh-TW
武聖夜市,raffaella pratesi,"在地嚮導 · 424 則評論 · 1,425 張相片",5 個月前,5 顆星,不錯的夜市，有很多食物,https://www.google.com/maps/contrib/116593397278346000489/reviews?hl=zh-TW
武聖夜市,CW Hsu,在地嚮導 · 54 則評論 · 32 張相片,5 個月前,2 顆星,小吃重複性高，自從網紅推薦後價格高的嚇人，真的是給觀光客逛的夜市,https://www.google.com/maps/contrib/117958842566833616654/reviews?hl=zh-TW
武聖夜市,Show Chen,在地嚮導 · 14 則評論,5 個月前,3 顆星,,https://www.google.com/maps/contrib/103806092910315960099/reviews?hl=zh-TW
武聖夜市,周寶蘭,,5 個月前,5 顆星,,https://www.google.com/maps/contrib/100993043627954817670/reviews?hl=zh-TW
武聖夜市,茹茹,在地嚮導 · 9 則評論 · 5 張相片,5 個月前,5 顆星,,https://www.google.com/maps/contrib/118307158505443140018/reviews?hl=zh-TW
武聖夜市,蔡史丹利,在地嚮導 · 32 則評論 · 98 張相片,5 個月前,5 顆星,,https://www.google.com/maps/contrib/108170247399772449547/reviews?hl=zh-TW
武聖夜市,張峻豪,在地嚮導 · 51 則評論 · 6 張相片,5 個月前,5 顆星,住宿的附近就是夜市，最喜歡喝冬瓜檸檬,https://www.google.com/maps/contrib/100511561433902191341/reviews?hl=zh-TW
武聖夜市,李茗軒,在地嚮導 · 17 則評論 · 14 張相片,5 個月前,5 顆星,後方機車停車位置超多,https://www.google.com/maps/contrib/106619920258869105691/reviews?hl=zh-TW
武聖夜市,Wanda J,在地嚮導 · 182 則評論 · 766 張相片,6 個月前,5 顆星,,https://www.google.com/maps/contrib/103422740364116616853/reviews?hl=zh-TW
武聖夜市,林道,7 則評論,6 個月前,5 顆星,,https://www.google.com/maps/contrib/112044066002026540973/reviews?hl=zh-TW
武聖夜市,杜小月,"在地嚮導 · 86 則評論 · 1,678 張相片",6 個月前,5 顆星,,https://www.google.com/maps/contrib/105648827170910518444/reviews?hl=zh-TW
武聖夜市,李樹松,在地嚮導 · 148 則評論 · 39 張相片,6 個月前,5 顆星,,https://www.google.com/maps/contrib/103706887808730144397/reviews?hl=zh-TW
武聖夜市,Eva Wang,"在地嚮導 · 1,153 則評論 · 5,498 張相片",6 個月前,1 顆星,吃了，小福氣牛排，黃家涼麵，炒飯，黃記辣脆腸，柳橙檸檬，都非常普通。令人難過的一個夜晚。,https://www.google.com/maps/contrib/108303173088817325599/reviews?hl=zh-TW
武聖夜市,麥可元,在地嚮導 · 103 則評論 · 16 張相片,6 個月前,4 顆星,,https://www.google.com/maps/contrib/110194519690961278937/reviews?hl=zh-TW
武聖夜市,Irene lin,在地嚮導 · 16 則評論 · 6 張相片,6 個月前,5 顆星,有小孩的遊樂設施滿不錯的,https://www.google.com/maps/contrib/115818545744177248041/reviews?hl=zh-TW
武聖夜市,ANN CHEN,在地嚮導 · 4 則評論 · 1 張相片,6 個月前,3 顆星,,https://www.google.com/maps/contrib/105254679681069885972/reviews?hl=zh-TW
武聖夜市,黃馨儀,,6 個月前,5 顆星,,https://www.google.com/maps/contrib/109209625246708175679/reviews?hl=zh-TW
武聖夜市,MLCC,在地嚮導 · 166 則評論 · 466 張相片,6 個月前,5 顆星,好逛攤位種類多…吃喝玩樂一次搞定！,https://www.google.com/maps/contrib/105559161201953895449/reviews?hl=zh-TW
武聖夜市,Curry Wu,16 則評論 · 1 張相片,6 個月前,5 顆星,雖然沒有花園大，但該有的都有,https://www.google.com/maps/contrib/111845725480463775203/reviews?hl=zh-TW
武聖夜市,Kristen Lee,5 則評論,6 個月前,4 顆星,,https://www.google.com/maps/contrib/114821065648615155092/reviews?hl=zh-TW
武聖夜市,MIP CIK,5 則評論 · 1 張相片,6 個月前,3 顆星,,https://www.google.com/maps/contrib/108027046387692146947/reviews?hl=zh-TW
武聖夜市,陳敬業,在地嚮導 · 169 則評論 · 816 張相片,6 個月前,4 顆星,,https://www.google.com/maps/contrib/115301022223610454076/reviews?hl=zh-TW
武聖夜市,邱文姿,在地嚮導 · 34 則評論 · 49 張相片,6 個月前,5 顆星,很多好吃的食物 😋👍 …,https://www.google.com/maps/contrib/111641817759025095538/reviews?hl=zh-TW
武聖夜市,Life Lin,在地嚮導 · 6 則評論 · 5 張相片,6 個月前,5 顆星,,https://www.google.com/maps/contrib/108500065992057534267/reviews?hl=zh-TW
武聖夜市,葉精福,在地嚮導 · 29 則評論 · 35 張相片,6 個月前,4 顆星,停車不用錢,https://www.google.com/maps/contrib/113610540006923977822/reviews?hl=zh-TW
武聖夜市,莊清溪,在地嚮導 · 31 則評論 · 21 張相片,6 個月前,5 顆星,,https://www.google.com/maps/contrib/117048385005856881091/reviews?hl=zh-TW
武聖夜市,Ku ma,在地嚮導 · 65 則評論 · 14 張相片,6 個月前,4 顆星,,https://www.google.com/maps/contrib/110435066461371685463/reviews?hl=zh-TW
武聖夜市,趙呈淞,1 則評論,6 個月前,5 顆星,,https://www.google.com/maps/contrib/109843399469775787585/reviews?hl=zh-TW
武聖夜市,盧信安,"在地嚮導 · 414 則評論 · 3,438 張相片",6 個月前,5 顆星,吃的部份居多 但是也不太重複 滿好逛的 人潮 車潮眾多！ 可以！,https://www.google.com/maps/contrib/109008874390781246213/reviews?hl=zh-TW
武聖夜市,奕伶,在地嚮導 · 15 則評論 · 17 張相片,6 個月前,5 顆星,,https://www.google.com/maps/contrib/112722585780681201009/reviews?hl=zh-TW
武聖夜市,蔡議仁,1 則評論 · 1 張相片,6 個月前,2 顆星,,https://www.google.com/maps/contrib/113735168590790034977/reviews?hl=zh-TW
武聖夜市,chang fu hsueh,在地嚮導 · 120 則評論 · 973 張相片,6 個月前,4 顆星,星期三、六營業，攤位多又有免費停車，適合全家遊玩的夜市,https://www.google.com/maps/contrib/110248686175560343670/reviews?hl=zh-TW
武聖夜市,迴聲心理EchoPsyHK,在地嚮導 · 22 則評論 · 89 張相片,6 個月前,5 顆星,人車分流唔錯，食物好可以，按摩超有水準，迴到幾十年前嘅feel哈哈哈😁😁😁🤣🤣🤣開心！ …,https://www.google.com/maps/contrib/114051729142089579638/reviews?hl=zh-TW
武聖夜市,"moola, ST Chang","在地嚮導 · 1,157 則評論 · 16,879 張相片",6 個月前,5 顆星,,https://www.google.com/maps/contrib/105080367513774710363/reviews?hl=zh-TW
武聖夜市,劉彥宏,8 則評論 · 1 張相片,6 個月前,5 顆星,,https://www.google.com/maps/contrib/108808059941619489685/reviews?hl=zh-TW
武聖夜市,Tien Chen,在地嚮導 · 44 則評論 · 6 張相片,6 個月前,5 顆星,,https://www.google.com/maps/contrib/100785413377475243986/reviews?hl=zh-TW
武聖夜市,尚霏,3 則評論 · 4 張相片,6 個月前,5 顆星,,https://www.google.com/maps/contrib/106544006081773883346/reviews?hl=zh-TW
武聖夜市,周國輝,在地嚮導 · 10 則評論 · 3 張相片,6 個月前,5 顆星,東西好吃,https://www.google.com/maps/contrib/118111847191787420143/reviews?hl=zh-TW
武聖夜市,吳美珍,2 則評論 · 4 張相片,6 個月前,5 顆星,,https://www.google.com/maps/contrib/105641351263371370464/reviews?hl=zh-TW
武聖夜市,KJ William,在地嚮導 · 47 則評論 · 101 張相片,6 個月前,5 顆星,還不錯逛,https://www.google.com/maps/contrib/104728882328589250157/reviews?hl=zh-TW
武聖夜市,Kavin Hsieh,在地嚮導 · 28 則評論 · 53 張相片,6 個月前,4 顆星,,https://www.google.com/maps/contrib/109862631175338942792/reviews?hl=zh-TW
武聖夜市,Doris Liu,在地嚮導 · 20 則評論 · 66 張相片,6 個月前,5 顆星,,https://www.google.com/maps/contrib/108711481119719630833/reviews?hl=zh-TW
武聖夜市,r620831 r620831,2 則評論 · 8 張相片,6 個月前,4 顆星,,https://www.google.com/maps/contrib/117574154527224146583/reviews?hl=zh-TW
武聖夜市,黃培碩,3 則評論,6 個月前,1 顆星,,https://www.google.com/maps/contrib/105872024713917507724/reviews?hl=zh-TW
武聖夜市,李宗龍,在地嚮導 · 11 則評論 · 25 張相片,6 個月前,5 顆星,,https://www.google.com/maps/contrib/103778114571972372134/reviews?hl=zh-TW
武聖夜市,Irene Zhang,在地嚮導 · 214 則評論 · 159 張相片,6 個月前,3 顆星,"重複率相較其他夜市低
但太早關了 9-10點在收攤
那營業時間沒必要寫到那麼晚",https://www.google.com/maps/contrib/118406210363570857103/reviews?hl=zh-TW
武聖夜市,Shian H,在地嚮導 · 82 則評論 · 6 張相片,6 個月前,5 顆星,,https://www.google.com/maps/contrib/110675287721116254281/reviews?hl=zh-TW
武聖夜市,曾羽辰,在地嚮導 · 16 則評論 · 25 張相片,6 個月前,5 顆星,,https://www.google.com/maps/contrib/104375587960739804216/reviews?hl=zh-TW
武聖夜市,王鈞,在地嚮導 · 28 則評論 · 144 張相片,6 個月前,5 顆星,"周邊有免費停車場只是要排隊等待一陣子，夜市裡有吃又有玩，推薦美食有烤魚、烤魷魚、剪刀雞蛋糕，還有一間鹹水雞也蠻好吃的好吃到忘記拍照就吃完了，
路線蠻好逛的來台南玩可以選擇武聖夜市😍 …",https://www.google.com/maps/contrib/110402661961291607159/reviews?hl=zh-TW
武聖夜市,黃阿里,在地嚮導 · 9 則評論 · 35 張相片,6 個月前,4 顆星,,https://www.google.com/maps/contrib/117314964752994602055/reviews?hl=zh-TW
武聖夜市,王羿茜,在地嚮導 · 16 則評論 · 3 張相片,6 個月前,4 顆星,停車方便，攤位多,https://www.google.com/maps/contrib/101775688615441677713/reviews?hl=zh-TW
武聖夜市,嵌津弁,2 則評論 · 1 張相片,6 個月前,4 顆星,,https://www.google.com/maps/contrib/109440565486762317744/reviews?hl=zh-TW
武聖夜市,Owen,11 則評論 · 3 張相片,6 個月前,5 顆星,,https://www.google.com/maps/contrib/114532732859078065114/reviews?hl=zh-TW
武聖夜市,Chin Wu,4 則評論,6 個月前,5 顆星,,https://www.google.com/maps/contrib/114656154707578644396/reviews?hl=zh-TW
武聖夜市,高小姐,7 則評論 · 2 張相片,6 個月前,4 顆星,好吃的熱狗.章魚燒.茶飲.牛雞排，可以參觀選購喔！,https://www.google.com/maps/contrib/109242342012567197183/reviews?hl=zh-TW
武聖夜市,Ivy Lin,在地嚮導 · 55 則評論 · 204 張相片,6 個月前,5 顆星,,https://www.google.com/maps/contrib/116043222811695810203/reviews?hl=zh-TW
武聖夜市,蔡淑玲,7 則評論,6 個月前,5 顆星,,https://www.google.com/maps/contrib/116695495360546695392/reviews?hl=zh-TW
武聖夜市,張偉昇,在地嚮導 · 24 則評論 · 6 張相片,6 個月前,3 顆星,,https://www.google.com/maps/contrib/111347760436828130318/reviews?hl=zh-TW
武聖夜市,卓小翌,在地嚮導 · 13 則評論 · 92 張相片,6 個月前,4 顆星,"人很多，停車位充足，
攤位很多👍 …",https://www.google.com/maps/contrib/113212657399518715036/reviews?hl=zh-TW
武聖夜市,國泰郭,在地嚮導 · 3 則評論 · 1 張相片,6 個月前,4 顆星,,https://www.google.com/maps/contrib/112366153642460227211/reviews?hl=zh-TW
武聖夜市,huang縈佳,10 則評論 · 1 張相片,6 個月前,3 顆星,不錯,https://www.google.com/maps/contrib/116450079208038175835/reviews?hl=zh-TW
武聖夜市,林三發,3 則評論,6 個月前,1 顆星,路面凹凸不平,https://www.google.com/maps/contrib/109530649911775218985/reviews?hl=zh-TW
武聖夜市,劉益中,10 則評論,6 個月前,4 顆星,四顆星,https://www.google.com/maps/contrib/107050816864169201567/reviews?hl=zh-TW
武聖夜市,陳小凌,11 則評論 · 2 張相片,6 個月前,5 顆星,,https://www.google.com/maps/contrib/116862147345834487093/reviews?hl=zh-TW
武聖夜市,吳志鴻,在地嚮導 · 30 則評論 · 109 張相片,6 個月前,5 顆星,,https://www.google.com/maps/contrib/115794472978806952846/reviews?hl=zh-TW
武聖夜市,陳美幸,1 張相片,6 個月前,5 顆星,,https://www.google.com/maps/contrib/108586459099315104955/reviews?hl=zh-TW
武聖夜市,黄黃仁愷,在地嚮導 · 86 則評論,6 個月前,5 顆星,好吃又便宜,https://www.google.com/maps/contrib/106790041090030699426/reviews?hl=zh-TW
武聖夜市,Yvonne Lee,在地嚮導 · 38 則評論 · 103 張相片,6 個月前,5 顆星,,https://www.google.com/maps/contrib/118227488821940803365/reviews?hl=zh-TW
武聖夜市,Chang An Nan,在地嚮導 · 30 則評論 · 1 張相片,6 個月前,4 顆星,,https://www.google.com/maps/contrib/104062480417347774465/reviews?hl=zh-TW
武聖夜市,王玟心,5 則評論 · 2 張相片,6 個月前,5 顆星,,https://www.google.com/maps/contrib/118000609406454595217/reviews?hl=zh-TW
武聖夜市,李啟榮,10 則評論,6 個月前,5 顆星,好逛，最後面的彈珠台很容易再來一局,https://www.google.com/maps/contrib/115569711455496718641/reviews?hl=zh-TW
武聖夜市,王宗凱（L9-1王宗凱）,6 則評論 · 1 張相片,6 個月前,4 顆星,,https://www.google.com/maps/contrib/111757436478528922439/reviews?hl=zh-TW
武聖夜市,高新哲,4 則評論,6 個月前,1 顆星,,https://www.google.com/maps/contrib/103517425349924129362/reviews?hl=zh-TW
武聖夜市,陳珕昕,在地嚮導 · 29 則評論 · 32 張相片,6 個月前,5 顆星,,https://www.google.com/maps/contrib/104309961572419265922/reviews?hl=zh-TW
武聖夜市,Steven WU,在地嚮導 · 12 則評論,6 個月前,5 顆星,,https://www.google.com/maps/contrib/105441215923412323451/reviews?hl=zh-TW
武聖夜市,張馨庭,在地嚮導 · 17 則評論 · 21 張相片,6 個月前,5 顆星,攤位多好吃,https://www.google.com/maps/contrib/106770504491695730043/reviews?hl=zh-TW
武聖夜市,張皓皓,在地嚮導 · 92 則評論 · 50 張相片,6 個月前,5 顆星,台南四大夜市之一 滿好逛的 吃的東西 跟花園 大東 小北差不多,https://www.google.com/maps/contrib/106039516967437205006/reviews?hl=zh-TW
武聖夜市,阿惠,在地嚮導 · 66 則評論 · 11 張相片,6 個月前,5 顆星,,https://www.google.com/maps/contrib/111558272222056757638/reviews?hl=zh-TW
武聖夜市,quickcuttingpad,在地嚮導 · 30 則評論 · 89 張相片,6 個月前,5 顆星,,https://www.google.com/maps/contrib/115833470693961932265/reviews?hl=zh-TW
武聖夜市,王建雄,在地嚮導 · 68 則評論,6 個月前,4 顆星,好棒,https://www.google.com/maps/contrib/112905568825785776276/reviews?hl=zh-TW
武聖夜市,黃儀香,在地嚮導 · 1 則評論 · 47 張相片,6 個月前,4 顆星,,https://www.google.com/maps/contrib/103432622971206512146/reviews?hl=zh-TW
武聖夜市,吳羚希,8 則評論 · 3 張相片,6 個月前,4 顆星,,https://www.google.com/maps/contrib/115915303803725840945/reviews?hl=zh-TW
武聖夜市,台中古天樂,"在地嚮導 · 1,573 則評論 · 8,863 張相片",6 個月前,3 顆星,2024/10/4可能三坨兒颱風剛過，出來擺攤的店家只有七成，優點是停車方便，不算很大的夜市，飲食方面每個人有所不同，好吃的並沒有幾家，炸的部分因個人口味沒特別喜好，只有吃旗魚黑輪，還不錯吃。吾家炭系玉米的水煮玉米好吃😋賣包子麵包🥯的L型店家也很好吃😋又便宜，有機會再來囉😀 …,https://www.google.com/maps/contrib/111067631615627451155/reviews?hl=zh-TW
武聖夜市,敏夫はべ,在地嚮導 · 15 則評論 · 7 張相片,6 個月前,4 顆星,,https://www.google.com/maps/contrib/118233875035701686714/reviews?hl=zh-TW
武聖夜市,廷,8 則評論 · 4 張相片,6 個月前,5 顆星,,https://www.google.com/maps/contrib/105028156198442621664/reviews?hl=zh-TW
武聖夜市,shirley chen,在地嚮導 · 22 則評論 · 11 張相片,6 個月前,4 顆星,好吃好逛～^_^,https://www.google.com/maps/contrib/105869810362622033970/reviews?hl=zh-TW
武聖夜市,黃士桓,"在地嚮導 · 325 則評論 · 1,488 張相片",6 個月前,5 顆星,"從小逛到大超好逛的夜市,推薦牡蠣大叔的烤生蚵,超好吃",https://www.google.com/maps/contrib/104735580754177757001/reviews?hl=zh-TW
武聖夜市,潘名緯,在地嚮導 · 16 則評論 · 7 張相片,6 個月前,5 顆星,,https://www.google.com/maps/contrib/108918061410634570247/reviews?hl=zh-TW
武聖夜市,JERRY H,在地嚮導 · 16 則評論 · 6 張相片,6 個月前,5 顆星,,https://www.google.com/maps/contrib/109786337159632105717/reviews?hl=zh-TW
武聖夜市,馬曉飛,"在地嚮導 · 169 則評論 · 3,364 張相片",6 個月前,4 顆星,已經不同以往！,https://www.google.com/maps/contrib/109485527520432985556/reviews?hl=zh-TW
武聖夜市,陳生凱,在地嚮導 · 19 則評論 · 3 張相片,6 個月前,4 顆星,,https://www.google.com/maps/contrib/111982022857917519689/reviews?hl=zh-TW
武聖夜市,澤澤,在地嚮導 · 13 則評論 · 4 張相片,6 個月前,4 顆星,東西有點少，其他還不錯,https://www.google.com/maps/contrib/105005442619900119987/reviews?hl=zh-TW
武聖夜市,水生黃,在地嚮導 · 7 則評論 · 458 張相片,6 個月前,4 顆星,,https://www.google.com/maps/contrib/116018749462262551410/reviews?hl=zh-TW
武聖夜市,TORA,在地嚮導 · 46 則評論 · 24 張相片,6 個月前,1 顆星,停車場指引人員態度極差無比,https://www.google.com/maps/contrib/105057780005350652622/reviews?hl=zh-TW
武聖夜市,Joanne,在地嚮導 · 19 則評論 · 138 張相片,6 個月前,5 顆星,,https://www.google.com/maps/contrib/104089894316501151709/reviews?hl=zh-TW
武聖夜市,廖婉妮,在地嚮導 · 82 則評論 · 87 張相片,6 個月前,5 顆星,,https://www.google.com/maps/contrib/109363155013014335182/reviews?hl=zh-TW
武聖夜市,josh zeyak,在地嚮導 · 39 則評論 · 27 張相片,6 個月前,5 顆星,沒有辜負炒作。很棒的地方。只希望他們有冰啤酒😂 …,https://www.google.com/maps/contrib/110496075966573923770/reviews?hl=zh-TW
武聖夜市,迷情絕音,4 則評論,6 個月前,5 顆星,,https://www.google.com/maps/contrib/113719678822561968429/reviews?hl=zh-TW
武聖夜市,澤維王,1 則評論,6 個月前,5 顆星,我覺得廖聖武推薦的一定是個好夜市,https://www.google.com/maps/contrib/103111995199196302851/reviews?hl=zh-TW
武聖夜市,shih weni,在地嚮導 · 111 則評論 · 43 張相片,6 個月前,5 顆星,,https://www.google.com/maps/contrib/107928597479266873754/reviews?hl=zh-TW
武聖夜市,想兔,在地嚮導 · 4 則評論 · 3 張相片,6 個月前,4 顆星,,https://www.google.com/maps/contrib/107090929900078233275/reviews?hl=zh-TW
武聖夜市,鄭育哲,5 則評論 · 3 張相片,6 個月前,5 顆星,,https://www.google.com/maps/contrib/111853241319839588935/reviews?hl=zh-TW
武聖夜市,陳曉羽,11 則評論 · 1 張相片,6 個月前,5 顆星,規劃不錯好逛好買,https://www.google.com/maps/contrib/112028083188998247558/reviews?hl=zh-TW
武聖夜市,Flora,在地嚮導 · 14 則評論 · 5 張相片,6 個月前,4 顆星,,https://www.google.com/maps/contrib/101424748427445895307/reviews?hl=zh-TW
武聖夜市,C,在地嚮導 · 20 則評論 · 8 張相片,6 個月前,5 顆星,,https://www.google.com/maps/contrib/109684747335425790041/reviews?hl=zh-TW
武聖夜市,輝,在地嚮導 · 514 則評論 · 450 張相片,6 個月前,5 顆星,蠻有特色的夜市，比很多觀光夜市好很多,https://www.google.com/maps/contrib/115837205006796275889/reviews?hl=zh-TW
武聖夜市,Hazel Zhao,15 則評論 · 6 張相片,6 個月前,3 顆星,很一般,https://www.google.com/maps/contrib/116652910619493509204/reviews?hl=zh-TW
武聖夜市,Joseph Hsieh,在地嚮導 · 55 則評論 · 3 張相片,6 個月前,4 顆星,"有停車的夜市就是讚！至少保底三顆星。
更何況，通化夜市很有名的日本電視冠軍剪刀式雞蛋糕創始地就在台南，武聖夜市裡面也有一攤，真是令人懷念的味道。",https://www.google.com/maps/contrib/116968000943527710700/reviews?hl=zh-TW
武聖夜市,徐嘉宏,在地嚮導 · 31 則評論 · 39 張相片,6 個月前,4 顆星,尋找吃喝好場所,https://www.google.com/maps/contrib/107188447412612443794/reviews?hl=zh-TW
武聖夜市,蕭梅玉,3 則評論 · 30 張相片,6 個月前,5 顆星,,https://www.google.com/maps/contrib/102707917839495534874/reviews?hl=zh-TW
武聖夜市,Tracy,在地嚮導 · 3 則評論 · 18 張相片,6 個月前,4 顆星,,https://www.google.com/maps/contrib/110121891289764739097/reviews?hl=zh-TW
武聖夜市,林小正,在地嚮導 · 7 則評論 · 820 張相片,6 個月前,5 顆星,,https://www.google.com/maps/contrib/114174976358630551668/reviews?hl=zh-TW
武聖夜市,Kelly Huang,在地嚮導 · 51 則評論 · 365 張相片,6 個月前,5 顆星,算是臺南歷史悠久的夜市，環境舒適度稍差，太久沒逛了，有些新的攤商。,https://www.google.com/maps/contrib/104200142886511944907/reviews?hl=zh-TW
武聖夜市,Lena E.,3 則評論 · 1 張相片,6 個月前,4 顆星,,https://www.google.com/maps/contrib/117564151705020862175/reviews?hl=zh-TW
武聖夜市,Ihfsnj Bvv,4 則評論,6 個月前,5 顆星,,https://www.google.com/maps/contrib/116430871195656206476/reviews?hl=zh-TW
武聖夜市,鬼戀蔡,5 則評論 · 5 張相片,6 個月前,5 顆星,,https://www.google.com/maps/contrib/108883644544417744544/reviews?hl=zh-TW
武聖夜市,Abbie Chuang,在地嚮導 · 33 則評論 · 25 張相片,6 個月前,3 顆星,和花園夜市依樣空間感很大，機車位很多，但吃的好像比花園少一點，當天點了一杯泰奶(攤位叫延一年)，男友說泰奶好喝很清爽不甜膩，請老闆推薦吃的，他們推薦附近一間小北觀光夜市，因為本身不是台南人沒去過想說騎車過去看看，因為老闆說那裡吃的很多，結果一去根本沒人店家超少，根本不像一個夜市，比較像是沒落的菜市場，直接被騙QQ,https://www.google.com/maps/contrib/110561250611386384000/reviews?hl=zh-TW
武聖夜市,Joy Su,在地嚮導 · 137 則評論 · 235 張相片,6 個月前,5 顆星,這是台南我最少去逛的夜市，吃的東西還是滿多的，昨天突然發現買服飾類也蠻便宜的～現在週五也有營業了喲！p.s 烤香魚好吃😋 …,https://www.google.com/maps/contrib/105282076925580578131/reviews?hl=zh-TW
武聖夜市,He Li YANG,在地嚮導 · 563 則評論 · 228 張相片,6 個月前,4 顆星,花園跟武聖建議武聖就可以了，假日花園人太多，逛起來不舒服,https://www.google.com/maps/contrib/101491027745844119712/reviews?hl=zh-TW
武聖夜市,尼在釣魚沒人管,2 則評論,6 個月前,5 顆星,,https://www.google.com/maps/contrib/107104240253629891778/reviews?hl=zh-TW
武聖夜市,林TH,在地嚮導 · 213 則評論 · 288 張相片,6 個月前,5 顆星,"非常好夜市
食物非常好",https://www.google.com/maps/contrib/103886435296720795469/reviews?hl=zh-TW
武聖夜市,Hy,6 則評論,6 個月前,4 顆星,東西有些好吃，但物價越來越高了偶爾去一次也是不錯的選擇,https://www.google.com/maps/contrib/103384812074367061646/reviews?hl=zh-TW
武聖夜市,王秋萍,在地嚮導 · 95 則評論 · 154 張相片,6 個月前,5 顆星,豬排超乎預期的好吃，完全不踩雷，下次要試試豆腐,https://www.google.com/maps/contrib/110642470818146350331/reviews?hl=zh-TW
武聖夜市,Danny F,8 則評論 · 3 張相片,6 個月前,5 顆星,,https://www.google.com/maps/contrib/100821240532732688657/reviews?hl=zh-TW
武聖夜市,洪瑜璟,在地嚮導 · 76 則評論 · 111 張相片,6 個月前,5 顆星,烤魚超好吃,https://www.google.com/maps/contrib/106706321962704232450/reviews?hl=zh-TW
武聖夜市,chun chi,在地嚮導 · 26 則評論 · 10 張相片,6 個月前,5 顆星,,https://www.google.com/maps/contrib/100270689080532430770/reviews?hl=zh-TW
武聖夜市,Lee,在地嚮導 · 46 則評論 · 10 張相片,6 個月前,5 顆星,蠻好逛的 動線很好,https://www.google.com/maps/contrib/115159937649080286627/reviews?hl=zh-TW
武聖夜市,蕭宇良,14 則評論 · 2 張相片,6 個月前,3 顆星,停車場很大，動線怪怪的,https://www.google.com/maps/contrib/109791197927278943310/reviews?hl=zh-TW
武聖夜市,Janis Purvins,在地嚮導 · 38 則評論 · 81 張相片,6 個月前,5 顆星,捕捉台灣風味的絕佳機會——無論是在食物方面，你都可以品嚐很多，享受氛圍，還可以玩Madzong Bingo！很有氣氛的好地方！,https://www.google.com/maps/contrib/116571701597284705068/reviews?hl=zh-TW
武聖夜市,富安吳筱芸,在地嚮導 · 45 則評論 · 7 張相片,6 個月前,5 顆星,,https://www.google.com/maps/contrib/100139021461434170268/reviews?hl=zh-TW
武聖夜市,kai cheng,在地嚮導 · 145 則評論 · 12 張相片,6 個月前,5 顆星,,https://www.google.com/maps/contrib/106327037961597001918/reviews?hl=zh-TW
武聖夜市,Xiu zhen Lin,在地嚮導 · 7 則評論 · 1 張相片,6 個月前,5 顆星,,https://www.google.com/maps/contrib/106465571601254091498/reviews?hl=zh-TW
武聖夜市,劉流星,在地嚮導 · 2 則評論 · 37 張相片,6 個月前,5 顆星,,https://www.google.com/maps/contrib/113261879526740881623/reviews?hl=zh-TW
武聖夜市,蔡憶茹,在地嚮導 · 6 則評論 · 27 張相片,6 個月前,5 顆星,,https://www.google.com/maps/contrib/107422385139154129241/reviews?hl=zh-TW
武聖夜市,沈嘉,在地嚮導 · 9 張相片,6 個月前,5 顆星,,https://www.google.com/maps/contrib/116325210531668871557/reviews?hl=zh-TW
武聖夜市,Janis Ru,在地嚮導 · 2 則評論 · 4 張相片,6 個月前,5 顆星,,https://www.google.com/maps/contrib/115315912474175905411/reviews?hl=zh-TW
武聖夜市,YuKe Liu,在地嚮導 · 45 則評論 · 41 張相片,6 個月前,5 顆星,,https://www.google.com/maps/contrib/104524420186955166695/reviews?hl=zh-TW
武聖夜市,Young Yoon,"在地嚮導 · 489 則評論 · 2,010 張相片",6 個月前,1 顆星,沒有東西可以吃…我想我會100%改變我吃的東西…,https://www.google.com/maps/contrib/113228028318110533868/reviews?hl=zh-TW
武聖夜市,Yu Wen Chen,在地嚮導 · 46 則評論 · 85 張相片,6 個月前,1 顆星,滿地垃圾，衛生條件堪憂,https://www.google.com/maps/contrib/116042284707099503087/reviews?hl=zh-TW
武聖夜市,林志鴻,在地嚮導 · 57 則評論 · 22 張相片,6 個月前,1 顆星,停車場明明還有很多位置可停，擋車不給進，是不是跟外面收費的停車場有掛勾。,https://www.google.com/maps/contrib/100340818346487882500/reviews?hl=zh-TW
武聖夜市,Han Leader,在地嚮導 · 7 則評論 · 28 張相片,6 個月前,5 顆星,,https://www.google.com/maps/contrib/106007591758637668601/reviews?hl=zh-TW
武聖夜市,林峻銘,在地嚮導 · 19 則評論 · 52 張相片,6 個月前,5 顆星,,https://www.google.com/maps/contrib/103550970643421094616/reviews?hl=zh-TW
武聖夜市,吳小樺,在地嚮導 · 14 則評論 · 7 張相片,6 個月前,5 顆星,,https://www.google.com/maps/contrib/106435334798319471681/reviews?hl=zh-TW
武聖夜市,妙翊,在地嚮導 · 84 則評論 · 95 張相片,6 個月前,5 顆星,烤鴨堡好吃,https://www.google.com/maps/contrib/107584910772338753399/reviews?hl=zh-TW
武聖夜市,連程浩,1 則評論,6 個月前,5 顆星,,https://www.google.com/maps/contrib/111785703030338943406/reviews?hl=zh-TW
武聖夜市,徐大寶,在地嚮導 · 122 則評論 · 789 張相片,6 個月前,5 顆星,,https://www.google.com/maps/contrib/102282893940335772690/reviews?hl=zh-TW
武聖夜市,楊宗潔,在地嚮導 · 196 則評論 · 51 張相片,6 個月前,4 顆星,吃喝玩樂的好夜市＾_＾,https://www.google.com/maps/contrib/116534139246681581526/reviews?hl=zh-TW
武聖夜市,林嘉祐,7 則評論,6 個月前,5 顆星,很棒很棒 下次還會去,https://www.google.com/maps/contrib/105626299838315508094/reviews?hl=zh-TW
武聖夜市,Wonderful77,在地嚮導 · 22 則評論 · 3 張相片,6 個月前,5 顆星,,https://www.google.com/maps/contrib/103453451205072031409/reviews?hl=zh-TW
武聖夜市,鍾舜丞,,6 個月前,5 顆星,,https://www.google.com/maps/contrib/104970175126531750508/reviews?hl=zh-TW
武聖夜市,Y P,在地嚮導 · 94 則評論 · 258 張相片,6 個月前,5 顆星,,https://www.google.com/maps/contrib/111319129625473013620/reviews?hl=zh-TW
武聖夜市,徐波泥,在地嚮導 · 17 則評論,6 個月前,5 顆星,,https://www.google.com/maps/contrib/110615349647791101234/reviews?hl=zh-TW
武聖夜市,Billie O,在地嚮導 · 265 則評論 · 363 張相片,6 個月前,5 顆星,"當地人的夜市
推薦香蕉煎餅 拔絲地瓜球！",https://www.google.com/maps/contrib/113307122801080852845/reviews?hl=zh-TW
武聖夜市,Johnson Wu,在地嚮導 · 151 則評論 · 624 張相片,6 個月前,4 顆星,一個很熱鬧的一個傳統夜市，裡面有小吃 有賣衣服 五金 有旋轉木馬 海盜船 撈魚 等等，還蠻熱鬧的 有空閒的話 去走走還不錯，交通的話 盡量不要開車過去 車滿多的,https://www.google.com/maps/contrib/111676413301132309530/reviews?hl=zh-TW
武聖夜市,Ceci Xue,在地嚮導 · 24 則評論 · 2 張相片,6 個月前,5 顆星,人有夠多，旋轉木馬跟海盜船看起來很好玩，不愧是台灣迪士尼，希望停車格可以多一點，吃的部分就那樣,https://www.google.com/maps/contrib/114471991188981569951/reviews?hl=zh-TW
武聖夜市,張宇正,在地嚮導 · 8 則評論 · 3 張相片,6 個月前,5 顆星,,https://www.google.com/maps/contrib/117166713836235614062/reviews?hl=zh-TW
武聖夜市,林玟妡（cucilli）,在地嚮導 · 34 則評論 · 227 張相片,6 個月前,3 顆星,,https://www.google.com/maps/contrib/111179914779120895420/reviews?hl=zh-TW
武聖夜市,沈暄培,在地嚮導 · 15 則評論 · 158 張相片,6 個月前,4 顆星,,https://www.google.com/maps/contrib/105937838927184699019/reviews?hl=zh-TW
武聖夜市,陳冠霖,在地嚮導 · 5 則評論 · 3 張相片,6 個月前,5 顆星,,https://www.google.com/maps/contrib/112767937797352510149/reviews?hl=zh-TW
武聖夜市,陳冠福,在地嚮導 · 74 則評論 · 40 張相片,6 個月前,3 顆星,賣得東西每個夜市都差不多，烤魷魚跟水煮玉米都很好吃，如果有街頭藝人可以給一點 支持。,https://www.google.com/maps/contrib/101685454173824675909/reviews?hl=zh-TW
武聖夜市,林譓媛,在地嚮導 · 37 則評論 · 401 張相片,6 個月前,4 顆星,,https://www.google.com/maps/contrib/102498338302364978378/reviews?hl=zh-TW
武聖夜市,仲森,3 則評論 · 1 張相片,6 個月前,5 顆星,"來武聖夜市，多好多新攤不知道要吃什麼，
遠遠的看到這間啵臭臭豆腐
還不錯吃👍 …",https://www.google.com/maps/contrib/107416256507753632269/reviews?hl=zh-TW
武聖夜市,Vita Liu,在地嚮導 · 24 則評論 · 3 張相片,6 個月前,1 顆星,停車管理動線超爛，想排到真的是靠運氣噢,https://www.google.com/maps/contrib/111151774605218659156/reviews?hl=zh-TW
武聖夜市,jouze cheng.sheng,在地嚮導 · 51 則評論 · 522 張相片,6 個月前,3 顆星,,https://www.google.com/maps/contrib/108967452434567035115/reviews?hl=zh-TW
武聖夜市,guankai Fu,7 則評論 · 6 張相片,6 個月前,4 顆星,停車場規劃管理很優，夜市場地夠大，攤位還不少，東西好吃，有吃又有得玩。,https://www.google.com/maps/contrib/109722666259332299485/reviews?hl=zh-TW
武聖夜市,Falco Falco,在地嚮導 · 21 則評論 · 159 張相片,6 個月前,4 顆星,,https://www.google.com/maps/contrib/109050564759395154030/reviews?hl=zh-TW
武聖夜市,Riksa Wibawa,在地嚮導 · 172 則評論,6 個月前,5 顆星,食物的選擇很多，尤其是魚和海鮮,https://www.google.com/maps/contrib/107178821719704937618/reviews?hl=zh-TW
武聖夜市,徐清山,在地嚮導 · 37 則評論 · 824 張相片,6 個月前,4 顆星,,https://www.google.com/maps/contrib/117662689555619746314/reviews?hl=zh-TW
武聖夜市,鄭婷安,18 則評論,6 個月前,4 顆星,,https://www.google.com/maps/contrib/114142546012235412132/reviews?hl=zh-TW
武聖夜市,小魚魚,在地嚮導 · 52 則評論 · 20 張相片,6 個月前,3 顆星,夜市本身很不錯，東西好吃，又好逛，但是人真的多到停車非常頭痛，運氣不好的話，估計停車的時間，會超過逛夜市的時間！ 哈哈哈,https://www.google.com/maps/contrib/111271891635678948237/reviews?hl=zh-TW
武聖夜市,黃郁惠,在地嚮導 · 20 則評論 · 1 張相片,6 個月前,5 顆星,,https://www.google.com/maps/contrib/114753657857367028320/reviews?hl=zh-TW
武聖夜市,魏觀行,在地嚮導 · 15 則評論 · 1 張相片,6 個月前,3 顆星,,https://www.google.com/maps/contrib/102886817888649777110/reviews?hl=zh-TW
武聖夜市,小小熊貓,16 則評論 · 3 張相片,6 個月前,1 顆星,跟著大家一起排隊等車位，結果還要被指揮人員驅離無法停進免費車場，迫使很多人停到其他巷弄或路邊，也沒聽到什麼廣播通知就莫名其妙被拖吊地上也沒寫車號，不知道的還以為車被偷了，驚嘆❗️第一次看見很多人被拖吊，連觀光都不用了，道路狹窄規劃不良與不友善，第一次去感官體驗上就非常不愉快不會想再去了。,https://www.google.com/maps/contrib/114415078787939205332/reviews?hl=zh-TW
武聖夜市,Nn C,在地嚮導 · 51 則評論 · 2 張相片,6 個月前,5 顆星,,https://www.google.com/maps/contrib/105494786328523096490/reviews?hl=zh-TW
武聖夜市,蔡佳芳,在地嚮導 · 40 則評論 · 177 張相片,6 個月前,3 顆星,,https://www.google.com/maps/contrib/106230081792730529304/reviews?hl=zh-TW
武聖夜市,Charlene Hsu,在地嚮導 · 30 則評論 · 4 張相片,6 個月前,5 顆星,整個環境經過規劃之後，逛起來的動線不再擁擠，很舒服,https://www.google.com/maps/contrib/110404932467830143288/reviews?hl=zh-TW
武聖夜市,葉家捷（網銷部）,在地嚮導 · 25 則評論 · 3 張相片,6 個月前,5 顆星,我騎機車去的 蠻好停的,https://www.google.com/maps/contrib/109961108995523007083/reviews?hl=zh-TW
武聖夜市,江嘉俊,在地嚮導 · 6 則評論 · 13 張相片,6 個月前,5 顆星,,https://www.google.com/maps/contrib/110642538879510952085/reviews?hl=zh-TW
武聖夜市,Ricky FU,在地嚮導 · 11 則評論 · 45 張相片,6 個月前,4 顆星,,https://www.google.com/maps/contrib/114104585975198585478/reviews?hl=zh-TW
武聖夜市,RICKY FU,1 則評論,6 個月前,5 顆星,多東西吃，乾淨,https://www.google.com/maps/contrib/115685649220602059254/reviews?hl=zh-TW
武聖夜市,Yang,"在地嚮導 · 242 則評論 · 2,990 張相片",6 個月前,4 顆星,停車場有多位引導人員，非常順暢,https://www.google.com/maps/contrib/108974318610805668746/reviews?hl=zh-TW
武聖夜市,Stephanie Feng,在地嚮導 · 120 則評論 · 11 張相片,6 個月前,5 顆星,以後可能都來這裡了，其他兩家太多人了,https://www.google.com/maps/contrib/116742970249336587454/reviews?hl=zh-TW
武聖夜市,CHOi Haru,在地嚮導 · 826 則評論 · 263 張相片,6 個月前,4 顆星,"個人覺得比花園和大東好逛很多～ 週六8點多去許多看起來要排很久的店都等一下就能買到
比如：拔絲地瓜（但太晚去容易有某些賣完）",https://www.google.com/maps/contrib/103143664418645121018/reviews?hl=zh-TW
武聖夜市,7 7,13 則評論,7 個月前,1 顆星,"每次停車都好像看運氣一樣雖小 前腳剛走就放後面的車進去是看我們賭爛還是怎樣
停下來等還被敲窗戶碎念
不知道您是哪位憑什麼對我們指三道四 …",https://www.google.com/maps/contrib/115587882199640423693/reviews?hl=zh-TW
武聖夜市,B B,"在地嚮導 · 597 則評論 · 8,308 張相片",7 個月前,5 顆星,"台南武聖夜市。氣墊城堡$100無限進出不限時。大型遊樂4項$200大人也能玩
小孩來玩不錯。有兩邊停車場
從進入位子少又要排很長，從進沒管制位子多 …",https://www.google.com/maps/contrib/111851550325133199709/reviews?hl=zh-TW
武聖夜市,蕭裕恒,14 則評論 · 5 張相片,7 個月前,5 顆星,,https://www.google.com/maps/contrib/118397144365162536993/reviews?hl=zh-TW
武聖夜市,陳彥勳,5 則評論,7 個月前,5 顆星,,https://www.google.com/maps/contrib/115512282898840597078/reviews?hl=zh-TW
武聖夜市,廖亭宇,在地嚮導 · 21 則評論 · 18 張相片,7 個月前,4 顆星,,https://www.google.com/maps/contrib/111675141249902852592/reviews?hl=zh-TW
武聖夜市,Travis_____19,在地嚮導 · 17 則評論 · 12 張相片,7 個月前,4 顆星,,https://www.google.com/maps/contrib/112694292153161331211/reviews?hl=zh-TW
武聖夜市,李翊華,在地嚮導 · 47 則評論 · 15 張相片,7 個月前,5 顆星,停車不易，內有停車場，夜市行動路線寬闊容易逛,https://www.google.com/maps/contrib/113951273843588799979/reviews?hl=zh-TW
武聖夜市,梓傑,在地嚮導 · 78 則評論 · 820 張相片,7 個月前,5 顆星,,https://www.google.com/maps/contrib/104456332460716116715/reviews?hl=zh-TW
武聖夜市,董耀彬,在地嚮導 · 21 則評論 · 5 張相片,7 個月前,3 顆星,,https://www.google.com/maps/contrib/103121661566190629185/reviews?hl=zh-TW
武聖夜市,Katrina,在地嚮導 · 16 則評論 · 16 張相片,7 個月前,5 顆星,,https://www.google.com/maps/contrib/111437212419729094826/reviews?hl=zh-TW
武聖夜市,chen kevin,在地嚮導 · 16 則評論 · 7 張相片,7 個月前,4 顆星,,https://www.google.com/maps/contrib/109876052998768536831/reviews?hl=zh-TW
武聖夜市,許小雯,在地嚮導 · 38 則評論 · 37 張相片,7 個月前,5 顆星,很好逛。重複性不高！,https://www.google.com/maps/contrib/101270411328456654018/reviews?hl=zh-TW
武聖夜市,shan juan,9 則評論,7 個月前,5 顆星,,https://www.google.com/maps/contrib/115375769753742913015/reviews?hl=zh-TW
武聖夜市,王耀宇,3 則評論,7 個月前,5 顆星,,https://www.google.com/maps/contrib/107027491028181508005/reviews?hl=zh-TW
武聖夜市,小晴૮ • ᴥ • ა,在地嚮導 · 27 則評論,7 個月前,5 顆星,好吃,https://www.google.com/maps/contrib/105192874037904426185/reviews?hl=zh-TW
武聖夜市,陳姿妤,在地嚮導 · 11 則評論 · 66 張相片,7 個月前,4 顆星,,https://www.google.com/maps/contrib/109005461024898318805/reviews?hl=zh-TW
武聖夜市,孫宇澔,在地嚮導 · 42 則評論 · 22 張相片,7 個月前,5 顆星,美食小吃眾多，新增星期五營業時間,https://www.google.com/maps/contrib/106234603754437979063/reviews?hl=zh-TW
武聖夜市,黃國峰,3 則評論 · 2 張相片,7 個月前,5 顆星,,https://www.google.com/maps/contrib/106292389355778489677/reviews?hl=zh-TW
武聖夜市,劉國全,在地嚮導 · 18 則評論 · 1 張相片,7 個月前,5 顆星,,https://www.google.com/maps/contrib/101647655321299859442/reviews?hl=zh-TW
武聖夜市,楊蓁蓁,在地嚮導 · 89 則評論 · 659 張相片,7 個月前,5 顆星,來逛武聖夜市無數次每次來都會買陳家阿嬤拔絲地瓜，古早味雞蛋糕，沙威瑪，雖然要排隊但值得。拔絲地瓜口味多選擇也可以綜合。賣的東西重覆性不高，車子有人指揮停哪兒不用擔心。今天老天給了很美的夕陽順手拍起來。,https://www.google.com/maps/contrib/101034274001427562084/reviews?hl=zh-TW
武聖夜市,你你立,在地嚮導 · 71 則評論 · 5 張相片,7 個月前,5 顆星,都是有特色的攤位，重複性不高，價錢比較樸實。在地人比例高，大東夜市切成2半後，我就喜歡來這了！,https://www.google.com/maps/contrib/111343597780827525893/reviews?hl=zh-TW
武聖夜市,吳耀宗,1 則評論,7 個月前,5 顆星,"啵臭臭豆腐好吃
但沒照片可以傳",https://www.google.com/maps/contrib/103981607138739493951/reviews?hl=zh-TW
武聖夜市,錢郁傑,在地嚮導 · 142 則評論 · 6 張相片,7 個月前,5 顆星,假日人潮眾多,https://www.google.com/maps/contrib/106007618541435202221/reviews?hl=zh-TW
武聖夜市,沐田工程有限公司,在地嚮導 · 6 則評論 · 12 張相片,7 個月前,4 顆星,,https://www.google.com/maps/contrib/110166644911834521033/reviews?hl=zh-TW
武聖夜市,林雅琳,在地嚮導 · 41 則評論 · 240 張相片,7 個月前,5 顆星,,https://www.google.com/maps/contrib/107325540725704993389/reviews?hl=zh-TW
武聖夜市,吳名氏,8 則評論,7 個月前,5 顆星,,https://www.google.com/maps/contrib/104889783220812583711/reviews?hl=zh-TW
武聖夜市,楊美玲,在地嚮導 · 88 則評論 · 39 張相片,7 個月前,5 顆星,,https://www.google.com/maps/contrib/101991405522556609740/reviews?hl=zh-TW
武聖夜市,SH,4 則評論 · 7 張相片,7 個月前,5 顆星,如果你去吳松夜市，一定要找那個牌子，嚐嚐那裡的羊肉串和雞皮串，女老闆真的很友善，烤串涼了就變硬了，趕緊吃吧哈哈哈哈 土豆煎餅真的很好吃嗎？他們有賣煎餅之類的煎餅餅，很好吃，在那裡買點果汁咬一口，消暑又好吃哈哈。,https://www.google.com/maps/contrib/100200359018335695147/reviews?hl=zh-TW
武聖夜市,Yijen Lin,,7 個月前,5 顆星,,https://www.google.com/maps/contrib/107078755524070533492/reviews?hl=zh-TW
武聖夜市,coofootra,"在地嚮導 · 445 則評論 · 10,596 張相片",7 個月前,5 顆星,,https://www.google.com/maps/contrib/117825641680415047464/reviews?hl=zh-TW
武聖夜市,Agnes,在地嚮導 · 179 則評論 · 116 張相片,7 個月前,4 顆星,很不錯的夜市，東西都好吃😋，可惜停車場的規劃不夠盡善盡美～ …,https://www.google.com/maps/contrib/112844162365561405684/reviews?hl=zh-TW
武聖夜市,葉衧琁,在地嚮導 · 26 則評論 · 90 張相片,7 個月前,5 顆星,台南最愛的夜市,https://www.google.com/maps/contrib/110637806708074591965/reviews?hl=zh-TW
武聖夜市,Mario Kabosu,1 則評論,7 個月前,5 顆星,,https://www.google.com/maps/contrib/106043743093115285103/reviews?hl=zh-TW
武聖夜市,CC Chen,"在地嚮導 · 908 則評論 · 3,366 張相片",7 個月前,3 顆星,"台南週五夜市的選擇
但是怎攤位那麼少 …",https://www.google.com/maps/contrib/108866982379834605859/reviews?hl=zh-TW
武聖夜市,Jacky Chen,在地嚮導 · 49 則評論 · 22 張相片,7 個月前,5 顆星,,https://www.google.com/maps/contrib/108469917632564057538/reviews?hl=zh-TW
武聖夜市,拉拉,16 則評論 · 3 張相片,7 個月前,1 顆星,第一次去，天氣很好沒下雨但是攤販超級少，重複性超高，也沒什麼好買的，入口進去一家麻辣臭豆腐非常小一碗，兩小塊臭豆腐跟一些許料竟然要80…,https://www.google.com/maps/contrib/108330830926485626629/reviews?hl=zh-TW
武聖夜市,謝鎭鴻,11 則評論 · 4 張相片,7 個月前,5 顆星,場地是經過整修後停車場便當非常好停車,https://www.google.com/maps/contrib/108611179064675842073/reviews?hl=zh-TW
武聖夜市,newman hsu,在地嚮導 · 306 則評論 · 15 張相片,7 個月前,4 顆星,,https://www.google.com/maps/contrib/115191602945936744936/reviews?hl=zh-TW
武聖夜市,叡,在地嚮導 · 82 則評論 · 48 張相片,7 個月前,4 顆星,大大武花大武花不是嗎🥲週六怎麼冷清清了，上次來吃是真不錯👍 …,https://www.google.com/maps/contrib/106562582366265755550/reviews?hl=zh-TW
武聖夜市,Elia Chang,在地嚮導 · 26 則評論 · 10 張相片,7 個月前,5 顆星,推海口人鹽烤魚，肉質新鮮好吃，完全沒有腥味。武聖夜市也是全台南個人認為最好逛的夜市，其他都東西太少或是重複性太高，武聖CP值高又很好吃!,https://www.google.com/maps/contrib/101098614957257286657/reviews?hl=zh-TW
武聖夜市,YINI ZHU,4 則評論 · 1 張相片,7 個月前,5 顆星,癡歐臭的臭豆腐的泰沾醬超好吃，而且臭豆腐超超脆！大家去了一定要嚐一口！,https://www.google.com/maps/contrib/111473680200460935420/reviews?hl=zh-TW
武聖夜市,黃俊明,,7 個月前,5 顆星,,https://www.google.com/maps/contrib/110662488562404726216/reviews?hl=zh-TW
武聖夜市,うえの“安くて美味しいものを食レポ&キャンプ関係”,在地嚮導 · 170 則評論 · 310 張相片,7 個月前,4 顆星,台南的夜市水平很高，但我還可以推薦這個。,https://www.google.com/maps/contrib/117784806771584638991/reviews?hl=zh-TW
武聖夜市,elmali Chen,5 則評論 · 1 張相片,7 個月前,5 顆星,宜蘭綠色臭豆腐，外酥裡嫩，讚！,https://www.google.com/maps/contrib/107077928415886793158/reviews?hl=zh-TW
武聖夜市,SW Y,1 張相片,7 個月前,5 顆星,,https://www.google.com/maps/contrib/114924534473057625409/reviews?hl=zh-TW
武聖夜市,HJ,在地嚮導 · 15 則評論 · 45 張相片,7 個月前,5 顆星,市場門口賣烤串的老闆很熱情，味道也很好吃，旁邊賣煎餅的老闆也很熱情，味道也很好吃，是我目前為止逛過的夜市中規模最小的，但是去市場的路上一定要嚐嚐他們賣的玉米，味道好極了，我都想手裡拿著一個吃。,https://www.google.com/maps/contrib/106450806977991414054/reviews?hl=zh-TW
武聖夜市,李朝發,在地嚮導 · 237 則評論 · 835 張相片,7 個月前,4 顆星,,https://www.google.com/maps/contrib/117392960621890520793/reviews?hl=zh-TW
武聖夜市,林歪歪,在地嚮導 · 75 則評論 · 58 張相片,7 個月前,5 顆星,"臭豆腐外酥內嫩，加上老板贈送的泰式椒麻醬~超讚
麻辣鴨血臭豆腐，湯頭超讚
推推推",https://www.google.com/maps/contrib/101446239547823439550/reviews?hl=zh-TW
武聖夜市,Alan Fong,在地嚮導 · 18 則評論 · 2 張相片,7 個月前,5 顆星,,https://www.google.com/maps/contrib/104743329179566955313/reviews?hl=zh-TW
武聖夜市,曉樺,在地嚮導 · 101 則評論 · 21 張相片,7 個月前,3 顆星,攤位不多，還是旱溪或大慶比較好逛,https://www.google.com/maps/contrib/103777785581877772217/reviews?hl=zh-TW
武聖夜市,鄭明弘,在地嚮導 · 22 則評論 · 183 張相片,7 個月前,3 顆星,"感覺和之前差很多
很多攤位沒在出來擺攤",https://www.google.com/maps/contrib/117230675955035503333/reviews?hl=zh-TW
武聖夜市,媱媱兒,2 則評論,7 個月前,5 顆星,👍🏻👍🏻👍🏻👍🏻👍🏻 …,https://www.google.com/maps/contrib/116352361464144551052/reviews?hl=zh-TW
武聖夜市,黃意茹,在地嚮導 · 45 則評論 · 62 張相片,7 個月前,5 顆星,,https://www.google.com/maps/contrib/107398629245517069648/reviews?hl=zh-TW
武聖夜市,E-Sen Chen,在地嚮導 · 62 則評論 · 92 張相片,7 個月前,5 顆星,拔絲地瓜一定要吃。超好吃,https://www.google.com/maps/contrib/108792880746066847701/reviews?hl=zh-TW
武聖夜市,seongwook kim,在地嚮導 · 38 則評論 · 173 張相片,7 個月前,4 顆星,台南每週每天在不同地點舉辦夜市。我去了無城夜市，因為它是在星期三舉行的。週四，我要去華院夜市~,https://www.google.com/maps/contrib/100164686128959824945/reviews?hl=zh-TW
武聖夜市,李how,在地嚮導 · 13 則評論 · 2 張相片,7 個月前,5 顆星,好吃 好玩 好便宜，真的想搬來台南了,https://www.google.com/maps/contrib/100436685585029380328/reviews?hl=zh-TW
武聖夜市,邵恩,5 則評論 · 4 張相片,7 個月前,5 顆星,,https://www.google.com/maps/contrib/117525523671782736831/reviews?hl=zh-TW
武聖夜市,羅聖凱,9 則評論 · 2 張相片,7 個月前,3 顆星,,https://www.google.com/maps/contrib/112574696083229851167/reviews?hl=zh-TW
武聖夜市,summer wei,4 則評論 · 6 張相片,7 個月前,5 顆星,"新攤臭豆腐
路過很顯眼 就來再看看
真的好吃，辣椒他們說是自己炒過的非常辣 …",https://www.google.com/maps/contrib/102324424055836148452/reviews?hl=zh-TW
武聖夜市,K.M,"在地嚮導 · 1,308 則評論 · 5,374 張相片",7 個月前,5 顆星,"作為夜間酒吧，這裡人氣很高，熱鬧非凡。
充滿了讓人想起日本昭和時代的懷舊氣氛，打靶和投環的氣氛很活躍，我很享受整體的氣氛。
很美味。",https://www.google.com/maps/contrib/116830905261899698602/reviews?hl=zh-TW
武聖夜市,Akirazzz,4 則評論 · 1 張相片,7 個月前,5 顆星,巧克力米壽司好吃,https://www.google.com/maps/contrib/104177561399811376980/reviews?hl=zh-TW
武聖夜市,蔡仁明,在地嚮導 · 10 則評論 · 7 張相片,7 個月前,5 顆星,武聖夜市多了很多玩的,https://www.google.com/maps/contrib/104484188042140009525/reviews?hl=zh-TW
武聖夜市,KING HO,在地嚮導 · 20 則評論 · 6 張相片,7 個月前,5 顆星,假日汽車停車位不足，繞來繞去路邊停車也不方便，建議騎乘機車前往！攤位多選擇多 很好逛,https://www.google.com/maps/contrib/105769954282033613896/reviews?hl=zh-TW
武聖夜市,陳小姐,3 則評論,7 個月前,5 顆星,,https://www.google.com/maps/contrib/107191293395903939119/reviews?hl=zh-TW
武聖夜市,J P,在地嚮導 · 148 則評論 · 280 張相片,7 個月前,3 顆星,"因為下雨所以攤位不多
不過很推 裡面一家的滷味，而且一定要加辣喔！ 小辣就很辣了👍 …",https://www.google.com/maps/contrib/116742661021565250281/reviews?hl=zh-TW
武聖夜市,謝士民,1 則評論,7 個月前,5 顆星,,https://www.google.com/maps/contrib/102291300939423378327/reviews?hl=zh-TW
武聖夜市,黃竫為,在地嚮導 · 6 則評論 · 2 張相片,7 個月前,5 顆星,,https://www.google.com/maps/contrib/108619063362248043063/reviews?hl=zh-TW
武聖夜市,Lee1945 Kf14,在地嚮導 · 43 則評論 · 309 張相片,7 個月前,5 顆星,,https://www.google.com/maps/contrib/113400252543657612443/reviews?hl=zh-TW
武聖夜市,呂智仁,7 則評論 · 2 張相片,7 個月前,4 顆星,不好停車,https://www.google.com/maps/contrib/114407199192686084415/reviews?hl=zh-TW
武聖夜市,林家弘,在地嚮導 · 34 則評論 · 109 張相片,7 個月前,5 顆星,,https://www.google.com/maps/contrib/110069135319894069608/reviews?hl=zh-TW
武聖夜市,許惇博,在地嚮導 · 119 則評論 · 26 張相片,7 個月前,5 顆星,蠻有料的而且動線也不錯 不會太亂,https://www.google.com/maps/contrib/110555527743041126986/reviews?hl=zh-TW
武聖夜市,Ka i,在地嚮導 · 157 則評論 · 40 張相片,7 個月前,3 顆星,"免費停車需依指揮員指示停至定點
汽車停車場為沙地",https://www.google.com/maps/contrib/111258162181731692919/reviews?hl=zh-TW
武聖夜市,may may,在地嚮導 · 42 則評論 · 884 張相片,7 個月前,5 顆星,,https://www.google.com/maps/contrib/107026285499956786658/reviews?hl=zh-TW
武聖夜市,Brandon TU (小屠),在地嚮導 · 28 則評論 · 751 張相片,7 個月前,4 顆星,,https://www.google.com/maps/contrib/105206787958954037064/reviews?hl=zh-TW
武聖夜市,李姿瑱,在地嚮導 · 21 則評論 · 3 張相片,7 個月前,5 顆星,多元的夜市，吃、喝、玩、採買一應俱全，老少咸宜，價位親民,https://www.google.com/maps/contrib/111484380554612579212/reviews?hl=zh-TW
武聖夜市,劉燕勳,在地嚮導 · 27 則評論 · 736 張相片,7 個月前,4 顆星,,https://www.google.com/maps/contrib/110202969553995816673/reviews?hl=zh-TW
武聖夜市,卓奕嘉,17 則評論 · 2 張相片,7 個月前,5 顆星,,https://www.google.com/maps/contrib/103841203985150413343/reviews?hl=zh-TW
武聖夜市,Yenmarina,在地嚮導 · 49 則評論 · 52 張相片,7 個月前,5 顆星,好幾年沒來了，覺得週邊配套設施更新的很有感，像是停車場多了不少而且不擁擠，廁所以夜市來說很乾淨，整個夜市沒有真的很大，卻有兩大個公用廁所非常讚,https://www.google.com/maps/contrib/100595963425626071208/reviews?hl=zh-TW
武聖夜市,Jimmy,在地嚮導 · 10 則評論 · 78 張相片,7 個月前,5 顆星,,https://www.google.com/maps/contrib/103441837159833195635/reviews?hl=zh-TW
武聖夜市,s Scott,在地嚮導 · 155 則評論 · 192 張相片,7 個月前,4 顆星,,https://www.google.com/maps/contrib/109054023467942678805/reviews?hl=zh-TW
武聖夜市,旅行小藍,"在地嚮導 · 894 則評論 · 5,609 張相片",7 個月前,5 顆星,台南夜市果然是有點意思,https://www.google.com/maps/contrib/115034948474462878978/reviews?hl=zh-TW
武聖夜市,游竣宇,在地嚮導 · 16 則評論 · 8 張相片,7 個月前,5 顆星,,https://www.google.com/maps/contrib/113098937773655124258/reviews?hl=zh-TW
武聖夜市,陳宗佑,1 則評論,7 個月前,5 顆星,,https://www.google.com/maps/contrib/109408465500781504124/reviews?hl=zh-TW
武聖夜市,kayan li,在地嚮導 · 215 則評論 · 39 張相片,7 個月前,5 顆星,便宜好吃,https://www.google.com/maps/contrib/116910172002928156658/reviews?hl=zh-TW
武聖夜市,洪雲昇,在地嚮導 · 28 則評論 · 16 張相片,7 個月前,5 顆星,,https://www.google.com/maps/contrib/108564444082425137810/reviews?hl=zh-TW
武聖夜市,E i (아웨이),11 則評論,7 個月前,4 顆星,人多熱鬧還有台南口味飲料,https://www.google.com/maps/contrib/114930501877443748503/reviews?hl=zh-TW
武聖夜市,ㄧㄈ,在地嚮導 · 14 則評論 · 3 張相片,7 個月前,5 顆星,,https://www.google.com/maps/contrib/107234664907469614473/reviews?hl=zh-TW
武聖夜市,Sewai Lin,在地嚮導 · 8 則評論 · 1 張相片,7 個月前,4 顆星,,https://www.google.com/maps/contrib/113691500637329819776/reviews?hl=zh-TW
武聖夜市,沈正皓,在地嚮導 · 14 則評論 · 8 張相片,7 個月前,5 顆星,,https://www.google.com/maps/contrib/109102105525429770379/reviews?hl=zh-TW
武聖夜市,羊咩咩,在地嚮導 · 222 則評論 · 603 張相片,7 個月前,5 顆星,"很熱鬧
好吃好玩",https://www.google.com/maps/contrib/110242447036221460582/reviews?hl=zh-TW
武聖夜市,鄭宇昇,3 則評論 · 4 張相片,7 個月前,5 顆星,,https://www.google.com/maps/contrib/110341616738193870027/reviews?hl=zh-TW
武聖夜市,林怡君,在地嚮導 · 49 則評論 · 36 張相片,7 個月前,5 顆星,攤位多 小孩遊樂器材連海盜船 旋轉木馬都有 食物也非常多元 人潮眾多 每次去都可以享受美食 感受熱鬧氣氛,https://www.google.com/maps/contrib/108035594890008284857/reviews?hl=zh-TW
武聖夜市,NOS,在地嚮導 · 103 則評論 · 77 張相片,7 個月前,5 顆星,這裡很多美食 都很好吃 遇到的人都很熱情 推薦來這裡逛逛！,https://www.google.com/maps/contrib/107233398875408914809/reviews?hl=zh-TW
武聖夜市,洪啓智,"在地嚮導 · 14 則評論 · 1,318 張相片",7 個月前,5 顆星,,https://www.google.com/maps/contrib/110973412489464801425/reviews?hl=zh-TW
武聖夜市,戴祺展,在地嚮導 · 1 則評論 · 11 張相片,7 個月前,5 顆星,,https://www.google.com/maps/contrib/103377944575754059604/reviews?hl=zh-TW
武聖夜市,y c,9 則評論,7 個月前,5 顆星,,https://www.google.com/maps/contrib/110286733643199743551/reviews?hl=zh-TW
武聖夜市,Tree,7 則評論 · 12 張相片,7 個月前,3 顆星,,https://www.google.com/maps/contrib/116382905916034412855/reviews?hl=zh-TW
武聖夜市,楊壹棱,"在地嚮導 · 950 則評論 · 7,834 張相片",7 個月前,4 顆星,目前夜市多了好多有兒童遊戲，還有小吃，有空可以來逛逛,https://www.google.com/maps/contrib/110817549952156774452/reviews?hl=zh-TW
武聖夜市,黃姝銜,"在地嚮導 · 218 則評論 · 1,432 張相片",7 個月前,5 顆星,"推👍👍👍沒來過第一次來
真的值得來一趟，好吃好玩好逛的夜市，東西飲料都好吃😋 …",https://www.google.com/maps/contrib/103270128613687932562/reviews?hl=zh-TW
武聖夜市,mo na,"在地嚮導 · 657 則評論 · 3,477 張相片",7 個月前,5 顆星,"台南必逛在地夜市
每次來一定會買無敵banana香蕉煎餅",https://www.google.com/maps/contrib/116881697351935075457/reviews?hl=zh-TW
武聖夜市,姜智陞,11 則評論,7 個月前,5 顆星,非常好的一個夜市 還有懷舊的打彈珠換香腸 跑了兩天夜市武聖夜市的彈珠香腸好吃,https://www.google.com/maps/contrib/116321934498284878231/reviews?hl=zh-TW
武聖夜市,陳立信,在地嚮導 · 31 則評論 · 41 張相片,7 個月前,5 顆星,,https://www.google.com/maps/contrib/115744303654262442077/reviews?hl=zh-TW
武聖夜市,ANNI WU,在地嚮導 · 278 則評論 · 242 張相片,7 個月前,5 顆星,停車空間大,https://www.google.com/maps/contrib/104081261984095273273/reviews?hl=zh-TW
武聖夜市,Boni ka,在地嚮導 · 112 則評論 · 73 張相片,7 個月前,5 顆星,目前最喜歡台南夜市！,https://www.google.com/maps/contrib/103749728770531370555/reviews?hl=zh-TW
武聖夜市,Thibault Back de Surany,在地嚮導 · 66 則評論 · 17 張相片,7 個月前,3 顆星,,https://www.google.com/maps/contrib/108579887546935225110/reviews?hl=zh-TW
武聖夜市,李振瑋,在地嚮導 · 51 則評論 · 33 張相片,7 個月前,5 顆星,"操你的西瓜汁跟水一樣
不能只有我喝到",https://www.google.com/maps/contrib/106870166107572605416/reviews?hl=zh-TW
武聖夜市,姜婉茹,在地嚮導 · 20 則評論 · 42 張相片,7 個月前,5 顆星,好吃好逛,https://www.google.com/maps/contrib/112133878343792675750/reviews?hl=zh-TW
武聖夜市,葉泉成,在地嚮導 · 8 則評論,7 個月前,2 顆星,,https://www.google.com/maps/contrib/103580364936508636574/reviews?hl=zh-TW
武聖夜市,呂庭宇,在地嚮導 · 9 則評論,7 個月前,4 顆星,環境不錯，選擇多樣，但交通很不便，建議不要開車前往,https://www.google.com/maps/contrib/114224712408411131014/reviews?hl=zh-TW
武聖夜市,奶茶,在地嚮導 · 54 則評論 · 10 張相片,7 個月前,5 顆星,,https://www.google.com/maps/contrib/107686525207575280046/reviews?hl=zh-TW
武聖夜市,陳家賢,在地嚮導 · 30 則評論 · 2 張相片,7 個月前,5 顆星,好吃好逛好貴,https://www.google.com/maps/contrib/112549361190220496197/reviews?hl=zh-TW
武聖夜市,超挑嘴,4 則評論 · 3 張相片,7 個月前,4 顆星,,https://www.google.com/maps/contrib/107142465193804392562/reviews?hl=zh-TW
武聖夜市,Lee Nelson,"在地嚮導 · 424 則評論 · 1,638 張相片",7 個月前,3 顆星,"說真的，全台夜市，最大問題
就是沒有特色啊！",https://www.google.com/maps/contrib/109934434207373906114/reviews?hl=zh-TW
武聖夜市,王曉姿,在地嚮導 · 11 則評論 · 25 張相片,7 個月前,4 顆星,,https://www.google.com/maps/contrib/106580199758197665826/reviews?hl=zh-TW
武聖夜市,傑雄張,在地嚮導 · 4 則評論,7 個月前,3 顆星,,https://www.google.com/maps/contrib/113285417049405024323/reviews?hl=zh-TW
武聖夜市,go Lees,在地嚮導 · 123 則評論 · 52 張相片,7 個月前,5 顆星,最新的夜市排行一定武聖跟花園最好，大東拆夥東西少很多不好吃了，武聖現在推薦為第一名🥇 …,https://www.google.com/maps/contrib/112205061551927358508/reviews?hl=zh-TW
武聖夜市,CYT,"在地嚮導 · 726 則評論 · 2,134 張相片",7 個月前,5 顆星,"2024.8價格
榮登目前內心最愛夜市
吃的種類比較多也不一樣 …",https://www.google.com/maps/contrib/113598741533458674840/reviews?hl=zh-TW
武聖夜市,王火腿,在地嚮導 · 20 則評論 · 1 張相片,7 個月前,4 顆星,,https://www.google.com/maps/contrib/115839980962013409974/reviews?hl=zh-TW
武聖夜市,BW C,在地嚮導 · 114 則評論 · 33 張相片,7 個月前,5 顆星,好吃的美食蠻多的，值得慢慢逛,https://www.google.com/maps/contrib/117806008625484580289/reviews?hl=zh-TW
武聖夜市,為愛刺身,在地嚮導 · 12 則評論 · 6 張相片,7 個月前,5 顆星,小孩很喜歡,https://www.google.com/maps/contrib/116188797016992528766/reviews?hl=zh-TW
武聖夜市,Fanny CC,在地嚮導 · 102 則評論 · 163 張相片,7 個月前,1 顆星,攤販重覆性高，日船章魚燒，極少料、只咬到麵粉與一小塊章魚！逛了許久，反而覺得不用在這邊解決晚餐,https://www.google.com/maps/contrib/116487407616585480669/reviews?hl=zh-TW
武聖夜市,陳高進,4 則評論,7 個月前,5 顆星,,https://www.google.com/maps/contrib/105411019164634458634/reviews?hl=zh-TW
武聖夜市,Lykan,在地嚮導 · 14 則評論 · 2 張相片,7 個月前,5 顆星,,https://www.google.com/maps/contrib/116697597458498039727/reviews?hl=zh-TW
武聖夜市,Ting,"在地嚮導 · 843 則評論 · 2,313 張相片",7 個月前,3 顆星,還行～感覺沒有大家講的這麼厲害@@～但路口的章魚燒很好吃，西瓜汁也很好喝，其他普普,https://www.google.com/maps/contrib/117509800138085608213/reviews?hl=zh-TW
武聖夜市,許家榮,在地嚮導 · 12 則評論,7 個月前,5 顆星,很好機車動線規劃很好很方便。,https://www.google.com/maps/contrib/103520569378305243503/reviews?hl=zh-TW
武聖夜市,Staind Lin,在地嚮導 · 74 則評論 · 74 張相片,7 個月前,4 顆星,"有規劃停車場的夜市
動線順暢",https://www.google.com/maps/contrib/105115805510278942952/reviews?hl=zh-TW
武聖夜市,Xyza Yesung,在地嚮導 · 62 則評論 · 29 張相片,7 個月前,4 顆星,,https://www.google.com/maps/contrib/102230502717827757524/reviews?hl=zh-TW
武聖夜市,黃Collins,在地嚮導 · 20 則評論 · 6 張相片,7 個月前,5 顆星,,https://www.google.com/maps/contrib/110870237998611364346/reviews?hl=zh-TW
武聖夜市,Susan H,在地嚮導 · 30 則評論 · 47 張相片,7 個月前,4 顆星,,https://www.google.com/maps/contrib/110422853335516886218/reviews?hl=zh-TW
武聖夜市,Jing Yan,3 則評論 · 1 張相片,7 個月前,5 顆星,,https://www.google.com/maps/contrib/109935403893502744530/reviews?hl=zh-TW
武聖夜市,洪堃昱,在地嚮導 · 39 則評論 · 12 張相片,7 個月前,4 顆星,餐飲品項多元，好好逛！,https://www.google.com/maps/contrib/104042583137281960525/reviews?hl=zh-TW
武聖夜市,維尼,在地嚮導 · 30 則評論,7 個月前,5 顆星,好逛的夜市,https://www.google.com/maps/contrib/113694712349577421091/reviews?hl=zh-TW
武聖夜市,阮黎薔薇,在地嚮導 · 15 則評論 · 47 張相片,7 個月前,5 顆星,,https://www.google.com/maps/contrib/104821197358422522692/reviews?hl=zh-TW
武聖夜市,Yuliang Li,在地嚮導 · 14 則評論 · 3 張相片,7 個月前,5 顆星,,https://www.google.com/maps/contrib/103086847010600478520/reviews?hl=zh-TW
武聖夜市,reason no,在地嚮導 · 93 則評論 · 142 張相片,7 個月前,5 顆星,停車場大,https://www.google.com/maps/contrib/107236042769387090069/reviews?hl=zh-TW
武聖夜市,Chris Lin,在地嚮導 · 19 則評論 · 165 張相片,7 個月前,4 顆星,,https://www.google.com/maps/contrib/112958643328069536873/reviews?hl=zh-TW
武聖夜市,郭承翰,在地嚮導 · 18 則評論 · 23 張相片,7 個月前,4 顆星,,https://www.google.com/maps/contrib/118325559196537554351/reviews?hl=zh-TW
武聖夜市,林阿卿,在地嚮導 · 22 則評論,7 個月前,5 顆星,,https://www.google.com/maps/contrib/113274093836099420562/reviews?hl=zh-TW
武聖夜市,勝,在地嚮導 · 12 則評論 · 13 張相片,7 個月前,5 顆星,,https://www.google.com/maps/contrib/115601108096679131327/reviews?hl=zh-TW
武聖夜市,Jonathan Chiu,在地嚮導 · 27 則評論 · 5 張相片,7 個月前,5 顆星,,https://www.google.com/maps/contrib/109494376665123074092/reviews?hl=zh-TW
武聖夜市,梁柱,在地嚮導 · 9 則評論 · 31 張相片,7 個月前,5 顆星,,https://www.google.com/maps/contrib/112191539352816408675/reviews?hl=zh-TW
武聖夜市,菜芽,在地嚮導 · 34 則評論 · 39 張相片,7 個月前,4 顆星,"停車方便，夜市不大但該有的都有。

不過這次買到一間糖炒栗子不是很新鮮（是一對外籍人士，可能是大陸或東南亞的女生） …",https://www.google.com/maps/contrib/108844481719821308951/reviews?hl=zh-TW
武聖夜市,HSIUNG CHIN,在地嚮導 · 17 則評論 · 775 張相片,7 個月前,5 顆星,,https://www.google.com/maps/contrib/105924289233555395068/reviews?hl=zh-TW
武聖夜市,Pocky,"在地嚮導 · 428 則評論 · 3,626 張相片",7 個月前,4 顆星,種類很多 異國料理 有泰奶 水蜜桃冰沙 韓式料理 港式魚蛋 甘草芭樂 牛排 天然小麥草汁 揚州炒飯 鳳爪 鴨血 銅鑼燒 超營養三明治 彈珠台 耳環 蒸鮮烤魚 石頭餅 韓國烤肉 套圈圈 現打果汁,https://www.google.com/maps/contrib/107516421971733507686/reviews?hl=zh-TW
武聖夜市,柴爸幸福吃喝,在地嚮導 · 192 則評論 · 957 張相片,7 個月前,4 顆星,"今天5/24星期五
武聖夜市是以前年輕時常來的夜市
可能台南夜市天天都有 …",https://www.google.com/maps/contrib/111126334505135203368/reviews?hl=zh-TW
武聖夜市,Benjamin Han (KimchiHAN),在地嚮導 · 74 則評論 · 45 張相片,7 個月前,4 顆星,以前是台南最大夜市 但現在仍然有不少攤販,https://www.google.com/maps/contrib/109957924908257372988/reviews?hl=zh-TW
武聖夜市,陳盈宗,1 則評論 · 1 張相片,7 個月前,5 顆星,,https://www.google.com/maps/contrib/108057001356697165526/reviews?hl=zh-TW
武聖夜市,YU瓜子,2 則評論,7 個月前,5 顆星,,https://www.google.com/maps/contrib/100448376081228457150/reviews?hl=zh-TW
武聖夜市,Michelle Huang,在地嚮導 · 112 則評論 · 80 張相片,7 個月前,3 顆星,"花園夜市完勝！
武聖重複性高，味道都偏雷⋯
走道很小不好逛～",https://www.google.com/maps/contrib/113521512655866683187/reviews?hl=zh-TW
武聖夜市,zizi wang,12 則評論 · 2 張相片,7 個月前,4 顆星,,https://www.google.com/maps/contrib/113903606682190449621/reviews?hl=zh-TW
武聖夜市,伊謹李,在地嚮導 · 120 則評論 · 180 張相片,7 個月前,5 顆星,有吃也有玩～果汁攤新鮮現炸，章魚燒俗夠大碗，最想吃的拔絲地瓜沒遇到，下次再來,https://www.google.com/maps/contrib/102430943595143402325/reviews?hl=zh-TW
武聖夜市,Jason (Jason),在地嚮導 · 79 則評論 · 22 張相片,7 個月前,4 顆星,,https://www.google.com/maps/contrib/109005526635731177005/reviews?hl=zh-TW
武聖夜市,陳小真（しゅうぴんしん）,在地嚮導 · 31 則評論 · 42 張相片,7 個月前,5 顆星,,https://www.google.com/maps/contrib/115440011692335050862/reviews?hl=zh-TW
武聖夜市,Lucas Kuo,"在地嚮導 · 5 則評論 · 1,819 張相片",7 個月前,4 顆星,,https://www.google.com/maps/contrib/102126046816985168194/reviews?hl=zh-TW
武聖夜市,珮玲,在地嚮導 · 25 則評論 · 2 張相片,7 個月前,4 顆星,,https://www.google.com/maps/contrib/108327480010930173979/reviews?hl=zh-TW
武聖夜市,陳志坤,在地嚮導 · 86 則評論 · 66 張相片,7 個月前,4 顆星,,https://www.google.com/maps/contrib/110798961585290350828/reviews?hl=zh-TW
武聖夜市,savi tasikavan,在地嚮導 · 18 則評論 · 12 張相片,7 個月前,5 顆星,,https://www.google.com/maps/contrib/110208092146009868955/reviews?hl=zh-TW
武聖夜市,莊竹沄,13 則評論 · 4 張相片,7 個月前,5 顆星,難得夜市剛開始，就要開逛。人潮未到，逛起來挺舒服，該吃該喝該玩的，都盡興享受，是到台南必逛夜市。,https://www.google.com/maps/contrib/114679304056578106558/reviews?hl=zh-TW
武聖夜市,劉墨然,在地嚮導 · 11 則評論,7 個月前,5 顆星,人不會太多好逛，東西很好吃,https://www.google.com/maps/contrib/117913834242406628169/reviews?hl=zh-TW
武聖夜市,楊阿礫,在地嚮導 · 12 則評論 · 31 張相片,7 個月前,5 顆星,,https://www.google.com/maps/contrib/108011112485368857985/reviews?hl=zh-TW
武聖夜市,Changpunch,在地嚮導 · 194 則評論 · 298 張相片,7 個月前,3 顆星,攤販中有一家章魚小丸子很好吃，也有賣日式炒麵，從外側移到內側，找好久！台南夜市少數有射箭活動的，不過價格不會太實惠&弓跟箭的品質是可以想像的就是了。覺得攤販比過去幾年少了些，也不再熱鬧。,https://www.google.com/maps/contrib/107661768657747091439/reviews?hl=zh-TW
武聖夜市,王聖賢,在地嚮導 · 14 則評論 · 587 張相片,7 個月前,5 顆星,,https://www.google.com/maps/contrib/113051755717734597855/reviews?hl=zh-TW
武聖夜市,王志仁,在地嚮導 · 215 則評論 · 57 張相片,7 個月前,5 顆星,台南當地的夜市，和花園觀光夜市比較不一樣，賣的東西比較不同， 很好逛,https://www.google.com/maps/contrib/113570861293634779564/reviews?hl=zh-TW
武聖夜市,葉小倫,在地嚮導 · 11 則評論 · 39 張相片,7 個月前,5 顆星,,https://www.google.com/maps/contrib/101316763516605417158/reviews?hl=zh-TW
武聖夜市,呂諺,在地嚮導 · 69 則評論 · 34 張相片,7 個月前,5 顆星,,https://www.google.com/maps/contrib/107109256705695726359/reviews?hl=zh-TW
武聖夜市,挖喜草,在地嚮導 · 134 則評論 · 47 張相片,7 個月前,5 顆星,"蠻大的夜市
管理也很不錯
推推海口人鹽烤台灣鯛",https://www.google.com/maps/contrib/107423721017056955866/reviews?hl=zh-TW
武聖夜市,語珳,在地嚮導 · 52 則評論 · 16 張相片,7 個月前,5 顆星,台南在地人比較多的夜市,https://www.google.com/maps/contrib/111393619662391922902/reviews?hl=zh-TW
武聖夜市,三家十八大,在地嚮導 · 39 則評論 · 33 張相片,7 個月前,4 顆星,這是一個動線很奇怪的夜市，吃的很多但是有點重複了🥲 …,https://www.google.com/maps/contrib/100207139147253646925/reviews?hl=zh-TW
武聖夜市,劉風子,在地嚮導 · 53 則評論,7 個月前,5 顆星,有吃有喝有玩有得看，男女老少都能逛😁 …,https://www.google.com/maps/contrib/110886739768897209468/reviews?hl=zh-TW
武聖夜市,張家嘉,3 則評論 · 1 張相片,7 個月前,5 顆星,,https://www.google.com/maps/contrib/103703729799008454183/reviews?hl=zh-TW
武聖夜市,楊鈺慈,"在地嚮導 · 448 則評論 · 2,310 張相片",7 個月前,5 顆星,"攤位蠻多樣化的
算是大型的夜市
停車的部分旁邊就有免費的停車場 …",https://www.google.com/maps/contrib/109544101017546357861/reviews?hl=zh-TW
武聖夜市,李孟達,在地嚮導 · 445 則評論 · 335 張相片,7 個月前,5 顆星,"好吃的攤商越來越多：

由南側停車場最左邊第一排進去：推傳統的米血糕、香腸十味、烤小卷、叻沙麵，…。 …",https://www.google.com/maps/contrib/102616904232924732754/reviews?hl=zh-TW
武聖夜市,林柄樺,在地嚮導 · 86 則評論 · 451 張相片,7 個月前,5 顆星,,https://www.google.com/maps/contrib/101063886237278792061/reviews?hl=zh-TW
武聖夜市,黃詠瑀,在地嚮導 · 85 則評論 · 483 張相片,7 個月前,5 顆星,很大，我覺得蠻好逛👍🏻👍🏻 …,https://www.google.com/maps/contrib/112104325920850462673/reviews?hl=zh-TW
武聖夜市,林嘉妤,在地嚮導 · 30 則評論 · 11 張相片,7 個月前,5 顆星,很大的夜市,https://www.google.com/maps/contrib/107711350787028918625/reviews?hl=zh-TW
武聖夜市,牛奶糖,在地嚮導 · 161 則評論 · 164 張相片,7 個月前,5 顆星,"好好逛
好喜歡",https://www.google.com/maps/contrib/116709577289647589990/reviews?hl=zh-TW
武聖夜市,yi Chen,在地嚮導 · 27 則評論 · 4 張相片,7 個月前,1 顆星,,https://www.google.com/maps/contrib/111191613225627070164/reviews?hl=zh-TW
武聖夜市,邱賀新,2 則評論 · 3 張相片,7 個月前,5 顆星,,https://www.google.com/maps/contrib/101570667360966863319/reviews?hl=zh-TW
武聖夜市,王清文,2 則評論,7 個月前,4 顆星,,https://www.google.com/maps/contrib/108804546407967076619/reviews?hl=zh-TW
武聖夜市,Vanessa,在地嚮導 · 41 則評論 · 124 張相片,7 個月前,5 顆星,很好逛，東西很多但不重複,https://www.google.com/maps/contrib/111094525241493309240/reviews?hl=zh-TW
武聖夜市,Connie Choi,在地嚮導 · 24 則評論 · 150 張相片,7 個月前,4 顆星,,https://www.google.com/maps/contrib/100165679896122220189/reviews?hl=zh-TW
武聖夜市,Hsu,在地嚮導 · 31 則評論 · 61 張相片,7 個月前,5 顆星,,https://www.google.com/maps/contrib/116036199703926085809/reviews?hl=zh-TW
武聖夜市,黃芊惠,4 則評論 · 3 張相片,7 個月前,1 顆星,指揮交通人員，對要觀光的客人罵髒話，真的很差勁。這位老阿伯還不是第一次罵人，之前停車路線不明顯，開比較慢，尋找正確路線，也要被破口大罵，歧視女性的話語。來了好幾年的夜市，真的第一次掉頭就走,https://www.google.com/maps/contrib/105925912255718564153/reviews?hl=zh-TW
武聖夜市,ka chun chan,"在地嚮導 · 214 則評論 · 1,092 張相片",7 個月前,5 顆星,"遊客必去的夜市，大開眼界
有好多未見過嘅食物😂 …",https://www.google.com/maps/contrib/108675081730802206861/reviews?hl=zh-TW
武聖夜市,洪苡珊,13 則評論 · 8 張相片,7 個月前,5 顆星,吃味鮮鹹酥雞👍🏼 …,https://www.google.com/maps/contrib/113683955348278612989/reviews?hl=zh-TW
武聖夜市,王嘉琳,在地嚮導 · 73 則評論 · 9 張相片,7 個月前,5 顆星,,https://www.google.com/maps/contrib/112280377493318697146/reviews?hl=zh-TW
武聖夜市,邵麗舟,4 則評論 · 2 張相片,7 個月前,5 顆星,,https://www.google.com/maps/contrib/111722683153714134543/reviews?hl=zh-TW
武聖夜市,Macro Jolin,4 則評論 · 1 張相片,7 個月前,5 顆星,台灣第一個流動型夜市··台南在地最老牌夜市····重點是停車場很大·不收費·不收費·不收費,https://www.google.com/maps/contrib/107615845077964189608/reviews?hl=zh-TW
武聖夜市,林秋金,在地嚮導 · 55 則評論 · 114 張相片,7 個月前,5 顆星,"武聖夜市是台南知名的夜市景點,許多 遊客都會到武聖夜市採點, 吃喝玩樂樣樣具備,是不錯的夜市之一。",https://www.google.com/maps/contrib/102298747143185978612/reviews?hl=zh-TW
武聖夜市,Jack Wang (CokeFever),"在地嚮導 · 895 則評論 · 2,604 張相片",7 個月前,4 顆星,"除了不好停車之外
算是台南比較厲害的夜市",https://www.google.com/maps/contrib/110083404335057221286/reviews?hl=zh-TW
武聖夜市,Mandy Chen,在地嚮導 · 196 則評論 · 74 張相片,7 個月前,3 顆星,停車動線蠻差的 東西算還可以 但排隊很久 人也很擠,https://www.google.com/maps/contrib/104276282434222857800/reviews?hl=zh-TW
武聖夜市,Wen,15 則評論 · 5 張相片,8 個月前,4 顆星,免費停車這點很讚、沙琪瑪無敵炸好吃、一人作業的阿姨冷滷有驚艷的好吃又便宜～熊野家蛋蛋堡點了起司結果回到飯店發現給原味（醬等於多收錢了🥲）整體算不錯、很多吃的沒吃到（胃容量不夠） …,https://www.google.com/maps/contrib/112010670930496049510/reviews?hl=zh-TW
武聖夜市,麻糬白,在地嚮導 · 42 則評論 · 19 張相片,8 個月前,5 顆星,來台南必來的夜市😋 阿公阿嬤賣的蚵嗲、阿公賣的香腸米腸、豆三綠豆沙等等很多東西都好吃～～ …,https://www.google.com/maps/contrib/108206145551219758000/reviews?hl=zh-TW
武聖夜市,feifei,在地嚮導 · 19 則評論 · 6 張相片,8 個月前,1 顆星,"忘記名字香蕉煎餅，他們還有賣泰式奶茶，
品質變好多，雞蛋打散抹吃少、香蕉量也是，在花園也要賣真的很糟糕一份80-90那邊耶…..下次不吃了，太誇張，不能再被當盤子",https://www.google.com/maps/contrib/102193267952069734551/reviews?hl=zh-TW
武聖夜市,曾123,11 則評論 · 4 張相片,8 個月前,5 顆星,妹子多多,https://www.google.com/maps/contrib/109577747549145731941/reviews?hl=zh-TW
武聖夜市,Lucy Charity,5 則評論,8 個月前,5 顆星,,https://www.google.com/maps/contrib/107627092148041151199/reviews?hl=zh-TW
武聖夜市,Luke Chou,"在地嚮導 · 5 則評論 · 2,108 張相片",8 個月前,4 顆星,,https://www.google.com/maps/contrib/102913121119100075366/reviews?hl=zh-TW
武聖夜市,W.C Tseng,在地嚮導 · 50 則評論 · 32 張相片,8 個月前,5 顆星,北漂來台南出差，最驚豔是南部的滷味，真是太好吃了,https://www.google.com/maps/contrib/104102519202588199114/reviews?hl=zh-TW
武聖夜市,凱特禹,在地嚮導 · 33 則評論 · 912 張相片,8 個月前,5 顆星,,https://www.google.com/maps/contrib/113348758202605972667/reviews?hl=zh-TW
武聖夜市,Jiawei Chang,在地嚮導 · 184 則評論 · 88 張相片,8 個月前,3 顆星,免費車位多，早點來大約下午5:30～6.，比較好停車，有許多人員指揮交通也不混亂，夜市缺點是動線狹窄，且有一段在光賢路上，是沒有封路的路段，人車共用比較危險。,https://www.google.com/maps/contrib/109508503504991127022/reviews?hl=zh-TW
武聖夜市,Apple Lee,"在地嚮導 · 191 則評論 · 1,125 張相片",8 個月前,4 顆星,吃的重複性不高，還有一些好玩的攤位加上還有好逛的衣服、飾品、3c周邊商品等等，就是停車位稍嫌不足，而且我們當天排隊等了許久，好不容易輪到我們了，管理員就揮揮手說不要再排了！說非位置了，可是停車場等排隊不是我們自由嗎？後來花一百元，去停私人停車場，所以美中不足的是停車問題,https://www.google.com/maps/contrib/115807772752482396981/reviews?hl=zh-TW
武聖夜市,蘇小云,2 則評論 · 7 張相片,8 個月前,5 顆星,,https://www.google.com/maps/contrib/107043126594530520723/reviews?hl=zh-TW
武聖夜市,mac wu,在地嚮導 · 44 則評論 · 2 張相片,8 個月前,5 顆星,,https://www.google.com/maps/contrib/116040242952626801381/reviews?hl=zh-TW
武聖夜市,Hsiang A,在地嚮導 · 7 則評論 · 292 張相片,8 個月前,3 顆星,,https://www.google.com/maps/contrib/117747978317899006966/reviews?hl=zh-TW
武聖夜市,Hsu Kyra,7 則評論,8 個月前,4 顆星,店家服務都很友善，有吃有玩也有逛。,https://www.google.com/maps/contrib/107138230116240467775/reviews?hl=zh-TW
武聖夜市,陳慶年,在地嚮導 · 1 則評論 · 4 張相片,8 個月前,4 顆星,,https://www.google.com/maps/contrib/110671503954655366505/reviews?hl=zh-TW
武聖夜市,施麗娟,在地嚮導 · 13 則評論 · 18 張相片,8 個月前,5 顆星,在地人比較多，好吃的要排隊,https://www.google.com/maps/contrib/108017860483836009055/reviews?hl=zh-TW
武聖夜市,Dk (꧁༺ᗪ960412༻꧂),在地嚮導 · 11 則評論 · 84 張相片,8 個月前,5 顆星,,https://www.google.com/maps/contrib/107631779475442484563/reviews?hl=zh-TW
武聖夜市,HSIEH小璐,在地嚮導 · 25 則評論 · 3 張相片,8 個月前,5 顆星,,https://www.google.com/maps/contrib/108530638280001309211/reviews?hl=zh-TW
武聖夜市,hansom0204,1 則評論,8 個月前,4 顆星,,https://www.google.com/maps/contrib/109789010200272253748/reviews?hl=zh-TW
武聖夜市,吳宏毅,在地嚮導 · 28 則評論 · 156 張相片,8 個月前,3 顆星,,https://www.google.com/maps/contrib/105541104678441047930/reviews?hl=zh-TW
武聖夜市,黃玠潔,4 則評論 · 2 張相片,8 個月前,5 顆星,兩大車,https://www.google.com/maps/contrib/107279385783623715978/reviews?hl=zh-TW
武聖夜市,朱重賢,在地嚮導 · 2 則評論,8 個月前,4 顆星,,https://www.google.com/maps/contrib/101340314187018727904/reviews?hl=zh-TW
武聖夜市,08 洪世傑,在地嚮導 · 22 則評論 · 2 張相片,8 個月前,4 顆星,烤魚好吃，也好逛,https://www.google.com/maps/contrib/108111428460519718517/reviews?hl=zh-TW
武聖夜市,BOBLIOU SHENER,在地嚮導 · 5 則評論 · 21 張相片,8 個月前,5 顆星,優質夜市,https://www.google.com/maps/contrib/103891497495473655310/reviews?hl=zh-TW
武聖夜市,松鼠對郎造,1 則評論,8 個月前,5 顆星,,https://www.google.com/maps/contrib/110602404207855318776/reviews?hl=zh-TW
武聖夜市,Epicat,在地嚮導 · 176 則評論 · 431 張相片,8 個月前,4 顆星,"水蜜桃冰沙$70不好喝！！！！超級水
需要排隊，然後又普通，喝了真的失望 …",https://www.google.com/maps/contrib/115041911725878126873/reviews?hl=zh-TW
武聖夜市,買可樂高手,在地嚮導 · 38 則評論 · 17 張相片,8 個月前,1 顆星,,https://www.google.com/maps/contrib/111341247971437938130/reviews?hl=zh-TW
武聖夜市,陳昕悦,在地嚮導 · 28 則評論 · 13 張相片,8 個月前,5 顆星,,https://www.google.com/maps/contrib/100080398672509114415/reviews?hl=zh-TW
武聖夜市,劉家斌,在地嚮導 · 30 則評論 · 304 張相片,8 個月前,4 顆星,,https://www.google.com/maps/contrib/111621930529983991921/reviews?hl=zh-TW
武聖夜市,黃續轅,3 則評論 · 1 張相片,8 個月前,1 顆星,停車場管理員的態度非常差！口氣很不好！,https://www.google.com/maps/contrib/102726147327740012275/reviews?hl=zh-TW
武聖夜市,曾秋玉,6 則評論 · 8 張相片,8 個月前,1 顆星,停車指導爛到爆，從此不去逛，還是花園夜市比較好,https://www.google.com/maps/contrib/101214804636290645721/reviews?hl=zh-TW
武聖夜市,SirPrizeMuthaFakka P,9 則評論 · 2 張相片,8 個月前,5 顆星,,https://www.google.com/maps/contrib/116656757333516791671/reviews?hl=zh-TW
武聖夜市,沛岑,在地嚮導 · 18 則評論 · 45 張相片,8 個月前,5 顆星,,https://www.google.com/maps/contrib/116546151207487368937/reviews?hl=zh-TW
武聖夜市,guing liu,在地嚮導 · 4 則評論 · 3 張相片,8 個月前,5 顆星,,https://www.google.com/maps/contrib/102789939995662043605/reviews?hl=zh-TW
武聖夜市,Dong Liang Pan,"在地嚮導 · 1,042 則評論 · 6,586 張相片",8 個月前,5 顆星,在地體驗,https://www.google.com/maps/contrib/108026597981940224469/reviews?hl=zh-TW
武聖夜市,洪志正,在地嚮導 · 37 則評論 · 407 張相片,8 個月前,4 顆星,,https://www.google.com/maps/contrib/107942412019310080028/reviews?hl=zh-TW
武聖夜市,孫夢矯,3 則評論 · 3 張相片,8 個月前,4 顆星,,https://www.google.com/maps/contrib/118006018353715676424/reviews?hl=zh-TW
武聖夜市,chishu stinky,6 則評論 · 5 張相片,8 個月前,5 顆星,,https://www.google.com/maps/contrib/112377800141627157289/reviews?hl=zh-TW
武聖夜市,李佩樺,在地嚮導 · 56 則評論 · 2 張相片,8 個月前,4 顆星,一樣的路線順暢，食物好吃。,https://www.google.com/maps/contrib/109609516170042250974/reviews?hl=zh-TW
武聖夜市,紫晴天,在地嚮導 · 70 則評論 · 97 張相片,8 個月前,5 顆星,"有得玩又有得吃的夜市
而且東西都不雷
章魚丸子一盒40、3盒110 價格便宜又好吃 …",https://www.google.com/maps/contrib/107990290918994763621/reviews?hl=zh-TW
武聖夜市,小曦（cc）,7 則評論 · 4 張相片,8 個月前,1 顆星,8/23 在最右邊那排大馬路最後方中間 賣菱角土豆的攤位建議不要去買 7點買了一包菱角說可挑軟硬他說可結果吃起來沒所願算了基本上一半都臭掉了 回家前有吃幾個也有察覺到有臭掉的有的還有點黏稠感然後一回家馬上拉肚子後 9點打開全部檢查基本一般以上全不能吃 品質不良建議 夜市可能需要在嚴格控管攤位 東西放也未超過半天就變質也不太可能吧,https://www.google.com/maps/contrib/104671838385115212606/reviews?hl=zh-TW
武聖夜市,jutta lin,在地嚮導 · 135 則評論 · 802 張相片,8 個月前,4 顆星,鹽水雞超好吃，可以嘗試,https://www.google.com/maps/contrib/102046562806396574377/reviews?hl=zh-TW
武聖夜市,串串,在地嚮導 · 20 則評論 · 2 張相片,8 個月前,5 顆星,,https://www.google.com/maps/contrib/113664215774227835771/reviews?hl=zh-TW
武聖夜市,莊大衛,在地嚮導 · 17 則評論 · 8 張相片,8 個月前,5 顆星,好吃好玩不會太大不會逛的太累！,https://www.google.com/maps/contrib/113448164418307069621/reviews?hl=zh-TW
武聖夜市,Yu,15 則評論,8 個月前,4 顆星,謝謝管理員幫我們廣播車主，也謝謝那位可愛的小姐挪出時間移車，讓我們把車順利開出來,https://www.google.com/maps/contrib/102803517743307463295/reviews?hl=zh-TW
武聖夜市,菜銘,在地嚮導 · 3 則評論,8 個月前,4 顆星,,https://www.google.com/maps/contrib/114544156328587533055/reviews?hl=zh-TW
武聖夜市,田雅霆,在地嚮導 · 25 則評論 · 22 張相片,8 個月前,5 顆星,非常熱鬧,https://www.google.com/maps/contrib/103990193023850090229/reviews?hl=zh-TW
武聖夜市,李誌忠,,8 個月前,5 顆星,,https://www.google.com/maps/contrib/118172254679646103000/reviews?hl=zh-TW
武聖夜市,Shawn,在地嚮導 · 24 則評論 · 68 張相片,8 個月前,5 顆星,,https://www.google.com/maps/contrib/103043256878230739360/reviews?hl=zh-TW
武聖夜市,莫再提,在地嚮導 · 2 則評論,8 個月前,4 顆星,,https://www.google.com/maps/contrib/117686174145847894806/reviews?hl=zh-TW
武聖夜市,顏福財,在地嚮導 · 27 則評論 · 18 張相片,8 個月前,5 顆星,逛起來舒服,https://www.google.com/maps/contrib/110016024871822285157/reviews?hl=zh-TW
武聖夜市,陳春生,在地嚮導 · 1 則評論 · 1 張相片,8 個月前,4 顆星,,https://www.google.com/maps/contrib/117076438432838359070/reviews?hl=zh-TW
武聖夜市,黃郁文,11 則評論 · 4 張相片,8 個月前,4 顆星,,https://www.google.com/maps/contrib/117720001067784468365/reviews?hl=zh-TW
武聖夜市,Elaine,在地嚮導 · 17 則評論 · 5 張相片,8 個月前,5 顆星,好逛又好玩，很適合帶小朋友去,https://www.google.com/maps/contrib/105224995585341017021/reviews?hl=zh-TW
武聖夜市,Alex Fang,在地嚮導 · 9 則評論 · 350 張相片,8 個月前,5 顆星,,https://www.google.com/maps/contrib/111335492823853750202/reviews?hl=zh-TW
武聖夜市,王宇珊,在地嚮導 · 250 則評論 · 223 張相片,8 個月前,3 顆星,還好，而且攤位也變少，，吃的也不多,https://www.google.com/maps/contrib/117648879000025160650/reviews?hl=zh-TW
武聖夜市,Jolo Chang,在地嚮導 · 19 則評論 · 302 張相片,8 個月前,4 顆星,,https://www.google.com/maps/contrib/101030613917388745315/reviews?hl=zh-TW
武聖夜市,李宇唐,,8 個月前,5 顆星,,https://www.google.com/maps/contrib/110761148870388821202/reviews?hl=zh-TW
武聖夜市,梁宸誌,2 則評論,8 個月前,4 顆星,,https://www.google.com/maps/contrib/117179000011339022276/reviews?hl=zh-TW
武聖夜市,邱宥涵,5 則評論,8 個月前,5 顆星,超級棒的啊 台南必逛,https://www.google.com/maps/contrib/111644336403996494654/reviews?hl=zh-TW
武聖夜市,Elvis Ch,15 則評論 · 2 張相片,8 個月前,4 顆星,本身覺得夜市的停車位很多 但是有點小亂 夜市的人潮算多應該還是蠻有特色跟好吃的小吃 這次去有玩了小鋼珠 買了倒數第二條路的烤魷魚很好吃然後還有買了自己來紅茶，蠻有特色的 第一次體驗到這種飲料店 買什麼飲料都要自己裝自己來 蠻有趣的,https://www.google.com/maps/contrib/102628903757829451421/reviews?hl=zh-TW
武聖夜市,jeff chao,1 則評論 · 1 張相片,8 個月前,4 顆星,,https://www.google.com/maps/contrib/113819071443960681708/reviews?hl=zh-TW
武聖夜市,木易楊の美食景點,在地嚮導 · 147 則評論 · 612 張相片,8 個月前,5 顆星,👍 …,https://www.google.com/maps/contrib/106125996784055418631/reviews?hl=zh-TW
武聖夜市,Ryan LIN,在地嚮導 · 29 則評論 · 40 張相片,8 個月前,4 顆星,,https://www.google.com/maps/contrib/113496816916831907339/reviews?hl=zh-TW
武聖夜市,小政政,在地嚮導 · 38 則評論 · 96 張相片,8 個月前,4 顆星,,https://www.google.com/maps/contrib/100353221084895157272/reviews?hl=zh-TW
武聖夜市,雀兒,6 則評論,8 個月前,5 顆星,東西都好好吃，除了停車位，其他真的都很棒！不愧是臺灣的老夜市！,https://www.google.com/maps/contrib/118326901554227153511/reviews?hl=zh-TW
武聖夜市,蔣桑妮,在地嚮導 · 31 則評論 · 13 張相片,8 個月前,5 顆星,,https://www.google.com/maps/contrib/107583005347703203964/reviews?hl=zh-TW
武聖夜市,Xuan Kun (莫再提),在地嚮導 · 8 則評論 · 367 張相片,8 個月前,4 顆星,,https://www.google.com/maps/contrib/100286615178163802979/reviews?hl=zh-TW
武聖夜市,Jeff Huang,在地嚮導 · 186 則評論 · 47 張相片,8 個月前,5 顆星,,https://www.google.com/maps/contrib/110602440337009040180/reviews?hl=zh-TW
武聖夜市,周家麟,在地嚮導 · 38 則評論 · 34 張相片,8 個月前,5 顆星,烤魚超級讚,https://www.google.com/maps/contrib/114448604908011269917/reviews?hl=zh-TW
武聖夜市,郭小燁（小燁）,在地嚮導 · 108 則評論 · 251 張相片,8 個月前,5 顆星,"武聖夜市
汽車.機車停車場，很方便
美食小吃很多說不完 …",https://www.google.com/maps/contrib/107718803282436011161/reviews?hl=zh-TW
武聖夜市,陳建男,在地嚮導 · 9 則評論 · 71 張相片,8 個月前,4 顆星,,https://www.google.com/maps/contrib/101403933927189161371/reviews?hl=zh-TW
武聖夜市,曾瓊儀,在地嚮導 · 45 則評論 · 157 張相片,8 個月前,5 顆星,美食種類超多，絕對有你愛吃的,https://www.google.com/maps/contrib/116553055669446139137/reviews?hl=zh-TW
武聖夜市,王馨翎,在地嚮導 · 36 則評論 · 68 張相片,8 個月前,5 顆星,,https://www.google.com/maps/contrib/106785055819240983496/reviews?hl=zh-TW
武聖夜市,Ting,在地嚮導 · 95 則評論 · 6 張相片,8 個月前,4 顆星,碰到了下雨天，但還算不錯。,https://www.google.com/maps/contrib/111351781592038877049/reviews?hl=zh-TW
武聖夜市,Hip Lu,在地嚮導 · 41 則評論 · 73 張相片,8 個月前,5 顆星,台南武聖夜市是一個充滿活力和魅力的地方，無論是當地居民還是遊客都會被它吸引。這裡擁有超過250個攤位，提供各種美食、遊戲和購物選擇。夜市的氛圍非常熱鬧，尤其是在週三、週五和週六的晚上，攤販們從傍晚開始營業，一直到深夜，讓人流連忘返 …,https://www.google.com/maps/contrib/110359005724182995618/reviews?hl=zh-TW
武聖夜市,John Saint,在地嚮導 · 164 則評論 · 23 張相片,8 個月前,5 顆星,選擇很多,https://www.google.com/maps/contrib/100599438788917927780/reviews?hl=zh-TW
武聖夜市,Yongda Zhang,在地嚮導 · 21 則評論,8 個月前,5 顆星,來台南必逛👍 …,https://www.google.com/maps/contrib/115332708295256625757/reviews?hl=zh-TW
武聖夜市,Ariel Bondoc,1 則評論 · 1 張相片,8 個月前,4 顆星,,https://www.google.com/maps/contrib/115713271972139636378/reviews?hl=zh-TW
武聖夜市,張佳瑋,在地嚮導 · 13 則評論 · 3 張相片,8 個月前,4 顆星,,https://www.google.com/maps/contrib/101530349388808773962/reviews?hl=zh-TW
武聖夜市,Joey He,在地嚮導 · 7 則評論 · 12 張相片,8 個月前,5 顆星,,https://www.google.com/maps/contrib/118434558774922058049/reviews?hl=zh-TW
武聖夜市,胡睿恆,10 則評論 · 8 張相片,8 個月前,5 顆星,武聖夜市很熱鬧 有吃有玩 但要小心投籃那攤的阿姨 他剛從巴黎回來 投籃丟出去就喊：「來一顆球 來兩顆球……」不要跟他單挑 會徹底輸光💔💔💔 …,https://www.google.com/maps/contrib/102219856815147907416/reviews?hl=zh-TW
武聖夜市,劉奕廷,18 則評論 · 1 張相片,8 個月前,5 顆星,,https://www.google.com/maps/contrib/104410524421498965493/reviews?hl=zh-TW
武聖夜市,Mimi Chen,在地嚮導 · 8 則評論 · 20 張相片,8 個月前,5 顆星,,https://www.google.com/maps/contrib/107454715166504530338/reviews?hl=zh-TW
武聖夜市,Oscar夏宇傑,10 則評論 · 1 張相片,8 個月前,4 顆星,東西很多也很好吃 唯一的就是交通跟人流路線太混亂了 人車爭道 人流動線也非常的擁擠,https://www.google.com/maps/contrib/103740925953257356759/reviews?hl=zh-TW
武聖夜市,安吉恩 Emanuele Angiola,在地嚮導 · 10 則評論 · 3 張相片,8 個月前,5 顆星,,https://www.google.com/maps/contrib/100580159167003226476/reviews?hl=zh-TW
武聖夜市,林栩任,在地嚮導 · 50 則評論 · 45 張相片,8 個月前,5 顆星,,https://www.google.com/maps/contrib/109093439515843079994/reviews?hl=zh-TW
武聖夜市,李易輝,在地嚮導 · 36 則評論 · 23 張相片,8 個月前,5 顆星,好逛好玩,https://www.google.com/maps/contrib/104158822563824744882/reviews?hl=zh-TW
武聖夜市,Tim Che,在地嚮導 · 36 則評論 · 197 張相片,8 個月前,5 顆星,,https://www.google.com/maps/contrib/109010219539467177774/reviews?hl=zh-TW
武聖夜市,蔡金煒,,8 個月前,4 顆星,,https://www.google.com/maps/contrib/113875872029963507986/reviews?hl=zh-TW
武聖夜市,富麟鄒,在地嚮導 · 23 則評論 · 1 張相片,8 個月前,5 顆星,,https://www.google.com/maps/contrib/103090846866679649125/reviews?hl=zh-TW
武聖夜市,諺,在地嚮導 · 20 則評論 · 7 張相片,8 個月前,4 顆星,,https://www.google.com/maps/contrib/110705710757374149624/reviews?hl=zh-TW
武聖夜市,風雲仁武,在地嚮導 · 64 則評論 · 6 張相片,8 個月前,5 顆星,攤位真的很多，品項豐富,https://www.google.com/maps/contrib/110984344200491151883/reviews?hl=zh-TW
武聖夜市,Bob Su,在地嚮導 · 53 則評論 · 8 張相片,8 個月前,5 顆星,好逛，在地夜市，價格實在,https://www.google.com/maps/contrib/115269160450622507434/reviews?hl=zh-TW
武聖夜市,薛憶菁,在地嚮導 · 8 則評論,8 個月前,5 顆星,,https://www.google.com/maps/contrib/112818313696998243678/reviews?hl=zh-TW
武聖夜市,黃立穎,4 則評論,8 個月前,5 顆星,,https://www.google.com/maps/contrib/100040997543008028729/reviews?hl=zh-TW
武聖夜市,TONY HO,在地嚮導 · 78 則評論 · 166 張相片,8 個月前,5 顆星,雖然佔地不大，但是停車真的很方便，夜市本身就有大片停車場，附近也有共有的，逛了一圈好多都感覺很好吃，排隊很長的沙威瑪、拔絲地瓜跟拔絲薯條搭配真的很讚,https://www.google.com/maps/contrib/116215849773667569295/reviews?hl=zh-TW
武聖夜市,Clara Ho,13 則評論 · 3 張相片,8 個月前,5 顆星,,https://www.google.com/maps/contrib/117340194721065124606/reviews?hl=zh-TW
武聖夜市,nick chiu,在地嚮導 · 54 則評論 · 19 張相片,8 個月前,5 顆星,超大免費停車場！烤魚、蚵仔煎、米腸香腸都好吃、特別是米血糕攤、非常Q醬料很搭很好吃👍🏻 …,https://www.google.com/maps/contrib/112510309338475722342/reviews?hl=zh-TW
武聖夜市,黃俊源,1 則評論 · 4 張相片,8 個月前,5 顆星,,https://www.google.com/maps/contrib/116420429792755072244/reviews?hl=zh-TW
武聖夜市,吳淮喆,9 則評論 · 2 張相片,8 個月前,5 顆星,,https://www.google.com/maps/contrib/110952100765730127372/reviews?hl=zh-TW
武聖夜市,Jihhui Chen (阿輝),在地嚮導 · 112 則評論 · 706 張相片,8 個月前,4 顆星,,https://www.google.com/maps/contrib/105718466564049325625/reviews?hl=zh-TW
武聖夜市,謝延明,在地嚮導 · 12 則評論 · 2 張相片,8 個月前,5 顆星,,https://www.google.com/maps/contrib/104104273688239856455/reviews?hl=zh-TW
武聖夜市,鄭竹祐,8 則評論,8 個月前,5 顆星,,https://www.google.com/maps/contrib/116453299763100844674/reviews?hl=zh-TW
武聖夜市,袁國勝,,8 個月前,5 顆星,,https://www.google.com/maps/contrib/114633162101007767085/reviews?hl=zh-TW
武聖夜市,頂級健康公主,"在地嚮導 · 248 則評論 · 2,272 張相片",8 個月前,5 顆星,讚、好逛，動線很好，東西不會太貴，,https://www.google.com/maps/contrib/108865921996148360548/reviews?hl=zh-TW
武聖夜市,戴建鄉,在地嚮導 · 5 則評論 · 27 張相片,8 個月前,5 顆星,,https://www.google.com/maps/contrib/114488300782886807711/reviews?hl=zh-TW
武聖夜市,許耀仁,在地嚮導 · 4 則評論,8 個月前,4 顆星,,https://www.google.com/maps/contrib/113249999323746917111/reviews?hl=zh-TW
武聖夜市,比屋根崇史,722 則評論 · 301 張相片,8 個月前,3 顆星,感覺就像日本煙火節的攤位。坐公車不太方便，所以我認為沒有太大必要去那裡。,https://www.google.com/maps/contrib/112312019980477494619/reviews?hl=zh-TW
武聖夜市,Icky V,在地嚮導 · 52 則評論 · 18 張相片,8 個月前,5 顆星,,https://www.google.com/maps/contrib/113662592978162407097/reviews?hl=zh-TW
武聖夜市,林書偉,在地嚮導 · 52 則評論 · 7 張相片,8 個月前,5 顆星,台南最頂夜市,https://www.google.com/maps/contrib/112794988861154699067/reviews?hl=zh-TW
武聖夜市,林國爭,,8 個月前,5 顆星,,https://www.google.com/maps/contrib/118334273064514826720/reviews?hl=zh-TW
武聖夜市,徐有均,在地嚮導 · 26 則評論 · 18 張相片,8 個月前,5 顆星,,https://www.google.com/maps/contrib/113557980442152054384/reviews?hl=zh-TW
武聖夜市,范小黑,在地嚮導 · 22 則評論 · 22 張相片,8 個月前,4 顆星,,https://www.google.com/maps/contrib/113921249493294408091/reviews?hl=zh-TW
武聖夜市,潘信秀,在地嚮導 · 53 則評論 · 14 張相片,8 個月前,5 顆星,,https://www.google.com/maps/contrib/104896807622012857817/reviews?hl=zh-TW
武聖夜市,Kk C,在地嚮導 · 260 則評論 · 58 張相片,8 個月前,4 顆星,價格有點高，廁所很髒，其他都還可以,https://www.google.com/maps/contrib/106247147786585256184/reviews?hl=zh-TW
武聖夜市,黃雲勇,在地嚮導 · 9 則評論 · 76 張相片,8 個月前,5 顆星,好吃,https://www.google.com/maps/contrib/109150836352959323505/reviews?hl=zh-TW
武聖夜市,許奇順,在地嚮導 · 10 則評論 · 47 張相片,8 個月前,5 顆星,,https://www.google.com/maps/contrib/108168085424582520845/reviews?hl=zh-TW
武聖夜市,林小綠,42 則評論 · 5 張相片,8 個月前,2 顆星,逛過花園、大東，還沒逛過武聖，隨便吃了、買了都蠻踩雷的，有點小失望，只有脆皮五花肉還可以，應該不會再去了也不推薦～,https://www.google.com/maps/contrib/115287573543944643872/reviews?hl=zh-TW
武聖夜市,林稚傑（阿三）,在地嚮導 · 242 則評論 · 639 張相片,8 個月前,5 顆星,台南三大夜市之一 很好逛,https://www.google.com/maps/contrib/101441473776687313541/reviews?hl=zh-TW
武聖夜市,曾奕軒（飛天螺旋肉桂捲）,在地嚮導 · 42 則評論 · 5 張相片,8 個月前,5 顆星,,https://www.google.com/maps/contrib/117264011081340091997/reviews?hl=zh-TW
武聖夜市,徐丞邑,7 則評論 · 16 張相片,8 個月前,5 顆星,,https://www.google.com/maps/contrib/111500001759326776503/reviews?hl=zh-TW
武聖夜市,西西里黃后,"在地嚮導 · 1,199 則評論 · 10,498 張相片",8 個月前,3 顆星,台南歷史最為悠久的一個老夜市了，有賣民生日用品、衣物牛仔褲等攤商，其中也夾雜著一些賣吃的店家，也有小朋友玩的設施,https://www.google.com/maps/contrib/102858401474617049866/reviews?hl=zh-TW
武聖夜市,Hugo Yeung,在地嚮導 · 19 則評論 · 1 張相片,8 個月前,5 顆星,跟google map走很方便，很多小食店和垃圾桶，價格實惠,https://www.google.com/maps/contrib/114236698308828764092/reviews?hl=zh-TW
武聖夜市,黃冠忠,在地嚮導 · 32 則評論 · 8 張相片,8 個月前,4 顆星,垃圾桶很足夠,https://www.google.com/maps/contrib/108556663479460625115/reviews?hl=zh-TW
武聖夜市,박영국_잉글러뷰 (잉글러뷰),在地嚮導 · 267 則評論 · 954 張相片,8 個月前,4 顆星,,https://www.google.com/maps/contrib/106270161471555804751/reviews?hl=zh-TW
武聖夜市,謝以鈺,在地嚮導 · 22 則評論 · 125 張相片,8 個月前,3 顆星,,https://www.google.com/maps/contrib/115457686071394797614/reviews?hl=zh-TW
武聖夜市,Su nny,在地嚮導 · 57 則評論 · 21 張相片,8 個月前,5 顆星,比另一個台南知名夜市好逛多了！動線寬也整齊，攤販重複的不多，推著嬰兒推車也不覺得擁擠，另一個夜市不用推推車，光人進去走就非常擠了,https://www.google.com/maps/contrib/106416675920300305219/reviews?hl=zh-TW
武聖夜市,陳宥溱（Ariel Chen）,10 則評論,8 個月前,4 顆星,,https://www.google.com/maps/contrib/108644214081962026392/reviews?hl=zh-TW
武聖夜市,Mark Li,在地嚮導 · 115 則評論 · 10 張相片,8 個月前,3 顆星,普通,https://www.google.com/maps/contrib/110865973415482217751/reviews?hl=zh-TW
武聖夜市,周佳正,在地嚮導 · 5 則評論 · 32 張相片,8 個月前,5 顆星,,https://www.google.com/maps/contrib/102938501073869280159/reviews?hl=zh-TW
武聖夜市,吳恩翔,在地嚮導 · 7 則評論 · 2 張相片,8 個月前,4 顆星,,https://www.google.com/maps/contrib/107560922153905578513/reviews?hl=zh-TW
武聖夜市,墨羽c,10 則評論,8 個月前,5 顆星,,https://www.google.com/maps/contrib/118355507415850514486/reviews?hl=zh-TW
武聖夜市,陳怡萍,在地嚮導 · 18 則評論 · 53 張相片,8 個月前,5 顆星,第一次在夜市看到海盜船、旋轉木馬…大型遊樂設施，4項都玩200划算。小吃蠻多在北部少見，很不錯,https://www.google.com/maps/contrib/107039047928220668287/reviews?hl=zh-TW
武聖夜市,Will Huang,在地嚮導 · 82 則評論 · 507 張相片,8 個月前,5 顆星,有的停車位 走道規劃又寬敞 舒服,https://www.google.com/maps/contrib/117487315152101829791/reviews?hl=zh-TW
武聖夜市,張孝邦,在地嚮導 · 220 則評論 · 556 張相片,8 個月前,5 顆星,,https://www.google.com/maps/contrib/114580626825035043622/reviews?hl=zh-TW
武聖夜市,jojonicole Kao,在地嚮導 · 8 則評論 · 1 張相片,8 個月前,5 顆星,,https://www.google.com/maps/contrib/118172486605516395367/reviews?hl=zh-TW
武聖夜市,168 DINGJIN,在地嚮導 · 133 則評論,8 個月前,5 顆星,有的吃又可以逛，停車不好停是唯一缺點。,https://www.google.com/maps/contrib/109737071039717627208/reviews?hl=zh-TW
武聖夜市,黃奕綺,6 則評論 · 2 張相片,8 個月前,5 顆星,,https://www.google.com/maps/contrib/103051996034845803904/reviews?hl=zh-TW
武聖夜市,Jc Chen,在地嚮導 · 14 則評論 · 14 張相片,8 個月前,5 顆星,本地人夜市,https://www.google.com/maps/contrib/110411487735425713536/reviews?hl=zh-TW
武聖夜市,Tom,在地嚮導 · 467 則評論 · 960 張相片,8 個月前,5 顆星,很好逛！有自己的停車場。,https://www.google.com/maps/contrib/117754492918717701030/reviews?hl=zh-TW
武聖夜市,林孟慧,在地嚮導 · 536 則評論 · 326 張相片,8 個月前,4 顆星,當地美食,https://www.google.com/maps/contrib/107226443351087754750/reviews?hl=zh-TW
武聖夜市,415-045高健紘,6 則評論,8 個月前,4 顆星,,https://www.google.com/maps/contrib/112532265115594399784/reviews?hl=zh-TW
武聖夜市,melon water,在地嚮導 · 41 則評論 · 7 張相片,8 個月前,5 顆星,拔絲地瓜跟沙威瑪超扯的！！！,https://www.google.com/maps/contrib/114887249530763066473/reviews?hl=zh-TW
武聖夜市,劉俊成,在地嚮導 · 6 則評論 · 12 張相片,8 個月前,5 顆星,天氣太熱，停車位難找,https://www.google.com/maps/contrib/104321671688623719150/reviews?hl=zh-TW
武聖夜市,Wei-Ting Hong,在地嚮導 · 145 則評論 · 50 張相片,8 個月前,5 顆星,身為台南在地人會想逛的夜市,https://www.google.com/maps/contrib/109603096108795805265/reviews?hl=zh-TW
武聖夜市,武玉鸞,2 張相片,8 個月前,5 顆星,,https://www.google.com/maps/contrib/113540916922521512494/reviews?hl=zh-TW
武聖夜市,姚宇恩,10 則評論,8 個月前,5 顆星,攤商友善且且價格實惠,https://www.google.com/maps/contrib/104405109802989732036/reviews?hl=zh-TW
武聖夜市,WR,"在地嚮導 · 665 則評論 · 3,392 張相片",8 個月前,2 顆星,颱風天過後去感覺小小的，從市區去停車場的路線不太順一團亂的感覺。那邊的油吉條分店輸斗六的。,https://www.google.com/maps/contrib/113875193433064064301/reviews?hl=zh-TW
武聖夜市,王小明,在地嚮導 · 196 則評論 · 15 張相片,8 個月前,3 顆星,沒有想像中好逛，準備再去大東和花園比較看看,https://www.google.com/maps/contrib/114506713261373861480/reviews?hl=zh-TW
武聖夜市,李景謙,16 則評論 · 3 張相片,8 個月前,5 顆星,,https://www.google.com/maps/contrib/103176307836269609194/reviews?hl=zh-TW
武聖夜市,謝小秉（Joshua）,7 則評論 · 24 張相片,8 個月前,5 顆星,"請問有人撿到BMW這鑰匙遙控嗎？

心痛哭泣中～～～",https://www.google.com/maps/contrib/118203714807967210396/reviews?hl=zh-TW
武聖夜市,邱俋艇,10 則評論 · 3 張相片,8 個月前,5 顆星,,https://www.google.com/maps/contrib/103818731296841117984/reviews?hl=zh-TW
武聖夜市,Tim Tsai,在地嚮導 · 30 則評論 · 6 張相片,8 個月前,4 顆星,,https://www.google.com/maps/contrib/102101240531708875968/reviews?hl=zh-TW
武聖夜市,瑞峰張,在地嚮導 · 70 則評論 · 22 張相片,8 個月前,5 顆星,,https://www.google.com/maps/contrib/113960704175293404639/reviews?hl=zh-TW
武聖夜市,吳宇浩,在地嚮導 · 25 則評論,8 個月前,5 顆星,晚餐吃太飽，希望有機會二訪,https://www.google.com/maps/contrib/114431536796905082930/reviews?hl=zh-TW
武聖夜市,沈晨彥,4 則評論,8 個月前,3 顆星,很擁擠,https://www.google.com/maps/contrib/102279936540998399130/reviews?hl=zh-TW
武聖夜市,胡慶發,在地嚮導 · 23 則評論 · 58 張相片,8 個月前,5 顆星,,https://www.google.com/maps/contrib/107934838372650037378/reviews?hl=zh-TW
武聖夜市,恐龍,4 則評論,8 個月前,5 顆星,,https://www.google.com/maps/contrib/103039508449662951969/reviews?hl=zh-TW
武聖夜市,Yuhua Lee,在地嚮導 · 19 則評論 · 19 張相片,8 個月前,5 顆星,拔絲地瓜超好吃 且有免費停車場超讚,https://www.google.com/maps/contrib/107214548173862264718/reviews?hl=zh-TW
武聖夜市,謝榮裕,在地嚮導 · 13 則評論 · 12 張相片,8 個月前,1 顆星,"連一星都不想給
停車管理員 態度極差 有夠爛
不會再去 看你們跩給誰看
報應 下大雨了",https://www.google.com/maps/contrib/110430718819333700222/reviews?hl=zh-TW
武聖夜市,琳恩,在地嚮導 · 167 則評論 · 4 張相片,8 個月前,1 顆星,很雷的夜市,https://www.google.com/maps/contrib/106018257921614662018/reviews?hl=zh-TW
武聖夜市,Yi-Cheng,145 則評論,8 個月前,4 顆星,,https://www.google.com/maps/contrib/112650064363706040094/reviews?hl=zh-TW
武聖夜市,吳明輝,在地嚮導 · 49 則評論 · 65 張相片,8 個月前,5 顆星,好逛好玩,https://www.google.com/maps/contrib/111875911574753514236/reviews?hl=zh-TW
武聖夜市,キセン,在地嚮導 · 24 則評論,8 個月前,5 顆星,免費停汽機車、動線規劃佳、美食多、重複性少，適合情侶、親子逛街的好地方,https://www.google.com/maps/contrib/113713133305222758387/reviews?hl=zh-TW
武聖夜市,BU,在地嚮導 · 94 則評論 · 11 張相片,8 個月前,5 顆星,"機車停車位沒有詳細格子，有點難停
設有垃圾桶在頭尾
大部分攤販沒有遮陽傘，如果下雨是幾乎沒有地方躲雨的，記得帶個人用傘",https://www.google.com/maps/contrib/103919585400573309914/reviews?hl=zh-TW
武聖夜市,火星貓（Yu-heng劉宇恆）,19 則評論,9 個月前,4 顆星,蚵很便宜  但是更貴的比起來品質還是有差  然後大腸包小腸沒開欸🥲🥲🥲 …,https://www.google.com/maps/contrib/106623209187636060707/reviews?hl=zh-TW
武聖夜市,劉宏發,13 則評論 · 8 張相片,9 個月前,5 顆星,"環境乾淨整齊
東西好吃
可惜顧著吃忘記拍照了",https://www.google.com/maps/contrib/114917321150903813821/reviews?hl=zh-TW
武聖夜市,商阿文,在地嚮導 · 21 則評論 · 9 張相片,9 個月前,4 顆星,台南真的口味偏甜 不然其餘食材都很好吃,https://www.google.com/maps/contrib/102751516194646388720/reviews?hl=zh-TW
武聖夜市,圓,在地嚮導 · 30 則評論 · 9 張相片,9 個月前,4 顆星,,https://www.google.com/maps/contrib/102515601254772630187/reviews?hl=zh-TW
武聖夜市,郭惠玲,在地嚮導 · 16 則評論 · 4 張相片,9 個月前,4 顆星,,https://www.google.com/maps/contrib/109138958941882764400/reviews?hl=zh-TW
武聖夜市,賴俊宏,在地嚮導 · 29 則評論 · 12 張相片,9 個月前,3 顆星,在地的夜市，不大，有去過就好,https://www.google.com/maps/contrib/112613214634979995542/reviews?hl=zh-TW
武聖夜市,吳沁玲,在地嚮導 · 69 則評論 · 115 張相片,9 個月前,5 顆星,"可能颱風過後出攤的不多！！！
但是一樣好吃好玩很好逛！！！",https://www.google.com/maps/contrib/110094739479868751803/reviews?hl=zh-TW
武聖夜市,hishi syo,在地嚮導 · 23 則評論 · 45 張相片,9 個月前,5 顆星,,https://www.google.com/maps/contrib/103749071739311423532/reviews?hl=zh-TW
武聖夜市,楊淳傅,在地嚮導 · 15 則評論 · 2 張相片,9 個月前,4 顆星,,https://www.google.com/maps/contrib/104728339866189133139/reviews?hl=zh-TW
武聖夜市,宸宸,在地嚮導 · 27 則評論 · 1 張相片,9 個月前,5 顆星,中間那攤烤魚很大隻也很很鮮，每次去都會去吃,https://www.google.com/maps/contrib/105170004690170543420/reviews?hl=zh-TW
武聖夜市,元,5 則評論 · 1 張相片,9 個月前,5 顆星,,https://www.google.com/maps/contrib/105077326409431510261/reviews?hl=zh-TW
武聖夜市,Allen Huang,在地嚮導 · 132 則評論 · 215 張相片,9 個月前,4 顆星,停車不太方便，但小吃不少也美味,https://www.google.com/maps/contrib/103915692264122956107/reviews?hl=zh-TW
武聖夜市,林中賢,在地嚮導 · 10 則評論,9 個月前,5 顆星,,https://www.google.com/maps/contrib/106062894284254108142/reviews?hl=zh-TW
武聖夜市,邱小鈞,在地嚮導 · 11 則評論 · 12 張相片,9 個月前,5 顆星,,https://www.google.com/maps/contrib/113058511165453700938/reviews?hl=zh-TW
武聖夜市,欸比,在地嚮導 · 32 則評論 · 52 張相片,9 個月前,5 顆星,,https://www.google.com/maps/contrib/101405118999969185126/reviews?hl=zh-TW
武聖夜市,Jack CHANG,在地嚮導 · 3 則評論 · 185 張相片,9 個月前,4 顆星,,https://www.google.com/maps/contrib/116122683070016649248/reviews?hl=zh-TW
武聖夜市,范月珠,1 則評論,9 個月前,5 顆星,,https://www.google.com/maps/contrib/101034836119235284222/reviews?hl=zh-TW
武聖夜市,王俞皓,1 則評論,9 個月前,4 顆星,,https://www.google.com/maps/contrib/100146160683907856177/reviews?hl=zh-TW
武聖夜市,10江承運,在地嚮導 · 93 則評論 · 32 張相片,9 個月前,5 顆星,好逛，而且重覆的很少,https://www.google.com/maps/contrib/101657715121637386359/reviews?hl=zh-TW
武聖夜市,Sun Raymond,在地嚮導 · 60 則評論 · 143 張相片,9 個月前,3 顆星,,https://www.google.com/maps/contrib/114530484286056840004/reviews?hl=zh-TW
武聖夜市,清里長,在地嚮導 · 29 則評論 · 2 張相片,9 個月前,4 顆星,人潮多，不算大，但小而美樣樣有,https://www.google.com/maps/contrib/108181605351852077437/reviews?hl=zh-TW
武聖夜市,周撰,在地嚮導 · 29 則評論 · 1 張相片,9 個月前,3 顆星,"沒有什麼特別的食物 跟別的夜市差不多
有經過再來就好！",https://www.google.com/maps/contrib/101194044348961993974/reviews?hl=zh-TW
武聖夜市,王莉婷,在地嚮導 · 32 則評論 · 4 張相片,9 個月前,3 顆星,買什麼都難吃,https://www.google.com/maps/contrib/107472215164247385972/reviews?hl=zh-TW
武聖夜市,陳時雨,4 則評論 · 3 張相片,9 個月前,5 顆星,,https://www.google.com/maps/contrib/109639332479482464505/reviews?hl=zh-TW
武聖夜市,A Lin,,9 個月前,5 顆星,,https://www.google.com/maps/contrib/114775609871842152080/reviews?hl=zh-TW
武聖夜市,張智登,6 則評論 · 4 張相片,9 個月前,3 顆星,,https://www.google.com/maps/contrib/114467803449668003853/reviews?hl=zh-TW
武聖夜市,目標是無糖的全糖少女,11 則評論 · 1 張相片,9 個月前,4 顆星,感覺攤位比花園夜市少，整體環境還算不錯,https://www.google.com/maps/contrib/100540344883490120846/reviews?hl=zh-TW
武聖夜市,Lai Tina,在地嚮導 · 21 則評論 · 4 張相片,9 個月前,3 顆星,,https://www.google.com/maps/contrib/114252862826995261229/reviews?hl=zh-TW
武聖夜市,陳怡,14 則評論 · 4 張相片,9 個月前,5 顆星,好大，好逛，又有停車場🅿️，讚👍 …,https://www.google.com/maps/contrib/115731096960451516609/reviews?hl=zh-TW
武聖夜市,黃佑銘,在地嚮導 · 6 則評論,9 個月前,4 顆星,,https://www.google.com/maps/contrib/101572152722355449138/reviews?hl=zh-TW
武聖夜市,Tsz Lok Lam,13 則評論 · 5 張相片,9 個月前,5 顆星,,https://www.google.com/maps/contrib/104718139749943117084/reviews?hl=zh-TW
武聖夜市,Joan,在地嚮導 · 446 則評論 · 101 張相片,9 個月前,4 顆星,,https://www.google.com/maps/contrib/114597560243149823772/reviews?hl=zh-TW
武聖夜市,小川川,在地嚮導 · 10 則評論 · 364 張相片,9 個月前,3 顆星,,https://www.google.com/maps/contrib/107561713485747795516/reviews?hl=zh-TW
武聖夜市,Sullivan C,在地嚮導 · 128 則評論,9 個月前,4 顆星,就夜市，只是武聖夜市超多攤在賣滷味，可以試試看,https://www.google.com/maps/contrib/102948818352500250241/reviews?hl=zh-TW
武聖夜市,Pag Wong,16 則評論 · 95 張相片,9 個月前,5 顆星,地方很寬闊，攤檔排位合理。,https://www.google.com/maps/contrib/114697013698807404765/reviews?hl=zh-TW
武聖夜市,黃重義,1 則評論,9 個月前,5 顆星,,https://www.google.com/maps/contrib/116198694691673502334/reviews?hl=zh-TW
武聖夜市,曾帥帥,在地嚮導 · 90 則評論 · 12 張相片,9 個月前,5 顆星,熱鬧,https://www.google.com/maps/contrib/105598580561381484799/reviews?hl=zh-TW
武聖夜市,YuShu,在地嚮導 · 60 則評論 · 521 張相片,9 個月前,5 顆星,,https://www.google.com/maps/contrib/102002041399605422701/reviews?hl=zh-TW
武聖夜市,YesyesAyane,在地嚮導 · 433 則評論 · 231 張相片,9 個月前,5 顆星,好逛好停車東西也好吃👍 …,https://www.google.com/maps/contrib/103597625639696742382/reviews?hl=zh-TW
武聖夜市,俞興,在地嚮導 · 13 則評論 · 3 張相片,9 個月前,5 顆星,,https://www.google.com/maps/contrib/115387075047649872940/reviews?hl=zh-TW
武聖夜市,Léonne Z,在地嚮導 · 105 則評論 · 83 張相片,9 個月前,5 顆星,,https://www.google.com/maps/contrib/104957143488177170500/reviews?hl=zh-TW
武聖夜市,Yo Tang Tseng,在地嚮導 · 28 則評論 · 40 張相片,9 個月前,5 顆星,,https://www.google.com/maps/contrib/106721942901698758502/reviews?hl=zh-TW
武聖夜市,素瑱施,3 則評論,9 個月前,5 顆星,,https://www.google.com/maps/contrib/101040979958845164920/reviews?hl=zh-TW
武聖夜市,Shengjer Huang,在地嚮導 · 59 則評論 · 61 張相片,9 個月前,5 顆星,,https://www.google.com/maps/contrib/117901031960955052796/reviews?hl=zh-TW
武聖夜市,鄭聖霖,1 則評論,9 個月前,5 顆星,,https://www.google.com/maps/contrib/102977509527224024340/reviews?hl=zh-TW
武聖夜市,Lisa Han,"在地嚮導 · 534 則評論 · 1,142 張相片",9 個月前,5 顆星,"天熱人擠但蠻好逛的 有免費停車場
很多商家售價沒標示",https://www.google.com/maps/contrib/111662332103064198407/reviews?hl=zh-TW
武聖夜市,林小婷,在地嚮導 · 16 則評論 · 5 張相片,9 個月前,5 顆星,,https://www.google.com/maps/contrib/108909567878605791650/reviews?hl=zh-TW
武聖夜市,鄭志鵬,在地嚮導 · 49 則評論 · 22 張相片,9 個月前,4 顆星,夜市熱鬧攤販親切除了幾家讓人覺得不舒服一切都很好烤魚店家更是讓人覺得不舒服生意好把顧客當傻瓜一復要吃不吃隨你不差你一個顧客的感覺,https://www.google.com/maps/contrib/102273163401374872441/reviews?hl=zh-TW
武聖夜市,飛飛翔,14 則評論,9 個月前,4 顆星,,https://www.google.com/maps/contrib/113870131781814331665/reviews?hl=zh-TW
武聖夜市,陳文愷,在地嚮導 · 27 則評論 · 4 張相片,9 個月前,5 顆星,還不錯 足夠停車位,https://www.google.com/maps/contrib/112799690306437700362/reviews?hl=zh-TW
武聖夜市,林宗賢,5 則評論,9 個月前,5 顆星,吃的很多,https://www.google.com/maps/contrib/112270719054777573547/reviews?hl=zh-TW
武聖夜市,黃冠逸,在地嚮導 · 57 則評論 · 135 張相片,9 個月前,5 顆星,,https://www.google.com/maps/contrib/101911841478300445849/reviews?hl=zh-TW
武聖夜市,Sun Lu,在地嚮導 · 25 則評論 · 5 張相片,9 個月前,5 顆星,,https://www.google.com/maps/contrib/117549582930632955333/reviews?hl=zh-TW
武聖夜市,Landy,"在地嚮導 · 494 則評論 · 1,845 張相片",9 個月前,5 顆星,回憶,https://www.google.com/maps/contrib/117409980410898229078/reviews?hl=zh-TW
武聖夜市,troubl Tsai,"739 則評論 · 15,126 張相片",9 個月前,5 顆星,在地人的老夜市，雖然攤位不是最多，但有好幾攤老攤，好吃又實惠！現在每週又新增了一天營業日！,https://www.google.com/maps/contrib/115211477491525100381/reviews?hl=zh-TW
武聖夜市,Wei Liang (阿亮),在地嚮導 · 26 則評論 · 6 張相片,9 個月前,4 顆星,美食多樣化，遊樂數量普通。,https://www.google.com/maps/contrib/110199216252348719301/reviews?hl=zh-TW
武聖夜市,魏信,在地嚮導 · 61 則評論 · 26 張相片,9 個月前,5 顆星,武聖夜市是一個令人流連忘返的美食天堂，無論是當地居民還是遊客，都能在這裡找到無數美味的街頭小吃。夜市內攤位林立，各種特色小吃應有盡有，從香噴噴的鹽酥雞、酥脆的蚵仔煎，到口感濃郁的牛肉麵和甜蜜的珍珠奶茶，每一口都是味蕾的享受。此外，夜市還有多樣的遊戲攤位和購物選擇，讓人可以一邊品嚐美食，一邊享受購物和娛樂的樂趣。攤販們熱情友善，氛圍熱鬧非凡，使得整個夜市充滿活力與生氣。武聖夜市不僅是滿足口腹之慾的好地方，也是體驗台灣夜市文化的絕佳場所，無論是家庭聚會、朋友小聚還是獨自漫遊，都能在這裡度過愉快的時光。,https://www.google.com/maps/contrib/104920519416714906464/reviews?hl=zh-TW
武聖夜市,醬沐木,13 則評論 · 2 張相片,9 個月前,1 顆星,,https://www.google.com/maps/contrib/116311730697947705045/reviews?hl=zh-TW
武聖夜市,郭小駿,10 則評論 · 8 張相片,9 個月前,5 顆星,,https://www.google.com/maps/contrib/102063343212996383490/reviews?hl=zh-TW
武聖夜市,吃貨人生,在地嚮導 · 233 則評論 · 111 張相片,9 個月前,5 顆星,,https://www.google.com/maps/contrib/105801839106776657175/reviews?hl=zh-TW
武聖夜市,殺殺 也是超好玩,8 則評論 · 21 張相片,9 個月前,1 顆星,"停車場那個大姐怎麼那麼機車
格子就超級無敵多，就是不放行",https://www.google.com/maps/contrib/101280213444016249380/reviews?hl=zh-TW
武聖夜市,Cathy Chien,在地嚮導 · 39 則評論 · 90 張相片,9 個月前,5 顆星,"很大很好逛，眾多美食各有特色！
小福氣牛排好吃、林家豆乳雞翅也好吃、辣脆腸（忘記哪一間）也不錯但態度不是很好",https://www.google.com/maps/contrib/111264147545467746461/reviews?hl=zh-TW
武聖夜市,chen july,在地嚮導 · 177 則評論 · 167 張相片,9 個月前,4 顆星,品項很多，今天吃了海鮮粥跟雞蛋糕，沒有踩雷,https://www.google.com/maps/contrib/100076867046685194739/reviews?hl=zh-TW
武聖夜市,蔡博鈞,在地嚮導 · 80 則評論 · 4 張相片,9 個月前,5 顆星,不錯,https://www.google.com/maps/contrib/102600543281320354194/reviews?hl=zh-TW
武聖夜市,孔子下山來點名,9 則評論,9 個月前,5 顆星,,https://www.google.com/maps/contrib/108861251236069586743/reviews?hl=zh-TW
武聖夜市,yun,在地嚮導 · 28 則評論 · 9 張相片,9 個月前,5 顆星,東西好吃停車也很方便,https://www.google.com/maps/contrib/103181573825929099150/reviews?hl=zh-TW
武聖夜市,若涵張,在地嚮導 · 97 則評論 · 67 張相片,9 個月前,4 顆星,,https://www.google.com/maps/contrib/106963530423140587336/reviews?hl=zh-TW
武聖夜市,竈門碳呷郎,在地嚮導 · 80 則評論 · 16 張相片,9 個月前,5 顆星,,https://www.google.com/maps/contrib/100208160784575898134/reviews?hl=zh-TW
武聖夜市,CindyWu,在地嚮導 · 72 則評論 · 185 張相片,9 個月前,5 顆星,週末假日人一樣很多，範圍逛起來不會太累，可以買的小吃種類很多，遊樂氣氛很好,https://www.google.com/maps/contrib/115588265576093544791/reviews?hl=zh-TW
武聖夜市,黃凰,在地嚮導 · 51 則評論 · 7 張相片,9 個月前,5 顆星,鴨肉羹好吃,https://www.google.com/maps/contrib/104004077037223843030/reviews?hl=zh-TW
武聖夜市,Ming Lee,"在地嚮導 · 503 則評論 · 6,258 張相片",9 個月前,5 顆星,,https://www.google.com/maps/contrib/108616974770335742701/reviews?hl=zh-TW
武聖夜市,林子甄,在地嚮導 · 15 則評論 · 2 張相片,9 個月前,5 顆星,大大五花大武花，台南其中有名的夜市之一，許多在地的美食及多樣的品項便宜販售，如鑰匙圈、服飾、寢具用品、五金小物……等，值得推薦並悠閒的逛一逛。,https://www.google.com/maps/contrib/102798475963549451938/reviews?hl=zh-TW
武聖夜市,侯啟敏,6 則評論 · 7 張相片,9 個月前,5 顆星,,https://www.google.com/maps/contrib/107830231947405339666/reviews?hl=zh-TW
武聖夜市,瀴玥喵,在地嚮導 · 65 則評論 · 939 張相片,9 個月前,4 顆星,,https://www.google.com/maps/contrib/114169161798274984270/reviews?hl=zh-TW
武聖夜市,沈小伶,在地嚮導 · 134 則評論 · 876 張相片,9 個月前,4 顆星,"有專屬停車場以及專人指揮停車的夜市，很不錯，而且這個夜市蠻大的，有比較多不一樣的攤販，跟一般觀光夜市多了比較多不一樣的攤販
那天有買蓮藕茶，但是喝不出有什麼特色🤣就是嚐嚐鮮
還有買菱角，可是略乾 …",https://www.google.com/maps/contrib/108257626882541576390/reviews?hl=zh-TW
武聖夜市,莊一拳,14 則評論 · 2 張相片,9 個月前,5 顆星,,https://www.google.com/maps/contrib/113411731827004431113/reviews?hl=zh-TW
武聖夜市,陳科融,4 則評論 · 4 張相片,9 個月前,5 顆星,,https://www.google.com/maps/contrib/101580351256891075302/reviews?hl=zh-TW
武聖夜市,hsinjen Chen,12 則評論 · 14 張相片,9 個月前,5 顆星,,https://www.google.com/maps/contrib/108435902610656078994/reviews?hl=zh-TW
武聖夜市,Ku P,在地嚮導 · 114 則評論 · 150 張相片,9 個月前,5 顆星,攤位種類繁多，應有盡有，帶小孩來逛，吃喝玩樂一次搞定～,https://www.google.com/maps/contrib/114978969092884311004/reviews?hl=zh-TW
武聖夜市,宋珮雲,在地嚮導,9 個月前,4 顆星,,https://www.google.com/maps/contrib/100976748150601470222/reviews?hl=zh-TW
武聖夜市,Lin (lin house),在地嚮導 · 30 則評論 · 23 張相片,9 個月前,5 顆星,,https://www.google.com/maps/contrib/113936532415046743503/reviews?hl=zh-TW
武聖夜市,Mich Hung,10 則評論 · 1 張相片,9 個月前,2 顆星,選擇買的食物都雷品，不簡單的不知道是我還是夜市😂 …,https://www.google.com/maps/contrib/114789795506907283114/reviews?hl=zh-TW
武聖夜市,洪思儀,在地嚮導 · 39 則評論 · 16 張相片,9 個月前,4 顆星,,https://www.google.com/maps/contrib/102612698781903489290/reviews?hl=zh-TW
武聖夜市,jasmine,在地嚮導 · 18 則評論 · 27 張相片,9 個月前,5 顆星,,https://www.google.com/maps/contrib/107790299269759655804/reviews?hl=zh-TW
武聖夜市,劉國良,7 則評論 · 4 張相片,9 個月前,5 顆星,,https://www.google.com/maps/contrib/110808504296308341541/reviews?hl=zh-TW
武聖夜市,許朝育,在地嚮導 · 15 則評論 · 2 張相片,9 個月前,5 顆星,,https://www.google.com/maps/contrib/118129941149017874833/reviews?hl=zh-TW
武聖夜市,Mandy Lin,在地嚮導 · 130 則評論 · 59 張相片,9 個月前,5 顆星,"攤位滿多的！
只是停車位有點少
要早點來比較好停車",https://www.google.com/maps/contrib/105565342880649576833/reviews?hl=zh-TW
武聖夜市,王信介,,9 個月前,5 顆星,,https://www.google.com/maps/contrib/114231476391458573713/reviews?hl=zh-TW
武聖夜市,陳鈺蓁,在地嚮導 · 22 則評論 · 4 張相片,9 個月前,5 顆星,,https://www.google.com/maps/contrib/108761509924632492112/reviews?hl=zh-TW
武聖夜市,SoRen Roy,在地嚮導 · 5 張相片,9 個月前,5 顆星,,https://www.google.com/maps/contrib/116970963183690018583/reviews?hl=zh-TW
武聖夜市,橘樹Jim Ou,"在地嚮導 · 287 則評論 · 3,933 張相片",9 個月前,5 顆星,歷經風風雨雨依然屹立不搖，真正屬於台南人的夜市，裡面很多家都是從小吃到大，幾十年的老攤位。 …,https://www.google.com/maps/contrib/100954961656555198128/reviews?hl=zh-TW
武聖夜市,YiCheng Lin,在地嚮導 · 46 則評論,9 個月前,1 顆星,"有一攤賣貼紙的老闆在客人選貼紙時直接罵小孩
傻眼🙄正常選商品也不行
做生意可以不求對客人客氣至少可以正常對話吧
這樣子真的是可以不用出來擺攤直接壞了武聖名聲 …",https://www.google.com/maps/contrib/117137766574438144124/reviews?hl=zh-TW
武聖夜市,許梅琳,在地嚮導 · 52 則評論 · 134 張相片,9 個月前,5 顆星,好吃好買好好逛，小吃的重複率不會很高，但台南口味偏甜，食物好吃與否看個人口味，大彩蛋有一個賣煎餃的阿姨長得很像歌手伍佰。,https://www.google.com/maps/contrib/111164716902933429177/reviews?hl=zh-TW
武聖夜市,陳麗雯,在地嚮導 · 57 則評論 · 83 張相片,9 個月前,5 顆星,,https://www.google.com/maps/contrib/108877265420729701626/reviews?hl=zh-TW
武聖夜市,洪健得,在地嚮導 · 60 張相片,9 個月前,5 顆星,,https://www.google.com/maps/contrib/103089946493040294369/reviews?hl=zh-TW
武聖夜市,李昀儒,10 則評論 · 2 張相片,9 個月前,5 顆星,,https://www.google.com/maps/contrib/100046471565295896645/reviews?hl=zh-TW
武聖夜市,Kris Yu,在地嚮導 · 17 則評論 · 15 張相片,9 個月前,3 顆星,,https://www.google.com/maps/contrib/115182496746909667511/reviews?hl=zh-TW
武聖夜市,chia Tsai,12 則評論 · 2 張相片,9 個月前,5 顆星,,https://www.google.com/maps/contrib/100469661540872052817/reviews?hl=zh-TW
武聖夜市,僑僑專屬,在地嚮導 · 8 則評論 · 32 張相片,9 個月前,4 顆星,,https://www.google.com/maps/contrib/105171828882603300322/reviews?hl=zh-TW
武聖夜市,廖湘慈,在地嚮導 · 19 則評論 · 17 張相片,9 個月前,4 顆星,感覺攤位越來越少了🤔 …,https://www.google.com/maps/contrib/110358562248526753039/reviews?hl=zh-TW
武聖夜市,吳麥芽,在地嚮導 · 346 則評論 · 90 張相片,9 個月前,4 顆星,停車場很大，周邊也有停車空地 但是尖峰時間8點過去，也是很難停車的。,https://www.google.com/maps/contrib/105841361275172378996/reviews?hl=zh-TW
武聖夜市,黃佳慧,在地嚮導 · 45 則評論 · 33 張相片,9 個月前,5 顆星,好逛好玩,https://www.google.com/maps/contrib/102418733586388614986/reviews?hl=zh-TW
武聖夜市,【蓋世太飽】（天篷布啦客大元帥）,在地嚮導 · 84 則評論 · 36 張相片,9 個月前,1 顆星,夜市很難有東西好吃！重點是不衛生！停車不方便！吃了蚵仔煎、排骨酥、地瓜球、酵素臭豆腐、酥炸大魷魚、都很普通！除非是很愛逛的那種夜市咖，不然台南美食選擇很多！不需要來啦！,https://www.google.com/maps/contrib/116637443843987928239/reviews?hl=zh-TW
武聖夜市,Aimee Clark,"在地嚮導 · 163 則評論 · 1,051 張相片",9 個月前,4 顆星,很多選擇！對於開放市場來說，衣服有點貴。但有些食物真的很棒！強烈推薦！,https://www.google.com/maps/contrib/111960617083812864057/reviews?hl=zh-TW
武聖夜市,min chen,"在地嚮導 · 484 則評論 · 7,093 張相片",9 個月前,5 顆星,,https://www.google.com/maps/contrib/103595445820966549113/reviews?hl=zh-TW
武聖夜市,Lester Lin,在地嚮導 · 53 則評論 · 10 張相片,9 個月前,5 顆星,,https://www.google.com/maps/contrib/101434771597894106636/reviews?hl=zh-TW
武聖夜市,JoJo Meng,在地嚮導 · 20 則評論,9 個月前,5 顆星,,https://www.google.com/maps/contrib/111002933215890110921/reviews?hl=zh-TW
武聖夜市,易,在地嚮導 · 99 則評論 · 67 張相片,9 個月前,5 顆星,,https://www.google.com/maps/contrib/112120805764974547518/reviews?hl=zh-TW
武聖夜市,阿都,在地嚮導 · 44 則評論,9 個月前,4 顆星,,https://www.google.com/maps/contrib/113511467614956152761/reviews?hl=zh-TW
武聖夜市,王安國,4 則評論,9 個月前,5 顆星,,https://www.google.com/maps/contrib/103108787105669561052/reviews?hl=zh-TW
武聖夜市,志豪Lee,在地嚮導 · 95 則評論 · 278 張相片,9 個月前,4 顆星,平日晚上到訪，非常熱鬧，開心！,https://www.google.com/maps/contrib/100028442730256198478/reviews?hl=zh-TW
武聖夜市,吳道艾,8 則評論 · 2 張相片,9 個月前,3 顆星,,https://www.google.com/maps/contrib/111621835920962361361/reviews?hl=zh-TW
武聖夜市,wai ling Au,在地嚮導 · 188 則評論 · 369 張相片,9 個月前,4 顆星,特色，熱鬧,https://www.google.com/maps/contrib/115172511575559469135/reviews?hl=zh-TW
武聖夜市,Jason Lewis,在地嚮導 · 177 則評論 · 53 張相片,9 個月前,4 顆星,,https://www.google.com/maps/contrib/112656533120406925088/reviews?hl=zh-TW
武聖夜市,Kou Mi,在地嚮導 · 86 則評論 · 130 張相片,9 個月前,5 顆星,,https://www.google.com/maps/contrib/116797302382579068113/reviews?hl=zh-TW
武聖夜市,Lonely shadow,在地嚮導 · 297 則評論 · 393 張相片,9 個月前,4 顆星,小時候就逛的夜市，最熟悉的老地方，橫向後排靠近停車場的沙威瑪，第一排可麗餅（旁邊賣糖炒栗子）倒數第二排前面的沙茶魷魚羹，很多原本攤位都沒了，現在的攤位都是新生代，不知道還有沒麻糬叔叔,https://www.google.com/maps/contrib/107588186244119609265/reviews?hl=zh-TW
武聖夜市,林佑佑,在地嚮導 · 34 則評論 · 10 張相片,9 個月前,4 顆星,美食超多 好吃,https://www.google.com/maps/contrib/115144933096192237662/reviews?hl=zh-TW
武聖夜市,Y T,在地嚮導 · 150 則評論 · 156 張相片,9 個月前,4 顆星,"比較大的夜市每週舉辦3次。除了大排檔、衣服、雜貨、各種遊戲外，還有迷你遊樂園。
-----Google原創
小型市場每週舉辦兩次。它以街頭美食、服裝、電子產品和嘉年華式遊戲而聞名。 …",https://www.google.com/maps/contrib/117377538483752456253/reviews?hl=zh-TW
武聖夜市,Badtz,在地嚮導 · 71 則評論 · 190 張相片,9 個月前,4 顆星,老牌夜市（已新增星期日同樣時間也有），玩買吃甚麼都有，可惜17：00來到攤檔還沒準備好，最好是18：00後來,https://www.google.com/maps/contrib/100646850862581543889/reviews?hl=zh-TW
武聖夜市,韋小寶,在地嚮導 · 15 則評論 · 355 張相片,9 個月前,4 顆星,,https://www.google.com/maps/contrib/102196130071225674874/reviews?hl=zh-TW
武聖夜市,唐榮賢,在地嚮導 · 41 則評論 · 16 張相片,9 個月前,5 顆星,,https://www.google.com/maps/contrib/108874081148144858239/reviews?hl=zh-TW
武聖夜市,家惠邱,在地嚮導 · 154 則評論 · 317 張相片,9 個月前,5 顆星,,https://www.google.com/maps/contrib/109445289811043509291/reviews?hl=zh-TW
武聖夜市,傳票拿來ww,在地嚮導 · 134 則評論 · 7 張相片,9 個月前,5 顆星,,https://www.google.com/maps/contrib/111737352087986833340/reviews?hl=zh-TW
武聖夜市,"Jim Wu ,",在地嚮導 · 107 則評論 · 23 張相片,9 個月前,5 顆星,很多人,https://www.google.com/maps/contrib/112801849036904520554/reviews?hl=zh-TW
武聖夜市,Penny,194 則評論,9 個月前,5 顆星,,https://www.google.com/maps/contrib/118082807434411579868/reviews?hl=zh-TW
武聖夜市,J.R.E,6 則評論 · 4 張相片,9 個月前,3 顆星,,https://www.google.com/maps/contrib/114208191979208934946/reviews?hl=zh-TW
武聖夜市,真的賢,3 則評論 · 3 張相片,9 個月前,5 顆星,,https://www.google.com/maps/contrib/117935019188471384979/reviews?hl=zh-TW
武聖夜市,郭文進,在地嚮導 · 21 則評論 · 376 張相片,9 個月前,4 顆星,,https://www.google.com/maps/contrib/104596680552227334587/reviews?hl=zh-TW
武聖夜市,Yung-Tsen Chen,在地嚮導 · 12 則評論 · 35 張相片,9 個月前,4 顆星,,https://www.google.com/maps/contrib/115527417702338338546/reviews?hl=zh-TW
武聖夜市,劉大偉,在地嚮導 · 18 則評論 · 10 張相片,9 個月前,5 顆星,,https://www.google.com/maps/contrib/110067432105451674154/reviews?hl=zh-TW
武聖夜市,黃坤銘,在地嚮導 · 22 則評論,9 個月前,5 顆星,"雖然有點小
但還是不錯逛",https://www.google.com/maps/contrib/100939826430097345052/reviews?hl=zh-TW
武聖夜市,蔡杰儒,在地嚮導 · 8 則評論 · 2 張相片,9 個月前,4 顆星,,https://www.google.com/maps/contrib/110773379397531650801/reviews?hl=zh-TW
武聖夜市,Sammi T,在地嚮導 · 16 則評論 · 16 張相片,9 個月前,5 顆星,好吃的食物！,https://www.google.com/maps/contrib/106515166836448471693/reviews?hl=zh-TW
武聖夜市,高立昕,在地嚮導 · 41 則評論 · 64 張相片,9 個月前,3 顆星,動線不錯，但吃的選擇屬實有點少,https://www.google.com/maps/contrib/104006608725535540713/reviews?hl=zh-TW
武聖夜市,快樂熊,在地嚮導 · 12 則評論 · 5 張相片,9 個月前,5 顆星,,https://www.google.com/maps/contrib/106804060728232265773/reviews?hl=zh-TW
武聖夜市,HC CHAO,在地嚮導 · 112 則評論 · 848 張相片,9 個月前,5 顆星,本地人的夜市,https://www.google.com/maps/contrib/111325927158964750299/reviews?hl=zh-TW
武聖夜市,張瑜,在地嚮導 · 24 則評論,9 個月前,5 顆星,"走了整圈只買了兩間魚丸跟一杯西瓜汁
沒啥好吃的東西
但那個魚丸真爽 超級辣 辣到爆 頂啊",https://www.google.com/maps/contrib/116642158542272902744/reviews?hl=zh-TW
武聖夜市,林震宇,5 則評論,9 個月前,5 顆星,,https://www.google.com/maps/contrib/101284366547153835937/reviews?hl=zh-TW
武聖夜市,陳秀玲,在地嚮導 · 163 則評論 · 114 張相片,9 個月前,4 顆星,,https://www.google.com/maps/contrib/113501875768375362761/reviews?hl=zh-TW
武聖夜市,A-RU Huang,在地嚮導 · 11 則評論 · 9 張相片,9 個月前,2 顆星,,https://www.google.com/maps/contrib/105440644658414644995/reviews?hl=zh-TW
武聖夜市,翁欣彤,3 則評論,9 個月前,4 顆星,,https://www.google.com/maps/contrib/101743111671390295917/reviews?hl=zh-TW
武聖夜市,羽,在地嚮導 · 76 則評論 · 45 張相片,9 個月前,4 顆星,拔絲地瓜不好吃,https://www.google.com/maps/contrib/106141588095179138874/reviews?hl=zh-TW
武聖夜市,吳玉秀,在地嚮導 · 3 則評論 · 8 張相片,9 個月前,5 顆星,,https://www.google.com/maps/contrib/115125741637816752209/reviews?hl=zh-TW
武聖夜市,魏御&晨,在地嚮導 · 81 則評論 · 155 張相片,9 個月前,4 顆星,享用當地美食,https://www.google.com/maps/contrib/116319104098272492960/reviews?hl=zh-TW
武聖夜市,羅姆姆,,9 個月前,4 顆星,,https://www.google.com/maps/contrib/108227487479408374009/reviews?hl=zh-TW
武聖夜市,林彥穎,3 則評論,9 個月前,5 顆星,,https://www.google.com/maps/contrib/114992697226958046577/reviews?hl=zh-TW
武聖夜市,陳登富,在地嚮導 · 64 則評論 · 11 張相片,9 個月前,4 顆星,普通，就老夜市，裡面沙威瑪好吃但是人超級多！,https://www.google.com/maps/contrib/101992171583791092547/reviews?hl=zh-TW
武聖夜市,許碩仁,在地嚮導 · 27 則評論,9 個月前,3 顆星,不大，不多，不便宜，不好買，重複多,https://www.google.com/maps/contrib/115376622269866392479/reviews?hl=zh-TW
武聖夜市,Martin N,在地嚮導 · 1 則評論,9 個月前,5 顆星,,https://www.google.com/maps/contrib/112411941918544970670/reviews?hl=zh-TW
武聖夜市,童瀞瑄,在地嚮導 · 8 則評論 · 7 張相片,9 個月前,5 顆星,,https://www.google.com/maps/contrib/113778603096297170159/reviews?hl=zh-TW
武聖夜市,Su Hua Ho,在地嚮導 · 5 則評論 · 2 張相片,9 個月前,1 顆星,在這個夜市也逛幾十年了，2024.07.06（六）下午4點15分，一位指揮車位女性人員走來敲車窗，指名我們就是夜市附近住戶，不能停車在這裡，天啊，真的傻眼，就算我們要出示證件，她也沒有要看，因此特別上來留第一次的一星評價⭐️，真的很沒禮貌耶🤬🤬🤬🤬🤬 …,https://www.google.com/maps/contrib/102678126512538864380/reviews?hl=zh-TW
武聖夜市,S J,,9 個月前,5 顆星,,https://www.google.com/maps/contrib/111768229057109668821/reviews?hl=zh-TW
武聖夜市,一張名嘴,在地嚮導 · 42 則評論 · 33 張相片,9 個月前,5 顆星,雖然攤位沒有花園夜市多 但美食一樣藏匿在其中 推薦《海口人台灣鯛》《三輪車大大香腸》🐷 …,https://www.google.com/maps/contrib/105680050624329004309/reviews?hl=zh-TW
武聖夜市,楊瑋中,在地嚮導 · 356 則評論 · 789 張相片,9 個月前,5 顆星,吃的東西非常多，有來台南可以來逛逛 非常大,https://www.google.com/maps/contrib/118068792323514394676/reviews?hl=zh-TW
武聖夜市,Nut Mug,"在地嚮導 · 1,582 則評論 · 4,745 張相片",9 個月前,5 顆星,,https://www.google.com/maps/contrib/108041219774493785643/reviews?hl=zh-TW
武聖夜市,SHU-HSUN HSU,7 則評論,9 個月前,3 顆星,,https://www.google.com/maps/contrib/108954731901831000003/reviews?hl=zh-TW
武聖夜市,莫菲特,在地嚮導 · 27 則評論 · 53 張相片,9 個月前,5 顆星,,https://www.google.com/maps/contrib/116427529445931396255/reviews?hl=zh-TW
武聖夜市,jie yang,在地嚮導 · 14 則評論 · 7 張相片,9 個月前,5 顆星,,https://www.google.com/maps/contrib/116723498813989683446/reviews?hl=zh-TW
武聖夜市,陳錦川,在地嚮導 · 3 則評論 · 8 張相片,9 個月前,4 顆星,,https://www.google.com/maps/contrib/108954361753700461146/reviews?hl=zh-TW
武聖夜市,鄭元愷,在地嚮導 · 82 則評論 · 13 張相片,9 個月前,5 顆星,,https://www.google.com/maps/contrib/105593656266876869918/reviews?hl=zh-TW
武聖夜市,黃凱,2 則評論 · 2 張相片,9 個月前,5 顆星,,https://www.google.com/maps/contrib/112659670008519300267/reviews?hl=zh-TW
武聖夜市,Chen Chiahung,在地嚮導 · 185 則評論 · 76 張相片,9 個月前,3 顆星,台南夜市消費貴，跟小時候完全不一樣，每個也是同質性攤位太多，所以.............,https://www.google.com/maps/contrib/114915323570636648584/reviews?hl=zh-TW
武聖夜市,樂威,3 則評論 · 4 張相片,9 個月前,5 顆星,,https://www.google.com/maps/contrib/101734086866025231195/reviews?hl=zh-TW
武聖夜市,Yang Pen Yen,"在地嚮導 · 1,080 則評論 · 2,768 張相片",9 個月前,5 顆星,很多小吃攤而且重複率不高；有廁所跟停車場，但停車等位的難度偏高，騎車來可能比較方便。,https://www.google.com/maps/contrib/102291113894842355935/reviews?hl=zh-TW
武聖夜市,王山而,在地嚮導 · 13 則評論 · 12 張相片,9 個月前,1 顆星,每次想去逛逛，都沒停車位，就放棄了不去了,https://www.google.com/maps/contrib/103212978073193799048/reviews?hl=zh-TW
武聖夜市,Xiao Feng Chen,在地嚮導 · 22 則評論 · 43 張相片,9 個月前,1 顆星,本來很開心的開車要進去停車場，結果指揮停車場的人員，說話真的很沒有禮貌，讓人很不爽，我逛夜市停個車要受這種氣，那我直接離開選擇不進去逛！麻煩你對的起你拿的這份薪水，不是因為你是停車場指揮人員，我就看不起你，是因為你的態度讓我火大,https://www.google.com/maps/contrib/109387660721079675809/reviews?hl=zh-TW
武聖夜市,何英綺,在地嚮導 · 121 則評論 · 17 張相片,9 個月前,5 顆星,"攤位很多 賣的東西種類都不太一樣 選擇很多樣
是說 台南的小上海真的份量多又好吃",https://www.google.com/maps/contrib/106941415558324131702/reviews?hl=zh-TW
武聖夜市,Pc Chen,在地嚮導 · 6 則評論 · 34 張相片,9 個月前,5 顆星,,https://www.google.com/maps/contrib/103811000129484656248/reviews?hl=zh-TW
武聖夜市,謝家杰,在地嚮導 · 44 則評論 · 4 張相片,9 個月前,4 顆星,,https://www.google.com/maps/contrib/105933044422725272555/reviews?hl=zh-TW
武聖夜市,cyborg 009,在地嚮導 · 42 則評論 · 57 張相片,9 個月前,5 顆星,外面桌上的蔥油麻糬、蚵仔煎、鴨肉拉麵都很美味。我回來是因為我想嘗試。,https://www.google.com/maps/contrib/114158950142445951706/reviews?hl=zh-TW
武聖夜市,張君,在地嚮導 · 109 則評論 · 187 張相片,9 個月前,5 顆星,跟花園夜市比較起來，武聖重複性很低，感受很棒，而且價格比較平易近人,https://www.google.com/maps/contrib/102101980382732748623/reviews?hl=zh-TW
武聖夜市,Jenny Tasy,6 則評論 · 3 張相片,9 個月前,5 顆星,美食很多，親民的價格，值得一遊,https://www.google.com/maps/contrib/110185789879396188392/reviews?hl=zh-TW
武聖夜市,King國王,2 則評論 · 1 張相片,9 個月前,5 顆星,,https://www.google.com/maps/contrib/115550770173732225784/reviews?hl=zh-TW
武聖夜市,台灣超級大正妹,8 則評論 · 1 張相片,9 個月前,4 顆星,,https://www.google.com/maps/contrib/111633423398841321658/reviews?hl=zh-TW
武聖夜市,鄭鄭,在地嚮導 · 68 則評論 · 20 張相片,9 個月前,5 顆星,,https://www.google.com/maps/contrib/113221975411370113577/reviews?hl=zh-TW
武聖夜市,Jess Chien,5 則評論,9 個月前,3 顆星,"一個大姐賣的花生捲冰淇淋超難吃超髒⋯⋯
但免費停車超讚！
靠近後面寵物用品小攤的貓貓超可愛！",https://www.google.com/maps/contrib/115815926726599829736/reviews?hl=zh-TW
武聖夜市,林師芳,在地嚮導 · 16 則評論,9 個月前,5 顆星,蠻好逛的,https://www.google.com/maps/contrib/102469335994785346658/reviews?hl=zh-TW
武聖夜市,全艾珍,在地嚮導 · 8 則評論 · 19 張相片,9 個月前,4 顆星,,https://www.google.com/maps/contrib/115495276452197854231/reviews?hl=zh-TW
武聖夜市,張Teri,在地嚮導 · 74 則評論 · 206 張相片,9 個月前,5 顆星,專人管理協助免費停車，真的很加分,https://www.google.com/maps/contrib/117074827183966846746/reviews?hl=zh-TW
武聖夜市,賴泰亨,在地嚮導 · 21 則評論 · 11 張相片,9 個月前,3 顆星,現在除了三跟六 禮拜五也有喔，不過還是比較喜歡花園跟大東,https://www.google.com/maps/contrib/102114128626011180767/reviews?hl=zh-TW
武聖夜市,可愛又迷人的反派角色,10 則評論,9 個月前,5 顆星,很多東西 遊樂設施很好玩不用去遊樂園,https://www.google.com/maps/contrib/102392956234939157937/reviews?hl=zh-TW
武聖夜市,依萍萍,8 則評論,9 個月前,5 顆星,環境乾淨！好逛～,https://www.google.com/maps/contrib/116203304667331183472/reviews?hl=zh-TW
武聖夜市,福阿,在地嚮導 · 37 則評論,9 個月前,5 顆星,攤位很多,https://www.google.com/maps/contrib/104045812654783055938/reviews?hl=zh-TW
武聖夜市,Ken Cheng,在地嚮導 · 102 則評論 · 193 張相片,9 個月前,5 顆星,"裡面吃的很多，也都不錯吃

大推碳烤雞排，醬料適中一口接一口",https://www.google.com/maps/contrib/105385660176116134628/reviews?hl=zh-TW
武聖夜市,Chi Hung Cheung,在地嚮導 · 14 則評論 · 20 張相片,9 個月前,5 顆星,,https://www.google.com/maps/contrib/107669148363195404327/reviews?hl=zh-TW
武聖夜市,NA HA,在地嚮導 · 41 則評論 · 61 張相片,10 個月前,5 顆星,,https://www.google.com/maps/contrib/102572784579542507252/reviews?hl=zh-TW
武聖夜市,3 Su,1 則評論 · 1 張相片,10 個月前,3 顆星,,https://www.google.com/maps/contrib/116980508472338854094/reviews?hl=zh-TW
武聖夜市,wu wcw155,在地嚮導 · 14 則評論 · 170 張相片,10 個月前,5 顆星,,https://www.google.com/maps/contrib/109061913600244994241/reviews?hl=zh-TW
武聖夜市,pqo J,"在地嚮導 · 588 則評論 · 1,171 張相片",10 個月前,5 顆星,"1.豬小弟煎餃：好吃 但煎的有點硬
不過感覺會有些人喜歡這種口感 …",https://www.google.com/maps/contrib/109968609665891020448/reviews?hl=zh-TW
武聖夜市,孫一,8 則評論 · 3 張相片,10 個月前,5 顆星,,https://www.google.com/maps/contrib/118115042000930651005/reviews?hl=zh-TW
武聖夜市,乃誠,在地嚮導 · 35 則評論 · 15 張相片,10 個月前,5 顆星,來武聖必買的雞蛋糕,https://www.google.com/maps/contrib/116049214110095894971/reviews?hl=zh-TW
武聖夜市,Jiuan Wen,在地嚮導 · 50 則評論 · 5 張相片,10 個月前,1 顆星,"近期再次前往武聖夜市，不得不說規劃有改善真的不錯，但是今日再次前往，停車場人員希望我們按照他的指示前進，可以好好說話，不需要酸言酸語，我們也並非故意不按照他的指示。
真的很令人生氣也很失望。",https://www.google.com/maps/contrib/116327109880923976055/reviews?hl=zh-TW
武聖夜市,玩具糾糾（值得信賴的玩具販售專門店）,3 則評論 · 11 張相片,10 個月前,5 顆星,,https://www.google.com/maps/contrib/103782922894133251643/reviews?hl=zh-TW
武聖夜市,許雅怡,在地嚮導 · 21 則評論 · 17 張相片,10 個月前,5 顆星,,https://www.google.com/maps/contrib/101535617344039537578/reviews?hl=zh-TW
武聖夜市,吃貨,在地嚮導 · 155 則評論 · 311 張相片,10 個月前,5 顆星,"很棒 豐富
但好像賣烤魚的攤位很多
會排隊的會排 不會的不會",https://www.google.com/maps/contrib/106981343033898805661/reviews?hl=zh-TW
武聖夜市,連佳佳,4 則評論,10 個月前,5 顆星,"因為是吃完晚餐才去逛的
不然去夜市真的有很多小吃可以吃
感覺可以吃到很飽 …",https://www.google.com/maps/contrib/113337955781923080390/reviews?hl=zh-TW
武聖夜市,Jason Lee,在地嚮導 · 83 則評論 · 151 張相片,10 個月前,5 顆星,讚,https://www.google.com/maps/contrib/110696501462778001147/reviews?hl=zh-TW
武聖夜市,辰旭,4 則評論 · 1 張相片,10 個月前,5 顆星,,https://www.google.com/maps/contrib/117685629214539940263/reviews?hl=zh-TW
武聖夜市,卡布奇諾,在地嚮導 · 525 則評論 · 991 張相片,10 個月前,5 顆星,"這夜市蠻大的
逛的不錯
只是感覺少了一些玩的",https://www.google.com/maps/contrib/110634624306444910058/reviews?hl=zh-TW
武聖夜市,린위컴,"在地嚮導 · 5 則評論 · 1,626 張相片",10 個月前,5 顆星,,https://www.google.com/maps/contrib/103984241405335966776/reviews?hl=zh-TW
武聖夜市,周周,在地嚮導 · 21 則評論 · 6 張相片,10 個月前,5 顆星,東西好吃,https://www.google.com/maps/contrib/109758771639326032354/reviews?hl=zh-TW
武聖夜市,Aaron Hsu,在地嚮導 · 799 則評論 · 1 張相片,10 個月前,4 顆星,"星期五造訪 攤位似乎不多
有汽車停車場
小而美的夜市
有一間烤魚很有名",https://www.google.com/maps/contrib/113603321117197424612/reviews?hl=zh-TW
武聖夜市,行飛,"在地嚮導 · 1,176 則評論 · 13,790 張相片",10 個月前,5 顆星,2023來過，這裡有一家賣烤魚的非常有名，一定要提前1小時訂！,https://www.google.com/maps/contrib/117806720038063785914/reviews?hl=zh-TW
武聖夜市,DUDU SHIFU,在地嚮導 · 7 則評論 · 1 張相片,10 個月前,5 顆星,,https://www.google.com/maps/contrib/104817016359469863596/reviews?hl=zh-TW
武聖夜市,TZU-CHEN LIN,在地嚮導 · 85 則評論 · 74 張相片,10 個月前,4 顆星,,https://www.google.com/maps/contrib/103686317349963623199/reviews?hl=zh-TW
武聖夜市,吳婉瑩,在地嚮導 · 3 則評論 · 3 張相片,10 個月前,5 顆星,,https://www.google.com/maps/contrib/114180991340473903083/reviews?hl=zh-TW
武聖夜市,陳遊戲,在地嚮導 · 25 則評論 · 376 張相片,10 個月前,4 顆星,,https://www.google.com/maps/contrib/116819203023179050061/reviews?hl=zh-TW
武聖夜市,謝悠悠,在地嚮導 · 48 則評論 · 216 張相片,10 個月前,5 顆星,很多樣的 小吃 重複不多 很多果汁攤,https://www.google.com/maps/contrib/107566399852249265087/reviews?hl=zh-TW
武聖夜市,Kee Haur Ng,在地嚮導 · 119 則評論 · 826 張相片,10 個月前,4 顆星,,https://www.google.com/maps/contrib/117987400854719788292/reviews?hl=zh-TW
武聖夜市,楊智,在地嚮導 · 38 則評論 · 3 張相片,10 個月前,5 顆星,雖然比花園規模小，但該有的都有～建議不想去花園人擠人的話，這裡似乎是另一個不錯的選擇～,https://www.google.com/maps/contrib/113108366483960618569/reviews?hl=zh-TW
武聖夜市,劉嘉樺,40 則評論,10 個月前,4 顆星,優點~~至少比花園夜市少人，不會人擠人，地瓜拔絲還是一堆人，至少逛起來是,https://www.google.com/maps/contrib/113901180130702397191/reviews?hl=zh-TW
武聖夜市,Silentever Ss,在地嚮導 · 138 則評論 · 15 張相片,10 個月前,3 顆星,,https://www.google.com/maps/contrib/102798839928027583583/reviews?hl=zh-TW
武聖夜市,Y,在地嚮導 · 20 則評論 · 110 張相片,10 個月前,5 顆星,較多非連鎖的在地攤販，逛起來舒適不會太擁擠,https://www.google.com/maps/contrib/106391393663157171219/reviews?hl=zh-TW
武聖夜市,劉美伶,在地嚮導 · 33 則評論 · 19 張相片,10 個月前,4 顆星,物美價廉！,https://www.google.com/maps/contrib/101853865572502185642/reviews?hl=zh-TW
武聖夜市,Joseph Hsu,6 則評論,10 個月前,5 顆星,,https://www.google.com/maps/contrib/109677575167704636231/reviews?hl=zh-TW
武聖夜市,Joe Wong,,10 個月前,4 顆星,,https://www.google.com/maps/contrib/108734407068966245511/reviews?hl=zh-TW
武聖夜市,niphofai,4 則評論 · 5 張相片,10 個月前,5 顆星,熱,https://www.google.com/maps/contrib/111963966960223582195/reviews?hl=zh-TW
武聖夜市,City Marshmallow,在地嚮導 · 16 則評論 · 3 張相片,10 個月前,4 顆星,"不錯逛，最讓我驚喜的是有一間賣炸香菇的阿伯，小的60元（不划算），大的100元（cp值高到爆炸），
看到那大份的量真的嚇到，吃一碗就飽了，超滿，推薦大家試看看",https://www.google.com/maps/contrib/103530601335442767008/reviews?hl=zh-TW
武聖夜市,楊盛涵,在地嚮導 · 32 則評論 · 65 張相片,10 個月前,5 顆星,,https://www.google.com/maps/contrib/103221525450300377240/reviews?hl=zh-TW
武聖夜市,等待,在地嚮導 · 7 則評論 · 2 張相片,10 個月前,5 顆星,,https://www.google.com/maps/contrib/115214595109314972661/reviews?hl=zh-TW
武聖夜市,Chih,在地嚮導 · 287 則評論 · 55 張相片,10 個月前,5 顆星,攤位選擇多～附近好停車,https://www.google.com/maps/contrib/100449803323797994611/reviews?hl=zh-TW
武聖夜市,劉建廷,在地嚮導 · 5 則評論 · 599 張相片,10 個月前,3 顆星,,https://www.google.com/maps/contrib/100924880060948401212/reviews?hl=zh-TW
武聖夜市,ChunMo Chen,"在地嚮導 · 122 則評論 · 1,268 張相片",10 個月前,4 顆星,很熱鬧的夜市,https://www.google.com/maps/contrib/110100899624580068563/reviews?hl=zh-TW
武聖夜市,王聖文,"在地嚮導 · 658 則評論 · 10,464 張相片",10 個月前,5 顆星,"武聖夜市在地營運近40年，是台南歷史最悠久的夜市，
從原本每週只開兩天，現在新增營運每週三五六，
不僅是觀光客們的最愛，台南在地人也很愛逛，
佔地2500坪，超過250個攤位，有吃有喝又有玩。",https://www.google.com/maps/contrib/104390385254797326051/reviews?hl=zh-TW
武聖夜市,黑暗（addq2211501）,15 則評論 · 8 張相片,10 個月前,1 顆星,,https://www.google.com/maps/contrib/102119273096590396699/reviews?hl=zh-TW
武聖夜市,吳長錡,在地嚮導 · 7 則評論 · 7 張相片,10 個月前,5 顆星,,https://www.google.com/maps/contrib/103697492740731462733/reviews?hl=zh-TW
武聖夜市,魏Abby,11 則評論 · 2 張相片,10 個月前,5 顆星,,https://www.google.com/maps/contrib/101392614658658418508/reviews?hl=zh-TW
武聖夜市,Maggie Hu,在地嚮導 · 29 則評論 · 101 張相片,10 個月前,5 顆星,"很多好吃的小吃 可以多去幾攤嚐試
唯一的遺憾是天氣太熱
全身都是汗 沒辦法好好內用",https://www.google.com/maps/contrib/100842254142473970660/reviews?hl=zh-TW
武聖夜市,Hsin,16 則評論 · 6 張相片,10 個月前,5 顆星,,https://www.google.com/maps/contrib/110291513974447890151/reviews?hl=zh-TW
武聖夜市,Josh Tsai,在地嚮導 · 12 則評論 · 9 張相片,10 個月前,5 顆星,,https://www.google.com/maps/contrib/113038537288449074863/reviews?hl=zh-TW
武聖夜市,Sam R. Wallace,"在地嚮導 · 749 則評論 · 5,901 張相片",10 個月前,4 顆星,星期五很弱,https://www.google.com/maps/contrib/108942925415809788235/reviews?hl=zh-TW
武聖夜市,Catherine Chen,在地嚮導 · 22 則評論 · 5 張相片,10 個月前,4 顆星,有迷你遊樂設施，小孩很開心。可惜今天太悶熱吃不下東西，玩遊戲也容易流汗。炒泡麵口味適中很棒。,https://www.google.com/maps/contrib/113917002507616544130/reviews?hl=zh-TW
武聖夜市,李妍庭,5 則評論 · 1 張相片,10 個月前,5 顆星,好吃的很多 選擇性也多 來台南就是要逛武聖,https://www.google.com/maps/contrib/115740335747292686240/reviews?hl=zh-TW
武聖夜市,chen GINIUS,在地嚮導 · 45 則評論 · 18 張相片,10 個月前,4 顆星,沒什麼特色，就很普通，8+9非常的多,https://www.google.com/maps/contrib/114105464767595599859/reviews?hl=zh-TW
武聖夜市,夾娃娃機,1 則評論,10 個月前,5 顆星,,https://www.google.com/maps/contrib/100416303403628694474/reviews?hl=zh-TW
武聖夜市,劉財宏,在地嚮導 · 20 則評論 · 19 張相片,10 個月前,4 顆星,食物還不錯，停車免費很佛～,https://www.google.com/maps/contrib/114323778375744136818/reviews?hl=zh-TW
武聖夜市,黃敏,在地嚮導 · 412 則評論 · 458 張相片,10 個月前,5 顆星,星期三的武聖夜市，人超多很熱鬧，吃了網友推薦的烤魚和烤牡蠣，還不錯！但烤魚花蓮東大門略勝一籌！這夜市的攤商感覺和大東夜市重複性蠻高,https://www.google.com/maps/contrib/109622395446169738080/reviews?hl=zh-TW
武聖夜市,Lun A,在地嚮導 · 477 則評論 · 458 張相片,10 個月前,5 顆星,"吃的玩的不少
第一次來這夜市
小孩玩的很開心",https://www.google.com/maps/contrib/100837404957532239139/reviews?hl=zh-TW
武聖夜市,黃博麟,16 則評論 · 1 張相片,10 個月前,4 顆星,東西普遍cp值高,https://www.google.com/maps/contrib/115922527547852879160/reviews?hl=zh-TW
武聖夜市,angela kuo,在地嚮導 · 22 則評論 · 676 張相片,10 個月前,4 顆星,,https://www.google.com/maps/contrib/109340448463867157277/reviews?hl=zh-TW
武聖夜市,程佳智,2 則評論,10 個月前,3 顆星,,https://www.google.com/maps/contrib/115384708610457134140/reviews?hl=zh-TW
武聖夜市,賴冠樺,在地嚮導 · 11 則評論 · 5 張相片,10 個月前,5 顆星,,https://www.google.com/maps/contrib/106337587407447694326/reviews?hl=zh-TW
武聖夜市,嚕辰,在地嚮導 · 118 則評論 · 318 張相片,10 個月前,3 顆星,,https://www.google.com/maps/contrib/112233206677985308319/reviews?hl=zh-TW
武聖夜市,Eric Liu,13 則評論 · 2 張相片,10 個月前,5 顆星,,https://www.google.com/maps/contrib/109029994235024153549/reviews?hl=zh-TW
武聖夜市,芳原張,在地嚮導 · 39 則評論 · 26 張相片,10 個月前,5 顆星,食物眾多好吃選擇方便，下次還想再來。,https://www.google.com/maps/contrib/103875822181319049982/reviews?hl=zh-TW
武聖夜市,吳小樺,在地嚮導 · 32 則評論 · 19 張相片,10 個月前,5 顆星,,https://www.google.com/maps/contrib/103340285805938431454/reviews?hl=zh-TW
武聖夜市,ucky L (妃),在地嚮導 · 18 則評論 · 1 張相片,10 個月前,1 顆星,食安考量，親眼看到炒飯飛出去檯面，他用左手帶著工業手套，手套還是髒的，下一步是把在鍋邊的炒飯，用髒髒的手套，抓起來在丟進去炒鍋裡面炒,https://www.google.com/maps/contrib/102666451158902068369/reviews?hl=zh-TW
武聖夜市,evan lin,"在地嚮導 · 316 則評論 · 3,596 張相片",10 個月前,3 顆星,"地瓜跟炸薯條好吃，跟著人群排隊就是了！
鹹酥雞便宜，蠻大份的",https://www.google.com/maps/contrib/117036630849349883288/reviews?hl=zh-TW
武聖夜市,謝秉宸,在地嚮導 · 16 則評論 · 6 張相片,10 個月前,2 顆星,"上次去挽臉。隔天細菌感染，整個臉大毀容！
其實我自己也蠻搞笑的 怎麼會傻到去用那種東西",https://www.google.com/maps/contrib/109217904284142655183/reviews?hl=zh-TW
武聖夜市,歐陽華,在地嚮導 · 31 則評論 · 20 張相片,10 個月前,5 顆星,,https://www.google.com/maps/contrib/116096638554117380509/reviews?hl=zh-TW
武聖夜市,知識仁,在地嚮導 · 72 則評論 · 44 張相片,10 個月前,4 顆星,吃的推薦鹹酥雞、玉米、牛雜湯,https://www.google.com/maps/contrib/118424815550583135743/reviews?hl=zh-TW
武聖夜市,吳孟璇,在地嚮導 · 53 則評論 · 126 張相片,10 個月前,5 顆星,蠻熱鬧的，攤位重複不多,https://www.google.com/maps/contrib/111252495583022463809/reviews?hl=zh-TW
武聖夜市,蔡佳妤,在地嚮導 · 23 則評論 · 3 張相片,10 個月前,5 顆星,,https://www.google.com/maps/contrib/103713557077549034422/reviews?hl=zh-TW
武聖夜市,許嘉文,在地嚮導 · 28 則評論 · 1 張相片,10 個月前,5 顆星,,https://www.google.com/maps/contrib/105183312042412724534/reviews?hl=zh-TW
武聖夜市,David,在地嚮導 · 40 則評論 · 7 張相片,10 個月前,5 顆星,超級擁擠，有很多食物可供選擇。許多有趣的遊戲,https://www.google.com/maps/contrib/118067999799504094053/reviews?hl=zh-TW
武聖夜市,Crystal Chiou,,10 個月前,5 顆星,,https://www.google.com/maps/contrib/110016624694394359087/reviews?hl=zh-TW
武聖夜市,N Nn,4 則評論 · 1 張相片,10 個月前,2 顆星,,https://www.google.com/maps/contrib/112379068157293403370/reviews?hl=zh-TW
武聖夜市,Anson Yen,在地嚮導 · 84 則評論 · 25 張相片,10 個月前,5 顆星,熱鬧,https://www.google.com/maps/contrib/109488786608524920383/reviews?hl=zh-TW
武聖夜市,Ray Chen (陳彥甫),在地嚮導 · 62 則評論 · 109 張相片,10 個月前,5 顆星,很好玩很有趣的夜市 一隻玉米10元真的被嚇到了😱 好便宜…. …,https://www.google.com/maps/contrib/106604780540243242762/reviews?hl=zh-TW
武聖夜市,林羿銳,7 則評論,10 個月前,4 顆星,,https://www.google.com/maps/contrib/100845986360096685893/reviews?hl=zh-TW
武聖夜市,雲雲莊,"在地嚮導 · 542 則評論 · 1,713 張相片",10 個月前,4 顆星,星期六真的完全沒車位可停,https://www.google.com/maps/contrib/118005436320933619317/reviews?hl=zh-TW
武聖夜市,林圻（菟z）,6 則評論,10 個月前,4 顆星,"不知道是不是早上下雨 攤位沒有很多
不過也因此好停車
來台南必來的夜市之一",https://www.google.com/maps/contrib/109991338362883333578/reviews?hl=zh-TW
武聖夜市,米奇,在地嚮導 · 55 則評論 · 160 張相片,10 個月前,1 顆星,"第一次來武聖夜市，
不知道是不是有下雨的關係？
攤位感覺很少， …",https://www.google.com/maps/contrib/113402919394518735578/reviews?hl=zh-TW
武聖夜市,Angie,在地嚮導 · 92 則評論 · 313 張相片,10 個月前,5 顆星,,https://www.google.com/maps/contrib/116311521514881101991/reviews?hl=zh-TW
武聖夜市,劉家宏,在地嚮導 · 33 則評論 · 113 張相片,10 個月前,5 顆星,,https://www.google.com/maps/contrib/115617525120679561182/reviews?hl=zh-TW
武聖夜市,薛家慶,在地嚮導 · 2 則評論 · 11 張相片,10 個月前,1 顆星,交管人員說話口氣讓人聽的很不爽，不過也算了永遠不會再去了。,https://www.google.com/maps/contrib/109905919528965403157/reviews?hl=zh-TW
武聖夜市,曾育文,在地嚮導 · 251 則評論 · 32 張相片,10 個月前,5 顆星,,https://www.google.com/maps/contrib/109556279744621584506/reviews?hl=zh-TW
武聖夜市,謝秉翰,在地嚮導 · 5 則評論 · 49 張相片,10 個月前,1 顆星,,https://www.google.com/maps/contrib/113387330241562819668/reviews?hl=zh-TW
武聖夜市,陳建運,7 則評論,10 個月前,5 顆星,,https://www.google.com/maps/contrib/116659944764201356911/reviews?hl=zh-TW
武聖夜市,Mason,2 則評論 · 13 張相片,10 個月前,4 顆星,,https://www.google.com/maps/contrib/114750880668703791470/reviews?hl=zh-TW
武聖夜市,謝雅妮,在地嚮導 · 48 則評論 · 72 張相片,10 個月前,5 顆星,每次逛夜市一定會吃蚵仔煎，今天吃到武聖夜市阿宏蚵仔煎，真的有嚇到，蝦子居然是很大隻的草蝦ㄟ，吃起來不油膩，而且很香，真的用料實在又好吃，很推薦,https://www.google.com/maps/contrib/117244518806179258999/reviews?hl=zh-TW
武聖夜市,王英任,在地嚮導 · 10 則評論 · 2 張相片,10 個月前,5 顆星,,https://www.google.com/maps/contrib/118416854292381985479/reviews?hl=zh-TW
武聖夜市,甄德凡,6 則評論,10 個月前,5 顆星,非常好逛 小周末還有地方吃喝逛、這個夜市是個不錯的選擇喔,https://www.google.com/maps/contrib/107706177963915118158/reviews?hl=zh-TW
武聖夜市,佳玫,在地嚮導 · 69 則評論 · 747 張相片,10 個月前,5 顆星,,https://www.google.com/maps/contrib/102645223673365401349/reviews?hl=zh-TW
武聖夜市,詹曜榮,在地嚮導 · 17 則評論 · 2 張相片,10 個月前,5 顆星,攤販都很親民熱情,https://www.google.com/maps/contrib/103250084020953948721/reviews?hl=zh-TW
武聖夜市,吳昱誠,在地嚮導 · 18 則評論,10 個月前,5 顆星,身為臺南人只能說比大東東夜市好一百倍，還有可能遇到盧廣仲！,https://www.google.com/maps/contrib/107956750613472475852/reviews?hl=zh-TW
武聖夜市,謝坤遠,8 則評論 · 1 張相片,10 個月前,5 顆星,,https://www.google.com/maps/contrib/103949541559568698696/reviews?hl=zh-TW
武聖夜市,王智鴻,在地嚮導 · 39 則評論,10 個月前,4 顆星,"攤位多
好逛好吃",https://www.google.com/maps/contrib/101587160953101000443/reviews?hl=zh-TW
武聖夜市,CHIA WEN KUO,在地嚮導 · 5 則評論 · 1 張相片,10 個月前,4 顆星,,https://www.google.com/maps/contrib/113260256324354606549/reviews?hl=zh-TW
武聖夜市,幼犬,11 則評論,10 個月前,1 顆星,"店名：古早味 懷念味
鹹水雞去骨要多收錢也不講
做完了才說要多收錢
真的是爛店^_^爛到幹🙂 …",https://www.google.com/maps/contrib/113464140530142443329/reviews?hl=zh-TW
武聖夜市,Morris Lin,在地嚮導 · 21 則評論 · 5 張相片,10 個月前,5 顆星,,https://www.google.com/maps/contrib/116864064289728748277/reviews?hl=zh-TW
武聖夜市,M6 (吃貨瑜),"在地嚮導 · 251 則評論 · 2,651 張相片",10 個月前,3 顆星,停車場很少，動線不佳，不適合假日前往！,https://www.google.com/maps/contrib/115918452824814465206/reviews?hl=zh-TW
武聖夜市,紫禾雀花,"在地嚮導 · 143 則評論 · 1,252 張相片",10 個月前,5 顆星,,https://www.google.com/maps/contrib/114701262790512783146/reviews?hl=zh-TW
武聖夜市,郭小慧,在地嚮導 · 199 則評論 · 246 張相片,10 個月前,4 顆星,星期六比較多攤位出來，加開星期五有去逛過，很多愛吃的店沒出來擺攤，以後還是會選星期六去逛,https://www.google.com/maps/contrib/102001551515652088155/reviews?hl=zh-TW
武聖夜市,Doris Wang,在地嚮導 · 83 則評論 · 634 張相片,10 個月前,5 顆星,吃喝玩樂樣樣都有且多元多樣化,https://www.google.com/maps/contrib/116741456253551029776/reviews?hl=zh-TW
武聖夜市,Cheng Lai,在地嚮導 · 41 則評論 · 90 張相片,10 個月前,5 顆星,,https://www.google.com/maps/contrib/105798943639974348702/reviews?hl=zh-TW
武聖夜市,明仁,8 則評論 · 4 張相片,10 個月前,5 顆星,有人情味的夜市！！！ 東西好吃,https://www.google.com/maps/contrib/113869251351833224452/reviews?hl=zh-TW
武聖夜市,曾偉銘,在地嚮導 · 21 則評論 · 2 張相片,10 個月前,5 顆星,😂😂😂 …,https://www.google.com/maps/contrib/107013817214947967131/reviews?hl=zh-TW
武聖夜市,陳慶菱,8 則評論 · 1 張相片,10 個月前,4 顆星,,https://www.google.com/maps/contrib/101604319413168248305/reviews?hl=zh-TW
武聖夜市,卓山二,在地嚮導 · 9 則評論 · 98 張相片,10 個月前,5 顆星,台南在地人夜市、東西便宜又好吃,https://www.google.com/maps/contrib/109241292010615565166/reviews?hl=zh-TW
武聖夜市,無名氏,,10 個月前,5 顆星,,https://www.google.com/maps/contrib/112099426344291801621/reviews?hl=zh-TW
武聖夜市,洪嘉嘉,在地嚮導 · 10 則評論 · 22 張相片,10 個月前,5 顆星,,https://www.google.com/maps/contrib/100478012221998801057/reviews?hl=zh-TW
武聖夜市,Yi-Lin Hsiao,在地嚮導 · 5 則評論 · 74 張相片,10 個月前,3 顆星,,https://www.google.com/maps/contrib/111124245570092240360/reviews?hl=zh-TW
武聖夜市,鄭雪童,9 則評論,10 個月前,5 顆星,,https://www.google.com/maps/contrib/108852677781513294527/reviews?hl=zh-TW
武聖夜市,林佑競,11 則評論 · 6 張相片,10 個月前,5 顆星,,https://www.google.com/maps/contrib/106718802808339014597/reviews?hl=zh-TW
武聖夜市,蔡明亮,1 則評論,10 個月前,5 顆星,,https://www.google.com/maps/contrib/115169550469930415760/reviews?hl=zh-TW
武聖夜市,彬拉登,在地嚮導 · 77 則評論 · 20 張相片,10 個月前,1 顆星,"最近有攤在賣榴槤的
幾年前都沒看過
前幾天去買 …",https://www.google.com/maps/contrib/104882743283324779582/reviews?hl=zh-TW
武聖夜市,TW Lin,在地嚮導 · 16 則評論 · 20 張相片,10 個月前,5 顆星,,https://www.google.com/maps/contrib/107788726363054709378/reviews?hl=zh-TW
武聖夜市,Akai Wang,在地嚮導 · 51 則評論 · 18 張相片,10 個月前,5 顆星,好逛好吃，特推三兄弟及苦瓜汁，在地好滋味,https://www.google.com/maps/contrib/117749231888978575650/reviews?hl=zh-TW
武聖夜市,洪建忠,在地嚮導 · 20 則評論 · 27 張相片,10 個月前,4 顆星,,https://www.google.com/maps/contrib/105943199331363937789/reviews?hl=zh-TW
武聖夜市,潘順勇,在地嚮導 · 1 則評論 · 1 張相片,10 個月前,5 顆星,,https://www.google.com/maps/contrib/112271829665058821469/reviews?hl=zh-TW
武聖夜市,陳盈任,,10 個月前,5 顆星,,https://www.google.com/maps/contrib/112420821250713028508/reviews?hl=zh-TW
武聖夜市,Chiang-Yu Chien,在地嚮導 · 25 則評論 · 40 張相片,10 個月前,5 顆星,有吃又有玩，適合親子活動,https://www.google.com/maps/contrib/111032397086006807069/reviews?hl=zh-TW
武聖夜市,夜貓,在地嚮導 · 27 則評論 · 2 張相片,10 個月前,5 顆星,很好逛,https://www.google.com/maps/contrib/100551807162154408542/reviews?hl=zh-TW
武聖夜市,陳錡民,在地嚮導 · 16 則評論 · 28 張相片,10 個月前,4 顆星,想吃美食，來這裡就對了，物美價廉,https://www.google.com/maps/contrib/110701110334039567324/reviews?hl=zh-TW
武聖夜市,Chang Da Yang,6 則評論 · 1 張相片,10 個月前,5 顆星,,https://www.google.com/maps/contrib/116955907000131131276/reviews?hl=zh-TW
武聖夜市,曾于昕,在地嚮導 · 12 則評論 · 7 張相片,10 個月前,5 顆星,好買,https://www.google.com/maps/contrib/106135386578570851151/reviews?hl=zh-TW
武聖夜市,Lisa Yeh,"在地嚮導 · 9 則評論 · 2,476 張相片",10 個月前,3 顆星,,https://www.google.com/maps/contrib/109890915408244707458/reviews?hl=zh-TW
武聖夜市,李振維,在地嚮導 · 341 則評論 · 407 張相片,10 個月前,5 顆星,,https://www.google.com/maps/contrib/111515930999523334915/reviews?hl=zh-TW
武聖夜市,拓,在地嚮導 · 26 則評論 · 19 張相片,10 個月前,4 顆星,,https://www.google.com/maps/contrib/106175902627977346903/reviews?hl=zh-TW
武聖夜市,鄭沛恩,在地嚮導 · 80 則評論 · 41 張相片,10 個月前,5 顆星,,https://www.google.com/maps/contrib/104782508403827189787/reviews?hl=zh-TW
武聖夜市,林祐樑,在地嚮導 · 88 則評論 · 52 張相片,10 個月前,5 顆星,,https://www.google.com/maps/contrib/111406044605995312605/reviews?hl=zh-TW
武聖夜市,峰利,在地嚮導 · 20 則評論 · 35 張相片,10 個月前,5 顆星,在地老夜市,https://www.google.com/maps/contrib/104005301332156726242/reviews?hl=zh-TW
武聖夜市,張修睿,,10 個月前,5 顆星,,https://www.google.com/maps/contrib/104456024765545559576/reviews?hl=zh-TW
武聖夜市,Alex Lim,"在地嚮導 · 459 則評論 · 1,168 張相片",10 個月前,5 顆星,受當地人歡迎且擁擠的夜市。食物選擇很多，但座位有限。,https://www.google.com/maps/contrib/103810482770590524401/reviews?hl=zh-TW
武聖夜市,aadobee,"在地嚮導 · 213 則評論 · 6,687 張相片",10 個月前,4 顆星,,https://www.google.com/maps/contrib/101871614995591065859/reviews?hl=zh-TW
武聖夜市,余侑忻,"在地嚮導 · 6 則評論 · 1,543 張相片",10 個月前,5 顆星,,https://www.google.com/maps/contrib/109790182313265569604/reviews?hl=zh-TW
武聖夜市,Janice Pan,在地嚮導 · 12 則評論 · 28 張相片,10 個月前,4 顆星,感覺有點小，吃的東西不是很美味的樣子,https://www.google.com/maps/contrib/112584449799646484066/reviews?hl=zh-TW
武聖夜市,林某某,在地嚮導 · 247 則評論 · 13 張相片,10 個月前,5 顆星,"種類很多
人也很多",https://www.google.com/maps/contrib/107506202713783810960/reviews?hl=zh-TW
武聖夜市,Andreas Bergmann,在地嚮導 · 15 則評論 · 16 張相片,10 個月前,5 顆星,,https://www.google.com/maps/contrib/101016854036333266743/reviews?hl=zh-TW
武聖夜市,#振聖,在地嚮導 · 124 則評論 · 47 張相片,10 個月前,5 顆星,,https://www.google.com/maps/contrib/113087242634197190864/reviews?hl=zh-TW
武聖夜市,MingChin “小肥肉” Fu,在地嚮導 · 83 則評論 · 79 張相片,10 個月前,5 顆星,好吃好玩又好逛的地方～推推章魚燒以及施子韓式料理。,https://www.google.com/maps/contrib/106729069532774024660/reviews?hl=zh-TW
武聖夜市,PeiTing,在地嚮導 · 18 則評論 · 15 張相片,10 個月前,5 顆星,停車場非常大，動線算不錯,https://www.google.com/maps/contrib/107036510287857424476/reviews?hl=zh-TW
武聖夜市,鐘新傑,在地嚮導 · 17 則評論 · 7 張相片,10 個月前,4 顆星,錯過一間，下一間會在下個路口見，攤位重複性很高,https://www.google.com/maps/contrib/113512900894646488327/reviews?hl=zh-TW
武聖夜市,Zero,在地嚮導 · 29 則評論 · 20 張相片,10 個月前,5 顆星,"有免費停車場而且停車有人指引，不會停車造成動線凌亂且排列整齊👍
首推美食：沙威瑪、海口人烤魚 …",https://www.google.com/maps/contrib/115936213446594341872/reviews?hl=zh-TW
武聖夜市,阿成（阿成）,3 則評論 · 5 張相片,10 個月前,5 顆星,,https://www.google.com/maps/contrib/100193526364106966432/reviews?hl=zh-TW
武聖夜市,蔡鎮宇,10 則評論 · 4 張相片,10 個月前,5 顆星,,https://www.google.com/maps/contrib/106283464201735566735/reviews?hl=zh-TW
武聖夜市,YT Chuang,8 則評論 · 14 張相片,10 個月前,5 顆星,還沒逛完一半就快吃飽了，吃到的幾攤都蠻好吃。附近還有停車場。,https://www.google.com/maps/contrib/116692013421068221613/reviews?hl=zh-TW
武聖夜市,巫曉琪,在地嚮導 · 56 則評論 · 67 張相片,10 個月前,5 顆星,"好逛，攤位多，且不算太擁擠
有吃又有玩",https://www.google.com/maps/contrib/108770030263325017367/reviews?hl=zh-TW
武聖夜市,大家好,在地嚮導 · 23 則評論 · 4 張相片,10 個月前,5 顆星,逛起來舒適 很多地方可以站著吃,https://www.google.com/maps/contrib/101886144176819889226/reviews?hl=zh-TW
武聖夜市,Shih Chung Chang,在地嚮導 · 34 則評論 · 4 張相片,10 個月前,5 顆星,讚,https://www.google.com/maps/contrib/117853957497333879569/reviews?hl=zh-TW
武聖夜市,王奕婷,在地嚮導 · 22 則評論 · 9 張相片,10 個月前,5 顆星,,https://www.google.com/maps/contrib/102109389561834363200/reviews?hl=zh-TW
武聖夜市,Aaron Wu,"在地嚮導 · 352 則評論 · 6,589 張相片",10 個月前,5 顆星,,https://www.google.com/maps/contrib/114325046466610211367/reviews?hl=zh-TW
武聖夜市,Hsu Michael,在地嚮導 · 94 則評論 · 21 張相片,10 個月前,5 顆星,超棒的地方。  去過幾次了，還是想去。,https://www.google.com/maps/contrib/112312222705751394939/reviews?hl=zh-TW
武聖夜市,Michael Hsu,在地嚮導 · 106 則評論 · 5 張相片,10 個月前,5 顆星,好逛，大推。,https://www.google.com/maps/contrib/108261206946374079037/reviews?hl=zh-TW
武聖夜市,江荳神,9 則評論 · 1 張相片,10 個月前,5 顆星,,https://www.google.com/maps/contrib/107252374708619144371/reviews?hl=zh-TW
武聖夜市,Wei,在地嚮導 · 32 則評論 · 13 張相片,10 個月前,5 顆星,好多好吃的多樣化,https://www.google.com/maps/contrib/102446243682303789277/reviews?hl=zh-TW
武聖夜市,林先生,7 則評論 · 5 張相片,10 個月前,5 顆星,,https://www.google.com/maps/contrib/109227826950608102532/reviews?hl=zh-TW
武聖夜市,楊礎銘,在地嚮導 · 15 則評論 · 9 張相片,10 個月前,5 顆星,很好玩的夜市！ 推推,https://www.google.com/maps/contrib/103467778906982853283/reviews?hl=zh-TW
武聖夜市,Vivian Shr,在地嚮導 · 52 則評論 · 164 張相片,10 個月前,3 顆星,約23:20到，攤子幾乎收完了，所以沒有吃到什麼特別的，沒有太大感受。,https://www.google.com/maps/contrib/118194827359025348464/reviews?hl=zh-TW
武聖夜市,戴慈儀,在地嚮導 · 58 則評論 · 65 張相片,10 個月前,3 顆星,,https://www.google.com/maps/contrib/105059600062440494072/reviews?hl=zh-TW
武聖夜市,Novak,11 則評論,10 個月前,5 顆星,,https://www.google.com/maps/contrib/111163688720368287958/reviews?hl=zh-TW
武聖夜市,Ashley,1 張相片,10 個月前,5 顆星,,https://www.google.com/maps/contrib/114185575128821489660/reviews?hl=zh-TW
武聖夜市,唐長壽,在地嚮導 · 27 則評論 · 123 張相片,10 個月前,5 顆星,動線流暢，停車方便,https://www.google.com/maps/contrib/106677858947325412306/reviews?hl=zh-TW
武聖夜市,Anya,在地嚮導 · 65 則評論 · 8 張相片,10 個月前,5 顆星,,https://www.google.com/maps/contrib/112795897481048155710/reviews?hl=zh-TW
武聖夜市,游勝全,8 則評論 · 7 張相片,10 個月前,4 顆星,人很多,https://www.google.com/maps/contrib/116297552703909763177/reviews?hl=zh-TW
武聖夜市,komori,在地嚮導 · 37 則評論 · 16 張相片,10 個月前,5 顆星,這裡讓我很喜歡台南,https://www.google.com/maps/contrib/117820973496432084162/reviews?hl=zh-TW
武聖夜市,Lin Jiun,10 則評論 · 11 張相片,10 個月前,5 顆星,好逛逛好吃,https://www.google.com/maps/contrib/112002243021007456348/reviews?hl=zh-TW
武聖夜市,謝木川,在地嚮導 · 446 則評論 · 27 張相片,10 個月前,5 顆星,夜市很好逛、停車比較不容易,https://www.google.com/maps/contrib/104222033229301307567/reviews?hl=zh-TW
武聖夜市,蘇倚弘,在地嚮導 · 8 則評論 · 8 張相片,10 個月前,5 顆星,,https://www.google.com/maps/contrib/116281197674003419265/reviews?hl=zh-TW
武聖夜市,楊華苓,"在地嚮導 · 115 則評論 · 1,495 張相片",10 個月前,4 顆星,"來台南這麼多次第一次去「武聖夜市」，
比起花園夜市雖然小，
但是有各式各樣、很多種類的小吃攤
來這裡覓食準沒錯！",https://www.google.com/maps/contrib/105071726485861005713/reviews?hl=zh-TW
武聖夜市,Shirley,在地嚮導 · 104 則評論 · 151 張相片,10 個月前,5 顆星,"有時候好逛有時候不好逛
不過必吃
1. 香蕉煎餅 …",https://www.google.com/maps/contrib/103726269935484019897/reviews?hl=zh-TW
武聖夜市,王永龍,,10 個月前,4 顆星,,https://www.google.com/maps/contrib/114433437703568955797/reviews?hl=zh-TW
武聖夜市,陳秋妤,在地嚮導 · 19 則評論 · 12 張相片,10 個月前,5 顆星,停車方便，有些食物不錯吃,https://www.google.com/maps/contrib/115997761013269236754/reviews?hl=zh-TW
武聖夜市,IE J,在地嚮導 · 46 則評論,10 個月前,5 顆星,好停車又好逛,https://www.google.com/maps/contrib/104938233042554589092/reviews?hl=zh-TW
武聖夜市,大和たける,在地嚮導 · 37 則評論 · 102 張相片,10 個月前,5 顆星,與台北夜市不同的是，這裡是一個大型的露天市場，後面有餐廳、服裝店、小寵物店、遊戲店、廁所等，是一個可以充分享受的地方。,https://www.google.com/maps/contrib/111295177628508383174/reviews?hl=zh-TW
武聖夜市,陳大頭,3 則評論 · 22 張相片,10 個月前,5 顆星,,https://www.google.com/maps/contrib/117264065697840488124/reviews?hl=zh-TW
武聖夜市,施佳明,在地嚮導 · 2 則評論 · 24 張相片,10 個月前,5 顆星,,https://www.google.com/maps/contrib/116851060142776731461/reviews?hl=zh-TW
武聖夜市,鄭嘉凌,在地嚮導 · 12 則評論 · 5 張相片,10 個月前,5 顆星,,https://www.google.com/maps/contrib/113481878318690473952/reviews?hl=zh-TW
武聖夜市,Vickie Yang,在地嚮導 · 26 則評論 · 19 張相片,10 個月前,5 顆星,從小逛到大,https://www.google.com/maps/contrib/108952336214144276724/reviews?hl=zh-TW
武聖夜市,陳科志,在地嚮導 · 9 則評論 · 35 張相片,10 個月前,5 顆星,,https://www.google.com/maps/contrib/118379864144698686679/reviews?hl=zh-TW
武聖夜市,黃智偉,9 則評論 · 6 張相片,10 個月前,1 顆星,,https://www.google.com/maps/contrib/117910194194780961938/reviews?hl=zh-TW
武聖夜市,茆佳琦,在地嚮導 · 31 則評論 · 154 張相片,10 個月前,4 顆星,,https://www.google.com/maps/contrib/112497981793444576233/reviews?hl=zh-TW
武聖夜市,楊秀慧,3 則評論 · 3 張相片,10 個月前,5 顆星,,https://www.google.com/maps/contrib/103991091501194937827/reviews?hl=zh-TW
武聖夜市,Loyala Hsueh,"在地嚮導 · 336 則評論 · 2,395 張相片",10 個月前,5 顆星,在地夜市,https://www.google.com/maps/contrib/105626581575835258536/reviews?hl=zh-TW
武聖夜市,田賜福,1 則評論,10 個月前,3 顆星,,https://www.google.com/maps/contrib/111500953662256580266/reviews?hl=zh-TW
武聖夜市,彭詩云,在地嚮導 · 9 則評論 · 1 張相片,10 個月前,5 顆星,,https://www.google.com/maps/contrib/113224920016088631284/reviews?hl=zh-TW
武聖夜市,楊淑萍,在地嚮導 · 71 則評論 · 200 張相片,10 個月前,5 顆星,吃喝玩逛一次滿足，週邊停車場多，也設有廁所,https://www.google.com/maps/contrib/106087683317638184017/reviews?hl=zh-TW
武聖夜市,李懿庭,15 則評論,10 個月前,5 顆星,,https://www.google.com/maps/contrib/104596371642361252478/reviews?hl=zh-TW
武聖夜市,趙翊婷,在地嚮導 · 21 則評論 · 60 張相片,10 個月前,5 顆星,"好久沒有來逛武聖夜市了身為台南人運用悠閑時間特地來回味一下，看到了挽臉，來體驗一下，原本以前做的經驗是非常痛，但是這裡的技術非常棒，這位師父說他已經有23年的經驗了，太棒了！
推薦",https://www.google.com/maps/contrib/107370156282665862389/reviews?hl=zh-TW
武聖夜市,郭晉銘,在地嚮導 · 102 則評論 · 152 張相片,10 個月前,5 顆星,,https://www.google.com/maps/contrib/109665500572851440015/reviews?hl=zh-TW
武聖夜市,Vincent_ Ding,16 則評論 · 2 張相片,10 個月前,5 顆星,,https://www.google.com/maps/contrib/108791293505559685196/reviews?hl=zh-TW
武聖夜市,Kel Tan,1 則評論 · 3 張相片,10 個月前,5 顆星,,https://www.google.com/maps/contrib/101681753222228990263/reviews?hl=zh-TW
武聖夜市,ShihMiao Chou,在地嚮導 · 54 則評論 · 146 張相片,10 個月前,5 顆星,20240529到此一遊,https://www.google.com/maps/contrib/117945476090295589405/reviews?hl=zh-TW
武聖夜市,Bisma Chen (走吧!吃貨!),在地嚮導 · 154 則評論 · 228 張相片,10 個月前,5 顆星,第一次來的時候可能跟到不對的人，覺得這個夜市很無趣，後來為了討海人鹽烤魚（200元/隻），現在變成190元/中、220元/大、260元/限量大，魚肉汁多肥美，沒有腥味，搭配椒鹽或檸檬都很好吃！大隻兩個女生剛好，價格也很實惠（很多夜市都是299起跳），另外這次去發現我最愛的串串店終於開來台南了！就是串門子，但個人覺得還是饒河的最好吃❤️,https://www.google.com/maps/contrib/108240715961878697705/reviews?hl=zh-TW
武聖夜市,鄭中興,在地嚮導 · 61 則評論 · 342 張相片,10 個月前,4 顆星,,https://www.google.com/maps/contrib/108499818291077666099/reviews?hl=zh-TW
武聖夜市,Wang Wei Xiang,在地嚮導 · 5 則評論 · 39 張相片,10 個月前,5 顆星,,https://www.google.com/maps/contrib/114884903543930307610/reviews?hl=zh-TW
武聖夜市,鄭明峯,"在地嚮導 · 70 則評論 · 2,302 張相片",11 個月前,5 顆星,不錯的夜市,https://www.google.com/maps/contrib/112865411350463289733/reviews?hl=zh-TW
武聖夜市,許蕙君,2 則評論 · 3 張相片,11 個月前,5 顆星,,https://www.google.com/maps/contrib/109770923139311708121/reviews?hl=zh-TW
武聖夜市,美食達人,在地嚮導 · 144 則評論 · 13 張相片,11 個月前,4 顆星,"停車場大爆滿 算是蠻有規模的夜市
遛小孩好去處",https://www.google.com/maps/contrib/117080001719971044692/reviews?hl=zh-TW
武聖夜市,Alonnsoo Jui,2 則評論,11 個月前,1 顆星,,https://www.google.com/maps/contrib/117242305182769149938/reviews?hl=zh-TW
武聖夜市,Jiperson Cacactin,2 則評論,11 個月前,5 顆星,非常好,https://www.google.com/maps/contrib/106570901610377975730/reviews?hl=zh-TW
武聖夜市,張朵拉,在地嚮導 · 23 則評論 · 5 張相片,11 個月前,5 顆星,"好吃又好玩
拔絲薯條好好吃",https://www.google.com/maps/contrib/103066487834933359675/reviews?hl=zh-TW
武聖夜市,陶庵,在地嚮導 · 80 則評論 · 115 張相片,11 個月前,5 顆星,"活潑又有趣！
這就像一個節日",https://www.google.com/maps/contrib/117370949479805299726/reviews?hl=zh-TW
武聖夜市,賣花陳的車庫,在地嚮導 · 171 則評論 · 565 張相片,11 個月前,5 顆星,很熱鬧有趣的夜市，各類攤位琳瑯滿目，許多傳統美食都有，味道也很棒！很喜歡在這裡逛街的氣氛。,https://www.google.com/maps/contrib/115584844717278588654/reviews?hl=zh-TW
武聖夜市,朱自強,4 則評論 · 3 張相片,11 個月前,5 顆星,,https://www.google.com/maps/contrib/104637610174222757839/reviews?hl=zh-TW
武聖夜市,Chinghan Ho,在地嚮導 · 157 則評論 · 122 張相片,11 個月前,3 顆星,七點就好難停車啊啊啊,https://www.google.com/maps/contrib/116567739776085563513/reviews?hl=zh-TW
武聖夜市,李佩樺,在地嚮導 · 16 則評論 · 18 張相片,11 個月前,5 顆星,,https://www.google.com/maps/contrib/103431036771561469496/reviews?hl=zh-TW
武聖夜市,WL,7 則評論 · 9 張相片,11 個月前,5 顆星,台灣最棒的夜市,https://www.google.com/maps/contrib/104327528252503559054/reviews?hl=zh-TW
武聖夜市,MoMo Mila,在地嚮導 · 500 則評論 · 163 張相片,11 個月前,5 顆星,武聖夜市很好，下次還會去，就是吃到了一攤很難吃的鹼粽，一位年輕男生在賣的，一口鹼粽賣5個80，因為裝在一起所以是無法單買的，有夠難吃，還賣那麼貴，我吃一口就丟垃圾桶了。,https://www.google.com/maps/contrib/116619094964799693519/reviews?hl=zh-TW
武聖夜市,美麗真誠,1 則評論,11 個月前,5 顆星,,https://www.google.com/maps/contrib/109027147616368176252/reviews?hl=zh-TW
武聖夜市,Cliff Pai,"在地嚮導 · 602 則評論 · 1,323 張相片",11 個月前,5 顆星,停車場大，攤位重複性低，較多在地自有品牌，不像其他觀光夜市千篇一律，價位也比較合理,https://www.google.com/maps/contrib/100732180309539998963/reviews?hl=zh-TW
武聖夜市,Joe Wu,在地嚮導 · 466 則評論 · 8 張相片,11 個月前,5 顆星,好吃很多，小孩也很多可玩的，停車場很大,https://www.google.com/maps/contrib/109140575149964628981/reviews?hl=zh-TW
武聖夜市,梁益豪,在地嚮導 · 144 則評論 · 429 張相片,11 個月前,5 顆星,,https://www.google.com/maps/contrib/113603518866124363911/reviews?hl=zh-TW
武聖夜市,吳明憲,,11 個月前,5 顆星,,https://www.google.com/maps/contrib/113267535219253989587/reviews?hl=zh-TW
武聖夜市,高于絜,在地嚮導 · 34 則評論 · 39 張相片,11 個月前,5 顆星,,https://www.google.com/maps/contrib/112671746103400367438/reviews?hl=zh-TW
武聖夜市,邱小伊,12 則評論 · 7 張相片,11 個月前,5 顆星,,https://www.google.com/maps/contrib/117140762075662720087/reviews?hl=zh-TW
武聖夜市,簡玉香,在地嚮導 · 175 則評論 · 1 張相片,11 個月前,5 顆星,還不錯，東西很多可以逛逛，人潮擁擠🤣 …,https://www.google.com/maps/contrib/117406153756496049000/reviews?hl=zh-TW
武聖夜市,YiHome Lo,在地嚮導 · 31 則評論 · 9 張相片,11 個月前,5 顆星,,https://www.google.com/maps/contrib/110129968178160921955/reviews?hl=zh-TW
武聖夜市,Ruby Wang,8 則評論 · 4 張相片,11 個月前,4 顆星,,https://www.google.com/maps/contrib/102739928554561309198/reviews?hl=zh-TW
武聖夜市,Jia Suei,在地嚮導 · 14 則評論 · 15 張相片,11 個月前,5 顆星,有射弓箭攤位體驗，是夜市少有的攤位，可以去試試👍 …,https://www.google.com/maps/contrib/115627815941625413946/reviews?hl=zh-TW
武聖夜市,哈哈哈哈,1 則評論,11 個月前,4 顆星,,https://www.google.com/maps/contrib/113760675749175113652/reviews?hl=zh-TW
武聖夜市,邱煜堅,在地嚮導 · 13 則評論 · 9 張相片,11 個月前,5 顆星,很好逛,https://www.google.com/maps/contrib/103426495689764183517/reviews?hl=zh-TW
武聖夜市,Cheng Bryant,在地嚮導 · 184 則評論 · 225 張相片,11 個月前,5 顆星,很棒的夜市體驗，寬敞自由，尋覓食物的樂趣,https://www.google.com/maps/contrib/106532733719230302819/reviews?hl=zh-TW
武聖夜市,阿傑,3 則評論,11 個月前,5 顆星,,https://www.google.com/maps/contrib/115166101226097451935/reviews?hl=zh-TW
武聖夜市,申惟宇,在地嚮導 · 17 則評論 · 25 張相片,11 個月前,5 顆星,停車不太方便 其他頗讚,https://www.google.com/maps/contrib/103548892308636901611/reviews?hl=zh-TW
武聖夜市,薛弘淵,在地嚮導 · 169 則評論 · 303 張相片,11 個月前,5 顆星,六年沒來了，依然人滿為患。,https://www.google.com/maps/contrib/100840926754647831623/reviews?hl=zh-TW
武聖夜市,Terrence Hui,在地嚮導 · 1 則評論,11 個月前,4 顆星,,https://www.google.com/maps/contrib/101953712907198113944/reviews?hl=zh-TW
武聖夜市,Nick Mo,在地嚮導 · 326 則評論 · 644 張相片,11 個月前,4 顆星,"10年沒去，滿滿人潮依舊沒變

除了一些流傳已久的夜市美食，多了麻糬冰跟燒麻糬，真的大推",https://www.google.com/maps/contrib/113424701920455401477/reviews?hl=zh-TW
武聖夜市,馬大河,5 則評論 · 9 張相片,11 個月前,5 顆星,東西多樣、停車方便,https://www.google.com/maps/contrib/111718782320082290205/reviews?hl=zh-TW
武聖夜市,Wolfie,在地嚮導 · 39 則評論 · 20 張相片,11 個月前,3 顆星,"機車好停車，有街頭藝人表演，還有類似海盜船和小摩天輪的遊樂設施
人非常多，但前面幾排都沒什麼人，都擠在後3條，如果是因為後3條的比較好吃跟好玩，個人覺得可以分散幾條，不然看到很多人排隊，但整條都不太會動的，就完全不想逛直接去別的夜市了 …",https://www.google.com/maps/contrib/114700321179284739462/reviews?hl=zh-TW
武聖夜市,大河馬叔叔,"在地嚮導 · 937 則評論 · 12,378 張相片",11 個月前,3 顆星,"聽我說「不要停路邊！」
旁邊就是拖吊場
如果不想找車位 …",https://www.google.com/maps/contrib/113543977950280835096/reviews?hl=zh-TW
武聖夜市,玉米,在地嚮導 · 67 則評論 · 103 張相片,11 個月前,5 顆星,,https://www.google.com/maps/contrib/116245260743282519814/reviews?hl=zh-TW
武聖夜市,杜小龍,43 則評論 · 36 張相片,11 個月前,5 顆星,,https://www.google.com/maps/contrib/104121309789234050090/reviews?hl=zh-TW
武聖夜市,六寶媽,在地嚮導 · 250 則評論 · 362 張相片,11 個月前,1 顆星,攤販不太理人，也不希望客人吃別人的東西，還會趕人⋯⋯帶二老出門😮‍💨 …,https://www.google.com/maps/contrib/105682290665556414733/reviews?hl=zh-TW
武聖夜市,王浩宇,在地嚮導 · 13 則評論 · 10 張相片,11 個月前,5 顆星,動線規劃不錯 停車有人員指揮 不管是汽車或是重機都好停車,https://www.google.com/maps/contrib/100316807279084388019/reviews?hl=zh-TW
武聖夜市,vi vi,在地嚮導 · 20 則評論 · 2 張相片,11 個月前,3 顆星,,https://www.google.com/maps/contrib/100748318891885630517/reviews?hl=zh-TW
武聖夜市,楊得青,在地嚮導 · 27 則評論 · 28 張相片,11 個月前,5 顆星,"停車方便 各類吃的 遊戲都很不錯
缺點....胃太小",https://www.google.com/maps/contrib/100674293891641193750/reviews?hl=zh-TW
武聖夜市,洪惠渝,9 則評論 · 3 張相片,11 個月前,5 顆星,,https://www.google.com/maps/contrib/110598595933381809258/reviews?hl=zh-TW
武聖夜市,shimizu清水,在地嚮導 · 15 則評論 · 140 張相片,11 個月前,4 顆星,我喜歡各種各樣的食物。,https://www.google.com/maps/contrib/116846160551256849642/reviews?hl=zh-TW
武聖夜市,Carmen Chick,在地嚮導 · 14 則評論 · 18 張相片,11 個月前,4 顆星,感覺吃的東西沒有太符合口味，玩的東西比較多，比較適合一家人來逛,https://www.google.com/maps/contrib/109453400582238334126/reviews?hl=zh-TW
武聖夜市,超級中二病,5 則評論 · 1 張相片,11 個月前,4 顆星,推薦禮拜五來,https://www.google.com/maps/contrib/117516315299328679197/reviews?hl=zh-TW
武聖夜市,Yuji Yamada,"在地嚮導 · 76 則評論 · 1,240 張相片",11 個月前,4 顆星,食物種類豐富，半夜肚子餓了去散步也很有趣。,https://www.google.com/maps/contrib/113691614305130111121/reviews?hl=zh-TW
武聖夜市,19750312 on0423@gmail.com,2 則評論 · 2 張相片,11 個月前,5 顆星,,https://www.google.com/maps/contrib/109989036415293224938/reviews?hl=zh-TW
武聖夜市,臺中信義房屋文心崇德店-林家緯（家的事交給家緯）,"在地嚮導 · 252 則評論 · 2,694 張相片",11 個月前,5 顆星,"好棒棒夜市，應該全台好吃的攤販都在這了。
—————
想看更多美食景點歡迎點大頭🔥~🔥 …",https://www.google.com/maps/contrib/105387671806074317043/reviews?hl=zh-TW
武聖夜市,Jany Huang,在地嚮導 · 50 則評論 · 385 張相片,11 個月前,4 顆星,,https://www.google.com/maps/contrib/108432329587093332406/reviews?hl=zh-TW
武聖夜市,也帥帥,14 則評論 · 1 張相片,11 個月前,5 顆星,,https://www.google.com/maps/contrib/115758198596057128187/reviews?hl=zh-TW
武聖夜市,陳麒楓,"在地嚮導 · 198 則評論 · 1,712 張相片",11 個月前,4 顆星,有停車場不用付費輕鬆逛,https://www.google.com/maps/contrib/100562616067484487843/reviews?hl=zh-TW
武聖夜市,小吉0w0,4 則評論,11 個月前,5 顆星,人很多蠻熱鬧的，食物豐富好吃,https://www.google.com/maps/contrib/111351106710050165842/reviews?hl=zh-TW
武聖夜市,米瑟莉,在地嚮導 · 207 則評論 · 14 張相片,11 個月前,5 顆星,逛夜市🤣 …,https://www.google.com/maps/contrib/109131857800291652466/reviews?hl=zh-TW
武聖夜市,楊家勝,在地嚮導 · 26 則評論 · 19 張相片,11 個月前,5 顆星,,https://www.google.com/maps/contrib/111215427309145073180/reviews?hl=zh-TW
武聖夜市,Wu Anthony,"在地嚮導 · 889 則評論 · 7,647 張相片",11 個月前,5 顆星,"你好，我是安東尼。我是來自印尼的 Google 評論者。

這是一個夜市，出售各種美食、遊戲、景點、飲料等。 …",https://www.google.com/maps/contrib/110561422577939376703/reviews?hl=zh-TW
武聖夜市,蔡昆哲（Kun-Che Tsai）,在地嚮導 · 19 則評論 · 9 張相片,11 個月前,5 顆星,,https://www.google.com/maps/contrib/106578082979451016544/reviews?hl=zh-TW
武聖夜市,JeiKy Kim,在地嚮導 · 266 則評論 · 598 張相片,11 個月前,5 顆星,讚 好多人 但東西不錯吃,https://www.google.com/maps/contrib/114985595208129889872/reviews?hl=zh-TW
武聖夜市,啟名,3 則評論 · 2 張相片,11 個月前,4 顆星,,https://www.google.com/maps/contrib/110211665617685395193/reviews?hl=zh-TW
武聖夜市,Yu Hsiang,在地嚮導 · 34 則評論 · 301 張相片,11 個月前,5 顆星,,https://www.google.com/maps/contrib/118017977378873625797/reviews?hl=zh-TW
武聖夜市,黃迎信,在地嚮導 · 10 則評論 · 52 張相片,11 個月前,4 顆星,,https://www.google.com/maps/contrib/113822895606138265758/reviews?hl=zh-TW
武聖夜市,CHEE LOK WONG,5 則評論 · 1 張相片,11 個月前,5 顆星,,https://www.google.com/maps/contrib/105804895216389575774/reviews?hl=zh-TW
武聖夜市,타이(도라에몽),在地嚮導 · 375 則評論 · 706 張相片,11 個月前,5 顆星,"目前為止我去過的夜市中，有一個街區區。
它維護得很好，很容易看到，而且很乾淨。
週三來。  週邊環境 - 不同日期的華院和大同
好像沒有重疊，請檢查一下。",https://www.google.com/maps/contrib/106599436091869431463/reviews?hl=zh-TW
武聖夜市,陳吉裕,11 則評論 · 3 張相片,11 個月前,4 顆星,,https://www.google.com/maps/contrib/108378020494762541785/reviews?hl=zh-TW
武聖夜市,Peng瀧,在地嚮導 · 264 則評論 · 19 張相片,11 個月前,4 顆星,,https://www.google.com/maps/contrib/113188886470058890597/reviews?hl=zh-TW
武聖夜市,鄭經獻,5 則評論,11 個月前,5 顆星,,https://www.google.com/maps/contrib/108962273154722844303/reviews?hl=zh-TW
武聖夜市,N ea,13 則評論 · 1 張相片,11 個月前,5 顆星,,https://www.google.com/maps/contrib/115746083920616423576/reviews?hl=zh-TW
武聖夜市,吳文凱,在地嚮導 · 72 則評論 · 600 張相片,11 個月前,5 顆星,很多美食攤販集中在此處，滿足饕客的味蕾接地氣的小吃美食，適合來逛逛。,https://www.google.com/maps/contrib/100652766105157531223/reviews?hl=zh-TW
武聖夜市,林正宗,在地嚮導 · 12 則評論 · 993 張相片,11 個月前,5 顆星,,https://www.google.com/maps/contrib/109794475010605728706/reviews?hl=zh-TW
武聖夜市,Pin,在地嚮導 · 118 則評論 · 765 張相片,11 個月前,3 顆星,沒什麼特別的地方，不用特別來,https://www.google.com/maps/contrib/104140380005782521209/reviews?hl=zh-TW
武聖夜市,Vita Tsai,在地嚮導 · 109 則評論 · 108 張相片,11 個月前,5 顆星,"入口有一個調酒師國手街頭藝人，非常有熱誠且專業的表演，讓人為之動容，希望他之後能繼續加油！
攤販不多但都不錯吃，碳烤雞排/新疆烤肉串/香蕉煎餅(屬於改良版脆皮的)都蠻好吃！",https://www.google.com/maps/contrib/116749024327919275977/reviews?hl=zh-TW
武聖夜市,洪翊淇,在地嚮導 · 30 則評論 · 26 張相片,11 個月前,5 顆星,,https://www.google.com/maps/contrib/115513709468643930036/reviews?hl=zh-TW
武聖夜市,王博文,5 則評論 · 3 張相片,11 個月前,5 顆星,,https://www.google.com/maps/contrib/112914577270138643025/reviews?hl=zh-TW
武聖夜市,taishen li,在地嚮導 · 458 則評論 · 271 張相片,11 個月前,2 顆星,"是不難逛
但沒吃到好吃的
失望",https://www.google.com/maps/contrib/111824832762631278629/reviews?hl=zh-TW
武聖夜市,Wang Yu-Kai,"在地嚮導 · 890 則評論 · 3,868 張相片",11 個月前,5 顆星,"2024.05.18到訪
假日人潮非常多，隔壁停車場幾乎是大爆滿，動線又超難停，大家留意一下。 …",https://www.google.com/maps/contrib/109879731606843726701/reviews?hl=zh-TW
武聖夜市,Zack Wu,在地嚮導 · 32 則評論 · 99 張相片,11 個月前,5 顆星,,https://www.google.com/maps/contrib/107559397488156472874/reviews?hl=zh-TW
武聖夜市,Charissa Huang,在地嚮導 · 49 則評論 · 51 張相片,11 個月前,5 顆星,,https://www.google.com/maps/contrib/107687119395484816224/reviews?hl=zh-TW
武聖夜市,黃雅琳,在地嚮導 · 89 則評論 · 120 張相片,11 個月前,5 顆星,,https://www.google.com/maps/contrib/103051036018600187324/reviews?hl=zh-TW
武聖夜市,吳吉米,在地嚮導 · 12 則評論 · 2 張相片,11 個月前,5 顆星,,https://www.google.com/maps/contrib/108443836976923979221/reviews?hl=zh-TW
武聖夜市,陳成源,"在地嚮導 · 67 則評論 · 1,465 張相片",11 個月前,4 顆星,,https://www.google.com/maps/contrib/105920783190542191724/reviews?hl=zh-TW
武聖夜市,PP,在地嚮導 · 24 則評論 · 82 張相片,11 個月前,5 顆星,"京典酵素臭豆腐 小份$70，5星，豆腐外酥內噴汁，表面有灑胡椒鹽，再淋清醬汁，口味特別份量算多

蕃薯潘地瓜球總店 兩包$50，5星，黃的原味好吃 …",https://www.google.com/maps/contrib/113222934495813478870/reviews?hl=zh-TW
武聖夜市,安安心,4 則評論 · 1 張相片,11 個月前,4 顆星,,https://www.google.com/maps/contrib/102855513530498863635/reviews?hl=zh-TW
武聖夜市,晴晴,5 則評論 · 4 張相片,11 個月前,1 顆星,門口阿伯跟我說一堆車 在排隊沒位置 叫我多繞幾圈？ 我回來別的車又進來停車 阿伯到底有什麼問題？,https://www.google.com/maps/contrib/114947947977882255156/reviews?hl=zh-TW
武聖夜市,Lisa C.,在地嚮導 · 108 則評論 · 434 張相片,11 個月前,5 顆星,"滿多小孩子玩的設施！一定要買套票，比較划算！
$60單項，200$/4項～",https://www.google.com/maps/contrib/112117287982644620915/reviews?hl=zh-TW
武聖夜市,56施盈如,在地嚮導 · 40 則評論 · 25 張相片,11 個月前,5 顆星,能不能到一定的時間就管制擺攤的車輛，原本很開心逛夜市，有的擺攤的人很晚才開車來，然後跟人流搶位置，本來人能走的地方就很小，大台的車擋在路中間很難行走，這也就算了，今天六點的時候就遇到一台要去擺攤的車，六點人肯定很多，那台車直直開進人流，突然一個大轉彎，我站在旁邊也被嚇到，有人提醒他小心路人，不要開那麼快，她（他）還說：有撞到嗎？有撞到嗎？沒撞到在哪裡大聲什麼啦！跟她（他）同行的人也很囂張，他們還在擺攤的時候議論路人太激動，雖然我很喜歡這個夜市，但是要是再不管制擺攤車輛，哪天就會發生什麼意外，希望能參考一下建議哦,https://www.google.com/maps/contrib/113642405809697431359/reviews?hl=zh-TW
武聖夜市,王思涵,在地嚮導 · 61 則評論 · 4 張相片,11 個月前,5 顆星,停車場規劃滿清楚且車位算多,https://www.google.com/maps/contrib/116188289228660149214/reviews?hl=zh-TW
武聖夜市,李炯廷,在地嚮導 · 2 則評論 · 40 張相片,11 個月前,4 顆星,,https://www.google.com/maps/contrib/108594328970213081878/reviews?hl=zh-TW
武聖夜市,海星.,在地嚮導 · 16 則評論 · 2 張相片,11 個月前,5 顆星,,https://www.google.com/maps/contrib/112459095061647164791/reviews?hl=zh-TW
武聖夜市,Mark Chuang,在地嚮導 · 21 則評論 · 24 張相片,11 個月前,3 顆星,,https://www.google.com/maps/contrib/103474119345088044706/reviews?hl=zh-TW
武聖夜市,蔡小葵,在地嚮導 · 60 則評論 · 65 張相片,11 個月前,5 顆星,傳統夜市，吃喝玩樂的地方，偶爾還能挖到寶,https://www.google.com/maps/contrib/117051252423976960156/reviews?hl=zh-TW
武聖夜市,沉靜工作坊,在地嚮導 · 27 則評論 · 16 張相片,11 個月前,5 顆星,"台南人必逛的夜市，最喜歡外圍其中一家烤蚵仔🦪蛤蜊的攤販
想減肥又不怕有負擔 …",https://www.google.com/maps/contrib/105741220415636763007/reviews?hl=zh-TW
武聖夜市,陳俊輝,13 則評論 · 6 張相片,11 個月前,5 顆星,,https://www.google.com/maps/contrib/105333159864882258770/reviews?hl=zh-TW
武聖夜市,蘇暐棠,1 則評論 · 3 張相片,11 個月前,4 顆星,,https://www.google.com/maps/contrib/108803871452674198258/reviews?hl=zh-TW
武聖夜市,Amber Lin,"在地嚮導 · 136 則評論 · 1,102 張相片",11 個月前,5 顆星,武聖夜市的海口人鹽烤台灣鯛，現場直接吃大ㄓ$190新鮮美味的美食。,https://www.google.com/maps/contrib/116653414248800571543/reviews?hl=zh-TW
武聖夜市,萬炎彬,在地嚮導 · 21 則評論,11 個月前,5 顆星,台南夜市小吃...讚！,https://www.google.com/maps/contrib/109066122921175113723/reviews?hl=zh-TW
武聖夜市,許承恩,在地嚮導 · 13 則評論 · 2 張相片,11 個月前,1 顆星,,https://www.google.com/maps/contrib/113981649413480472002/reviews?hl=zh-TW
武聖夜市,Andy,在地嚮導 · 119 則評論 · 2 張相片,11 個月前,5 顆星,"最滿意的是一位阿伯的天津糖炒栗子
超讚…",https://www.google.com/maps/contrib/105755978218614172801/reviews?hl=zh-TW
武聖夜市,邱若沂,1 則評論,11 個月前,5 顆星,,https://www.google.com/maps/contrib/107988037863905795934/reviews?hl=zh-TW
武聖夜市,S OKN,在地嚮導 · 209 則評論 · 14 張相片,11 個月前,5 顆星,,https://www.google.com/maps/contrib/103992432315255226974/reviews?hl=zh-TW
武聖夜市,Little bun Kuo,在地嚮導 · 82 則評論 · 55 張相片,11 個月前,5 顆星,"台南在地老牌夜市
目前營業時間是每週三、五、六
不管是路線規劃還是攤販本身都很讚 …",https://www.google.com/maps/contrib/115418738250131639170/reviews?hl=zh-TW
武聖夜市,RavChi,在地嚮導 · 101 則評論 · 210 張相片,11 個月前,5 顆星,"不得不說 真的很大一個
重點是重複性質沒有那麼高
逛到選擇困難 …",https://www.google.com/maps/contrib/102321894261574359973/reviews?hl=zh-TW
武聖夜市,曾宇朋,在地嚮導 · 37 則評論 · 1 張相片,11 個月前,4 顆星,,https://www.google.com/maps/contrib/106260900675222150290/reviews?hl=zh-TW
武聖夜市,許復翔,7 則評論 · 2 張相片,11 個月前,1 顆星,攤販比以往的還要少 東西重複性也很高 也不便宜,https://www.google.com/maps/contrib/110146480952944834485/reviews?hl=zh-TW
武聖夜市,翁煥鈞,1 則評論,11 個月前,5 顆星,,https://www.google.com/maps/contrib/103814015448145204191/reviews?hl=zh-TW
武聖夜市,YJ,在地嚮導 · 23 則評論 · 16 張相片,11 個月前,5 顆星,,https://www.google.com/maps/contrib/112027067946981573823/reviews?hl=zh-TW
武聖夜市,Vincent,在地嚮導 · 101 則評論 · 257 張相片,11 個月前,5 顆星,不知道想要吃什麼，就是去武聖夜市,https://www.google.com/maps/contrib/102088138799900208264/reviews?hl=zh-TW
武聖夜市,阿展許,在地嚮導 · 34 則評論 · 116 張相片,11 個月前,5 顆星,有重車專用停車場，相當友善,https://www.google.com/maps/contrib/109793238824703245834/reviews?hl=zh-TW
武聖夜市,PooDin,105 則評論 · 39 張相片,11 個月前,5 顆星,好逛 東西非常好吃 讚讚讚！！,https://www.google.com/maps/contrib/118046781767495262009/reviews?hl=zh-TW
武聖夜市,嘉良,"在地嚮導 · 61 則評論 · 1,009 張相片",11 個月前,3 顆星,經過了20年再次回到這裡，只能說人事已非，不但攤位變少相對的逛的人也變少，不過還稱得上中型的夜市，吃的食物還算可以，但賣衣服的無論是女裝或者男裝，幾乎少之又少，真的可惜了！我想會造成這樣的局面，絕大多數都是目前的人，都已經習慣在網路線上購物，而攤位租金以及停車位也是一大問題！還是可以逛逛啦！,https://www.google.com/maps/contrib/115673547638717710431/reviews?hl=zh-TW
武聖夜市,薛琳,在地嚮導 · 23 則評論 · 1 張相片,11 個月前,5 顆星,,https://www.google.com/maps/contrib/104982219865382644483/reviews?hl=zh-TW
武聖夜市,劉沛沛,在地嚮導 · 45 則評論 · 26 張相片,11 個月前,4 顆星,,https://www.google.com/maps/contrib/117797000682423858929/reviews?hl=zh-TW
武聖夜市,YiXuan Lin,在地嚮導 · 117 則評論 · 4 張相片,11 個月前,5 顆星,"大東、花園連台南本地人想逛都擠不進去...
還是武聖逛的習慣也不會人潮多到只能站在入口看夜市",https://www.google.com/maps/contrib/114566467154064376298/reviews?hl=zh-TW
武聖夜市,潘佳璘,在地嚮導 · 51 則評論 · 1 張相片,11 個月前,3 顆星,,https://www.google.com/maps/contrib/103468783556783868438/reviews?hl=zh-TW
武聖夜市,宋安榆,在地嚮導 · 22 則評論 · 4 張相片,11 個月前,5 顆星,超級大的夜市 讚👍 …,https://www.google.com/maps/contrib/105128412943466973146/reviews?hl=zh-TW
武聖夜市,JX LIN,5 則評論 · 2 張相片,11 個月前,5 顆星,,https://www.google.com/maps/contrib/116822040752188445830/reviews?hl=zh-TW
武聖夜市,蘇侯偉,在地嚮導 · 5 則評論 · 628 張相片,11 個月前,5 顆星,,https://www.google.com/maps/contrib/103812410199644066807/reviews?hl=zh-TW
武聖夜市,吳宗熹,在地嚮導 · 94 則評論 · 2 張相片,11 個月前,3 顆星,一般般，不是很好逛的夜市，賣的東西沒有特色。,https://www.google.com/maps/contrib/115985318959143735338/reviews?hl=zh-TW
武聖夜市,luke lu,在地嚮導 · 115 則評論 · 599 張相片,11 個月前,4 顆星,,https://www.google.com/maps/contrib/118103451204001216294/reviews?hl=zh-TW
武聖夜市,斌斌,在地嚮導 · 90 則評論 · 229 張相片,11 個月前,5 顆星,,https://www.google.com/maps/contrib/115055061353325332489/reviews?hl=zh-TW
武聖夜市,Hong Taing,在地嚮導 · 82 則評論 · 255 張相片,11 個月前,5 顆星,很棒的當地市場。有很多食物、遊戲和家庭氛圍。,https://www.google.com/maps/contrib/116814419811791745267/reviews?hl=zh-TW
武聖夜市,彭子娟,3 則評論 · 2 張相片,11 個月前,5 顆星,,https://www.google.com/maps/contrib/106349983613553514545/reviews?hl=zh-TW
武聖夜市,Honest,在地嚮導 · 183 則評論 · 10 張相片,11 個月前,1 顆星,裡面有一間可以打靶紙的射氣球店家，槍都很黑心 根本打不到，還比打軍中400公尺t91難打 黑心店家,https://www.google.com/maps/contrib/107715866667908161849/reviews?hl=zh-TW
武聖夜市,Jack Yen,1 張相片,11 個月前,5 顆星,,https://www.google.com/maps/contrib/114925247686279214395/reviews?hl=zh-TW
武聖夜市,于瀚翔,在地嚮導 · 10 則評論,11 個月前,5 顆星,,https://www.google.com/maps/contrib/113845273595344970946/reviews?hl=zh-TW
武聖夜市,沈富美,在地嚮導 · 218 則評論 · 465 張相片,11 個月前,3 顆星,攤位種類選擇多，但偏飲食類，但交通較不便•,https://www.google.com/maps/contrib/111559961518188673191/reviews?hl=zh-TW
武聖夜市,Edison Chen,2 則評論,11 個月前,5 顆星,,https://www.google.com/maps/contrib/104281166686269113783/reviews?hl=zh-TW
武聖夜市,高霞霞,在地嚮導 · 58 則評論 · 9 張相片,11 個月前,3 顆星,"初次踩點
尚可
攤位重複性不少
覺得一般",https://www.google.com/maps/contrib/101986230308457513833/reviews?hl=zh-TW
武聖夜市,Zoe琳,在地嚮導 · 8 則評論 · 7 張相片,11 個月前,5 顆星,,https://www.google.com/maps/contrib/104878924082162518578/reviews?hl=zh-TW
武聖夜市,王寶興,在地嚮導 · 31 則評論 · 190 張相片,11 個月前,5 顆星,,https://www.google.com/maps/contrib/103597820081711844749/reviews?hl=zh-TW
武聖夜市,葉怡君,5 則評論 · 1 張相片,11 個月前,1 顆星,"停車動線太差！要去的人要三思而後行！
已經排到停車場卻告知要我們繞一圈重新排！",https://www.google.com/maps/contrib/101287899699033886706/reviews?hl=zh-TW
武聖夜市,林瑞南,在地嚮導 · 1 則評論 · 1 張相片,11 個月前,5 顆星,,https://www.google.com/maps/contrib/110895247979289016871/reviews?hl=zh-TW
武聖夜市,Mos,1 則評論,11 個月前,5 顆星,,https://www.google.com/maps/contrib/100902754803579529915/reviews?hl=zh-TW
武聖夜市,甘金生（ㄚ甘）,在地嚮導 · 57 則評論 · 234 張相片,11 個月前,5 顆星,"很多新奇的飲食攤位，人潮不擁擠，
讓人耳目一新~",https://www.google.com/maps/contrib/117308862308156080983/reviews?hl=zh-TW
武聖夜市,weiyu tu,在地嚮導 · 84 則評論 · 177 張相片,11 個月前,5 顆星,,https://www.google.com/maps/contrib/117187643700903861753/reviews?hl=zh-TW
武聖夜市,Alba Liao,"在地嚮導 · 927 則評論 · 3,871 張相片",11 個月前,3 顆星,有著夜市小吃，販售生活雜物，服飾等。,https://www.google.com/maps/contrib/112399824668540024024/reviews?hl=zh-TW
武聖夜市,郭哲甫,1 則評論,11 個月前,4 顆星,,https://www.google.com/maps/contrib/115525565702071096928/reviews?hl=zh-TW
武聖夜市,Ken Ah,在地嚮導 · 6 則評論 · 17 張相片,11 個月前,5 顆星,,https://www.google.com/maps/contrib/103353416080205576554/reviews?hl=zh-TW
武聖夜市,SGA,24 則評論 · 1 張相片,11 個月前,5 顆星,很棒的夜市 東西都很好吃,https://www.google.com/maps/contrib/112900983141072941702/reviews?hl=zh-TW
武聖夜市,季嵐,在地嚮導 · 16 則評論 · 18 張相片,11 個月前,4 顆星,"停車位挺多的，攤位的多樣性個人覺得比花園夜市更大，逛起來比較沒有那麼強烈的重複感。

雖然這個夜市不大，但是基本上常見的攤位都有，像是雞排、沙威瑪、夜市牛排、臭豆腐⋯⋯等。 …",https://www.google.com/maps/contrib/116242908222572399618/reviews?hl=zh-TW
武聖夜市,梁振輝,在地嚮導 · 185 則評論 · 235 張相片,11 個月前,3 顆星,算熱鬧，但規劃的不是很好，買吃的和不是吃定擺在同一條，有些就在隔壁,https://www.google.com/maps/contrib/101586259645310374734/reviews?hl=zh-TW
武聖夜市,郭芳銘,在地嚮導 · 22 則評論 · 2 張相片,11 個月前,3 顆星,,https://www.google.com/maps/contrib/107252151664687135971/reviews?hl=zh-TW
武聖夜市,陳政宏,在地嚮導 · 7 則評論 · 46 張相片,11 個月前,4 顆星,,https://www.google.com/maps/contrib/103219008559848934868/reviews?hl=zh-TW
武聖夜市,余包子,在地嚮導 · 185 則評論 · 876 張相片,11 個月前,3 顆星,停車場很大，人很多,https://www.google.com/maps/contrib/110747254780334901616/reviews?hl=zh-TW
武聖夜市,由暁斗最知,在地嚮導 · 98 則評論 · 64 張相片,11 個月前,4 顆星,,https://www.google.com/maps/contrib/106752948628594162839/reviews?hl=zh-TW
武聖夜市,Lorenz Tsai,在地嚮導 · 20 則評論 · 14 張相片,11 個月前,5 顆星,,https://www.google.com/maps/contrib/109019255921948907864/reviews?hl=zh-TW
武聖夜市,YingHui,在地嚮導 · 47 則評論 · 101 張相片,11 個月前,5 顆星,,https://www.google.com/maps/contrib/106159365157884884689/reviews?hl=zh-TW
武聖夜市,Bo xian Sung,在地嚮導 · 15 則評論 · 80 張相片,11 個月前,4 顆星,,https://www.google.com/maps/contrib/112233416859760373282/reviews?hl=zh-TW
武聖夜市,劉勇彰,"在地嚮導 · 73 則評論 · 5,878 張相片",11 個月前,4 顆星,,https://www.google.com/maps/contrib/110114735719970291287/reviews?hl=zh-TW
武聖夜市,蘇凱文,"在地嚮導 · 541 則評論 · 5,675 張相片",11 個月前,5 顆星,"非常喜歡這夜市
汽車免費停車 停車空間很大 很棒
夜市賣很多吃的都很好吃 好棒👍 …",https://www.google.com/maps/contrib/111282690636635182395/reviews?hl=zh-TW
武聖夜市,羅克,在地嚮導 · 194 則評論 · 100 張相片,11 個月前,5 顆星,可惜來早了，攤位多選擇多樣，還有小朋友可以遊戲的地方，下次再來逛逛。,https://www.google.com/maps/contrib/108361334989467348860/reviews?hl=zh-TW
武聖夜市,Yamaguchi Hiroshima,在地嚮導 · 30 則評論 · 2 張相片,11 個月前,1 顆星,,https://www.google.com/maps/contrib/105017942735379430893/reviews?hl=zh-TW
武聖夜市,黃仁杰,"在地嚮導 · 357 則評論 · 1,199 張相片",11 個月前,5 顆星,,https://www.google.com/maps/contrib/114969971404011157801/reviews?hl=zh-TW
武聖夜市,GAME K,在地嚮導 · 12 則評論 · 1 張相片,11 個月前,5 顆星,台南必來夜市～推薦,https://www.google.com/maps/contrib/104046560924313809127/reviews?hl=zh-TW
武聖夜市,吳昱霆,4 則評論 · 1 張相片,11 個月前,5 顆星,,https://www.google.com/maps/contrib/113007261238677708224/reviews?hl=zh-TW
武聖夜市,吳承駿,在地嚮導 · 7 則評論 · 3 張相片,11 個月前,4 顆星,,https://www.google.com/maps/contrib/116740217196181292100/reviews?hl=zh-TW
武聖夜市,白飯伴鹹清湯,7 則評論 · 3 張相片,11 個月前,5 顆星,,https://www.google.com/maps/contrib/112545355447635885625/reviews?hl=zh-TW
武聖夜市,Robert Lo,在地嚮導 · 224 則評論 · 168 張相片,11 個月前,5 顆星,好逛,https://www.google.com/maps/contrib/102387569132305040770/reviews?hl=zh-TW
武聖夜市,black boo,在地嚮導 · 16 則評論 · 2 張相片,11 個月前,5 顆星,,https://www.google.com/maps/contrib/101411511541219856319/reviews?hl=zh-TW
武聖夜市,on b,,11 個月前,4 顆星,,https://www.google.com/maps/contrib/109953228613161063927/reviews?hl=zh-TW
武聖夜市,方妤,在地嚮導 · 20 則評論 · 25 張相片,11 個月前,5 顆星,,https://www.google.com/maps/contrib/103487285708750786190/reviews?hl=zh-TW
武聖夜市,Chou 77,11 則評論 · 8 張相片,11 個月前,5 顆星,,https://www.google.com/maps/contrib/117135684575781957677/reviews?hl=zh-TW
武聖夜市,Debby Jiang,在地嚮導 · 79 則評論 · 149 張相片,11 個月前,2 顆星,,https://www.google.com/maps/contrib/106647158713073649453/reviews?hl=zh-TW
武聖夜市,小央央,在地嚮導 · 37 則評論 · 174 張相片,11 個月前,5 顆星,,https://www.google.com/maps/contrib/112976853837559159614/reviews?hl=zh-TW
武聖夜市,班長,"在地嚮導 · 423 則評論 · 1,204 張相片",11 個月前,5 顆星,很多好吃的東西，現在星期五也有擺喔,https://www.google.com/maps/contrib/114388779864815855381/reviews?hl=zh-TW
武聖夜市,ZY H,在地嚮導 · 2 則評論 · 1 張相片,11 個月前,5 顆星,,https://www.google.com/maps/contrib/110200599677124050375/reviews?hl=zh-TW
武聖夜市,黃仲衡,在地嚮導 · 6 則評論 · 40 張相片,11 個月前,5 顆星,,https://www.google.com/maps/contrib/106452452267405720857/reviews?hl=zh-TW
武聖夜市,RRR,在地嚮導 · 261 則評論 · 494 張相片,11 個月前,5 顆星,"從台南市中心可搭乘公車，沿途步行即可。
如果步行的話，大約需要20分鐘。 …",https://www.google.com/maps/contrib/115730017887578247664/reviews?hl=zh-TW
武聖夜市,郭耀中,3 則評論 · 5 張相片,11 個月前,5 顆星,,https://www.google.com/maps/contrib/104029989743134546284/reviews?hl=zh-TW
武聖夜市,Kuo Liang Chen,在地嚮導 · 63 則評論 · 650 張相片,11 個月前,5 顆星,,https://www.google.com/maps/contrib/109728327070269041545/reviews?hl=zh-TW
武聖夜市,莊記訓,在地嚮導 · 17 則評論,11 個月前,4 顆星,,https://www.google.com/maps/contrib/115564514336879670176/reviews?hl=zh-TW
武聖夜市,吳彥緯,在地嚮導 · 48 則評論 · 868 張相片,11 個月前,4 顆星,,https://www.google.com/maps/contrib/116352334412491644632/reviews?hl=zh-TW
武聖夜市,陳偉英,在地嚮導 · 50 則評論 · 22 張相片,11 個月前,4 顆星,全台南我覺得這家夜市比較好吃欸,https://www.google.com/maps/contrib/118247808297608749734/reviews?hl=zh-TW
武聖夜市,駝客駱,在地嚮導 · 1 則評論 · 49 張相片,11 個月前,5 顆星,,https://www.google.com/maps/contrib/103782723790591030696/reviews?hl=zh-TW
武聖夜市,林忠穎,在地嚮導 · 28 則評論 · 46 張相片,11 個月前,5 顆星,"好逛 很多好吃的
章魚燒讚讚真的有道地的日式風味
拔絲地瓜排好久但真的滿特別的 好吃",https://www.google.com/maps/contrib/112773658036854271730/reviews?hl=zh-TW
武聖夜市,Dianchang Huang,在地嚮導 · 5 則評論,11 個月前,2 顆星,勉勉強強。,https://www.google.com/maps/contrib/103628375552235413739/reviews?hl=zh-TW
武聖夜市,CC LEE,"在地嚮導 · 962 則評論 · 7,844 張相片",11 個月前,5 顆星,"台南人在地的夜市 拍賣攤的叫賣很有趣
吃的攤位沒有以前多",https://www.google.com/maps/contrib/100523775084472078863/reviews?hl=zh-TW
武聖夜市,林玟成,在地嚮導 · 103 則評論 · 90 張相片,11 個月前,5 顆星,,https://www.google.com/maps/contrib/102470062397650667846/reviews?hl=zh-TW
武聖夜市,蔡亞芸,在地嚮導 · 12 則評論 · 33 張相片,11 個月前,5 顆星,,https://www.google.com/maps/contrib/107450277217633757847/reviews?hl=zh-TW
武聖夜市,chieh14,在地嚮導 · 189 則評論 · 239 張相片,11 個月前,4 顆星,,https://www.google.com/maps/contrib/109931301468660815954/reviews?hl=zh-TW
武聖夜市,呂佳玲,7 則評論 · 11 張相片,11 個月前,5 顆星,在地的好夜市,https://www.google.com/maps/contrib/116423973091652265971/reviews?hl=zh-TW
武聖夜市,郭冠利,5 則評論,11 個月前,1 顆星,"疫情影響沒人逛，攤位都要生活下去的武聖夜市管理委員會租金一格還漲1000，我是攤位之一，擺了三十多年。
@精選趕走老攤販 …",https://www.google.com/maps/contrib/114145210134965971568/reviews?hl=zh-TW
武聖夜市,廖真宜,在地嚮導 · 8 則評論,11 個月前,5 顆星,,https://www.google.com/maps/contrib/113200750582579350405/reviews?hl=zh-TW
武聖夜市,cyt,在地嚮導 · 32 則評論 · 1 張相片,11 個月前,5 顆星,,https://www.google.com/maps/contrib/110583092866937562235/reviews?hl=zh-TW
武聖夜市,fun,2 則評論 · 4 張相片,11 個月前,5 顆星,,https://www.google.com/maps/contrib/113295371255675735786/reviews?hl=zh-TW
武聖夜市,cc c,在地嚮導 · 8 則評論 · 22 張相片,11 個月前,3 顆星,,https://www.google.com/maps/contrib/112438837391866660709/reviews?hl=zh-TW
武聖夜市,James Liu,在地嚮導 · 21 則評論 · 17 張相片,11 個月前,5 顆星,,https://www.google.com/maps/contrib/118275293330210219230/reviews?hl=zh-TW
武聖夜市,賴儀郡（Polina）,在地嚮導 · 11 則評論 · 19 張相片,11 個月前,5 顆星,,https://www.google.com/maps/contrib/111604622701444330478/reviews?hl=zh-TW
武聖夜市,Kelly Chen,在地嚮導 · 44 則評論 · 88 張相片,11 個月前,5 顆星,美食多👍大腸包小腸，沙琪瑪，陳家雞腳都是夜市有名又好吃的東西👍 …,https://www.google.com/maps/contrib/108195972306014451734/reviews?hl=zh-TW
武聖夜市,幽玄,在地嚮導 · 20 則評論 · 44 張相片,11 個月前,5 顆星,小時候好回憶,https://www.google.com/maps/contrib/117787571309426725986/reviews?hl=zh-TW
武聖夜市,林家億,1 則評論 · 1 張相片,11 個月前,5 顆星,,https://www.google.com/maps/contrib/104932045506795989566/reviews?hl=zh-TW
武聖夜市,陳金國,"在地嚮導 · 469 則評論 · 1,092 張相片",11 個月前,5 顆星,很多好吃,https://www.google.com/maps/contrib/106182675521062212895/reviews?hl=zh-TW
武聖夜市,施怡,"在地嚮導 · 619 則評論 · 2,493 張相片",11 個月前,5 顆星,蠻在地的夜市！不過好像不是每天都有的樣子～,https://www.google.com/maps/contrib/107140867518321976809/reviews?hl=zh-TW
武聖夜市,Jia Hong Keep,在地嚮導 · 859 則評論 · 74 張相片,1 年前,5 顆星,蠻多攤都沒了,https://www.google.com/maps/contrib/110874583292449576220/reviews?hl=zh-TW
武聖夜市,Yo Pabo,在地嚮導 · 42 則評論 · 8 張相片,1 年前,5 顆星,好吃東西很多 推,https://www.google.com/maps/contrib/115101873910153045087/reviews?hl=zh-TW
武聖夜市,翰翰,10 則評論 · 3 張相片,1 年前,4 顆星,,https://www.google.com/maps/contrib/111013642921804053827/reviews?hl=zh-TW
武聖夜市,SONG,在地嚮導 · 82 則評論 · 181 張相片,1 年前,4 顆星,,https://www.google.com/maps/contrib/108991552471772818460/reviews?hl=zh-TW
武聖夜市,Crystal Chiang,在地嚮導 · 42 則評論 · 353 張相片,1 年前,5 顆星,,https://www.google.com/maps/contrib/104700589066702164716/reviews?hl=zh-TW
武聖夜市,張國諭,在地嚮導 · 15 則評論 · 4 張相片,1 年前,4 顆星,建議搭車，開車不好停,https://www.google.com/maps/contrib/108172361809312445175/reviews?hl=zh-TW
武聖夜市,ToM chEN,"在地嚮導 · 1,790 則評論 · 15,515 張相片",1 年前,5 顆星,"在地台南人在逛的武聖夜市
台南在地歷史最悠久的40年老牌夜市超過500攤吃喝玩樂、6000坪汽機車停車場營業時間：每週三、五、六，晚上5:00至凌晨12:00",https://www.google.com/maps/contrib/111485780976159286345/reviews?hl=zh-TW
武聖夜市,潘彥傑,1 則評論,1 年前,5 顆星,,https://www.google.com/maps/contrib/113455603652077112136/reviews?hl=zh-TW
武聖夜市,minta Wu,在地嚮導 · 43 則評論 · 11 張相片,1 年前,5 顆星,很好逛,https://www.google.com/maps/contrib/113573151212005721552/reviews?hl=zh-TW
武聖夜市,施又彰,在地嚮導 · 1 張相片,1 年前,5 顆星,,https://www.google.com/maps/contrib/109647490631045150709/reviews?hl=zh-TW
武聖夜市,Adelina Ho,"在地嚮導 · 241 則評論 · 1,968 張相片",1 年前,4 顆星,第一次來逛，有很多小吃！也很多生活用品！尤其最驚訝的是小型遊樂區感覺很特別！,https://www.google.com/maps/contrib/113980390688251501410/reviews?hl=zh-TW
武聖夜市,Yosha Chou,在地嚮導 · 21 則評論 · 45 張相片,1 年前,5 顆星,,https://www.google.com/maps/contrib/103152948586611615239/reviews?hl=zh-TW
武聖夜市,EVA KWONG,在地嚮導 · 101 則評論 · 142 張相片,1 年前,5 顆星,"有好吃的，也有很雷的，中間位置有家夜市牛排的130牛排餐其實是小肉片
玩的部分大推弓箭攤
吃的部分大推入口的炸豬排、烤玉米，以及弓箭攤位的臭豆腐
喝的大推中間檸檬汁攤",https://www.google.com/maps/contrib/102024187033033079457/reviews?hl=zh-TW
武聖夜市,Greg Johnston,"在地嚮導 · 436 則評論 · 2,869 張相片",1 年前,3 顆星,"市場開始時下雨，然後放晴，有一些不錯的小吃攤。我們發現這個市場沒有那麼大或那麼有趣。也許是天氣原因。如果你在附近就去吧，但我不會特意去。
3b旅行者",https://www.google.com/maps/contrib/105407473326522597485/reviews?hl=zh-TW
武聖夜市,陳松喜,2 則評論,1 年前,5 顆星,,https://www.google.com/maps/contrib/113587108126813916501/reviews?hl=zh-TW
武聖夜市,布萊恩,在地嚮導 · 239 則評論 · 136 張相片,1 年前,4 顆星,"我是觀光客 第一次蒞臨
夜市很大 吃的攤位很多！",https://www.google.com/maps/contrib/104148053332507362489/reviews?hl=zh-TW
武聖夜市,郭宇晉,在地嚮導 · 27 則評論,1 年前,4 顆星,有超強的摩天輪跟超快速旋轉木馬,https://www.google.com/maps/contrib/113571545700008425482/reviews?hl=zh-TW
武聖夜市,Su Jason,在地嚮導 · 20 則評論 · 2 張相片,1 年前,5 顆星,,https://www.google.com/maps/contrib/105108458331469850503/reviews?hl=zh-TW
武聖夜市,林偉華,在地嚮導 · 29 則評論 · 294 張相片,1 年前,4 顆星,,https://www.google.com/maps/contrib/100320361814391938204/reviews?hl=zh-TW
武聖夜市,李成富,在地嚮導 · 16 則評論 · 80 張相片,1 年前,4 顆星,,https://www.google.com/maps/contrib/111215577538828737318/reviews?hl=zh-TW
武聖夜市,喵。帶著你的眼睛去旅行,"在地嚮導 · 1,782 則評論 · 32,758 張相片",1 年前,5 顆星,"武聖夜市為台南知名夜市，
營業時間是週三、週五、週六為主
內有停車場，基本上只要早到都有位置停 …",https://www.google.com/maps/contrib/111565582846713195667/reviews?hl=zh-TW
武聖夜市,呂明修,,1 年前,5 顆星,,https://www.google.com/maps/contrib/101115091359412745529/reviews?hl=zh-TW
武聖夜市,露可咪,在地嚮導 · 28 則評論 · 225 張相片,1 年前,4 顆星,跟旱溪夜市差不多感覺,https://www.google.com/maps/contrib/111674301016725675012/reviews?hl=zh-TW
武聖夜市,蔡杰少,4 則評論,1 年前,1 顆星,爛夜市,https://www.google.com/maps/contrib/104392588273021933437/reviews?hl=zh-TW
武聖夜市,林其峰,在地嚮導 · 141 則評論 · 48 張相片,1 年前,4 顆星,滿好逛的，比花園夜士，好逛多了,https://www.google.com/maps/contrib/106913071420150493596/reviews?hl=zh-TW
武聖夜市,張家豪,在地嚮導 · 109 則評論 · 318 張相片,1 年前,3 顆星,"雖然停車場很大6000坪，但缺乏管理，明顯看的出很多在地車輛佔用，那時去的時候才8點多就停不到位子了，車子也都亂停，找不到位子一直倒車，去的人要有心裡準備
*攤位還算多，很多攤位跟大東的差不多",https://www.google.com/maps/contrib/108090835323512276079/reviews?hl=zh-TW
武聖夜市,Whale Kuo,在地嚮導 · 209 則評論 · 230 張相片,1 年前,4 顆星,吃的種類蠻多 臺南人今年第一次來逛,https://www.google.com/maps/contrib/115521710119422097729/reviews?hl=zh-TW
武聖夜市,陳威樺,在地嚮導 · 196 則評論 · 92 張相片,1 年前,5 顆星,這裡是一個規劃很好的夜市，逛起來滿舒服的，不會太擠，攤販數量也很多，食物多樣。廁所不知在哪可以問攤販，整體感覺起來還不錯😃 …,https://www.google.com/maps/contrib/108350646228895816158/reviews?hl=zh-TW
武聖夜市,蔡育仁,在地嚮導 · 24 則評論 · 12 張相片,1 年前,4 顆星,夜市好像每個都一樣,https://www.google.com/maps/contrib/110442599747330337685/reviews?hl=zh-TW
武聖夜市,馮品瑄,在地嚮導 · 40 則評論 · 3 張相片,1 年前,3 顆星,拉了三天，哭,https://www.google.com/maps/contrib/118366754555441379577/reviews?hl=zh-TW
武聖夜市,趙勝,在地嚮導 · 21 則評論 · 10 張相片,1 年前,5 顆星,"機車停車場蠻大
方便停車好逛",https://www.google.com/maps/contrib/104239090109577801279/reviews?hl=zh-TW
武聖夜市,朱昱霖,10 則評論 · 2 張相片,1 年前,5 顆星,好吃好玩又好逛不輸給花園夜市,https://www.google.com/maps/contrib/114523952436227602300/reviews?hl=zh-TW
武聖夜市,朱俊霖,在地嚮導 · 16 則評論 · 5 張相片,1 年前,4 顆星,,https://www.google.com/maps/contrib/111030922360534310774/reviews?hl=zh-TW
武聖夜市,陳曉璦,在地嚮導 · 60 則評論 · 18 張相片,1 年前,4 顆星,,https://www.google.com/maps/contrib/102995747129528241251/reviews?hl=zh-TW
武聖夜市,Casper,在地嚮導 · 14 則評論 · 6 張相片,1 年前,4 顆星,,https://www.google.com/maps/contrib/113151449668137224965/reviews?hl=zh-TW
武聖夜市,許壁虎,11 則評論 · 8 張相片,1 年前,5 顆星,施記 特級好吃,https://www.google.com/maps/contrib/101947195828112300927/reviews?hl=zh-TW
武聖夜市,Liou程維（維大力）,11 則評論 · 4 張相片,1 年前,5 顆星,對開車來的人非常方便，又不擠，很舒服的步調,https://www.google.com/maps/contrib/115172975028502690484/reviews?hl=zh-TW
武聖夜市,陳郁仁,在地嚮導 · 15 則評論 · 1 張相片,1 年前,4 顆星,停車麻煩,https://www.google.com/maps/contrib/109446461740416005182/reviews?hl=zh-TW
武聖夜市,Chen Felix,在地嚮導 · 17 則評論 · 22 張相片,1 年前,5 顆星,,https://www.google.com/maps/contrib/101362450348756125268/reviews?hl=zh-TW
武聖夜市,en ch,在地嚮導 · 92 則評論 · 32 張相片,1 年前,5 顆星,,https://www.google.com/maps/contrib/101690593603572685499/reviews?hl=zh-TW
武聖夜市,SodaGrey,在地嚮導 · 41 則評論 · 110 張相片,1 年前,4 顆星,,https://www.google.com/maps/contrib/108667333547290960851/reviews?hl=zh-TW
武聖夜市,YEN LIANG LIU,16 則評論,1 年前,5 顆星,老台南人以前的小確幸，現在還是找有冷氣的店消費比較划算,https://www.google.com/maps/contrib/102689836614893219015/reviews?hl=zh-TW
武聖夜市,Shen Hua Lin,在地嚮導 · 342 則評論 · 222 張相片,1 年前,4 顆星,"當地夜市盛傳一組口訣
大大武花大武花
不是武花武花五花肉嘿 …",https://www.google.com/maps/contrib/115510239666952868195/reviews?hl=zh-TW
武聖夜市,鄭師杰,226 則評論 · 1 張相片,1 年前,4 顆星,中東沙威瑪讚,https://www.google.com/maps/contrib/105327665575790658223/reviews?hl=zh-TW
武聖夜市,黃驛勝,在地嚮導 · 9 則評論 · 8 張相片,1 年前,5 顆星,,https://www.google.com/maps/contrib/105625236388616891615/reviews?hl=zh-TW
武聖夜市,YuTing Huang,在地嚮導 · 11 則評論 · 17 張相片,1 年前,5 顆星,,https://www.google.com/maps/contrib/113658333008219381175/reviews?hl=zh-TW
武聖夜市,曹哲毓,在地嚮導 · 107 則評論 · 559 張相片,1 年前,5 顆星,,https://www.google.com/maps/contrib/103828112028261180190/reviews?hl=zh-TW
武聖夜市,王國禎,在地嚮導 · 11 則評論 · 19 張相片,1 年前,4 顆星,早點去停車方便，吃的重複不多,https://www.google.com/maps/contrib/104993950598729941453/reviews?hl=zh-TW
武聖夜市,黃淑惠,3 則評論,1 年前,5 顆星,"停車位有。但不多
早點去比較好停車",https://www.google.com/maps/contrib/116342044435779857383/reviews?hl=zh-TW
武聖夜市,徐噓,1 則評論 · 7 張相片,1 年前,5 顆星,,https://www.google.com/maps/contrib/110879423373552197914/reviews?hl=zh-TW
武聖夜市,Joanna&Marcus Liao,12 則評論 · 4 張相片,1 年前,4 顆星,有一間泡在滷汁裡的滷味超好吃（忘記名字）,https://www.google.com/maps/contrib/111507817701534157141/reviews?hl=zh-TW
武聖夜市,陳佳倩,在地嚮導 · 33 則評論 · 77 張相片,1 年前,5 顆星,其實也蠻好逛的，雖然不比花園夜市大，但也是一應具全,https://www.google.com/maps/contrib/111796544707896443541/reviews?hl=zh-TW
武聖夜市,蔡慧君,在地嚮導 · 9 則評論 · 25 張相片,1 年前,5 顆星,,https://www.google.com/maps/contrib/113220894844952129902/reviews?hl=zh-TW
武聖夜市,Emily Chou,8 則評論 · 3 張相片,1 年前,5 顆星,,https://www.google.com/maps/contrib/111614369472774810093/reviews?hl=zh-TW
武聖夜市,william liu,在地嚮導 · 121 則評論 · 214 張相片,1 年前,5 顆星,吃的東西算很多樣，假日人多，有停車場但通常不夠停需要找一下,https://www.google.com/maps/contrib/105480203490829279429/reviews?hl=zh-TW
武聖夜市,火焱,在地嚮導 · 122 則評論 · 753 張相片,1 年前,5 顆星,,https://www.google.com/maps/contrib/115871370096969364234/reviews?hl=zh-TW
武聖夜市,李明熹,63 則評論,1 年前,4 顆星,,https://www.google.com/maps/contrib/109317212441874153047/reviews?hl=zh-TW
武聖夜市,黃鳳英,3 則評論 · 2 張相片,1 年前,5 顆星,,https://www.google.com/maps/contrib/112468721004927480847/reviews?hl=zh-TW
武聖夜市,李靜蓉,在地嚮導 · 25 張相片,1 年前,5 顆星,,https://www.google.com/maps/contrib/115346686786827947278/reviews?hl=zh-TW
武聖夜市,盧蓉萱,在地嚮導 · 15 則評論 · 30 張相片,1 年前,5 顆星,,https://www.google.com/maps/contrib/105283569816054175864/reviews?hl=zh-TW
武聖夜市,吳俊興,在地嚮導 · 86 則評論 · 36 張相片,1 年前,4 顆星,台南前三夜市，必逛,https://www.google.com/maps/contrib/109986501048133219439/reviews?hl=zh-TW
武聖夜市,黃韡驊,3 則評論 · 3 張相片,1 年前,5 顆星,,https://www.google.com/maps/contrib/112700447425322381345/reviews?hl=zh-TW
武聖夜市,武子霆,4 則評論 · 2 張相片,1 年前,5 顆星,,https://www.google.com/maps/contrib/112315365272048711100/reviews?hl=zh-TW
武聖夜市,曾昭穎,在地嚮導 · 5 則評論 · 4 張相片,1 年前,5 顆星,,https://www.google.com/maps/contrib/112907000176080687639/reviews?hl=zh-TW
武聖夜市,後山勾勾,在地嚮導 · 140 則評論 · 106 張相片,1 年前,5 顆星,太厲害啦！武聖夜市好逛好買,https://www.google.com/maps/contrib/104350882363262404832/reviews?hl=zh-TW
武聖夜市,chang jeming,在地嚮導 · 30 則評論 · 67 張相片,1 年前,5 顆星,,https://www.google.com/maps/contrib/112972873730095129521/reviews?hl=zh-TW
武聖夜市,沖縄太郎,"在地嚮導 · 192 則評論 · 1,899 張相片",1 年前,4 顆星,"我很喜歡整個氣氛，包括夜店的人氣和熱鬧，還有昭和時代的懷舊感覺（打靶和拋環很流行）。
每家餐廳的食物都很美味，許多攤販在激烈的競爭中生存下來（儘管最終取決於個人喜好）。",https://www.google.com/maps/contrib/107798163363893100967/reviews?hl=zh-TW
武聖夜市,陳鉦軒（MIKE）,在地嚮導 · 45 則評論 · 30 張相片,1 年前,4 顆星,射汽球一滿靶🤔 …,https://www.google.com/maps/contrib/106908108245597857307/reviews?hl=zh-TW
武聖夜市,淑如田,在地嚮導 · 3 則評論 · 11 張相片,1 年前,4 顆星,,https://www.google.com/maps/contrib/117724337203573620329/reviews?hl=zh-TW
武聖夜市,王朦逸,在地嚮導 · 136 則評論 · 182 張相片,1 年前,5 顆星,,https://www.google.com/maps/contrib/114094395854984158493/reviews?hl=zh-TW
武聖夜市,51張智鈞,在地嚮導 · 124 則評論 · 109 張相片,1 年前,5 顆星,,https://www.google.com/maps/contrib/116154013822536116953/reviews?hl=zh-TW
武聖夜市,盧國進,在地嚮導 · 2 則評論 · 78 張相片,1 年前,3 顆星,,https://www.google.com/maps/contrib/115871025378756596395/reviews?hl=zh-TW
武聖夜市,翁裕超,9 則評論 · 3 張相片,1 年前,5 顆星,,https://www.google.com/maps/contrib/100904592102890494719/reviews?hl=zh-TW
武聖夜市,薛小靜,在地嚮導 · 99 則評論 · 54 張相片,1 年前,4 顆星,,https://www.google.com/maps/contrib/116695119663206344810/reviews?hl=zh-TW
武聖夜市,蕭夫凱,2 則評論,1 年前,5 顆星,,https://www.google.com/maps/contrib/113946157139722748879/reviews?hl=zh-TW
武聖夜市,Jaskaran Singh,在地嚮導 · 6 則評論 · 35 張相片,1 年前,4 顆星,,https://www.google.com/maps/contrib/106142188454231236401/reviews?hl=zh-TW
武聖夜市,廖英祥,4 則評論,1 年前,4 顆星,,https://www.google.com/maps/contrib/107062736147845141407/reviews?hl=zh-TW
武聖夜市,譚翠菱,在地嚮導 · 19 則評論 · 38 張相片,1 年前,5 顆星,"還是一樣熱鬧⋯可惜⋯三兄弟沒來擺攤
專程來買螃蟹的説😳 …",https://www.google.com/maps/contrib/110869265078435296143/reviews?hl=zh-TW
武聖夜市,蓮雨眠（凝玥）,1 則評論 · 1 張相片,1 年前,5 顆星,,https://www.google.com/maps/contrib/101808952795482012618/reviews?hl=zh-TW
武聖夜市,Eric Hart,在地嚮導 · 251 則評論 · 270 張相片,1 年前,5 顆星,"好逛
好吃
好玩 …",https://www.google.com/maps/contrib/100049077957563621445/reviews?hl=zh-TW
武聖夜市,林祈安,在地嚮導 · 9 則評論,1 年前,4 顆星,,https://www.google.com/maps/contrib/106458538208020364586/reviews?hl=zh-TW
武聖夜市,Vi,在地嚮導 · 164 則評論 · 130 張相片,1 年前,5 顆星,"溫馨，東西多，很多選擇！
麻辣魚蛋、炸皮蛋、木瓜牛奶…etc.",https://www.google.com/maps/contrib/102381886382696972421/reviews?hl=zh-TW
武聖夜市,Tom Ng,4 則評論 · 1 張相片,1 年前,4 顆星,,https://www.google.com/maps/contrib/106853554849072789385/reviews?hl=zh-TW
武聖夜市,林育宣,在地嚮導 · 10 則評論 · 10 張相片,1 年前,5 顆星,,https://www.google.com/maps/contrib/101952900770410691607/reviews?hl=zh-TW
武聖夜市,蘇雅津,在地嚮導 · 38 則評論 · 18 張相片,1 年前,5 顆星,很好逛的夜市，要吃什麼都有。,https://www.google.com/maps/contrib/117790418909869354503/reviews?hl=zh-TW
武聖夜市,ハスキーネコ,在地嚮導 · 16 則評論 · 15 張相片,1 年前,5 顆星,"魯鳥蛋這個經典😭😭我在台中根本找不到
武聖居然有太幸福了 …",https://www.google.com/maps/contrib/102866011907834603794/reviews?hl=zh-TW
武聖夜市,沫默,在地嚮導 · 194 則評論 · 404 張相片,1 年前,5 顆星,,https://www.google.com/maps/contrib/112298325595268511764/reviews?hl=zh-TW
武聖夜市,wez,4 則評論,1 年前,5 顆星,攤販種類眾多，美食更是目不暇給，適合全家閒晃夜市的好去處。,https://www.google.com/maps/contrib/107072025276274765959/reviews?hl=zh-TW
武聖夜市,Jackal Lu,在地嚮導 · 4 則評論 · 22 張相片,1 年前,4 顆星,,https://www.google.com/maps/contrib/104890780420923067659/reviews?hl=zh-TW
武聖夜市,泡芙姐,在地嚮導 · 195 則評論 · 20 張相片,1 年前,5 顆星,好逛,https://www.google.com/maps/contrib/117590670325735182976/reviews?hl=zh-TW
武聖夜市,Siau Ngoh Choy,在地嚮導 · 34 則評論 · 16 張相片,1 年前,3 顆星,幾乎沒有地方可以坐下來吃飯,https://www.google.com/maps/contrib/108896934608696053102/reviews?hl=zh-TW
武聖夜市,胡敬達,10 則評論 · 1 張相片,1 年前,4 顆星,攤販態度大部分都不錯👍👍買了飲料滷味烤生蠔都好吃，除了花生捲冰淇淋花生糖很少香菜更少，老闆娘態度又愛理不理，難怪整個夜市只有花生捲冰淇淋這攤不用排隊，拍甲嘎 …,https://www.google.com/maps/contrib/113964048509422635219/reviews?hl=zh-TW
武聖夜市,xi,在地嚮導 · 8 則評論 · 4 張相片,1 年前,5 顆星,,https://www.google.com/maps/contrib/116300164087820891977/reviews?hl=zh-TW
武聖夜市,蕭珮珊,7 則評論 · 3 張相片,1 年前,5 顆星,,https://www.google.com/maps/contrib/102425826539777965576/reviews?hl=zh-TW
武聖夜市,郭姵廷,在地嚮導 · 163 則評論 · 239 張相片,1 年前,5 顆星,讚死還有摩天輪可以坐⋯,https://www.google.com/maps/contrib/105089828277363126270/reviews?hl=zh-TW
武聖夜市,Raymond Lei,在地嚮導 · 25 則評論 · 23 張相片,1 年前,5 顆星,"這裡的摩天輪等遊樂設施小小孩很喜歡～可以買的攤位很多、重複性低！比大東東厲害唷～

可以到youtube搜尋＜小墨魚游來游去＞看更多！",https://www.google.com/maps/contrib/118173159191211076024/reviews?hl=zh-TW
武聖夜市,王豪豪,在地嚮導 · 174 則評論 · 8 張相片,1 年前,5 顆星,台南好逛的夜市之一,https://www.google.com/maps/contrib/104954777588194834785/reviews?hl=zh-TW
武聖夜市,伍家平,11 則評論,1 年前,5 顆星,,https://www.google.com/maps/contrib/115963061380474177709/reviews?hl=zh-TW
武聖夜市,陳允豪,在地嚮導 · 35 則評論 · 18 張相片,1 年前,4 顆星,攤販多 熱鬧 寬敞 動線設計優良,https://www.google.com/maps/contrib/115403851849198585018/reviews?hl=zh-TW
武聖夜市,吳應銘,在地嚮導 · 107 則評論 · 80 張相片,1 年前,5 顆星,,https://www.google.com/maps/contrib/115472416928624974357/reviews?hl=zh-TW
武聖夜市,劉建明,4 則評論 · 1 張相片,1 年前,5 顆星,,https://www.google.com/maps/contrib/112861413770679320503/reviews?hl=zh-TW
武聖夜市,石頭石頭石頭石頭,在地嚮導 · 57 則評論 · 74 張相片,1 年前,5 顆星,碳烤雞排讚，好好粗,https://www.google.com/maps/contrib/110071875957053168165/reviews?hl=zh-TW
武聖夜市,黃敏希,在地嚮導 · 119 則評論 · 281 張相片,1 年前,5 顆星,"好吃好玩令人驚艷
希望抽菸的少一點",https://www.google.com/maps/contrib/112749222857543098147/reviews?hl=zh-TW
武聖夜市,雲淡風輕,在地嚮導 · 153 則評論 · 551 張相片,1 年前,2 顆星,無聊,https://www.google.com/maps/contrib/110510196531077093465/reviews?hl=zh-TW
武聖夜市,C C,在地嚮導 · 6 則評論 · 1 張相片,1 年前,4 顆星,,https://www.google.com/maps/contrib/101434113211751129943/reviews?hl=zh-TW
武聖夜市,游政賢,在地嚮導 · 18 則評論 · 5 張相片,1 年前,5 顆星,雞之霸四川麻辣香鍋炒炸雞好吃👍！ …,https://www.google.com/maps/contrib/104430363915384802878/reviews?hl=zh-TW
武聖夜市,黃熾宏,在地嚮導 · 163 則評論 · 316 張相片,1 年前,4 顆星,"台南知名夜市
建議騎車，開車的話要停遠一點走過來",https://www.google.com/maps/contrib/107316331439959220514/reviews?hl=zh-TW
武聖夜市,Chiu ka wai,在地嚮導 · 13 則評論 · 21 張相片,1 年前,5 顆星,,https://www.google.com/maps/contrib/103337339156047043318/reviews?hl=zh-TW
武聖夜市,黃美夏,3 則評論,1 年前,1 顆星,是先打電話問店家，今晚有沒有在大東夜市擺攤，店家說有！結果去現場要買，店家根本沒去擺攤，再打好幾通電話尋問，電話都不接，很惡劣，欺騙消費者。,https://www.google.com/maps/contrib/103160412598084832170/reviews?hl=zh-TW
武聖夜市,Hank Guo,在地嚮導 · 10 則評論,1 年前,5 顆星,,https://www.google.com/maps/contrib/111012869019987591858/reviews?hl=zh-TW
武聖夜市,Zick Huang,"在地嚮導 · 27 則評論 · 1,964 張相片",1 年前,5 顆星,,https://www.google.com/maps/contrib/102701957241525069398/reviews?hl=zh-TW
武聖夜市,Martin Tang,"在地嚮導 · 37 則評論 · 3,392 張相片",1 年前,4 顆星,,https://www.google.com/maps/contrib/109491596116953232202/reviews?hl=zh-TW
武聖夜市,syuan,在地嚮導 · 11 則評論 · 4 張相片,1 年前,1 顆星,,https://www.google.com/maps/contrib/113567471565696564720/reviews?hl=zh-TW
武聖夜市,David T,在地嚮導 · 81 則評論 · 280 張相片,1 年前,3 顆星,清明連假來這逛了一圈，可能有年紀了，東西並沒有吸引我們購買，到處人擠人感覺並不舒服，30分鐘後我們空手離開了這個夜市，走回民宿後我又出門去超商買了御飯糰跟飲料回去當宵夜吃。,https://www.google.com/maps/contrib/116206233090956608369/reviews?hl=zh-TW
武聖夜市,Chien yao Hung,5 則評論 · 1 張相片,1 年前,5 顆星,,https://www.google.com/maps/contrib/103388704409381681819/reviews?hl=zh-TW
武聖夜市,Yu平哥,,1 年前,5 顆星,,https://www.google.com/maps/contrib/100586149414943067168/reviews?hl=zh-TW
武聖夜市,HA CHUNG,在地嚮導 · 8 則評論 · 1 張相片,1 年前,4 顆星,,https://www.google.com/maps/contrib/117489373859922656468/reviews?hl=zh-TW
武聖夜市,envoy pan,在地嚮導 · 40 則評論 · 7 張相片,1 年前,5 顆星,還不錯、花園夜市的另一選擇,https://www.google.com/maps/contrib/106292680577234945473/reviews?hl=zh-TW
武聖夜市,牛肉麵速力達母,在地嚮導 · 65 則評論 · 49 張相片,1 年前,5 顆星,走在路上看到一堆可悲8+9，吃個飯真的不想看到猴子🐒 …,https://www.google.com/maps/contrib/109677794605890951740/reviews?hl=zh-TW
武聖夜市,陳宗逸,1 則評論,1 年前,5 顆星,,https://www.google.com/maps/contrib/101520829683892124279/reviews?hl=zh-TW
武聖夜市,Giovanni Motta,在地嚮導 · 4 則評論 · 155 張相片,1 年前,5 顆星,,https://www.google.com/maps/contrib/109400808564313524912/reviews?hl=zh-TW
武聖夜市,盧立偉,在地嚮導 · 38 則評論 · 23 張相片,1 年前,5 顆星,,https://www.google.com/maps/contrib/109857391595246695634/reviews?hl=zh-TW
武聖夜市,楊止頤,在地嚮導,1 年前,5 顆星,,https://www.google.com/maps/contrib/111151721233510807430/reviews?hl=zh-TW
武聖夜市,王小狐,在地嚮導 · 33 則評論 · 3 張相片,1 年前,4 顆星,很多攤位,https://www.google.com/maps/contrib/111705747823618707944/reviews?hl=zh-TW
武聖夜市,老蕭彬宏,在地嚮導 · 108 則評論 · 219 張相片,1 年前,4 顆星,居然有小型遊樂設施😅注意安全唷 …,https://www.google.com/maps/contrib/111152785527556446451/reviews?hl=zh-TW
武聖夜市,黃彥碩,在地嚮導 · 33 則評論 · 15 張相片,1 年前,4 顆星,,https://www.google.com/maps/contrib/115961180545295717694/reviews?hl=zh-TW
武聖夜市,王信義,在地嚮導 · 16 則評論,1 年前,5 顆星,夠大，東西滿多的，有停車場,https://www.google.com/maps/contrib/116905905047266591313/reviews?hl=zh-TW
武聖夜市,黃俊豪,9 則評論 · 2 張相片,1 年前,5 顆星,,https://www.google.com/maps/contrib/111957126422445218730/reviews?hl=zh-TW
武聖夜市,30瑀彤,在地嚮導 · 8 則評論 · 239 張相片,1 年前,5 顆星,,https://www.google.com/maps/contrib/117286749169862904293/reviews?hl=zh-TW
武聖夜市,Elaine Hsieh,在地嚮導 · 88 則評論 · 184 張相片,1 年前,5 顆星,有免費停車場,https://www.google.com/maps/contrib/106263899953341966684/reviews?hl=zh-TW
武聖夜市,Lucy Lu,在地嚮導 · 22 則評論 · 26 張相片,1 年前,5 顆星,比花園夜市小，但也是很多好吃的，還不錯,https://www.google.com/maps/contrib/117179978460299185081/reviews?hl=zh-TW
武聖夜市,王耀宗,在地嚮導 · 13 則評論,1 年前,5 顆星,辣嬤的牡蠣生蠔煎讓人懷念😋裡面坐位多👌不用站著排隊等👍 …,https://www.google.com/maps/contrib/106543396822748701258/reviews?hl=zh-TW
武聖夜市,莊大長,在地嚮導 · 33 則評論 · 92 張相片,1 年前,4 顆星,美食很多，超好逛，但越來越難停車！不是等很久，就是沒有車位要放棄，建議騎機車，但這樣就是沒有辦法一家人一起去！,https://www.google.com/maps/contrib/116644713422716171130/reviews?hl=zh-TW
武聖夜市,王忠正,在地嚮導 · 83 則評論 · 243 張相片,1 年前,5 顆星,,https://www.google.com/maps/contrib/104284664470962985359/reviews?hl=zh-TW
武聖夜市,예제럴드,在地嚮導 · 49 則評論 · 124 張相片,1 年前,4 顆星,夜市很大！由於我們去的比較早，所以很多店還在裝潢。,https://www.google.com/maps/contrib/105937180018163611504/reviews?hl=zh-TW
武聖夜市,陳品逸,在地嚮導 · 53 則評論 · 9 張相片,1 年前,5 顆星,,https://www.google.com/maps/contrib/107124799611418567202/reviews?hl=zh-TW
武聖夜市,瑛季陳,在地嚮導 · 96 則評論 · 60 張相片,1 年前,5 顆星,我這個台北聳，很贊美武聖夜市攤位多，東西多，人潮多，逛起來高興，來台南還要逛,https://www.google.com/maps/contrib/110734515672682329268/reviews?hl=zh-TW
武聖夜市,黃威升,在地嚮導 · 2 則評論 · 82 張相片,1 年前,5 顆星,,https://www.google.com/maps/contrib/107091733621114672321/reviews?hl=zh-TW
武聖夜市,錢志平,在地嚮導 · 13 則評論 · 93 張相片,1 年前,4 顆星,,https://www.google.com/maps/contrib/108463326395834468525/reviews?hl=zh-TW
武聖夜市,隨便亂攝,在地嚮導 · 77 則評論 · 258 張相片,1 年前,3 顆星,"這家關東煮好貴，這樣$500⋯⋯😑
臭臭鍋價格超實在🥰
拔絲地瓜芋頭，排隊排很久記得多買一點☺️ …",https://www.google.com/maps/contrib/103929834738465638373/reviews?hl=zh-TW
武聖夜市,陳木祥,1 則評論 · 1 張相片,1 年前,4 顆星,,https://www.google.com/maps/contrib/101229674253521088831/reviews?hl=zh-TW
武聖夜市,Jain Lin,在地嚮導 · 42 則評論 · 425 張相片,1 年前,4 顆星,,https://www.google.com/maps/contrib/109985165314749075195/reviews?hl=zh-TW
武聖夜市,CC CHANG,在地嚮導 · 84 則評論 · 2 張相片,1 年前,4 顆星,"越來越多攤位,種類多,也有職業鏢店可練習及比賽",https://www.google.com/maps/contrib/112458380071428383347/reviews?hl=zh-TW
武聖夜市,yi Rul,在地嚮導 · 36 則評論 · 9 張相片,1 年前,5 顆星,,https://www.google.com/maps/contrib/112972802283272099947/reviews?hl=zh-TW
武聖夜市,Sebastian Ho,在地嚮導 · 25 則評論 · 677 張相片,1 年前,5 顆星,,https://www.google.com/maps/contrib/115491893421632245498/reviews?hl=zh-TW
武聖夜市,南極仙貝,在地嚮導 · 38 則評論 · 17 張相片,1 年前,4 顆星,交通有點亂，但還是不錯的夜市,https://www.google.com/maps/contrib/115655523302132187379/reviews?hl=zh-TW
武聖夜市,Xuan Wu,在地嚮導 · 45 則評論 · 21 張相片,1 年前,5 顆星,"玩的東西蠻多的
很好逛",https://www.google.com/maps/contrib/114797213706075257107/reviews?hl=zh-TW
武聖夜市,陳國雄,,1 年前,5 顆星,,https://www.google.com/maps/contrib/116304585240794361136/reviews?hl=zh-TW
武聖夜市,韓夢慈,"在地嚮導 · 156 則評論 · 1,439 張相片",1 年前,5 顆星,還是武聖夜市比較多選擇，吃的東西跟衣服還有其他商品，有很多攤販可以買.,https://www.google.com/maps/contrib/114688430189345243069/reviews?hl=zh-TW
武聖夜市,謝毅霖,在地嚮導 · 26 則評論 · 10 張相片,1 年前,5 顆星,,https://www.google.com/maps/contrib/100818469613114116578/reviews?hl=zh-TW
武聖夜市,劉定輝,7 則評論 · 17 張相片,1 年前,5 顆星,有免費停車場，動線清楚，最重要的是厠所也滿多間，沒有來過可以來試看看。,https://www.google.com/maps/contrib/101776738286877910506/reviews?hl=zh-TW
武聖夜市,豬柒戒,在地嚮導 · 111 則評論 · 3 張相片,1 年前,5 顆星,太晚沒東c,https://www.google.com/maps/contrib/115102735774846353141/reviews?hl=zh-TW
武聖夜市,楊翰昇,在地嚮導 · 1 則評論,1 年前,4 顆星,,https://www.google.com/maps/contrib/118110060576840390987/reviews?hl=zh-TW
武聖夜市,洽洽,在地嚮導 · 34 則評論 · 259 張相片,1 年前,5 顆星,,https://www.google.com/maps/contrib/113636724864644594824/reviews?hl=zh-TW
武聖夜市,Mao L,9 則評論 · 14 張相片,1 年前,3 顆星,物價偏高，東西不多，不好停車,https://www.google.com/maps/contrib/115084859049712441918/reviews?hl=zh-TW
武聖夜市,梁華仁,12 則評論,1 年前,5 顆星,熱鬧,https://www.google.com/maps/contrib/103298970592253211869/reviews?hl=zh-TW
武聖夜市,桓,8 則評論 · 3 張相片,1 年前,5 顆星,假日人潮眾多，不過有買的東西都很好吃！,https://www.google.com/maps/contrib/107962931368012838590/reviews?hl=zh-TW
武聖夜市,廖蕙瑢,在地嚮導 · 26 則評論 · 6 張相片,1 年前,5 顆星,,https://www.google.com/maps/contrib/117732032550593071940/reviews?hl=zh-TW
武聖夜市,蘇郁惠,在地嚮導 · 40 則評論 · 79 張相片,1 年前,5 顆星,"真懷念的古早味夜市～
還保留了很多夜市的原汁原味
食物都好好吃🤤 居然還有遊樂設施🛝 …",https://www.google.com/maps/contrib/116800177141623418026/reviews?hl=zh-TW
武聖夜市,黃將,6 則評論,1 年前,5 顆星,,https://www.google.com/maps/contrib/112750974210558646305/reviews?hl=zh-TW
武聖夜市,22方賜美,在地嚮導 · 90 則評論 · 13 張相片,1 年前,2 顆星,每個攤商都圍著自己的攤位生怕別人佔自己便宜而圍得水洩不通，想這吃點那邊買點坐得位置都隔著竹籬笆或東西阻擋沒有暢通感。就像各人自掃門前雪不管他人瓦上霜！東西都還不錯吃。（2顆星是指有些攤販自私自利沒有同理心！！）所以體驗感不是很舒服！！！,https://www.google.com/maps/contrib/115922051318883697211/reviews?hl=zh-TW
武聖夜市,R,在地嚮導 · 42 則評論 · 12 張相片,1 年前,5 顆星,機車族好停車，攤位很多，有吃有玩很棒,https://www.google.com/maps/contrib/108227378414001310879/reviews?hl=zh-TW
武聖夜市,Hsuan Liu,在地嚮導 · 72 則評論 · 48 張相片,1 年前,5 顆星,,https://www.google.com/maps/contrib/111449022820698693037/reviews?hl=zh-TW
武聖夜市,Yun S,在地嚮導 · 83 則評論 · 103 張相片,1 年前,5 顆星,"台南最喜歡的夜市，
人潮不會像花園和大東這麼可怕
吃喝玩樂也沒有比花園和大東少",https://www.google.com/maps/contrib/104994319342541736301/reviews?hl=zh-TW
武聖夜市,郭政銓,8 則評論 · 3 張相片,1 年前,5 顆星,,https://www.google.com/maps/contrib/113990176922426501317/reviews?hl=zh-TW
武聖夜市,何如佩,在地嚮導 · 13 則評論 · 24 張相片,1 年前,5 顆星,超讚美食，難怪人說是全台灣的美食天堂,https://www.google.com/maps/contrib/108666923559694359227/reviews?hl=zh-TW
武聖夜市,施鴻昌,在地嚮導 · 19 則評論 · 8 張相片,1 年前,5 顆星,整齊,https://www.google.com/maps/contrib/117740495203098756184/reviews?hl=zh-TW
武聖夜市,周孟君,5 則評論 · 2 張相片,1 年前,5 顆星,販賣的東西很多樣性,https://www.google.com/maps/contrib/101683279452413950145/reviews?hl=zh-TW
武聖夜市,王傑麟,在地嚮導 · 32 則評論 · 5 張相片,1 年前,1 顆星,停車場的工作人員態度超他嗎的差環境還很髒亂,https://www.google.com/maps/contrib/111795766593258411554/reviews?hl=zh-TW
武聖夜市,蘇駿華,在地嚮導 · 64 則評論 · 15 張相片,1 年前,5 顆星,假日車潮多 有人引導如何停車 夜市也好逛🙂 …,https://www.google.com/maps/contrib/106712995638970764382/reviews?hl=zh-TW
武聖夜市,波妞,"在地嚮導 · 432 則評論 · 1,182 張相片",1 年前,4 顆星,,https://www.google.com/maps/contrib/101623292532859529003/reviews?hl=zh-TW
武聖夜市,James Tsai,在地嚮導 · 6 則評論 · 1 張相片,1 年前,5 顆星,,https://www.google.com/maps/contrib/117197164441378893681/reviews?hl=zh-TW
武聖夜市,詹媚州,在地嚮導 · 64 則評論 · 39 張相片,1 年前,5 顆星,在台南武聖夜市漫步，彷彿進入美食的天堂。街頭飄著誘人香氣，各式各樣的小吃盡在眼前：從鹹脆的蚵仔煎到甜美的豆花，應有盡有，每一口都是滿滿的幸福滋味。這裡不僅是味蕾的享受，更是一場對台南美食文化的饗宴。,https://www.google.com/maps/contrib/115036050922583675256/reviews?hl=zh-TW
武聖夜市,李銘仁,7 則評論 · 5 張相片,1 年前,3 顆星,,https://www.google.com/maps/contrib/106520528725203116482/reviews?hl=zh-TW
武聖夜市,thu nguyen,"在地嚮導 · 197 則評論 · 1,650 張相片",1 年前,5 顆星,我們在台南的時間有限，但我們很幸運能夠抽出一些時間來這個地方，因為這個地方很瘋狂。它很大，擠滿了許多小吃攤，我們嘗試的一切都很棒。台南可能不是頂級的旅遊目的地，但它的美食無疑是台灣最好的，這裡的夜市也不是開玩笑的。可惜每個夜市一週只開放幾個晚上，所以記得檢查一下開放時間,https://www.google.com/maps/contrib/103337108739186247984/reviews?hl=zh-TW
武聖夜市,Titan Chang,在地嚮導 · 239 則評論 · 108 張相片,1 年前,4 顆星,"在台南天天有夜市可以逛
這裡吃的穿的玩的都有
攤位多  超好逛",https://www.google.com/maps/contrib/103945545635883497828/reviews?hl=zh-TW
武聖夜市,James Chen,在地嚮導 · 400 則評論 · 341 張相片,1 年前,5 顆星,有空氣槍和射箭可玩,https://www.google.com/maps/contrib/108580996698995099929/reviews?hl=zh-TW
武聖夜市,Kimi Wang,在地嚮導 · 180 則評論 · 145 張相片,1 年前,5 顆星,很久以前小小的沒那麼多攤位，過了好幾年再次到訪真的覺得規劃的很好，停車場很大，有專人指揮，東西好吃多樣，不會人多到不好走，不過又維持人氣，很棒,https://www.google.com/maps/contrib/106158950990186346350/reviews?hl=zh-TW
武聖夜市,Lu Lucas,1 則評論 · 1 張相片,1 年前,3 顆星,,https://www.google.com/maps/contrib/110005211903649743335/reviews?hl=zh-TW
武聖夜市,Karen Yu,10 則評論,1 年前,5 顆星,美食集散地👍 …,https://www.google.com/maps/contrib/113559841750039078156/reviews?hl=zh-TW
武聖夜市,Fan Lin,在地嚮導 · 64 則評論 · 8 張相片,1 年前,5 顆星,攤子幾乎很少重複，而且很好逛，規劃得很好，走道很寬，不會人擠人。,https://www.google.com/maps/contrib/112307313072510623132/reviews?hl=zh-TW
武聖夜市,藤羽希,在地嚮導 · 58 則評論 · 33 張相片,1 年前,5 顆星,,https://www.google.com/maps/contrib/107027203790332875788/reviews?hl=zh-TW
武聖夜市,高緯,43 則評論 · 35 張相片,1 年前,5 顆星,很多攤位很好逛,https://www.google.com/maps/contrib/110049899545519069487/reviews?hl=zh-TW
武聖夜市,王嘉緯,在地嚮導 · 43 則評論 · 25 張相片,1 年前,5 顆星,,https://www.google.com/maps/contrib/118260813510879999380/reviews?hl=zh-TW
武聖夜市,Chih,在地嚮導 · 54 則評論 · 2 張相片,1 年前,5 顆星,因為連假的關係人有點多，但是整體來說還是一個非常好逛的夜市！,https://www.google.com/maps/contrib/107278715104010699000/reviews?hl=zh-TW
武聖夜市,千葉越,在地嚮導 · 86 則評論 · 933 張相片,1 年前,4 顆星,,https://www.google.com/maps/contrib/113261175245452026487/reviews?hl=zh-TW
武聖夜市,chunyong llim,3 則評論 · 1 張相片,1 年前,5 顆星,,https://www.google.com/maps/contrib/116437592362746287675/reviews?hl=zh-TW
武聖夜市,黃昨日,在地嚮導 · 17 則評論 · 2 張相片,1 年前,5 顆星,逛的人很多，機車停車方便，食物價格不會特別貴。,https://www.google.com/maps/contrib/111065859168673263442/reviews?hl=zh-TW
武聖夜市,SKY,6 則評論 · 2 張相片,1 年前,5 顆星,CP值高。東西多樣,https://www.google.com/maps/contrib/102124010434269252237/reviews?hl=zh-TW
武聖夜市,Chen miya,在地嚮導 · 150 則評論 · 222 張相片,1 年前,5 顆星,"跟花園不太一樣
也不會太擁擠",https://www.google.com/maps/contrib/107106539387034027428/reviews?hl=zh-TW
武聖夜市,rido Yang,在地嚮導 · 41 則評論 · 75 張相片,1 年前,5 顆星,,https://www.google.com/maps/contrib/102428282455703411351/reviews?hl=zh-TW
武聖夜市,2013hung,在地嚮導 · 3 則評論 · 18 張相片,1 年前,5 顆星,,https://www.google.com/maps/contrib/112271020735008333333/reviews?hl=zh-TW
武聖夜市,maggie chen,在地嚮導 · 247 則評論 · 676 張相片,1 年前,3 顆星,不值得再去第二次,https://www.google.com/maps/contrib/106730340384816166358/reviews?hl=zh-TW
武聖夜市,小草民,在地嚮導 · 44 則評論,1 年前,5 顆星,"三大夜市裡逛起來相對輕鬆舒服者, 一方面規模相對較小,另一方面人潮也相對不會太擁擠，尤其夏天不會逛到濕濕黏黏的, 但週邊交通易塞車, 尤其最近道路整修, 要更加小心！",https://www.google.com/maps/contrib/106382807381642479013/reviews?hl=zh-TW
武聖夜市,夏墨荷,在地嚮導 · 18 則評論 · 3 張相片,1 年前,5 顆星,,https://www.google.com/maps/contrib/107876139607903095390/reviews?hl=zh-TW
武聖夜市,李雅婷,在地嚮導 · 71 則評論 · 2 張相片,1 年前,1 顆星,物價很高的夜市，東西也蠻雷，跟網路說的不一樣，做一次生意的店家。,https://www.google.com/maps/contrib/117108694138094958032/reviews?hl=zh-TW
武聖夜市,David Watts (Skogvokteren),在地嚮導 · 109 則評論 · 8 張相片,1 年前,5 顆星,,https://www.google.com/maps/contrib/116884805596033623851/reviews?hl=zh-TW
武聖夜市,Wei Hua Li,在地嚮導 · 95 則評論 · 128 張相片,1 年前,5 顆星,多年再次來到武聖真的完全改觀，停車場跟以前相比，擴大到我已經無法想像，然後人員的指揮非常明確，直接幫你導引到有停車位的地方，協助導引到車子停好，而且是免費停車場🥺裡面的兒童遊戲也超乎我的想像，在夜市裡面已經有到遊樂園的等級了😜兩個姪子在裡面玩到都不想回家❤️ …,https://www.google.com/maps/contrib/113010227102762508706/reviews?hl=zh-TW
武聖夜市,GG 30CM,在地嚮導 · 127 則評論 · 10 張相片,1 年前,5 顆星,重機友善夜市，原以為要跟機車一起停，結果被工作人員引導去重機專用車位,https://www.google.com/maps/contrib/109168071318125116902/reviews?hl=zh-TW
武聖夜市,凌龍,在地嚮導 · 11 則評論 · 6 張相片,1 年前,5 顆星,,https://www.google.com/maps/contrib/107575658436958984719/reviews?hl=zh-TW
武聖夜市,Jackson Huang,在地嚮導 · 21 則評論 · 31 張相片,1 年前,4 顆星,,https://www.google.com/maps/contrib/111715396905016826838/reviews?hl=zh-TW
武聖夜市,陳科宏,在地嚮導 · 12 則評論 · 12 張相片,1 年前,5 顆星,,https://www.google.com/maps/contrib/104544394301364632421/reviews?hl=zh-TW
武聖夜市,jimmy Tsai,在地嚮導 · 126 則評論 · 320 張相片,1 年前,5 顆星,蠻好逛的大型夜市，大致分為攤食區與遊戲/物品區，旁邊就是停車場。,https://www.google.com/maps/contrib/116167283930962499492/reviews?hl=zh-TW
武聖夜市,吳貫綸,在地嚮導 · 65 則評論 · 8 張相片,1 年前,5 顆星,食物多樣有變化,https://www.google.com/maps/contrib/107362356319979169105/reviews?hl=zh-TW
武聖夜市,博文鄭,在地嚮導 · 27 則評論,1 年前,5 顆星,,https://www.google.com/maps/contrib/100855565672025882515/reviews?hl=zh-TW
武聖夜市,Lin sherry,在地嚮導 · 54 則評論 · 16 張相片,1 年前,5 顆星,"當天遇到街頭藝人唱歌🎤表演
真希望比較大型的夜市都可以搭配一下唱歌表演
氣氛感覺更好 …",https://www.google.com/maps/contrib/107564960908444766071/reviews?hl=zh-TW
武聖夜市,黃怡菁,在地嚮導 · 102 則評論 · 363 張相片,1 年前,5 顆星,,https://www.google.com/maps/contrib/108291318608429267260/reviews?hl=zh-TW
武聖夜市,王嵊嵐,5 則評論 · 2 張相片,1 年前,3 顆星,,https://www.google.com/maps/contrib/111909999070088145388/reviews?hl=zh-TW
武聖夜市,柴犬王,"在地嚮導 · 405 則評論 · 1,026 張相片",1 年前,4 顆星,,https://www.google.com/maps/contrib/117958078707604003941/reviews?hl=zh-TW
武聖夜市,翁子原,11 則評論 · 1 張相片,1 年前,1 顆星,垃圾路線規劃，欺軟怕硬，不建議來消費找罪受,https://www.google.com/maps/contrib/116043026958357660718/reviews?hl=zh-TW
武聖夜市,YunHsun,12 則評論 · 17 張相片,1 年前,5 顆星,"從小逛到大的夜市，也是臺南人必逛的夜市
超級推",https://www.google.com/maps/contrib/117170994396407032432/reviews?hl=zh-TW
武聖夜市,Brian Chou,在地嚮導 · 52 則評論 · 172 張相片,1 年前,5 顆星,陪伴我長大的夜市沒有華麗的招牌但有滿滿的美味小吃,https://www.google.com/maps/contrib/104774321016403334809/reviews?hl=zh-TW
武聖夜市,Hnin Ei Shoon Lei,2 則評論 · 1 張相片,1 年前,3 顆星,,https://www.google.com/maps/contrib/104672453403916206318/reviews?hl=zh-TW
武聖夜市,王俊欽,3 則評論,1 年前,5 顆星,,https://www.google.com/maps/contrib/102721420425158544247/reviews?hl=zh-TW
武聖夜市,棋翔陳,在地嚮導 · 24 則評論 · 32 張相片,1 年前,5 顆星,人不多好逛,https://www.google.com/maps/contrib/113964724413941573611/reviews?hl=zh-TW
武聖夜市,Nora Yang,7 則評論 · 4 張相片,1 年前,4 顆星,,https://www.google.com/maps/contrib/108146476547083155036/reviews?hl=zh-TW
武聖夜市,Cutie Chang,在地嚮導 · 43 則評論 · 13 張相片,1 年前,5 顆星,好吃的東西很多,https://www.google.com/maps/contrib/104039157138477231423/reviews?hl=zh-TW
武聖夜市,Ribix小苗,7 則評論 · 1 張相片,1 年前,4 顆星,,https://www.google.com/maps/contrib/107350376029111018479/reviews?hl=zh-TW
武聖夜市,崔尹潔,1 則評論,1 年前,5 顆星,,https://www.google.com/maps/contrib/117471209776872665336/reviews?hl=zh-TW
武聖夜市,xj320401,9 則評論 · 2 張相片,1 年前,5 顆星,,https://www.google.com/maps/contrib/113726978594512526729/reviews?hl=zh-TW
武聖夜市,王靖涵,1 則評論 · 2 張相片,1 年前,5 顆星,,https://www.google.com/maps/contrib/115091491000087813896/reviews?hl=zh-TW
武聖夜市,林其平,5 則評論 · 1 張相片,1 年前,5 顆星,,https://www.google.com/maps/contrib/113454370521675726529/reviews?hl=zh-TW
武聖夜市,李函穎,13 則評論 · 1 張相片,1 年前,5 顆星,非常喜歡的夜市！,https://www.google.com/maps/contrib/111550654656660181327/reviews?hl=zh-TW
武聖夜市,鄭谷村,,1 年前,4 顆星,,https://www.google.com/maps/contrib/104567998727257615299/reviews?hl=zh-TW
武聖夜市,Mauricio Parra,在地嚮導 · 136 則評論 · 464 張相片,1 年前,5 顆星,"一場美食盛宴！只要你能想到的，他們都有。
美味，辣，甜，水果，甜點。
只要確保無論你停下來都只吃一點，並為下一道菜留出足夠的空間。",https://www.google.com/maps/contrib/107037511726171778677/reviews?hl=zh-TW
武聖夜市,欣展,6 則評論 · 6 張相片,1 年前,5 顆星,,https://www.google.com/maps/contrib/113386014640543419531/reviews?hl=zh-TW
武聖夜市,Francise Li,"在地嚮導 · 68 則評論 · 3,265 張相片",1 年前,3 顆星,,https://www.google.com/maps/contrib/110742088125349878659/reviews?hl=zh-TW
武聖夜市,Auston (Auston),在地嚮導 · 103 則評論 · 437 張相片,1 年前,5 顆星,"東西好吃而且不貴。人多須帶口罩
停車位很多很大。
萬一人多。週邊巷子停車需謹慎。夜市旁邊就有個拖吊場。動作非常快非常快非常快。繳罰單的隊伍跟排章魚燒一樣長。
兄長我已經以身試法。鄉親們小心",https://www.google.com/maps/contrib/100054418155063543210/reviews?hl=zh-TW
武聖夜市,許明泰,在地嚮導 · 11 則評論 · 195 張相片,1 年前,3 顆星,,https://www.google.com/maps/contrib/116449639485943637850/reviews?hl=zh-TW
武聖夜市,Anita Yeh,3 則評論 · 4 張相片,1 年前,1 顆星,超級不好停車,https://www.google.com/maps/contrib/110813849847366418695/reviews?hl=zh-TW
武聖夜市,Jose Chou,在地嚮導 · 10 則評論 · 1 張相片,1 年前,5 顆星,,https://www.google.com/maps/contrib/102868818746800145443/reviews?hl=zh-TW
武聖夜市,YuLin Chen,在地嚮導 · 14 則評論 · 1 張相片,1 年前,5 顆星,,https://www.google.com/maps/contrib/105590024986122711911/reviews?hl=zh-TW
武聖夜市,詹雅香,在地嚮導 · 31 則評論 · 36 張相片,1 年前,5 顆星,海口人鹽烤吳郭魚 肉質鮮嫩 入味,https://www.google.com/maps/contrib/106512132086370516921/reviews?hl=zh-TW
武聖夜市,Hewitt Emma,在地嚮導 · 48 則評論 · 143 張相片,1 年前,4 顆星,,https://www.google.com/maps/contrib/117567400948191557657/reviews?hl=zh-TW
武聖夜市,涂宗佑,在地嚮導 · 105 則評論 · 151 張相片,1 年前,5 顆星,吃的喝的玩的穿的，這裡都有，不輸給花園夜市，外地人不用說，在地人都期待著每週兩次的夜市，除了花園，最推薦的就是武聖夜市了（營業時間是週三與週六）,https://www.google.com/maps/contrib/101323307666477879175/reviews?hl=zh-TW
武聖夜市,H女刺青師（IG:Herotattootw）,在地嚮導 · 271 則評論 · 110 張相片,1 年前,5 顆星,很熱鬧喲,https://www.google.com/maps/contrib/118428715940756879696/reviews?hl=zh-TW
武聖夜市,郭子鴻,4 則評論,1 年前,4 顆星,,https://www.google.com/maps/contrib/108948327440685027154/reviews?hl=zh-TW
武聖夜市,蔡皆全,1 則評論,1 年前,5 顆星,,https://www.google.com/maps/contrib/116888718574109211791/reviews?hl=zh-TW
武聖夜市,Xdyffryh X,7 則評論 · 1 張相片,1 年前,5 顆星,很多人 有廁所 路上有垃圾桶可以丟地上不會很多垃圾 很多攤販可以逛推推,https://www.google.com/maps/contrib/100977619830396516598/reviews?hl=zh-TW
武聖夜市,Jimmy Huang,在地嚮導 · 100 則評論 · 44 張相片,1 年前,4 顆星,攤位種類蠻多樣化的，停車場雖然很滿，但是人潮出出入人，等一下還是等得到位子。,https://www.google.com/maps/contrib/116956062941015213436/reviews?hl=zh-TW
武聖夜市,connie,11 則評論 · 1 張相片,1 年前,5 顆星,"阿堯師一生推 現在改到第一排了~
還有中間排（好像4還5）的蚵爹也很好吃",https://www.google.com/maps/contrib/114460142728310808432/reviews?hl=zh-TW
武聖夜市,Pete Lin,在地嚮導 · 138 則評論 · 107 張相片,1 年前,5 顆星,,https://www.google.com/maps/contrib/115977441222870243687/reviews?hl=zh-TW
武聖夜市,Yunkit Chan,"在地嚮導 · 515 則評論 · 1,571 張相片",1 年前,4 顆星,這夜市不太大也不太小，吃的玩的都有，價錢親民還可以,https://www.google.com/maps/contrib/112520198265593819620/reviews?hl=zh-TW
武聖夜市,Mickaël Caillau,8 則評論,1 年前,5 顆星,,https://www.google.com/maps/contrib/101430810548265644285/reviews?hl=zh-TW
武聖夜市,jack lin,在地嚮導 · 206 則評論 · 16 張相片,1 年前,1 顆星,規劃不好，看不到美味,https://www.google.com/maps/contrib/114884961940716732627/reviews?hl=zh-TW
武聖夜市,企鵝,在地嚮導 · 25 則評論 · 30 張相片,1 年前,5 顆星,,https://www.google.com/maps/contrib/106662634070712502485/reviews?hl=zh-TW
武聖夜市,雪银,在地嚮導 · 2 則評論 · 40 張相片,1 年前,5 顆星,,https://www.google.com/maps/contrib/117705163027060665837/reviews?hl=zh-TW
武聖夜市,莊帛硯Boyce,在地嚮導 · 188 則評論 · 204 張相片,1 年前,2 顆星,"兩萬多筆評論算厲害
飄來的PM2.5有點傷害在家的我",https://www.google.com/maps/contrib/115172048985464480881/reviews?hl=zh-TW
武聖夜市,余智民,3 則評論 · 5 張相片,1 年前,5 顆星,,https://www.google.com/maps/contrib/113264641607883882123/reviews?hl=zh-TW
武聖夜市,陳俊成,在地嚮導 · 55 則評論 · 20 張相片,1 年前,4 顆星,占地超廣，汽，機車好停，還有專人指揮，美食休閒育樂樣樣都有，還有信文叫賣哥超推~•••••,https://www.google.com/maps/contrib/111030606167878891335/reviews?hl=zh-TW
武聖夜市,Shen I-Hsin (Astrid),在地嚮導 · 105 則評論 · 157 張相片,1 年前,5 顆星,從幼稚園逛到現在的夜市，一定要來買拼圖,https://www.google.com/maps/contrib/107251597272598171037/reviews?hl=zh-TW
武聖夜市,黃九龍,在地嚮導 · 95 則評論 · 2 張相片,1 年前,3 顆星,攤位選擇少，去了那邊只有烤鯛魚感覺不錯我比較推花園夜市,https://www.google.com/maps/contrib/112736381720485995285/reviews?hl=zh-TW
武聖夜市,陳斌,在地嚮導 · 246 則評論 · 25 張相片,1 年前,5 顆星,人擠人氣氛非常好，美食小吃大包小包的買，小朋友遊樂小型場地及週邊遊戲機能都不錯,https://www.google.com/maps/contrib/112879075690125810713/reviews?hl=zh-TW
武聖夜市,陳俊宇,8 則評論 · 3 張相片,1 年前,5 顆星,,https://www.google.com/maps/contrib/114960247523333380465/reviews?hl=zh-TW
武聖夜市,Sandy S,"在地嚮導 · 1,640 則評論 · 9,203 張相片",1 年前,5 顆星,有好吃的，好玩的，用的,https://www.google.com/maps/contrib/109675990507919504547/reviews?hl=zh-TW
武聖夜市,陳宗宗,3 則評論,1 年前,5 顆星,,https://www.google.com/maps/contrib/107427057813274477636/reviews?hl=zh-TW
武聖夜市,La Cotto,在地嚮導 · 100 則評論 · 97 張相片,1 年前,4 顆星,美食多，方便,https://www.google.com/maps/contrib/103032676326012352799/reviews?hl=zh-TW
武聖夜市,蔡嘉仁,"在地嚮導 · 134 則評論 · 2,254 張相片",1 年前,5 顆星,,https://www.google.com/maps/contrib/109380288675065764836/reviews?hl=zh-TW
武聖夜市,Joe Yen,在地嚮導 · 39 則評論 · 43 張相片,1 年前,5 顆星,,https://www.google.com/maps/contrib/112161876838102118324/reviews?hl=zh-TW
武聖夜市,Kaiting Nien,14 則評論 · 10 張相片,1 年前,5 顆星,讚👍好吃好玩 …,https://www.google.com/maps/contrib/100494023102303901265/reviews?hl=zh-TW
武聖夜市,范Maple,在地嚮導 · 50 則評論 · 75 張相片,1 年前,5 顆星,好逛好吃😋好玩 …,https://www.google.com/maps/contrib/112499554318461451416/reviews?hl=zh-TW
武聖夜市,李愉輮,在地嚮導 · 182 則評論 · 772 張相片,1 年前,5 顆星,,https://www.google.com/maps/contrib/107967403563835842852/reviews?hl=zh-TW
武聖夜市,SS Li,在地嚮導 · 100 則評論 · 45 張相片,1 年前,4 顆星,現在這裡比大東東夜市多很多不同的攤位,https://www.google.com/maps/contrib/100339774001480623181/reviews?hl=zh-TW
武聖夜市,YuHsien,"在地嚮導 · 621 則評論 · 2,605 張相片",1 年前,5 顆星,,https://www.google.com/maps/contrib/103328302825047791093/reviews?hl=zh-TW
武聖夜市,李葆萱,在地嚮導 · 177 則評論 · 951 張相片,1 年前,5 顆星,第一次來，吃過的攤位都好吃耶！烤魚$200、阿伯賣的波霸黑糖鮮奶$50、多多綠微甜$50，好喝。烤大魷魚$130、地瓜球×2$50、原味蜜汁肉干一包$200、烤雞肉串、糖葫蘆果干$60、麻糬一盒12入$100、螢幕保護貼滿版A171貼到好$120。,https://www.google.com/maps/contrib/100432445113315822300/reviews?hl=zh-TW
武聖夜市,林金柱,,1 年前,4 顆星,,https://www.google.com/maps/contrib/108611110355164752397/reviews?hl=zh-TW
武聖夜市,lin wayne,在地嚮導 · 179 則評論 · 165 張相片,1 年前,4 顆星,,https://www.google.com/maps/contrib/113713321703518991255/reviews?hl=zh-TW
武聖夜市,宋清莊,在地嚮導 · 19 則評論 · 32 張相片,1 年前,3 顆星,一般,https://www.google.com/maps/contrib/110731106409799265077/reviews?hl=zh-TW
武聖夜市,LUN LUN,在地嚮導 · 32 則評論 · 15 張相片,1 年前,5 顆星,,https://www.google.com/maps/contrib/104126010343132783915/reviews?hl=zh-TW
武聖夜市,YUFONG,在地嚮導 · 52 則評論 · 21 張相片,1 年前,4 顆星,,https://www.google.com/maps/contrib/107006299052654329178/reviews?hl=zh-TW
武聖夜市,李承漢,5 則評論 · 1 張相片,1 年前,4 顆星,逛的還行～賣的東西感覺可以在更多一點～年輕人的衣服過少,https://www.google.com/maps/contrib/111727913013520271652/reviews?hl=zh-TW
武聖夜市,林先生,在地嚮導 · 14 則評論,1 年前,3 顆星,,https://www.google.com/maps/contrib/111528610552053400704/reviews?hl=zh-TW
武聖夜市,陣雨停,在地嚮導 · 33 則評論 · 284 張相片,1 年前,5 顆星,,https://www.google.com/maps/contrib/111733787481447371910/reviews?hl=zh-TW
武聖夜市,Ying Chen,8 則評論 · 9 張相片,1 年前,4 顆星,,https://www.google.com/maps/contrib/108566640871141418902/reviews?hl=zh-TW
武聖夜市,Chaung,在地嚮導 · 19 則評論 · 12 張相片,1 年前,3 顆星,"規劃得很好
但是汽車停車場的指揮人員擅離職守
讓汽車開過頭才表示已經過了汽車入口 …",https://www.google.com/maps/contrib/108547469845684723100/reviews?hl=zh-TW
武聖夜市,CH Lin,在地嚮導 · 16 則評論 · 13 張相片,1 年前,5 顆星,停車方便,https://www.google.com/maps/contrib/100431458859829949567/reviews?hl=zh-TW
武聖夜市,Cindy Chen,在地嚮導 · 25 則評論 · 17 張相片,1 年前,5 顆星,停車場很大！垃圾桶很好找～炭烤雞腿排超好吃，有很多不同的店家，也有遊樂設施，玩了海盜船很刺激🏴‍☠️很適合和朋友家人來逛逛👍🏻 …,https://www.google.com/maps/contrib/116854701837050201565/reviews?hl=zh-TW
武聖夜市,wen bo,在地嚮導 · 12 則評論 · 1 張相片,1 年前,1 顆星,,https://www.google.com/maps/contrib/109882458556283661826/reviews?hl=zh-TW
武聖夜市,Hendrick Townley,30 則評論 · 3 張相片,1 年前,5 顆星,這裡有很多不同的選擇！,https://www.google.com/maps/contrib/115301393454606872976/reviews?hl=zh-TW
武聖夜市,月英（優酪乳）,在地嚮導 · 37 則評論 · 153 張相片,1 年前,5 顆星,,https://www.google.com/maps/contrib/104921181997812716525/reviews?hl=zh-TW
武聖夜市,蘇炯龍,在地嚮導 · 9 則評論,1 年前,5 顆星,,https://www.google.com/maps/contrib/101238647200021707622/reviews?hl=zh-TW
武聖夜市,Yang Yolk (Yang),在地嚮導 · 24 則評論 · 27 張相片,1 年前,5 顆星,"來台南工作了一陣子才發覺原來最好吃最好逛的是「武聖夜市」，雖然每次從東區騎過去有一段路，還是會在下班後例行的去這大啖美食啊！

必推 …",https://www.google.com/maps/contrib/107832118735513514161/reviews?hl=zh-TW
武聖夜市,Raymond Lin,在地嚮導 · 44 則評論 · 13 張相片,1 年前,5 顆星,,https://www.google.com/maps/contrib/114167492064580773140/reviews?hl=zh-TW
武聖夜市,Ine Wang,在地嚮導 · 19 則評論 · 5 張相片,1 年前,5 顆星,,https://www.google.com/maps/contrib/114989574957871742903/reviews?hl=zh-TW
武聖夜市,Alex Tao (Alex Tao),在地嚮導 · 122 則評論 · 204 張相片,1 年前,5 顆星,,https://www.google.com/maps/contrib/107398594059553240583/reviews?hl=zh-TW
武聖夜市,Kevin,在地嚮導 · 70 則評論 · 4 張相片,1 年前,5 顆星,好逛、好吃、好多人！,https://www.google.com/maps/contrib/107620638106112750225/reviews?hl=zh-TW
武聖夜市,Lin aojoko,166 則評論 · 8 張相片,1 年前,2 顆星,小地方小社區的夜市，不是髒就是亂,https://www.google.com/maps/contrib/109006084007292248665/reviews?hl=zh-TW
武聖夜市,張碧,在地嚮導 · 67 則評論 · 144 張相片,1 年前,5 顆星,雖然跟花園和大東比場地不大，感覺是很多在地人會逛的夜市，我覺得比較不擠人也好逛，吃喝玩樂的都有，很多選擇，東西也好吃，如果住宿在附近可以考慮去覓食,https://www.google.com/maps/contrib/116705524462977089932/reviews?hl=zh-TW
武聖夜市,Joanna Chen,在地嚮導 · 7 則評論 · 14 張相片,1 年前,5 顆星,,https://www.google.com/maps/contrib/106348296812323434932/reviews?hl=zh-TW
武聖夜市,羅曉琪,在地嚮導 · 13 則評論 · 6 張相片,1 年前,5 顆星,,https://www.google.com/maps/contrib/113051009249930039245/reviews?hl=zh-TW
武聖夜市,小仙女,5 則評論 · 1 張相片,1 年前,5 顆星,,https://www.google.com/maps/contrib/112612030640762442654/reviews?hl=zh-TW
武聖夜市,Yung C,在地嚮導 · 77 則評論 · 93 張相片,1 年前,5 顆星,大大武花大武花的武,https://www.google.com/maps/contrib/116159244293711850097/reviews?hl=zh-TW
武聖夜市,Iris Chi,15 則評論 · 2 張相片,1 年前,5 顆星,好吃，注意人潮眾多,https://www.google.com/maps/contrib/102735566040393439317/reviews?hl=zh-TW
武聖夜市,KUNMING,在地嚮導 · 11 則評論 · 19 張相片,1 年前,5 顆星,,https://www.google.com/maps/contrib/117291939848932046635/reviews?hl=zh-TW
武聖夜市,楊絲蕾（IG:freda0108）,在地嚮導 · 21 則評論 · 45 張相片,1 年前,5 顆星,,https://www.google.com/maps/contrib/102273564504526838436/reviews?hl=zh-TW
武聖夜市,Will Lee,4 則評論 · 1 張相片,1 年前,5 顆星,很大好逛,https://www.google.com/maps/contrib/103916318583099781645/reviews?hl=zh-TW
武聖夜市,黃敏瑄,在地嚮導 · 12 則評論 · 6 張相片,1 年前,5 顆星,,https://www.google.com/maps/contrib/108432971248410035767/reviews?hl=zh-TW
武聖夜市,施威圳,1 則評論 · 1 張相片,1 年前,5 顆星,,https://www.google.com/maps/contrib/117379460001126283095/reviews?hl=zh-TW
武聖夜市,楊慧美,1 則評論,1 年前,3 顆星,,https://www.google.com/maps/contrib/115687163313002335399/reviews?hl=zh-TW
武聖夜市,陳亭荌,在地嚮導 · 38 則評論 · 205 張相片,1 年前,4 顆星,人爆滿的多，東西好吃,https://www.google.com/maps/contrib/102522027307777634958/reviews?hl=zh-TW
武聖夜市,雨草,在地嚮導 · 66 則評論 · 121 張相片,1 年前,1 顆星,爛,https://www.google.com/maps/contrib/102712249843490916519/reviews?hl=zh-TW
武聖夜市,Kate,在地嚮導 · 20 則評論 · 18 張相片,1 年前,5 顆星,吃的東西很多 小朋友的海盜船很可怕很好玩,https://www.google.com/maps/contrib/113829681999182869874/reviews?hl=zh-TW
武聖夜市,劉軒豪,5 則評論,1 年前,5 顆星,,https://www.google.com/maps/contrib/116402513770211178953/reviews?hl=zh-TW
武聖夜市,Jennifer Lio,在地嚮導 · 23 則評論 · 79 張相片,1 年前,4 顆星,"武聖夜市
1-小福氣牛排$130
服務好 肉大塊 雙醬醬汁超級搭。 …",https://www.google.com/maps/contrib/116315960549542254159/reviews?hl=zh-TW
武聖夜市,黃偉晏,在地嚮導 · 44 則評論 · 2 張相片,1 年前,4 顆星,,https://www.google.com/maps/contrib/116788087061127332585/reviews?hl=zh-TW
武聖夜市,Kiki Peng,"在地嚮導 · 202 則評論 · 2,394 張相片",1 年前,5 顆星,夜市美食重複性不高，有吃有喝的，規劃路線不錯！機車也有停車場，很方便！,https://www.google.com/maps/contrib/110358214577805563908/reviews?hl=zh-TW
武聖夜市,李冠賢,在地嚮導 · 2 則評論 · 51 張相片,1 年前,4 顆星,,https://www.google.com/maps/contrib/104314255641017949625/reviews?hl=zh-TW
武聖夜市,吳文寶,3 則評論,1 年前,4 顆星,,https://www.google.com/maps/contrib/111764900810807538563/reviews?hl=zh-TW
武聖夜市,Ying An Cheng,"在地嚮導 · 132 則評論 · 3,123 張相片",1 年前,5 顆星,,https://www.google.com/maps/contrib/107957074999651225491/reviews?hl=zh-TW
武聖夜市,芯菱,在地嚮導 · 28 則評論 · 2 張相片,1 年前,5 顆星,,https://www.google.com/maps/contrib/102469595513779136986/reviews?hl=zh-TW
武聖夜市,何柔品,在地嚮導 · 16 則評論 · 7 張相片,1 年前,1 顆星,"第一次逛夜市逛到胸悶
攤販油煙往行人走道排風
逛到走不下去 …",https://www.google.com/maps/contrib/101443975807987449702/reviews?hl=zh-TW
武聖夜市,Jufen Cheng,2 則評論,1 年前,4 顆星,,https://www.google.com/maps/contrib/104383705842199816421/reviews?hl=zh-TW
武聖夜市,wenlin Huang,在地嚮導 · 6 則評論 · 8 張相片,1 年前,4 顆星,,https://www.google.com/maps/contrib/113329678227041365207/reviews?hl=zh-TW
武聖夜市,LI-DE WU,6 則評論,1 年前,5 顆星,環境清幽，食材乾淨，服務品質佳，東西好吃,https://www.google.com/maps/contrib/102273498540733700238/reviews?hl=zh-TW
武聖夜市,陳奕璁,在地嚮導 · 4 則評論 · 2 張相片,1 年前,5 顆星,,https://www.google.com/maps/contrib/112756619537435908282/reviews?hl=zh-TW
武聖夜市,士郎蕭,在地嚮導 · 9 則評論 · 7 張相片,1 年前,5 顆星,,https://www.google.com/maps/contrib/116468442344419529046/reviews?hl=zh-TW
武聖夜市,范宇承,在地嚮導 · 66 則評論 · 250 張相片,1 年前,5 顆星,"好吃
但好吃的食物 總是很多人排隊喔！",https://www.google.com/maps/contrib/100574556772642721990/reviews?hl=zh-TW
武聖夜市,巧巧,在地嚮導 · 35 則評論 · 70 張相片,1 年前,5 顆星,拔絲地瓜第一名🥹🥹 …,https://www.google.com/maps/contrib/104409627397075433791/reviews?hl=zh-TW
武聖夜市,帥氣達哥,在地嚮導 · 19 則評論 · 11 張相片,1 年前,5 顆星,,https://www.google.com/maps/contrib/112728598831221828472/reviews?hl=zh-TW
武聖夜市,Arif Bryan,在地嚮導 · 10 則評論 · 52 張相片,1 年前,5 顆星,,https://www.google.com/maps/contrib/115220320634442002895/reviews?hl=zh-TW
武聖夜市,Hiu tung Lee,8 則評論,1 年前,5 顆星,,https://www.google.com/maps/contrib/117525845961626631148/reviews?hl=zh-TW
武聖夜市,林孟妤,7 則評論,1 年前,5 顆星,,https://www.google.com/maps/contrib/116558938159657328185/reviews?hl=zh-TW
武聖夜市,H an,35 則評論 · 6 張相片,1 年前,5 顆星,,https://www.google.com/maps/contrib/112073795441140278518/reviews?hl=zh-TW
武聖夜市,樂瑀痕,在地嚮導 · 24 則評論 · 48 張相片,1 年前,5 顆星,,https://www.google.com/maps/contrib/114746889325838178683/reviews?hl=zh-TW
武聖夜市,Melody Yeo,在地嚮導 · 85 則評論 · 34 張相片,1 年前,5 顆星,它組織得非常好，使我們很容易找到食物，並找到一個站立和吃食物的空間。我們特別喜歡牛排（有座位）、地瓜（只有1個最受歡迎的攤位）、滷菜（熱版）、蚵仔煎、炸雞、炸肉（台南當地人推薦）等等。還有很多賣衣服、髮飾或家居用品的攤位，還有很多嘉年華遊戲。,https://www.google.com/maps/contrib/103725376848969262599/reviews?hl=zh-TW
武聖夜市,林于琤,14 則評論 · 2 張相片,1 年前,5 顆星,,https://www.google.com/maps/contrib/108143027780943983458/reviews?hl=zh-TW
武聖夜市,周育誼,8 則評論 · 2 張相片,1 年前,5 顆星,不錯逛車位難找,https://www.google.com/maps/contrib/110719857996736890043/reviews?hl=zh-TW
武聖夜市,Guan,在地嚮導 · 111 則評論 · 347 張相片,1 年前,5 顆星,台南就是天天都有夜市可以逛！沙威瑪好吃😋⋯⋯可惜烤魚都完售了！還多了迷你海盜船、迷你旋轉木馬！ …,https://www.google.com/maps/contrib/115728371957290078295/reviews?hl=zh-TW
武聖夜市,崔智红,10 則評論 · 19 張相片,1 年前,4 顆星,"我們去的時候正值市場開始，所以有人行道上停著卸貨的汽車。為了避免這種情況，我只會在 6 點左右去，因為到那時大多數看台都會開放。有各種各樣的食物和飲料可供嘗試，價格也很優惠
其價值類似大多數夜市。不只食物，還有衣服和新奇的東西，看看都很有趣。我強烈建議每樣東西都點小份，這樣你就可以有更多的選擇。總的來說是一次值得的經驗。",https://www.google.com/maps/contrib/105743940848226499612/reviews?hl=zh-TW
武聖夜市,陳映良,6 則評論 · 3 張相片,1 年前,5 顆星,開車會不太方便，到處塞車，附近停車場滿，一次100元，免費停車場滿，如果排不進去，工作人員會請你往前開，避免擋住動線，可以停遠一點，騎Youbike，或是goshare機車 …,https://www.google.com/maps/contrib/101265630836470303073/reviews?hl=zh-TW
武聖夜市,朱辛蒂,"在地嚮導 · 275 則評論 · 2,832 張相片",1 年前,4 顆星,攤販很多，美食也多多，也多ㄌ遊樂設施，很棒，逛夜市不無聊，但人多車多，行進很慢,https://www.google.com/maps/contrib/115433486779639692078/reviews?hl=zh-TW
武聖夜市,jia_hui_ 99,在地嚮導 · 43 則評論 · 205 張相片,1 年前,5 顆星,,https://www.google.com/maps/contrib/117779335354905798190/reviews?hl=zh-TW
武聖夜市,Pong Soon Poh,8 則評論 · 1 張相片,1 年前,5 顆星,去嚐嚐這個蠔餅吧。生蠔很新鮮，而且價格便宜。整體來說市場寬敞，值得一去,https://www.google.com/maps/contrib/104180161676620952514/reviews?hl=zh-TW
武聖夜市,諦琪爾,1 則評論 · 4 張相片,1 年前,4 顆星,,https://www.google.com/maps/contrib/101794980339316022068/reviews?hl=zh-TW
武聖夜市,神之子,在地嚮導 · 41 則評論 · 54 張相片,1 年前,5 顆星,,https://www.google.com/maps/contrib/111965159545150081244/reviews?hl=zh-TW
武聖夜市,黃雅堂,在地嚮導 · 48 張相片,1 年前,5 顆星,,https://www.google.com/maps/contrib/102972487383699967068/reviews?hl=zh-TW
武聖夜市,劉勇勝,3 則評論 · 3 張相片,1 年前,5 顆星,,https://www.google.com/maps/contrib/115169264035213826205/reviews?hl=zh-TW
小福氣牛排,馬克,在地嚮導 · 20 則評論 · 4 張相片,2 週前,1 顆星,內用有冷氣，點的是厚片牛排，但完全沒有肉味 像肉味蒟蒻😠,https://www.google.com/maps/contrib/111923200283812664453/reviews?hl=zh-TW
小福氣牛排,風火輪,"在地嚮導 · 763 則評論 · 6,252 張相片",2 個月前,4 顆星,還不錯,https://www.google.com/maps/contrib/106172413070456701469/reviews?hl=zh-TW
小福氣牛排,鄭秀香,在地嚮導 · 150 則評論 · 189 張相片,3 個月前,4 顆星,"服務員點餐/出餐迅速
推厚片牛排，肉比較嫩👍
蘑菇醬是淋在牛排
麵另外有特殊的醬，吃不出是什麼醬🤔
有室內/室外座位
冬天的濃湯很多人捧場
今天飲料是冬瓜，甜度適中👍",https://www.google.com/maps/contrib/109396297152008635581/reviews?hl=zh-TW
小福氣牛排,jene chen,4 則評論,3 個月前,2 顆星,之後買的雞腿排都燒焦的,https://www.google.com/maps/contrib/105685145960329011290/reviews?hl=zh-TW
小福氣牛排,ictor v,在地嚮導 · 61 則評論 · 1 張相片,3 個月前,1 顆星,,https://www.google.com/maps/contrib/109988613936124701634/reviews?hl=zh-TW
小福氣牛排,皮小丘,"在地嚮導 · 221 則評論 · 3,059 張相片",4 個月前,5 顆星,,https://www.google.com/maps/contrib/112293304829360984653/reviews?hl=zh-TW
小福氣牛排,Eva Wang,"在地嚮導 · 1,153 則評論 · 5,498 張相片",6 個月前,2 顆星,"厚片牛排，牛肉的纖維感完全沒有，這家店標榜不添加嫩精，可能是添加了其他黑魔法使得牛肉口感變得十分funny。
超級輕薄的保麗龍碗與塑膠杯，在在考驗顧客的指力，怕一不小心就捏破或捏扁了。",https://www.google.com/maps/contrib/108303173088817325599/reviews?hl=zh-TW
小福氣牛排,羅聖凱,9 則評論 · 2 張相片,7 個月前,1 顆星,第一次牛排吃到剩。,https://www.google.com/maps/contrib/112574696083229851167/reviews?hl=zh-TW
小福氣牛排,WEI LI,4 則評論,8 個月前,1 顆星,"比我們慢的人餐點都上了，問小姐怎麼我們的還沒來
忘了做就不要做了
居然回答說 牛排都全熟
有夠瞎 你忘了做就說忘了
結果還等了快20分鐘",https://www.google.com/maps/contrib/105330434313764907038/reviews?hl=zh-TW
小福氣牛排,潔希拉拉Jclala,在地嚮導 · 34 則評論 · 3 張相片,8 個月前,5 顆星,好愛那個醬🥳 …,https://www.google.com/maps/contrib/116948923726162362558/reviews?hl=zh-TW
小福氣牛排,FANGYI CHU,2 則評論,9 個月前,1 顆星,"客人蠻多的！等了約15分鐘。
切了一口牛排來吃，牛排居然是臭的，再切盤中另一塊也是臭的！跟老闆反映後，老闆連碰、看、聞那塊牛排都沒有，直接大聲說「不可能！今天整個晚上都沒人反映！」我：「我現在反映啊！」隨後才說要再換一塊，我們表示不用了！

另一份豬排沒有怪味，口味因人而異，對我來說是比普通再低一點，麵很細不會Q，醬料口味的特色是黑與甜。",https://www.google.com/maps/contrib/104439016208376015361/reviews?hl=zh-TW
小福氣牛排,葉俊甫,在地嚮導 · 102 則評論 · 413 張相片,10 個月前,4 顆星,以夜市牛排來說，算是不錯。,https://www.google.com/maps/contrib/101751882056125708358/reviews?hl=zh-TW
小福氣牛排,Sandy S,"在地嚮導 · 1,640 則評論 · 9,203 張相片",1 年前,4 顆星,雞腿排加鐵板麵味道合口味，紅茶偏甜好喝,https://www.google.com/maps/contrib/109675990507919504547/reviews?hl=zh-TW
小福氣牛排,z77 M,在地嚮導 · 55 則評論 · 6 張相片,1 年前,2 顆星,今天的牛肉根本咬不斷，整個吃不下,https://www.google.com/maps/contrib/116989452907546001052/reviews?hl=zh-TW
小福氣牛排,Ninon,在地嚮導 · 104 則評論 · 108 張相片,1 年前,5 顆星,"夜市旁的室內牛排，吃到一半覺得很不錯才補拍照片😐
厚切牛排$180。很嫩！好吃！綜合醬偏甜，算台南口味～",https://www.google.com/maps/contrib/110579167339183075037/reviews?hl=zh-TW
小福氣牛排,榛,在地嚮導 · 53 則評論 · 9 張相片,1 年前,5 顆星,"價格親民 醬汁偏甜 肉不柴 很好吃
已經吃很多次 玉米濃湯和紅茶也很讚",https://www.google.com/maps/contrib/100559141793330680753/reviews?hl=zh-TW
小福氣牛排,Ghaz Rti,在地嚮導 · 61 則評論 · 12 張相片,1 年前,5 顆星,每次來都吃牛排，肉很嫩，醬汁偏甜很特別，玉米濃湯料多也好喝！！,https://www.google.com/maps/contrib/109377170165855135176/reviews?hl=zh-TW
小福氣牛排,Jo Lin,在地嚮導 · 55 則評論 · 28 張相片,1 年前,1 顆星,"厚片牛排完全沒有肉味（印象中是180$）
咬起來也不像肉整塊很嫩
刀子一滑過去就切好了
真心的建議提高一點價格用好一點的東西
至少是肉薄一點我覺得也沒關係",https://www.google.com/maps/contrib/113445226921227585926/reviews?hl=zh-TW
小福氣牛排,NiNe_1230,6 則評論 · 1 張相片,1 年前,1 顆星,招牌蚊子蛋,https://www.google.com/maps/contrib/110278665472705003132/reviews?hl=zh-TW
小福氣牛排,林林,在地嚮導 · 23 則評論 · 1 張相片,1 年前,5 顆星,,https://www.google.com/maps/contrib/117134889678960343548/reviews?hl=zh-TW
小福氣牛排,Tracyuki Leung,1 則評論 · 6 張相片,1 年前,3 顆星,大份，但味道一般,https://www.google.com/maps/contrib/103022544109399058895/reviews?hl=zh-TW
小福氣牛排,Lu Lin,在地嚮導 · 311 則評論 · 858 張相片,1 年前,4 顆星,"武聖夜市的攤位，有室內內用位置
麵是細的、牛排還不錯！
口味有點台南味，點綜合醬超讚！大概七分甜又有一點黑胡椒的辣！",https://www.google.com/maps/contrib/111494459021322590391/reviews?hl=zh-TW
小福氣牛排,陳典,2 則評論,1 年前,1 顆星,"我們進去後說等等幫我們點餐結果坐了20分鐘還是沒人來點餐
後面有人進去馬上幫他們點餐真的是很幹
跟一星我都覺得太多了",https://www.google.com/maps/contrib/104912605606606502850/reviews?hl=zh-TW
小福氣牛排,S C,在地嚮導 · 67 則評論 · 245 張相片,2 年前,1 顆星,"第一次吃到鐵板麵的麵是涼的
蘑菇醬是台南全糖等級
厚片牛排沒有味道 連肉味都沒有蠻神奇的
真的沒辦法吃完",https://www.google.com/maps/contrib/109049800627355744166/reviews?hl=zh-TW
小福氣牛排,煌陵,在地嚮導 · 17 則評論 · 5 張相片,2 年前,1 顆星,"蘑菇醬跟醬油一樣 湯沒味道
肉也是",https://www.google.com/maps/contrib/102968179769226374703/reviews?hl=zh-TW
林家豆乳雞,許Yiyi,"在地嚮導 · 548 則評論 · 6,606 張相片",1 個月前,5 顆星,怎麼可以這麼的美味？酥脆內嫩，很啾喜，每一口都是滿滿的幸福😊。,https://www.google.com/maps/contrib/111345896618683208163/reviews?hl=zh-TW
林家豆乳雞,謝易城,"在地嚮導 · 1,614 則評論 · 3,600 張相片",5 個月前,5 顆星,很強吃好多年,https://www.google.com/maps/contrib/101303315214647528935/reviews?hl=zh-TW
林家豆乳雞,北北,在地嚮導 · 212 則評論 · 42 張相片,7 個月前,5 顆星,"台灣第一推薦！
我個人認為自己非常講究食材本身，還有油炸品質，朋友公認歪嘴雞😝

第二推薦高雄青年外圍一支$35，可是林家確是$25，真心建議店家漲價，我還是會一直從高雄去買，到家冷了都還是好吃～

希望再吃20年，如果薄利不一定多銷，遇到歇業我會難過💔

好的食物，值得主顧，謝謝店家堅守品質，希望主顧G友們支持漲價🤣🤣",https://www.google.com/maps/contrib/116104340938497932505/reviews?hl=zh-TW
林家豆乳雞,lisa liu,在地嚮導 · 13 則評論 · 32 張相片,8 個月前,4 顆星,,https://www.google.com/maps/contrib/106888514922487690179/reviews?hl=zh-TW
林家豆乳雞,Chen Hui Ying,在地嚮導 · 118 則評論 · 205 張相片,1 年前,5 顆星,"豆乳雞翅非常好吃！！
非常脆又多汁 CP值爆高",https://www.google.com/maps/contrib/106886911003246166275/reviews?hl=zh-TW
林家豆乳雞,Pin Kuo,在地嚮導 · 148 則評論 · 297 張相片,1 年前,2 顆星,"豆乳雞大份100、小份50，雞翅25元。
買了豆乳雞跟雞翅都偏乾，肉也不大塊、豆乳味也偏淡。
服務上就是寡言，沒什麼服務態度，總體上不會回購。",https://www.google.com/maps/contrib/106507132269767508709/reviews?hl=zh-TW
林家豆乳雞,Michi,"在地嚮導 · 1,182 則評論 · 6,871 張相片",1 年前,4 顆星,豆乳雞有入味，皮脆不油,https://www.google.com/maps/contrib/111137211404057317794/reviews?hl=zh-TW
林家豆乳雞,艾橙,"在地嚮導 · 585 則評論 · 8,866 張相片",1 年前,5 顆星,不錯吃,https://www.google.com/maps/contrib/106859156379666029033/reviews?hl=zh-TW
林家豆乳雞,西卡,在地嚮導 · 43 則評論 · 9 張相片,1 年前,5 顆星,雞翅好吃👍🏻甜甜的脆皮，肉超嫩，必吃～,https://www.google.com/maps/contrib/113659472577785113105/reviews?hl=zh-TW
林家豆乳雞,曼陀螺,"在地嚮導 · 1,205 則評論 · 31,725 張相片",1 年前,5 顆星,"生意超級好，先拿號碼牌等約十五分鐘，就可以吃到熱騰騰的豆乳雞，我是不會每次去逛武聖就必買啦，偶而吃一下可以，值得推薦給喜歡吃豆乳雞的朋友。

食材新鮮，調味適中，已經是武聖夜市的名店之一，若是觀光客來台南不要錯過喔，老闆親切，服務態度很好，拿到號碼牌，可以先去逛別攤，再回來拿。

一隻雞翅才20，好吃又不貴。",https://www.google.com/maps/contrib/116336963473545624292/reviews?hl=zh-TW
武聖夜市 全壘打牛排,Timon Yuri,"在地嚮導 · 261 則評論 · 1,148 張相片",2 個月前,1 顆星,"一個鐵板麵從結帳到拿到餐點要13分鐘
麵難吃、醬不對、紅茶又難喝",https://www.google.com/maps/contrib/118370211562066349548/reviews?hl=zh-TW
武聖夜市 全壘打牛排,吳先逸,在地嚮導 · 151 則評論 · 371 張相片,2 個月前,2 顆星,"全壘打是怎麼了
這個口味跟以前吃的味道不同
真的很不好吃
只有濃湯可以喝 所以給二星
真的不能再多了",https://www.google.com/maps/contrib/104312955533831010117/reviews?hl=zh-TW
武聖夜市 全壘打牛排,Kai,在地嚮導 · 75 則評論 · 19 張相片,3 個月前,1 顆星,"難吃到特地來留言，武聖之雷
麵難吃 厚片牛排難吃 玉米濃湯難吃 只有蛋是正常吃",https://www.google.com/maps/contrib/107216642420327912608/reviews?hl=zh-TW
武聖夜市 全壘打牛排,米洛,在地嚮導 · 20 則評論,4 個月前,1 顆星,,https://www.google.com/maps/contrib/114676531769401517136/reviews?hl=zh-TW
武聖夜市 全壘打牛排,陳人,在地嚮導 · 21 則評論 · 2 張相片,4 個月前,1 顆星,少給蛋 麵少 邊用邊聊天 超可憐,https://www.google.com/maps/contrib/107218857224774968020/reviews?hl=zh-TW
武聖夜市 全壘打牛排,Mean,10 則評論 · 1 張相片,6 個月前,1 顆星,"給六顆星，這第六顆。

我外地遊客啦

113年10月26日19時40分左右

我們一家4口說要內用

領位的小姐遞給我們一張單字

這時候一個在煎台應該是老闆的老人突然爆氣說了一句不明所以「都要休息了還內用！」

領位的小姐就默默把單子抽走

我們一家黑人問號

祝福店家早點打烊、天天打烊、永遠打烊

老闆退休在家養老就好

或者考慮牛排賣早餐時段好了

另外隔壁50公尺的「小福氣牛排」非常親子友善

有帶嬰孩的爸媽可以考慮～",https://www.google.com/maps/contrib/106681151126000819465/reviews?hl=zh-TW
武聖夜市 全壘打牛排,Pocky,"在地嚮導 · 428 則評論 · 3,626 張相片",7 個月前,4 顆星,雞腿排好吃😋 魚排有兩片,https://www.google.com/maps/contrib/107516421971733507686/reviews?hl=zh-TW
武聖夜市 全壘打牛排,胡迪,5 則評論 · 3 張相片,7 個月前,1 顆星,狗狗都不吃,https://www.google.com/maps/contrib/105130956689168622173/reviews?hl=zh-TW
武聖夜市 全壘打牛排,c c,8 則評論,8 個月前,1 顆星,,https://www.google.com/maps/contrib/117651826589213352651/reviews?hl=zh-TW
全壘打牛排武聖店,莊程皓,325 則評論 · 207 張相片,2 週前,4 顆星,"牛排中規中矩
不過濃湯真的不錯喝，加上胡椒更讚了
內用位置蠻多的不用擔心沒位置",https://www.google.com/maps/contrib/113054662619157245757/reviews?hl=zh-TW
全壘打牛排武聖店,王有沁,8 則評論 · 1 張相片,1 個月前,1 顆星,"爛店，員工
素質差",https://www.google.com/maps/contrib/107675808474956021017/reviews?hl=zh-TW
全壘打牛排武聖店,洪柏銘,9 則評論 · 7 張相片,1 個月前,1 顆星,"我在貴店用餐，雞排、雞腿排肉吃起來不錯，但是直接在客人面前抽菸
我跟我女友臉上都是你的煙味
紅茶也有一股酸味，以後不會再來了",https://www.google.com/maps/contrib/115746319280416843974/reviews?hl=zh-TW
全壘打牛排武聖店,gn Lee,在地嚮導 · 37 則評論 · 10 張相片,1 個月前,5 顆星,"口味尚可 一份80元有蛋有濃湯有餐包還要被抽手續費
原本以為送來會是小的那種便當盒 結果那個麵量夠我吃兩餐沒問題 食量小的說不定還能分三餐🥲",https://www.google.com/maps/contrib/108265558064064688687/reviews?hl=zh-TW
全壘打牛排武聖店,羅婷萱,在地嚮導 · 23 則評論 · 9 張相片,2 個月前,1 顆星,"餐點需要花時間等待，因為隔壁桌(比我們晚來的)跟店員反應等了很久了，結果就優先上他們的餐點，感受很差……

建議人潮多時，可以先跟客人告知餐點需等候",https://www.google.com/maps/contrib/106298199786736314103/reviews?hl=zh-TW
全壘打牛排武聖店,Q毛ㄟ阿政,在地嚮導 · 24 則評論 · 2 張相片,2 個月前,1 顆星,"出餐超慢，還有比我晚來2桌的都快吃完了，我們的才來。

1片薄薄的組合肉+白麵+蛋=150$",https://www.google.com/maps/contrib/111040883171652998241/reviews?hl=zh-TW
全壘打牛排武聖店,吳先逸,在地嚮導 · 151 則評論 · 371 張相片,2 個月前,1 顆星,"這個味道不是印象中的全壘打
黑胡椒不像黑胡椒
蘑菇不像蘑菇
白麵條就是白麵條
放在一起就是不好吃👎
只有濃湯可以喝而已
剩下的真的…
好失望",https://www.google.com/maps/contrib/104312955533831010117/reviews?hl=zh-TW
全壘打牛排武聖店,希兒,在地嚮導 · 21 則評論,2 個月前,1 顆星,很忙餐點很慢就算了，比我晚來的客人都吃飽離開很久了，餐點還沒來，問了兩次都說在做了，最後等了四十幾分鐘等不下去打算走了才說已經做好了要上餐了，厚片豬排是重組肉，沒味道又難咬，非常難吃，過年吃飯吃的一肚子氣,https://www.google.com/maps/contrib/111589773057831254042/reviews?hl=zh-TW
全壘打牛排武聖店,Cher Yu,在地嚮導 · 114 則評論 · 10 張相片,2 個月前,1 顆星,,https://www.google.com/maps/contrib/103522085901792020666/reviews?hl=zh-TW
全壘打牛排武聖店,yan Yan,在地嚮導 · 118 則評論 · 49 張相片,3 個月前,1 顆星,"比我們晚來的都已經上了，還要上前去問才發現忘記做（？
以前來武聖就有看到這間，以往都是吃巧虎，想說今天來吃看看，第一次就有不好的感受…",https://www.google.com/maps/contrib/106151251442005113483/reviews?hl=zh-TW
全壘打牛排武聖店,AP 張 (ABY),5 則評論,3 個月前,1 顆星,餐點很久就算了 蛋散掉還完全沒熟 鐵板也不熱 問老闆沒熟這樣怎麼吃？ 老闆說就這樣吃啊  還有蛋殼跟老闆反應後 又拿一顆煎到焦掉的 吃完肚子也很不舒服 離開時看到客人用餐完的餐具都放在水溝上 …不予置評,https://www.google.com/maps/contrib/116201337294702222689/reviews?hl=zh-TW
全壘打牛排武聖店,文凱,在地嚮導 · 44 則評論 · 8 張相片,4 個月前,1 顆星,,https://www.google.com/maps/contrib/106077403375355028135/reviews?hl=zh-TW
全壘打牛排武聖店,議寬,1 則評論,4 個月前,1 顆星,,https://www.google.com/maps/contrib/118367195715289904101/reviews?hl=zh-TW
全壘打牛排武聖店,222ff Xue,在地嚮導 · 35 則評論 · 19 張相片,4 個月前,1 顆星,"雖然說夜市牛排一份也才不到兩百，口味的部分就不多說什麼，但是鐵盤一送上來就是冷的真的很誇張，上面的蛋從開動前到用餐完畢後至少15分鐘過了，蛋還是如照片上（用餐完畢後拍的）一樣很明顯蛋白沒有熟，整個蛋就像水一樣真的不敢吃欸⋯
再說一次
鐵盤一送上來就是冷的 真的很誇張！！！！！
不奢望店家看到，但至少客人們 自己避雷‼️",https://www.google.com/maps/contrib/118113894886025624266/reviews?hl=zh-TW
全壘打牛排武聖店,林致炫,2 則評論,4 個月前,5 顆星,很久之前就來過一次了，覺得服務態度沒有很好，今天晚上來特地點了一份店裡最貴的菲力牛排，5分熟度剛剛好，煎台師傅人服務態度也很好，跟以前差很多，一個人大概150～250就能吃飽了，下次還會再來。,https://www.google.com/maps/contrib/101338268171066989473/reviews?hl=zh-TW
全壘打牛排武聖店,YU CHIA,在地嚮導 · 52 則評論 · 57 張相片,4 個月前,1 顆星,出餐有夠慢等了30分鐘，比我們慢來的客人餐都吃完了都還沒有來，實在有夠誇張。也沒來解釋什麼都沒有就算了，我還期待品質能多好….結果！蛋沒熟、麵沒醬！鐵板還有水殘留！活這麼久第一次吃到這麼難吃的雞腿排！不要被人潮騙了！看看評論再來考慮要不要吃！,https://www.google.com/maps/contrib/107535586003326000589/reviews?hl=zh-TW
全壘打牛排武聖店,黃偉銘,在地嚮導 · 194 則評論 · 138 張相片,4 個月前,4 顆星,CP值尚可的牛排店,https://www.google.com/maps/contrib/104976596790533538454/reviews?hl=zh-TW
全壘打牛排武聖店,林道火燒厝,12 則評論 · 2 張相片,5 個月前,1 顆星,第一次在夜市吃到這麼雷的牛排，點餐過了30分鐘想說怎麼都還沒上，詢問發現還沒做，餐點來了鐵板都沒有吱吱響明顯就是冷掉了，180元的無骨牛小排就是兩片又薄又硬的肉，跟130元的牛排吃起來一樣，笑死。果然3.3顆星是真的！,https://www.google.com/maps/contrib/113071549906425280786/reviews?hl=zh-TW
全壘打牛排武聖店,陳建宏,4 則評論 · 1 張相片,5 個月前,1 顆星,,https://www.google.com/maps/contrib/116215013101273364545/reviews?hl=zh-TW
全壘打牛排武聖店,廖牧花,1 則評論,5 個月前,1 顆星,,https://www.google.com/maps/contrib/110100403262920472050/reviews?hl=zh-TW
全壘打牛排武聖店,塵埃lkk值,6 則評論,5 個月前,1 顆星,等了超久詢問才發現忘記做有夠傻眼～,https://www.google.com/maps/contrib/111703608479645857684/reviews?hl=zh-TW
全壘打牛排武聖店,林杰勳,在地嚮導 · 14 則評論 · 4 張相片,6 個月前,1 顆星,,https://www.google.com/maps/contrib/103164201535080855592/reviews?hl=zh-TW
全壘打牛排武聖店,Antony C.,"在地嚮導 · 603 則評論 · 5,690 張相片",6 個月前,1 顆星,我住附近二年多了，走路三分鐘可以到，武聖夜市也算每週必逛，但我很少吃夜市的這種牛排豬排店，今天想說給他個機會，首次光顧，哎呀一吃不得了，google嚮導經營這麼久以來，我很少在google上給餐廳三星以下的，不信可以看我個人紀錄，九星嚮導不會亂評，，麵條就是清水燙熟，雞腿排就是煎到熟，根本沒味道，厲害的是綜合醬，也吃不出是甜的是鹹，還以為我味覺喪失？喝了杯死甜的紅茶才確認不是我味覺問題，總得來說不算好吃，不是在享受夜市美食，$150我寧願去買其他小吃湊一湊果腹,https://www.google.com/maps/contrib/114926587956824641298/reviews?hl=zh-TW
全壘打牛排武聖店,楊景文,8 則評論,8 個月前,1 顆星,本人於8/6 19:05外帶牛排然後加麵，外帶後回來明明要求蘑菇醬 開啟連個醬都沒有 是要怎麼吃啦,https://www.google.com/maps/contrib/108277877762799645313/reviews?hl=zh-TW
全壘打牛排武聖店,Lucas,"在地嚮導 · 43 則評論 · 8,249 張相片",8 個月前,4 顆星,,https://www.google.com/maps/contrib/115534224900792070510/reviews?hl=zh-TW
全壘打牛排武聖店,Lucas KUO,"在地嚮導 · 52 則評論 · 10,383 張相片",8 個月前,4 顆星,,https://www.google.com/maps/contrib/104063817720707849580/reviews?hl=zh-TW
全壘打牛排武聖店,Ee庫內,1 則評論 · 1 張相片,9 個月前,1 顆星,歡迎大家來吃，衛生超級好，食物絕對沒有科技與狠活，服務態度很好，等40分鐘就可以等到你的餐點了，我個人覺得非常快，我點的是雞排，推薦大家試試,https://www.google.com/maps/contrib/113462869845004061553/reviews?hl=zh-TW
全壘打牛排武聖店,高,4 則評論 · 1 張相片,9 個月前,1 顆星,,https://www.google.com/maps/contrib/113788932903612508158/reviews?hl=zh-TW
全壘打牛排武聖店,Joanna M,在地嚮導 · 316 則評論 · 634 張相片,10 個月前,4 顆星,假日人潮真的非常多 記得在門口先喊幾位 有濃湯跟紅茶自取喝到飽 牛排130也合理,https://www.google.com/maps/contrib/100430725202553990829/reviews?hl=zh-TW
全壘打牛排武聖店,鄭立謙,5 則評論,10 個月前,5 顆星,讚,https://www.google.com/maps/contrib/110948551964585407611/reviews?hl=zh-TW
全壘打牛排武聖店,1974年第一次在東南亞打自由搏擊,在地嚮導 · 48 則評論 · 120 張相片,10 個月前,5 顆星,好吃,https://www.google.com/maps/contrib/108387949605712739067/reviews?hl=zh-TW
全壘打牛排武聖店,7 7,6 則評論 · 1 張相片,11 個月前,1 顆星,"昨天打電話去點了一個豬排三個牛排外帶自取
我說我兩個牛排一個豬排， 麵換飯！
店員還有跟我複誦一次！
結果拿完回來打開看！只有豬排有換飯
其他兩個牛排內容物只有：兩顆蛋、肉、醬汁！啊飯呢？？？？？ 肉還有很重的油耗味

原本要吃別間，但是想說你們這間可以換飯所以選擇吃！結果傻眼🙄
一次店！",https://www.google.com/maps/contrib/116337350145512574455/reviews?hl=zh-TW
全壘打牛排武聖店,張若蘭,在地嚮導 · 93 則評論 · 20 張相片,11 個月前,4 顆星,,https://www.google.com/maps/contrib/115401725039202415975/reviews?hl=zh-TW
全壘打牛排武聖店,柑仔店,3 則評論 · 2 張相片,1 年前,1 顆星,"逛夜市看到的牛排店，，一吃才知道是大雷區！

豬肉排（片）又乾又柴。

雞腿排 又乾又柴。

列為 “美食黑名單”",https://www.google.com/maps/contrib/102491328739134183867/reviews?hl=zh-TW
全壘打牛排武聖店,漫（慢人）,145 則評論 · 587 張相片,1 年前,2 顆星,"這個雞排又乾又柴
少數能被我記得吃起來如何的雞排
還有就是都吃完要離場了
玉米濃湯依舊空鍋",https://www.google.com/maps/contrib/101691333715308022545/reviews?hl=zh-TW
全壘打牛排武聖店,柯居福,在地嚮導 · 23 則評論 · 74 張相片,1 年前,5 顆星,好吃，可免費加麵，玉米濃湯，跟飲料都吃到飽,https://www.google.com/maps/contrib/115767213341787978267/reviews?hl=zh-TW
全壘打牛排武聖店,廖紫妘,9 則評論 · 3 張相片,1 年前,1 顆星,現在用重組肉都不演了，成本這麼低，醬料味道也很淡，第一次吃到這麼不好吃的夜市牛排跟鐵板麵🫠 濃湯還可以😌,https://www.google.com/maps/contrib/112949540946842983829/reviews?hl=zh-TW
全壘打牛排武聖店,Alice baby,2 則評論,1 年前,1 顆星,餐點遲遲沒出詢問兩次，反被嗆為什麼客人自己沒提醒？！,https://www.google.com/maps/contrib/105625409734506547791/reviews?hl=zh-TW
全壘打牛排武聖店,Octavia Hung,11 則評論 · 5 張相片,1 年前,1 顆星,"等20分鐘，桌子是斜的，鐵板麵上桌有兩條在桌上，說一聲不好意思就走了！？
辛苦了☺️",https://www.google.com/maps/contrib/101128104455778512283/reviews?hl=zh-TW
全壘打牛排武聖店,李承漢,7 則評論,1 年前,5 顆星,,https://www.google.com/maps/contrib/106008979554312370177/reviews?hl=zh-TW
全壘打牛排武聖店,比比,在地嚮導 · 16 則評論 · 5 張相片,1 年前,1 顆星,"在武聖夜市煎牛排那個胖胖的男生（下嘴唇有痣）
態度極差 滿嘴髒話 還時不時對旁邊點餐的阿姨說
是不是耳聾？
阿姨跟他講客人點什麼 他還說 系勒靠背哦？
煎台前面四格放肉的 都用丟的 油都噴到我衣服了
也沒一聲道歉
還在那邊顧著聊天打哈哈
沒看到半個人戴口罩",https://www.google.com/maps/contrib/106278903331771006943/reviews?hl=zh-TW
全壘打牛排武聖店,ting lin,7 則評論,1 年前,1 顆星,餐點不錯，夜市有些服務人員真的不行，避免孩子會抓鐵盤去推倒桌上物品，送餐人員過來將桌上衛生紙放到還有餐點的餐盤上，是否有在趕客人的意思？,https://www.google.com/maps/contrib/104721274830610051255/reviews?hl=zh-TW
全壘打牛排武聖店,bm062058,12 則評論 · 2 張相片,1 年前,5 顆星,,https://www.google.com/maps/contrib/110225681859381992601/reviews?hl=zh-TW
全壘打牛排武聖店,shao yu tsai,在地嚮導 · 19 則評論 · 1 張相片,1 年前,1 顆星,"這家是我這輩子吃過原味雞腿排最難吃的一家(我中午去吃的),中午時段完全沒人,肉質硬,雞皮沒味道,沒人還可以等超久厲害,綜合醬完全沒昧道,我要一直加番茄醬才吃得下去,跟花園夜市有的比 …",https://www.google.com/maps/contrib/108766931203855069922/reviews?hl=zh-TW
全壘打牛排武聖店,楊過,,1 年前,4 顆星,,https://www.google.com/maps/contrib/104503013813940660652/reviews?hl=zh-TW
全壘打牛排武聖店,jimmy陳志明,2 則評論,1 年前,1 顆星,牛排難吃的要死，肉都是筋，醬汁難吃，肉還沒有熟,https://www.google.com/maps/contrib/113384718534979926250/reviews?hl=zh-TW
全壘打牛排武聖店,黃睿誠,3 則評論 · 1 張相片,1 年前,1 顆星,位子偏外面走道！而且其它靠外側位子都沒有坐人！所以提出換位要求！有被換位後！一位穿白色上衣女服務員問我們四位能否移動至原本那個位子！告知她因為外側太接近走道深怕被撞到或影響他人行進！結果女士直接當著我們的面來一個大白眼！這態度！我真只能給您一顆！光這個白眼！食物如何都不重要了！,https://www.google.com/maps/contrib/116103033730034676286/reviews?hl=zh-TW
全壘打牛排武聖店,Vivian Cheng,在地嚮導 · 16 則評論 · 7 張相片,1 年前,3 顆星,叫了外送  東西明顯變少  也沒有以前好吃  有點失望🫠 …,https://www.google.com/maps/contrib/106405472738955504608/reviews?hl=zh-TW
全壘打牛排武聖店,李薇76,3 則評論,1 年前,1 顆星,金架洗五告拍甲,https://www.google.com/maps/contrib/111438208872158228464/reviews?hl=zh-TW
全壘打牛排武聖店,- YEN,在地嚮導 · 34 則評論 · 4 張相片,1 年前,1 顆星,,https://www.google.com/maps/contrib/104992282905790945943/reviews?hl=zh-TW
全壘打牛排武聖店,愛吃的豬豬,117 則評論 · 377 張相片,1 年前,5 顆星,豬排 玉米濃湯跟紅茶好喝 環境衛生 餐包好吃,https://www.google.com/maps/contrib/114784212741453068993/reviews?hl=zh-TW
全壘打牛排武聖店,華家華,在地嚮導 · 43 則評論 · 16 張相片,1 年前,5 顆星,,https://www.google.com/maps/contrib/104355458765520526670/reviews?hl=zh-TW
全壘打牛排武聖店,洪璿皓,在地嚮導 · 43 則評論 · 34 張相片,1 年前,4 顆星,,https://www.google.com/maps/contrib/112496148124060377539/reviews?hl=zh-TW
全壘打牛排武聖店,黃距融,在地嚮導 · 127 則評論 · 132 張相片,1 年前,5 顆星,,https://www.google.com/maps/contrib/106869501566658179068/reviews?hl=zh-TW
全壘打牛排武聖店,Venishel numsik Isopenisa philonedon mukeirw,3 則評論,1 年前,5 顆星,,https://www.google.com/maps/contrib/109911202118596536603/reviews?hl=zh-TW
全壘打牛排武聖店,八豆么,在地嚮導 · 241 則評論 · 227 張相片,2 年前,3 顆星,還ok啦！,https://www.google.com/maps/contrib/106428176936167576086/reviews?hl=zh-TW
全壘打牛排武聖店,林昌為,"在地嚮導 · 690 則評論 · 3,014 張相片",2 年前,3 顆星,普通,https://www.google.com/maps/contrib/106185108428515089836/reviews?hl=zh-TW
全壘打牛排武聖店,啟德,在地嚮導 · 24 則評論 · 9 張相片,2 年前,4 顆星,,https://www.google.com/maps/contrib/109182486081257030971/reviews?hl=zh-TW
全壘打牛排武聖店,綸綸,14 則評論 · 2 張相片,2 年前,1 顆星,等超級久的，工作人員都沒戴口罩，心情無敵糟,https://www.google.com/maps/contrib/105973926856228096972/reviews?hl=zh-TW
全壘打牛排武聖店,d fs,在地嚮導 · 21 則評論 · 4 張相片,2 年前,1 顆星,兩個字 超難吃,https://www.google.com/maps/contrib/105177816460829698729/reviews?hl=zh-TW
全壘打牛排武聖店,宇月まりな,在地嚮導 · 86 則評論 · 11 張相片,2 年前,1 顆星,"排餐的醬偏少，吃起來都偏乾，不好吃。
店員於店門口抽煙，店內都是煙味，臭。",https://www.google.com/maps/contrib/114796441904705550819/reviews?hl=zh-TW
全壘打牛排武聖店,少廷,3 則評論,2 年前,1 顆星,非常難吃,https://www.google.com/maps/contrib/116116551532199677574/reviews?hl=zh-TW
全壘打牛排武聖店,Lucas Kuo,"在地嚮導 · 5 則評論 · 1,984 張相片",2 年前,4 顆星,,https://www.google.com/maps/contrib/111065363522467346221/reviews?hl=zh-TW
全壘打牛排武聖店,Lucas Kuo,"在地嚮導 · 28 則評論 · 2,498 張相片",2 年前,4 顆星,,https://www.google.com/maps/contrib/113856918687555461294/reviews?hl=zh-TW
全壘打牛排武聖店,雪人,在地嚮導 · 15 則評論 · 2 張相片,2 年前,4 顆星,,https://www.google.com/maps/contrib/118319759312198244628/reviews?hl=zh-TW
全壘打牛排武聖店,黑米江,在地嚮導 · 121 則評論 · 44 張相片,2 年前,5 顆星,我覺得雞腿很好吃耶！餐包也好吃，每次都會再加點！濃湯也好喝！而且他們都很有禮貌！,https://www.google.com/maps/contrib/108341575768906193461/reviews?hl=zh-TW
全壘打牛排武聖店,SH. S,在地嚮導 · 119 則評論 · 19 張相片,2 年前,1 顆星,難吃態度也差，由其是站夜市外面攬客的阿桑，臉超臭💩，難怪評價如此，應該態度佔一半 …,https://www.google.com/maps/contrib/115014915839296865838/reviews?hl=zh-TW
全壘打牛排武聖店,Carrie Yang,10 則評論 · 1 張相片,2 年前,1 顆星,備餐人員（煎肉排者），完全沒帶口罩（不是口罩拉下的那種），看了害怕！,https://www.google.com/maps/contrib/118184915222077934687/reviews?hl=zh-TW
全壘打牛排武聖店,黃金生,在地嚮導 · 64 則評論 · 457 張相片,2 年前,4 顆星,,https://www.google.com/maps/contrib/111039541316635303862/reviews?hl=zh-TW
全壘打牛排武聖店,蔡暘展,在地嚮導 · 155 則評論 · 126 張相片,2 年前,4 顆星,刀具是自助拿取。牛排好吃有豬肉有雞肉的，玉米濃湯、柳橙汁、紅茶可喝還有夾心麵包。環境整潔清新,https://www.google.com/maps/contrib/105550516772607284768/reviews?hl=zh-TW
全壘打牛排武聖店,Avente Yang,"在地嚮導 · 49 則評論 · 1,530 張相片",2 年前,4 顆星,,https://www.google.com/maps/contrib/116164593640680267476/reviews?hl=zh-TW
全壘打牛排武聖店,張雅惠,在地嚮導 · 214 則評論 · 19 張相片,2 年前,4 顆星,平價好吃，用料實在,https://www.google.com/maps/contrib/108460525625420222916/reviews?hl=zh-TW
全壘打牛排武聖店,林佳君,5 則評論,2 年前,2 顆星,味道可以接受～但無法接受的是店員沒人戴口罩（只有一人有戴，但是是拉到下巴），準備餐食過程中店員大家你一來我一句，如果天氣熱又悶，建議可用餐飲用的塑膠透明口罩～觀感也較衛生🙏🏻,https://www.google.com/maps/contrib/113389594236552381121/reviews?hl=zh-TW
全壘打牛排武聖店,on Yan,6 則評論,2 年前,1 顆星,340的菲力牛排跟金門牛肉乾一樣好吃欸,https://www.google.com/maps/contrib/117825635497262935079/reviews?hl=zh-TW
全壘打牛排武聖店,YK Liao,在地嚮導 · 86 則評論 · 29 張相片,2 年前,1 顆星,吃過最普通的鐵板麵,https://www.google.com/maps/contrib/114108407513210166208/reviews?hl=zh-TW
全壘打牛排武聖店,White,在地嚮導 · 61 則評論 · 38 張相片,2 年前,5 顆星,"感謝老闆貼心
餐點好好吃
使用熊貓訂餐
店家很貼心，把肉切成一口大小
真大心！",https://www.google.com/maps/contrib/102552125196894523751/reviews?hl=zh-TW
全壘打牛排武聖店,Jou Kang,3 則評論 · 1 張相片,3 年前,5 顆星,"環境乾凈
有空調
價格合理",https://www.google.com/maps/contrib/117837464443447370309/reviews?hl=zh-TW
全壘打牛排武聖店,張文燕,2 則評論,3 年前,1 顆星,,https://www.google.com/maps/contrib/100227799579814002372/reviews?hl=zh-TW
全壘打牛排武聖店,陳宏益,在地嚮導 · 69 則評論 · 408 張相片,3 年前,3 顆星,,https://www.google.com/maps/contrib/101827995830236164666/reviews?hl=zh-TW
全壘打牛排武聖店,尤信凱,在地嚮導 · 2 則評論,3 年前,5 顆星,,https://www.google.com/maps/contrib/106513691418800595923/reviews?hl=zh-TW
全壘打牛排武聖店,葉淑玲,"在地嚮導 · 1 則評論 · 1,812 張相片",3 年前,3 顆星,,https://www.google.com/maps/contrib/101193604687802068696/reviews?hl=zh-TW
全壘打牛排武聖店,LUCAS KUO,"在地嚮導 · 57 則評論 · 8,769 張相片",3 年前,4 顆星,,https://www.google.com/maps/contrib/104173614945728482517/reviews?hl=zh-TW
全壘打牛排武聖店,詹姆士,在地嚮導 · 176 則評論 · 127 張相片,3 年前,4 顆星,口味不錯，老闆很客氣,https://www.google.com/maps/contrib/102801142320545738833/reviews?hl=zh-TW
全壘打牛排武聖店,Hannah haung,在地嚮導 · 15 則評論 · 22 張相片,3 年前,5 顆星,"叫熊貓外送，送到安南區
雞腿排的皮還很脆，好吃耶
看評價很兩極，本來還不敢點餐，幸好有叫來吃看看，覺得品質很不錯啊！
只是蘑菇醬有點偏鹹，如果可以改善就更好了！",https://www.google.com/maps/contrib/101437532212097772032/reviews?hl=zh-TW
全壘打牛排武聖店,劉榮霖,在地嚮導 · 48 則評論 · 270 張相片,3 年前,4 顆星,,https://www.google.com/maps/contrib/103692747452409903108/reviews?hl=zh-TW
全壘打牛排武聖店,Hsiumin Chuang (Vicky),在地嚮導 · 50 則評論 · 65 張相片,3 年前,5 顆星,,https://www.google.com/maps/contrib/103330494550000809938/reviews?hl=zh-TW
全壘打牛排武聖店,陳冠仁,5 則評論,3 年前,5 顆星,,https://www.google.com/maps/contrib/118287759906833224567/reviews?hl=zh-TW
全壘打牛排武聖店,Duck chen,在地嚮導 · 104 則評論 · 780 張相片,3 年前,5 顆星,店內乾淨，玉米濃湯極佳，肉質不會太硬，價格便宜，CP 值優,https://www.google.com/maps/contrib/118342038319802206732/reviews?hl=zh-TW
全壘打牛排武聖店,柑仔皮,12 則評論 · 3 張相片,3 年前,5 顆星,點了原味雞腿排加麵，裡面邊吃排餐邊吹冷氣就是舒服，給五星。,https://www.google.com/maps/contrib/116244226372848041250/reviews?hl=zh-TW
全壘打牛排武聖店,李菁玥,在地嚮導 · 64 則評論 · 114 張相片,3 年前,5 顆星,麵很多 食量大的可以來吃吃看 😁 老闆人很好 …,https://www.google.com/maps/contrib/111262436392457214355/reviews?hl=zh-TW
全壘打牛排武聖店,C.W LEE,在地嚮導 · 185 則評論,3 年前,3 顆星,,https://www.google.com/maps/contrib/107747386564129811167/reviews?hl=zh-TW
全壘打牛排武聖店,Ting Po,在地嚮導 · 21 則評論 · 11 張相片,3 年前,5 顆星,"東西是好吃 也很常去
只不過有一次吃到鐵絲就是了",https://www.google.com/maps/contrib/107099320363200901342/reviews?hl=zh-TW
全壘打牛排武聖店,Chia-chen WU,在地嚮導 · 66 則評論 · 188 張相片,3 年前,5 顆星,"雖然因為疫情關係沒辦法現場吃，不過店員很主動的詢問要不要裝濃湯，還算不錯👌🏻
另外沙郎牛排有筋還不錯吃！麵的份量也很足夠！濃湯真的很濃湯的味道，很喜歡！CP不錯👍🏻👍🏻👍🏻 …",https://www.google.com/maps/contrib/107633045638351025828/reviews?hl=zh-TW
全壘打牛排武聖店,林冠誼,在地嚮導 · 12 則評論 · 4 張相片,3 年前,3 顆星,,https://www.google.com/maps/contrib/113267333947553312054/reviews?hl=zh-TW
全壘打牛排武聖店,劉志民（豆）,"在地嚮導 · 9 則評論 · 2,201 張相片",3 年前,5 顆星,,https://www.google.com/maps/contrib/109987000812017821890/reviews?hl=zh-TW
全壘打牛排武聖店,Yolanda,在地嚮導 · 88 則評論 · 1 張相片,4 年前,5 顆星,,https://www.google.com/maps/contrib/103576327194142498125/reviews?hl=zh-TW
全壘打牛排武聖店,林沛錤,在地嚮導 · 45 則評論 · 2 張相片,4 年前,4 顆星,,https://www.google.com/maps/contrib/111224505682569425409/reviews?hl=zh-TW
全壘打牛排武聖店,智怡曾,"在地嚮導 · 170 則評論 · 5,719 張相片",4 年前,4 顆星,豬排好吃,https://www.google.com/maps/contrib/105017025298441086804/reviews?hl=zh-TW
全壘打牛排武聖店,劉品榮,在地嚮導 · 5 則評論 · 100 張相片,4 年前,4 顆星,,https://www.google.com/maps/contrib/109398387032840255612/reviews?hl=zh-TW
全壘打牛排武聖店,林松江,在地嚮導 · 1 則評論 · 14 張相片,4 年前,5 顆星,,https://www.google.com/maps/contrib/103759785526179794597/reviews?hl=zh-TW
全壘打牛排武聖店,yang sheng fan,在地嚮導 · 87 則評論 · 9 張相片,4 年前,1 顆星,"2月10日晚上8點多去用餐，濃湯已沒有，向店員反應，回應知道了，喝了一杯紅茶想再續，紅茶也沒了，到我的牛排快吃完仍未補，仍持續有客人走到湯及茶處觀望後失望而回，店家持續接客但仍未有要處理之意，我再向一為應該是老闆的大叔反應，他才驅車去載了紅茶回來補，湯仍沒有。對我來說，夜市牛排濃湯跟紅茶是基本，點餐時即收錢也是OK,, 但收了錢未提供客戶對等的服務，也未向客戶事先說明，仍持續接客，算不算騙人呢？？",https://www.google.com/maps/contrib/102001199601147499929/reviews?hl=zh-TW
全壘打牛排武聖店,地方已婚爸爸,"在地嚮導 · 583 則評論 · 1,348 張相片",4 年前,4 顆星,味道上還可以，用餐環境乾淨,https://www.google.com/maps/contrib/102261325320902971077/reviews?hl=zh-TW
全壘打牛排武聖店,蔡閔豐,6 則評論 · 5 張相片,4 年前,5 顆星,,https://www.google.com/maps/contrib/117302914224612031212/reviews?hl=zh-TW
全壘打牛排武聖店,楷鴿,在地嚮導 · 82 則評論 · 30 張相片,4 年前,3 顆星,就夜市牛排。,https://www.google.com/maps/contrib/104432466430241787129/reviews?hl=zh-TW
全壘打牛排武聖店,Emerson Chiu,在地嚮導 · 1 則評論 · 21 張相片,4 年前,4 顆星,,https://www.google.com/maps/contrib/107477551464721757441/reviews?hl=zh-TW
全壘打牛排武聖店,林小龍,在地嚮導 · 142 則評論 · 615 張相片,4 年前,3 顆星,,https://www.google.com/maps/contrib/102146163317015869637/reviews?hl=zh-TW
全壘打牛排武聖店,Chen Yu Wen,在地嚮導 · 709 則評論 · 123 張相片,4 年前,3 顆星,牛排普普通通,https://www.google.com/maps/contrib/116623330004254995919/reviews?hl=zh-TW
全壘打牛排武聖店,鄭三哥,在地嚮導 · 179 則評論 · 203 張相片,4 年前,3 顆星,,https://www.google.com/maps/contrib/106608514293473012446/reviews?hl=zh-TW
全壘打牛排武聖店,哲仁涂,在地嚮導 · 61 則評論 · 39 張相片,4 年前,5 顆星,,https://www.google.com/maps/contrib/100274206489378241927/reviews?hl=zh-TW
全壘打牛排武聖店,施政旭,在地嚮導 · 250 則評論 · 303 張相片,4 年前,3 顆星,,https://www.google.com/maps/contrib/105648081499475858609/reviews?hl=zh-TW
全壘打牛排武聖店,Cheng yi,在地嚮導 · 30 則評論 · 6 張相片,4 年前,1 顆星,這個100 真是高價,https://www.google.com/maps/contrib/106875372089959173164/reviews?hl=zh-TW
全壘打牛排武聖店,wa Io,在地嚮導 · 8 則評論,4 年前,4 顆星,,https://www.google.com/maps/contrib/107284257332365231575/reviews?hl=zh-TW
全壘打牛排武聖店,大水牛,5 則評論,4 年前,5 顆星,,https://www.google.com/maps/contrib/110741960386568010544/reviews?hl=zh-TW
全壘打牛排武聖店,芮瑄,在地嚮導 · 3 則評論 · 3 張相片,4 年前,3 顆星,,https://www.google.com/maps/contrib/104140810855960682009/reviews?hl=zh-TW
全壘打牛排武聖店,阿彣,在地嚮導 · 33 則評論 · 6 張相片,4 年前,3 顆星,,https://www.google.com/maps/contrib/111790493099306066781/reviews?hl=zh-TW
全壘打牛排武聖店,wen,6 則評論 · 3 張相片,4 年前,1 顆星,武聖夜市裏的攤位，錢收快快，出餐慢到不行，兩份牛排可以等30分，一直先做後到客人的餐，直到我們要徹單才開始做,https://www.google.com/maps/contrib/100404893796114052980/reviews?hl=zh-TW
全壘打牛排武聖店,林娜娜,4 則評論 · 1 張相片,4 年前,5 顆星,很好吃😋 …,https://www.google.com/maps/contrib/113120575949121078420/reviews?hl=zh-TW
全壘打牛排武聖店,嘉實多,在地嚮導 · 61 則評論 · 260 張相片,4 年前,5 顆星,醬料 搭配的剛好,https://www.google.com/maps/contrib/116195048306513956120/reviews?hl=zh-TW
全壘打牛排武聖店,吳佳蓉,5 則評論,4 年前,5 顆星,,https://www.google.com/maps/contrib/115673642488281358277/reviews?hl=zh-TW
全壘打牛排武聖店,龔小俊,在地嚮導 · 93 則評論 · 54 張相片,5 年前,5 顆星,CP質高的排餐店,https://www.google.com/maps/contrib/109337567575376729168/reviews?hl=zh-TW
全壘打牛排武聖店,黃丁龍,2 則評論,5 年前,5 顆星,肉質好，玉米濃湯純，紅茶好喝，環境衛生良好，一定會再度光臨！,https://www.google.com/maps/contrib/106927919436515188639/reviews?hl=zh-TW
全壘打牛排武聖店,Dio LEE,在地嚮導 · 185 則評論 · 596 張相片,5 年前,5 顆星,空間乾淨 明亮 冬天不用去夜市吹冷風 夏天有空調,https://www.google.com/maps/contrib/112921224333144939171/reviews?hl=zh-TW
全壘打牛排武聖店,郭耀中,在地嚮導 · 2 則評論 · 18 張相片,5 年前,4 顆星,,https://www.google.com/maps/contrib/105157915501499795672/reviews?hl=zh-TW
全壘打牛排武聖店,蔡維哲,在地嚮導 · 46 則評論 · 47 張相片,5 年前,5 顆星,"非常感謝老闆解救我的內急！
祝福老闆生意興隆！",https://www.google.com/maps/contrib/102498753354987449072/reviews?hl=zh-TW
全壘打牛排武聖店,陳正吉,在地嚮導 · 179 則評論 · 22 張相片,5 年前,3 顆星,個人覺的不錯豬排肉很大但生意清淡,https://www.google.com/maps/contrib/111723374773124781196/reviews?hl=zh-TW
全壘打牛排武聖店,劉阿碧,18 則評論 · 24 張相片,5 年前,4 顆星,,https://www.google.com/maps/contrib/104184286232565409049/reviews?hl=zh-TW
全壘打牛排武聖店,Dinoety,在地嚮導 · 1 則評論 · 435 張相片,5 年前,3 顆星,,https://www.google.com/maps/contrib/110064548516622455681/reviews?hl=zh-TW
全壘打牛排武聖店,Maruru,在地嚮導 · 36 則評論 · 11 張相片,5 年前,3 顆星,"店鋪版的夜市牛排 平價 餐點普通   醬偏甜
吃起來都是醬的味道 提供濃湯飲料
店內乾淨明亮 餐包酥脆好吃但偏小",https://www.google.com/maps/contrib/113295100949253159101/reviews?hl=zh-TW
全壘打牛排武聖店,王建雄,在地嚮導 · 68 則評論,5 年前,3 顆星,,https://www.google.com/maps/contrib/112905568825785776276/reviews?hl=zh-TW
全壘打牛排武聖店,Sunny Tsai,9 則評論 · 3 張相片,5 年前,4 顆星,,https://www.google.com/maps/contrib/114698311241807119080/reviews?hl=zh-TW
全壘打牛排武聖店,蔡孚靈,在地嚮導 · 272 則評論 · 370 張相片,5 年前,3 顆星,,https://www.google.com/maps/contrib/109942250698225987081/reviews?hl=zh-TW
全壘打牛排武聖店,蔡福能,在地嚮導 · 177 則評論 · 523 張相片,5 年前,3 顆星,好的,https://www.google.com/maps/contrib/112460314977991676389/reviews?hl=zh-TW
全壘打牛排武聖店,yen jc,1 則評論,5 年前,1 顆星,花280元點5分熟變全熟的牛排，還是第一次吃到全熟的牛排，買牛肉乾也比你好吃，就一句抱歉你們會改，我就活該倒楣嗎？,https://www.google.com/maps/contrib/115065995034024794645/reviews?hl=zh-TW
全壘打牛排武聖店,曾立杰,在地嚮導 · 28 則評論,5 年前,2 顆星,麵不錯，但肉不敢恭維，點了雞腿排 切開裡面紅色有血水，問店員說是不是沒熟，他說不是但也講不出所以然，還問我說要不要在煎一下，這不是自己打臉嗎。,https://www.google.com/maps/contrib/110705677292936375333/reviews?hl=zh-TW
全壘打牛排武聖店,洋蔥,在地嚮導 · 1 則評論,5 年前,3 顆星,,https://www.google.com/maps/contrib/109706716537485585179/reviews?hl=zh-TW
全壘打牛排武聖店,傻楓,在地嚮導 · 6 則評論 · 3 張相片,5 年前,3 顆星,,https://www.google.com/maps/contrib/114625951193766916934/reviews?hl=zh-TW
全壘打牛排武聖店,Jenna,"在地嚮導 · 310 則評論 · 1,426 張相片",6 年前,4 顆星,還不錯,https://www.google.com/maps/contrib/111280313610592176874/reviews?hl=zh-TW
全壘打牛排武聖店,ichen LIU,在地嚮導 · 30 則評論 · 5 張相片,6 年前,1 顆星,貴就算了，煎牛排還能玩，這樣也算了，餐包濃湯全沒有，準備倒吧,https://www.google.com/maps/contrib/118060700828928950433/reviews?hl=zh-TW
全壘打牛排武聖店,蔡冠德（erix）,在地嚮導 · 94 則評論 · 247 張相片,6 年前,5 顆星,環境乾淨衛生，服務好，餐點附有玉米濃湯、餐包、飲料，附近好停車，WiFi 密碼前面記得多加06，東西好吃，雞腿排跟沙朗牛排可參考照片。,https://www.google.com/maps/contrib/113227108900214058333/reviews?hl=zh-TW
全壘打牛排武聖店,Rong Qi,在地嚮導 · 52 則評論 · 4 張相片,6 年前,5 顆星,Wifi密碼要+06,https://www.google.com/maps/contrib/100304408140333746189/reviews?hl=zh-TW
全壘打牛排武聖店,林邦彥,"在地嚮導 · 11 則評論 · 1,152 張相片",6 年前,3 顆星,,https://www.google.com/maps/contrib/107216372667787753969/reviews?hl=zh-TW
全壘打牛排武聖店,Yichun Huang,"在地嚮導 · 260 則評論 · 1,327 張相片",6 年前,4 顆星,普通,https://www.google.com/maps/contrib/111505822753547078442/reviews?hl=zh-TW
全壘打牛排武聖店,蔣建洲,在地嚮導 · 13 則評論 · 5 張相片,6 年前,5 顆星,,https://www.google.com/maps/contrib/103500210061594495561/reviews?hl=zh-TW
阿誠牛肉湯,Ivy Zhuang,在地嚮導 · 87 則評論 · 598 張相片,2 天前,5 顆星,好食物😋,https://www.google.com/maps/contrib/101470941415805269148/reviews?hl=zh-TW
阿誠牛肉湯,高偉琪,在地嚮導 · 98 則評論 · 703 張相片,5 天前,4 顆星,"很在地的店家。個人覺得老闆很親切呀！

牛肉湯的肉，個人不是很喜歡，感覺像牛腱肉，但店家說不是牛腱。湯頭濃郁略帶微微酸(店家用牛骨與水果熬製)還不錯喝
最超值的應該是蔥蛋(必點)
青菜稍弱，但有兩種青菜也是挺超值的
肉燥飯也還不錯吃。
可惜今天沒有牛舌😭老闆也說牛舌是店內招牌餐點...真的很可惜

很多人點 紅燒牛肉麵
(看起來真的不錯吃，而且份量很大碗)",https://www.google.com/maps/contrib/103788066095983982502/reviews?hl=zh-TW
阿誠牛肉湯,林明宏,1 則評論 · 1 張相片,2 週前,5 顆星,,https://www.google.com/maps/contrib/107994996877026599693/reviews?hl=zh-TW
阿誠牛肉湯,楊仁仁,2 則評論,3 週前,5 顆星,給老闆五百個讚，超級客氣又熱情,https://www.google.com/maps/contrib/105361232953161783759/reviews?hl=zh-TW
阿誠牛肉湯,shih yejyuan,在地嚮導 · 813 則評論 · 951 張相片,3 週前,5 顆星,CP值高，蔥蛋、燙青菜都很便宜,https://www.google.com/maps/contrib/105860371760867480353/reviews?hl=zh-TW
阿誠牛肉湯,新酒,在地嚮導 · 15 則評論 · 8 張相片,4 週前,5 顆星,高cp 💕💕💕,https://www.google.com/maps/contrib/109588450321717781637/reviews?hl=zh-TW
阿誠牛肉湯,Alston,在地嚮導 · 114 則評論 · 12 張相片,4 週前,5 顆星,無敵了我的牛舌,https://www.google.com/maps/contrib/109561210322223494991/reviews?hl=zh-TW
阿誠牛肉湯,林芬芬,"在地嚮導 · 372 則評論 · 2,433 張相片",4 週前,5 顆星,牛舌湯超讚，外帶會給一大包湯，而且湯超級好喝的～推推推,https://www.google.com/maps/contrib/111039649741518957279/reviews?hl=zh-TW
阿誠牛肉湯,Paul Chiu,在地嚮導 · 41 則評論 · 16 張相片,4 週前,4 顆星,牛肉嫩又有嚼勁。下次來的時候想嘗試辣味版本。,https://www.google.com/maps/contrib/107730822516447466329/reviews?hl=zh-TW
阿誠牛肉湯,沈正偉,在地嚮導 · 3 則評論,1 個月前,5 顆星,老闆，老闆娘人很親切，餐點美味,https://www.google.com/maps/contrib/103649240097315455413/reviews?hl=zh-TW
阿誠牛肉湯,wei lee,在地嚮導 · 18 則評論 · 1 張相片,1 個月前,5 顆星,,https://www.google.com/maps/contrib/108268779537723758661/reviews?hl=zh-TW
阿誠牛肉湯,馬依靚,6 則評論 · 1 張相片,1 個月前,5 顆星,老闆很親人！超好吃 牛舌超嫩 肉臊超級好吃必點超嫩超嫩啦肉臊的肉很大塊😍😍😍,https://www.google.com/maps/contrib/109597556363323970629/reviews?hl=zh-TW
阿誠牛肉湯,YiChing Huang,在地嚮導 · 21 則評論 · 2 張相片,1 個月前,5 顆星,"餐點份量多又好吃,用料實在，非常推薦",https://www.google.com/maps/contrib/101966975312498671223/reviews?hl=zh-TW
阿誠牛肉湯,shinex hun,在地嚮導 · 163 則評論 · 33 張相片,1 個月前,5 顆星,超級好喝,https://www.google.com/maps/contrib/116967338055959971071/reviews?hl=zh-TW
阿誠牛肉湯,唐正,11 則評論 · 7 張相片,2 個月前,5 顆星,人情味十足，份量很足，要吃麵的記得量力而為，不然會吃不完，浪費了食材,https://www.google.com/maps/contrib/107772532749476736955/reviews?hl=zh-TW
阿誠牛肉湯,帥,在地嚮導 · 305 則評論 · 41 張相片,2 個月前,2 顆星,"味道太淡我乾脆吃素就好了
等太久了 30分鐘
回家被老婆教訓….
特地從台中下來吃
建議現場增加人手
我還踩到地毯差點摔死",https://www.google.com/maps/contrib/112736841656599585865/reviews?hl=zh-TW
阿誠牛肉湯,陳仕安,在地嚮導 · 23 則評論 · 4 張相片,2 個月前,5 顆星,牛肉湯好吃，肉多湯鮮，可惜肉燥飯的水準跟不上,https://www.google.com/maps/contrib/102688160246260293710/reviews?hl=zh-TW
阿誠牛肉湯,Liz Liu,在地嚮導 · 15 則評論 · 14 張相片,2 個月前,5 顆星,"超級大推薦👍🏻店家親切，餐點很美味～
滷肉飯不會油膩很優，牛肉湯的肉給的很足，店內薑絲和米酒能免費自取超大方！牛肉麵軟嫩湯頭甘醇，連炒青菜都好吃～而且價格便宜

最重要的是離開前老闆還溫柔詢問我們有沒有吃飽，是一家很溫暖的店～已列入來台南必吃清單",https://www.google.com/maps/contrib/114866321832917474998/reviews?hl=zh-TW
阿誠牛肉湯,Leona,在地嚮導 · 39 則評論 · 15 張相片,2 個月前,5 顆星,"因為初九很多有名的牛肉湯都沒開
所以誤打誤撞來到了這間
沒想到意外的好吃！
以後來台南還會再過來吃的～～",https://www.google.com/maps/contrib/115105006520828531184/reviews?hl=zh-TW
阿誠牛肉湯,萱,在地嚮導 · 16 則評論 · 7 張相片,2 個月前,5 顆星,老闆老闆娘人很好超熱情，聽老闆說他們的招牌是牛舌湯，所以點了一碗試看看，真的！！！超級好喝！！！超頂！！！有來的要記得喝看看欸😍,https://www.google.com/maps/contrib/109946002001382196598/reviews?hl=zh-TW
阿誠牛肉湯,07蔡宗彥,3 則評論,2 個月前,5 顆星,,https://www.google.com/maps/contrib/116118188310018637144/reviews?hl=zh-TW
阿誠牛肉湯,Kawada Hung,"在地嚮導 · 559 則評論 · 9,924 張相片",2 個月前,4 顆星,"🔍IG:kawada.foodie
某天下午時間，沒有靈感的肚子餓，地圖給了我指引，導到了也是旁的牛肉麵，沒有特別研究評論，看起來昏暗昏暗的很像準備休息，詢問了一下點餐，很快的送上桌來，牛肉湯蠻大一碗的，肉質較瘦但不至於到柴的口感，湯的口感比較蔬果香甜，肉燥飯要另外點，不是像其他牛肉湯有附一碗，如果有夜市營業，附近看來是不好停車，評論中還有一些推薦的有機會再來吃看看😋",https://www.google.com/maps/contrib/105819573295774878379/reviews?hl=zh-TW
阿誠牛肉湯,周浩,2 則評論,2 個月前,5 顆星,,https://www.google.com/maps/contrib/112372160482126292242/reviews?hl=zh-TW
阿誠牛肉湯,張梅段,7 則評論 · 1 張相片,3 個月前,5 顆星,,https://www.google.com/maps/contrib/114606850279301620709/reviews?hl=zh-TW
阿誠牛肉湯,林軒民,在地嚮導 · 52 則評論 · 2 張相片,3 個月前,5 顆星,清湯系列，肉質新鮮，不論是肉片或帶筋的牛腩肉塊都很嫩，牛腩筋入口即化，價格不貴，非常實惠,https://www.google.com/maps/contrib/101348030341100836379/reviews?hl=zh-TW
阿誠牛肉湯,陳智謙,3 則評論,3 個月前,5 顆星,份量十足，老板很親切，推薦牛舌湯炒牛腩筋。,https://www.google.com/maps/contrib/111823813422166796715/reviews?hl=zh-TW
阿誠牛肉湯,林憶薇,2 則評論 · 1 張相片,3 個月前,5 顆星,餐點美味可口，份量超級足夠👍,https://www.google.com/maps/contrib/113718090939530022363/reviews?hl=zh-TW
阿誠牛肉湯,May,12 則評論 · 1 張相片,3 個月前,5 顆星,2025過年休假時間：1/22 ~2/4,https://www.google.com/maps/contrib/112313354532984348465/reviews?hl=zh-TW
阿誠牛肉湯,Zora Lo,在地嚮導 · 25 則評論,4 個月前,5 顆星,牛舌湯超爆好喝！超嫩！！,https://www.google.com/maps/contrib/105343893665620265872/reviews?hl=zh-TW
阿誠牛肉湯,Jenny Tsai (Jennieee269),在地嚮導 · 22 則評論,4 個月前,5 顆星,非常好吃，肉量又多！,https://www.google.com/maps/contrib/115367688147882715510/reviews?hl=zh-TW
阿誠牛肉湯,馮惠閔,6 則評論,4 個月前,5 顆星,牛肉鮮湯好喝，忍不住想多吃一碗，老闆老闆娘人親切，服務好👍👍,https://www.google.com/maps/contrib/110749824949431570011/reviews?hl=zh-TW
阿誠牛肉湯,湯志傑（Jeff）,在地嚮導 · 28 則評論 · 29 張相片,4 個月前,5 顆星,,https://www.google.com/maps/contrib/108001934517334306042/reviews?hl=zh-TW
阿誠牛肉湯,jhih_yi Huang,"在地嚮導 · 1,043 則評論 · 3,734 張相片",4 個月前,4 顆星,"清燉牛肉菜單註明現燙牛肉，麵上來的時候肉還有點微紅，整晚的肉跟麵非常多，湯的味道沒什麼特色不過很清淡爽口，可以另外加辣。要注意麵真的真的非常多，食量小的可以請老闆娘減少麵量，免得吃不完浪費～
小缺點店內空間不大，通風比較差一點，吃完麵全身都是味道·",https://www.google.com/maps/contrib/104775478821038676823/reviews?hl=zh-TW
阿誠牛肉湯,林業,"在地嚮導 · 411 則評論 · 1,709 張相片",5 個月前,5 顆星,"113/11/22及23日到訪

這家在武聖夜市旁，內用、外帶都填單，內用座位不少且乾淨，用餐環境不錯，所以連兩天都來用餐

點了
牛肉牛肝雙補湯：130
就是肉跟肝兩種，肉很嫩，肝也好吃，吃起來比豬肝再嫩ㄧ些，且量很多，跟其他店家的量來比，真的CP值很高

牛舌湯：170
牛舌湯的量也是很多，因為不常吃牛舌，所以吃起來很像豬舌的口感，也是很嫩

青菜炒牛肉：120
這道的肉量看起來就差不多剛好，其他店也差不多，味道則普通，個人覺得還好，但不會到難吃

肉燥飯：20
就一般肉燥飯，味道ㄧ樣台南口味甜ㄧ些

整體上湯類的都很讚，下次再嚐嚐其它炒類

推薦大家來逛夜市可以順便吃牛肉湯",https://www.google.com/maps/contrib/107893412225915131623/reviews?hl=zh-TW
阿誠牛肉湯,吳皇慶,5 則評論,5 個月前,1 顆星,打電話訂餐，老闆口氣非常差，還跟客人大小聲，沒有評論中好，大家別被騙了，花錢買麵還要先受氣 ….,https://www.google.com/maps/contrib/104833199607988367101/reviews?hl=zh-TW
阿誠牛肉湯,小鮮肉,,5 個月前,5 顆星,,https://www.google.com/maps/contrib/111544773410899188476/reviews?hl=zh-TW
阿誠牛肉湯,Ria,1 則評論,5 個月前,5 顆星,清湯牛肉麵好吃 麵都是牛肉的香氣 牛肉蛋炒飯也好吃 粒粒分明 老闆態度超親切 唉真好吃 早知不在夜市吃 直接過來這邊多點一份算了,https://www.google.com/maps/contrib/113434130246160918421/reviews?hl=zh-TW
阿誠牛肉湯,茉香隨風,在地嚮導 · 23 則評論 · 45 張相片,5 個月前,5 顆星,牛舌嫩，湯頭鮮香甜。老闆說湯頭只有加鹽，安心讓小孩喝。牛筋牛肉軟嫩，非常適合咀嚼較差的人吃。涼拌牛雜是我最愛的口味，夠酸夠味，口味偏像老四川餐前那份酸辣寬粉。,https://www.google.com/maps/contrib/111726127098354737991/reviews?hl=zh-TW
阿誠牛肉湯,吳銘豪,在地嚮導 · 395 則評論 · 178 張相片,5 個月前,5 顆星,好吃肉多,https://www.google.com/maps/contrib/108290575437966624714/reviews?hl=zh-TW
阿誠牛肉湯,Bubu Wu,在地嚮導 · 16 則評論 · 12 張相片,5 個月前,5 顆星,今天第一次去吃 牛舌湯真的好讚 牛舌很嫩 湯頭很香甜 我女兒也好愛！,https://www.google.com/maps/contrib/114255741514306953766/reviews?hl=zh-TW
阿誠牛肉湯,金仔,在地嚮導 · 424 則評論 · 3 張相片,5 個月前,5 顆星,,https://www.google.com/maps/contrib/108012223574046426565/reviews?hl=zh-TW
阿誠牛肉湯,鄭宜崴（NeuralxNet）,在地嚮導 · 114 則評論 · 207 張相片,5 個月前,5 顆星,"偶然發現的一家神級牛肉餐廳，超誇張的份量（而且都是肉！）、超美味的醬汁、牛肉湯肉比湯多，從沒見過這麼佛的店家😭😭😭
店家也非常親切、健談！ …",https://www.google.com/maps/contrib/108152696019062023367/reviews?hl=zh-TW
阿誠牛肉湯,楊忠翰,在地嚮導 · 114 則評論 · 58 張相片,5 個月前,5 顆星,"餐點價位合理
東西也好吃，用料實在
不管是白飯或肉燥飯 …",https://www.google.com/maps/contrib/100218890324834474891/reviews?hl=zh-TW
阿誠牛肉湯,郭品秀,在地嚮導 · 74 則評論 · 34 張相片,5 個月前,5 顆星,"老闆非常親切，而且服務很好
會擔心我們吃不完
牛舌湯真的推薦 非常的軟嫩
我本身喜歡清湯口味的 真的很讚
爆炒牛腩筋非常入味
蔥蛋 跟青菜 cp高
真的來台南，歡迎大家來嚐嚐",https://www.google.com/maps/contrib/101262119974052195167/reviews?hl=zh-TW
阿誠牛肉湯,A L,在地嚮導 · 21 則評論 · 2 張相片,5 個月前,5 顆星,真正的寶石。價格實惠的地方，有豐盛的牛肉湯和可愛的老主人。,https://www.google.com/maps/contrib/106440887819210532780/reviews?hl=zh-TW
阿誠牛肉湯,lio O,在地嚮導 · 195 則評論 · 766 張相片,6 個月前,5 顆星,外帶的湯給得也太大包，太爽了,https://www.google.com/maps/contrib/112747551071036319978/reviews?hl=zh-TW
阿誠牛肉湯,Zhaoliang Gou,在地嚮導 · 196 則評論 · 46 張相片,6 個月前,4 顆星,"在地美食與平價餐飲
老闆娘客氣與親切 知道外地來的 還會問餐飲吃的習慣嗎!",https://www.google.com/maps/contrib/101737087797017473972/reviews?hl=zh-TW
阿誠牛肉湯,林俊呈,在地嚮導 · 45 則評論 · 132 張相片,6 個月前,5 顆星,大推牛舌湯，現炒也好吃😋,https://www.google.com/maps/contrib/103185144653888439710/reviews?hl=zh-TW
阿誠牛肉湯,WEI ZHE DING,1 則評論,6 個月前,5 顆星,老闆娘及老闆很親切，牛肉麵真的是俗擱大碗，推推,https://www.google.com/maps/contrib/108671754237972139403/reviews?hl=zh-TW
阿誠牛肉湯,Lydia,在地嚮導 · 51 則評論 · 3 張相片,6 個月前,5 顆星,,https://www.google.com/maps/contrib/107654410343578787535/reviews?hl=zh-TW
阿誠牛肉湯,CHEN Jace,"在地嚮導 · 550 則評論 · 2,272 張相片",6 個月前,5 顆星,"用料實在 大碗滿意
這邊首推肯定是牛舌湯
湯頭比較偏蔬果高湯路線 …",https://www.google.com/maps/contrib/104085406907049754035/reviews?hl=zh-TW
阿誠牛肉湯,黃俊賓,1 則評論,6 個月前,5 顆星,,https://www.google.com/maps/contrib/102725913478018597316/reviews?hl=zh-TW
阿誠牛肉湯,小小,在地嚮導 · 34 則評論 · 40 張相片,6 個月前,5 顆星,大碗牛肉湯牛肉好吃，湯也好喝，肉燥飯也好吃👍🏻 …,https://www.google.com/maps/contrib/104095342810713627698/reviews?hl=zh-TW
阿誠牛肉湯,Zoe Chen,在地嚮導 · 22 則評論 · 43 張相片,7 個月前,5 顆星,"這是吃到一半才想到要拍的照片～牛舌湯比較少見，想說點來喝喝看，還好沒踩雷～牛舌吃起來很軟嫩、湯又清甜，整體搭配起來非常好喝！👏👏
相對之下牛小排就比較需要咬了喔！朋友點的是牛肉湯，吃起來口感也很好👍老闆服務也很親切，還說清湯如果還需要可以續，但我們還要留肚子吃其他台南美食啦😋我們去的時間剛好在下午1點多，不用等候就有空位了。 …",https://www.google.com/maps/contrib/101636506839047052415/reviews?hl=zh-TW
阿誠牛肉湯,Han Ting Huang,在地嚮導 · 79 則評論 · 154 張相片,7 個月前,4 顆星,"如網友們說的
牛舌湯是一大亮點
湯頭比較偏蔬果高湯路線
牛舌給的量多
口感甜嫩

高麗菜炒牛肉就比較中規中矩
好吃但沒有太突出的特色

現金交易",https://www.google.com/maps/contrib/103565682135300045606/reviews?hl=zh-TW
阿誠牛肉湯,David Tsai,在地嚮導 · 107 則評論 · 103 張相片,7 個月前,5 顆星,牛舌湯真的是必吃！,https://www.google.com/maps/contrib/114737171860367939761/reviews?hl=zh-TW
阿誠牛肉湯,BEAR WANG,在地嚮導 · 25 則評論 · 5 張相片,7 個月前,3 顆星,,https://www.google.com/maps/contrib/117234695950417926269/reviews?hl=zh-TW
阿誠牛肉湯,Kangwei,在地嚮導 · 117 則評論 · 436 張相片,7 個月前,5 顆星,這次點了清燙牛肉麵$120，份量很充足。,https://www.google.com/maps/contrib/108504420315670851964/reviews?hl=zh-TW
阿誠牛肉湯,林玟玲,2 則評論,7 個月前,5 顆星,"牛肉湯很好喝
老闆老闆娘態度很好",https://www.google.com/maps/contrib/105526167187952925131/reviews?hl=zh-TW
阿誠牛肉湯,蘇羿云,7 則評論 · 6 張相片,7 個月前,5 顆星,,https://www.google.com/maps/contrib/115886403063242178576/reviews?hl=zh-TW
阿誠牛肉湯,Catherine Chuang,在地嚮導 · 26 則評論,7 個月前,5 顆星,愛情商店,https://www.google.com/maps/contrib/104680025036944692710/reviews?hl=zh-TW
阿誠牛肉湯,陳幸美,在地嚮導 · 80 則評論 · 91 張相片,8 個月前,5 顆星,,https://www.google.com/maps/contrib/103144761937545396145/reviews?hl=zh-TW
阿誠牛肉湯,Unie Yan,在地嚮導 · 25 則評論 · 30 張相片,8 個月前,5 顆星,"每次南下開會必吃店
老闆娘熱情和善
老闆帥氣手藝好

每次也都要打包帶回彰化，姪子指名必帶！",https://www.google.com/maps/contrib/116007185243148060997/reviews?hl=zh-TW
阿誠牛肉湯,哈囉I’m Trista,8 則評論 · 10 張相片,8 個月前,5 顆星,,https://www.google.com/maps/contrib/117632731590648613635/reviews?hl=zh-TW
阿誠牛肉湯,Tsaihung Lin,在地嚮導 · 11 則評論 · 6 張相片,8 個月前,5 顆星,很好吃，吃的很飽,https://www.google.com/maps/contrib/106134698951421506769/reviews?hl=zh-TW
阿誠牛肉湯,Hensan Chen,"在地嚮導 · 279 則評論 · 5,673 張相片",8 個月前,5 顆星,,https://www.google.com/maps/contrib/105729293910229774074/reviews?hl=zh-TW
阿誠牛肉湯,uchen,在地嚮導 · 15 則評論 · 1 張相片,8 個月前,5 顆星,,https://www.google.com/maps/contrib/116722371106716325171/reviews?hl=zh-TW
阿誠牛肉湯,J C,在地嚮導 · 60 則評論 · 3 張相片,8 個月前,5 顆星,在地人才會來吃的 真的大推,https://www.google.com/maps/contrib/111891190186000755851/reviews?hl=zh-TW
阿誠牛肉湯,乘二,在地嚮導 · 36 則評論 · 6 張相片,8 個月前,5 顆星,,https://www.google.com/maps/contrib/117280948825034238489/reviews?hl=zh-TW
阿誠牛肉湯,陳秉閎,3 則評論,8 個月前,5 顆星,餐點份量很足 牛肉量超級多多多 老闆 老闆娘超客氣～,https://www.google.com/maps/contrib/102555420518794619633/reviews?hl=zh-TW
阿誠牛肉湯,Isaac,在地嚮導 · 20 則評論 · 9 張相片,8 個月前,5 顆星,"看到google評論而來
武聖夜市旁邊
中午剛去沒什麼人 …",https://www.google.com/maps/contrib/118185973250799618568/reviews?hl=zh-TW
阿誠牛肉湯,劉詠亭,3 則評論 · 1 張相片,8 個月前,5 顆星,一百分 牛舌湯太頂ㄌ⋯⋯,https://www.google.com/maps/contrib/102317072546254841644/reviews?hl=zh-TW
阿誠牛肉湯,sosohoi1,在地嚮導 · 18 則評論 · 8 張相片,8 個月前,5 顆星,湯頭台南甜但牛舌一絕，星期一找不到牛肉湯發現這家有開來試試，真心好吃,https://www.google.com/maps/contrib/115182212079625768535/reviews?hl=zh-TW
阿誠牛肉湯,彭啊抹,12 則評論 · 13 張相片,8 個月前,5 顆星,"看評論大家說牛舌湯很頂就點來喝喝看，吼真的超 級 好 喝！
牛舌切成薄片很嫩，而且每一片都不小！有些厚一點的也還是很嫩，真的是讓人驚艷的好吃！
湯也是很鮮甜、不膩，還可以免費續湯！
喝了牛舌湯之後朋友決定再加一碗牛肉湯，也是很好喝🥹🥹🥹
真的推推！

11點來不用排隊CP值高！
牛舌湯$170 牛肉湯$120 肉燥飯$20",https://www.google.com/maps/contrib/116944961997732337052/reviews?hl=zh-TW
阿誠牛肉湯,yuchia 0516,7 則評論 · 11 張相片,8 個月前,5 顆星,,https://www.google.com/maps/contrib/107519301179586524402/reviews?hl=zh-TW
阿誠牛肉湯,真心不騙Toby,在地嚮導 · 23 則評論 · 12 張相片,8 個月前,5 顆星,"老闆真的讚
牛舌湯超級好喝，沒有地雷，都是恩典
份量大飽足感滿滿
耶和華祝福滿滿❤️",https://www.google.com/maps/contrib/109725265599514111218/reviews?hl=zh-TW
阿誠牛肉湯,帥哥董事長,9 則評論 · 1 張相片,8 個月前,5 顆星,來買一定要吃牛肉炒飯.肉絲蛋炒飯.牛腩炒洋蔥.牛肉麵.牛肉湯.雙肝湯.這樣子就真的很滿足了,https://www.google.com/maps/contrib/108428546322826004918/reviews?hl=zh-TW
阿誠牛肉湯,Jay Huang,5 則評論,8 個月前,5 顆星,"第一次來點了牛肉、牛舌湯, 兩個字形容:
“驚豔”~ 😋👍🏻👍🏻👍🏻
下次來台南一定還會再來這家阿誠牛肉湯!!",https://www.google.com/maps/contrib/109184678575314121555/reviews?hl=zh-TW
阿誠牛肉湯,楊惠文,8 則評論 · 1 張相片,8 個月前,1 顆星,,https://www.google.com/maps/contrib/108581781765235998880/reviews?hl=zh-TW
阿誠牛肉湯,Chun te Lee,在地嚮導 · 49 則評論 · 64 張相片,8 個月前,5 顆星,,https://www.google.com/maps/contrib/116083751419624192266/reviews?hl=zh-TW
阿誠牛肉湯,Jiajian Chen,在地嚮導 · 84 則評論 · 130 張相片,8 個月前,5 顆星,"很好喝的湯，又超大碗
有蘿蔔的清甜
牛肉軟軟好吃",https://www.google.com/maps/contrib/108591350198508863210/reviews?hl=zh-TW
阿誠牛肉湯,Yun Lin,在地嚮導 · 73 則評論 · 36 張相片,8 個月前,5 顆星,"餐點份量很足麵多牛肉滿滿，吃得很滿足！
每次必點牛筋肉丼飯、牛肉湯！
味道很香，牛肉很新鮮沒有騷味！",https://www.google.com/maps/contrib/117450902671236630481/reviews?hl=zh-TW
阿誠牛肉湯,蔡佩君,在地嚮導 · 116 則評論 · 548 張相片,9 個月前,5 顆星,"用料實在，價格便宜。真的是CP值爆表的點店家。紅燒湯頭是傳統的豆瓣醬的味道。熱炒類的也很好吃。

113/07/28 …",https://www.google.com/maps/contrib/100869306728933153186/reviews?hl=zh-TW
阿誠牛肉湯,punny bid,在地嚮導 · 32 則評論,9 個月前,5 顆星,好吃,https://www.google.com/maps/contrib/105739694676122823632/reviews?hl=zh-TW
阿誠牛肉湯,譯,"在地嚮導 · 481 則評論 · 2,074 張相片",9 個月前,5 顆星,"突然發現這一家,牛肉新鮮湯頭好喝，肉量比其它間還多，餐點也滿多的，不輸其它名店",https://www.google.com/maps/contrib/100130293617400469905/reviews?hl=zh-TW
阿誠牛肉湯,Lisa Han,"在地嚮導 · 534 則評論 · 1,142 張相片",9 個月前,5 顆星,這樣的價位這樣的美味，遠比夜市還高CP值！店內還有涼涼的冷氣吹！難怪朋友多次回訪並推薦我，紅燒牛肉麵牛腱入口即化下次要來試試老闆強力推薦的牛舌！老闆額頭忙碌的汗珠和離開前誠懇的詢問我們吃的如何？都說明他是充滿了熱誠在提供最美味的食物！,https://www.google.com/maps/contrib/111662332103064198407/reviews?hl=zh-TW
阿誠牛肉湯,HEI YU HI,在地嚮導 · 79 則評論 · 19 張相片,9 個月前,5 顆星,"讓人非常驚喜的店，當天所有點到品項都非常好吃，份量又大，主要是很喜歡家常菜味道的感覺！
大碗牛肉湯 牛肉很多很多，肉質嫩 好吃
牛肉米台目 好喜歡 麵qq的❤️❤️ …",https://www.google.com/maps/contrib/106619837350729232543/reviews?hl=zh-TW
阿誠牛肉湯,陳春生,在地嚮導 · 1 則評論 · 1 張相片,9 個月前,4 顆星,,https://www.google.com/maps/contrib/117076438432838359070/reviews?hl=zh-TW
阿誠牛肉湯,許博偉,在地嚮導 · 50 則評論 · 239 張相片,9 個月前,5 顆星,便宜又大碗,https://www.google.com/maps/contrib/111886144190576925161/reviews?hl=zh-TW
阿誠牛肉湯,大海之子,"在地嚮導 · 316 則評論 · 2,429 張相片",9 個月前,5 顆星,"這種景氣下，還能這麼大口吃肉的店家
非屬阿誠牛肉湯了

比起印象中的牛肉湯
這裡更像是牛肉料理小餐館
當然，最基礎的肉燥飯也是有的

最簡單的肉燥飯+燙🥬+牛肉湯
輕鬆的一餐

再來份炒牛腩筋
奢侈點換著點牛舌湯(超級推)
湯不夠還可以再加，真的很佛

不吃飯也有麵
打拋豬肉麵也超推
(非主流打拋豬肉口味，比較像咖哩豬肉)

牛肉湯不是台南現殺牛
跟印象中的台南牛肉湯有很大的不同
偶有牛肝供應，可試試牛肝+牛肉的組合

如果真的還能吃，再來麻辣牛雜

這裡適合多來幾次才能餐點都吃到
並且找到適合自己的菜單

最後要推一下，牛小排套餐
保證一次滿足你一餐所需要的營養",https://www.google.com/maps/contrib/100170006736834118358/reviews?hl=zh-TW
阿誠牛肉湯,Ethan Lin,"在地嚮導 · 565 則評論 · 1,594 張相片",9 個月前,5 顆星,,https://www.google.com/maps/contrib/114613316431820943112/reviews?hl=zh-TW
阿誠牛肉湯,單調,在地嚮導 · 21 則評論 · 15 張相片,9 個月前,5 顆星,很大一碗！！可以吃的超飽😆而且湯頭很鮮甜~值得來吃🥰🥰,https://www.google.com/maps/contrib/112675549513579190505/reviews?hl=zh-TW
阿誠牛肉湯,阿莎芯雅,6 則評論 · 1 張相片,9 個月前,5 顆星,台中逢甲來的，火車站租車大哥推薦，真的好吃，肉很軟，完勝逢甲牛肉麵，值得再來,https://www.google.com/maps/contrib/103704351922026131033/reviews?hl=zh-TW
阿誠牛肉湯,RZ,在地嚮導 · 10 則評論 · 17 張相片,9 個月前,5 顆星,"台中人去玩，看到現場很多在地人在吃。

老闆、老闆娘非常客氣人非常好👍

牛舌湯好吃新鮮，肉量也都非常足還可續湯，其他餐點都有一定的水準，非常好吃😋",https://www.google.com/maps/contrib/113123642854123448839/reviews?hl=zh-TW
阿誠牛肉湯,Thomas Long,在地嚮導 · 30 則評論 · 214 張相片,10 個月前,5 顆星,肉質軟嫩、湯頭清甜、座位舒適、老闆客氣有禮，餐點份量十足，CP值非常高，絕對值得再來。,https://www.google.com/maps/contrib/116776503424565058906/reviews?hl=zh-TW
阿誠牛肉湯,陳代勳,在地嚮導 · 74 則評論 · 67 張相片,10 個月前,5 顆星,便宜料多好吃的餐點,https://www.google.com/maps/contrib/109364113785370901334/reviews?hl=zh-TW
阿誠牛肉湯,徐志帆,在地嚮導 · 39 則評論 · 14 張相片,10 個月前,5 顆星,"滷肉飯好吃，愛吃Q Q的肥肉，不要錯過°
牛肉湯也超多湯，湯也很甜且免費續。",https://www.google.com/maps/contrib/106491513713729114518/reviews?hl=zh-TW
阿誠牛肉湯,Function Liao,4 則評論 · 2 張相片,10 個月前,5 顆星,"兩人點了一碗清燉牛肉麵、滷牛腱、滷牛肚、牛舌炒及燙青菜。牛肉麵Q彈有勁好吃，有牛腱和牛肉片，牛肉片很軟嫩😋。

牛舌炒讓人驚豔開胃，第一次出來玩會羨慕在地人可以隨時到訪品嚐美食！！！ …",https://www.google.com/maps/contrib/105413342695891308167/reviews?hl=zh-TW
阿誠牛肉湯,伶樺,在地嚮導 · 48 則評論 · 33 張相片,10 個月前,5 顆星,"大愛💗牛舌湯！超好吃很嫩、量多，下次一定要再來吃！

老闆娘很親切😇

圖是普通牛肉非牛舌湯。",https://www.google.com/maps/contrib/113386539207026519786/reviews?hl=zh-TW
阿誠牛肉湯,吳欣怡,在地嚮導 · 199 則評論 · 42 張相片,10 個月前,5 顆星,假日來人超多需等待，份量大，好吃。,https://www.google.com/maps/contrib/101531791718801761507/reviews?hl=zh-TW
阿誠牛肉湯,WU Chun,1 則評論,10 個月前,5 顆星,餐點真的好吃，價格也公道。點了牛肉湯、牛舌丼飯、牛肉麵、牛肉蛋炒飯每一道全家都吃得很開心。,https://www.google.com/maps/contrib/115984803073240669582/reviews?hl=zh-TW
阿誠牛肉湯,Ivan083,在地嚮導 · 37 則評論 · 54 張相片,10 個月前,5 顆星,,https://www.google.com/maps/contrib/104481384255895125393/reviews?hl=zh-TW
阿誠牛肉湯,59王冠雲,,10 個月前,5 顆星,,https://www.google.com/maps/contrib/102842899776116304469/reviews?hl=zh-TW
阿誠牛肉湯,Jason Wang,在地嚮導 · 87 則評論 · 5 張相片,10 個月前,5 顆星,牛舌湯好喝！老闆很親切+1分,https://www.google.com/maps/contrib/112029170605528714571/reviews?hl=zh-TW
阿誠牛肉湯,Peter Chou,10 則評論 · 5 張相片,10 個月前,5 顆星,"超級好吃 從學生時代吃到出社會
料好實在服務態度親切，大力推薦",https://www.google.com/maps/contrib/109182741171848256617/reviews?hl=zh-TW
阿誠牛肉湯,沈小岑,9 則評論 · 4 張相片,10 個月前,5 顆星,老闆熱情，牛舌湯超讚,https://www.google.com/maps/contrib/107325038693215472494/reviews?hl=zh-TW
阿誠牛肉湯,Terrence Hui,在地嚮導 · 1 則評論,11 個月前,5 顆星,,https://www.google.com/maps/contrib/101953712907198113944/reviews?hl=zh-TW
阿誠牛肉湯,L•Lawliet,在地嚮導 · 291 則評論 · 756 張相片,11 個月前,5 顆星,好吃的牛肉專賣店，牛肉麵的肉非常的軟，炒類也有很高的水準，價格不貴份量多,https://www.google.com/maps/contrib/105150403102700329686/reviews?hl=zh-TW
阿誠牛肉湯,薛弘淵,在地嚮導 · 169 則評論 · 303 張相片,11 個月前,5 顆星,好吃份量超足，還會再來吃。,https://www.google.com/maps/contrib/100840926754647831623/reviews?hl=zh-TW
阿誠牛肉湯,バナ（阿蕉）,在地嚮導 · 22 則評論 · 1 張相片,11 個月前,5 顆星,好吃，有冷氣,https://www.google.com/maps/contrib/104609494008921140163/reviews?hl=zh-TW
阿誠牛肉湯,廖明俊,在地嚮導 · 1 則評論 · 1 張相片,11 個月前,5 顆星,,https://www.google.com/maps/contrib/115655968750697404078/reviews?hl=zh-TW
阿誠牛肉湯,Oü,在地嚮導 · 19 則評論 · 7 張相片,11 個月前,5 顆星,"餐點很好吃，牛肉湯冬粉裡面還有幾片牛腱，涼拌牛雜很夠味。
價錢不貴，用料實在。CP值偏高。
老闆跟老闆娘都很客氣、親切。
推👍👍讚 …",https://www.google.com/maps/contrib/116708654122244623232/reviews?hl=zh-TW
阿誠牛肉湯,tien orange,在地嚮導 · 36 則評論 · 19 張相片,11 個月前,5 顆星,"中午去外帶了一份 滷牛肉便當.
80元的便當 讓我吃的很滿足.
在這物價飛漲 許多店家都吃不消原物料上漲的時代.店家依然腳踏實地的堅持. …",https://www.google.com/maps/contrib/113041513685668467372/reviews?hl=zh-TW
阿誠牛肉湯,胡朝陽,在地嚮導 · 90 則評論,11 個月前,5 顆星,"大推，真是佛心…不對是神恩浩蕩來著，是我吃過最好吃的滷牛舌，份量大又不貴，肉湯普普，不過份量上也令人滿意，絕對是填飽肚子的好選擇。
只是內用的話現場的狀況可能不太舒服。",https://www.google.com/maps/contrib/101544598215079425528/reviews?hl=zh-TW
阿誠牛肉湯,Lovely_momo,在地嚮導 · 423 則評論 · 473 張相片,11 個月前,4 顆星,"紅燒牛肉好像是蕃茄的湯底
是不錯吃，口味是偏甜的",https://www.google.com/maps/contrib/114753912225473137140/reviews?hl=zh-TW
阿誠牛肉湯,陳聖銓,1 則評論,11 個月前,5 顆星,本地人介紹 大份價格親民 好吃,https://www.google.com/maps/contrib/116262689872773934772/reviews?hl=zh-TW
阿誠牛肉湯,hank Y,在地嚮導 · 177 則評論 · 127 張相片,11 個月前,5 顆星,"老闆跟老闆娘都很熱情也好聊❤️
餐點超級好吃！！尤其牛舌湯超頂!
非常會煮ㄋㄟ！ …",https://www.google.com/maps/contrib/111375963641931450359/reviews?hl=zh-TW
阿誠牛肉湯,陳Sir,在地嚮導 · 10 則評論 · 11 張相片,1 年前,5 顆星,湯頭很好，屬於清湯牛肉麵，牛腩很好吃，牛排也不錯，不貴，真的很大碗，CP值很高，老闆娘很熱情接待，值得一去再去。,https://www.google.com/maps/contrib/103402344825590972880/reviews?hl=zh-TW
阿誠牛肉湯,CY C,在地嚮導 · 92 則評論 · 246 張相片,1 年前,4 顆星,牛肉飯配菜不油，牛肉麵跟飯份量十足 CP高,https://www.google.com/maps/contrib/116243458440890612553/reviews?hl=zh-TW
阿誠牛肉湯,elson kawit,2 則評論,1 年前,5 顆星,來這裡包你吃飽飽，同時還能感受到老闆跟老闆娘滿滿的愛，值得大推善良店家。,https://www.google.com/maps/contrib/110526355486320548816/reviews?hl=zh-TW
阿誠牛肉湯,Lar DecKX,在地嚮導 · 22 則評論 · 12 張相片,1 年前,5 顆星,猛到不行 牛舌湯的牛舌有種吃和牛的香氣,https://www.google.com/maps/contrib/113133432928683711961/reviews?hl=zh-TW
阿誠牛肉湯,蔡氏清水,在地嚮導 · 41 則評論 · 11 張相片,1 年前,5 顆星,牛肉會動,https://www.google.com/maps/contrib/104309130306833662687/reviews?hl=zh-TW
阿誠牛肉湯,DZ YI Lee,在地嚮導 · 50 則評論 · 441 張相片,1 年前,5 顆星,青菜炒牛肉+牛肝肉湯，很飽！ CP值高,https://www.google.com/maps/contrib/111007307832943168865/reviews?hl=zh-TW
阿誠牛肉湯,孫孫,在地嚮導 · 165 則評論 · 513 張相片,1 年前,4 顆星,好吃！！服務好~,https://www.google.com/maps/contrib/111958256556608954892/reviews?hl=zh-TW
阿誠牛肉湯,莊采蓉,在地嚮導 · 96 則評論 · 2 張相片,1 年前,5 顆星,這是我吃過最值得的店了,https://www.google.com/maps/contrib/110558282294730888210/reviews?hl=zh-TW
阿誠牛肉湯,Youchun Chen,"在地嚮導 · 432 則評論 · 1,539 張相片",1 年前,4 顆星,"份量足 價位親民
口味個人也覺得不錯",https://www.google.com/maps/contrib/116680136952155952051/reviews?hl=zh-TW
阿誠牛肉湯,葦葦,8 則評論,1 年前,5 顆星,"牛舌湯真的必點，非常好吃!
老闆、老闆娘很熱情招待客人~~",https://www.google.com/maps/contrib/107143574619914601431/reviews?hl=zh-TW
阿誠牛肉湯,Hsin Yeh,在地嚮導 · 163 則評論 · 30 張相片,1 年前,5 顆星,"真是俗又大碗～
日常生活用餐的口袋名單",https://www.google.com/maps/contrib/115129006664492023462/reviews?hl=zh-TW
阿誠牛肉湯,譚世毅,11 則評論 · 4 張相片,1 年前,4 顆星,CP值很高的店，湯頭是台南口味，老闆娘充滿熱情，會讓人想回訪的店家,https://www.google.com/maps/contrib/111638637883494896011/reviews?hl=zh-TW
阿誠牛肉湯,Frank Chen,"在地嚮導 · 662 則評論 · 6,413 張相片",1 年前,5 顆星,牛肉湯肉多大碗好喝，滷肉飯鹹甜適中，蔥蛋也有份量，這家真的是平價美食，最重要的重點是..老闆娘很親切，還會注意客人的用餐情況，對面空地也好停車，真心認真推，下次再來嚐嚐其他料理。,https://www.google.com/maps/contrib/100971609589685481189/reviews?hl=zh-TW
阿誠牛肉湯,戴閏生,1 則評論 · 1 張相片,1 年前,5 顆星,武聖夜市旁 湯頭鮮 肉質甜嫩 好吃😋 …,https://www.google.com/maps/contrib/109536877609527166907/reviews?hl=zh-TW
阿誠牛肉湯,鄭茗河（River）,"在地嚮導 · 80 則評論 · 2,548 張相片",1 年前,4 顆星,"開在武聖夜市旁的牛肉湯店
但不單純賣牛肉湯，還有很多牛肉系列的主食，例如紅燒牛肉麵、清燉牛肉麵、牛肉丼飯、牛肉板條

這次用餐是點牛肉湯加肉燥飯還有蔥蛋
肉燥飯滿好吃的是肥肉比較多的那種
蔥蛋也蠻香的外面有一點恰恰的
牛肉肉湯的部分肉很特別，有點脆脆的，比較少吃到這種口感

老闆和老闆娘應該是基督徒，招牌有很多耶穌愛你的標語

內用的位置有一種家常感也算是特別

住附近的話可吃吃看",https://www.google.com/maps/contrib/117523891304515074115/reviews?hl=zh-TW
阿誠牛肉湯,Nickyin Wu,在地嚮導 · 23 則評論 · 33 張相片,1 年前,5 顆星,,https://www.google.com/maps/contrib/113988823732070490022/reviews?hl=zh-TW
阿誠牛肉湯,王勇智,"在地嚮導 · 519 則評論 · 3,056 張相片",1 年前,5 顆星,"份量超多、CP值超高的牛肉湯店！點了大碗肝肉湯，牛肉超多，差點吃不完！魯牛肉便當才90元，牛肉塊超多、牛肉軟嫩入味！還有一顆荷包蛋；泰式打拋豬肉麵也是滿滿一碗，味道是咖喱味，不會辣。
牛肉炒飯焦香美味，也是好吃！
店家內用位置不算太多，用餐時間生意也很好！上餐速度也算不錯，喜歡吃牛肉的人，來這裡可以得到滿足！",https://www.google.com/maps/contrib/117968756956753471889/reviews?hl=zh-TW
阿誠牛肉湯,ladin Pan,在地嚮導 · 38 則評論 · 3 張相片,1 年前,5 顆星,"牛肉湯大碗好喝
老闆娘人很好",https://www.google.com/maps/contrib/104707083552697065065/reviews?hl=zh-TW
阿誠牛肉湯,陳給力,在地嚮導 · 321 則評論 · 960 張相片,1 年前,5 顆星,不起眼的店，但是料好實在,https://www.google.com/maps/contrib/115668900481655175218/reviews?hl=zh-TW
阿誠牛肉湯,高韋婕,在地嚮導 · 25 則評論 · 14 張相片,1 年前,4 顆星,牛肉湯讚讚讚,https://www.google.com/maps/contrib/111636888821312535674/reviews?hl=zh-TW
阿誠牛肉湯,Lee Peggy,"在地嚮導 · 1,195 則評論 · 9,013 張相片",1 年前,5 顆星,位於武聖夜市旁的牛肉專賣店，各式牛肉料理及少量豬肉料理，主打熱炒、丼飯、牛肉湯，份量大、湯可續，大推香爆牛腩筋，讓心靈及身體都十分飽足的店家，夜市未開時週邊好停車（白線及空地），現金交易。,https://www.google.com/maps/contrib/113156859085009791620/reviews?hl=zh-TW
阿誠牛肉湯,Wang BB,在地嚮導 · 152 則評論 · 165 張相片,1 年前,4 顆星,"食材料足可吃的很飽
口味略清淡的家常菜
老闆服務親切",https://www.google.com/maps/contrib/105070374778667031329/reviews?hl=zh-TW
阿誠牛肉湯,000ᄀᄀᄀ,在地嚮導 · 63 則評論 · 17 張相片,1 年前,5 顆星,餐點口味不錯，經濟實惠，東西料很多！老闆很棒！,https://www.google.com/maps/contrib/107960072855496881338/reviews?hl=zh-TW
阿誠牛肉湯,Ling,在地嚮導 · 129 則評論 · 2 張相片,1 年前,5 顆星,"一大早隨意找的一間店
牛肉湯好喝，牛肉飯好吃不油膩
菜乾淨不會過度油膩",https://www.google.com/maps/contrib/103177225644049114527/reviews?hl=zh-TW
阿誠牛肉湯,楊婷琋,12 則評論 · 26 張相片,1 年前,5 顆星,"到台南搜尋離住宿較近且評價高的牛肉湯店，剛好阿城牛肉湯符合條件雖沒聽過但還是抱著試試看的心態去嚐嚐，結果真沒失望
一碗120元肉多肉嫩 CP值超高、牛頰肉也很好吃一盤一百多而已若在台北肯定要超過200以上，用餐環境就一般般店面，但是不用排隊有能吃到不錯又料多的牛肉湯，地點在武聖夜市對面，老闆們很客氣親切ㄛ …",https://www.google.com/maps/contrib/106598250416825627405/reviews?hl=zh-TW
阿誠牛肉湯,鄭怡欣,13 則評論 · 10 張相片,1 年前,5 顆星,"牛肉湯超好吃🥹🥹🥹
Cp值很高",https://www.google.com/maps/contrib/104570183640516836709/reviews?hl=zh-TW
阿誠牛肉湯,年少有才,9 則評論 · 1 張相片,1 年前,5 顆星,台北專程去吃，塞車太晚到，很可惜沒吃到，但老闆跟闆娘很客氣，聽到台北來的，還招待一下，下次一定要吃到，祝老闆闆娘新年快樂，生意興隆,https://www.google.com/maps/contrib/102257870895730133520/reviews?hl=zh-TW
阿誠牛肉湯,Erine Wg,在地嚮導 · 35 則評論 · 27 張相片,1 年前,2 顆星,"看評價過來吃的
以往因為懶得排隊都隨便吃
隨便一家都不會太難吃 …",https://www.google.com/maps/contrib/110464231343042325208/reviews?hl=zh-TW
阿誠牛肉湯,胡廷倫,在地嚮導 · 115 則評論 · 236 張相片,1 年前,3 顆星,"炒飯普通 不夠香
牛肉麵 麵條蠻Q彈不錯 牛肉軟嫩 可惜湯頭只有豆瓣醬味
炒牛肉、牛舌 還不錯
牛肉湯中規中矩 薑絲要自己加",https://www.google.com/maps/contrib/104794867883475168786/reviews?hl=zh-TW
阿誠牛肉湯,陳俊傑攝影師,在地嚮導 · 7 則評論 · 442 張相片,1 年前,5 顆星,台南市最值得體驗的美食。點牛排一份，附青菜和白飯，還有清湯一碗，同行的人就再點份牛肉湯。。。就真的幸福吃到飽了,https://www.google.com/maps/contrib/109393936725262359528/reviews?hl=zh-TW
阿誠牛肉湯,綠綠,在地嚮導 · 23 則評論 · 7 張相片,1 年前,5 顆星,服務態度很好 東西好吃,https://www.google.com/maps/contrib/111707447486453842947/reviews?hl=zh-TW
阿誠牛肉湯,Meaave,在地嚮導 · 53 則評論 · 97 張相片,1 年前,1 顆星,一直幫外帶做餐，內用等的要死，請搞清楚做餐順序好嗎？？？？？？,https://www.google.com/maps/contrib/103098389110065827004/reviews?hl=zh-TW
阿誠牛肉湯,Mickey,10 則評論 · 2 張相片,1 年前,5 顆星,"全台南最優的牛肉湯店
牛肉丼飯獨一無二
特地從高雄開車來吃很滿意
完全媲美米其林美食👍",https://www.google.com/maps/contrib/115837858365665241353/reviews?hl=zh-TW
阿誠牛肉湯,張嘻嘻,在地嚮導 · 43 則評論 · 17 張相片,1 年前,5 顆星,料多肉鮮，推一個,https://www.google.com/maps/contrib/111147470396976904337/reviews?hl=zh-TW
阿誠牛肉湯,Rachel LAU,在地嚮導 · 57 則評論 · 18 張相片,1 年前,3 顆星,肉絲炒飯沒炒香，肉蛋料太少,https://www.google.com/maps/contrib/104759155276591960889/reviews?hl=zh-TW
阿誠牛肉湯,陳若耶,在地嚮導 · 41 則評論 · 93 張相片,1 年前,5 顆星,親切，不用等太久，湯多好喝。,https://www.google.com/maps/contrib/108062071266237012030/reviews?hl=zh-TW
阿誠牛肉湯,鄒蓓蓓,12 則評論 · 2 張相片,1 年前,5 顆星,"老闆態度親切
牛肉湯好喝👍 …",https://www.google.com/maps/contrib/102941814941887248605/reviews?hl=zh-TW
阿誠牛肉湯,吳佩樺,6 則評論,1 年前,5 顆星,老闆親切服務好價格實在又公道,https://www.google.com/maps/contrib/115730623932222744614/reviews?hl=zh-TW
阿誠牛肉湯,陳立恆,4 則評論,1 年前,5 顆星,,https://www.google.com/maps/contrib/106767650152611233998/reviews?hl=zh-TW
阿誠牛肉湯,張嘻嘻,11 則評論 · 2 張相片,1 年前,5 顆星,料多好吃！推一個,https://www.google.com/maps/contrib/100880908220778139127/reviews?hl=zh-TW
阿誠牛肉湯,johnson Wang,11 則評論 · 6 張相片,1 年前,5 顆星,我是台南人，我很推薦這家哦,https://www.google.com/maps/contrib/104450458314730988794/reviews?hl=zh-TW
阿誠牛肉湯,四處旅遊的人,在地嚮導 · 46 則評論 · 38 張相片,1 年前,5 顆星,"Cp值很高
吃到超飽的",https://www.google.com/maps/contrib/117020264360213504354/reviews?hl=zh-TW
阿誠牛肉湯,Kle,在地嚮導 · 25 則評論 · 15 張相片,1 年前,5 顆星,"超級驚艷的料理，而且不用排隊。
牛肉湯一大碗，肉多鮮甜，還可以免費加湯。
肉臊飯也是燉的相當入味。
蔥爆牛腩筋更是必點，入口即化卻保有彈性，超級好吃。
兩個人吃下來五百有找，真的超推。",https://www.google.com/maps/contrib/112171519027668720719/reviews?hl=zh-TW
阿誠牛肉湯,zuojian1898,"在地嚮導 · 433 則評論 · 7,793 張相片",1 年前,5 顆星,"服務態度非常好，推薦

相思牛筋肉丼飯
170元
夢裡相思牛舌丼飯
200元
原味無骨牛小排
180元
*隨餐附菜及一碗飯超讚臉頰肉切盤
120元
美味五香滷牛肚
120元
紅燒牛肉麵
120元
清燙牛肉麵
120元
紅燒牛肉冬粉
120元
清燙牛肉冬粉
120元
紅燒牛肉米苔目
120元
清燙牛肉米苔目
120元
客家牛肉粄條
120元
有夠額大碗牛舌湯
170元
大碗肝肉雙補湯
130元
大碗牛肉湯
120元

辣炒山豬肉
100元
魯牛肉便當
90元
牛肉蛋炒飯
100元
肉絲蛋炒飯
75元
泰式打拋豬肉麵
70元
麻辣牛雜
200元
和風牛雜
200元
香爆牛腩筋
180元
回鍋牛舌炒
200元
洋蔥炒牛肝
110元
青菜炒牛肉
120元
洋蔥炒牛肉
120元
洋蔥炒肉絲炒杏鮑菇牛肉
120元
麻油薑絲牛肉
120元
蔥蛋炒青菜
120元
燙青菜
30元
炒青菜
50元
蔥蛋
30元
肉燥飯 內用 20元
外帶；（大）35元 （小）25元
白飯
10元

每週二店休",https://www.google.com/maps/contrib/102625090246698762416/reviews?hl=zh-TW
阿誠牛肉湯,Cheng Chih Shao,2 則評論 · 1 張相片,1 年前,5 顆星,,https://www.google.com/maps/contrib/114980098782692588650/reviews?hl=zh-TW
阿誠牛肉湯,Minhan Wu,44 則評論 · 64 張相片,1 年前,5 顆星,沒想到選舉竟然會影響來客率，大家趕緊來吃美味的牛舌湯,https://www.google.com/maps/contrib/114248734929119700931/reviews?hl=zh-TW
阿誠牛肉湯,吳克倫,在地嚮導 · 42 則評論 · 65 張相片,1 年前,5 顆星,東西如同店名，誠意滿滿，料好實在，服務更是親切，尤其是炒牛舌，是我這輩子吃過最最最好吃的牛舌！（太好吃所以來不及拍照）,https://www.google.com/maps/contrib/108293568669887413722/reviews?hl=zh-TW
阿誠牛肉湯,小晴૮ • ᴥ • ა,在地嚮導 · 27 則評論,1 年前,5 顆星,"真的超喜歡牛肉湯 超好喝啊啊啊啊😭
老闆跟老闆娘都很nice
只是店面有點小 招牌有點不顯眼 不過不影響他的美味❀(*´▽`*)❀ …",https://www.google.com/maps/contrib/105192874037904426185/reviews?hl=zh-TW
阿誠牛肉湯,陳怡婷,4 則評論 · 1 張相片,1 年前,5 顆星,"高麗菜牛舌好吃
店員很有禮貌
還貼心的問青菜重複要不要更換",https://www.google.com/maps/contrib/105210608899939915527/reviews?hl=zh-TW
阿誠牛肉湯,Cindy Huang,5 則評論 · 30 張相片,1 年前,5 顆星,老闆人很親切，食物超級好吃！,https://www.google.com/maps/contrib/118054327372286170391/reviews?hl=zh-TW
阿誠牛肉湯,hapi ma,在地嚮導 · 171 則評論 · 511 張相片,1 年前,5 顆星,"炒牛腩筋很好吃，料爆多
牛舌湯是整片牛舌去切長條型，跟我想像有點不同，加點米酒跟薑絲好喝！
青菜一份30有二種菜雙拼也很好吃喔！ …",https://www.google.com/maps/contrib/106528874131493978608/reviews?hl=zh-TW
阿誠牛肉湯,魏妙玲,11 則評論 · 4 張相片,1 年前,5 顆星,肉好好吃😋，又好多！值得再吃！ …,https://www.google.com/maps/contrib/112838949335241868704/reviews?hl=zh-TW
阿誠牛肉湯,J Y,在地嚮導 · 30 則評論 · 8 張相片,1 年前,5 顆星,不需多說 真的很好吃👍🥰 …,https://www.google.com/maps/contrib/100847709781811817430/reviews?hl=zh-TW
阿誠牛肉湯,王志軒,在地嚮導 · 53 則評論 · 34 張相片,1 年前,5 顆星,"平價份量超大，蔥爆牛腩筋超好吃😋
牛舌湯也很不錯，高CP值店！",https://www.google.com/maps/contrib/117940260993878603643/reviews?hl=zh-TW
阿誠牛肉湯,C H,在地嚮導 · 49 則評論 · 28 張相片,1 年前,5 顆星,,https://www.google.com/maps/contrib/110903154510805746012/reviews?hl=zh-TW
阿誠牛肉湯,rena Chen,在地嚮導 · 82 則評論 · 40 張相片,1 年前,5 顆星,"紅燒牛肉麵很讚，肉超多😋
牛肉湯超大一碗，份量也超足夠 …",https://www.google.com/maps/contrib/109199455160345493329/reviews?hl=zh-TW
阿誠牛肉湯,許育宇,在地嚮導 · 44 則評論 · 6 張相片,1 年前,5 顆星,份量大，味道也棒,https://www.google.com/maps/contrib/116915351522214406538/reviews?hl=zh-TW
阿誠牛肉湯,C Y,"在地嚮導 · 1,098 則評論 · 4,459 張相片",1 年前,4 顆星,牛舌很嫩超級多，麻辣牛雜調味清爽,https://www.google.com/maps/contrib/109466107948330710014/reviews?hl=zh-TW
阿誠牛肉湯,瑋兒,在地嚮導 · 49 則評論 · 5 張相片,1 年前,5 顆星,"點了紅燒牛肉麵、青菜炒牛肉、蔥蛋、肉臊飯，
還有附一碗清湯
光是鮮味滿滿的清湯就令人驚豔， …",https://www.google.com/maps/contrib/103295867092591865725/reviews?hl=zh-TW
阿誠牛肉湯,Arrow Lin,在地嚮導 · 167 則評論 · 52 張相片,1 年前,5 顆星,好吃，祝福老闆夫妻生意興隆,https://www.google.com/maps/contrib/112995138581773308988/reviews?hl=zh-TW
阿誠牛肉湯,Chloe Lin,在地嚮導 · 46 則評論 · 11 張相片,1 年前,5 顆星,超級好吃，老闆又親切和善，已經吃5-6次，每次來台南就是要吃阿誠！牛舌湯推爆！湯是舒服溫和的湯，牛肉湯料也超多超佛心，肉軟嫩好吃，絕對給阿誠六星好評🤍🤍🤍,https://www.google.com/maps/contrib/107072943096163000049/reviews?hl=zh-TW
阿誠牛肉湯,LiYu Lu,在地嚮導 · 85 則評論 · 54 張相片,1 年前,5 顆星,還蠻不錯的，值得專程來,https://www.google.com/maps/contrib/110674098495505909021/reviews?hl=zh-TW
阿誠牛肉湯,Maëva,在地嚮導 · 16 則評論 · 24 張相片,1 年前,5 顆星,"開在武聖夜市旁邊
招牌有點不顯眼要仔細找一下
📍紅燒牛肉麵 $120 …",https://www.google.com/maps/contrib/100522213096566450035/reviews?hl=zh-TW
阿誠牛肉湯,Delia Wang,11 則評論,1 年前,5 顆星,,https://www.google.com/maps/contrib/113226186834816587755/reviews?hl=zh-TW
阿誠牛肉湯,Sho Wombat,"在地嚮導 · 597 則評論 · 2,037 張相片",1 年前,4 顆星,牛肉湯很大碗湯頭味道不錯，肉感覺像板腱肉，肉燥飯的米飯口感略糊稍微差了一點。,https://www.google.com/maps/contrib/111790406958943394668/reviews?hl=zh-TW
阿誠牛肉湯,Leo 6,在地嚮導 · 63 則評論 · 29 張相片,1 年前,5 顆星,"台南牛肉湯果然不用排隊
隨便選一家就超好吃
好吃到吃完才後悔沒拍照 …",https://www.google.com/maps/contrib/113096105833055588879/reviews?hl=zh-TW
阿誠牛肉湯,魏麗珍,在地嚮導 · 71 則評論 · 330 張相片,1 年前,5 顆星,價廉味鮮 cp值高,https://www.google.com/maps/contrib/117722939813333521910/reviews?hl=zh-TW
阿誠牛肉湯,Chloe lee,9 則評論 · 11 張相片,1 年前,5 顆星,欠吃,https://www.google.com/maps/contrib/112548465121437629886/reviews?hl=zh-TW
阿誠牛肉湯,Hi MJ,"在地嚮導 · 894 則評論 · 1,047 張相片",1 年前,5 顆星,牛肉清湯也好喝 價廉味鮮 如果有六顆星 我推這家,https://www.google.com/maps/contrib/113723860304535270660/reviews?hl=zh-TW
阿誠牛肉湯,林秋華,3 則評論,1 年前,5 顆星,,https://www.google.com/maps/contrib/117596779455168343591/reviews?hl=zh-TW
阿誠牛肉湯,詹偉宏,在地嚮導 · 73 則評論 · 228 張相片,1 年前,5 顆星,好吃~服務態度佳~,https://www.google.com/maps/contrib/102100236426532528364/reviews?hl=zh-TW
阿誠牛肉湯,黃麟惠,在地嚮導 · 9 則評論 · 26 張相片,1 年前,5 顆星,"牛肉麵好好吃😋
炒牛舌也很好吃😋
老闆很親切😊 …",https://www.google.com/maps/contrib/103882736153716340864/reviews?hl=zh-TW
阿誠牛肉湯,LM TSENG,在地嚮導 · 125 則評論 · 138 張相片,1 年前,5 顆星,炒牛腩必點，筋軟Q量多。牛肉湯好大一碗，提醒可以續湯棒，鐵腕裝好大一碗，肉不算少，很推CP值高,https://www.google.com/maps/contrib/109178665469778610508/reviews?hl=zh-TW
阿誠牛肉湯,黃小婕,在地嚮導 · 72 則評論 · 112 張相片,1 年前,5 顆星,招牌牛舌湯和洋蔥炒牛腩真的叫必點，湯真的好喝。建議非假日來,https://www.google.com/maps/contrib/112988576415153714957/reviews?hl=zh-TW
阿誠牛肉湯,Yu-ning Chiu,在地嚮導 · 20 則評論 · 5 張相片,1 年前,5 顆星,,https://www.google.com/maps/contrib/118052768066418194808/reviews?hl=zh-TW
阿誠牛肉湯,Camlinng Liao,在地嚮導 · 122 則評論 · 48 張相片,1 年前,5 顆星,"牛肉湯牛肉份量多，口味還不錯
就在武聖夜市對面",https://www.google.com/maps/contrib/114726831531250216272/reviews?hl=zh-TW
阿誠牛肉湯,ORZ,在地嚮導 · 97 則評論 · 81 張相片,1 年前,5 顆星,"牛舌丼飯 還附一碗湯
好吃 讚！",https://www.google.com/maps/contrib/104393325509258140120/reviews?hl=zh-TW
阿誠牛肉湯,Jackson Hu,18 則評論,1 年前,5 顆星,老闆和老闆娘態度親切，餐點平價好吃～,https://www.google.com/maps/contrib/110633433665702135105/reviews?hl=zh-TW
阿誠牛肉湯,邱kevin,在地嚮導 · 25 則評論 · 6 張相片,1 年前,5 顆星,"阿誠牛肉湯的特色就是好吃，
湯大碗肉又多，推薦香爆牛腩筋，牛腩一咬就化開一點都不黏牙。
店家對牛腩筋烹煮的火侯掌握的恰到好處
牛肉湯完全是牛大骨熬出來的鮮味
每早一大鍋牛骨及牛男牛舌熬出來鮮美的湯頭
牛小排套餐也極超值
牛肉燥飯讓人一吃就停不下來。
這家店好停車又美味，是值得一吃再吃的良心美食餐廳",https://www.google.com/maps/contrib/117587962153701573306/reviews?hl=zh-TW
阿誠牛肉湯,Min,9 則評論 · 1 張相片,1 年前,5 顆星,,https://www.google.com/maps/contrib/113142673391147874423/reviews?hl=zh-TW
阿誠牛肉湯,Eric,在地嚮導 · 207 則評論 · 279 張相片,1 年前,5 顆星,"平價又好吃
每次來台南都一定要來吃一下
意猶未盡啊

2023/10/15
隔了5年再來還是一樣讚
牛肝牛肉湯130超大一碗料多又好喝",https://www.google.com/maps/contrib/113459542897748479508/reviews?hl=zh-TW
阿誠牛肉湯,Yun Chieh Tsai,11 則評論 · 6 張相片,1 年前,5 顆星,,https://www.google.com/maps/contrib/110905567353799486440/reviews?hl=zh-TW
阿誠牛肉湯,Vishir CHEN,在地嚮導 · 35 則評論 · 33 張相片,1 年前,5 顆星,"超好喝！牛肉湯的湯頭感覺是用很多玉米蔬菜熬煮而成的，喜歡蔬菜湯底的人應該會愛。
紅燒牛肉麵的湯和麵也超讚！麵體吃起來感覺像烏龍麵，紅燒湯頭有濃郁香氣，牛肉給的超大方、超多塊，又滷的很入味，真的超好吃！
老闆態度也好好，超級推薦的！
下次來台南也要來吃～",https://www.google.com/maps/contrib/109147053841026135012/reviews?hl=zh-TW
阿誠牛肉湯,張玉麗,2 則評論,1 年前,5 顆星,阿誠牛肉湯的客人大家好、謝謝大家一直的支持跟相挺！我要回大陸10天、9月25日開始休到10月6日開始營業！謝謝大家！祝福大家平安喜樂！,https://www.google.com/maps/contrib/106702555596277604259/reviews?hl=zh-TW
阿誠牛肉湯,Mary Chiu,15 則評論 · 1 張相片,1 年前,5 顆星,牛肉湯鮮甜，滷肉飯香又可口。老闆推薦的招牌菜好吃。服務態度優良，令人想一再造訪。,https://www.google.com/maps/contrib/116454164775123665074/reviews?hl=zh-TW
阿誠牛肉湯,趙筱琪,6 則評論,1 年前,1 顆星,今天休息也不會公告。特意跑來吃，結果撲空。有夠爛,https://www.google.com/maps/contrib/101093318175076025835/reviews?hl=zh-TW
阿誠牛肉湯,Han (Han),在地嚮導 · 27 則評論 · 8 張相片,1 年前,5 顆星,喝過最好喝的牛肉湯 不油不膩 味道清爽又香 裡面牛肉又很軟 每次來台南 要喝牛肉湯都買這家,https://www.google.com/maps/contrib/105977950268272590888/reviews?hl=zh-TW
阿誠牛肉湯,Corgi huang,在地嚮導 · 114 則評論 · 143 張相片,1 年前,5 顆星,"牛舌湯跟牛肉湯都超級大碗😳
喝的第一口就覺得很驚艷
原本還害怕牛舌味道會很腥，但其實不太會，如果中途吃到一兩片有點腥味也可以用薑絲醬油豆瓣醬帶過。
湯頭整個很喜歡👏
牛肉也不會老，牛舌很多片，不用等很久，完全會願意下次再回訪👍",https://www.google.com/maps/contrib/100534061242044590331/reviews?hl=zh-TW
阿誠牛肉湯,星が輝く夜,在地嚮導 · 44 則評論 · 1 張相片,1 年前,4 顆星,蠻好吃的|˛˙꒳˙)♡⁠,https://www.google.com/maps/contrib/103678256546671574136/reviews?hl=zh-TW
阿誠牛肉湯,歪歪,在地嚮導 · 16 則評論 · 12 張相片,1 年前,5 顆星,老闆老闆娘人超級無敵好！！！4點台北下班衝下來就只為了喝阿誠！重點是超好吃超好喝！牛舌真的超好吃超值得❤️牛肉湯是心目中的第一名🏆瞬間開車的疲勞都不見了！ …,https://www.google.com/maps/contrib/115710294227730202086/reviews?hl=zh-TW
阿誠牛肉湯,王柏凱,在地嚮導 · 31 則評論 · 51 張相片,1 年前,5 顆星,"老闆很有親和力
餐點份量足哦👍 …",https://www.google.com/maps/contrib/108331188501906834119/reviews?hl=zh-TW
阿誠牛肉湯,Bernie,在地嚮導 · 256 則評論 · 297 張相片,1 年前,5 顆星,"牛舌湯跟肉燥飯
牛舌湯腥味很重不是很愛
肉燥飯看著重口味道清淡
推薦逛夜市沒吃飽再來嚐鮮",https://www.google.com/maps/contrib/104331959851119936730/reviews?hl=zh-TW
阿誠牛肉湯,Eason Chen,在地嚮導 · 21 則評論 · 4 張相片,1 年前,5 顆星,老闆和老闆娘非常親切，對小孩也很友善，東西好吃又大碗，帶妻小亂繞意外收穫的店，下次一定會再訪！,https://www.google.com/maps/contrib/108613566603797687681/reviews?hl=zh-TW
阿誠牛肉湯,CP Wang,在地嚮導 · 23 則評論 · 169 張相片,1 年前,5 顆星,,https://www.google.com/maps/contrib/112057452284116317374/reviews?hl=zh-TW
阿誠牛肉湯,振興醫美,2 則評論,1 年前,5 顆星,老闆和老闆娘非常善良熱情，餐點現作，新鮮美味😋～ …,https://www.google.com/maps/contrib/100761742602162325011/reviews?hl=zh-TW
阿誠牛肉湯,子恆,12 則評論,1 年前,5 顆星,"每到台南必報到，
牛舌很讚，湯頭更令人回味❤️
很推很推～",https://www.google.com/maps/contrib/110793464855752957675/reviews?hl=zh-TW
阿誠牛肉湯,Da Xiong Lin,在地嚮導 · 155 則評論 · 77 張相片,1 年前,5 顆星,跟一般傳統牛肉湯店不同的是牛肉丼，滿滿的肉片上覆蓋完美的荷包蛋，值得多來幾次。,https://www.google.com/maps/contrib/111670819147461463963/reviews?hl=zh-TW
阿誠牛肉湯,gloria huang,7 則評論 · 1 張相片,1 年前,5 顆星,"牛肉湯湯頭很清甜
炒牛舌的
肉質很嫩謝謝你們做吃用心料理",https://www.google.com/maps/contrib/101376138827774538271/reviews?hl=zh-TW
阿誠牛肉湯,阿雄,在地嚮導 · 26 則評論 · 18 張相片,1 年前,5 顆星,牛舌必點，我沒了,https://www.google.com/maps/contrib/107146752397354717138/reviews?hl=zh-TW
阿誠牛肉湯,妹妹哥哥,在地嚮導 · 5 則評論 · 6 張相片,1 年前,5 顆星,所有東西都好吃，尤其是老闆推薦的蔥爆牛腩,https://www.google.com/maps/contrib/114315461443033307459/reviews?hl=zh-TW
阿誠牛肉湯,王ox,5 則評論,1 年前,5 顆星,牛肉湯味道很棒，牛肉味道很濃👍 …,https://www.google.com/maps/contrib/116215567789226946728/reviews?hl=zh-TW
阿誠牛肉湯,洪珮語,7 則評論 · 8 張相片,1 年前,5 顆星,偶然發現的在地小店。牛肉麵料很足，喜歡吃辣的可以直接點大辣⋯自製榨菜就是讚！老闆人超級好，很有耐心又親切，出遊遇上颱風天，被帶著香氣的湯頭溫暖了⋯,https://www.google.com/maps/contrib/109788696637502902394/reviews?hl=zh-TW
阿誠牛肉湯,北科大-教務處-李玉如,在地嚮導 · 77 則評論 · 102 張相片,1 年前,5 顆星,好吃,https://www.google.com/maps/contrib/107650576201762923247/reviews?hl=zh-TW
阿誠牛肉湯,凃佩岑,8 則評論,1 年前,5 顆星,讚啦👍值得推薦 …,https://www.google.com/maps/contrib/100500505159162261165/reviews?hl=zh-TW
阿誠牛肉湯,Han,在地嚮導 · 17 則評論 · 1 張相片,1 年前,5 顆星,"老闆人真的好好 東西也好好吃🥺🥺🥺
快來快來 …",https://www.google.com/maps/contrib/114405655882488308752/reviews?hl=zh-TW
阿誠牛肉湯,綠光,在地嚮導 · 16 則評論 · 1 張相片,1 年前,5 顆星,牛井飯好好吃喔 飯又多 牛肉湯可以免費續湯,https://www.google.com/maps/contrib/114011834187492088364/reviews?hl=zh-TW
阿誠牛肉湯,淋雨,3 則評論 · 1 張相片,1 年前,5 顆星,"老闆很熱情 紅燒牛肉麵好吃
不怕辣的可以考慮大辣
走之前還外帶了牛肉湯 讚讚",https://www.google.com/maps/contrib/103297483697069492103/reviews?hl=zh-TW
阿誠牛肉湯,唐漢,13 則評論 · 2 張相片,1 年前,5 顆星,疼惜太太，夏天不下廚。一定要來阿誠牛肉湯朝聖，十幾年來的好味道，阿誠是我們的日常餐食，從來不令人失望！推薦牛肉湯 牛筋 牛肚 牛肉炒飯，如果你是大胃王，那牛肉麵值得把握，絕對值五顆星！,https://www.google.com/maps/contrib/114718121724079530563/reviews?hl=zh-TW
阿誠牛肉湯,黃玉琴,14 則評論,1 年前,5 顆星,萬物齊漲，阿誠牛肉湯竟然還能夠如此物美價廉，坐在冷氣房，享受老闆娘親自煮食的美味餐點，實在佛心！,https://www.google.com/maps/contrib/105017013864038245070/reviews?hl=zh-TW
阿誠牛肉湯,嚴信義,在地嚮導 · 87 則評論 · 2 張相片,1 年前,3 顆星,"3顆星給耶穌基督
牛舌湯的湯頭不行
牛小排很柴  實在吃不下
紅燒牛肉麵也是不優
這兩種肉應該都不是台灣牛
只好再去吃下一間了",https://www.google.com/maps/contrib/103198790605982008672/reviews?hl=zh-TW
阿誠牛肉湯,蔓蒂陳,17 則評論,1 年前,5 顆星,,https://www.google.com/maps/contrib/112971377604552708579/reviews?hl=zh-TW
阿誠牛肉湯,洪Bala,4 則評論 · 1 張相片,1 年前,5 顆星,"東西好吃
深受家人喜愛
老闆跟老闆娘人也很熱情",https://www.google.com/maps/contrib/106865681984082250114/reviews?hl=zh-TW
阿誠牛肉湯,小傑（Jason Liu）,在地嚮導 · 77 則評論 · 103 張相片,1 年前,5 顆星,"店家的牛肉麵很棒➡️  （紅燒）
外帶湯粉多 肉燥飯也很棒 建議肉燥淋濕一點
更棒哦！ 去現場吃 可以向店家取牛肉清湯
店家人很好 路過附近不坊來嚐嚐吧！😁 …",https://www.google.com/maps/contrib/113859456090965290565/reviews?hl=zh-TW
阿誠牛肉湯,vic huang,在地嚮導 · 37 則評論 · 5 張相片,1 年前,5 顆星,老闆娘挺好客的，肉量跟燙青菜的量都很大！,https://www.google.com/maps/contrib/114527676911888446780/reviews?hl=zh-TW
阿誠牛肉湯,Ďz,在地嚮導 · 184 則評論 · 2 張相片,1 年前,3 顆星,口味普通，但份量上很多價格便宜,https://www.google.com/maps/contrib/110796460596906789210/reviews?hl=zh-TW
阿誠牛肉湯,Annie Lu,在地嚮導 · 33 則評論 · 5 張相片,1 年前,5 顆星,,https://www.google.com/maps/contrib/100954133049416485659/reviews?hl=zh-TW
阿誠牛肉湯,胡名威,在地嚮導 · 12 則評論 · 11 張相片,1 年前,5 顆星,昨天傍晚初次造訪，點了紅燒牛肉麵、大碗牛肉湯及超讚臉頰肉切片，一家三口吃得非常開心，老闆經過時親切地說牛肉湯非常營養，如果喝完想再喝都可以續，即使份量已經十分飽足，還是忍不住續了一次好喝的牛肉湯，雖然外面下著難得一見的傾盆大雨，老闆娘貼心詢問是否有帶傘，都讓人留下溫暖且深刻的印象，下次再到臺南一定會回訪的店家。,https://www.google.com/maps/contrib/108072774214028274199/reviews?hl=zh-TW
阿誠牛肉湯,諺達,11 則評論 · 11 張相片,1 年前,5 顆星,好吃😋 …,https://www.google.com/maps/contrib/111839092943053851884/reviews?hl=zh-TW
阿誠牛肉湯,朱立綺,7 則評論 · 1 張相片,1 年前,5 顆星,魯肉飯好吃👍👍服務棒棒 …,https://www.google.com/maps/contrib/112464603280746930691/reviews?hl=zh-TW
阿誠牛肉湯,YuChuan Tang (Eva),"在地嚮導 · 341 則評論 · 2,099 張相片",1 年前,5 顆星,還沒爆紅的美食店！牛舌湯真的大碗料多，而且口感嫩，再帶有一點嚼勁。老闆人真的很熱情，很有老台南味道的一家店。,https://www.google.com/maps/contrib/117814923808051240149/reviews?hl=zh-TW
阿誠牛肉湯,Johannes Frank,在地嚮導 · 182 則評論 · 211 張相片,1 年前,5 顆星,我來台灣已經八個星期了。回想起來，我在這裡吃到了全台灣最好吃的牛肉湯。,https://www.google.com/maps/contrib/113684096066983561066/reviews?hl=zh-TW
阿誠牛肉湯,蔡博緯,在地嚮導 · 17 則評論 · 20 張相片,1 年前,5 顆星,雖然沒吃過但覺得很好吃,https://www.google.com/maps/contrib/115431160826675937984/reviews?hl=zh-TW
阿誠牛肉湯,Naomi Cheng,在地嚮導 · 62 則評論 · 73 張相片,1 年前,5 顆星,"牛肉湯跟牛舌湯都很好吃，很鮮甜，老闆也很客氣～
原本只有點牛肉湯，推薦我們牛舌的，吃一碗好吃又再點一碗～",https://www.google.com/maps/contrib/107261371425168039514/reviews?hl=zh-TW
阿誠牛肉湯,Chen-Wei Lai,在地嚮導 · 63 則評論 · 4 張相片,1 年前,5 顆星,老闆、老闆娘待人和善，親切！牛肉湯好喝😋每次下台南玩都會繞道去吃。 …,https://www.google.com/maps/contrib/116611487622542997115/reviews?hl=zh-TW
阿誠牛肉湯,Louisa Yu,在地嚮導 · 10 則評論 · 17 張相片,1 年前,5 顆星,"牛舌湯非常鮮美好喝
喝完還可以加湯
肉量給得十分滿足 …",https://www.google.com/maps/contrib/112530718835319361892/reviews?hl=zh-TW
阿誠牛肉湯,黃仁杰,"在地嚮導 · 357 則評論 · 1,199 張相片",1 年前,5 顆星,牛舌湯牛舌超嫩 湯頭濃郁好喝👍👍👍 …,https://www.google.com/maps/contrib/114969971404011157801/reviews?hl=zh-TW
阿誠牛肉湯,王柏瑄,在地嚮導 · 30 則評論 · 64 張相片,1 年前,5 顆星,👍 …,https://www.google.com/maps/contrib/111695358540520967050/reviews?hl=zh-TW
阿誠牛肉湯,yanwei Chen,在地嚮導 · 8 則評論 · 2 張相片,1 年前,5 顆星,,https://www.google.com/maps/contrib/104180211213138875720/reviews?hl=zh-TW
阿誠牛肉湯,蘇希希,4 則評論,1 年前,5 顆星,如果只是想吃一點的話就不要考慮這間，這間的份量真的是很大，通常來說這樣的份量跟材料跟價錢完全對不上(便宜)，不過如果把肉片跟肉筋分開的話應該會更好,https://www.google.com/maps/contrib/112841655827705745624/reviews?hl=zh-TW
阿誠牛肉湯,吳政偉,在地嚮導 · 96 則評論 · 42 張相片,1 年前,5 顆星,今午媽媽生病想吃牛肉，恰巧經過阿誠，本不知道該點哪個餐點？老闆熱心介紹『香爆牛腩筋+白飯』附贈『牛骨湯』，媽媽吃得很開心，直說身體康復後要來店光顧。,https://www.google.com/maps/contrib/103306876342464801787/reviews?hl=zh-TW
阿誠牛肉湯,劉澔澤,在地嚮導 · 30 則評論 · 9 張相片,1 年前,5 顆星,吃很多年了，料多味美實在，老闆跟老闆娘人又親切，真希望芒果冰能回歸！,https://www.google.com/maps/contrib/111045582086752670227/reviews?hl=zh-TW
阿誠牛肉湯,曾廷裕,在地嚮導 · 29 則評論 · 2 張相片,1 年前,5 顆星,東西好吃！人也很客氣！讚,https://www.google.com/maps/contrib/116420350654665712693/reviews?hl=zh-TW
阿誠牛肉湯,Daisy “西西兒” Jhan,在地嚮導 · 21 則評論 · 20 張相片,2 年前,5 顆星,老闆親切熱心 牛肉湯大碗實在兩人喝一碗沒問題👌🏼大推薦逛夜市可以順便來喝碗熱湯喲👍🏻 …,https://www.google.com/maps/contrib/113580789327881558478/reviews?hl=zh-TW
阿誠牛肉湯,張秀雅（changhsiuya）,在地嚮導 · 136 則評論 · 95 張相片,2 年前,4 顆星,牛肉滑順口感不會柴☺️,https://www.google.com/maps/contrib/117511266592371546916/reviews?hl=zh-TW
阿誠牛肉湯,Al “Alaraxia” CH,在地嚮導 · 20 則評論 · 6 張相片,2 年前,5 顆星,牛肉麵很好吃，他們給了很好的吃法建議！,https://www.google.com/maps/contrib/106419830312602699243/reviews?hl=zh-TW
阿誠牛肉湯,Chak Tse,在地嚮導 · 63 則評論 · 11 張相片,2 年前,5 顆星,,https://www.google.com/maps/contrib/100511447394822457990/reviews?hl=zh-TW
阿誠牛肉湯,Jack志,在地嚮導 · 130 則評論 · 3 張相片,2 年前,5 顆星,牛肉湯鮮甜，肉質滑嫩，涼拌的麻辣牛雜好吃有特色，老闆也很客氣，願意等我們忘了帶錢的客人,https://www.google.com/maps/contrib/109493342846943634609/reviews?hl=zh-TW
阿誠牛肉湯,hsuan y,2 則評論 · 1 張相片,2 年前,5 顆星,,https://www.google.com/maps/contrib/100962722030682932643/reviews?hl=zh-TW
阿誠牛肉湯,徐珮甄,7 則評論 · 6 張相片,2 年前,5 顆星,老闆娘是天使,https://www.google.com/maps/contrib/113179793799920193256/reviews?hl=zh-TW
阿誠牛肉湯,李東陵,在地嚮導 · 19 則評論 · 4 張相片,2 年前,5 顆星,料多實在，喜歡吃牛肉的人不要錯過😋 …,https://www.google.com/maps/contrib/103285613943663654111/reviews?hl=zh-TW
阿誠牛肉湯,黃國展,在地嚮導 · 68 則評論 · 47 張相片,2 年前,5 顆星,好吃值得等待,https://www.google.com/maps/contrib/112459203330371660711/reviews?hl=zh-TW
阿誠牛肉湯,凱Kai,在地嚮導 · 50 則評論 · 25 張相片,2 年前,5 顆星,牛臉頰必點！,https://www.google.com/maps/contrib/103215190085653867646/reviews?hl=zh-TW
阿誠牛肉湯,林匀曼,9 則評論 · 13 張相片,2 年前,5 顆星,看到文章牛肉排隊的畫面果斷放棄了，偶爾搜到的店…味道居然不比文章牛肉差，好吃…,https://www.google.com/maps/contrib/109081708679590157754/reviews?hl=zh-TW
阿誠牛肉湯,王太一,13 則評論 · 3 張相片,2 年前,5 顆星,牛舌湯大推！老闆動作很迅速！,https://www.google.com/maps/contrib/104002431032245028191/reviews?hl=zh-TW
阿誠牛肉湯,小桂,在地嚮導 · 54 則評論 · 29 張相片,2 年前,3 顆星,牛肉湯還可以～ 牛肉炒飯不太好吃…,https://www.google.com/maps/contrib/115985927711249824529/reviews?hl=zh-TW
阿誠牛肉湯,Ray,在地嚮導 · 266 則評論 · 457 張相片,2 年前,4 顆星,牛舌湯很大碗，牛舌蠻多也Q彈，不會咬不爛，喜歡牛舌可以去,https://www.google.com/maps/contrib/115312185701175047048/reviews?hl=zh-TW
阿誠牛肉湯,建忻,在地嚮導 · 80 則評論 · 7 張相片,2 年前,5 顆星,牛肉麵湯頭微辣 豆瓣醬口味的 好喝 肉多又嫩 洋蔥炒牛肉也好吃 值得二訪,https://www.google.com/maps/contrib/107667813184353171022/reviews?hl=zh-TW
阿誠牛肉湯,瑪虹美甲,在地嚮導 · 57 則評論 · 178 張相片,2 年前,1 顆星,"牛肉丼飯份量很大整場吃下來覺得是便當嗎
高麗菜的份量跟豆乾的份量都很多整個很飽足感👍🏻豆乾好吃高麗菜不錯
還有另外付了一碗特大碗的清湯
紅燒牛肉麵份量也很大
炒青菜份量也很大
整場吃下來覺得可能口味不符合
湯頭的部分豆瓣醬很濃郁
好朋友推薦的可能他真的很喜歡這個口味
跟先生吃完的感覺是覺得很普通
這是跟先生個人的口感問題大家喜歡的味道不同可以嘗試看看說不定也會有其他人喜歡",https://www.google.com/maps/contrib/114803671618831679822/reviews?hl=zh-TW
阿誠牛肉湯,muomuo,在地嚮導 · 11 則評論 · 6 張相片,2 年前,5 顆星,非常屌 沒什麼好說的 尤其是肉燥飯老闆非常親切 讚啦,https://www.google.com/maps/contrib/110526560596797010563/reviews?hl=zh-TW
阿誠牛肉湯,鍾小洋,6 則評論 · 1 張相片,2 年前,5 顆星,台南必來美食！推！,https://www.google.com/maps/contrib/109041319351986555813/reviews?hl=zh-TW
阿誠牛肉湯,TOU COACH,在地嚮導 · 5 則評論 · 21 張相片,2 年前,5 顆星,物超所值，肉肉超多，湯頭太美味了,https://www.google.com/maps/contrib/105953474807361887385/reviews?hl=zh-TW
阿誠牛肉湯,Momo Chang,在地嚮導 · 82 則評論 · 109 張相片,2 年前,5 顆星,"當天從早到晚吃了三間牛肉湯（阿誠、鴻品、阿杰），就是這間最好吃，下次一定再來，太爽了！

這次點了有夠額大碗牛舌湯和大碗牛肉湯，強力推薦牛舌湯！

牛舌富有彈性的口感又具有濃厚的牛味，而非一般的內臟味道，帶給你觸覺和味覺的雙重享受，極度鮮美直達極樂天堂！

牛肉泡在湯裡直到8分熟保持鮮嫩口感，不帶筋的肉片連小孩都能輕鬆下嚥，湯頭濃郁甘甜，果然是4.6星的店家，名符其實！

上次來沒查清楚開店時間，難怪這次經過覺得似曾相識，就是武聖夜市旁邊的連棟大樓轉角處。",https://www.google.com/maps/contrib/115740543526940710664/reviews?hl=zh-TW
阿誠牛肉湯,楊詠傑,在地嚮導 · 20 則評論 · 6 張相片,2 年前,5 顆星,,https://www.google.com/maps/contrib/108801703004046570363/reviews?hl=zh-TW
阿誠牛肉湯,邱瑄琪,在地嚮導 · 46 則評論 · 83 張相片,2 年前,5 顆星,"上次下台南的三天兩夜都沒吃到牛肉湯😭，還好這次有找到這間還有營業，超好吃，份量很大，兩個人只吃了牛小排、肝肉湯、牛舌湯，完全沒吃的麻辣牛跟洋蔥牛改打包，再外帶一份牛舌湯+清湯一包回北部給媽媽吃，下次下台南會再訪🙂
老闆只有兩人作業，辛苦了💪祝平安喜樂 …",https://www.google.com/maps/contrib/102054145975386665432/reviews?hl=zh-TW
阿誠牛肉湯,吳青龍,在地嚮導 · 46 則評論 · 12 張相片,2 年前,5 顆星,東西好吃，老闆娘跟闆娘女兒也很漂亮,https://www.google.com/maps/contrib/104823431542734492221/reviews?hl=zh-TW
阿誠牛肉湯,高玉雲,3 則評論,2 年前,5 顆星,"這是我吃過cp值最高的店家，常特地開車上去吃，我不敢說是最好吃的（口味因人而異），但我敢說是用料實在，價格便宜，每盤都很大一盤，老闆和老闆娘人也超級親切友善，力推牛肉牛肝湯、炒牛腩，炒牛舌，牛肉炒飯及牛小排飯。
每次吃完回高雄必須再外帶一些，感謝老闆常常都會多送蔥蛋，更感謝老闆娘今日特地讓我吃到牛肝，內心十分感動與感謝",https://www.google.com/maps/contrib/101970993633602384162/reviews?hl=zh-TW
阿誠牛肉湯,何昌洲,1 則評論 · 1 張相片,2 年前,5 顆星,,https://www.google.com/maps/contrib/110836288312038234493/reviews?hl=zh-TW
阿誠牛肉湯,陳家福,8 則評論 · 7 張相片,2 年前,5 顆星,用料實在，湯頭鮮美，就是好吃。,https://www.google.com/maps/contrib/108650902333088762855/reviews?hl=zh-TW
阿誠牛肉湯,Xuan-Yu Luo,在地嚮導 · 136 則評論 · 118 張相片,2 年前,4 顆星,"2023/1/22 清燉牛肉湯

肉很好吃，湯很好喝
蠻推的

好像太多麵了，而且麵本人有點普
如果餓了10天應該會喜歡",https://www.google.com/maps/contrib/100007749571136759276/reviews?hl=zh-TW
阿誠牛肉湯,吳雅鈞,20 則評論 · 28 張相片,2 年前,5 顆星,超高CP值。,https://www.google.com/maps/contrib/103135115686020185301/reviews?hl=zh-TW
阿誠牛肉湯,stanley,8 則評論 · 1 張相片,2 年前,5 顆星,"牛舌太厲害！不管是牛舌湯還是牛舌丼
以後來台南的首選牛肉湯肯定是這間
🌟🌟🌟🌟🌟🌟🌟🌟
多補幾個星🤣 …",https://www.google.com/maps/contrib/101636995007251346792/reviews?hl=zh-TW
阿誠牛肉湯,David Lou,在地嚮導 · 22 則評論,2 年前,5 顆星,物超所值,https://www.google.com/maps/contrib/110330669430611030930/reviews?hl=zh-TW
阿誠牛肉湯,Fish,在地嚮導 · 79 則評論 · 232 張相片,2 年前,4 顆星,"來台南一定要吃牛肉湯，聽朋友推薦來這。春節期間照常營業不休息。

🫕牛肉湯➖
一碗120，送來發現非常大碗，肉多湯多。不過肉片已經是全熟壯態，肉片油脂少比較像瘦肉；湯頭有一種甘甜的味道，可以加湯。

🍚肉燥飯➖
飯量蠻大份的，上面淋上滿滿的肉燥。肉汁不多，喜歡吃濕一點的，可以再跟老闆多淋一點湯汁（老闆連肉燥也都很大方滿滿一匙加上去）😳
口感是標準台南口味帶點甜而不鹹。

老闆、闆娘對待客人很客氣服務也蠻好的。
台南牛肉湯太多間了，不是特別出色的店家但也算是好吃的其中之一",https://www.google.com/maps/contrib/101399895238895253172/reviews?hl=zh-TW
阿誠牛肉湯,葉傳宇,4 則評論 · 1 張相片,2 年前,5 顆星,,https://www.google.com/maps/contrib/105406106756883486203/reviews?hl=zh-TW
阿誠牛肉湯,許菁菁,11 則評論 · 20 張相片,2 年前,5 顆星,很好吃,https://www.google.com/maps/contrib/109333725855949704977/reviews?hl=zh-TW
阿誠牛肉湯,地球人黃吉元,在地嚮導 · 20 則評論 · 2 張相片,2 年前,5 顆星,好吃,https://www.google.com/maps/contrib/113819378949894840671/reviews?hl=zh-TW
阿誠牛肉湯,澍,在地嚮導 · 49 則評論 · 69 張相片,2 年前,4 顆星,,https://www.google.com/maps/contrib/104963679062580830621/reviews?hl=zh-TW
阿誠牛肉湯,洪佳吟,在地嚮導 · 100 則評論 · 132 張相片,2 年前,5 顆星,"老闆很熱情，東西好吃又就大份
能吃很飽",https://www.google.com/maps/contrib/114057589355559637774/reviews?hl=zh-TW
阿誠牛肉湯,Thundias Wang,"在地嚮導 · 813 則評論 · 3,727 張相片",2 年前,4 顆星,"CP值很高！
還有甘草芭樂可以吃哈哈",https://www.google.com/maps/contrib/115506644794259595758/reviews?hl=zh-TW
阿誠牛肉湯,Wilson Huang,"在地嚮導 · 108 則評論 · 4,378 張相片",2 年前,5 顆星,,https://www.google.com/maps/contrib/102415070429650963545/reviews?hl=zh-TW
阿誠牛肉湯,KUEI-JUNG HSU,在地嚮導 · 16 則評論 · 23 張相片,2 年前,5 顆星,"在地人的好滋味，CP值很高，份量大又好吃
推薦牛肉湯、紅燒牛肉麵
中午營業到三點，可以趁人少的時候來吃",https://www.google.com/maps/contrib/112005988436927138220/reviews?hl=zh-TW
阿誠牛肉湯,hello,在地嚮導 · 33 則評論 · 5 張相片,2 年前,1 顆星,清燙牛肉麵,https://www.google.com/maps/contrib/111097426477333663011/reviews?hl=zh-TW
阿誠牛肉湯,林弘逸,在地嚮導 · 37 則評論 · 30 張相片,2 年前,5 顆星,份量超大,https://www.google.com/maps/contrib/115728476461675225807/reviews?hl=zh-TW
阿誠牛肉湯,David Lee,在地嚮導 · 68 則評論 · 177 張相片,2 年前,5 顆星,牛舌不錯，CP值高,https://www.google.com/maps/contrib/115545662426859239139/reviews?hl=zh-TW
阿誠牛肉湯,張延章,7 則評論 · 4 張相片,2 年前,5 顆星,超大碗牛肉湯名副其實,https://www.google.com/maps/contrib/114183600278825248109/reviews?hl=zh-TW
阿誠牛肉湯,鄭兆銘,在地嚮導 · 59 則評論 · 28 張相片,2 年前,5 顆星,,https://www.google.com/maps/contrib/116667865321633348874/reviews?hl=zh-TW
阿誠牛肉湯,Daphne Ho,5 則評論 · 17 張相片,2 年前,5 顆星,好吃、服務親切,https://www.google.com/maps/contrib/111741190387604950737/reviews?hl=zh-TW
阿誠牛肉湯,Aegon,7 則評論 · 2 張相片,2 年前,5 顆星,,https://www.google.com/maps/contrib/102141096511907888858/reviews?hl=zh-TW
阿誠牛肉湯,鄭Peter,在地嚮導 · 227 則評論 · 275 張相片,2 年前,5 顆星,牛肉份量大且美味😋，好吃呀！ …,https://www.google.com/maps/contrib/104343730899766300716/reviews?hl=zh-TW
阿誠牛肉湯,林資淵,在地嚮導 · 7 則評論 · 10 張相片,2 年前,5 顆星,牛肉好鮮，老闆、老闆娘很親切，牛舌要點要趁早，晚了就沒了！,https://www.google.com/maps/contrib/100063048965015446708/reviews?hl=zh-TW
阿誠牛肉湯,史千,在地嚮導 · 20 則評論 · 47 張相片,2 年前,5 顆星,"吃了好幾家，這家最讚！
點了牛肉湯+牛舌湯+滷肉飯！
牛舌湯必點，入口即化，
牛肉湯，好喝，肉鮮，
滷肉飯，甜香，油而不膩，讚讚讚！
建議老闆，招牌要弄一下，不然不熟的，會找很久！",https://www.google.com/maps/contrib/100723145351000154937/reviews?hl=zh-TW
阿誠牛肉湯,OAO HAO,在地嚮導 · 68 則評論,2 年前,5 顆星,牛肉湯跟牛肉麵好吃,https://www.google.com/maps/contrib/104981307613338706446/reviews?hl=zh-TW
阿誠牛肉湯,Chun-Jung Huang,10 則評論,2 年前,1 顆星,,https://www.google.com/maps/contrib/115317591093607750598/reviews?hl=zh-TW
阿誠牛肉湯,Yuan Chuang,在地嚮導 · 50 則評論 · 81 張相片,2 年前,5 顆星,"天下第一帶我們來吃～
他非常推薦
牛舌湯真的很好喝湯頭很鮮，牛舌也給太多了吧！好喜歡
老闆娘很熱情❤️
會推薦朋友來捧場",https://www.google.com/maps/contrib/114963000970498630004/reviews?hl=zh-TW
阿誠牛肉湯,蔡秉佑,在地嚮導 · 210 則評論 · 269 張相片,2 年前,3 顆星,"牛肉湯份量多 但是湯頭很淡
麵還好 沒什麼味道",https://www.google.com/maps/contrib/102671462040098972064/reviews?hl=zh-TW
阿誠牛肉湯,Yoima Lin,"在地嚮導 · 390 則評論 · 2,789 張相片",2 年前,4 顆星,,https://www.google.com/maps/contrib/117388097324841576587/reviews?hl=zh-TW
阿誠牛肉湯,蔡恆毅,8 則評論 · 5 張相片,2 年前,1 顆星,基於本日購買體驗，外帶紅燒牛肉米苔目回家沒有給湯，真的是很難入口，只能勉強吃完，外帶請記得確認有湯的品項有沒有附上湯。,https://www.google.com/maps/contrib/107520267810382989996/reviews?hl=zh-TW
阿誠牛肉湯,彥G,在地嚮導 · 22 則評論 · 9 張相片,2 年前,5 顆星,來台南吃到最滿意的一餐，牛小排餐肉量超多很澎湃，牛肉湯肉多、湯甘甜不膩，很對我胃口，牛肉麵有兩種肉，牛腱肉很嫩，而且整體價格便宜，大推～,https://www.google.com/maps/contrib/108219628968348212793/reviews?hl=zh-TW
阿誠牛肉湯,洪辰宗,在地嚮導 · 43 則評論 · 223 張相片,2 年前,5 顆星,,https://www.google.com/maps/contrib/109803643526353339826/reviews?hl=zh-TW
阿誠牛肉湯,w indy,在地嚮導 · 212 則評論 · 343 張相片,2 年前,5 顆星,"絕對是滿分  一碗80滿滿牛肉
然後外帶一碗給三碗的湯 真的是很誇張
至於好吃嗎？口味 我覺得看人
一碗80塊 滿肉 我想沒什麼可以挑的",https://www.google.com/maps/contrib/118300436750581757302/reviews?hl=zh-TW
阿誠牛肉湯,Shinja Lee,在地嚮導 · 105 則評論 · 321 張相片,2 年前,2 顆星,"牛舌湯份量很足但腥味略重
牛肉湯不是大家想的那種
不推",https://www.google.com/maps/contrib/116615978456139542462/reviews?hl=zh-TW
阿誠牛肉湯,硬漢超人貓（愛吃泡泡魚）,在地嚮導 · 92 則評論 · 116 張相片,2 年前,5 顆星,讚，想吃得早點，不然有的東西會提早賣完,https://www.google.com/maps/contrib/105243676000247228772/reviews?hl=zh-TW
阿誠牛肉湯,T.H.,"在地嚮導 · 448 則評論 · 1,229 張相片",2 年前,5 顆星,武聖夜市旁，牛肉麵份量十足，洋蔥炒牛肉也不錯！價格實在。,https://www.google.com/maps/contrib/110803489977641879430/reviews?hl=zh-TW
阿誠牛肉湯,魏筱芳,在地嚮導 · 22 則評論 · 59 張相片,2 年前,5 顆星,超好吃的，價格便宜，待人親切，份量很足夠唷！,https://www.google.com/maps/contrib/114859500190862693577/reviews?hl=zh-TW
阿誠牛肉湯,林佳鴻,13 則評論 · 10 張相片,2 年前,5 顆星,飽足感,https://www.google.com/maps/contrib/103796780143332457952/reviews?hl=zh-TW
阿誠牛肉湯,夏依,14 則評論 · 7 張相片,2 年前,5 顆星,🤤 …,https://www.google.com/maps/contrib/105957338283267443730/reviews?hl=zh-TW
阿誠牛肉湯,小咩,42 則評論,2 年前,5 顆星,一個字 讚,https://www.google.com/maps/contrib/110031602048515345309/reviews?hl=zh-TW
阿誠牛肉湯,洪永能,在地嚮導 · 281 則評論 · 433 張相片,2 年前,4 顆星,老闆親切，湯頭.食材都好吃,https://www.google.com/maps/contrib/101181793464899034019/reviews?hl=zh-TW
阿誠牛肉湯,隹羽光（隹羽光短片剪輯/創作）,8 則評論 · 3 張相片,2 年前,4 顆星,,https://www.google.com/maps/contrib/115398350531227912633/reviews?hl=zh-TW
阿誠牛肉湯,高小淵,8 則評論 · 1 張相片,2 年前,5 顆星,誤打誤撞來到阿誠來吃飯，真的令人驚艷，好吃價錢又公道，湯頭鮮美，牛肉鮮嫩，又有很多在高雄吃不到的口味，真心推薦來台南吃阿誠。,https://www.google.com/maps/contrib/114418351330342433600/reviews?hl=zh-TW
阿誠牛肉湯,Shui Chin,"在地嚮導 · 228 則評論 · 2,712 張相片",2 年前,4 顆星,牛肉湯清甜可口,https://www.google.com/maps/contrib/105916907633597311796/reviews?hl=zh-TW
阿誠牛肉湯,Min Chih Hung,在地嚮導 · 501 則評論 · 19 張相片,2 年前,5 顆星,當地人才懂,https://www.google.com/maps/contrib/113826326303002463592/reviews?hl=zh-TW
阿誠牛肉湯,Lemming,"在地嚮導 · 574 則評論 · 1,600 張相片",2 年前,5 顆星,無骨牛小排已經切成一口大小，配菜有高麗菜跟小黃瓜，還搭一碗飯，真是太超值了，幾乎每桌都有點這道！,https://www.google.com/maps/contrib/107375610207952646292/reviews?hl=zh-TW
阿誠牛肉湯,Vincent Weng,在地嚮導 · 143 則評論 · 7 張相片,2 年前,5 顆星,好吃便宜老闆又熱情,https://www.google.com/maps/contrib/115841639682240404428/reviews?hl=zh-TW
阿誠牛肉湯,王查理,在地嚮導 · 66 則評論 · 52 張相片,2 年前,5 顆星,好吃的牛肉料理,https://www.google.com/maps/contrib/100763307288058087522/reviews?hl=zh-TW
阿誠牛肉湯,陳米亞美學館（新娘秘書霧眉霧唇美瞳線）,在地嚮導 · 131 則評論 · 577 張相片,2 年前,5 顆星,"天啊，好好喝的牛肉湯喔
老闆又整個笑臉迎人，讓我吃飯的心情超好。下次來台南我還會再過來光顧。",https://www.google.com/maps/contrib/104985103302831679629/reviews?hl=zh-TW
阿誠牛肉湯,yun,在地嚮導 · 115 則評論 · 258 張相片,2 年前,5 顆星,"牛舌湯根本神湯，肉超嫩香
明明很飽了，湯喝完馬上再帶一份炒牛舌外帶",https://www.google.com/maps/contrib/111784194959718764544/reviews?hl=zh-TW
阿誠牛肉湯,扭蛋,在地嚮導 · 46 則評論 · 33 張相片,2 年前,5 顆星,"點了牛肉湯 牛肉麵 肉燥飯 都好吃！
牛肉麵份量很多，小碗的可能要兩個女生分食。",https://www.google.com/maps/contrib/105087806354852762842/reviews?hl=zh-TW
阿誠牛肉湯,邱小庭,13 則評論 · 10 張相片,2 年前,5 顆星,闆娘親切，好吃又便宜...吃了好幾年的忠實顧客😊 …,https://www.google.com/maps/contrib/114602116102388638310/reviews?hl=zh-TW
阿誠牛肉湯,Kang Chien Wu,14 則評論 · 13 張相片,2 年前,5 顆星,"好吃，天下第一味！
符合挑嘴人士品嚐",https://www.google.com/maps/contrib/111474469793073914645/reviews?hl=zh-TW
阿誠牛肉湯,陳銘鴻,在地嚮導 · 15 則評論,2 年前,4 顆星,CP值超高，味道也不錯，但希望老闆和老闆娘可以把口罩戴好,https://www.google.com/maps/contrib/111195270076390762145/reviews?hl=zh-TW
阿誠牛肉湯,羅洋,在地嚮導 · 262 則評論 · 426 張相片,2 年前,4 顆星,大碗,https://www.google.com/maps/contrib/112500499938945727951/reviews?hl=zh-TW
阿誠牛肉湯,陳浩,在地嚮導 · 72 則評論 · 393 張相片,2 年前,5 顆星,,https://www.google.com/maps/contrib/117602395994998912908/reviews?hl=zh-TW
阿誠牛肉湯,S,在地嚮導 · 21 則評論 · 9 張相片,2 年前,1 顆星,點了滷牛肚 牛肉湯 牛肚比牛肉湯出色,https://www.google.com/maps/contrib/105944133860697125806/reviews?hl=zh-TW
阿誠牛肉湯,王哲忞,"在地嚮導 · 221 則評論 · 1,041 張相片",2 年前,4 顆星,"牛舌/肝都好吃，不腥, 值得來！",https://www.google.com/maps/contrib/110092965035878889801/reviews?hl=zh-TW
阿誠牛肉湯,Gary Huang,"在地嚮導 · 452 則評論 · 1,518 張相片",2 年前,4 顆星,牛肉湯頭，血的味道比較重，可以加點薑絲，沾醬料去味，以價格來看，比一般賣牛肉湯的份量多很多，價格算便宜，也大碗，肉燥飯個人覺得尚可。,https://www.google.com/maps/contrib/107305161554521448999/reviews?hl=zh-TW
阿誠牛肉湯,柯JJ,在地嚮導 · 22 則評論 · 1 張相片,2 年前,5 顆星,,https://www.google.com/maps/contrib/102000493493934687654/reviews?hl=zh-TW
阿誠牛肉湯,Chen醬,在地嚮導 · 148 則評論 · 146 張相片,2 年前,4 顆星,"滷肉飯滷汁偏少，牛肉湯有油花，湯頭味道普普
但老闆跟老闆娘都很親切！",https://www.google.com/maps/contrib/112977051645262167200/reviews?hl=zh-TW
阿誠牛肉湯,OE J,在地嚮導 · 14 則評論 · 27 張相片,2 年前,5 顆星,,https://www.google.com/maps/contrib/113501677329346307628/reviews?hl=zh-TW
阿誠牛肉湯,Delton Chen,在地嚮導 · 56 則評論 · 13 張相片,2 年前,5 顆星,牛舌湯，厚切牛舌超軟超嫩，超大一碗只要150，5星毫無懸念,https://www.google.com/maps/contrib/108240894773365758350/reviews?hl=zh-TW
阿誠牛肉湯,黑翼山石,在地嚮導 · 34 則評論 · 11 張相片,2 年前,5 顆星,整體中規中矩，味道不錯的牛肉湯,https://www.google.com/maps/contrib/115853926383834523867/reviews?hl=zh-TW
阿誠牛肉湯,Yama,在地嚮導 · 24 則評論 · 3 張相片,2 年前,5 顆星,第一次喝到這麼好喝的牛舌湯，真的好強👍👍👍 …,https://www.google.com/maps/contrib/108381925878469190139/reviews?hl=zh-TW
阿誠牛肉湯,葉葉葉,7 則評論,2 年前,5 顆星,台南牛肉湯我只服這間 其他再看看,https://www.google.com/maps/contrib/111331325185322779986/reviews?hl=zh-TW
阿誠牛肉湯,楊舜文,在地嚮導 · 50 則評論 · 33 張相片,2 年前,5 顆星,好吃肉多,https://www.google.com/maps/contrib/101326195947048823495/reviews?hl=zh-TW
阿誠牛肉湯,蘇玉穗,在地嚮導 · 42 則評論 · 17 張相片,2 年前,5 顆星,店裡居然有提供客人掛雨衣的地方，連碳佐麻里都沒有掛雨衣的地方，東西好吃，老闆娘人好，值得推薦👍 …,https://www.google.com/maps/contrib/116215905868109701535/reviews?hl=zh-TW
阿誠牛肉湯,Travel Rider,在地嚮導 · 18 則評論 · 30 張相片,2 年前,5 顆星,已完食！不解釋，超推！,https://www.google.com/maps/contrib/115900622552304487554/reviews?hl=zh-TW
阿誠牛肉湯,Hsiao ting Chen,12 則評論 · 2 張相片,2 年前,5 顆星,,https://www.google.com/maps/contrib/101100373223024256789/reviews?hl=zh-TW
阿誠牛肉湯,Yitzu Lu,在地嚮導 · 30 則評論 · 19 張相片,2 年前,5 顆星,"N次回訪
口味依然好吃
價格依舊便宜
闆娘依然親切
～～加上照片～～
牛肝肉湯
炒牛肉
牛肉蛋炒飯
牛肉湯
葱蛋+豆干
：：：：：：

牛肉好吃
價格公道
老闆娘親切",https://www.google.com/maps/contrib/104683991739009059196/reviews?hl=zh-TW
阿誠牛肉湯,人文,"在地嚮導 · 576 則評論 · 1,762 張相片",2 年前,5 顆星,"牛舌很讚
給湯大方",https://www.google.com/maps/contrib/102104635298055301787/reviews?hl=zh-TW
阿誠牛肉湯,bruce lee,在地嚮導 · 297 則評論 · 642 張相片,2 年前,5 顆星,吃完自動回甘，在門口就開始懷念的美食，牛舌湯一絕，老闆客氣。,https://www.google.com/maps/contrib/115593567583798859369/reviews?hl=zh-TW
阿誠牛肉湯,那個妹紙。小兔寶,"在地嚮導 · 489 則評論 · 1,785 張相片",2 年前,4 顆星,"位於武聖夜市旁，便宜又大碗的牛湯
男老闆很親切，可免費加湯（稍有肉味）",https://www.google.com/maps/contrib/106118785821801516592/reviews?hl=zh-TW
阿誠牛肉湯,Shiuan,在地嚮導 · 93 則評論 · 32 張相片,2 年前,5 顆星,非常的優 在地人的愛店就是這個模樣,https://www.google.com/maps/contrib/113687978671827621078/reviews?hl=zh-TW
阿誠牛肉湯,簡百和,3 則評論 · 1 張相片,2 年前,5 顆星,牛肉量真多。紅燒湯頭也不死鹹。尤其是牛舌。真嫩。,https://www.google.com/maps/contrib/103182178211489034466/reviews?hl=zh-TW
阿誠牛肉湯,丘至恩,7 則評論,2 年前,5 顆星,願這家店成為召會的祝福，太好吃了,https://www.google.com/maps/contrib/103809420679221688140/reviews?hl=zh-TW
阿誠牛肉湯,楊子昇,在地嚮導 · 6 則評論 · 197 張相片,2 年前,4 顆星,,https://www.google.com/maps/contrib/106966149969807473128/reviews?hl=zh-TW
阿誠牛肉湯,Charlie Lin,在地嚮導 · 4 則評論 · 2 張相片,2 年前,4 顆星,,https://www.google.com/maps/contrib/108088548369073768046/reviews?hl=zh-TW
阿誠牛肉湯,張名萱,在地嚮導 · 78 則評論 · 160 張相片,2 年前,5 顆星,牛肉湯  湯頭好喝。肉嫩,https://www.google.com/maps/contrib/105199737869463292739/reviews?hl=zh-TW
阿誠牛肉湯,葉書豪,12 則評論 · 6 張相片,2 年前,5 顆星,"這天中午在不起眼的阿誠店門口疑惑...
但...真的不可貌相！
尤其這邊的牛舌真的是台南喇舌的絕對推薦~，
舌尖輕觸的瞬間彷彿觸電般的驚艷！
這調味與觸感絕對值得想要再來邂逅~",https://www.google.com/maps/contrib/113423207150129632328/reviews?hl=zh-TW
阿誠牛肉湯,白桓亮,2 則評論,2 年前,5 顆星,推薦滷肉飯，味道超好，而且一碗才二十；炒牛筋很有嚼勁，個人喜歡它偏甜的調味；牛肉湯的湯頭也很鮮美；另外，老闆也非常友善。,https://www.google.com/maps/contrib/105933026906061129126/reviews?hl=zh-TW
阿誠牛肉湯,吳界輝,在地嚮導 · 38 則評論 · 5 張相片,2 年前,5 顆星,佛心來了！超大碗的😘😘😘好吃軟嫩的牛舌湯！船形的牛排特餐，讓人有非常的飽足感！最特別的竟然牛肉湯，跟牛肉麵，加湯不用錢，真的很不錯又佛心的店！ …,https://www.google.com/maps/contrib/115934465327979548231/reviews?hl=zh-TW
阿誠牛肉湯,Leone,在地嚮導 · 18 則評論 · 42 張相片,2 年前,5 顆星,五星好評推爆，便宜大碗又好吃，牛肉湯可以一直續，有夠大方，老闆好客又客氣，懂做生意，推牛舌湯，肉大片又沒有怪味，真的有料,https://www.google.com/maps/contrib/105335433926200603164/reviews?hl=zh-TW
阿誠牛肉湯,Lin Dwyane,在地嚮導 · 211 則評論 · 23 張相片,2 年前,5 顆星,"非常優，
點了很多不同的菜色，
每一道都是佳餚，
好吃，量又豐富，又是優質營養，價格實惠，
有路過都要吃！",https://www.google.com/maps/contrib/116321237467307083444/reviews?hl=zh-TW
阿誠牛肉湯,#19 Joyce彥妤,8 則評論 · 1 張相片,2 年前,5 顆星,超好吃的！尤其是清湯米苔目！,https://www.google.com/maps/contrib/110618957319513332675/reviews?hl=zh-TW
阿誠牛肉湯,YB Tsao,在地嚮導 · 200 則評論 · 408 張相片,2 年前,5 顆星,品質普通，勝在便宜。想吃飽的來。,https://www.google.com/maps/contrib/117598998857825824643/reviews?hl=zh-TW
阿誠牛肉湯,Cindy Liu,在地嚮導 · 20 則評論 · 8 張相片,2 年前,5 顆星,"牛肉湯超好喝，可以免費加湯
老闆娘跟老闆人超好，幫我們推薦的都超好吃，讚讚讚👍👍👍 …",https://www.google.com/maps/contrib/111216759021248016018/reviews?hl=zh-TW
阿誠牛肉湯,savor tseng,在地嚮導 · 25 則評論 · 16 張相片,2 年前,5 顆星,牛舌及湯頭令人驚艷，值得回訪的在地台南好滋味。,https://www.google.com/maps/contrib/117758009473845733910/reviews?hl=zh-TW
阿誠牛肉湯,陳小次,"在地嚮導 · 1,048 則評論 · 3,888 張相片",2 年前,4 顆星,肉量很多，沒有附飯，肉腥味較重，湯和肉燥飯都不錯,https://www.google.com/maps/contrib/105452360161723621409/reviews?hl=zh-TW
阿誠牛肉湯,Wenny Ben,在地嚮導 · 37 則評論 · 91 張相片,2 年前,5 顆星,,https://www.google.com/maps/contrib/109246752579256445754/reviews?hl=zh-TW
阿誠牛肉湯,** owo,在地嚮導 · 52 則評論 · 9 張相片,2 年前,5 顆星,好吃，CP值很高～,https://www.google.com/maps/contrib/106087203462808878540/reviews?hl=zh-TW
阿誠牛肉湯,ony T,在地嚮導 · 28 則評論 · 1 張相片,2 年前,5 顆星,肉夠新鮮夠👍 …,https://www.google.com/maps/contrib/107677104854018402658/reviews?hl=zh-TW
阿誠牛肉湯,N,在地嚮導 · 60 則評論 · 82 張相片,2 年前,5 顆星,"先說：份量、價錢、味道都很棒

牛肉湯怕老掉可以選擇先不要煮(外帶)
回家肉放進去攪一攪，剛剛好。
其他餐點的份量、口味也是非常棒
牛肉湯牛舌湯大推😋",https://www.google.com/maps/contrib/112068861687212699112/reviews?hl=zh-TW
阿誠牛肉湯,ANDREW YANG,在地嚮導 · 32 則評論 · 28 張相片,2 年前,5 顆星,超級好吃😋 …,https://www.google.com/maps/contrib/106721537885478873018/reviews?hl=zh-TW
阿誠牛肉湯,Yun,在地嚮導 · 18 則評論 · 14 張相片,2 年前,5 顆星,"湯頭超級好喝，而且料超多又不貴，整個CP值爆表！
而且可以一直續湯讚爆😚 …",https://www.google.com/maps/contrib/107266258682463604771/reviews?hl=zh-TW
阿誠牛肉湯,Eclosion L,在地嚮導 · 48 則評論 · 36 張相片,2 年前,5 顆星,讚👍不多說 …,https://www.google.com/maps/contrib/105368285327042497910/reviews?hl=zh-TW
阿誠牛肉湯,IT CHEN,在地嚮導 · 7 則評論 · 22 張相片,2 年前,5 顆星,,https://www.google.com/maps/contrib/109587534108424433058/reviews?hl=zh-TW
阿誠牛肉湯,蓁蓁,2 則評論,2 年前,5 顆星,"真的給超多肉的，好好吃哦！
湯很鮮甜好喝😍 …",https://www.google.com/maps/contrib/117750460903391968739/reviews?hl=zh-TW
阿誠牛肉湯,賴美月,8 則評論 · 1 張相片,2 年前,5 顆星,牛肉份量給很多，湯頭很鮮甜，服務非常親切，價錢便宜。,https://www.google.com/maps/contrib/109101696903390846673/reviews?hl=zh-TW
阿誠牛肉湯,花喵,在地嚮導 · 81 則評論 · 223 張相片,2 年前,5 顆星,牛肉湯一碗只要110，但是肉的份量是名店的兩倍以上，可以說物超所值！,https://www.google.com/maps/contrib/114333374205221207811/reviews?hl=zh-TW
阿誠牛肉湯,巧比菲特,12 則評論 · 3 張相片,2 年前,5 顆星,"有夠飽！太飽了
🤣
下次我只點一個餐點就好

還是台南人好、親切、熱情
台南食物好吃",https://www.google.com/maps/contrib/102853415094846400017/reviews?hl=zh-TW
阿誠牛肉湯,墨默的,13 則評論,2 年前,5 顆星,"台南最推小店
牛舌超嫩牛肉湯份量大，
老闆跟老闆娘超親切 …",https://www.google.com/maps/contrib/105976731738318078501/reviews?hl=zh-TW
阿誠牛肉湯,尤易民,7 則評論 · 1 張相片,2 年前,5 顆星,,https://www.google.com/maps/contrib/108149254910774966355/reviews?hl=zh-TW
阿誠牛肉湯,Chen Ni,在地嚮導 · 186 則評論 · 369 張相片,2 年前,5 顆星,"喝過肉最多最大碗的台南牛肉湯
送上桌真的傻眼
牛舌湯$150 牛舌超大片超多又軟嫩
牛肉湯$110 肉也多的要命
湯還能免費續
但光這大碗公就撐死了
用餐區很乾淨
老闆闆娘都很親切
看到很多人都是外帶",https://www.google.com/maps/contrib/102940444397223368468/reviews?hl=zh-TW
阿誠牛肉湯,Marquis,在地嚮導 · 32 則評論 · 12 張相片,2 年前,5 顆星,牛舌湯裡面的牛舌給超多超大片，還可以加湯，重點是還超好吃！難怪台南人都說牛肉湯我家巷口屌打，真的屌打許多名店！,https://www.google.com/maps/contrib/114086618575092001470/reviews?hl=zh-TW
阿誠牛肉湯,沒有用的年輕人,11 則評論,2 年前,5 顆星,俗擱大碗，好吃！,https://www.google.com/maps/contrib/117790394095118328474/reviews?hl=zh-TW
阿誠牛肉湯,doris,在地嚮導 · 87 則評論 · 3 張相片,2 年前,5 顆星,牛舌湯讚讚,https://www.google.com/maps/contrib/109851236538072162579/reviews?hl=zh-TW
阿誠牛肉湯,Bon Liu,在地嚮導 · 461 則評論 · 43 張相片,2 年前,5 顆星,,https://www.google.com/maps/contrib/110366356644162819482/reviews?hl=zh-TW
阿誠牛肉湯,Azu debu,5 則評論,3 年前,5 顆星,價格平價，份量足而且還不錯吃，用餐的時候可能剛開業就過去了速度有點慢，大約等了十五分鐘，不過整個餐點還蠻滿意的。（大碗牛肉麵是真的有點多，食量不大或是還想逛街吃別的慎選）,https://www.google.com/maps/contrib/106375001758303650990/reviews?hl=zh-TW
阿誠牛肉湯,corner escape,"在地嚮導 · 417 則評論 · 3,252 張相片",3 年前,5 顆星,就是好吃。,https://www.google.com/maps/contrib/108902973444242796332/reviews?hl=zh-TW
阿誠牛肉湯,Michi,"在地嚮導 · 1,182 則評論 · 6,871 張相片",3 年前,5 顆星,牛肉湯肉多，杏鮑菇牛肉很入味,https://www.google.com/maps/contrib/111137211404057317794/reviews?hl=zh-TW
阿誠牛肉湯,NR Han,在地嚮導 · 484 則評論 · 42 張相片,3 年前,5 顆星,"湯的份量應該是同價位中我喝過最多的
肝肉湯：肝的份量比肉多蠻多
整體來說走樸實路線",https://www.google.com/maps/contrib/103580032160942061459/reviews?hl=zh-TW
阿誠牛肉湯,Joanne Lin,在地嚮導 · 14 則評論 · 3 張相片,3 年前,5 顆星,好吃,https://www.google.com/maps/contrib/116891424249642066613/reviews?hl=zh-TW
阿誠牛肉湯,黃耀德,在地嚮導 · 376 則評論 · 247 張相片,3 年前,5 顆星,超好吃😋招牌牛舌湯跟洋蔥牛腩真的一試成主顧，還可以加湯超級鮮甜，重點是老闆人超好🥰 …,https://www.google.com/maps/contrib/100974449809328877479/reviews?hl=zh-TW
阿誠牛肉湯,張文山,"在地嚮導 · 434 則評論 · 2,726 張相片",3 年前,5 顆星,"老闆親切老闆娘熱情 黑金滷肉飯為之驚艷
牛肉湯 清甜溫順 適合下雨的三月底 來上一碗😋 …",https://www.google.com/maps/contrib/108325871348157081079/reviews?hl=zh-TW
阿誠牛肉湯,Sharon Chen,11 則評論 · 6 張相片,3 年前,5 顆星,湯頭牛肉好吃，料超多,https://www.google.com/maps/contrib/100264694098624864555/reviews?hl=zh-TW
阿誠牛肉湯,賴郁霖,9 則評論 · 1 張相片,3 年前,5 顆星,湯頭100分 👍 …,https://www.google.com/maps/contrib/112091829790224349480/reviews?hl=zh-TW
阿誠牛肉湯,Joshua Cho,2 則評論 · 17 張相片,3 年前,5 顆星,讚！,https://www.google.com/maps/contrib/108118936462468056595/reviews?hl=zh-TW
阿誠牛肉湯,Yingching Chen,"在地嚮導 · 478 則評論 · 1,465 張相片",3 年前,5 顆星,"五星推爆好店！
東西實在健康，老闆還問我們會不會點太多🥺用心在做食物跟照顧顧客。
回鍋炒牛舌🌕🌕🌕🌕🌕 …",https://www.google.com/maps/contrib/107218740414235628594/reviews?hl=zh-TW
阿誠牛肉湯,國棟高,在地嚮導 · 23 則評論 · 5 張相片,3 年前,4 顆星,,https://www.google.com/maps/contrib/107745949209213766824/reviews?hl=zh-TW
阿誠牛肉湯,王柏凱,"1,903 則評論",3 年前,3 顆星,"人很親切，善良的價格。

覺得麵有點太多可少兩成，配料不多到後面小吃不下。",https://www.google.com/maps/contrib/111005772645297806961/reviews?hl=zh-TW
阿誠牛肉湯,鄭琮維,"在地嚮導 · 648 則評論 · 8,348 張相片",3 年前,5 顆星,C/P超高，紅燒牛肉佔了1/4碗，光吃肉就飽了！後悔點了麵，聽說牛肉湯也是C/P到不行,https://www.google.com/maps/contrib/100755612424722360322/reviews?hl=zh-TW
阿誠牛肉湯,Joyce Liang,在地嚮導 · 23 則評論 · 9 張相片,3 年前,5 顆星,過中午時間想喝牛肉湯，好不容易找到還有營業的阿誠，一吃驚豔，牛肉湯分量超大，牛肉軟嫩，湯夠味不腥，肉燥飯也十分美味！又找到一家好店！,https://www.google.com/maps/contrib/100625568174065271746/reviews?hl=zh-TW
阿誠牛肉湯,James Chou,在地嚮導 · 153 則評論 · 359 張相片,3 年前,5 顆星,在地朋友推薦，果然好吃！,https://www.google.com/maps/contrib/115941906758325955761/reviews?hl=zh-TW
阿誠牛肉湯,程翊珺,在地嚮導 · 96 則評論 · 234 張相片,3 年前,4 顆星,"大碗牛肉湯端上來有嚇到
真的超級大
這家CP值很高",https://www.google.com/maps/contrib/102246726641169836551/reviews?hl=zh-TW
阿誠牛肉湯,依賴,在地嚮導 · 276 則評論 · 750 張相片,3 年前,5 顆星,牛舌湯份量給超級多，比吃燒烤還要超值、牛肉湯的肉片整塊紋路也美呆，湯頭屬於清淡ㄧ點的路線，牛肉湯本來就是要喝鮮甜原味。湯本來就無敵大碗老闆還說湯不夠可以在加🤣。炒青菜是高麗菜，蒜頭給的不少，現炒香氣很夠量又是驚人的一份❤️ …,https://www.google.com/maps/contrib/118118647049304047048/reviews?hl=zh-TW
阿誠牛肉湯,長陞標線長陞標線,在地嚮導 · 8 則評論 · 44 張相片,3 年前,5 顆星,,https://www.google.com/maps/contrib/104216624829479055612/reviews?hl=zh-TW
阿誠牛肉湯,周MuMu,在地嚮導 · 166 則評論 · 71 張相片,3 年前,5 顆星,"牛肉鮮嫩可口好吃，極品推薦👍🏽👍🏽
湯頭甘甜美味
大碗又超值 …",https://www.google.com/maps/contrib/110221124006089416956/reviews?hl=zh-TW
阿誠牛肉湯,李小蛙,在地嚮導 · 57 則評論 · 267 張相片,3 年前,5 顆星,"料理好吃
CP值超高",https://www.google.com/maps/contrib/101624787969378026378/reviews?hl=zh-TW
阿誠牛肉湯,連翊珹,在地嚮導 · 95 則評論 · 46 張相片,3 年前,5 顆星,這種上等牛肉都被你們這樣賤賣！讓不讓人活啊？吃你們一次以後離開台南都不用吃飯了是不是？,https://www.google.com/maps/contrib/103535074250314247309/reviews?hl=zh-TW
阿誠牛肉湯,Celia,"在地嚮導 · 484 則評論 · 4,133 張相片",3 年前,5 顆星,"超推大家來吃！！超級愛店！超好吃，價格超級划算
牛肉湯超好喝會回甘！！

肉肝湯真材實料、一碗超大碗牛肉麵只要85元！我們還要跟老闆說麵少， 不然那個量真的很可怕😂🤣🤣

老闆娘和員工親切大方❤️❤️❤️",https://www.google.com/maps/contrib/109389174806038259274/reviews?hl=zh-TW
阿誠牛肉湯,RyanYang,在地嚮導 · 197 則評論 · 155 張相片,3 年前,5 顆星,"這次只買牛肉湯
好喝",https://www.google.com/maps/contrib/114980356081575307810/reviews?hl=zh-TW
阿誠牛肉湯,L L,"在地嚮導 · 453 則評論 · 1,322 張相片",3 年前,4 顆星,牛肉多到滿出來，價格實惠110幾乎在外面吃不到,https://www.google.com/maps/contrib/100975524748270697493/reviews?hl=zh-TW
阿誠牛肉湯,阿琳琳,5 則評論,3 年前,5 顆星,"老闆、老闆娘很熱情，餐點cp值很高
值得推薦👏 …",https://www.google.com/maps/contrib/110060542474583230635/reviews?hl=zh-TW
阿誠牛肉湯,chen yi,10 則評論 · 2 張相片,3 年前,5 顆星,,https://www.google.com/maps/contrib/112919445614670980703/reviews?hl=zh-TW
阿誠牛肉湯,Cheng vicky,15 則評論 · 9 張相片,3 年前,5 顆星,"飯店住附近 看google map找最高分的
果然評價是對的！！
牛肉湯大碗肉也好吃 燙青菜分量沒看過這麼多的
超級推薦👍👍 …",https://www.google.com/maps/contrib/110248789959058817994/reviews?hl=zh-TW
阿誠牛肉湯,Cheng-Yu Lu,在地嚮導 · 57 則評論 · 36 張相片,3 年前,5 顆星,好吃又實在！,https://www.google.com/maps/contrib/109423449257462833747/reviews?hl=zh-TW
阿誠牛肉湯,志強張,在地嚮導 · 73 則評論 · 22 張相片,3 年前,3 顆星,,https://www.google.com/maps/contrib/112052407821028172383/reviews?hl=zh-TW
阿誠牛肉湯,lanawu wu,在地嚮導 · 46 則評論 · 52 張相片,3 年前,5 顆星,"CP值很高，種類豐富好吃，老闆很親切，還會送好喝的清湯。
這裡搬到武聖夜市旁邊，繼續支持！
家人最愛牛肉麵、香爆牛腩筋、打拋豬肉麵",https://www.google.com/maps/contrib/113410588279669649803/reviews?hl=zh-TW
阿誠牛肉湯,Silver,在地嚮導 · 52 則評論 · 16 張相片,3 年前,4 顆星,,https://www.google.com/maps/contrib/100354916838597696889/reviews?hl=zh-TW
阿誠牛肉湯,王妮可,4 則評論,3 年前,4 顆星,食物好吃又大份，cp值超高,https://www.google.com/maps/contrib/115061101893200679445/reviews?hl=zh-TW
阿誠牛肉湯,許智偉,"在地嚮導 · 989 則評論 · 14,811 張相片",3 年前,4 顆星,大碗 料多,https://www.google.com/maps/contrib/108305913610884012557/reviews?hl=zh-TW
阿誠牛肉湯,Hung-Pin Chou,在地嚮導 · 19 則評論 · 671 張相片,3 年前,5 顆星,,https://www.google.com/maps/contrib/118024932391986819553/reviews?hl=zh-TW
阿誠牛肉湯,陳映廷,5 則評論 · 9 張相片,3 年前,5 顆星,"食物5/5: 非常推薦牛舌湯以及牛肉乾麵，牛肉湯也是我目前吃過最好吃的。
服務5/5: 老闆超熱心，特地來跟我們推薦怎麼樣點剛剛好不會太多，點什麼是他們招牌。",https://www.google.com/maps/contrib/109276930500892130189/reviews?hl=zh-TW
阿誠牛肉湯,Beryl,9 則評論 · 4 張相片,3 年前,5 顆星,"大推牛舌湯 牛肉湯麵 牛肉湯 目前吃到最好吃的一家！
老闆老闆娘也人非常好！ 下次一定會再來！",https://www.google.com/maps/contrib/102291238112971486575/reviews?hl=zh-TW
阿誠牛肉湯,芸,在地嚮導 · 19 則評論 · 3 張相片,3 年前,5 顆星,非常推薦牛舌湯，CP值很高👍 …,https://www.google.com/maps/contrib/111843734913242662396/reviews?hl=zh-TW
阿誠牛肉湯,Syuan J,在地嚮導 · 354 則評論 · 176 張相片,3 年前,5 顆星,"大大推薦愛牛舌的各位點牛舌湯
湯頭既清爽又渾厚
牛舌份量也給的大方",https://www.google.com/maps/contrib/108378608671014711868/reviews?hl=zh-TW
阿誠牛肉湯,周珈亦,在地嚮導 · 50 則評論 · 29 張相片,3 年前,5 顆星,"第一次去，因為不想吃飯，就詢問老闆能不能幫我牛舌湯加冬粉，老闆娘不僅加了好多冬粉好多青菜，結果竟然只算我湯的錢😭😭怎麼可以這樣（感動到不想回台北了啦）

By the way 牛舌沾玫瑰鹽超提甜味👍 …",https://www.google.com/maps/contrib/107411135530274784008/reviews?hl=zh-TW
阿誠牛肉湯,chia-chi Chang,在地嚮導 · 12 則評論 · 4 張相片,3 年前,5 顆星,"CP值超高的牛肉湯店
第一訪超級喜歡 …",https://www.google.com/maps/contrib/106462495440758387347/reviews?hl=zh-TW
阿誠牛肉湯,吳振銘,在地嚮導 · 38 則評論 · 1 張相片,3 年前,5 顆星,好吃,https://www.google.com/maps/contrib/103233984855520162773/reviews?hl=zh-TW
阿誠牛肉湯,ANCY N,在地嚮導 · 63 則評論 · 57 張相片,3 年前,5 顆星,"老闆很客氣
湯頭不錯👍肉也好好吃
跟外面賣的牛肉湯部位不一樣
但別有一番風味
湯還可以續😽😽😽",https://www.google.com/maps/contrib/106411624436858468527/reviews?hl=zh-TW
阿誠牛肉湯,鄂小喵,7 則評論 · 1 張相片,3 年前,5 顆星,超佛心的，便宜大碗又好吃～,https://www.google.com/maps/contrib/106490465732488059818/reviews?hl=zh-TW
阿誠牛肉湯,Morgan Wu,"在地嚮導 · 48 則評論 · 1,792 張相片",3 年前,5 顆星,,https://www.google.com/maps/contrib/117497507664145930110/reviews?hl=zh-TW
阿誠牛肉湯,Nancy Cat,15 則評論 · 2 張相片,3 年前,5 顆星,"牛肉湯湯頭很棒
Cp值高
老闆娘親切熱情
推薦大家一定要來喔",https://www.google.com/maps/contrib/116464866863282599406/reviews?hl=zh-TW
阿誠牛肉湯,shih min Lin,在地嚮導 · 35 則評論 · 5 張相片,3 年前,5 顆星,,https://www.google.com/maps/contrib/115129491727417633947/reviews?hl=zh-TW
阿誠牛肉湯,鍾佳展,在地嚮導 · 18 則評論 · 38 張相片,3 年前,5 顆星,"超高CP值的牛舌湯🤩
牛舌鮮嫩有嚼勁！湯頭鮮美又清爽～
闆娘滿滿台南人的熱情❤️
來台南必吃啊！ …",https://www.google.com/maps/contrib/118252109744776517883/reviews?hl=zh-TW
阿誠牛肉湯,洪建豐,在地嚮導 · 40 則評論 · 1 張相片,3 年前,5 顆星,好吃，料多女生可能吃不完，重點是便宜,https://www.google.com/maps/contrib/110074063897202384168/reviews?hl=zh-TW
阿誠牛肉湯,翁嗡嗡,在地嚮導 · 216 則評論 · 729 張相片,3 年前,5 顆星,"🧝🏻牛舌湯：150元。牛舌份量還可以哦～牛舌肉質很軟，也很鮮，湯頭牛肉味十足，牛舌沾沙茶好吃。
👉星期一有營業到下午3點
👉老闆娘很親切😊
110.11.15 …",https://www.google.com/maps/contrib/112628788019518258118/reviews?hl=zh-TW
阿誠牛肉湯,Thomas (4D班長),在地嚮導 · 53 則評論 · 368 張相片,3 年前,4 顆星,麻辣牛雜好吃,https://www.google.com/maps/contrib/116149367548005792611/reviews?hl=zh-TW
阿誠牛肉湯,曾元亨,在地嚮導 · 13 則評論 · 881 張相片,3 年前,5 顆星,,https://www.google.com/maps/contrib/109216741778269092421/reviews?hl=zh-TW
阿誠牛肉湯,William (歐巴弘),在地嚮導 · 173 則評論 · 158 張相片,3 年前,5 顆星,,https://www.google.com/maps/contrib/103912194683882462686/reviews?hl=zh-TW
阿誠牛肉湯,星星佳,在地嚮導 · 54 則評論 · 10 張相片,3 年前,5 顆星,CP值超高,https://www.google.com/maps/contrib/110824329065737098771/reviews?hl=zh-TW
阿誠牛肉湯,J,在地嚮導 · 29 則評論 · 16 張相片,3 年前,5 顆星,超厲害的牛肉 牛舌湯  讚讚讚  讓人驚艷,https://www.google.com/maps/contrib/100693241259005164697/reviews?hl=zh-TW
阿誠牛肉湯,Dylan Hsaio,在地嚮導 · 196 則評論 · 7 張相片,3 年前,4 顆星,服務態度很棒，東西也很物美價廉,https://www.google.com/maps/contrib/111912623348396141552/reviews?hl=zh-TW
阿誠牛肉湯,Shen Wang,5 則評論 · 1 張相片,3 年前,5 顆星,,https://www.google.com/maps/contrib/107148063570840538218/reviews?hl=zh-TW
阿誠牛肉湯,林育姍,6 則評論 · 3 張相片,3 年前,5 顆星,紅燒牛肉麵，原味無骨牛小排，炒牛舌超好吃、份量超多,https://www.google.com/maps/contrib/111450924251839233607/reviews?hl=zh-TW
阿誠牛肉湯,許長渝,在地嚮導 · 23 則評論 · 5 張相片,3 年前,5 顆星,"我以為我在跟牛喇舌
又軟又嫩
牛舌湯 我願稱他天下第一",https://www.google.com/maps/contrib/103946023401407327416/reviews?hl=zh-TW
阿誠牛肉湯,許來福,在地嚮導 · 111 則評論 · 41 張相片,3 年前,3 顆星,好吃口袋名單的好地方,https://www.google.com/maps/contrib/103613613471050892748/reviews?hl=zh-TW
阿誠牛肉湯,吳天笢,8 則評論 · 4 張相片,3 年前,5 顆星,,https://www.google.com/maps/contrib/106316710695492256061/reviews?hl=zh-TW
阿誠牛肉湯,Steve Chen,10 則評論 · 15 張相片,3 年前,5 顆星,麵超級大碗，給肉大方不手軟，牛肉湯的肉片是安平運河一帶的店家的兩倍，又便宜，牛肉炒飯料很多，道地台南口味，cp值高。,https://www.google.com/maps/contrib/103510167100899878525/reviews?hl=zh-TW
阿誠牛肉湯,peach mini,在地嚮導 · 17 則評論 · 10 張相片,3 年前,5 顆星,推牛舌湯好好喝，肉很Q彈，牛肉湯又是不同的味道👍🏻 …,https://www.google.com/maps/contrib/105821084247365205144/reviews?hl=zh-TW
阿誠牛肉湯,陳小姐,,3 年前,5 顆星,,https://www.google.com/maps/contrib/101304071937842647480/reviews?hl=zh-TW
阿誠牛肉湯,C,在地嚮導 · 59 則評論 · 184 張相片,3 年前,5 顆星,"牛舌湯超強～要不是因為趕車，肯定還想再來喝一次！
牛舌軟嫩不柴，厚度恰到好處，湯也很鮮甜，不知不覺就喝光光了😋
肉臊飯口味偏甜，北部人可能不太習慣。

老闆娘超級熱情可愛，結帳時只和我們收了整數金額，雖然不很多，但是感覺就超棒的👍🏼

之後來台南或是朋友去台南一定會推薦！",https://www.google.com/maps/contrib/112566881482850978113/reviews?hl=zh-TW
阿誠牛肉湯,鄭運珈,17 則評論 · 3 張相片,3 年前,5 顆星,"牛肉湯超好喝，還可以加湯
老闆娘人很親切",https://www.google.com/maps/contrib/117674093024038009635/reviews?hl=zh-TW
阿誠牛肉湯,hua hua,在地嚮導 · 119 則評論 · 72 張相片,3 年前,5 顆星,料好實在，老闆十分熱情,https://www.google.com/maps/contrib/117860828388509148429/reviews?hl=zh-TW
阿誠牛肉湯,Wei Terry,在地嚮導 · 122 則評論 · 95 張相片,3 年前,5 顆星,記點!!!,https://www.google.com/maps/contrib/108134337255038370597/reviews?hl=zh-TW
阿誠牛肉湯,大詮周,在地嚮導 · 52 則評論 · 133 張相片,3 年前,4 顆星,"今天點肝肉湯，料蠻多的
湯還算清爽，對本人而言不喜歡但也不算討厭，算是中上左右",https://www.google.com/maps/contrib/113332673121231360687/reviews?hl=zh-TW
阿誠牛肉湯,timmy kuo,在地嚮導 · 223 則評論 · 298 張相片,3 年前,4 顆星,老闆娘招呼熱情，牛肉給的大方，湯可以再加，肉燥飯特別好吃，有獨特的香氣，可以另外點一荷包蛋，將蛋汁攪飯更是一絕,https://www.google.com/maps/contrib/113055052362074446205/reviews?hl=zh-TW
阿誠牛肉湯,洪偉哲,在地嚮導 · 147 則評論 · 144 張相片,3 年前,5 顆星,"今天去吃，超好吃
點了一船的牛肉，有菜有滷肉飯有湯
每一樣都很好吃
價格也很親民
老闆服務也很熱情
滿分奉上！",https://www.google.com/maps/contrib/107281267587398717435/reviews?hl=zh-TW
阿誠牛肉湯,郭雪卿,1 則評論 · 2 張相片,3 年前,5 顆星,,https://www.google.com/maps/contrib/102002784058501188806/reviews?hl=zh-TW
阿誠牛肉湯,蔡昕翰,8 則評論 · 2 張相片,3 年前,5 顆星,Cp值高，口味棒,https://www.google.com/maps/contrib/105942695957158240995/reviews?hl=zh-TW
阿誠牛肉湯,吳芸,在地嚮導 · 25 則評論 · 16 張相片,3 年前,5 顆星,"牛肉湯很大碗！老闆很親切 還可以免費續湯！
很讚",https://www.google.com/maps/contrib/100493274673820823595/reviews?hl=zh-TW
阿誠牛肉湯,Evelyn Chen,在地嚮導 · 148 則評論 · 102 張相片,3 年前,5 顆星,"原來要去吃排隊名店文X牛肉
但人太多評價二極
在夜市旁找到這件在地老店

湯也太大碗了！可以免費續湯
老闆很客氣很親切
東西好吃，這次沒吃到牛舌湯可惜😆下次會再來",https://www.google.com/maps/contrib/102151783131400990449/reviews?hl=zh-TW
阿誠牛肉湯,林汶蒨,"在地嚮導 · 1,008 則評論 · 2,449 張相片",3 年前,5 顆星,牛舌湯非常好食 份量大,https://www.google.com/maps/contrib/114963404639134551007/reviews?hl=zh-TW
阿誠牛肉湯,張峯瑋,7 則評論 · 2 張相片,3 年前,5 顆星,,https://www.google.com/maps/contrib/102688846381666763022/reviews?hl=zh-TW
阿誠牛肉湯,77,在地嚮導 · 40 則評論 · 15 張相片,3 年前,5 顆星,"好吃😋牛肉麵、煎牛排、牛肉湯都好好吃
老闆娘很熱情，衛生也不錯👍
動作也好快！ …",https://www.google.com/maps/contrib/103959684122541345735/reviews?hl=zh-TW
阿誠牛肉湯,陳雯宜,在地嚮導 · 3 則評論,3 年前,5 顆星,,https://www.google.com/maps/contrib/111719015370822611064/reviews?hl=zh-TW
阿誠牛肉湯,蔡佳珍,"在地嚮導 · 122 則評論 · 2,791 張相片",3 年前,5 顆星,,https://www.google.com/maps/contrib/107153189138378956336/reviews?hl=zh-TW
阿誠牛肉湯,許鶴籌,在地嚮導 · 76 則評論 · 52 張相片,3 年前,4 顆星,好吃，CP值高，店員指甲太長，會碰到食物,https://www.google.com/maps/contrib/114171365077423310085/reviews?hl=zh-TW
阿誠牛肉湯,韓吉,"在地嚮導 · 476 則評論 · 3,056 張相片",3 年前,5 顆星,在地人的牛肉湯,https://www.google.com/maps/contrib/104683494408458784885/reviews?hl=zh-TW
阿誠牛肉湯,林林,在地嚮導 · 198 則評論 · 882 張相片,3 年前,5 顆星,便宜好吃,https://www.google.com/maps/contrib/101614647957204408012/reviews?hl=zh-TW
阿誠牛肉湯,Kenny Lin,在地嚮導 · 81 則評論 · 100 張相片,4 年前,5 顆星,"原本要吃附近的阿寶但打烊了，
來這邊也是令人驚艷，
肉燥飯跟牛肉湯都好好吃~
下午只開到三點，我們剛好三點來~
還好老闆娘還是讓我們進去~
錯過這間真的可惜~",https://www.google.com/maps/contrib/108976847325168005446/reviews?hl=zh-TW
阿誠牛肉湯,aaoeve tai,在地嚮導 · 1 則評論 · 498 張相片,4 年前,5 顆星,,https://www.google.com/maps/contrib/104975037591343886691/reviews?hl=zh-TW
阿誠牛肉湯,yu Fu,"在地嚮導 · 313 則評論 · 1,348 張相片",4 年前,5 顆星,老闆一直阻止......真的很大碗吃不完,https://www.google.com/maps/contrib/103322249458686571022/reviews?hl=zh-TW
阿誠牛肉湯,阿彣,在地嚮導 · 33 則評論 · 6 張相片,4 年前,5 顆星,料好實在！物超所值！,https://www.google.com/maps/contrib/111790493099306066781/reviews?hl=zh-TW
阿誠牛肉湯,陳威廷,在地嚮導 · 98 則評論 · 126 張相片,4 年前,5 顆星,"好吃又便宜大碗
舒服",https://www.google.com/maps/contrib/104766602379971009062/reviews?hl=zh-TW
阿誠牛肉湯,TingYu Lin,在地嚮導 · 110 則評論 · 39 張相片,4 年前,5 顆星,"⭐紅燒牛肉麵
牛肉燉的非常嫩，湯頭風味豐富，麵條也非常順口。
份量不小，食量一般的女生可以兩個人吃一碗，再點些其他的菜~
老闆很親切，內用空間小但很乾淨。",https://www.google.com/maps/contrib/101247896016291941950/reviews?hl=zh-TW
阿誠牛肉湯,鍾平貴,4 則評論 · 4 張相片,4 年前,5 顆星,料多好吃，又便宜，真是物美價廉，物超所值。老闆人親切，熱心。值得推薦,https://www.google.com/maps/contrib/100056415797285735902/reviews?hl=zh-TW
阿誠牛肉湯,咩咩旻,在地嚮導 · 35 則評論 · 48 張相片,4 年前,5 顆星,"一行人找了附近最近的牛肉湯店
誤打誤撞進來發現評價很高耶🤩lucky

牛肉湯第一口覺得有點鹹
但越喝越好喝～牛肉也多❤️湯可以免費續加
燙青菜跟牛肉炒青菜也好吃😋
還有肉燥飯滿驚豔的
肉汁很多～整碗拌下來不會有吃白飯的感覺👍🏻好吃

老闆跟老闆娘也很熱情😄服務態度🏆",https://www.google.com/maps/contrib/105246456618283987530/reviews?hl=zh-TW
阿誠牛肉湯,陳雪琴,30 則評論 · 3 張相片,4 年前,5 顆星,好吃 老闆娘又好  餐點肉又多 又便宜,https://www.google.com/maps/contrib/114379520825336112597/reviews?hl=zh-TW
阿誠牛肉湯,辛文山,在地嚮導 · 15 則評論 · 3 張相片,4 年前,5 顆星,,https://www.google.com/maps/contrib/107513049389106510734/reviews?hl=zh-TW
阿誠牛肉湯,Chang hsiang Lin,在地嚮導 · 11 則評論 · 1 張相片,4 年前,5 顆星,,https://www.google.com/maps/contrib/118370969557273391234/reviews?hl=zh-TW
阿誠牛肉湯,金屬製品金屬製品,4 則評論,4 年前,4 顆星,便宜大碗,https://www.google.com/maps/contrib/116537987059567008121/reviews?hl=zh-TW
阿誠牛肉湯,Jason Chiu,在地嚮導 · 39 則評論 · 197 張相片,4 年前,5 顆星,"好吃好喝，每年都要回訪！
從學生吃到畢業👍 …",https://www.google.com/maps/contrib/117945087584772207864/reviews?hl=zh-TW
阿誠牛肉湯,Richeal R,"在地嚮導 · 1,162 則評論 · 4,847 張相片",4 年前,5 顆星,"高麗菜軟軟的個人不愛，
牛舌湯、炒牛腩筋好吃，份量十足而且可以續湯。",https://www.google.com/maps/contrib/116968550357123755345/reviews?hl=zh-TW
阿誠牛肉湯,穆暄愷樂,在地嚮導 · 49 則評論 · 151 張相片,4 年前,5 顆星,"牛肉切超厚，口感好還不會過老；份量蠻多，牛肝也是厚片，肉燥飯不會鹹，肥嫩肥嫩吃了還想再來一碗！
老闆娘態度親切熱情，很推薦喔！",https://www.google.com/maps/contrib/102887386543975675850/reviews?hl=zh-TW
阿誠牛肉湯,197610222,69 則評論 · 2 張相片,4 年前,5 顆星,便宜又大碗,https://www.google.com/maps/contrib/117001905417067569304/reviews?hl=zh-TW
阿誠牛肉湯,Znkeo Hsu,在地嚮導 · 142 則評論 · 10 張相片,4 年前,5 顆星,好吃不貴量多，老闆親切，值得再來！,https://www.google.com/maps/contrib/100984096950480879515/reviews?hl=zh-TW
阿誠牛肉湯,莊美香,36 則評論 · 73 張相片,4 年前,4 顆星,,https://www.google.com/maps/contrib/113702683439788502752/reviews?hl=zh-TW
阿誠牛肉湯,刺貓,在地嚮導 · 23 則評論 · 28 張相片,4 年前,5 顆星,牛肉好吃，湯好喝，肉是全熟的，怕血的可以來這邊喔~,https://www.google.com/maps/contrib/109014138977364787560/reviews?hl=zh-TW
阿誠牛肉湯,Kim Lin,12 則評論 · 2 張相片,4 年前,5 顆星,,https://www.google.com/maps/contrib/101916122412588765547/reviews?hl=zh-TW
阿誠牛肉湯,Mike Lee,"在地嚮導 · 6 則評論 · 1,511 張相片",4 年前,5 顆星,,https://www.google.com/maps/contrib/107354007754379812905/reviews?hl=zh-TW
阿誠牛肉湯,yy55ity,在地嚮導 · 105 則評論 · 6 張相片,4 年前,4 顆星,"就在武聖夜市旁，ㄧ碗紅燒牛肉麵只要80元,大碗100元，食量不是很大千萬不要點大碗，撲滿大碗口的牛肉是驚人多,麵份量大,會吃不完！只是他的是紅燒蕃茄牛肉麵不太適合我都口味，他清燉的沒吃過，但真的便宜又大碗！",https://www.google.com/maps/contrib/100836699696955364768/reviews?hl=zh-TW
阿誠牛肉湯,方韻雯,在地嚮導 · 16 則評論 · 5 張相片,4 年前,5 顆星,"牛舌湯超好喝
非常鮮甜肉質也很軟嫩
而且老闆還說不夠可以再加湯！",https://www.google.com/maps/contrib/100772841565843196066/reviews?hl=zh-TW
阿誠牛肉湯,范虹盈,5 則評論 · 2 張相片,4 年前,5 顆星,"牛肉湯超好喝，又大碗，肉又多
牛小排超好吃
幸福阿~~",https://www.google.com/maps/contrib/103611383445525173414/reviews?hl=zh-TW
阿誠牛肉湯,Chia-Hsiang Li,4 則評論,4 年前,5 顆星,老闆娘人很好,https://www.google.com/maps/contrib/117219136862156610204/reviews?hl=zh-TW
阿誠牛肉湯,Fang Chen,在地嚮導 · 153 則評論 · 200 張相片,4 年前,5 顆星,俗擱大碗的牛肉湯，肉質好嫩，個人是吃不出騷味，店家生意很好，待客一樣親切,https://www.google.com/maps/contrib/111293070715715429921/reviews?hl=zh-TW
阿誠牛肉湯,蘇水水,3 則評論,4 年前,5 顆星,原來搬家了！之前在金華路跟民族路那邊，後來過去看到開新店想說怎麼不見了，太好了！,https://www.google.com/maps/contrib/103243833354320908321/reviews?hl=zh-TW
阿誠牛肉湯,酪梨 Roni,"在地嚮導 · 444 則評論 · 1,705 張相片",4 年前,5 顆星,"料多實在！真謂福音廚房
不論紅燒或清燙湯頭，都令人食指大動☝🏻
#紅燒牛肉麵(大) 100 …",https://www.google.com/maps/contrib/111048559852511036245/reviews?hl=zh-TW
阿誠牛肉湯,蔡康榮,"在地嚮導 · 1,216 則評論 · 5,164 張相片",4 年前,5 顆星,"肉燥飯很入味

燙高麗菜很大一盤

蔥蛋不油不膩，煎得恰到好處

高CP值牛肝肉雙補湯，料多大碗且湯頭鮮甜👍",https://www.google.com/maps/contrib/108527888741978318072/reviews?hl=zh-TW
阿誠牛肉湯,Elisha Hsu,在地嚮導 · 87 則評論 · 49 張相片,4 年前,5 顆星,肉品新鮮好吃又大碗，老板熱情親切，菜單上什麼都便宜好吃，我們家每週會來1-3次。,https://www.google.com/maps/contrib/110740451426999926394/reviews?hl=zh-TW
阿誠牛肉湯,Yolanda,在地嚮導 · 88 則評論 · 1 張相片,4 年前,5 顆星,❤️,https://www.google.com/maps/contrib/103576327194142498125/reviews?hl=zh-TW
阿誠牛肉湯,西西,在地嚮導 · 37 則評論 · 34 張相片,4 年前,4 顆星,"建議感覺點牛舌湯比較好，牛肉湯感覺是肉片湯（？），肉蠻不錯的但像別人說的真的有一點點騷，湯也不錯喝又大一碗
整體就是蠻有家常味的一間店
有那種回到家吃東西的溫馨感",https://www.google.com/maps/contrib/104153984820506937420/reviews?hl=zh-TW
阿誠牛肉湯,HSIN-HSIN TENG,在地嚮導 · 9 則評論 · 45 張相片,4 年前,5 顆星,這個價格，真的便宜又大碗。一張國父孫中山，即可享受到他的大碗牛肉麵......👍👍👍 …,https://www.google.com/maps/contrib/101229107216432286682/reviews?hl=zh-TW
阿誠牛肉湯,有為青年,在地嚮導 · 162 則評論 · 382 張相片,4 年前,5 顆星,"從外地第一次來有點迷路，原來在轉角處，一進去迎面而來的是非常風趣熱情的闆娘招呼，老闆也非常老實客氣，光服務就一百分沒話說💯

老闆一家是虔誠的基督徒，很多人客似乎也是教友，水準也非常高，客氣相待，很難想像這樣的牛肉湯店竟然來店客素質都如此與眾不同。

連廁所的垃圾桶內，看上去就知道人客的衛生素質有多高⋯

回歸話題，如其他人所說，CP值高，份量真的比其他家多⋯尤其是牛肉湯！這次真的吃到好撐，一定會帶朋友來吃！",https://www.google.com/maps/contrib/106376789908165130077/reviews?hl=zh-TW
阿誠牛肉湯,日子還是要過,在地嚮導 · 101 則評論,4 年前,5 顆星,c/p值高 便宜美味大碗 服務親切 生意很好,https://www.google.com/maps/contrib/100666280202096206942/reviews?hl=zh-TW
阿誠牛肉湯,林采妮,在地嚮導 · 22 則評論 · 12 張相片,4 年前,5 顆星,蠻喜歡的一家店~便宜到有點不可思議，但重點是，他真的蠻好吃的！尤其是牛肉湯跟炒青菜，是食物的鮮甜味！,https://www.google.com/maps/contrib/102456838131865674432/reviews?hl=zh-TW
阿誠牛肉湯,陳誠民,8 則評論,4 年前,5 顆星,,https://www.google.com/maps/contrib/114973164283969607765/reviews?hl=zh-TW
阿誠牛肉湯,Fish yukuo,在地嚮導 · 85 則評論 · 845 張相片,4 年前,5 顆星,"吃一次就愛上了，那欸安內
助手我的菜，誤",https://www.google.com/maps/contrib/104637365839707287462/reviews?hl=zh-TW
阿誠牛肉湯,林知潁,"在地嚮導 · 545 則評論 · 1,860 張相片",4 年前,5 顆星,超大一碗才100，味道和其他間比較不一樣,https://www.google.com/maps/contrib/102943456984331407131/reviews?hl=zh-TW
阿誠牛肉湯,宋貓,在地嚮導 · 43 則評論 · 74 張相片,4 年前,5 顆星,超便宜又美味！肉給的很多，味道清爽，後悔沒早點來吃，老闆跟老闆娘親切又熱心，只能怪自己食量不夠大只吃一碗麵就飽了啊！,https://www.google.com/maps/contrib/106529375147969004567/reviews?hl=zh-TW
阿誠牛肉湯,威凱邱,在地嚮導 · 25 則評論 · 42 張相片,4 年前,4 顆星,"100元就可以喝到這麼大碗的牛肉湯,料多實在真的是便宜又大碗,而且還可以續湯！
肉燥飯也滿好吃的。",https://www.google.com/maps/contrib/114685723837686310105/reviews?hl=zh-TW
阿誠牛肉湯,吳政彥,16 則評論,4 年前,5 顆星,"好吃美味
用料實在",https://www.google.com/maps/contrib/113402113458623322041/reviews?hl=zh-TW
阿誠牛肉湯,Fen Li,在地嚮導 · 93 則評論,4 年前,5 顆星,"(打拋豬肉麵)和(牛肉麵)都太好吃了~
每次只要上班累到不行的時候.....
來這裡吃碗麵~馬上就會精神滿滿!!元氣十足!!
老闆甚至還會送你牛肉清湯~
這麼佛心的店家,真是太少見了",https://www.google.com/maps/contrib/106540213517592565880/reviews?hl=zh-TW
阿誠牛肉湯,Wu Rita,18 則評論 · 1 張相片,4 年前,5 顆星,,https://www.google.com/maps/contrib/110877791631301966715/reviews?hl=zh-TW
阿誠牛肉湯,CI,在地嚮導 · 24 則評論 · 15 張相片,4 年前,5 顆星,"吃了這家店五六年
吃遍台南這麼多牛肉湯店
還是這家最對味
感謝老闆娘每次都熱情招待熟客❤️",https://www.google.com/maps/contrib/110511941521804472450/reviews?hl=zh-TW
阿誠牛肉湯,楊政基,在地嚮導 · 30 則評論 · 14 張相片,4 年前,5 顆星,好吃 便宜 每次來都撐著回去,https://www.google.com/maps/contrib/109956315306090267016/reviews?hl=zh-TW
阿誠牛肉湯,C,在地嚮導 · 261 則評論 · 643 張相片,4 年前,5 顆星,量多美味,https://www.google.com/maps/contrib/105435352860234680236/reviews?hl=zh-TW
阿誠牛肉湯,黃士軒,在地嚮導 · 3 則評論 · 1 張相片,4 年前,5 顆星,,https://www.google.com/maps/contrib/108456276417957846043/reviews?hl=zh-TW
阿誠牛肉湯,羅瑪羅瑪,在地嚮導 · 7 則評論 · 10 張相片,4 年前,4 顆星,,https://www.google.com/maps/contrib/102121224667759797206/reviews?hl=zh-TW
阿誠牛肉湯,YJ Lin,在地嚮導 · 122 則評論 · 40 張相片,4 年前,5 顆星,個人吃過CP值最高的牛肉湯/牛肉麵店，喜歡牛舌的人一定要點牛舌湯，牛舌多到讓人懷疑外面一盤動輒兩三百的店家，不會賺太多嗎？！,https://www.google.com/maps/contrib/117474520573697843766/reviews?hl=zh-TW
阿誠牛肉湯,Anpanman Tsai,在地嚮導 · 68 則評論 · 109 張相片,4 年前,4 顆星,牛肉很嫩，肉給得很足,https://www.google.com/maps/contrib/113091029713859475960/reviews?hl=zh-TW
阿誠牛肉湯,Yichen,"在地嚮導 · 850 則評論 · 5,145 張相片",4 年前,5 顆星,"聽朋友推薦很久了，終於來踩點。
只能說真是太晚來吃了，牛肉好嫩好好吃，榮登我心中第一名牛肉店～～",https://www.google.com/maps/contrib/103864770530623866085/reviews?hl=zh-TW
阿誠牛肉湯,周安國,"在地嚮導 · 407 則評論 · 3,938 張相片",4 年前,4 顆星,物美價廉,https://www.google.com/maps/contrib/112508394970963467715/reviews?hl=zh-TW
阿誠牛肉湯,Steven Li,在地嚮導 · 47 則評論 · 3 張相片,4 年前,5 顆星,好吃，老闆娘很開朗,https://www.google.com/maps/contrib/114828322968989438873/reviews?hl=zh-TW
阿誠牛肉湯,邱威閔,在地嚮導 · 30 則評論 · 6 張相片,4 年前,5 顆星,,https://www.google.com/maps/contrib/115253004790400201498/reviews?hl=zh-TW
阿誠牛肉湯,楊晴雯,在地嚮導 · 261 則評論 · 270 張相片,4 年前,5 顆星,好吃，推牛肉湯！,https://www.google.com/maps/contrib/108516637423731759194/reviews?hl=zh-TW
阿誠牛肉湯,吳昶逸,在地嚮導 · 29 則評論 · 55 張相片,4 年前,5 顆星,兩個人吃飽的要死才200多，湯有夠大，湯清肉好吃,https://www.google.com/maps/contrib/107630303950182304761/reviews?hl=zh-TW
阿誠牛肉湯,イワン（響音Xer）,在地嚮導 · 123 則評論 · 149 張相片,4 年前,5 顆星,"110元 大碗肝肉湯
真的太豐盛 相同價錢份量是其他間的2倍！

20元 肉燥飯
點了兩碗 因為很好吃

福音餐廳🍴 很溫馨 老闆人很好 大推！",https://www.google.com/maps/contrib/111445104863177249173/reviews?hl=zh-TW
阿誠牛肉湯,Eden,在地嚮導 · 21 則評論,4 年前,5 顆星,"牛肉湯非常的鮮甜,比起其他店大碗很多,cp值非常高",https://www.google.com/maps/contrib/116855434510174409992/reviews?hl=zh-TW
阿誠牛肉湯,Jin Wang,在地嚮導 · 188 則評論 · 534 張相片,4 年前,5 顆星,意外好吃⋯ 湯鮮甜牛肉嫩,https://www.google.com/maps/contrib/109181162446498776195/reviews?hl=zh-TW
阿誠牛肉湯,Allen Lai,"在地嚮導 · 1,633 則評論 · 7,975 張相片",4 年前,5 顆星,牛肉湯90元，很大一碗，湯頭醇厚好喝，牛肉份量不少也好吃，會想再訪的店家。,https://www.google.com/maps/contrib/111918288587820857270/reviews?hl=zh-TW
阿誠牛肉湯,蔡宗育,在地嚮導 · 28 則評論 · 46 張相片,4 年前,5 顆星,"非常便宜大碗的店
牛肉湯如果喜歡牛味夠濃的可以考慮
肉燥飯膠質多夠黏不錯吃",https://www.google.com/maps/contrib/105644850611424102321/reviews?hl=zh-TW
阿誠牛肉湯,姜婉茹,在地嚮導 · 20 則評論 · 42 張相片,4 年前,4 顆星,,https://www.google.com/maps/contrib/112133878343792675750/reviews?hl=zh-TW
阿誠牛肉湯,蔡萬金,"在地嚮導 · 514 則評論 · 4,781 張相片",4 年前,4 顆星,最早是在民族路上，現在又換地方到武聖夜市旁，牛肉麵就這樣的級數，這樣的價位，絕對是平價的牛肉麵，牛肉清湯也是讓人滿意，可是用餐環境變小，平面座位一樣擁擠，特點是還有甜點冰品。,https://www.google.com/maps/contrib/117424761227228079290/reviews?hl=zh-TW
阿誠牛肉湯,PHILIP LIANG,在地嚮導 · 163 則評論 · 81 張相片,4 年前,5 顆星,"就在武聖夜市旁，比起其他牛肉湯名店毫不遜色，大碗平價又美味，服務態度也很客氣。
我們經常夫妻兩個散步過去享用，點一碗大碗牛肉湯或牛肝湯、青菜炒牛肉，加上肉燥飯，就可以吃得飽足又滿意，值得推薦。",https://www.google.com/maps/contrib/108632413169820517940/reviews?hl=zh-TW
阿誠牛肉湯,VT,在地嚮導 · 21 則評論,4 年前,5 顆星,價格實惠，而且口味很棒很道地，值得再訪,https://www.google.com/maps/contrib/116653051149669628733/reviews?hl=zh-TW
阿誠牛肉湯,w ahuan,11 則評論 · 12 張相片,4 年前,5 顆星,選擇多樣又經濟實惠 食材佳,https://www.google.com/maps/contrib/112822646946827735333/reviews?hl=zh-TW
阿誠牛肉湯,郭東宜,3 則評論 · 4 張相片,4 年前,5 顆星,,https://www.google.com/maps/contrib/104969774875623470997/reviews?hl=zh-TW
阿誠牛肉湯,Penny Wang,在地嚮導 · 94 則評論 · 255 張相片,4 年前,5 顆星,牛肉好吃，價格實惠。,https://www.google.com/maps/contrib/113845034680469545469/reviews?hl=zh-TW
阿誠牛肉湯,DH Huang,"在地嚮導 · 179 則評論 · 10,559 張相片",4 年前,5 顆星,,https://www.google.com/maps/contrib/106705821348870325781/reviews?hl=zh-TW
阿誠牛肉湯,hsinting chang,8 則評論 · 2 張相片,4 年前,5 顆星,好好吃，真材實料的牛肉湯，推薦！,https://www.google.com/maps/contrib/104375749506495051308/reviews?hl=zh-TW
阿誠牛肉湯,Su,在地嚮導 · 436 則評論 · 2 張相片,4 年前,4 顆星,"牛肉麵讚
炒飯就不推",https://www.google.com/maps/contrib/117874097477818602069/reviews?hl=zh-TW
阿誠牛肉湯,Roseshow Lin,"在地嚮導 · 196 則評論 · 1,213 張相片",4 年前,5 顆星,"在台南生活的日子裡
最喜歡的牛肉湯⋯⋯
真的非常、非常想念 …",https://www.google.com/maps/contrib/100344155242361370375/reviews?hl=zh-TW
阿誠牛肉湯,柯盛文,在地嚮導 · 163 則評論 · 285 張相片,4 年前,5 顆星,好吃份量足,https://www.google.com/maps/contrib/111711548831298294515/reviews?hl=zh-TW
阿誠牛肉湯,鄭大龍,在地嚮導 · 12 則評論 · 9 張相片,4 年前,5 顆星,"牛肉湯，牛舌湯還有芒果雪花冰都超美味。
老闆娘人也超友善。",https://www.google.com/maps/contrib/104608972110774446778/reviews?hl=zh-TW
阿誠牛肉湯,Yuan,在地嚮導,4 年前,5 顆星,,https://www.google.com/maps/contrib/108106989748151099531/reviews?hl=zh-TW
阿誠牛肉湯,王秀玲,2 則評論 · 11 張相片,4 年前,5 顆星,,https://www.google.com/maps/contrib/117053231581808412076/reviews?hl=zh-TW
阿誠牛肉湯,方楷博,11 則評論 · 8 張相片,4 年前,5 顆星,,https://www.google.com/maps/contrib/102492572278577278979/reviews?hl=zh-TW
阿誠牛肉湯,Chen,在地嚮導 · 391 則評論 · 848 張相片,4 年前,5 顆星,"$100的牛肉麵麵量、肉量超多！！！
這間店太佛了，用新台幣支持到底！",https://www.google.com/maps/contrib/113824402595151421994/reviews?hl=zh-TW
阿誠牛肉湯,高王韋,在地嚮導 · 97 則評論 · 73 張相片,4 年前,4 顆星,"份量都很大；肉超多！
肉食超推！",https://www.google.com/maps/contrib/113133022843867351733/reviews?hl=zh-TW
阿誠牛肉湯,王熊,在地嚮導 · 347 則評論 · 578 張相片,4 年前,4 顆星,好吃的店，有點不太好找，牛小排非常的好吃，但是丼飯有點貴了(145$)不太值得，肉太鹹，滷牛雜很不錯值得吃。,https://www.google.com/maps/contrib/114233861154696892188/reviews?hl=zh-TW
阿誠牛肉湯,Tingyi Wu,在地嚮導 · 12 則評論 · 159 張相片,4 年前,5 顆星,,https://www.google.com/maps/contrib/115299273032678174278/reviews?hl=zh-TW
阿誠牛肉湯,Leslie Lin,6 則評論 · 2 張相片,4 年前,4 顆星,店家熱情，食物份量多又美味，經濟實惠，對孩子友善。值得再訪！,https://www.google.com/maps/contrib/107417913088590726873/reviews?hl=zh-TW
阿誠牛肉湯,郭宏,1 則評論 · 1 張相片,4 年前,5 顆星,味美量大又便宜，老闆娘又親切,https://www.google.com/maps/contrib/107163015907099213410/reviews?hl=zh-TW
阿誠牛肉湯,mori brian,在地嚮導 · 19 則評論 · 5 張相片,4 年前,5 顆星,好吃又實在👍 …,https://www.google.com/maps/contrib/105063557039694961367/reviews?hl=zh-TW
阿誠牛肉湯,Stan Wang,在地嚮導 · 12 則評論 · 90 張相片,4 年前,5 顆星,,https://www.google.com/maps/contrib/106072251631349275844/reviews?hl=zh-TW
阿誠牛肉湯,Sandy,在地嚮導 · 89 則評論 · 130 張相片,4 年前,5 顆星,各種餐點都很大份量，用料不手軟，友人覺得牛肉湯調味有點重,https://www.google.com/maps/contrib/117194919030777135740/reviews?hl=zh-TW
阿誠牛肉湯,松井翔,在地嚮導 · 90 則評論 · 26 張相片,4 年前,5 顆星,湯鮮味美肉大塊!!,https://www.google.com/maps/contrib/102983417029851829238/reviews?hl=zh-TW
阿誠牛肉湯,Albert Lin,在地嚮導 · 154 則評論 · 444 張相片,4 年前,5 顆星,"東西好吃份量大！！
牛小排就有附菜了，多到吃不完😂😂😂
相較其他家，這家cp值超高！ …",https://www.google.com/maps/contrib/118253929714582191362/reviews?hl=zh-TW
阿誠牛肉湯,莊國仁,在地嚮導 · 7 則評論 · 6 張相片,4 年前,5 顆星,,https://www.google.com/maps/contrib/104014324049971907060/reviews?hl=zh-TW
阿誠牛肉湯,施惠惇,在地嚮導 · 70 則評論 · 58 張相片,5 年前,5 顆星,"隱藏在住家內的超級好吃喝的牛肉湯，味道清甜非常推薦!!!
無骨牛小排也大推!!!份量很捨得給，便宜又好吃!!
老闆老闆娘人很客氣",https://www.google.com/maps/contrib/101676108564325635252/reviews?hl=zh-TW
阿誠牛肉湯,許雅玲,"33 則評論 · 1,455 張相片",5 年前,3 顆星,,https://www.google.com/maps/contrib/108233768171594193664/reviews?hl=zh-TW
阿誠牛肉湯,黃小六,在地嚮導 · 316 則評論 · 644 張相片,5 年前,5 顆星,人好價美好吃。一定要去吃。牛肉麵，牛小排，打拋豬肉麵。,https://www.google.com/maps/contrib/104356415961089649594/reviews?hl=zh-TW
阿誠牛肉湯,林友正Winson,"在地嚮導 · 863 則評論 · 2,284 張相片",5 年前,5 顆星,"東西好吃價格實惠
有別其他傳統的牛肉湯
還有許久特別的菜色",https://www.google.com/maps/contrib/106814202609442496649/reviews?hl=zh-TW
阿誠牛肉湯,Hsaio Chun Lin,在地嚮導 · 126 則評論 · 27 張相片,5 年前,5 顆星,物美價廉，滿足一餐的好選擇！,https://www.google.com/maps/contrib/102541150768247594662/reviews?hl=zh-TW
阿誠牛肉湯,kechung miao,在地嚮導 · 47 則評論 · 463 張相片,5 年前,5 顆星,這是我心目中，台南市地區CP值最高~高~高的牛肉湯餐館 ，湯純肉多又便宜，牛小排&肉燥飯必點，“蔥蛋”這道菜也是“佛心+感謝主”，分享完我又想安排出發了，反正每次經過台南市，是我繞路過去武聖夜市的唯一理由，不怕你踢館啦！😁😁😁 …,https://www.google.com/maps/contrib/116810356293090414519/reviews?hl=zh-TW
阿誠牛肉湯,王勇強,在地嚮導 · 528 則評論 · 240 張相片,5 年前,5 顆星,服務員很好，介紹的很清楚，力推。自助式服務。,https://www.google.com/maps/contrib/116987276274940876095/reviews?hl=zh-TW
阿誠牛肉湯,蕭宇評,在地嚮導 · 32 則評論 · 4 張相片,5 年前,5 顆星,牛肉湯好喝，料多實在，老闆娘也很親切，是在地吃牛肉湯的好去處!,https://www.google.com/maps/contrib/109801120574124074992/reviews?hl=zh-TW
阿誠牛肉湯,Andy Chen,在地嚮導 · 66 則評論 · 387 張相片,5 年前,5 顆星,,https://www.google.com/maps/contrib/103187379682844077858/reviews?hl=zh-TW
阿誠牛肉湯,蘇敏慧,在地嚮導 · 115 則評論,5 年前,3 顆星,大碗 實惠   坐二樓 要自助端餐，有自動送餐電梯，但是要起身自己去端。,https://www.google.com/maps/contrib/101961195118199334216/reviews?hl=zh-TW
阿誠牛肉湯,nien chin lin,在地嚮導 · 78 則評論 · 300 張相片,5 年前,5 顆星,好棒的牛肉湯。,https://www.google.com/maps/contrib/103404932815014575343/reviews?hl=zh-TW
阿誠牛肉湯,ping Ho,7 則評論 · 2 張相片,5 年前,5 顆星,,https://www.google.com/maps/contrib/111430398132978948511/reviews?hl=zh-TW
阿誠牛肉湯,hh,在地嚮導 · 578 則評論 · 224 張相片,5 年前,4 顆星,,https://www.google.com/maps/contrib/109824399316301518573/reviews?hl=zh-TW
阿誠牛肉湯,Chiao Ru (Ru),6 則評論 · 3 張相片,5 年前,5 顆星,,https://www.google.com/maps/contrib/104816592846714916098/reviews?hl=zh-TW
阿誠牛肉湯,Ray,在地嚮導 · 20 則評論 · 88 張相片,5 年前,5 顆星,老闆跟員工很親切，牛肉給很多、喜歡大吃牛肉的人可以去吃看看！CP值很高！,https://www.google.com/maps/contrib/101817527730931025261/reviews?hl=zh-TW
阿誠牛肉湯,王昱凱,在地嚮導 · 1 則評論 · 24 張相片,5 年前,5 顆星,,https://www.google.com/maps/contrib/103924013789432191556/reviews?hl=zh-TW
阿誠牛肉湯,lylis ma,3 則評論,5 年前,5 顆星,"牛肉麵超讚!  牛肉湯好喝!  來台南必吃!
店長親切又熱情，2020年繼續來當老主顧!",https://www.google.com/maps/contrib/102037072010987070195/reviews?hl=zh-TW
阿誠牛肉湯,のらねこ,257 則評論 · 235 張相片,5 年前,5 顆星,"我點了紅燒牛肉麵85元。
牛肉完美地放在拉麵碗大小的碗裡。
現在85元很便宜！
味道又辣又好吃！",https://www.google.com/maps/contrib/105708955423908942213/reviews?hl=zh-TW
阿誠牛肉湯,鍾芳盈,在地嚮導 · 22 則評論 · 110 張相片,5 年前,5 顆星,,https://www.google.com/maps/contrib/111930282223241522081/reviews?hl=zh-TW
阿誠牛肉湯,何彩綿,,5 年前,5 顆星,,https://www.google.com/maps/contrib/102775179216108942697/reviews?hl=zh-TW
阿誠牛肉湯,洪添喜,在地嚮導 · 58 則評論 · 25 張相片,5 年前,4 顆星,不只是牛肉系列，肉燥飯甚至比一般肉燥飯專賣店的更好吃。,https://www.google.com/maps/contrib/100645919282645076353/reviews?hl=zh-TW
阿誠牛肉湯,許魯安（H99）,1 則評論 · 1 張相片,5 年前,5 顆星,,https://www.google.com/maps/contrib/104579665731509898492/reviews?hl=zh-TW
阿誠牛肉湯,Salom,在地嚮導 · 91 則評論 · 1 張相片,5 年前,5 顆星,,https://www.google.com/maps/contrib/116554583426078688088/reviews?hl=zh-TW
阿誠牛肉湯,石博弈,7 則評論,5 年前,4 顆星,,https://www.google.com/maps/contrib/116552180780487195194/reviews?hl=zh-TW
阿誠牛肉湯,張崑哲,3 則評論,5 年前,5 顆星,,https://www.google.com/maps/contrib/103978208385992834442/reviews?hl=zh-TW
阿誠牛肉湯,Chou Big,在地嚮導 · 27 則評論 · 14 張相片,5 年前,5 顆星,超愛他的清燉牛肉麵搭配米苔目的麵，覺得味道太淡的話可以在加上店內免費的榨菜，重點是超便宜！！至於紅燒的話個人不推，有點油膩，建議可以在點一盤有啥炒啥當配菜吃，如果剛好是芒果的產季還會有雪花冰可以點，大推！,https://www.google.com/maps/contrib/107437550014359348051/reviews?hl=zh-TW
阿誠牛肉湯,Hong,在地嚮導 · 132 則評論 · 539 張相片,5 年前,5 顆星,我朋友馬路楊推薦這家.老闆和店員都親切.好吃.,https://www.google.com/maps/contrib/105857667637994205186/reviews?hl=zh-TW
阿誠牛肉湯,林智哲,,5 年前,5 顆星,,https://www.google.com/maps/contrib/117442731689292381650/reviews?hl=zh-TW
阿誠牛肉湯,超級布丁,在地嚮導 · 33 則評論 · 140 張相片,5 年前,5 顆星,,https://www.google.com/maps/contrib/110469627647228660627/reviews?hl=zh-TW
阿誠牛肉湯,吳俞槿,在地嚮導 · 59 則評論 · 149 張相片,5 年前,4 顆星,,https://www.google.com/maps/contrib/111991808592666891282/reviews?hl=zh-TW
阿誠牛肉湯,Frances Kuo,在地嚮導 · 34 則評論 · 16 張相片,5 年前,3 顆星,,https://www.google.com/maps/contrib/114074228202439850127/reviews?hl=zh-TW
阿誠牛肉湯,鄭欽澤,在地嚮導 · 28 則評論 · 3 張相片,5 年前,5 顆星,便宜又好吃，大力推薦！,https://www.google.com/maps/contrib/104268306812695976627/reviews?hl=zh-TW
阿誠牛肉湯,Rou Su,,5 年前,5 顆星,,https://www.google.com/maps/contrib/107267558974339511666/reviews?hl=zh-TW
阿誠牛肉湯,李桓,在地嚮導 · 134 則評論 · 239 張相片,5 年前,5 顆星,,https://www.google.com/maps/contrib/113752041765688053911/reviews?hl=zh-TW
阿誠牛肉湯,新像,,5 年前,5 顆星,,https://www.google.com/maps/contrib/105627183848912110055/reviews?hl=zh-TW
阿誠牛肉湯,洪耀南（Dapper Hung）,在地嚮導 · 6 則評論 · 258 張相片,5 年前,5 顆星,,https://www.google.com/maps/contrib/113601722922496173457/reviews?hl=zh-TW
阿誠牛肉湯,雞塊,在地嚮導 · 7 則評論 · 46 張相片,5 年前,5 顆星,當時點牛筋肉丼飯 送上桌時無法相信這種份量只需這種價格，肉吃起來嫩而不老，下次去台南一定再光顧,https://www.google.com/maps/contrib/112501988762833381614/reviews?hl=zh-TW
阿誠牛肉湯,William,"在地嚮導 · 1,303 則評論 · 13,791 張相片",5 年前,4 顆星,"口味好，價格合理，
沒有夜市時候好停車",https://www.google.com/maps/contrib/104088542568362058499/reviews?hl=zh-TW
阿誠牛肉湯,林育聖,在地嚮導 · 119 則評論 · 22 張相片,5 年前,5 顆星,牛肉湯大碗便宜但蠻好吃的，肉的量比起其他間給很多，湯頭還行，但是有點血味，會在意的人要注意。,https://www.google.com/maps/contrib/107774760113264203032/reviews?hl=zh-TW
阿誠牛肉湯,Z.Y. H,在地嚮導 · 293 則評論 · 723 張相片,5 年前,5 顆星,"打拋豬味道特殊，口味偏甜，但非常好吃。價錢又超便宜，台灣找不到了。
榨菜不會死鹹，應該是店家自製。台灣很難找到不死鹹的榨菜。
雖只一人用餐，但大噸位的冷氣照開服務，實在很難找到這樣的店家。",https://www.google.com/maps/contrib/113669416887942558066/reviews?hl=zh-TW
阿誠牛肉湯,林暉智,2 則評論 · 2 張相片,5 年前,5 顆星,,https://www.google.com/maps/contrib/114256570561644918604/reviews?hl=zh-TW
阿誠牛肉湯,周柏璁,在地嚮導 · 9 則評論 · 2 張相片,5 年前,5 顆星,,https://www.google.com/maps/contrib/108954979579140292693/reviews?hl=zh-TW
阿誠牛肉湯,林于萱,在地嚮導 · 12 則評論 · 10 張相片,5 年前,5 顆星,,https://www.google.com/maps/contrib/116303051022301204990/reviews?hl=zh-TW
阿誠牛肉湯,胡小海,"在地嚮導 · 454 則評論 · 4,969 張相片",5 年前,5 顆星,"牛肉麵好吃
麵多肉又多
$80佛心來的",https://www.google.com/maps/contrib/101061970885576930952/reviews?hl=zh-TW
阿誠牛肉湯,凱強梁,在地嚮導 · 49 則評論 · 22 張相片,5 年前,4 顆星,,https://www.google.com/maps/contrib/111898583021220086735/reviews?hl=zh-TW
阿誠牛肉湯,ue R,在地嚮導 · 22 則評論 · 18 張相片,5 年前,5 顆星,CP質超級高 料多價格不貴又好吃,https://www.google.com/maps/contrib/115853089898347791868/reviews?hl=zh-TW
阿誠牛肉湯,吳小明,3 則評論 · 4 張相片,5 年前,5 顆星,,https://www.google.com/maps/contrib/111707699116258741966/reviews?hl=zh-TW
阿誠牛肉湯,Break therule,在地嚮導 · 43 則評論 · 5 張相片,5 年前,4 顆星,,https://www.google.com/maps/contrib/115418649866468359960/reviews?hl=zh-TW
阿誠牛肉湯,Mickaël Lin (YangYang),在地嚮導 · 143 則評論 · 40 張相片,5 年前,5 顆星,,https://www.google.com/maps/contrib/112260132020337162065/reviews?hl=zh-TW
阿誠牛肉湯,yeh hua,在地嚮導 · 465 張相片,5 年前,4 顆星,,https://www.google.com/maps/contrib/105317307842414280793/reviews?hl=zh-TW
阿誠牛肉湯,bingshin Lee,5 則評論,5 年前,5 顆星,非常好吃,https://www.google.com/maps/contrib/109770764383786308437/reviews?hl=zh-TW
阿誠牛肉湯,陳光賢,在地嚮導 · 16 則評論 · 26 張相片,5 年前,5 顆星,,https://www.google.com/maps/contrib/110216859716345639455/reviews?hl=zh-TW
阿誠牛肉湯,洪麓路,78 則評論,5 年前,5 顆星,大推牛肉湯！,https://www.google.com/maps/contrib/114882655493429619596/reviews?hl=zh-TW
阿誠牛肉湯,林茜妍,在地嚮導 · 22 則評論 · 118 張相片,5 年前,5 顆星,,https://www.google.com/maps/contrib/111250347478598062698/reviews?hl=zh-TW
阿誠牛肉湯,施志興,在地嚮導 · 3 則評論 · 15 張相片,5 年前,5 顆星,,https://www.google.com/maps/contrib/111565952303592282221/reviews?hl=zh-TW
阿誠牛肉湯,Vicky Chen,"在地嚮導 · 2,230 則評論 · 12,868 張相片",5 年前,5 顆星,很可惜沒有芒果冰了，只剩50的雪花冰，不過很大一盤還有加煉乳，綿密的雪花冰也是很好吃,https://www.google.com/maps/contrib/118119192909184833718/reviews?hl=zh-TW
阿誠牛肉湯,胡卜仁,在地嚮導 · 214 則評論 · 168 張相片,5 年前,5 顆星,大碗好吃😋 …,https://www.google.com/maps/contrib/111794041614491360171/reviews?hl=zh-TW
阿誠牛肉湯,陳鶯妹,,5 年前,5 顆星,,https://www.google.com/maps/contrib/108896970143053228497/reviews?hl=zh-TW
阿誠牛肉湯,steve lu,在地嚮導 · 141 則評論 · 222 張相片,5 年前,4 顆星,,https://www.google.com/maps/contrib/114355895056911127414/reviews?hl=zh-TW
阿誠牛肉湯,林秋華,11 則評論 · 2 張相片,5 年前,5 顆星,"物美價廉營養食物，可以享受新鮮牛肉的美味。💋💋💋💋
👍👍👍👍👍👍👏👏👏👏👏👏 …",https://www.google.com/maps/contrib/114041069760863561585/reviews?hl=zh-TW
阿誠牛肉湯,Lance Chen,在地嚮導 · 4 則評論 · 1 張相片,5 年前,4 顆星,,https://www.google.com/maps/contrib/110981083302708787991/reviews?hl=zh-TW
阿誠牛肉湯,Po-Yu Huang,在地嚮導 · 21 則評論 · 23 張相片,5 年前,5 顆星,,https://www.google.com/maps/contrib/104154204859390164459/reviews?hl=zh-TW
阿誠牛肉湯,王王威翔,1 則評論,5 年前,5 顆星,超好吃 有空可以來吃吃看很不錯,https://www.google.com/maps/contrib/112802409015029423634/reviews?hl=zh-TW
阿誠牛肉湯,alumis@gmail.com peggy135,4 則評論 · 5 張相片,5 年前,5 顆星,,https://www.google.com/maps/contrib/103599011573150244179/reviews?hl=zh-TW
阿誠牛肉湯,徐利亞,,5 年前,5 顆星,,https://www.google.com/maps/contrib/117757798208412771164/reviews?hl=zh-TW
阿誠牛肉湯,吳青峰,1 則評論,5 年前,5 顆星,,https://www.google.com/maps/contrib/114373254708349948469/reviews?hl=zh-TW
阿誠牛肉湯,洪小全,6 則評論,5 年前,5 顆星,,https://www.google.com/maps/contrib/117527806493427182872/reviews?hl=zh-TW
阿誠牛肉湯,Felicia Yu,在地嚮導 · 301 則評論 · 269 張相片,5 年前,4 顆星,CP值高但不是最好吃的，芒果冰很厲害很便宜,https://www.google.com/maps/contrib/102925346543244793000/reviews?hl=zh-TW
阿誠牛肉湯,Daniel Kuo,在地嚮導 · 2 則評論 · 158 張相片,5 年前,5 顆星,,https://www.google.com/maps/contrib/102762460607080210325/reviews?hl=zh-TW
阿誠牛肉湯,就是愛吃Wolf,"在地嚮導 · 394 則評論 · 4,254 張相片",5 年前,3 顆星,服務親切，cp值高,https://www.google.com/maps/contrib/109903921820056619874/reviews?hl=zh-TW
阿誠牛肉湯,陳恆毅,在地嚮導 · 10 則評論 · 624 張相片,5 年前,4 顆星,量多味美,https://www.google.com/maps/contrib/111928496980633520655/reviews?hl=zh-TW
阿誠牛肉湯,東穎,3 則評論 · 1 張相片,5 年前,5 顆星,,https://www.google.com/maps/contrib/108538062139602857683/reviews?hl=zh-TW
阿誠牛肉湯,羅艷玲,在地嚮導 · 31 則評論 · 101 張相片,5 年前,5 顆星,,https://www.google.com/maps/contrib/110716511011004791634/reviews?hl=zh-TW
阿誠牛肉湯,尤小魚,在地嚮導 · 91 則評論 · 12 張相片,5 年前,5 顆星,東西實在，牛肉分量多，價格合理！,https://www.google.com/maps/contrib/109068587649852365704/reviews?hl=zh-TW
阿誠牛肉湯,Choco Shen,在地嚮導 · 20 則評論 · 18 張相片,5 年前,5 顆星,推推！價格便宜,https://www.google.com/maps/contrib/117374778084858206077/reviews?hl=zh-TW
阿誠牛肉湯,欒柏勳,在地嚮導 · 64 則評論 · 9 張相片,5 年前,4 顆星,不錯,https://www.google.com/maps/contrib/117879752168955227495/reviews?hl=zh-TW
阿誠牛肉湯,Eric Cheng,在地嚮導 · 9 則評論 · 25 張相片,5 年前,5 顆星,,https://www.google.com/maps/contrib/102008921227179098887/reviews?hl=zh-TW
阿誠牛肉湯,張偉昇,在地嚮導 · 24 則評論 · 6 張相片,5 年前,4 顆星,,https://www.google.com/maps/contrib/111347760436828130318/reviews?hl=zh-TW
阿誠牛肉湯,陳政憲,在地嚮導 · 17 則評論 · 34 張相片,5 年前,5 顆星,,https://www.google.com/maps/contrib/100703001970827808716/reviews?hl=zh-TW
阿誠牛肉湯,張KIDD,在地嚮導 · 28 則評論 · 149 張相片,5 年前,5 顆星,,https://www.google.com/maps/contrib/115401940701316659409/reviews?hl=zh-TW
阿誠牛肉湯,施冠榕,在地嚮導 · 25 則評論 · 1 張相片,5 年前,5 顆星,,https://www.google.com/maps/contrib/100806311026525300754/reviews?hl=zh-TW
阿誠牛肉湯,Jane Lin,在地嚮導 · 205 則評論 · 561 張相片,5 年前,5 顆星,位於武聖夜市旁邊。特別推薦這家的牛肉湯跟紅燒牛肉麵!!! 很好吃，份量也很大，但是價錢不貴。吃完也可以到旁邊的武聖夜市逛逛~是一家值得再訪的店。,https://www.google.com/maps/contrib/111193890867021418218/reviews?hl=zh-TW
阿誠牛肉湯,OLEG CHANG,3 則評論 · 1 張相片,5 年前,4 顆星,,https://www.google.com/maps/contrib/103060589621618023074/reviews?hl=zh-TW
阿誠牛肉湯,柳丁,5 則評論,5 年前,5 顆星,,https://www.google.com/maps/contrib/112649375882035737236/reviews?hl=zh-TW
阿誠牛肉湯,施長青,在地嚮導 · 34 則評論 · 36 張相片,5 年前,5 顆星,平價又美味！,https://www.google.com/maps/contrib/103840149827042513511/reviews?hl=zh-TW
阿誠牛肉湯,parry,在地嚮導 · 237 則評論 · 325 張相片,5 年前,5 顆星,好吃，份量大，價位合理，推推,https://www.google.com/maps/contrib/103964007809498041965/reviews?hl=zh-TW
阿誠牛肉湯,Ruei Jing Wang,4 則評論 · 13 張相片,5 年前,5 顆星,,https://www.google.com/maps/contrib/100233552326379765340/reviews?hl=zh-TW
阿誠牛肉湯,william chu,在地嚮導 · 98 則評論 · 76 張相片,5 年前,5 顆星,總和口味和價錢比較 台南cp值前幾名的牛肉湯,https://www.google.com/maps/contrib/102450686491484676178/reviews?hl=zh-TW
阿誠牛肉湯,軒,在地嚮導 · 71 則評論 · 36 張相片,5 年前,5 顆星,東西好吃 老闆娘很親切 一定要來!!,https://www.google.com/maps/contrib/108422252656310245955/reviews?hl=zh-TW
阿誠牛肉湯,薛香蘭,在地嚮導 · 49 則評論 · 18 張相片,5 年前,5 顆星,"牛肉湯湯頭有天然甜味，入口潤喉。牛肉肉片軟嫩。
牛肉炒飯很讚。吃了還想再吃。",https://www.google.com/maps/contrib/100154093657169890896/reviews?hl=zh-TW
阿誠牛肉湯,周靜容,在地嚮導 · 66 則評論 · 26 張相片,5 年前,4 顆星,好吃平價，服務親切，老闆超大氣，一定會再去吃的店。,https://www.google.com/maps/contrib/102160006631469612273/reviews?hl=zh-TW
阿誠牛肉湯,陳冠丞,在地嚮導 · 291 則評論 · 975 張相片,5 年前,4 顆星,味道不錯,https://www.google.com/maps/contrib/108064816000609477845/reviews?hl=zh-TW
阿誠牛肉湯,吳亭尹,在地嚮導 · 39 則評論 · 15 張相片,5 年前,5 顆星,CP值高,https://www.google.com/maps/contrib/113666840140676136990/reviews?hl=zh-TW
阿誠牛肉湯,Lo Roger,在地嚮導 · 263 則評論 · 565 張相片,5 年前,5 顆星,不是夜市日好停車 東西好吃不貴 經濟實惠  店家人員親切 竟然還有牛排和芋頭冰,https://www.google.com/maps/contrib/101789751480178927138/reviews?hl=zh-TW
阿誠牛肉湯,莊順閔,在地嚮導 · 419 則評論 · 128 張相片,5 年前,5 顆星,超好吃 老闆人也好,https://www.google.com/maps/contrib/108416644165072538531/reviews?hl=zh-TW
阿誠牛肉湯,jsm Asd,5 則評論 · 4 張相片,5 年前,5 顆星,便宜,https://www.google.com/maps/contrib/115127229530186155505/reviews?hl=zh-TW
阿誠牛肉湯,郭書宏,在地嚮導 · 14 則評論 · 10 張相片,5 年前,5 顆星,,https://www.google.com/maps/contrib/114961728761527646399/reviews?hl=zh-TW
阿誠牛肉湯,黃呆毛,在地嚮導 · 70 則評論 · 65 張相片,5 年前,5 顆星,,https://www.google.com/maps/contrib/100157532330823779420/reviews?hl=zh-TW
阿誠牛肉湯,Jeff,在地嚮導 · 1 則評論 · 1 張相片,6 年前,4 顆星,,https://www.google.com/maps/contrib/113520944874832041232/reviews?hl=zh-TW
阿誠牛肉湯,張宸罡,在地嚮導 · 33 則評論 · 12 張相片,6 年前,5 顆星,,https://www.google.com/maps/contrib/115101632646605359940/reviews?hl=zh-TW
阿誠牛肉湯,建彰,在地嚮導 · 100 則評論 · 76 張相片,6 年前,4 顆星,蠻特殊的店，東西蠻好吃的,https://www.google.com/maps/contrib/101549383772477155440/reviews?hl=zh-TW
阿誠牛肉湯,鄭金進,11 則評論,6 年前,5 顆星,不但好吃又便宜，最主要是服務親切，是很好的用餐選擇,https://www.google.com/maps/contrib/109858027170887619923/reviews?hl=zh-TW
阿誠牛肉湯,曾筱慧,在地嚮導 · 47 則評論 · 30 張相片,6 年前,4 顆星,令人回味的味道…,https://www.google.com/maps/contrib/114136159175076028898/reviews?hl=zh-TW
阿誠牛肉湯,TOTO,在地嚮導 · 32 則評論 · 4 張相片,6 年前,5 顆星,方圓幾公里最好吃的,https://www.google.com/maps/contrib/108723052905570267186/reviews?hl=zh-TW
阿誠牛肉湯,Chih-Kai Hong,在地嚮導 · 117 則評論 · 162 張相片,6 年前,5 顆星,"便宜又大碗的在地美食
喜歡喝牛肉湯的老饕千萬別錯過！
禮拜二固定公休",https://www.google.com/maps/contrib/109575556364981848558/reviews?hl=zh-TW
阿誠牛肉湯,jojo wu,在地嚮導 · 58 則評論 · 688 張相片,6 年前,5 顆星,,https://www.google.com/maps/contrib/113245955398084959880/reviews?hl=zh-TW
阿誠牛肉湯,St C,"在地嚮導 · 501 則評論 · 1,062 張相片",6 年前,4 顆星,要喝台南經典的牛肉湯，不應來這家。但牛肉麵CP值極高(選肉很好 麵條普通 份量大碗滿意) 值得點一碗來吃，還有洋蔥炒牛肝 搭配很棒。,https://www.google.com/maps/contrib/117879268699529823618/reviews?hl=zh-TW
阿誠牛肉湯,周玲卉,在地嚮導 · 29 則評論 · 15 張相片,6 年前,4 顆星,,https://www.google.com/maps/contrib/116689525644394384345/reviews?hl=zh-TW
阿誠牛肉湯,劉亨利,在地嚮導 · 220 則評論 · 585 張相片,6 年前,4 顆星,價格算評價 吃起來口味也不錯,https://www.google.com/maps/contrib/102418892546689494683/reviews?hl=zh-TW
阿誠牛肉湯,陳伯愷,"在地嚮導 · 1,003 則評論 · 1,888 張相片",6 年前,5 顆星,口味只有三顆星，但價格是五顆星，再加上是寵物友善餐廳，這點很加分！看不慣帶寵物在這裡用餐的可以滾去別家,https://www.google.com/maps/contrib/101341879434710277193/reviews?hl=zh-TW
阿誠牛肉湯,蔡東昇,,6 年前,5 顆星,,https://www.google.com/maps/contrib/115863666405095938229/reviews?hl=zh-TW
阿誠牛肉湯,黃承韋,在地嚮導 · 73 則評論 · 15 張相片,6 年前,5 顆星,唯一五星推薦，內行人的牛肉湯！！,https://www.google.com/maps/contrib/100973666688345081102/reviews?hl=zh-TW
阿誠牛肉湯,凌恩立,在地嚮導 · 137 則評論 · 35 張相片,6 年前,5 顆星,牛肉湯很清甜，麵也很大碗,https://www.google.com/maps/contrib/111463140951268774417/reviews?hl=zh-TW
阿誠牛肉湯,林志展,7 則評論 · 7 張相片,6 年前,5 顆星,,https://www.google.com/maps/contrib/117626146344404770856/reviews?hl=zh-TW
阿誠牛肉湯,蔡雨賢,338 則評論,6 年前,4 顆星,最初店名就是阿誠牛肉湯，店面開立於金華路與民族路口附近，食材料理口味眾多，講究平價價位美食，生意興隆客源好多，只是現在搬遷至武聖夜市旁，原因不詳也不好意思過問，反正是平價大眾化口感，我每一次來，也就是一碗牛肉湯+一碗牛肉麵，也會順便來一盤炒牛肝。,https://www.google.com/maps/contrib/104614834480278117497/reviews?hl=zh-TW
阿誠牛肉湯,劉建助,"在地嚮導 · 622 則評論 · 2,435 張相片",6 年前,4 顆星,牛肉柔嫩氣味鮮甜，湯很大碗，讚！,https://www.google.com/maps/contrib/105254428227585122365/reviews?hl=zh-TW
阿誠牛肉湯,郭得煌,1 則評論,6 年前,4 顆星,,https://www.google.com/maps/contrib/109159820848289494693/reviews?hl=zh-TW
阿誠牛肉湯,Tin Yeung Wong,在地嚮導 · 186 則評論 · 622 張相片,6 年前,5 顆星,水準中上嘅牛肉湯,https://www.google.com/maps/contrib/104448809501461686705/reviews?hl=zh-TW
阿誠牛肉湯,Charles Tsai,"在地嚮導 · 401 則評論 · 1,079 張相片",6 年前,5 顆星,餐點好吃，用餐區舒適，CP值高。,https://www.google.com/maps/contrib/118432767711482327316/reviews?hl=zh-TW
阿誠牛肉湯,小包爾皮皮,在地嚮導 · 28 則評論 · 47 張相片,6 年前,5 顆星,好久沒吃過那麼實惠的牛肉麵，老闆真是太有誠意了,https://www.google.com/maps/contrib/116445526625454003922/reviews?hl=zh-TW
阿誠牛肉湯,Fred Chiou,在地嚮導 · 178 則評論 · 136 張相片,6 年前,4 顆星,不錯,https://www.google.com/maps/contrib/108215582632904378661/reviews?hl=zh-TW
阿誠牛肉湯,陳亭伊,3 則評論,6 年前,4 顆星,接近快打烊的時間到，老闆還願意為我們煮牛肉湯～很美味！,https://www.google.com/maps/contrib/117597629628506704195/reviews?hl=zh-TW
阿誠牛肉湯,呂佳彥,在地嚮導 · 1 則評論 · 4 張相片,6 年前,5 顆星,,https://www.google.com/maps/contrib/100915498454472965772/reviews?hl=zh-TW
阿誠牛肉湯,黄皓塵,18 則評論,6 年前,5 顆星,親切，cp 值很高，值得再訪的地方,https://www.google.com/maps/contrib/111251973577406414874/reviews?hl=zh-TW
阿誠牛肉湯,Molly Du,在地嚮導 · 55 則評論 · 9 張相片,6 年前,5 顆星,"2017/11/8
符合店名 俗哥喝呷、服務親切
可惜離家有點距離 …",https://www.google.com/maps/contrib/109640726077720086303/reviews?hl=zh-TW
阿誠牛肉湯,邱建臺,99 則評論,6 年前,4 顆星,乾淨明亮 環境不錯 牛肉湯還好,https://www.google.com/maps/contrib/109752834249031206036/reviews?hl=zh-TW
阿誠牛肉湯,吉利,在地嚮導 · 98 則評論 · 17 張相片,6 年前,5 顆星,,https://www.google.com/maps/contrib/107443486126637110624/reviews?hl=zh-TW
阿誠牛肉湯,Ciao Hong,"在地嚮導 · 337 則評論 · 1,259 張相片",6 年前,5 顆星,美味，實惠,https://www.google.com/maps/contrib/100005234582580958193/reviews?hl=zh-TW
阿誠牛肉湯,51,在地嚮導 · 90 則評論 · 117 張相片,6 年前,5 顆星,平價,https://www.google.com/maps/contrib/102483164532550385608/reviews?hl=zh-TW
阿誠牛肉湯,カシワ,11 則評論 · 3 張相片,6 年前,5 顆星,,https://www.google.com/maps/contrib/116591979492455670456/reviews?hl=zh-TW
阿誠牛肉湯,WEI,在地嚮導 · 23 則評論 · 27 張相片,6 年前,5 顆星,,https://www.google.com/maps/contrib/114132992577629758960/reviews?hl=zh-TW
阿誠牛肉湯,wii,在地嚮導 · 127 則評論 · 250 張相片,6 年前,5 顆星,還不錯 新鮮好吃,https://www.google.com/maps/contrib/111129619683140854751/reviews?hl=zh-TW
阿誠牛肉湯,平安喜樂,在地嚮導 · 242 則評論 · 83 張相片,6 年前,5 顆星,cp值超高的店，一試成主顧~,https://www.google.com/maps/contrib/116753645955773611418/reviews?hl=zh-TW
阿誠牛肉湯,Lance,在地嚮導 · 53 則評論 · 8 張相片,6 年前,4 顆星,耶穌真的很愛你,https://www.google.com/maps/contrib/110208397463640686738/reviews?hl=zh-TW
阿誠牛肉湯,楊棨翔,在地嚮導 · 18 則評論 · 55 張相片,6 年前,4 顆星,,https://www.google.com/maps/contrib/112977139382132062705/reviews?hl=zh-TW
阿誠牛肉湯,Chao-Yang Fu,在地嚮導 · 327 則評論 · 347 張相片,6 年前,5 顆星,"真的CP超高，桌面也很乾淨
紅燒牛肉麵85元便宜又大碗，麵多, 湯多, 肉很多(至少6塊以上)，肉還有牛腱&牛腩兩種~",https://www.google.com/maps/contrib/117751121508687617636/reviews?hl=zh-TW
阿誠牛肉湯,洪浩寧,在地嚮導 · 52 則評論 · 9 張相片,6 年前,5 顆星,湯太好喝了,https://www.google.com/maps/contrib/102755951355320659782/reviews?hl=zh-TW
阿誠牛肉湯,吳佳靜,23 則評論 · 4 張相片,6 年前,5 顆星,,https://www.google.com/maps/contrib/102957944445436194830/reviews?hl=zh-TW
阿誠牛肉湯,YONG LIN TSAI,12 則評論 · 2 張相片,6 年前,5 顆星,,https://www.google.com/maps/contrib/102486698214887082203/reviews?hl=zh-TW
阿誠牛肉湯,何侯希,在地嚮導 · 53 則評論 · 9 張相片,6 年前,5 顆星,好吃,https://www.google.com/maps/contrib/102288713713404351419/reviews?hl=zh-TW
阿誠牛肉湯,南拳北腿孫中山,67 則評論,6 年前,1 顆星,喜愛的阿誠牛肉湯，已經是老顧客了，但是越來越不想再上門，因為此地也淪為寵物一族的用餐環境，很噁心的狀況，人一口狗一口，還狗兒還坐椅子上，這種情況之下，已經沒了用餐興趣，必須改進禁止寵物進入。,https://www.google.com/maps/contrib/100971676290397713764/reviews?hl=zh-TW
阿誠牛肉湯,林宏榮,在地嚮導 · 72 則評論 · 33 張相片,6 年前,4 顆星,平價好吃,https://www.google.com/maps/contrib/106958929814577572961/reviews?hl=zh-TW
阿誠牛肉湯,young張,,6 年前,4 顆星,,https://www.google.com/maps/contrib/102740542376810053567/reviews?hl=zh-TW
阿誠牛肉湯,高蟬鳳,"在地嚮導 · 88 則評論 · 3,035 張相片",6 年前,4 顆星,,https://www.google.com/maps/contrib/109334781706001713381/reviews?hl=zh-TW
阿誠牛肉湯,LUCAS KUO,"在地嚮導 · 57 則評論 · 8,769 張相片",6 年前,3 顆星,,https://www.google.com/maps/contrib/104173614945728482517/reviews?hl=zh-TW
阿誠牛肉湯,劉桂銘,在地嚮導 · 10 則評論,6 年前,5 顆星,,https://www.google.com/maps/contrib/113583108508982638106/reviews?hl=zh-TW
阿誠牛肉湯,Yu Hui Chen,在地嚮導 · 68 則評論 · 860 張相片,6 年前,5 顆星,今天和同事外帶紅燒牛肉麵，CP值真的太高了，好吃又大碗啊!!!  大推推,https://www.google.com/maps/contrib/108220626513910635883/reviews?hl=zh-TW
阿誠牛肉湯,蔡政達,在地嚮導 · 19 則評論 · 4 張相片,6 年前,3 顆星,,https://www.google.com/maps/contrib/112788550270924182633/reviews?hl=zh-TW
阿誠牛肉湯,曲佳盈,18 則評論,6 年前,5 顆星,當地人的私人美食,https://www.google.com/maps/contrib/109078869437914178505/reviews?hl=zh-TW
阿誠牛肉湯,冠智彭,在地嚮導 · 144 則評論 · 1 張相片,6 年前,5 顆星,東西很多元，而且便宜好吃。,https://www.google.com/maps/contrib/105235672975342794560/reviews?hl=zh-TW
阿誠牛肉湯,方國權,在地嚮導 · 91 則評論 · 7 張相片,6 年前,4 顆星,好吃的牛肉料理，牛肉湯清甜牛骨頭味道很濃鬱，CP值高，物超所值。紅燒牛肉麵大碗肉片放的很豪氣。,https://www.google.com/maps/contrib/111615711013203537801/reviews?hl=zh-TW
阿誠牛肉湯,黃大承,在地嚮導 · 16 則評論 · 18 張相片,6 年前,5 顆星,,https://www.google.com/maps/contrib/112822919302727496737/reviews?hl=zh-TW
阿誠牛肉湯,chang fu hsueh,在地嚮導 · 120 則評論 · 973 張相片,6 年前,4 顆星,物美價廉的牛肉料理、尤其牛脥肉在別的地方吃不到哦,https://www.google.com/maps/contrib/110248686175560343670/reviews?hl=zh-TW
阿誠牛肉湯,wu kaijung,在地嚮導 · 30 則評論 · 55 張相片,6 年前,5 顆星,,https://www.google.com/maps/contrib/105071761903566687064/reviews?hl=zh-TW
阿誠牛肉湯,王寶源,在地嚮導 · 13 則評論 · 14 張相片,6 年前,5 顆星,,https://www.google.com/maps/contrib/112500190319065264128/reviews?hl=zh-TW
阿誠牛肉湯,Emily Tzeng,在地嚮導 · 399 則評論 · 766 張相片,6 年前,5 顆星,,https://www.google.com/maps/contrib/107079157838704730959/reviews?hl=zh-TW
阿誠牛肉湯,明仁,在地嚮導 · 2 則評論 · 5 張相片,6 年前,5 顆星,,https://www.google.com/maps/contrib/112229992146224721090/reviews?hl=zh-TW
阿誠牛肉湯,Tu Tu,在地嚮導 · 181 則評論 · 121 張相片,6 年前,5 顆星,24小時供餐服務，提供在地食材。,https://www.google.com/maps/contrib/107136338101024923442/reviews?hl=zh-TW
阿誠牛肉湯,吳昀恩,3 則評論 · 1 張相片,6 年前,4 顆星,,https://www.google.com/maps/contrib/101310144921417587043/reviews?hl=zh-TW
阿誠牛肉湯,謝俊能,在地嚮導 · 2 則評論 · 5 張相片,6 年前,5 顆星,,https://www.google.com/maps/contrib/114658762656532424894/reviews?hl=zh-TW
阿誠牛肉湯,Chihnan Rex,在地嚮導 · 13 則評論 · 40 張相片,6 年前,5 顆星,Cp又好吃,https://www.google.com/maps/contrib/111674138411765464945/reviews?hl=zh-TW
阿誠牛肉湯,張Q咩,2 則評論,6 年前,4 顆星,,https://www.google.com/maps/contrib/106908724497069250117/reviews?hl=zh-TW
阿誠牛肉湯,小雄（小雄）,19 張相片,6 年前,5 顆星,,https://www.google.com/maps/contrib/116113501885750035458/reviews?hl=zh-TW
阿誠牛肉湯,大鼻子,在地嚮導 · 44 則評論 · 10 張相片,6 年前,5 顆星,,https://www.google.com/maps/contrib/103017516734153207105/reviews?hl=zh-TW
阿誠牛肉湯,瑞樺蘭園,在地嚮導 · 33 則評論 · 134 張相片,6 年前,4 顆星,,https://www.google.com/maps/contrib/117119168891520249442/reviews?hl=zh-TW
阿誠牛肉湯,陳志鵬,1 則評論 · 1 張相片,6 年前,5 顆星,,https://www.google.com/maps/contrib/116967281481546772067/reviews?hl=zh-TW
阿誠牛肉湯,Doris Lo,在地嚮導 · 10 則評論 · 7 張相片,6 年前,4 顆星,,https://www.google.com/maps/contrib/112623643471229539679/reviews?hl=zh-TW
阿誠牛肉湯,謝雯喬,在地嚮導 · 11 則評論 · 2 張相片,6 年前,5 顆星,食品好吃，服務親切,https://www.google.com/maps/contrib/103223940115853507807/reviews?hl=zh-TW
阿誠牛肉湯,顏曉辰,11 則評論,6 年前,5 顆星,料好實在cp值破表,https://www.google.com/maps/contrib/113606869743498069524/reviews?hl=zh-TW
阿誠牛肉湯,江鴻恩,在地嚮導 · 9 則評論 · 28 張相片,6 年前,5 顆星,,https://www.google.com/maps/contrib/109758591274031957952/reviews?hl=zh-TW
阿誠牛肉湯,陳聰,在地嚮導 · 121 則評論 · 14 張相片,6 年前,5 顆星,,https://www.google.com/maps/contrib/116904467840784994896/reviews?hl=zh-TW
阿誠牛肉湯,張健暐,在地嚮導 · 44 則評論 · 256 張相片,6 年前,5 顆星,,https://www.google.com/maps/contrib/105807636697307132531/reviews?hl=zh-TW
阿誠牛肉湯,Joan O,在地嚮導 · 17 則評論,6 年前,5 顆星,,https://www.google.com/maps/contrib/100797088486446479695/reviews?hl=zh-TW
阿誠牛肉湯,莊雁淩,7 則評論,6 年前,5 顆星,好吃又便宜😋 …,https://www.google.com/maps/contrib/105425816408627810613/reviews?hl=zh-TW
阿誠牛肉湯,黃任民,12 則評論 · 1 張相片,6 年前,5 顆星,好吃,https://www.google.com/maps/contrib/109541656889121727073/reviews?hl=zh-TW
阿誠牛肉湯,Aries H,在地嚮導 · 130 則評論 · 400 張相片,6 年前,5 顆星,平價好吃,https://www.google.com/maps/contrib/105918365797345608272/reviews?hl=zh-TW
阿誠牛肉湯,黃何明,2 則評論,6 年前,5 顆星,,https://www.google.com/maps/contrib/112252267183905848322/reviews?hl=zh-TW
阿誠牛肉湯,憨憨,在地嚮導 · 35 則評論 · 40 張相片,6 年前,5 顆星,"80塊？？？！
芒果雪花冰
- …",https://www.google.com/maps/contrib/104603719383723785404/reviews?hl=zh-TW
阿誠牛肉湯,鐵金鋼,在地嚮導 · 48 則評論 · 105 張相片,6 年前,5 顆星,,https://www.google.com/maps/contrib/108949347695753436280/reviews?hl=zh-TW
阿誠牛肉湯,yaknow LEE,"在地嚮導 · 363 則評論 · 3,900 張相片",6 年前,4 顆星,有好吃的芒果冰,https://www.google.com/maps/contrib/105640793860807076324/reviews?hl=zh-TW
阿誠牛肉湯,jukun Tsai,在地嚮導 · 14 則評論,6 年前,3 顆星,,https://www.google.com/maps/contrib/116518725922067959760/reviews?hl=zh-TW
阿誠牛肉湯,陳小豬,"在地嚮導 · 121 則評論 · 2,466 張相片",6 年前,4 顆星,"喜歡哦
牛肉湯比較淡一點
但是牛肉好吃
有玫瑰鹽可以加味

肉燥飯的肉好吃
飯如果再Q一點。會更愛",https://www.google.com/maps/contrib/116894105738810439616/reviews?hl=zh-TW
阿誠牛肉湯,Daniel Hsu,3 則評論 · 3 張相片,6 年前,5 顆星,物美價廉,https://www.google.com/maps/contrib/102205175383483552045/reviews?hl=zh-TW
阿誠牛肉湯,Emerson Chiu,在地嚮導 · 1 則評論 · 21 張相片,6 年前,4 顆星,,https://www.google.com/maps/contrib/107477551464721757441/reviews?hl=zh-TW
阿誠牛肉湯,金發食品,在地嚮導 · 10 則評論 · 22 張相片,6 年前,5 顆星,,https://www.google.com/maps/contrib/104549375085704318209/reviews?hl=zh-TW
阿誠牛肉湯,julliard,在地嚮導 · 370 則評論 · 785 張相片,6 年前,4 顆星,,https://www.google.com/maps/contrib/114507252722825045787/reviews?hl=zh-TW
阿誠牛肉湯,何昉,在地嚮導 · 89 則評論 · 31 張相片,6 年前,5 顆星,好吃 好吃 好吃,https://www.google.com/maps/contrib/107720139369443397104/reviews?hl=zh-TW
阿誠牛肉湯,KunChe Young,,6 年前,5 顆星,,https://www.google.com/maps/contrib/103524430522442172183/reviews?hl=zh-TW
阿誠牛肉湯,Ivy Chu,在地嚮導 · 74 則評論 · 104 張相片,6 年前,5 顆星,超級好吃的，牛筋肉丼飯配滿滿的兩樣青菜，營養滿分，不像別家一般的丼飯都沒什麼配菜。芒果冰cp值超高，老闆跟闆娘也都很親切。,https://www.google.com/maps/contrib/111033318906634005304/reviews?hl=zh-TW
阿誠牛肉湯,郭信宏,在地嚮導 · 66 則評論 · 183 張相片,6 年前,5 顆星,,https://www.google.com/maps/contrib/110831849684320973989/reviews?hl=zh-TW
阿誠牛肉湯,程玉貞,77 則評論,6 年前,3 顆星,很平價的料理，附近周圍也有幾家牛料理，價貴又沒什麼內容，阿誠牛肉湯很平價，內容物又算多，所以時常經過會來吃上一餐。,https://www.google.com/maps/contrib/117539495075376116004/reviews?hl=zh-TW
阿誠牛肉湯,Joshua Huang,在地嚮導 · 59 則評論 · 345 張相片,6 年前,5 顆星,俗又大碗,https://www.google.com/maps/contrib/117014072168187314399/reviews?hl=zh-TW
阿誠牛肉湯,PJ Wu,在地嚮導 · 11 則評論 · 65 張相片,6 年前,5 顆星,,https://www.google.com/maps/contrib/116456453538725112824/reviews?hl=zh-TW
阿誠牛肉湯,zi yu 羽 (羽),在地嚮導 · 4 則評論 · 11 張相片,6 年前,5 顆星,,https://www.google.com/maps/contrib/105801879788301082233/reviews?hl=zh-TW
阿誠牛肉湯,lee nova,在地嚮導 · 38 則評論 · 123 張相片,6 年前,5 顆星,,https://www.google.com/maps/contrib/105832651753427236883/reviews?hl=zh-TW
阿誠牛肉湯,Uncle Pan,在地嚮導 · 15 則評論 · 18 張相片,6 年前,5 顆星,,https://www.google.com/maps/contrib/100349577159916364787/reviews?hl=zh-TW
阿誠牛肉湯,david lu,3 則評論,6 年前,5 顆星,俗又大碗，好吃又便宜,https://www.google.com/maps/contrib/114907297835519703160/reviews?hl=zh-TW
阿誠牛肉湯,吳信憲,在地嚮導 · 26 則評論 · 28 張相片,6 年前,5 顆星,,https://www.google.com/maps/contrib/113725725806295040017/reviews?hl=zh-TW
阿誠牛肉湯,盧冠霖,在地嚮導 · 21 則評論 · 19 張相片,6 年前,5 顆星,物美價廉，有吃過100元的牛舌湯嗎！？,https://www.google.com/maps/contrib/112425551244727182874/reviews?hl=zh-TW
阿誠牛肉湯,吳欣潔,在地嚮導 · 54 則評論,6 年前,5 顆星,好吃又平價...老闆人不錯，心情好或熟客還會送你一盤炒豆芽菜。,https://www.google.com/maps/contrib/103945394496166943911/reviews?hl=zh-TW
阿誠牛肉湯,張阿彥,4 則評論,6 年前,5 顆星,,https://www.google.com/maps/contrib/104297311372717656051/reviews?hl=zh-TW
阿誠牛肉湯,毛妤媗,在地嚮導 · 56 則評論 · 1 張相片,6 年前,3 顆星,好吃,https://www.google.com/maps/contrib/106392404113750325445/reviews?hl=zh-TW
阿誠牛肉湯,zhen su,在地嚮導 · 91 則評論 · 29 張相片,7 年前,5 顆星,便宜大碗又好吃哦,https://www.google.com/maps/contrib/117643709335207169648/reviews?hl=zh-TW
阿誠牛肉湯,黃冠潮,在地嚮導 · 35 則評論 · 17 張相片,7 年前,5 顆星,讚讚 很好吃,https://www.google.com/maps/contrib/109697481544023240464/reviews?hl=zh-TW
阿誠牛肉湯,王柏文,在地嚮導 · 113 則評論 · 522 張相片,7 年前,5 顆星,"我一定要推薦大家去 阿誠牛肉湯，武聖夜市對面，我之前就在臉書大力推薦了！今天再來，還是要再推一次！
他們現在搬到武聖夜市對面
剛剛點了40塊的炒青菜 天哪！還給我大骨頭肉！這邊也有雞腿排，還有鴕鳥肉！！！",https://www.google.com/maps/contrib/114428055266736969520/reviews?hl=zh-TW
阿誠牛肉湯,Harry,在地嚮導 · 225 則評論 · 437 張相片,7 年前,5 顆星,,https://www.google.com/maps/contrib/110476678743723340418/reviews?hl=zh-TW
阿誠牛肉湯,歐德曼,"在地嚮導 · 355 則評論 · 5,677 張相片",7 年前,5 顆星,,https://www.google.com/maps/contrib/112675166821971733454/reviews?hl=zh-TW
阿誠牛肉湯,Alfred Wu,在地嚮導 · 56 則評論 · 38 張相片,7 年前,5 顆星,"第一次看到牛大骨炒青菜，驚人的好吃。

青菜爽口配上熬高湯的牛大骨，吃起來非常順口，一大盤的青菜一下就吃完了。還有一些美味的骨邊肉可以啃。 …",https://www.google.com/maps/contrib/112977819961455415403/reviews?hl=zh-TW
阿誠牛肉湯,施鴻琪,1 則評論,7 年前,5 顆星,,https://www.google.com/maps/contrib/117851571378652385026/reviews?hl=zh-TW
阿誠牛肉湯,Sunny Chen,在地嚮導 · 565 則評論 · 365 張相片,7 年前,5 顆星,選擇很多，老闆常有新創意，美女主廚熱情親切，餐點新鮮現點現炒，牛肉湯用大骨蔬菜熬煮清香鮮甜，肉燥飯香甜嫩口，俗擱喝甲！,https://www.google.com/maps/contrib/115942990748014281957/reviews?hl=zh-TW
阿誠牛肉湯,Kao K,在地嚮導 · 154 則評論 · 279 張相片,7 年前,5 顆星,來台南都會吃！好吃便宜,https://www.google.com/maps/contrib/104905982371191989519/reviews?hl=zh-TW
阿誠牛肉湯,Chenyu Chang,在地嚮導 · 17 則評論 · 6 張相片,7 年前,5 顆星,東西好吃價格便宜， 服務人員親切， 現在平常日好停車,https://www.google.com/maps/contrib/116050763293650396931/reviews?hl=zh-TW
阿誠牛肉湯,廖健凱,在地嚮導 · 81 則評論 · 114 張相片,7 年前,5 顆星,好吃 在地 實在 用心開發新菜色令人驚艷,https://www.google.com/maps/contrib/114386148650176851394/reviews?hl=zh-TW
阿誠牛肉湯,楊阿珙,在地嚮導 · 147 則評論 · 20 張相片,7 年前,5 顆星,牛肉湯好喝，份量也很足夠，滷肉飯也好好吃，台南最喜歡的牛肉湯！,https://www.google.com/maps/contrib/113935226196696683091/reviews?hl=zh-TW
阿誠牛肉湯,Anne Wu,在地嚮導 · 296 則評論 · 462 張相片,7 年前,5 顆星,"幫店娘跟大家報告，阿誠牛肉已經搬家到武聖夜市對面！
（ 武聖路69號40弄4號）
牛肉炒飯和滷牛肉便當很好吃，湯很好喝 =D",https://www.google.com/maps/contrib/101220839778227149300/reviews?hl=zh-TW
阿誠牛肉湯,Jing Yu Chen,在地嚮導 · 210 則評論 · 164 張相片,7 年前,5 顆星,雖然店名滿搞笑但是牛肉湯真的非常好喝!!!,https://www.google.com/maps/contrib/102423858538039514500/reviews?hl=zh-TW
阿誠牛肉湯,周志峯,1 則評論 · 3 張相片,7 年前,3 顆星,,https://www.google.com/maps/contrib/115423540369609375061/reviews?hl=zh-TW
阿誠牛肉湯,Buckly,在地嚮導 · 41 則評論 · 31 張相片,7 年前,5 顆星,,https://www.google.com/maps/contrib/116003520329675569511/reviews?hl=zh-TW
阿誠牛肉湯,林望,在地嚮導 · 16 則評論,7 年前,5 顆星,,https://www.google.com/maps/contrib/116828710476329458338/reviews?hl=zh-TW
阿誠牛肉湯,徐春安,在地嚮導 · 33 則評論 · 107 張相片,7 年前,3 顆星,ロ感不錯，服務不錯，價格平價。,https://www.google.com/maps/contrib/103909492989831595204/reviews?hl=zh-TW
阿誠牛肉湯,謝承嶧,1 則評論,7 年前,5 顆星,,https://www.google.com/maps/contrib/118248904211512811770/reviews?hl=zh-TW
阿誠牛肉湯,點點點,在地嚮導 · 166 則評論 · 31 張相片,7 年前,4 顆星,便宜好吃的牛肉麵 不過稍嫌沒特色,https://www.google.com/maps/contrib/105900995424084813544/reviews?hl=zh-TW
阿誠牛肉湯,林清田,在地嚮導 · 35 則評論,7 年前,5 顆星,便宜、份量多，老闆超佛心!!,https://www.google.com/maps/contrib/113023284108559019614/reviews?hl=zh-TW
阿誠牛肉湯,林敬智,4 則評論,7 年前,5 顆星,,https://www.google.com/maps/contrib/109744549841858446273/reviews?hl=zh-TW
阿誠牛肉湯,游景堯,在地嚮導 · 250 則評論 · 952 張相片,7 年前,5 顆星,非常好吃而且份量充足，適合一家大小吃飽！年底他們要搬到武聖路喔，期待中,https://www.google.com/maps/contrib/107851342263520092471/reviews?hl=zh-TW
阿誠牛肉湯,熊復輝,,7 年前,5 顆星,,https://www.google.com/maps/contrib/102358213754660748145/reviews?hl=zh-TW
阿誠牛肉湯,蔡立德,"在地嚮導 · 113 則評論 · 1,737 張相片",7 年前,5 顆星,,https://www.google.com/maps/contrib/109623835030152026217/reviews?hl=zh-TW
阿誠牛肉湯,台中583傅彥儒,26 則評論,7 年前,4 顆星,御前點評中上駟，不枉牛生,https://www.google.com/maps/contrib/105788370377909541263/reviews?hl=zh-TW
阿誠牛肉湯,魔術師劉又誠,在地嚮導 · 349 則評論 · 539 張相片,7 年前,4 顆星,,https://www.google.com/maps/contrib/115456949323704465035/reviews?hl=zh-TW
阿誠牛肉湯,楊蹄,"在地嚮導 · 568 則評論 · 2,312 張相片",7 年前,3 顆星,東西便宜實在，蔥蛋好吃，牛肉湯牛肉有點老，肉燥飯肉燥很香很有味，炒高麗菜好吃很爽口,https://www.google.com/maps/contrib/107335774682515816455/reviews?hl=zh-TW
阿誠牛肉湯,Jung,7 則評論 · 3 張相片,7 年前,5 顆星,,https://www.google.com/maps/contrib/105232153308990925933/reviews?hl=zh-TW
阿誠牛肉湯,Joegg Lin,"在地嚮導 · 1,019 則評論 · 1,241 張相片",7 年前,4 顆星,真的是便宜，還不錯吃啦，但真的要好吃還是會找別家,https://www.google.com/maps/contrib/115076959965139115825/reviews?hl=zh-TW
阿誠牛肉湯,ZAI AN,在地嚮導 · 522 則評論 · 899 張相片,7 年前,3 顆星,牛肉湯尚可,https://www.google.com/maps/contrib/107488075639667470838/reviews?hl=zh-TW
阿誠牛肉湯,顏銘良,在地嚮導 · 2 則評論 · 7 張相片,7 年前,4 顆星,,https://www.google.com/maps/contrib/109092615700757806311/reviews?hl=zh-TW
阿誠牛肉湯,Peter Chen,在地嚮導 · 84 則評論 · 171 張相片,7 年前,4 顆星,,https://www.google.com/maps/contrib/105480232205837112858/reviews?hl=zh-TW
阿誠牛肉湯,張庭瑋,"在地嚮導 · 1,536 則評論 · 4,597 張相片",7 年前,3 顆星,賣的東西很雜，分量多不貴，但牛肉湯端上來時已經全熟了，如果要吃台南道地牛肉湯，我不會選這家。,https://www.google.com/maps/contrib/107939113515019679235/reviews?hl=zh-TW
阿誠牛肉湯,吳宜展,在地嚮導 · 129 則評論 · 3 張相片,7 年前,5 顆星,好吃，不貴,https://www.google.com/maps/contrib/106932801731680962751/reviews?hl=zh-TW
阿誠牛肉湯,蘇子評,"在地嚮導 · 324 則評論 · 1,453 張相片",7 年前,3 顆星,滿滿的基督教教義~~~都是基督教的話語,https://www.google.com/maps/contrib/109145722074372373468/reviews?hl=zh-TW
阿誠牛肉湯,C Hannah,在地嚮導 · 79 則評論 · 30 張相片,7 年前,4 顆星,湯很大碗好喝，肉比較老，炒牛筋好吃～,https://www.google.com/maps/contrib/110947731550409491909/reviews?hl=zh-TW
阿誠牛肉湯,黃銘源,"在地嚮導 · 433 則評論 · 1,468 張相片",7 年前,4 顆星,牛肉還不錯，芒果雪花冰消暑,https://www.google.com/maps/contrib/113268898127046399037/reviews?hl=zh-TW
阿誠牛肉湯,徐偉泓,在地嚮導 · 43 則評論 · 10 張相片,7 年前,4 顆星,料好實在，牛肉湯、芒果冰必吃!,https://www.google.com/maps/contrib/113551100756550848449/reviews?hl=zh-TW
阿誠牛肉湯,畢凱崴,在地嚮導 · 55 則評論 · 13 張相片,7 年前,4 顆星,,https://www.google.com/maps/contrib/108789253052844078442/reviews?hl=zh-TW
阿誠牛肉湯,張煒文,在地嚮導 · 61 則評論 · 118 張相片,7 年前,4 顆星,冷氣好像沒開。熱,https://www.google.com/maps/contrib/113308686615292464565/reviews?hl=zh-TW
阿誠牛肉湯,李林嶧,3 則評論,7 年前,1 顆星,,https://www.google.com/maps/contrib/111723862022377420594/reviews?hl=zh-TW
阿誠牛肉湯,Jett Ding,在地嚮導 · 2 則評論 · 1 張相片,7 年前,5 顆星,俗哥喝呷,https://www.google.com/maps/contrib/107426603745902046864/reviews?hl=zh-TW
阿誠牛肉湯,Howard Tang,在地嚮導 · 21 則評論 · 530 張相片,7 年前,5 顆星,,https://www.google.com/maps/contrib/111979921626397615459/reviews?hl=zh-TW
阿誠牛肉湯,姆咪騎士,"在地嚮導 · 72 則評論 · 4,449 張相片",7 年前,5 顆星,老闆很熱情，湯很清甜，便宜大碗，新鮮有品質。唯獨牛肉湯上來時候要先撈，偏瘦肉，所以過熟會太硬。,https://www.google.com/maps/contrib/102095426301798583364/reviews?hl=zh-TW
阿誠牛肉湯,Mar Lee,26 則評論 · 13 張相片,7 年前,3 顆星,牛肉湯牛騷味較濃、芒果雪花冰冰體濃濃香精味。另外建議店家標桌號，把送錯桌的食物重新裝碗端回來令人感覺很不好，對方本來正要開始吃的又被端走，感覺一定更差。,https://www.google.com/maps/contrib/102816508842330587822/reviews?hl=zh-TW
阿誠牛肉湯,J,"在地嚮導 · 251 則評論 · 1,385 張相片",7 年前,4 顆星,,https://www.google.com/maps/contrib/111014796104325284322/reviews?hl=zh-TW
阿誠牛肉湯,川勤 博文,2 則評論 · 9 張相片,7 年前,5 顆星,,https://www.google.com/maps/contrib/104613591908653711509/reviews?hl=zh-TW
阿誠牛肉湯,Grace Wang,,7 年前,2 顆星,,https://www.google.com/maps/contrib/110840711279797432563/reviews?hl=zh-TW
阿誠牛肉湯,Edmond Fisher,在地嚮導 · 241 則評論 · 3 張相片,7 年前,1 顆星,牛肉太老太熟，完全不好吃，阿給細粉也不好吃,https://www.google.com/maps/contrib/102038386438400849620/reviews?hl=zh-TW
阿誠牛肉湯,許淳涵,2 則評論,7 年前,4 顆星,,https://www.google.com/maps/contrib/109082375200941445294/reviews?hl=zh-TW
阿誠牛肉湯,hong kang,在地嚮導 · 24 則評論 · 13 張相片,7 年前,5 顆星,,https://www.google.com/maps/contrib/109003400086876842399/reviews?hl=zh-TW
阿誠牛肉湯,kyo tue,在地嚮導 · 48 則評論 · 7 張相片,7 年前,5 顆星,"好吃又便宜
一定要來吃吃看",https://www.google.com/maps/contrib/111539124429384367616/reviews?hl=zh-TW
阿誠牛肉湯,James L,在地嚮導 · 47 則評論 · 3 張相片,7 年前,5 顆星,好吃又便宜，讚！,https://www.google.com/maps/contrib/111860345703965585012/reviews?hl=zh-TW
阿誠牛肉湯,kasa yang,在地嚮導 · 33 則評論 · 40 張相片,7 年前,4 顆星,很大碗,https://www.google.com/maps/contrib/111669265351573833282/reviews?hl=zh-TW
阿誠牛肉湯,W D,在地嚮導 · 88 則評論 · 7 張相片,7 年前,5 顆星,"牛肉湯好喝,手工芋頭冰好吃,價格都不貴",https://www.google.com/maps/contrib/112728876428480932328/reviews?hl=zh-TW
阿誠牛肉湯,PY Kao,在地嚮導 · 39 則評論 · 59 張相片,7 年前,4 顆星,老闆娘很熱情。牛丼飯分量十足，且蔬菜很多。本來有額外單點燙青菜，老闆娘先上牛丼飯後，再問說確定是否還需要燙青菜。讓我們不會點太多吃不完。,https://www.google.com/maps/contrib/112101470976175148609/reviews?hl=zh-TW
阿誠牛肉湯,黃建良,在地嚮導 · 14 則評論 · 8 張相片,7 年前,5 顆星,牛肉湯特鮮，好吃，來台南不嚐會遺憾。老闆熱情，不來會後悔,https://www.google.com/maps/contrib/111621672135038858043/reviews?hl=zh-TW
阿誠牛肉湯,我愛桌球郵購園地-PP桌球拍Tony HSU,在地嚮導 · 27 則評論 · 87 張相片,7 年前,5 顆星,好吃的私房料理，俗又大碗---直得您到此品嘗台南道地的美食---,https://www.google.com/maps/contrib/107758859321481074856/reviews?hl=zh-TW
阿誠牛肉湯,boy Astro,"在地嚮導 · 561 則評論 · 1,945 張相片",8 年前,5 顆星,便宜又大碗，好吃又實在。老闆超級熱情！,https://www.google.com/maps/contrib/110315195301195806408/reviews?hl=zh-TW
阿誠牛肉湯,許朝陽,在地嚮導 · 96 則評論 · 168 張相片,8 年前,3 顆星,,https://www.google.com/maps/contrib/106823425360236788383/reviews?hl=zh-TW
阿誠牛肉湯,郭大可,在地嚮導 · 62 則評論 · 27 張相片,8 年前,3 顆星,,https://www.google.com/maps/contrib/103266842624655130026/reviews?hl=zh-TW
阿誠牛肉湯,cmobot H,3 則評論,8 年前,3 顆星,,https://www.google.com/maps/contrib/101358873363653354392/reviews?hl=zh-TW
阿誠牛肉湯,江阿球,在地嚮導 · 42 則評論 · 10 張相片,8 年前,4 顆星,味道不錯，菜色也比較多。,https://www.google.com/maps/contrib/102059701469418469381/reviews?hl=zh-TW
阿誠牛肉湯,Maji Me,在地嚮導 · 153 則評論 · 50 張相片,8 年前,4 顆星,什麼都賣,https://www.google.com/maps/contrib/115725276822649666344/reviews?hl=zh-TW
阿誠牛肉湯,陳嘉宏,在地嚮導 · 46 則評論 · 131 張相片,8 年前,4 顆星,,https://www.google.com/maps/contrib/112596658000457442740/reviews?hl=zh-TW
阿誠牛肉湯,胡順銘,"在地嚮導 · 69 則評論 · 2,844 張相片",8 年前,3 顆星,便宜好吃的料理,https://www.google.com/maps/contrib/109672668437985000766/reviews?hl=zh-TW
阿誠牛肉湯,Aurora,在地嚮導 · 37 則評論 · 4 張相片,8 年前,5 顆星,牛肉湯清甜好喝，一喝就忘不了 下次有機會來臺南一定再次拜訪！,https://www.google.com/maps/contrib/105543165295172999102/reviews?hl=zh-TW
阿誠牛肉湯,荊昭白晝,在地嚮導 · 34 則評論 · 6 張相片,8 年前,4 顆星,這家牛肉湯好吃，肉燥飯讚讚。好吃。,https://www.google.com/maps/contrib/114001031516353314466/reviews?hl=zh-TW
阿誠牛肉湯,楊可樂,在地嚮導 · 517 則評論 · 771 張相片,8 年前,5 顆星,真的物超所值（對寵物非常友善哦～還會送狗狗牛大骨！！大家一起吃飽飽,https://www.google.com/maps/contrib/105973345375868117828/reviews?hl=zh-TW
阿誠牛肉湯,Ryan Chen,"在地嚮導 · 1,244 則評論 · 10,631 張相片",8 年前,4 顆星,料多實在，好吃,https://www.google.com/maps/contrib/103423329984515990953/reviews?hl=zh-TW
阿誠牛肉湯,Bell Ring,2 則評論,8 年前,5 顆星,到台南想吃道地的牛肉湯及牛肉肉燥飯，我推薦俗哥喝呷牛料理，因為我是在地人，我知道阿誠老闆本著良心做料理。到台南旅遊的好朋友，不要迷信fb或所謂美食節目達人推薦，也不用在其他的牛肉店（攤）排隊等待，到俗哥喝呷保證讓你物超所值，回味再三。Trust me!跟著在地人就沒錯。,https://www.google.com/maps/contrib/103956037357004160253/reviews?hl=zh-TW
阿誠牛肉湯,呂琦玉,4 則評論 · 4 張相片,8 年前,5 顆星,只有讚,https://www.google.com/maps/contrib/107319218544729002168/reviews?hl=zh-TW
阿誠牛肉湯,Yi-Ta Pan,"在地嚮導 · 514 則評論 · 1,734 張相片",8 年前,4 顆星,便宜又大碗 推薦羊肉爐 口水雞跟 無骨牛小排,https://www.google.com/maps/contrib/109862858023239937735/reviews?hl=zh-TW
阿誠牛肉湯,yunchu hsu,在地嚮導 · 21 則評論 · 23 張相片,8 年前,3 顆星,,https://www.google.com/maps/contrib/118412160358428315827/reviews?hl=zh-TW
阿誠牛肉湯,阿梅佳麟,在地嚮導 · 88 則評論 · 361 張相片,8 年前,4 顆星,,https://www.google.com/maps/contrib/100615102826789251384/reviews?hl=zh-TW
阿誠牛肉湯,許建台,12 則評論 · 3 張相片,8 年前,5 顆星,就是好吃,https://www.google.com/maps/contrib/101166184906905550756/reviews?hl=zh-TW
阿誠牛肉湯,Jason Lin,在地嚮導 · 6 則評論 · 17 張相片,8 年前,5 顆星,,https://www.google.com/maps/contrib/110842254008051557314/reviews?hl=zh-TW
阿誠牛肉湯,川瀬隆,在地嚮導 · 7 則評論 · 35 張相片,8 年前,4 顆星,,https://www.google.com/maps/contrib/113449409471982269043/reviews?hl=zh-TW
阿誠牛肉湯,YR Lai,在地嚮導 · 246 則評論 · 95 張相片,8 年前,4 顆星,辣炒牛舌超級好吃,https://www.google.com/maps/contrib/113016439435109837491/reviews?hl=zh-TW
阿誠牛肉湯,Peter H,"在地嚮導 · 1,085 則評論",8 年前,4 顆星,"俗哥喝呷牛料理(阿誠牛肉湯）便宜又好吃~~肉燥飯能排前三名~~~~
超值美味芒果冰~~阿誠牛肉湯!!",https://www.google.com/maps/contrib/110516864467791584412/reviews?hl=zh-TW
阿誠牛肉湯,HUANG HUANG HUANG,在地嚮導 · 28 則評論 · 39 張相片,8 年前,5 顆星,,https://www.google.com/maps/contrib/115965168512667212275/reviews?hl=zh-TW
阿誠牛肉湯,陳郁蓁,1 則評論,8 年前,5 顆星,物廉價美,https://www.google.com/maps/contrib/106823996014405570651/reviews?hl=zh-TW
阿誠牛肉湯,totoro Hsu,"在地嚮導 · 51 則評論 · 2,841 張相片",8 年前,4 顆星,,https://www.google.com/maps/contrib/108953283497291539694/reviews?hl=zh-TW
阿誠牛肉湯,La Jola,"在地嚮導 · 488 則評論 · 2,041 張相片",8 年前,5 顆星,美味的食物,https://www.google.com/maps/contrib/114493450511709091985/reviews?hl=zh-TW
阿誠牛肉湯,JH Wu,在地嚮導 · 2 則評論 · 36 張相片,8 年前,1 顆星,,https://www.google.com/maps/contrib/115324086336963644872/reviews?hl=zh-TW
阿誠牛肉湯,林盈辰,在地嚮導 · 53 則評論 · 97 張相片,8 年前,4 顆星,好吃,https://www.google.com/maps/contrib/101536677610258332992/reviews?hl=zh-TW
阿誠牛肉湯,明山李,在地嚮導 · 125 則評論 · 356 張相片,8 年前,5 顆星,老闆娘超熱情，牛肉新鮮，湯頭好,https://www.google.com/maps/contrib/113150760367817914100/reviews?hl=zh-TW
阿誠牛肉湯,Fred,在地嚮導 · 292 則評論 · 732 張相片,8 年前,5 顆星,好吃,https://www.google.com/maps/contrib/102508068331324590294/reviews?hl=zh-TW
阿誠牛肉湯,TAKER Wu,在地嚮導 · 48 則評論 · 55 張相片,8 年前,2 顆星,牛肉湯肉有點老,https://www.google.com/maps/contrib/105437778223298375596/reviews?hl=zh-TW
阿誠牛肉湯,Cristi Seah,14 則評論 · 6 張相片,8 年前,5 顆星,"真的好吃！牛肉湯好甜不會有腥味，臉頰肉很嫩、香爆牛腩筋也好香很好吃！滷肉飯便宜....滷肉爛爛的入口即化❤️
重點老闆娘好親切，會跟客人聊天。
週二公休。",https://www.google.com/maps/contrib/108623052092621199577/reviews?hl=zh-TW
阿誠牛肉湯,中村詠吉,,8 年前,5 顆星,,https://www.google.com/maps/contrib/105591557498443232700/reviews?hl=zh-TW
阿誠牛肉湯,朱家賢,"在地嚮導 · 356 則評論 · 1,487 張相片",8 年前,5 顆星,"牛肉湯好喝價格也不貴，老闆很熱情
牛肉丼飯,燙青菜份量很大",https://www.google.com/maps/contrib/103868556889855311261/reviews?hl=zh-TW
阿誠牛肉湯,Alison,在地嚮導 · 610 則評論 · 994 張相片,8 年前,5 顆星,"牛肉湯好喝到不行！！😭
牛肉丼飯也很不錯～皇宮菜份量大野味十足超讚👍🏻✨
老闆娘跟老闆都很親切熱情～飯後還要請我們吃冰～☺️
很棒的店！下次一定會再光顧！ …",https://www.google.com/maps/contrib/116384964022546452264/reviews?hl=zh-TW
阿誠牛肉湯,Allen H. Chang,在地嚮導 · 35 則評論 · 108 張相片,8 年前,5 顆星,,https://www.google.com/maps/contrib/104831737319833854860/reviews?hl=zh-TW
阿誠牛肉湯,Wisteria,在地嚮導 · 44 則評論 · 582 張相片,8 年前,5 顆星,便宜，真才實料，最推薦金錢肉，友善的店面，盡美食俗哥大碗。,https://www.google.com/maps/contrib/107942270802184347194/reviews?hl=zh-TW
阿誠牛肉湯,ruolan chen,在地嚮導 · 29 則評論 · 75 張相片,8 年前,5 顆星,"牛肉湯好喝
更推薦芒果冰，cp值超高
好好吃 …",https://www.google.com/maps/contrib/116423802229867241230/reviews?hl=zh-TW
阿誠牛肉湯,蔡俊卿,2 則評論 · 3 張相片,8 年前,5 顆星,湯頭道地，牛肉新鮮，又大份，很親切的老闆，物超所值,https://www.google.com/maps/contrib/115123264297077633865/reviews?hl=zh-TW
阿誠牛肉湯,莊博甯,在地嚮導 · 310 則評論 · 125 張相片,8 年前,5 顆星,就是好吃,https://www.google.com/maps/contrib/108640680163475803725/reviews?hl=zh-TW
阿誠牛肉湯,陳豆腐,在地嚮導 · 105 則評論 · 374 張相片,8 年前,5 顆星,便宜實在,https://www.google.com/maps/contrib/100005463423977762795/reviews?hl=zh-TW
阿誠牛肉湯,Joyce Chang,"在地嚮導 · 497 則評論 · 2,557 張相片",8 年前,3 顆星,,https://www.google.com/maps/contrib/105993623535093132970/reviews?hl=zh-TW
阿誠牛肉湯,魚魚,在地嚮導 · 79 則評論 · 61 張相片,8 年前,5 顆星,,https://www.google.com/maps/contrib/101086672903823065143/reviews?hl=zh-TW
阿誠牛肉湯,Richard Wang,"在地嚮導 · 1,144 則評論 · 497 張相片",8 年前,5 顆星,真的好吃!!雖然我是台南人，但卻是第一次在台南吃牛肉湯!!XD,https://www.google.com/maps/contrib/111945914468895621125/reviews?hl=zh-TW
阿誠牛肉湯,abby Yen,在地嚮導 · 33 則評論,9 年前,5 顆星,牛肉湯好吃沒有血腥味！,https://www.google.com/maps/contrib/100370010480413025895/reviews?hl=zh-TW
阿誠牛肉湯,Julie Wu,"在地嚮導 · 638 則評論 · 1,674 張相片",9 年前,5 顆星,CP值好高!!! 推推推,https://www.google.com/maps/contrib/102916305688477570907/reviews?hl=zh-TW
阿誠牛肉湯,張懷文,在地嚮導 · 86 則評論 · 6 張相片,9 年前,5 顆星,老闆人很好 價錢便宜 味道不錯,https://www.google.com/maps/contrib/113128288465638074034/reviews?hl=zh-TW
阿誠牛肉湯,David Clarkson,在地嚮導 · 209 則評論 · 129 張相片,9 年前,3 顆星,老闆娘很熱心服務也不錯，喝牛肉湯得永生,https://www.google.com/maps/contrib/114537327000864606385/reviews?hl=zh-TW
阿誠牛肉湯,Mark Ke,在地嚮導 · 161 則評論 · 98 張相片,9 年前,2 顆星,普通,https://www.google.com/maps/contrib/117781313567206392239/reviews?hl=zh-TW
阿誠牛肉湯,Henry Mao,"在地嚮導 · 961 則評論 · 4,707 張相片",9 年前,3 顆星,還好,https://www.google.com/maps/contrib/112983085990064459773/reviews?hl=zh-TW
阿誠牛肉湯,Terry Ou,,9 年前,5 顆星,,https://www.google.com/maps/contrib/110731737414541036814/reviews?hl=zh-TW
阿誠牛肉湯,黃小芸,2 則評論,9 年前,4 顆星,,https://www.google.com/maps/contrib/103992069811560470770/reviews?hl=zh-TW
阿誠牛肉湯,張劭謙,在地嚮導 · 197 則評論 · 501 張相片,9 年前,5 顆星,超值,https://www.google.com/maps/contrib/106015624175897751874/reviews?hl=zh-TW
阿誠牛肉湯,Rodman,在地嚮導 · 57 則評論 · 4 張相片,9 年前,4 顆星,讚,https://www.google.com/maps/contrib/111092886339759316789/reviews?hl=zh-TW
阿誠牛肉湯,Tim,7 則評論 · 5 張相片,9 年前,4 顆星,,https://www.google.com/maps/contrib/110554774410376416582/reviews?hl=zh-TW
洋金菸酒,林楷洺,1 則評論,3 個月前,5 顆星,服務態度熱情,https://www.google.com/maps/contrib/112592176047725608714/reviews?hl=zh-TW
洋金菸酒,蔡紘,16 則評論 · 7 張相片,7 個月前,5 顆星,"闆娘人超nice,價格親民",https://www.google.com/maps/contrib/109582796937285753555/reviews?hl=zh-TW
洋金菸酒,邱明發,5 則評論,7 個月前,5 顆星,價格親民,https://www.google.com/maps/contrib/108604241931092660310/reviews?hl=zh-TW
洋金菸酒,劉宗偉,3 則評論,7 個月前,5 顆星,"老闆娘人漂亮,服務又好",https://www.google.com/maps/contrib/110450920740455891524/reviews?hl=zh-TW
洋金菸酒,米勒,5 則評論 · 2 張相片,8 個月前,5 顆星,"☺️好辣
美女真辣",https://www.google.com/maps/contrib/100416588825653779553/reviews?hl=zh-TW
洋金菸酒,晴,8 則評論 · 2 張相片,8 個月前,5 顆星,價格親民哦..闆娘人很好.😍 …,https://www.google.com/maps/contrib/113770648991083040788/reviews?hl=zh-TW
洋金菸酒,阿傑,6 則評論 · 1 張相片,8 個月前,5 顆星,價格親民，闆娘親切，很辣🤤 …,https://www.google.com/maps/contrib/108764699739522827026/reviews?hl=zh-TW
洋金菸酒,呂明哲,在地嚮導 · 100 則評論 · 321 張相片,8 個月前,5 顆星,"老闆娘很親切
我家小朋友進去買蛋買飲料有時候拿糖果跟餅乾給小朋友吃
反而餅乾跟糖果比要買的商品貴
根本是出來交朋友的不是出來開店的
這麼親切的老闆娘一定要用新台幣給他下架",https://www.google.com/maps/contrib/111056625457687995347/reviews?hl=zh-TW
洋金菸酒,劉昌杰,3 則評論 · 5 張相片,8 個月前,5 顆星,讚！,https://www.google.com/maps/contrib/106307491428557222081/reviews?hl=zh-TW
洋金菸酒,黃昱彰,,8 個月前,5 顆星,,https://www.google.com/maps/contrib/108647823412661414537/reviews?hl=zh-TW
洋金菸酒,黃敏碩,1 則評論,8 個月前,5 顆星,"美麗老闆娘親切體貼，像家人朋友一般，商品價位合理，推薦有菸酒飲品的需求
前往店內詢問購置",https://www.google.com/maps/contrib/117683399412494325801/reviews?hl=zh-TW
洋金菸酒,麻吉一族李瑞良,3 則評論 · 1 張相片,8 個月前,5 顆星,"闆娘，服務好，人美。
這邊沒有真情在
只有一瓶3000塊😆 …",https://www.google.com/maps/contrib/108108229417132574211/reviews?hl=zh-TW
洋金菸酒,郭上華,3 則評論,8 個月前,5 顆星,,https://www.google.com/maps/contrib/108778577144335094467/reviews?hl=zh-TW
洋金菸酒,Amy lee,在地嚮導 · 88 則評論 · 797 張相片,8 個月前,5 顆星,老闆娘親切又漂亮,https://www.google.com/maps/contrib/103441074009203952219/reviews?hl=zh-TW
洋金菸酒,Kimi,7 則評論,8 個月前,5 顆星,闆娘漂亮人又親切，強力推薦👍 …,https://www.google.com/maps/contrib/104731088433641056805/reviews?hl=zh-TW
洋金菸酒,黃偉修,,8 個月前,5 顆星,,https://www.google.com/maps/contrib/104695107941661136221/reviews?hl=zh-TW
洋金菸酒,A-Lu Du,3 則評論 · 1 張相片,8 個月前,5 顆星,親切,https://www.google.com/maps/contrib/102305634265535905995/reviews?hl=zh-TW
洋金菸酒,陳慧諭,1 則評論,8 個月前,5 顆星,,https://www.google.com/maps/contrib/116281578048977386049/reviews?hl=zh-TW
洋金菸酒,吳俊億,3 則評論 · 1 張相片,8 個月前,5 顆星,價錢合理.可以去購買,https://www.google.com/maps/contrib/100138170803190510938/reviews?hl=zh-TW
洋金菸酒,酒標吧,27 則評論 · 6 張相片,8 個月前,5 顆星,"買酒方便酒款豐富
闆娘漂亮，又親切大推👍👍 …",https://www.google.com/maps/contrib/104509496274472015845/reviews?hl=zh-TW
洋金菸酒,李永龍,1 則評論,8 個月前,5 顆星,,https://www.google.com/maps/contrib/117433744950420494245/reviews?hl=zh-TW
洋金菸酒,王宴,在地嚮導 · 68 則評論 · 31 張相片,8 個月前,5 顆星,美女店員服務態度超好。,https://www.google.com/maps/contrib/109035187264969350616/reviews?hl=zh-TW
洋金菸酒,吳雅琪,4 則評論,8 個月前,5 顆星,服務很好，價錢比別家便宜，找這家買就對了,https://www.google.com/maps/contrib/100610028438096179195/reviews?hl=zh-TW
洋金菸酒,双海,3 則評論,8 個月前,5 顆星,闆娘美麗又漂亮..商品多價格又公道,https://www.google.com/maps/contrib/110684634285018931980/reviews?hl=zh-TW
洋金菸酒,王美娟,3 則評論,8 個月前,5 顆星,小姐服務很親切,https://www.google.com/maps/contrib/101715716901234713945/reviews?hl=zh-TW
洋金菸酒,陳昱齊,2 則評論 · 1 張相片,8 個月前,5 顆星,,https://www.google.com/maps/contrib/111988906748146810202/reviews?hl=zh-TW
洋金菸酒,柯昆茂,1 則評論 · 1 張相片,8 個月前,5 顆星,服務好。,https://www.google.com/maps/contrib/115485896317284074010/reviews?hl=zh-TW
洋金菸酒,黃榮敏,7 則評論 · 11 張相片,8 個月前,5 顆星,闆娘很辣，超有親和力，走過路過不要錯過喔！,https://www.google.com/maps/contrib/105492214276050587058/reviews?hl=zh-TW
洋金菸酒,Lee Iris,2 則評論,8 個月前,5 顆星,,https://www.google.com/maps/contrib/107707852310902594149/reviews?hl=zh-TW
洋金菸酒,皇庭,在地嚮導 · 37 則評論 · 24 張相片,8 個月前,5 顆星,"最愛來找美女姐姐啦😚
服務好 東西讚👍 …",https://www.google.com/maps/contrib/103023662014334414207/reviews?hl=zh-TW
洋金菸酒,賴著倪,7 則評論 · 2 張相片,8 個月前,5 顆星,老闆娘親切又水嘎💕💕 …,https://www.google.com/maps/contrib/113841750791750338056/reviews?hl=zh-TW
洋金菸酒,Kaydow Su,17 則評論 · 5 張相片,8 個月前,5 顆星,服務極佳，價格親民,https://www.google.com/maps/contrib/104794193881790341684/reviews?hl=zh-TW
洋金菸酒,潘少,1 則評論,8 個月前,5 顆星,,https://www.google.com/maps/contrib/116239704952849193876/reviews?hl=zh-TW
洋金菸酒,黃祺翔,2 則評論 · 1 張相片,8 個月前,5 顆星,,https://www.google.com/maps/contrib/100349909266688381760/reviews?hl=zh-TW
洋金菸酒,aas aas,2 則評論,8 個月前,5 顆星,服務好老闆娘又漂亮,https://www.google.com/maps/contrib/103518861460282768162/reviews?hl=zh-TW
洋金菸酒,林榮昭,2 則評論,8 個月前,5 顆星,,https://www.google.com/maps/contrib/107676392856539926718/reviews?hl=zh-TW
洋金菸酒,王淑貞,3 則評論,8 個月前,5 顆星,親切，服務好。,https://www.google.com/maps/contrib/110273405447423642154/reviews?hl=zh-TW
洋金菸酒,劉玉真,4 則評論,8 個月前,5 顆星,闆美麗大方又健談，已回購多次，價格超親民而且闆會針對您的需求介紹產品唷！,https://www.google.com/maps/contrib/104077939991346979826/reviews?hl=zh-TW
洋金菸酒,紹瑋邱,8 則評論 · 1 張相片,8 個月前,5 顆星,美麗闆娘身材火辣，價格公道～,https://www.google.com/maps/contrib/114368749148947541720/reviews?hl=zh-TW
洋金菸酒,盧姿盈,4 則評論 · 2 張相片,8 個月前,5 顆星,闆娘好漂亮,https://www.google.com/maps/contrib/104154170327712037170/reviews?hl=zh-TW
洋金菸酒,我很妖,5 則評論,8 個月前,5 顆星,服務超好，價格親民,https://www.google.com/maps/contrib/102518073648540575819/reviews?hl=zh-TW
洋金菸酒,江家其,1 則評論,8 個月前,5 顆星,親民小舖，值得推薦,https://www.google.com/maps/contrib/101388532035796253688/reviews?hl=zh-TW
洋金菸酒,吳美惠,,8 個月前,5 顆星,,https://www.google.com/maps/contrib/103143019904498085162/reviews?hl=zh-TW
洋金菸酒,陳宇華,在地嚮導 · 1 則評論 · 83 張相片,8 個月前,5 顆星,服務超好的一間店 值得推薦,https://www.google.com/maps/contrib/111520416634548950700/reviews?hl=zh-TW
洋金菸酒,Romeo Chen,2 則評論 · 3 張相片,8 個月前,5 顆星,親民小鋪，物超所值,https://www.google.com/maps/contrib/100004889344344730089/reviews?hl=zh-TW
洋金菸酒,張閃閃,2 則評論,8 個月前,5 顆星,老闆娘年輕漂亮，親切又專業，菸酒品項齊全，連雞蛋都有，以小型雜貨菸酒店來說，算是很棒的地方，推推👍👍 …,https://www.google.com/maps/contrib/101358657450245094210/reviews?hl=zh-TW
洋金菸酒,阿忠,13 則評論 · 2 張相片,8 個月前,5 顆星,老闆娘親切漂亮。不管是什麼酒都能幫你找到。,https://www.google.com/maps/contrib/111542505673620476384/reviews?hl=zh-TW
洋金菸酒,gu Hank,1 則評論,8 個月前,5 顆星,老闆娘親切和善美麗大方！不光顧對不起自己,https://www.google.com/maps/contrib/114801645694943352351/reviews?hl=zh-TW
洋金菸酒,楊依橙,5 則評論 · 1 張相片,8 個月前,5 顆星,滿滿五顆星,https://www.google.com/maps/contrib/116880505424806401001/reviews?hl=zh-TW
洋金菸酒,莊峰,1 則評論,8 個月前,5 顆星,老闆娘很辣喔,https://www.google.com/maps/contrib/101838671494965523131/reviews?hl=zh-TW
洋金菸酒,阿仁,在地嚮導 · 12 則評論 · 5 張相片,8 個月前,5 顆星,,https://www.google.com/maps/contrib/104858272776290262005/reviews?hl=zh-TW
洋金菸酒,凡夫俗子,3 則評論 · 2 張相片,8 個月前,5 顆星,"人超好的闆娘也是個大美女
需要菸酒的朋友可以光顧",https://www.google.com/maps/contrib/115502911252921560362/reviews?hl=zh-TW
洋金菸酒,思念界線,9 則評論 · 2 張相片,8 個月前,5 顆星,有我想要的菸，姐姐人很好,https://www.google.com/maps/contrib/104095209523552136121/reviews?hl=zh-TW
洋金菸酒,許慈惠,在地嚮導 · 8 則評論 · 10 張相片,8 個月前,4 顆星,,https://www.google.com/maps/contrib/111357416643597412100/reviews?hl=zh-TW
洋金菸酒,徐誠鴻,1 則評論,8 個月前,5 顆星,服務只有讚而已🫡 …,https://www.google.com/maps/contrib/117851338771640372409/reviews?hl=zh-TW
洋金菸酒,黃鈺婷,3 則評論,8 個月前,5 顆星,,https://www.google.com/maps/contrib/108077991770009876669/reviews?hl=zh-TW
洋金菸酒,DJ-spider 熊,8 則評論 · 3 張相片,8 個月前,5 顆星,"櫃檯有漂亮小姊姊
顧客至上 讚啦👍 …",https://www.google.com/maps/contrib/107733871011855743873/reviews?hl=zh-TW
洋金菸酒,吳明隆,2 則評論,8 個月前,5 顆星,服務好的菸酒店,https://www.google.com/maps/contrib/108279215342591092759/reviews?hl=zh-TW
洋金菸酒,李豈銘,4 則評論,8 個月前,5 顆星,"服務超級好
大家需要菸酒的人可以去哦",https://www.google.com/maps/contrib/100967291914967388710/reviews?hl=zh-TW
洋金菸酒,王淑真,9 則評論 · 1 張相片,8 個月前,5 顆星,"闆娘超級辣～
辣到讓你跪地膜拜
歡迎俊男美女來光顧🤌 …",https://www.google.com/maps/contrib/108199980538414161156/reviews?hl=zh-TW
洋金菸酒,張美娟,,8 個月前,5 顆星,,https://www.google.com/maps/contrib/110583403485765474270/reviews?hl=zh-TW
洋金菸酒,Sam Chen,在地嚮導 · 135 則評論 · 822 張相片,8 個月前,5 顆星,價格親民又實在，闆娘服務親切。,https://www.google.com/maps/contrib/100732673717947298230/reviews?hl=zh-TW
洋金菸酒,林政賢,1 則評論,8 個月前,5 顆星,,https://www.google.com/maps/contrib/100373011026184393171/reviews?hl=zh-TW
洋金菸酒,0117 ken,9 則評論 · 2 張相片,8 個月前,5 顆星,價格公道服務又好 優質店👍 …,https://www.google.com/maps/contrib/110256698707796525597/reviews?hl=zh-TW
洋金菸酒,JieQ Wang,2 則評論,8 個月前,5 顆星,,https://www.google.com/maps/contrib/117819688320920531918/reviews?hl=zh-TW
洋金菸酒,蔡國樟,2 則評論 · 1 張相片,8 個月前,5 顆星,,https://www.google.com/maps/contrib/107002137298965886739/reviews?hl=zh-TW
洋金菸酒,趙俊瑋,1 則評論,8 個月前,5 顆星,闆娘漂亮，東西的價格實在,https://www.google.com/maps/contrib/111036482542865973776/reviews?hl=zh-TW
洋金菸酒,張博淮,4 則評論 · 2 張相片,8 個月前,5 顆星,,https://www.google.com/maps/contrib/115947277152862036688/reviews?hl=zh-TW
洋金菸酒,Bunny Lu,9 則評論,8 個月前,5 顆星,闆娘以客為尊、顧客至上👏 …,https://www.google.com/maps/contrib/111459752508386707202/reviews?hl=zh-TW
洋金菸酒,木易峰易,1 則評論 · 2 張相片,8 個月前,5 顆星,,https://www.google.com/maps/contrib/114702914940848407659/reviews?hl=zh-TW
洋金菸酒,陳小冠,5 則評論,8 個月前,5 顆星,很親切的老闆娘😏😏😏 …,https://www.google.com/maps/contrib/114219043506322589115/reviews?hl=zh-TW
洋金菸酒,杜瑋,在地嚮導 · 21 則評論 · 3 張相片,8 個月前,5 顆星,,https://www.google.com/maps/contrib/109454822058389224655/reviews?hl=zh-TW
洋金菸酒,徐天龍,1 則評論,8 個月前,5 顆星,五顆星,https://www.google.com/maps/contrib/103982239248682349050/reviews?hl=zh-TW
洋金菸酒,陳Deemer,,8 個月前,5 顆星,,https://www.google.com/maps/contrib/101261265591105578837/reviews?hl=zh-TW
洋金菸酒,李健銘,2 則評論,8 個月前,5 顆星,"闆娘：服務極佳，重點賣的東西價錢親民💰
更特別的是：闆娘超級辣！前凸後翹。YA …",https://www.google.com/maps/contrib/115480901766838602416/reviews?hl=zh-TW
洋金菸酒,李權志,在地嚮導 · 8 則評論 · 17 張相片,8 個月前,5 顆星,這家店有正妹姐姐在顧！人美心善喲！,https://www.google.com/maps/contrib/109959225353845644484/reviews?hl=zh-TW
洋金菸酒,陳振嘉,3 則評論,8 個月前,5 顆星,,https://www.google.com/maps/contrib/114576287391913439651/reviews?hl=zh-TW
洋金菸酒,張小犬,5 則評論,8 個月前,5 顆星,,https://www.google.com/maps/contrib/102009050319401764814/reviews?hl=zh-TW
洋金菸酒,林大頭,10 則評論 · 5 張相片,8 個月前,5 顆星,"態度親切
老闆美麗大方",https://www.google.com/maps/contrib/111468148668976747292/reviews?hl=zh-TW
洋金菸酒,許堯鈁,,8 個月前,5 顆星,,https://www.google.com/maps/contrib/102180548857730084999/reviews?hl=zh-TW
洋金菸酒,小鍏許,11 則評論 · 3 張相片,8 個月前,5 顆星,價錢公道呀！,https://www.google.com/maps/contrib/106790236203731775805/reviews?hl=zh-TW
洋金菸酒,蔡岱玲,4 則評論 · 1 張相片,8 個月前,5 顆星,優質店家,https://www.google.com/maps/contrib/109099578054106120690/reviews?hl=zh-TW
洋金菸酒,張誌文,16 則評論 · 2 張相片,8 個月前,5 顆星,物美價廉 需要菸酒就來這👍 …,https://www.google.com/maps/contrib/107396284344918908920/reviews?hl=zh-TW
洋金菸酒,胡妡語,3 則評論 · 6 張相片,8 個月前,5 顆星,"闆娘：服務極佳，重點賣的東西價錢親民💰
更特別的是：闆娘超級辣！美噠噠 …",https://www.google.com/maps/contrib/112447560930749325386/reviews?hl=zh-TW
洋金菸酒,張家銘,2 則評論,8 個月前,5 顆星,服務好，態度親切,https://www.google.com/maps/contrib/106163525940464166614/reviews?hl=zh-TW
洋金菸酒,李峰楠,1 則評論,8 個月前,5 顆星,菸酒種類多樣，價美物廉，態度親切,https://www.google.com/maps/contrib/104527798693865126477/reviews?hl=zh-TW
洋金菸酒,歐滴,4 則評論 · 2 張相片,8 個月前,5 顆星,辣娘子一枚，該凸有凸，該有都有，服務好,https://www.google.com/maps/contrib/113629025468033769338/reviews?hl=zh-TW
洋金菸酒,許朝棟,在地嚮導 · 17 則評論 · 9 張相片,8 個月前,5 顆星,服務親切，待人和善，到此購買還能看到美麗的美女老板。絕對物超所值！,https://www.google.com/maps/contrib/107133832237175808416/reviews?hl=zh-TW
洋金菸酒,洪振瑋,4 則評論,8 個月前,5 顆星,阿姐人很親切服務 人漂亮又搞笑,https://www.google.com/maps/contrib/112400842578519410395/reviews?hl=zh-TW
洋金菸酒,wen lu,在地嚮導 · 28 則評論 · 101 張相片,8 個月前,5 顆星,闆娘親切服務，人又長的漂亮，價格合理！推薦👍 …,https://www.google.com/maps/contrib/114915662880122704247/reviews?hl=zh-TW
洋金菸酒,吳昇賢,5 則評論 · 4 張相片,8 個月前,5 顆星,晚上買東西...🤣打電話給老闆娘比較保險，她會提前離開喔 …,https://www.google.com/maps/contrib/104694020994873484703/reviews?hl=zh-TW
洋金菸酒,陳建宏,在地嚮導 · 5 則評論 · 5 張相片,8 個月前,5 顆星,停車方便.價格合理,https://www.google.com/maps/contrib/107614869101525296901/reviews?hl=zh-TW
洋金菸酒,董雅惠,11 則評論 · 3 張相片,8 個月前,5 顆星,"闆娘漂亮又親切，很有耐心的回復我，
想要找什麼都會幫我找，服務超好☺️☺️",https://www.google.com/maps/contrib/111945943743326957665/reviews?hl=zh-TW
洋金菸酒,陳元陞,1 則評論,8 個月前,5 顆星,停車方便、貨品齊全、親切專業,https://www.google.com/maps/contrib/116821555184020348621/reviews?hl=zh-TW
洋金菸酒,王錦玉,在地嚮導 · 1 則評論 · 1 張相片,8 個月前,5 顆星,,https://www.google.com/maps/contrib/114064161084277390832/reviews?hl=zh-TW
洋金菸酒,林芷語,在地嚮導 · 46 則評論 · 105 張相片,8 個月前,5 顆星,"老闆娘很正點😍, 服務也很好!
有需要可以跟她訂購煙酒!🚬🍺
很常回購!讚👍！ …",https://www.google.com/maps/contrib/111302217466135799633/reviews?hl=zh-TW
洋金菸酒,陳高進,4 則評論,8 個月前,5 顆星,,https://www.google.com/maps/contrib/105411019164634458634/reviews?hl=zh-TW
洋金菸酒,Huang Sky (Sola),在地嚮導 · 23 則評論 · 2 張相片,8 個月前,5 顆星,專業程度佳 態度非常好,https://www.google.com/maps/contrib/113417939827206744526/reviews?hl=zh-TW
洋金菸酒,熊熊,7 則評論 · 3 張相片,8 個月前,5 顆星,老闆娘。和藹可親。善解人意 人美心善。價格合理,https://www.google.com/maps/contrib/101631533155604685111/reviews?hl=zh-TW
洋金菸酒,蔡宗翰（阿翰）,4 則評論,8 個月前,5 顆星,老闆娘天使臉孔魔鬼的身材，服務親切又大方，歡迎顧客多多來交關。,https://www.google.com/maps/contrib/104928775025917731368/reviews?hl=zh-TW
無敵banana,蛋糕,2 則評論,4 個月前,5 顆星,"這間香蕉煎餅是可以吃到跟老闆認識的程度了
小建議！盡量買的當下就吃不然那個口感跟脆度就不見了",https://www.google.com/maps/contrib/107532280579293861485/reviews?hl=zh-TW
無敵banana,mo na,"在地嚮導 · 657 則評論 · 3,477 張相片",7 個月前,5 顆星,南部第一名香蕉煎餅（先暫定南部因為還沒在北部吃過🤣）,https://www.google.com/maps/contrib/116881697351935075457/reviews?hl=zh-TW
無敵banana,Yuki Nagado,在地嚮導 · 68 則評論 · 273 張相片,8 個月前,5 顆星,現在正值榴蓮煎餅時間，愛吃榴蓮不要錯過！！,https://www.google.com/maps/contrib/108452372195620055208/reviews?hl=zh-TW
無敵banana,Snake,在地嚮導 · 137 則評論 · 267 張相片,11 個月前,5 顆星,吃過最好吃的脆皮香蕉煎餅,https://www.google.com/maps/contrib/106352847813271695264/reviews?hl=zh-TW
無敵banana,Chien,在地嚮導 · 48 則評論 · 30 張相片,11 個月前,5 顆星,"餐點滿大份的至少要兩個人一起吃
餅皮很脆不會太油 推薦美祿口味！",https://www.google.com/maps/contrib/113791106524931276785/reviews?hl=zh-TW
無敵banana,邱羽禔,"在地嚮導 · 675 則評論 · 3,040 張相片",1 年前,5 顆星,"不管是Banana還是袋奶都超讚👍
香蕉餅 外層酥脆 像餅乾 內餡的香蕉軟甜
美祿口味還是最好吃的 因為可可粉有些苦甜 能中和掉香蕉的甜
袋奶的泰奶、奶綠都好喝，奶味濃郁 也夠甜，還是最愛這裡的泰奶",https://www.google.com/maps/contrib/116262323731712414727/reviews?hl=zh-TW
無敵banana,Treeoflife,在地嚮導 · 42 則評論 · 158 張相片,1 年前,5 顆星,坦白說店名跟裝潢我會誤以為只是各種曇花一現新潮夜市小吃之一，抱著姑且一試的心態買了濃巧克力口味，原來如此，難怪這個甜點那麼紅，原來香蕉煎餅是這麼一回事，皮薄且脆，上面甜甜的巧克力跟煉乳加上中間的脆皮以及隨之而來的香蕉的香甜，很可以呀，害我把其他的小吃都先放在旁邊，默默的一個人把一盤嗑掉，比起其他小吃價位還是稍高，不過這麼好吃的異國甜點，嘻皮值給滿👍,https://www.google.com/maps/contrib/108115358814741373936/reviews?hl=zh-TW
無敵banana,劉禹彤,在地嚮導 · 40 則評論 · 88 張相片,1 年前,4 顆星,好喜歡他的餅皮好酥脆。。。。香蕉份量很有誠意。。,https://www.google.com/maps/contrib/101024600159430204988/reviews?hl=zh-TW
無敵banana,陳提花,在地嚮導 · 31 則評論 · 29 張相片,1 年前,5 顆星,"原本聽到香蕉煎餅就不吃的我
是朋友一直推薦才吃的
沒想到一吃就愛上🤩
餅皮超脆，像餅乾一樣
而且還買到老闆都認得我😂
前幾次路過都排隊沒買，
今天已經再也忍不了了
我一定要買到美祿口味！！😋😋",https://www.google.com/maps/contrib/105268939860431054671/reviews?hl=zh-TW
無敵banana,cc c.,在地嚮導 · 60 則評論 · 6 張相片,1 年前,5 顆星,"是自助投幣的方式
老闆很有趣
很愛榴槤口味
跟朋友一起吃完回到民宿後還是心心念念的
希望老闆能北上創業xD",https://www.google.com/maps/contrib/102336612626810978141/reviews?hl=zh-TW
無敵banana,李宜璇,在地嚮導 · 25 則評論,1 年前,5 顆星,,https://www.google.com/maps/contrib/114976354957197803596/reviews?hl=zh-TW
無敵banana,呂書維,在地嚮導 · 26 則評論 · 7 張相片,1 年前,5 顆星,好吃，但是越來越貴了😢,https://www.google.com/maps/contrib/112559055036232583028/reviews?hl=zh-TW
無敵banana,Eric Huang,"在地嚮導 · 191 則評論 · 1,212 張相片",1 年前,3 顆星,皮太硬，價格偏高，無驚艷感！,https://www.google.com/maps/contrib/115060814096963862651/reviews?hl=zh-TW
武聖夜市 古早味 麵煎嗲 30年老店,何倩佩,在地嚮導 · 28 則評論 · 1 張相片,3 個月前,5 顆星,便宜又好吃的麵煎嗲！👍 …,https://www.google.com/maps/contrib/107455168566564839933/reviews?hl=zh-TW
武聖夜市 古早味 麵煎嗲 30年老店,E.,在地嚮導 · 18 則評論 · 7 張相片,4 個月前,5 顆星,相信我，這絕對是（全世界）20塊可以買到最美味的食物！,https://www.google.com/maps/contrib/114213823503068540498/reviews?hl=zh-TW
武聖夜市 古早味 麵煎嗲 30年老店,李桂鳳,3 則評論 · 5 張相片,11 個月前,5 顆星,從小吃到大的古早味甜點😋 …,https://www.google.com/maps/contrib/100556653134822750266/reviews?hl=zh-TW
大眾洋行 菸酒專賣店,百樂天,在地嚮導 · 19 則評論 · 74 張相片,3 週前,5 顆星,,https://www.google.com/maps/contrib/101664478013278961957/reviews?hl=zh-TW
大眾洋行 菸酒專賣店,Han Cheng Tien,在地嚮導 · 108 則評論,3 週前,5 顆星,是有年紀的人顧店，雖然看起來很像大哥，但態度非常好非常客氣，酒種豐富齊全，很不錯。,https://www.google.com/maps/contrib/108279161903171793640/reviews?hl=zh-TW
大眾洋行 菸酒專賣店,Malone,在地嚮導 · 198 則評論 · 18 張相片,2 個月前,4 顆星,全年無休、價格實惠👍 …,https://www.google.com/maps/contrib/118340310581388668716/reviews?hl=zh-TW
大眾洋行 菸酒專賣店,郝韻,在地嚮導 · 74 則評論 · 34 張相片,1 年前,5 顆星,服務親切、外送使命必達！👍 …,https://www.google.com/maps/contrib/103072697964428481472/reviews?hl=zh-TW
大眾洋行 菸酒專賣店,金賀野,在地嚮導 · 32 則評論 · 5 張相片,1 年前,5 顆星,,https://www.google.com/maps/contrib/101822800713668458610/reviews?hl=zh-TW
大眾洋行 菸酒專賣店,曾小罐,15 則評論 · 2 張相片,2 年前,5 顆星,,https://www.google.com/maps/contrib/104629845369829035141/reviews?hl=zh-TW
大眾洋行 菸酒專賣店,林東杰（Shin Lin）,在地嚮導 · 81 則評論 · 192 張相片,2 年前,5 顆星,,https://www.google.com/maps/contrib/110224754088234292231/reviews?hl=zh-TW
大眾洋行 菸酒專賣店,張祖貴,在地嚮導 · 9 則評論 · 1 張相片,3 年前,3 顆星,,https://www.google.com/maps/contrib/106911346649138871579/reviews?hl=zh-TW
大眾洋行 菸酒專賣店,蕭世歷,在地嚮導 · 3 則評論 · 50 張相片,3 年前,3 顆星,,https://www.google.com/maps/contrib/118414258222022696029/reviews?hl=zh-TW
大眾洋行 菸酒專賣店,白智文,7 則評論 · 1 張相片,4 年前,5 顆星,,https://www.google.com/maps/contrib/102766385210625911502/reviews?hl=zh-TW
大眾洋行 菸酒專賣店,197610222,69 則評論 · 2 張相片,4 年前,5 顆星,,https://www.google.com/maps/contrib/117001905417067569304/reviews?hl=zh-TW
大眾洋行 菸酒專賣店,卓淑華,在地嚮導 · 204 則評論 · 476 張相片,4 年前,3 顆星,"住在附近也要叫
一箱啤酒才能外送
有點硬恩
希望能改進一下",https://www.google.com/maps/contrib/116592573653484153353/reviews?hl=zh-TW
大眾洋行 菸酒專賣店,林宗賢,"在地嚮導 · 311 則評論 · 1,052 張相片",5 年前,3 顆星,,https://www.google.com/maps/contrib/111977001694562614853/reviews?hl=zh-TW
大眾洋行 菸酒專賣店,吳冠霖,1 則評論,6 年前,5 顆星,,https://www.google.com/maps/contrib/109217290226422505040/reviews?hl=zh-TW
臥花sake bar（店內公告請見IG),陳陳,3 則評論,5 天前,5 顆星,"位子雖然比較少，但是喜歡喝清酒以及燒酎或威士忌是一個很好的場所
音樂的flow是我很喜歡的vibe",https://www.google.com/maps/contrib/103461930862884153460/reviews?hl=zh-TW
臥花sake bar（店內公告請見IG),次郎田宮,2 則評論 · 1 張相片,2 週前,5 顆星,"他們提供美味的飲料和美妙的氛圍。
太棒了",https://www.google.com/maps/contrib/100357692173125015633/reviews?hl=zh-TW
臥花sake bar（店內公告請見IG),Yao Feng Huang,在地嚮導 · 18 則評論 · 15 張相片,3 週前,5 顆星,"很棒又很舒服的環境
很適合週末朋友聚會小酌的場所",https://www.google.com/maps/contrib/113227599915234947745/reviews?hl=zh-TW
臥花sake bar（店內公告請見IG),謝彤,在地嚮導 · 23 則評論 · 1 張相片,4 週前,5 顆星,"有很多不同款式的燒酒跟清酒
老闆姊姊很親切！
會幫忙介紹不同風味
會從每個人不同的喜好推薦適合的酒款
然後3杯燒酒組合$800很划算❤️",https://www.google.com/maps/contrib/102783253574932057383/reviews?hl=zh-TW
臥花sake bar（店內公告請見IG),Chen Tsu Lin,9 則評論 · 5 張相片,4 週前,5 顆星,"老闆是在日本酒造工作過，且是有酒匠認證的專家
清酒跟燒酎的介紹都很專業
藏酒尤其燒酎的部分相當特別，讓人每種都想喝喝看
跟老闆聊天也相當有趣，很棒的一家店，會想再來",https://www.google.com/maps/contrib/110702088153286904678/reviews?hl=zh-TW
臥花sake bar（店內公告請見IG),Hazel,在地嚮導 · 23 則評論 · 13 張相片,4 週前,5 顆星,"種類非常多、專業但很平易近人
重點是老闆姊姊人看起來跟聊起來都一樣讚，自己來應該也很快樂",https://www.google.com/maps/contrib/111845457677198287806/reviews?hl=zh-TW
臥花sake bar（店內公告請見IG),簡御格（William Jian）,在地嚮導 · 31 則評論 · 132 張相片,1 個月前,5 顆星,"日本酒跟燒酎的選品向來都富有新意，老闆跟員工也都可以用專業的角度跟你介紹，非常推薦！
#台南燒酎女王",https://www.google.com/maps/contrib/108261243849084121509/reviews?hl=zh-TW
臥花sake bar（店內公告請見IG),葉庭嘉,1 則評論 · 1 張相片,1 個月前,5 顆星,老闆娘服務很好，酒種很多，下酒菜好吃,https://www.google.com/maps/contrib/116978141418056341026/reviews?hl=zh-TW
臥花sake bar（店內公告請見IG),皓,3 則評論,1 個月前,5 顆星,餐點好吃，老闆服務好👍,https://www.google.com/maps/contrib/111344456486620490348/reviews?hl=zh-TW
臥花sake bar（店內公告請見IG),汪汪,在地嚮導 · 16 則評論 · 4 張相片,1 個月前,5 顆星,水餃好吃，酒類很多，老闆很專業,https://www.google.com/maps/contrib/115772456609472025714/reviews?hl=zh-TW
臥花sake bar（店內公告請見IG),許舒媛,在地嚮導 · 56 則評論 · 64 張相片,1 個月前,5 顆星,"很乾淨的一個適合純飲店家
沒有什麼浮誇炫麗的酒吧裝設
酒品多元，也有日本威士忌
店員介紹仔細，好聊天、選的酒會拿下來給客人看
餐食量很少，價位不低，肚子餓的話不適合當第一間",https://www.google.com/maps/contrib/103901625241713965463/reviews?hl=zh-TW
臥花sake bar（店內公告請見IG),KUN LIN,在地嚮導 · 86 則評論 · 130 張相片,2 個月前,5 顆星,"大推！喜歡清酒或是日系酒的真的可以來嘗試！老闆娘很專業👍
隔了一年又有機會再來，酒還是一樣好喝，酒種也超多，水餃也超讚",https://www.google.com/maps/contrib/103378733734076357971/reviews?hl=zh-TW
臥花sake bar（店內公告請見IG),Ian Barron,在地嚮導 · 39 則評論 · 6 張相片,2 個月前,5 顆星,很棒的地方。工作人員很棒，讓這次體驗非常棒👍,https://www.google.com/maps/contrib/106989907088268496551/reviews?hl=zh-TW
臥花sake bar（店內公告請見IG),chienjung wu,在地嚮導 · 9 則評論 · 24 張相片,2 個月前,5 顆星,老闆介紹超專業，有各式各樣的酒類，清酒、威士忌及調酒，餐點也好吃，店內抵消500元，目前試營運中，2/17-18正式開幕，想嘗試清酒的人可以來造訪！💗,https://www.google.com/maps/contrib/103325104514836621311/reviews?hl=zh-TW
臥花sake bar（店內公告請見IG),Roksana Hsu,在地嚮導 · 11 則評論 · 35 張相片,3 個月前,5 顆星,三杯❤️開心喝～闆娘都會貼心推薦,https://www.google.com/maps/contrib/115434849129798920162/reviews?hl=zh-TW
臥花sake bar（店內公告請見IG),Roy,在地嚮導 · 17 則評論 · 6 張相片,3 個月前,5 顆星,這裡是專注於日本酒的bar，有別於在居酒屋佐餐喝酒，這裡能更深切體驗清酒、燒酎、各式日本果實酒，推薦來嘗試體驗專業的日本酒吧。,https://www.google.com/maps/contrib/118337215168879545106/reviews?hl=zh-TW
臥花sake bar（店內公告請見IG),Yuting Zeng,5 則評論 · 2 張相片,3 個月前,5 顆星,一級棒棒 一級棒！,https://www.google.com/maps/contrib/114500721912699801809/reviews?hl=zh-TW
臥花sake bar（店內公告請見IG),Shi Yuan,11 則評論 · 2 張相片,3 個月前,5 顆星,"闆娘太好聊啦😆
還會推薦各種適合自己的酒
氣氛很好～讚！",https://www.google.com/maps/contrib/101473053472391893355/reviews?hl=zh-TW
臥花sake bar（店內公告請見IG),扣扣哩哩,1 則評論 · 2 張相片,4 個月前,5 顆星,,https://www.google.com/maps/contrib/105567462744485357254/reviews?hl=zh-TW
臥花sake bar（店內公告請見IG),林紹軒,在地嚮導 · 12 則評論 · 17 張相片,4 個月前,5 顆星,"酒是主體，氣氛是催化劑，享受在這空間所創造出的浪漫氛圍。
像是加了九層塔的鹽酥雞⋯香氣四溢",https://www.google.com/maps/contrib/116061892923502941887/reviews?hl=zh-TW
臥花sake bar（店內公告請見IG),黃品憲,"在地嚮導 · 1,113 則評論 · 7,219 張相片",4 個月前,5 顆星,"酒吧巡禮系列
老闆娘非常親切 推薦的酒都十分適合
超推甘口的清酒 沒在菜單上
可爾必思的調酒那款也很不錯
12年倉吉的威士忌也大推

下酒菜部分 推糰子跟醬油起司",https://www.google.com/maps/contrib/114586647438927399244/reviews?hl=zh-TW
臥花sake bar（店內公告請見IG),王善慧,15 則評論 · 3 張相片,4 個月前,5 顆星,服務親切，氣氛很放鬆，酒和餐點都很有內涵！,https://www.google.com/maps/contrib/108334042252239120643/reviews?hl=zh-TW
臥花sake bar（店內公告請見IG),Clifford Chen,1 則評論,4 個月前,5 顆星,,https://www.google.com/maps/contrib/100832042010784090639/reviews?hl=zh-TW
臥花sake bar（店內公告請見IG),黃袸顥,1 則評論 · 1 張相片,4 個月前,5 顆星,台南喝清酒的好地方，老闆娘介紹詳細又專業，食物特別又好吃沒喝酒也待的舒服👍,https://www.google.com/maps/contrib/116890432893486502965/reviews?hl=zh-TW
臥花sake bar（店內公告請見IG),黃琮仁,6 則評論 · 2 張相片,4 個月前,5 顆星,很棒的店！,https://www.google.com/maps/contrib/100705121576003566298/reviews?hl=zh-TW
臥花sake bar（店內公告請見IG),陳姿婷,3 則評論,4 個月前,4 顆星,,https://www.google.com/maps/contrib/113532773459186169888/reviews?hl=zh-TW
臥花sake bar（店內公告請見IG),776973sagi,7 則評論 · 2 張相片,4 個月前,4 顆星,,https://www.google.com/maps/contrib/118357254556744192119/reviews?hl=zh-TW
臥花sake bar（店內公告請見IG),Faithinai Kuo,在地嚮導 · 19 則評論 · 24 張相片,4 個月前,5 顆星,,https://www.google.com/maps/contrib/113598548624641525567/reviews?hl=zh-TW
臥花sake bar（店內公告請見IG),翁意婷,在地嚮導 · 19 則評論 · 16 張相片,4 個月前,5 顆星,最好的！ ！ ！ ！,https://www.google.com/maps/contrib/108764348998981325377/reviews?hl=zh-TW
臥花sake bar（店內公告請見IG),Steven Chen,在地嚮導 · 34 則評論 · 86 張相片,5 個月前,5 顆星,絕對是台南最好的清酒吧！他們有很多精選的日本酒，尤其是清酒和燒酒，你在其他地方可能很難看到。友善的老闆娘也是經過認證的清酒侍酒師和經過認證的清酒釀酒師，所以如果您無法決定喝什麼也不用擔心！,https://www.google.com/maps/contrib/116125367068492167549/reviews?hl=zh-TW
臥花sake bar（店內公告請見IG),Amber Hu,在地嚮導 · 76 則評論 · 93 張相片,5 個月前,4 顆星,"小柔老闆專業好聊，選酒有自己的巧思與特色，新手或資深饕客都能在這裡獲得很棒的體驗。
特別強調，一個人或跟朋友聚會都適合（四顆星是老闆要求😂）",https://www.google.com/maps/contrib/101564479161695471624/reviews?hl=zh-TW
臥花sake bar（店內公告請見IG),仲寬陳,7 則評論 · 6 張相片,5 個月前,5 顆星,感謝老闆詳細的介紹，對不熟燒酌的也推薦初學者可以嚐鮮的酒，也給我喝了冰沙清酒🍶,https://www.google.com/maps/contrib/104607556069018583198/reviews?hl=zh-TW
臥花sake bar（店內公告請見IG),Toko Hung,在地嚮導 · 33 則評論 · 50 張相片,5 個月前,5 顆星,我是住在日本的台南人，覺得選酒和講解都非常專業，想要再來！,https://www.google.com/maps/contrib/100223151343773647792/reviews?hl=zh-TW
臥花sake bar（店內公告請見IG),TW nyan,4 則評論 · 15 張相片,5 個月前,4 顆星,醬油起司超好吃，店長對日本酒的造詣非常深厚，可以依客人的需求介紹不同類型的日本酒。非常推薦新手或老手來這邊前往品飲！,https://www.google.com/maps/contrib/104629886048039203914/reviews?hl=zh-TW
臥花sake bar（店內公告請見IG),C.W. Lai,12 則評論 · 3 張相片,5 個月前,4 顆星,,https://www.google.com/maps/contrib/112254622275806278233/reviews?hl=zh-TW
臥花sake bar（店內公告請見IG),秉虎,在地嚮導 · 34 則評論 · 343 張相片,5 個月前,5 顆星,"推薦這邊的醬油起司，非常適合配著酒喝
在其他地方吃不到的",https://www.google.com/maps/contrib/109728865859768459887/reviews?hl=zh-TW
臥花sake bar（店內公告請見IG),Jason Chien,3 則評論,6 個月前,5 顆星,"水餃真的無敵好吃
巨推",https://www.google.com/maps/contrib/108619793513481530858/reviews?hl=zh-TW
臥花sake bar（店內公告請見IG),CHAO KUO YEN,在地嚮導 · 168 則評論 · 881 張相片,6 個月前,4 顆星,水餃好吃，老闆娘對清酒的認識很廣，非常推薦,https://www.google.com/maps/contrib/110673418071438340327/reviews?hl=zh-TW
臥花sake bar（店內公告請見IG),Q L (海挲挲),在地嚮導 · 38 則評論 · 81 張相片,6 個月前,4 顆星,雖然很好喝，不希望太多人排隊的神店🥹🥹🥹，資歷豐富的筱柔，第一次喝酒還能長知識；重點是 突破我對清酒的印象，不是那種臭噗味，需要適宜的溫度；推薦大家來！！！！！！！ …,https://www.google.com/maps/contrib/107226013331424122052/reviews?hl=zh-TW
臥花sake bar（店內公告請見IG),Leo,在地嚮導 · 25 則評論 · 58 張相片,6 個月前,5 顆星,小柔店長好親切,https://www.google.com/maps/contrib/109512053411455054528/reviews?hl=zh-TW
臥花sake bar（店內公告請見IG),鄭立杰,3 則評論,6 個月前,5 顆星,"楽しかった！！
小柔很有趣，會推薦好喝的酒，下酒菜也很有特色，會介紹很多跟酒有關的小文化☺️",https://www.google.com/maps/contrib/111871465571902604800/reviews?hl=zh-TW
臥花sake bar（店內公告請見IG),燃燒吧酒精燈,在地嚮導 · 23 則評論 · 16 張相片,6 個月前,5 顆星,"清酒的品質不在話下！
店內的小菜更是值得推薦🥺
尤其是烤鰻肝！
願為他特別登門到訪🤤",https://www.google.com/maps/contrib/104640084406123985114/reviews?hl=zh-TW
臥花sake bar（店內公告請見IG),Kiel (KeeL),在地嚮導 · 91 則評論 · 161 張相片,6 個月前,5 顆星,和一些澳洲遊客一起參觀。老闆 Ruby 非常有趣，滿足了我們所有的需求，溝通上沒有任何問題。她提供了適合我們口味的清酒，並且清楚地知道她在說什麼。絕對推薦！,https://www.google.com/maps/contrib/117446658324273378047/reviews?hl=zh-TW
臥花sake bar（店內公告請見IG),潘怡琇,13 則評論 · 11 張相片,7 個月前,4 顆星,清酒種類超多🍶種類超多٩(˃̶͈̀௰˂̶͈́)و …,https://www.google.com/maps/contrib/110154618083495383052/reviews?hl=zh-TW
臥花sake bar（店內公告請見IG),小雨,9 則評論 · 3 張相片,7 個月前,5 顆星,日本酒酒種很多～老闆介紹的酒款很棒！,https://www.google.com/maps/contrib/116137870594740956620/reviews?hl=zh-TW
臥花sake bar（店內公告請見IG),JIE CHANG,5 則評論 · 7 張相片,7 個月前,4 顆星,,https://www.google.com/maps/contrib/111017245164492349595/reviews?hl=zh-TW
臥花sake bar（店內公告請見IG),wang hong su,11 則評論 · 2 張相片,8 個月前,4 顆星,必訪收藏😆水餃好吃,https://www.google.com/maps/contrib/110397098782533557130/reviews?hl=zh-TW
臥花sake bar（店內公告請見IG),WK T,14 則評論 · 7 張相片,8 個月前,4 顆星,"少一顆星，因為我希望之後來比較好預約🤣
可以喝到少見清酒，另外老闆介紹自己是燒酌之王，很專業喔～ 有興趣可以來嘗試",https://www.google.com/maps/contrib/114314263093934225894/reviews?hl=zh-TW
臥花sake bar（店內公告請見IG),黃品皓,8 則評論,8 個月前,4 顆星,水餃好吃 （老闆叫我給4星就好）,https://www.google.com/maps/contrib/117194514316726470990/reviews?hl=zh-TW
臥花sake bar（店內公告請見IG),Tim Tsai,在地嚮導 · 19 則評論 · 27 張相片,8 個月前,4 顆星,氣氛 客人 跟對清酒的專業度真的都很好 我第一次去就完全喝到符合自己味道的清酒 絕對是會二訪的店,https://www.google.com/maps/contrib/107632507808201960093/reviews?hl=zh-TW
臥花sake bar（店內公告請見IG),中6-黃郁珊,5 則評論 · 1 張相片,8 個月前,4 顆星,,https://www.google.com/maps/contrib/112445218185682482638/reviews?hl=zh-TW
臥花sake bar（店內公告請見IG),Getom,14 則評論 · 2 張相片,8 個月前,5 顆星,"鰻魚肝配燒酎⋯⋯很讚！！

酒品選擇真的種類爆多👍",https://www.google.com/maps/contrib/112492594367023059275/reviews?hl=zh-TW
臥花sake bar（店內公告請見IG),豪（MR W）,在地嚮導 · 6 則評論,8 個月前,5 顆星,,https://www.google.com/maps/contrib/116419213178681554326/reviews?hl=zh-TW
臥花sake bar（店內公告請見IG),Reeves Chen,在地嚮導 · 16 則評論 · 8 張相片,9 個月前,5 顆星,"清酒迷不能錯過！
臥花是少見的清酒單杯品飲店

而且闆娘的選酒眼光獨特
有別於市面上大眾所知
都偏向罕見、特別的酒款

比起一般店家，這邊有更多選擇
另外，喜歡燒酎/梅酒/威士忌也可以來這邊喝哦！",https://www.google.com/maps/contrib/114287077054639392411/reviews?hl=zh-TW
臥花sake bar（店內公告請見IG),Roy,11 則評論 · 13 張相片,9 個月前,5 顆星,台南非常單純又最專業清酒吧，食物以酒吧來說算多，酒類有套組有單杯可選擇，尤其燒酎非常之多，喜愛日本酒與燒酎的一定要來試試,https://www.google.com/maps/contrib/115604132318777088596/reviews?hl=zh-TW
臥花sake bar（店內公告請見IG),Paul F,在地嚮導 · 16 則評論 · 60 張相片,9 個月前,5 顆星,老闆娘介紹清酒很詳細！ 介紹到清酒很好喝！,https://www.google.com/maps/contrib/114902473642212547041/reviews?hl=zh-TW
臥花sake bar（店內公告請見IG),icy lomo,13 則評論 · 1 張相片,9 個月前,5 顆星,"特別的清酒吧
應該是台南第一吧
全台南最多燒酎
搭配店家自行設計小點，絕配
必點醬油起司、芥末章魚
一定要來試試。",https://www.google.com/maps/contrib/100145741992844204929/reviews?hl=zh-TW
臥花sake bar（店內公告請見IG),Bear Chang,8 則評論 · 2 張相片,9 個月前,5 顆星,"清酒 燒酎 都好喝！
老板認真介紹，讚",https://www.google.com/maps/contrib/102660076296646961602/reviews?hl=zh-TW
臥花sake bar（店內公告請見IG),Amanda Wu,在地嚮導 · 18 則評論 · 9 張相片,9 個月前,5 顆星,很棒的清酒吧，闆娘小柔和店員皮皮都非常專業，也很親切～很適合假日來小酌一杯唷,https://www.google.com/maps/contrib/118414405322220441616/reviews?hl=zh-TW
臥花sake bar（店內公告請見IG),ULCOAT一瀬,,9 個月前,5 顆星,,https://www.google.com/maps/contrib/104803350032095824119/reviews?hl=zh-TW
臥花sake bar（店內公告請見IG),黃凱榤,1 則評論 · 1 張相片,10 個月前,5 顆星,,https://www.google.com/maps/contrib/100133147208165023140/reviews?hl=zh-TW
臥花sake bar（店內公告請見IG),江文誠,8 則評論 · 1 張相片,10 個月前,5 顆星,,https://www.google.com/maps/contrib/105286004728027724200/reviews?hl=zh-TW
臥花sake bar（店內公告請見IG),童元泓,4 則評論 · 3 張相片,10 個月前,5 顆星,"進店就能看到一整面牆的燒酎，想嘗試各種燒酎的話非常推薦這家店，店主有唎酒師證照，不管是推薦日本酒或是講解酒類知識都不是問題。
店家也有提供清酒，最近的活動好像是酒路比較奇特的清酒，是一家很有個性的店，另外也有提供調酒和日威，不喝日本酒的人也不用擔心沒東西喝。",https://www.google.com/maps/contrib/111780236745495596917/reviews?hl=zh-TW
臥花sake bar（店內公告請見IG),Francis Cheng,在地嚮導 · 20 則評論 · 96 張相片,10 個月前,5 顆星,"太喜歡這裡了，闆娘柔柔醬人生新出發的新事業。這裡不是只好好喝的清酒，更有挑戰未來的雄心壯志！熱烈推薦大家來喝，一起追求自己的夢想！ By the way, 柔柔醬宣傳這裡是台南燒酎的Queen house, 她歡迎大家來喝看看～～",https://www.google.com/maps/contrib/101945540348213158754/reviews?hl=zh-TW
臥花sake bar（店內公告請見IG),尤詩綨,4 則評論,10 個月前,5 顆星,闆娘超熱情好聊，美式鄉村音樂配清酒，很特別的體驗,https://www.google.com/maps/contrib/105305859612061217943/reviews?hl=zh-TW
臥花sake bar（店內公告請見IG),周宗信,在地嚮導 · 48 則評論 · 70 張相片,10 個月前,5 顆星,日本清酒好喝，種內很多。,https://www.google.com/maps/contrib/118353024565090172229/reviews?hl=zh-TW
臥花sake bar（店內公告請見IG),Sarah Kuo,17 則評論 · 5 張相片,10 個月前,5 顆星,"老闆娘很用心介紹清酒
食物非常～好吃",https://www.google.com/maps/contrib/113674319842477013849/reviews?hl=zh-TW
臥花sake bar（店內公告請見IG),李易瑾,15 則評論 · 2 張相片,10 個月前,5 顆星,起司好吃、酒很好喝,https://www.google.com/maps/contrib/111215618486246690702/reviews?hl=zh-TW
臥花sake bar（店內公告請見IG),Joris21,在地嚮導 · 27 則評論 · 15 張相片,10 個月前,5 顆星,氣氛好。又有神秘菜單 超讚欸 蕭齁拎,https://www.google.com/maps/contrib/108431910577202810960/reviews?hl=zh-TW
臥花sake bar（店內公告請見IG),陳正洋,在地嚮導 · 36 則評論 · 3 張相片,10 個月前,5 顆星,,https://www.google.com/maps/contrib/101974575593189666267/reviews?hl=zh-TW
臥花sake bar（店內公告請見IG),Dennis Lin,16 則評論,10 個月前,5 顆星,太好喝了啦清酒,https://www.google.com/maps/contrib/114969064346406615885/reviews?hl=zh-TW
臥花sake bar（店內公告請見IG),智瑋盧,4 則評論 · 2 張相片,10 個月前,5 顆星,,https://www.google.com/maps/contrib/107856411272933129492/reviews?hl=zh-TW
臥花sake bar（店內公告請見IG),Philips Lin,2 則評論 · 1 張相片,10 個月前,5 顆星,,https://www.google.com/maps/contrib/113898466101971714978/reviews?hl=zh-TW
臥花sake bar（店內公告請見IG),Zheng Seven,在地嚮導 · 16 則評論 · 15 張相片,10 個月前,5 顆星,不解釋，喝就對了,https://www.google.com/maps/contrib/100394166935842745209/reviews?hl=zh-TW
臥花sake bar（店內公告請見IG),Huang Roger,7 則評論,10 個月前,5 顆星,老闆娘閃很大,https://www.google.com/maps/contrib/103640149394143871445/reviews?hl=zh-TW
臥花sake bar（店內公告請見IG),Yarona Chan,,10 個月前,5 顆星,,https://www.google.com/maps/contrib/115010603295072143792/reviews?hl=zh-TW
臥花sake bar（店內公告請見IG),Leung Michelle,,10 個月前,5 顆星,,https://www.google.com/maps/contrib/111051998317602584908/reviews?hl=zh-TW
臥花sake bar（店內公告請見IG),Jenyu He,在地嚮導 · 15 則評論 · 11 張相片,10 個月前,5 顆星,"老闆和店員都很會介紹和主動關心品飲狀態～
在這裏很放鬆，音樂也很放鬆，有很多少見的日本酒，特地慕名而來，很棒的體驗，是台北也少有的清酒吧風格，很推薦晚上來🥰",https://www.google.com/maps/contrib/101606773736279407929/reviews?hl=zh-TW
臥花sake bar（店內公告請見IG),C C,13 則評論,11 個月前,5 顆星,,https://www.google.com/maps/contrib/117093853443772139276/reviews?hl=zh-TW
臥花sake bar（店內公告請見IG),倪峻逸,4 則評論 · 2 張相片,11 個月前,5 顆星,很特別的體驗 非常推,https://www.google.com/maps/contrib/102990875533608114199/reviews?hl=zh-TW
臥花sake bar（店內公告請見IG),Chao Huang,"在地嚮導 · 438 則評論 · 2,634 張相片",11 個月前,5 顆星,日本酒專家，果實酒也很不錯。,https://www.google.com/maps/contrib/104151524760986207339/reviews?hl=zh-TW
臥花sake bar（店內公告請見IG),劉雨璇,9 則評論 · 2 張相片,11 個月前,5 顆星,"店家對於客人非常友善

不論是剛接觸酒類或是已熟稔於酒圈之人都非常的適合

每週都會更新的清酒組合更讓不太了解清酒的我能有更多的品茗機會<3",https://www.google.com/maps/contrib/110164704776051390161/reviews?hl=zh-TW
臥花sake bar（店內公告請見IG),CA ZI,在地嚮導 · 15 則評論 · 11 張相片,11 個月前,5 顆星,"本週清酒

台南新開清酒Bar
非常適合想了解及接觸更多日本酒文化及知識的大家！",https://www.google.com/maps/contrib/114928569124852383789/reviews?hl=zh-TW
臥花sake bar（店內公告請見IG),sarah,在地嚮導 · 23 則評論 · 59 張相片,11 個月前,5 顆星,清酒調酒非常棒，好喜歡金魚缸與爆米花，纖細又獨特💗 …,https://www.google.com/maps/contrib/116455928964214720535/reviews?hl=zh-TW
臥花sake bar（店內公告請見IG),Suntil Huang,7 則評論 · 2 張相片,11 個月前,5 顆星,清酒調酒讓人驚艷👍 …,https://www.google.com/maps/contrib/100802980381675484941/reviews?hl=zh-TW
臥花sake bar（店內公告請見IG),詹以葳,6 則評論,11 個月前,5 顆星,酒好好喝，老闆很用心，推推👍🏼,https://www.google.com/maps/contrib/118380225198093348455/reviews?hl=zh-TW
臥花sake bar（店內公告請見IG),Cailing Wu,7 則評論,11 個月前,5 顆星,老板娘好親切😚酒也好好喝 …,https://www.google.com/maps/contrib/112672621308233046466/reviews?hl=zh-TW
臥花sake bar（店內公告請見IG),Ching Ying Chang,7 則評論 · 5 張相片,11 個月前,5 顆星,,https://www.google.com/maps/contrib/101073755613028417074/reviews?hl=zh-TW
臥花sake bar（店內公告請見IG),NINA,在地嚮導 · 13 則評論 · 1 張相片,11 個月前,5 顆星,很棒,https://www.google.com/maps/contrib/103698642130205704158/reviews?hl=zh-TW
臥花sake bar（店內公告請見IG),Mia,在地嚮導 · 12 則評論 · 20 張相片,11 個月前,5 顆星,超棒的清酒吧👍👍 …,https://www.google.com/maps/contrib/113801879413971367958/reviews?hl=zh-TW
臥花sake bar（店內公告請見IG),Peter Lin,在地嚮導 · 18 則評論 · 38 張相片,11 個月前,5 顆星,台南人想喝酒就來這👍 …,https://www.google.com/maps/contrib/109808606158580133169/reviews?hl=zh-TW
臥花sake bar（店內公告請見IG),Olivia Chang,在地嚮導 · 23 則評論 · 134 張相片,11 個月前,5 顆星,日本地酒非常多元，還有很多燒酎，想要喝喝不常見的日本酒，來這準沒錯！曾在日本酒造工作的老闆娘，選酒絕對沒話說！,https://www.google.com/maps/contrib/111472966371924360993/reviews?hl=zh-TW
臥花sake bar（店內公告請見IG),游凱翔,在地嚮導 · 23 則評論 · 3 張相片,1 年前,5 顆星,老闆對於日式清酒及燒酎的知識淵博，對於各種喝法及原料的風味介紹的實實在在。對於日式酒類有興趣的人必來的一間bar！,https://www.google.com/maps/contrib/113529670812800369873/reviews?hl=zh-TW
臥花sake bar（店內公告請見IG),Grace Liu,8 則評論,1 年前,5 顆星,闆娘超棒～ 專業 酒又好喝！,https://www.google.com/maps/contrib/107642706562494617695/reviews?hl=zh-TW
臥花sake bar（店內公告請見IG),趙禹,1 則評論,1 年前,5 顆星,,https://www.google.com/maps/contrib/110457829173818673289/reviews?hl=zh-TW
臥花sake bar（店內公告請見IG),陳宜炫,5 則評論 · 3 張相片,1 年前,5 顆星,,https://www.google.com/maps/contrib/100943948687862564860/reviews?hl=zh-TW
臥花sake bar（店內公告請見IG),吳佳陵,2 則評論,1 年前,5 顆星,,https://www.google.com/maps/contrib/118152341087652955870/reviews?hl=zh-TW
臥花sake bar（店內公告請見IG),E H,在地嚮導 · 26 則評論 · 20 張相片,1 年前,5 顆星,非常歡迎大家來進入日本酒的世界喔☺️☺️☺️闆娘跟闆娘的弟都會很樂於跟你分享喔！,https://www.google.com/maps/contrib/112838804825788738064/reviews?hl=zh-TW
臥花sake bar（店內公告請見IG),W W,7 則評論,1 年前,5 顆星,"台南少有的清酒酒吧。
店主擁有專業的清酒知識，分享清酒故事，當然還有她在日本的釀酒經驗。",https://www.google.com/maps/contrib/109692855745993864542/reviews?hl=zh-TW
臥花sake bar（店內公告請見IG),Ching-Yi Chiu,4 則評論 · 2 張相片,1 年前,5 顆星,,https://www.google.com/maps/contrib/111745249125491148600/reviews?hl=zh-TW
臥花sake bar（店內公告請見IG),Phenix Fu (貴貴),"在地嚮導 · 1,078 則評論 · 12,140 張相片",1 年前,5 顆星,"老闆娘是日本唎酒師，對清酒非常專業!
剛開幕時去的，食物種類比較少，但相信會越來越好的!",https://www.google.com/maps/contrib/104736654734637368253/reviews?hl=zh-TW
臥花sake bar（店內公告請見IG),吳昇燁,5 則評論 · 3 張相片,1 年前,5 顆星,清酒酒吧，滿少見的類型，好喝，很多不同的類型可以嘗試,https://www.google.com/maps/contrib/104303932689347770369/reviews?hl=zh-TW
臥花sake bar（店內公告請見IG),陳俊宇,10 則評論 · 5 張相片,1 年前,5 顆星,酒👍  老闆娘👍 氣氛👍 甜點👍 …,https://www.google.com/maps/contrib/112148787251452960544/reviews?hl=zh-TW
臥花sake bar（店內公告請見IG),牛奶,2 則評論,1 年前,5 顆星,,https://www.google.com/maps/contrib/117897128229736987926/reviews?hl=zh-TW
臥花sake bar（店內公告請見IG),吳國耀,6 則評論,1 年前,5 顆星,很特別的日本酒吧，闆娘清楚的介紹每支清酒特性跟口感，還有就是闆娘很漂亮,https://www.google.com/maps/contrib/107753593330772383401/reviews?hl=zh-TW
臥花sake bar（店內公告請見IG),郭家銨,14 則評論 · 7 張相片,1 年前,5 顆星,台灣第一女藏人果然厲害  ，清酒推薦的都很合我的胃口,https://www.google.com/maps/contrib/101140908327910657474/reviews?hl=zh-TW
臥花sake bar（店內公告請見IG),Ming I Wan,在地嚮導 · 4 則評論 · 1 張相片,1 年前,5 顆星,,https://www.google.com/maps/contrib/115133023938009166474/reviews?hl=zh-TW
臥花sake bar（店內公告請見IG),YuChen CHANG,在地嚮導 · 175 則評論 · 338 張相片,1 年前,5 顆星,"店主筱柔具有多年清酒酒業經驗，也有日本唎酒師資格，店內選酒非常多樣豐富，可以喝到外面甚少喝到的酒款。

最近三月限定的兩組清酒+甜點set，甜點是和外面甜點店家合作研發，再由店主搭配清酒。
左邊那組的組合被我和朋友稱之為「圓滿」，入口有宜蘭紅露酒的紅棗味，讓我想起鄉下奶奶家二樓的和室小房間。再吃一口羊羹圓滿收尾，這組可能需要有一點點人生經歷的客人比較能懂它的美好。

右邊那組set則被我們稱為「輪迴」，甜點上半有一層梅酒凍，超級好吃！搭配的清酒很特別，單喝酒精感很重，很像vodka，但先吃完甜點再喝酒，卻能達到讓味蕾整個restart的效果，如同孟婆湯一樣整個清空重來，感覺又可以再喝一杯！🤣",https://www.google.com/maps/contrib/111672191417631888327/reviews?hl=zh-TW
臥花sake bar（店內公告請見IG),FU,在地嚮導 · 12 則評論 · 7 張相片,1 年前,5 顆星,"三月份的限定甜點+酒
右邊👉的組合概括來說
必須以先甜點 後酒的順序 …",https://www.google.com/maps/contrib/105143583596142377617/reviews?hl=zh-TW
臥花sake bar（店內公告請見IG),Jasmine Liu,在地嚮導 · 41 則評論 · 60 張相片,1 年前,5 顆星,老闆兩位都很可愛，專長是日本酒，用日本酒的調酒很特別,https://www.google.com/maps/contrib/108828766838969709027/reviews?hl=zh-TW
臥花sake bar（店內公告請見IG),Tracy Yu,6 則評論 · 1 張相片,1 年前,5 顆星,漂亮店主不但專業且親切介紹日本清酒文化，貼心服務，我很喜歡💕酒多樣化，很好喝，羊羹很好吃，滷味、關東煮超讚！ …,https://www.google.com/maps/contrib/106927122231935920996/reviews?hl=zh-TW
臥花sake bar（店內公告請見IG),星,在地嚮導 · 28 則評論 · 134 張相片,1 年前,5 顆星,"少見的清酒酒吧！
喜歡清酒的人真的不能錯過
食物也都讚讚 …",https://www.google.com/maps/contrib/113463682194334514375/reviews?hl=zh-TW
臥花sake bar（店內公告請見IG),王季庠,10 則評論 · 1 張相片,1 年前,5 顆星,店內的清酒都不是市面上常見的品牌，而ruby老闆對清酒的了解與介紹非常詳細，老手與初接觸的人都適合哦！,https://www.google.com/maps/contrib/102962759385926455896/reviews?hl=zh-TW
臥花sake bar（店內公告請見IG),Ding Caridee,在地嚮導 · 22 則評論 · 6 張相片,1 年前,5 顆星,"非常特別的清酒吧！老闆很好聊，也很樂意介紹清酒🍶
這次一次喝了兩組三杯組合，可以體驗沒聽過的清酒很讚！",https://www.google.com/maps/contrib/112369651885169560259/reviews?hl=zh-TW
臥花sake bar（店內公告請見IG),清水龍太,1 則評論,1 年前,5 顆星,,https://www.google.com/maps/contrib/105922619971808646204/reviews?hl=zh-TW
臥花sake bar（店內公告請見IG),Rick Huang,在地嚮導 · 21 則評論 · 3 張相片,1 年前,5 顆星,"超多好喝又罕見的清酒🍶
老闆和熱心介紹，體驗很棒👍👍👍",https://www.google.com/maps/contrib/103211781505446655448/reviews?hl=zh-TW
臥花sake bar（店內公告請見IG),Brenda van Limborgh,2 則評論,1 年前,5 顆星,不錯的清酒酒吧，有專業的女調酒師，氣氛舒適，有個人風格。我們到達時酒吧還沒有開門，但店主特意為我們提前開門。我們品嚐了很棒的清酒。,https://www.google.com/maps/contrib/115594014528856341169/reviews?hl=zh-TW
臥花sake bar（店內公告請見IG),YC Hsu,3 則評論 · 1 張相片,1 年前,5 顆星,專業的日本酒知識,https://www.google.com/maps/contrib/106616132054923391374/reviews?hl=zh-TW
臥花sake bar（店內公告請見IG),鄭乃文,在地嚮導 · 14 則評論 · 5 張相片,1 年前,5 顆星,愛日本酒一定要來，舒服,https://www.google.com/maps/contrib/116373063354008094435/reviews?hl=zh-TW
臥花sake bar（店內公告請見IG),鞍,4 則評論,1 年前,5 顆星,"清酒款式多樣化
餐點好吃",https://www.google.com/maps/contrib/111032630675119404052/reviews?hl=zh-TW
臥花sake bar（店內公告請見IG),劉曜熒,4 則評論 · 6 張相片,1 年前,5 顆星,,https://www.google.com/maps/contrib/100188421534467814617/reviews?hl=zh-TW
臥花sake bar（店內公告請見IG),999 666,在地嚮導 · 25 則評論 · 9 張相片,1 年前,5 顆星,老闆娘是單身,https://www.google.com/maps/contrib/102431333070883542434/reviews?hl=zh-TW
臥花sake bar（店內公告請見IG),林瓊珍,4 則評論,1 年前,5 顆星,好喝！推推,https://www.google.com/maps/contrib/103682805239945608786/reviews?hl=zh-TW
臥花sake bar（店內公告請見IG),Chi Chi,13 則評論,1 年前,5 顆星,,https://www.google.com/maps/contrib/115290038690192168911/reviews?hl=zh-TW
臥花sake bar（店內公告請見IG),BO XIAN SU,在地嚮導 · 38 則評論 · 6 張相片,1 年前,5 顆星,"老闆娘很細心介紹
清酒好喝👍🏻
氣氛很棒 可以推薦
喜歡日本酒的可以來",https://www.google.com/maps/contrib/112208907450466037943/reviews?hl=zh-TW
臥花sake bar（店內公告請見IG),林家禾,1 則評論,1 年前,5 顆星,好啦,https://www.google.com/maps/contrib/100468420482500693289/reviews?hl=zh-TW
臥花sake bar（店內公告請見IG),吃飯不吃菜,4 則評論 · 2 張相片,1 年前,5 顆星,"台灣第一女藏人，專注於介紹日式清酒，給予了我們一次令人難忘的酒藝之旅。他們的清酒品種多樣，每一款都散發著獨特的風味和深厚的文化底蘊。
柔店長專業且熱情，柔的知識和建議讓我們的品酒體驗更加豐富。此外，酒吧的氛圍十分舒適，讓我們可以在輕鬆愉悅的環境中品味清酒的美好。如果你是清酒愛好者或想要探索日本文化的饕客，絕對不能錯過這家酒吧！",https://www.google.com/maps/contrib/104498671674112629902/reviews?hl=zh-TW
臥花sake bar（店內公告請見IG),陳一誠,1 張相片,1 年前,5 顆星,,https://www.google.com/maps/contrib/107529270392309734381/reviews?hl=zh-TW
臥花sake bar（店內公告請見IG),Grace,在地嚮導 · 48 則評論 · 76 張相片,1 年前,5 顆星,"這是一間很專業的清酒酒吧🍶
可以喝到較少見的清酒種類
搭配日系下酒美食真的很棒
二樓還有很寬敞的包廂
非常適合三五好友聚餐小酌
店長日語流利
拿到很專業的唎酒師認證
非常推薦！",https://www.google.com/maps/contrib/110368264208431717721/reviews?hl=zh-TW
臥花sake bar（店內公告請見IG),jax sheng,在地嚮導 · 20 則評論 · 9 張相片,1 年前,5 顆星,"適合三五好友吃宵夜喝清酒～
好好放鬆的地方👍🏼 …",https://www.google.com/maps/contrib/116494488979134623017/reviews?hl=zh-TW
臥花sake bar（店內公告請見IG),林玟伶（萱萱）,在地嚮導 · 11 則評論 · 11 張相片,1 年前,5 顆星,用清酒、燒酌做調酒，很特別！店老闆日本酒知識豐富，會推薦適合品嚐的酒款,https://www.google.com/maps/contrib/117699542739105536406/reviews?hl=zh-TW
臥花sake bar（店內公告請見IG),Ray Ray Chu,在地嚮導 · 17 則評論 · 11 張相片,1 年前,5 顆星,新開的店 ，店員會用心的介紹酒，專賣日式酒類，推推！,https://www.google.com/maps/contrib/110863559495366511843/reviews?hl=zh-TW
臥花sake bar（店內公告請見IG),chan howie,16 則評論,1 年前,5 顆星,混血兒好喝 甜甜的,https://www.google.com/maps/contrib/112625930923559107001/reviews?hl=zh-TW
臥花sake bar（店內公告請見IG),盧漢模,10 則評論 · 6 張相片,1 年前,5 顆星,氣氛很好，店員很專業，會細心的介紹酒類 大推👍,https://www.google.com/maps/contrib/105969514680875685362/reviews?hl=zh-TW
臥花sake bar（店內公告請見IG),Gorilla YANG,在地嚮導 · 77 則評論 · 209 張相片,1 年前,5 顆星,老闆熱情好聊天，很會介紹店內日本酒給客人挑選，店內環境舒服，推薦給夜晚想小酌一杯的朋友,https://www.google.com/maps/contrib/114759950197019561816/reviews?hl=zh-TW
臥花sake bar（店內公告請見IG),錦上峥,在地嚮導 · 21 則評論 · 8 張相片,1 年前,5 顆星,相當不錯，開心的好地方。酒種多,https://www.google.com/maps/contrib/105803462929869224231/reviews?hl=zh-TW
臥花sake bar（店內公告請見IG),林秀珊,5 則評論 · 13 張相片,1 年前,5 顆星,"位於西門路市區的清酒吧，店內環境舒適，有吧台座與一般座，菜單有組合與單杯。組合不定期更換酒類，一次能喝到三杯不同口味香氣的酒；女孩子來也能選擇果實酒或調酒單杯。

試營運期間品嚐的到好吃的手工水餃，搭配冰滷味甜甜的入味，還有份量可以1-2人享用的舒肥肉，夜晚好適合在這裡悠閒品酒❤️",https://www.google.com/maps/contrib/102490165273785077172/reviews?hl=zh-TW
臥花sake bar（店內公告請見IG),沈冠宏,5 則評論 · 1 張相片,1 年前,5 顆星,,https://www.google.com/maps/contrib/108106291165488254654/reviews?hl=zh-TW
臥花sake bar（店內公告請見IG),鄭惟謙,在地嚮導 · 25 則評論 · 405 張相片,1 年前,5 顆星,,https://www.google.com/maps/contrib/110404249537903035264/reviews?hl=zh-TW
臥花sake bar（店內公告請見IG),Winnie Chen,在地嚮導 · 12 則評論 · 47 張相片,1 年前,5 顆星,"今天先點了新年大滿貫套餐，六款下酒菜和手工水餃即小鼓新年限量酒，超划算！小菜好 酒更好❤
加點燒酎三杯套組 超滿足❤❤❤",https://www.google.com/maps/contrib/102699893913439164682/reviews?hl=zh-TW
臥花sake bar（店內公告請見IG),許紘愷,,1 年前,5 顆星,,https://www.google.com/maps/contrib/102797263039331018262/reviews?hl=zh-TW
臥花sake bar（店內公告請見IG),Rand K,在地嚮導 · 59 則評論 · 2 張相片,1 年前,4 顆星,來到台南如果要喝日本清酒Sake就來這吧，這裡主理人是很真誠為你介紹適合你口味的清酒，當然還有其它威士忌Whisky、燒酎及啤酒可供選擇~👍,https://www.google.com/maps/contrib/116032058965696061485/reviews?hl=zh-TW
臥花sake bar（店內公告請見IG),Carlos Hu,在地嚮導 · 28 則評論 · 56 張相片,1 年前,5 顆星,,https://www.google.com/maps/contrib/102445582846784800810/reviews?hl=zh-TW
臥花sake bar（店內公告請見IG),Robert Hsu,11 則評論 · 3 張相片,1 年前,5 顆星,店長筱柔對清酒從釀造到風味都相當了解，人很nice，推推,https://www.google.com/maps/contrib/110504567562953966152/reviews?hl=zh-TW
臥花sake bar（店內公告請見IG),Nasa Liu,7 則評論,1 年前,5 顆星,店內氣氛很棒，店員很親切且專業。在這可以喝到很多平常沒喝過得清酒。大推！,https://www.google.com/maps/contrib/113629880586303026247/reviews?hl=zh-TW
臥花sake bar（店內公告請見IG),Jeff HSU,2 則評論,1 年前,5 顆星,酒賊牛，水餃賊棒，老闆很親切會很仔細的介紹酒款！,https://www.google.com/maps/contrib/100909822182031705682/reviews?hl=zh-TW
臥花sake bar（店內公告請見IG),陵,5 則評論 · 5 張相片,1 年前,5 顆星,偶遇一場極度舒適的品酒體驗，一定會再訪,https://www.google.com/maps/contrib/100925118610679249607/reviews?hl=zh-TW
臥花sake bar（店內公告請見IG),陳永軒,5 則評論,1 年前,5 顆星,"音樂不會太大聲吵到我的獨立小空間
服務人員也不會一直來吵我",https://www.google.com/maps/contrib/109250665101617883693/reviews?hl=zh-TW
臥花sake bar（店內公告請見IG),王宥澄,14 則評論 · 7 張相片,1 年前,5 顆星,"清酒品質好好喝，不太會喝酒都可以喝很多
滷味超讚！舒服的下酒菜😌",https://www.google.com/maps/contrib/117030821655804429653/reviews?hl=zh-TW
臥花sake bar（店內公告請見IG),LSH Yang,8 則評論 · 1 張相片,1 年前,5 顆星,服務好,https://www.google.com/maps/contrib/106531616502253119036/reviews?hl=zh-TW
臥花sake bar（店內公告請見IG),莊雅軒,14 則評論 · 3 張相片,1 年前,5 顆星,"店員人親切
有招待清酒給大家嘗試🤩 …",https://www.google.com/maps/contrib/108773743865884378685/reviews?hl=zh-TW
臥花sake bar（店內公告請見IG),優優,在地嚮導 · 22 則評論,1 年前,5 顆星,"突然路過
店員人非常熱情❤️
店內有不同種類的清酒🍶
不只這些還有很多不同的調酒
很棒的體驗 歡迎👏可以來這裡唷",https://www.google.com/maps/contrib/114001739687675947280/reviews?hl=zh-TW
臥花sake bar（店內公告請見IG),Wang Jessica,在地嚮導 · 29 則評論 · 1 張相片,1 年前,5 顆星,老闆超級親切，環境舒服，酒好好喝喔❤️❤️❤️,https://www.google.com/maps/contrib/110865773921757283547/reviews?hl=zh-TW
臥花sake bar（店內公告請見IG),CHILL dren,6 則評論 · 1 張相片,1 年前,5 顆星,凍滷好吃，也有了對清酒新的體驗,https://www.google.com/maps/contrib/109173613724922417560/reviews?hl=zh-TW
臥花sake bar（店內公告請見IG),鄭任延,在地嚮導 · 20 則評論 · 79 張相片,1 年前,5 顆星,介紹詳細，喜歡喝清酒的人必來喔，餐點好吃，凍滷必點~,https://www.google.com/maps/contrib/116674299326954765718/reviews?hl=zh-TW
臥花sake bar（店內公告請見IG),Ho Jessie,7 則評論,1 年前,5 顆星,隱藏版水餃好好吃，老闆選的清酒set可以喝到不同風味，而且絕對是一般市面上喝不到的酒，發現小眾好酒的機會，大推！！！,https://www.google.com/maps/contrib/105120812046657523602/reviews?hl=zh-TW
臥花sake bar（店內公告請見IG),JT Hong,7 則評論,1 年前,5 顆星,,https://www.google.com/maps/contrib/107610266199417730472/reviews?hl=zh-TW
臥花sake bar（店內公告請見IG),劉銘偉,9 則評論 · 1 張相片,1 年前,5 顆星,闆娘漂亮 酒好喝！,https://www.google.com/maps/contrib/115836542970420272992/reviews?hl=zh-TW
臥花sake bar（店內公告請見IG),Hong Dragon,2 則評論,1 年前,5 顆星,好喝,https://www.google.com/maps/contrib/115806661614764384137/reviews?hl=zh-TW
臥花sake bar（店內公告請見IG),盛,9 則評論 · 3 張相片,1 年前,5 顆星,"專業日本酒吧
有唎酒師就是不一樣",https://www.google.com/maps/contrib/115068159311541926598/reviews?hl=zh-TW
臥花sake bar（店內公告請見IG),廖家志,14 則評論 · 10 張相片,1 年前,5 顆星,店長人美又專業，推薦喜歡日本酒的朋友一起來看看，可以在這裡找到屬於你的日本酒，餐點美味 關東煮大推,https://www.google.com/maps/contrib/108729311876024818430/reviews?hl=zh-TW
臥花sake bar（店內公告請見IG),Kevin Wei,14 則評論 · 8 張相片,1 年前,5 顆星,新開的日本酒吧，定期會更新酒單，不錯推👍 …,https://www.google.com/maps/contrib/100598444173544142168/reviews?hl=zh-TW
臥花sake bar（店內公告請見IG),Eash,1 張相片,1 年前,5 顆星,,https://www.google.com/maps/contrib/110197079363225763977/reviews?hl=zh-TW
臥花sake bar（店內公告請見IG),Abbie Lu,在地嚮導 · 10 則評論 · 2 張相片,1 年前,5 顆星,份量很大,https://www.google.com/maps/contrib/112329030033278859476/reviews?hl=zh-TW
臥花sake bar（店內公告請見IG),黃政維,6 則評論 · 6 張相片,1 年前,5 顆星,老闆娘很懂清👍 …,https://www.google.com/maps/contrib/116154229214757562660/reviews?hl=zh-TW
臥花sake bar（店內公告請見IG),guancheng,3 則評論,1 年前,5 顆星,,https://www.google.com/maps/contrib/107446931151823391206/reviews?hl=zh-TW
臥花sake bar（店內公告請見IG),侯淑芬,1 則評論,1 年前,5 顆星,,https://www.google.com/maps/contrib/103964004597053726202/reviews?hl=zh-TW
臥花sake bar（店內公告請見IG),岡村昌,在地嚮導 · 29 則評論 · 52 張相片,1 年前,5 顆星,服務超棒！份量超大！那種感覺無法言語，值得大家來細品,https://www.google.com/maps/contrib/113185131977582630172/reviews?hl=zh-TW
臥花sake bar（店內公告請見IG),亞利安將將,5 則評論 · 2 張相片,1 年前,5 顆星,三杯套裝剛剛好滿足各種期望，但是雞肉一份未免量也太多，不科學！,https://www.google.com/maps/contrib/102468435343235843133/reviews?hl=zh-TW
臥花sake bar（店內公告請見IG),Sean Chao,14 則評論 · 1 張相片,1 年前,5 顆星,清酒稀有銘柄多，燒酎set十分划算，號稱台南超大杯，老闆知識豐富，耳朵跟酒量都要準備好,https://www.google.com/maps/contrib/117123894655259162271/reviews?hl=zh-TW
臥花sake bar（店內公告請見IG),林傳凱,4 則評論 · 1 張相片,1 年前,5 顆星,,https://www.google.com/maps/contrib/109895344280641333605/reviews?hl=zh-TW
臥花sake bar（店內公告請見IG),黃婉瑄,5 則評論 · 2 張相片,1 年前,5 顆星,店內清酒種類眾多，若是喜歡罕見的清酒品牌跟類型完全非常值得光顧！且店內也有專業唎酒師可以根據客人的喜好推薦酒品，還可以自己選酒瓶跟酒杯非常有趣～,https://www.google.com/maps/contrib/111573301182194218384/reviews?hl=zh-TW
臥花sake bar（店內公告請見IG),十二少,"在地嚮導 · 640 則評論 · 1,117 張相片",1 年前,5 顆星,有 日本唎酒師 資格的店主，讓人在品嚐清酒的同時，更能深入了解清酒的文化～,https://www.google.com/maps/contrib/100676912615350805572/reviews?hl=zh-TW
臥花sake bar（店內公告請見IG),趙慧潔,在地嚮導 · 23 則評論 · 6 張相片,1 年前,5 顆星,店長非常專業的推薦，不懂清酒也不怕,https://www.google.com/maps/contrib/101675271909552335410/reviews?hl=zh-TW
螺王黃金雲吞,周小明,在地嚮導 · 27 則評論 · 60 張相片,1 年前,5 顆星,"老闆很健談
東西好吃",https://www.google.com/maps/contrib/111539495602246959994/reviews?hl=zh-TW
金桔先生,劉建忠,2 則評論 · 10 張相片,3 天前,5 顆星,,https://www.google.com/maps/contrib/103736625555042764084/reviews?hl=zh-TW
金桔先生,come tsai,4 則評論 · 1 張相片,1 個月前,1 顆星,,https://www.google.com/maps/contrib/110916584068898444980/reviews?hl=zh-TW
金桔先生,歐拉,在地嚮導 · 17 則評論,9 個月前,5 顆星,"很喜歡你們的檸檬汁，整顆檸檬鮮榨保留了所有營養，價格又便宜，我非常推薦大家購買。
你們用的檸檬是扁圓檸檬嗎？",https://www.google.com/maps/contrib/110631057236174075483/reviews?hl=zh-TW
金桔先生,快樂,在地嚮導 · 90 則評論 · 102 張相片,1 年前,5 顆星,,https://www.google.com/maps/contrib/109756236833791137237/reviews?hl=zh-TW
金桔先生,Allen Lin,2 則評論,2 年前,1 顆星,,https://www.google.com/maps/contrib/108798492395546478499/reviews?hl=zh-TW
金桔先生,張豪興,在地嚮導 · 21 則評論 · 17 張相片,3 年前,5 顆星,,https://www.google.com/maps/contrib/101695842989778164940/reviews?hl=zh-TW
金桔先生,張庭禎,在地嚮導 · 39 則評論 · 27 張相片,3 年前,4 顆星,,https://www.google.com/maps/contrib/110980229324221662476/reviews?hl=zh-TW
金桔先生,Hao A,442 則評論,3 年前,5 顆星,"這次帶了椰子汁750ml $70/瓶、鳳梨汁750ml $70/瓶、冰糖桑椹900ml $200/瓶。

椰子為100%原汁，冷凍先退冰的半罐會較濃，建議全退冰再飲用。

鳳梨也是100%原汁，一樣會有先解凍濃淡問題，單喝較甜，建議兑水稀釋或加冰塊，這次使用鳳梨汁+金萱綠茶+檸檬，調配出鳳梨冰茶，夏天來一杯清爽無比！

冰糖桑椹，使用冰糖、黑糖、甘草下去熬煮，跟闆娘小聊一下發現，因為糖度高，一定要冷凍或冷藏，常溫放久會發酵，也因為糖度高，冷凍不夠低溫無法結凍，桑椹原汁含有約為72%

為什麼不要吃水果就好，要把各式各樣的水果打成汁呢？果汁不僅富含各類人體所需物質，更可以使營養迅速吸收，對我們的身體有大大的幫助！而不同果汁具有不同功效，例如鳳梨汁可以消腫和促進腸胃蠕動，蘋果汁可以養顏美容和預防高血壓，葡萄汁有補血抗老的功效。果汁好喝又健康，快來做想喝什麼加什麼的果汁吧！",https://www.google.com/maps/contrib/110588185957988878743/reviews?hl=zh-TW
金桔先生,柳丁,5 則評論,3 年前,5 顆星,水果原汁品質很棒 服務態度很好 值得常常回購,https://www.google.com/maps/contrib/102191325475794053173/reviews?hl=zh-TW
金桔先生,可憐哪,16 則評論 · 2 張相片,3 年前,1 顆星,"貨車司機送貨都不打方向燈
還在看什麼",https://www.google.com/maps/contrib/105127521762449011844/reviews?hl=zh-TW
金桔先生,飛流愛吃的餃子,11 則評論 · 3 張相片,3 年前,5 顆星,,https://www.google.com/maps/contrib/112121557939475272106/reviews?hl=zh-TW
金桔先生,Samantha,在地嚮導 · 15 則評論 · 14 張相片,4 年前,5 顆星,,https://www.google.com/maps/contrib/114559556235423572465/reviews?hl=zh-TW
金桔先生,謝靜宜,,4 年前,5 顆星,,https://www.google.com/maps/contrib/115002072553126582151/reviews?hl=zh-TW
金桔先生,J City,16 則評論,5 年前,5 顆星,店家態度親切,https://www.google.com/maps/contrib/115857236443589516301/reviews?hl=zh-TW
金桔先生,黃士彤,,5 年前,5 顆星,,https://www.google.com/maps/contrib/102976473859937522971/reviews?hl=zh-TW
臭YO薯（臭薯條）,吳昱緹,9 則評論 · 1 張相片,4 個月前,5 顆星,真的爆好吃！,https://www.google.com/maps/contrib/116965991176394728545/reviews?hl=zh-TW
臭YO薯（臭薯條）,eva wu,在地嚮導 · 18 則評論 · 5 張相片,2 年前,5 顆星,"第一次嚐鮮臭yo薯，很特別、很好吃
什麼最好吃呢？椒鹽、泰式、孜然",https://www.google.com/maps/contrib/105506547578850412151/reviews?hl=zh-TW
臭YO薯（臭薯條）,sevenbee,7 則評論 · 11 張相片,2 年前,5 顆星,推薦椒鹽和泰式口味，值得一試喔～,https://www.google.com/maps/contrib/114729526258441531547/reviews?hl=zh-TW
臭YO薯（臭薯條）,朱修驛,在地嚮導 · 23 則評論,2 年前,5 顆星,,https://www.google.com/maps/contrib/105430351624827424983/reviews?hl=zh-TW
臭YO薯（臭薯條）,緋村梨絵,6 則評論,2 年前,5 顆星,,https://www.google.com/maps/contrib/116693681809802542213/reviews?hl=zh-TW
臭YO薯（臭薯條）,Chen Amanda,在地嚮導 · 23 則評論 · 3 張相片,2 年前,5 顆星,口味非常獨特好吃😋值得一吃再吃👍 …,https://www.google.com/maps/contrib/115518649730843245640/reviews?hl=zh-TW
臭YO薯（臭薯條）,calvin shi,在地嚮導 · 3 則評論 · 3 張相片,2 年前,5 顆星,經過買來試吃，口感蠻不錯的，會再蒞臨購買~,https://www.google.com/maps/contrib/105350469270214147655/reviews?hl=zh-TW
臭YO薯（臭薯條）,林孟民,4 則評論,2 年前,5 顆星,點了番茄和咖喱口味，都好吃😋 …,https://www.google.com/maps/contrib/112084467328529312853/reviews?hl=zh-TW
臭YO薯（臭薯條）,roan shin-an-,8 則評論 · 6 張相片,2 年前,5 顆星,,https://www.google.com/maps/contrib/113275051229559439099/reviews?hl=zh-TW
臭YO薯（臭薯條）,里見琴葉,7 則評論 · 8 張相片,2 年前,5 顆星,千萬不要試吃！！！因為試吃就會不小心又多買一包宵夜回家，怎麼能這麼好吃，下次還想再買🤤🤤🤤 …,https://www.google.com/maps/contrib/108995064128776556965/reviews?hl=zh-TW
臭YO薯（臭薯條）,Mei Mei,9 則評論 · 7 張相片,2 年前,5 顆星,推薦椒鹽和泰式口味真的很好吃，口感內軟外酥，新奇又特別，讓人一口接一口，一定會再回購的。,https://www.google.com/maps/contrib/114271120935226115340/reviews?hl=zh-TW
臭YO薯（臭薯條）,十二少,5 則評論,2 年前,5 顆星,本以為就是普通的臭豆腐，但試吃後～讚！既方便食用又好吃！,https://www.google.com/maps/contrib/102954755915147569214/reviews?hl=zh-TW
臭YO薯（臭薯條）,吳雅芳,在地嚮導 · 4 則評論 · 1 張相片,2 年前,5 顆星,,https://www.google.com/maps/contrib/100331942186537654458/reviews?hl=zh-TW
臭YO薯（臭薯條）,曾佰祥,,2 年前,5 顆星,,https://www.google.com/maps/contrib/111756538479340127518/reviews?hl=zh-TW
168老潼關肉夾饃,陳韋名,在地嚮導 · 24 則評論 · 17 張相片,7 個月前,5 顆星,是目前在台南市吃到最喜歡的肉夾膜，希望老闆可以常在小北新成功夜市擺攤,https://www.google.com/maps/contrib/104778468218289755781/reviews?hl=zh-TW
168老潼關肉夾饃,姜曉華,4 則評論 · 1 張相片,1 年前,5 顆星,,https://www.google.com/maps/contrib/103813553344022142585/reviews?hl=zh-TW
168老潼關肉夾饃,郭忻瑀,3 則評論,1 年前,5 顆星,"涼皮內容物超豐富 料多味美 醬料獨特
每次去一定回購 超讚的
推推",https://www.google.com/maps/contrib/100629573771974265641/reviews?hl=zh-TW
168老潼關肉夾饃,Ting Chien,在地嚮導 · 32 則評論 · 3 張相片,1 年前,1 顆星,酸辣涼粉 沒有辣 90,https://www.google.com/maps/contrib/107027554316984282939/reviews?hl=zh-TW
168老潼關肉夾饃,陳亮穎,3 則評論 · 1 張相片,1 年前,5 顆星,"涼皮
好好吃 刷嘴",https://www.google.com/maps/contrib/112118834751018281310/reviews?hl=zh-TW
168老潼關肉夾饃,王姿婷,5 則評論 · 2 張相片,1 年前,5 顆星,"招排全家
豬肉夾洋蔥
但是可以客製化
也可以加青椒
有時還有豆皮
超貼心的啦",https://www.google.com/maps/contrib/108410845511789082600/reviews?hl=zh-TW
168老潼關肉夾饃,ChengEn,8 則評論 · 1 張相片,1 年前,1 顆星,招牌不推,https://www.google.com/maps/contrib/114669326287243005161/reviews?hl=zh-TW
168老潼關肉夾饃,姚瑞家,12 則評論 · 4 張相片,1 年前,1 顆星,12/16禮拜六晚，在武聖夜市購入上酸辣土豆片肉夾饃80元，洋蔥跟肉的比例大概是2比1，全部都是生洋蔥的嗆辣口感，肉真的超級少（大概只有一般刈包肉量的1/4，還比刈包貴這麼多）吃起來很空虛！！！建議別去踩雷,https://www.google.com/maps/contrib/115025468005495958517/reviews?hl=zh-TW
168老潼關肉夾饃,皮小丘,"在地嚮導 · 221 則評論 · 3,059 張相片",1 年前,5 顆星,好吃,https://www.google.com/maps/contrib/112293304829360984653/reviews?hl=zh-TW
168老潼關肉夾饃,許詠緁,在地嚮導 · 17 則評論 · 23 張相片,1 年前,5 顆星,超好吃道地美食😍😍喜歡🥰🥰,https://www.google.com/maps/contrib/105902701544734276897/reviews?hl=zh-TW
168老潼關肉夾饃,sarah chu,"在地嚮導 · 147 則評論 · 1,234 張相片",1 年前,5 顆星,"第一次買，95元不便宜，但味道很讓人驚艷，值得。
招牌全家肉夾饃有碎肉、洋蔥、酸豆、馬鈴薯片，饃餅表層酥脆，一口咬下孜然香味和各食材交集成特別的美味，很值得一試。

馬鈴薯片脆脆的，似乎成了主角，肉屑較少，肉味比較不突出。",https://www.google.com/maps/contrib/103166321016996951790/reviews?hl=zh-TW
168老潼關肉夾饃,邱楷勛,在地嚮導 · 23 則評論 · 3 張相片,1 年前,5 顆星,老闆娘很親切，餅皮酥酥脆脆很好吃,https://www.google.com/maps/contrib/102822328525598229393/reviews?hl=zh-TW
168老潼關肉夾饃,劉哲瑜,6 則評論,1 年前,1 顆星,店家說要等十幾分鐘，實際上在現場等了40分鐘，專門點餐的人員即使有空和客人聊天和空檔沒事，也沒有過來和我說過一句話交代說還有等多久。,https://www.google.com/maps/contrib/102562357448520399293/reviews?hl=zh-TW
168老潼關肉夾饃,Traveler,"在地嚮導 · 1,394 則評論 · 8,069 張相片",1 年前,5 顆星,"內餡與餅皮很特殊
味道也非常特別
沒吃過的可以嚐嚐",https://www.google.com/maps/contrib/103560637853484371094/reviews?hl=zh-TW
168老潼關肉夾饃,38flower,在地嚮導 · 146 則評論 · 531 張相片,1 年前,4 顆星,好吃，但是等太久，而且硬生生比別人貴，我覺得不值得那個價碼啦,https://www.google.com/maps/contrib/109555575031194912053/reviews?hl=zh-TW
168老潼關肉夾饃,Zack Fan,12 則評論 · 10 張相片,1 年前,5 顆星,"肉夾饃🥙
優秀，遇到老闆娘就像是老鄉一樣
擁有相同在深圳打工的回憶呀
味道好，服務好。
推薦給大家。",https://www.google.com/maps/contrib/114738852238660007875/reviews?hl=zh-TW
168老潼關肉夾饃,曾晟遠,15 則評論 · 1 張相片,1 年前,5 顆星,酸辣土豆片超好吃，一定會二訪,https://www.google.com/maps/contrib/116747619460558641836/reviews?hl=zh-TW
168老潼關肉夾饃,黃士瑞,18 則評論 · 2 張相片,1 年前,5 顆星,吃過最好吃道地的肉夾饃 大推酸辣土豆片口味 真的超好吃,https://www.google.com/maps/contrib/111142969704974965752/reviews?hl=zh-TW
168老潼關肉夾饃,周志翰,4 則評論,1 年前,5 顆星,好吃，帶回家皮還是脆的。今天說店面快開了，到時再去吃吃看其他食物。,https://www.google.com/maps/contrib/101596137237402474394/reviews?hl=zh-TW
168老潼關肉夾饃,鄭雅珊,6 則評論 · 1 張相片,1 年前,5 顆星,老闆娘很親切，肉夾饃裡面的土豆超好吃🫶,https://www.google.com/maps/contrib/111421231606033294816/reviews?hl=zh-TW
168老潼關肉夾饃,顧詠心,在地嚮導 · 11 則評論 · 3 張相片,1 年前,5 顆星,"老闆娘超讚！好好吃！大家快去吃👍🏻
聽說之後要開店好興奮ㄌ",https://www.google.com/maps/contrib/114296148436010298342/reviews?hl=zh-TW
168老潼關肉夾饃,Lu Lu,在地嚮導 · 8 則評論 · 16 張相片,1 年前,5 顆星,好吃😋 …,https://www.google.com/maps/contrib/101814243774243419471/reviews?hl=zh-TW
168老潼關肉夾饃,wei chen,在地嚮導 · 14 則評論 · 3 張相片,1 年前,5 顆星,料很多，口味特別，好吃～～～,https://www.google.com/maps/contrib/101392496787619154546/reviews?hl=zh-TW
168老潼關肉夾饃,1萱,在地嚮導 · 15 則評論 · 10 張相片,1 年前,5 顆星,為什麼最近去武聖都沒看到了🥲,https://www.google.com/maps/contrib/102302918350753619836/reviews?hl=zh-TW
168老潼關肉夾饃,田田,7 則評論,1 年前,5 顆星,"好吃，料多實在（比別家的料還要多）
喜歡吃手工限量的涼粉涼皮、肉夾饃我也好愛❤️
老闆娘人很漂亮又親切～現吃還會貼心給衛生紙唷😆",https://www.google.com/maps/contrib/107063726959115922684/reviews?hl=zh-TW
無敵袋奶,飛比,"在地嚮導 · 557 則評論 · 3,227 張相片",3 個月前,5 顆星,"👉玫瑰奶茶：$80點的是熱的，所以多+$5，用杯子裝，如果可以喝冰的建議點冰的，不然很甜🤣
整體喝起來是還不錯，不過甜度是固定的

👉綠奶茶：$70點的是冰的，用玫瑰袋子裝，感覺質感整個上來了，不過這款個人喝起來很像感冒藥水，甜度也是固定

是在高雄夢時代-夜市王決賽買來吃的

*現金支付",https://www.google.com/maps/contrib/103165184186301868638/reviews?hl=zh-TW
無敵袋奶,Liang,在地嚮導 · 25 則評論 · 1 張相片,1 年前,5 顆星,超好喝的袋奶，明明就持續營業中，生意還超好！,https://www.google.com/maps/contrib/115450041680161163383/reviews?hl=zh-TW
無敵袋奶,丹丹,"在地嚮導 · 691 則評論 · 3,717 張相片",1 年前,4 顆星,"武聖夜市裡好喝的泰奶
有茶味 只是剛拿到和第一口覺得好甜 要等過一會冰塊溶解稀釋後 就順口些",https://www.google.com/maps/contrib/101644708393509125927/reviews?hl=zh-TW
碳烤雄大香雞排,Xiao Ha,在地嚮導 · 51 則評論 · 9 張相片,1 週前,5 顆星,好吃 回家放到冷掉了也好吃,https://www.google.com/maps/contrib/118159171351545149559/reviews?hl=zh-TW
碳烤雄大香雞排,Iris,在地嚮導 · 146 則評論 · 89 張相片,1 個月前,5 顆星,"雞排很好吃！而且很厚～
皮脆肉嫩 讚
老闆人好好～當天下雨還叫我進去躲雨🫶🏻🥹 …",https://www.google.com/maps/contrib/117179577585368879393/reviews?hl=zh-TW
碳烤雄大香雞排,Ada H,在地嚮導 · 62 則評論 · 27 張相片,2 個月前,1 顆星,"超難吃欸謝謝死鹹 雞排掉進鹽巴袋裡 肉柴
90塊買鹹骨頭",https://www.google.com/maps/contrib/100741464165581851300/reviews?hl=zh-TW
碳烤雄大香雞排,Ann U,在地嚮導 · 10 則評論 · 2 張相片,3 個月前,1 顆星,"Linepay條碼被他們遮住
請老闆娘拿出來
臉不知道在臭什麼
態度直接很差一直逼我拿收據給他看
你條碼遮住我要怎麼給你看收據啦？？？
很好笑欸",https://www.google.com/maps/contrib/109560563393591079263/reviews?hl=zh-TW
碳烤雄大香雞排,Carl Chen,在地嚮導 · 215 則評論 · 228 張相片,3 個月前,5 顆星,軟嫩好吃,https://www.google.com/maps/contrib/103434598283762519969/reviews?hl=zh-TW
碳烤雄大香雞排,馬武耀,在地嚮導 · 20 則評論 · 1 張相片,10 個月前,1 顆星,號碼牌要記得收好,https://www.google.com/maps/contrib/105865516837369875054/reviews?hl=zh-TW
碳烤雄大香雞排,神秘客斐,10 則評論 · 2 張相片,1 年前,1 顆星,,https://www.google.com/maps/contrib/109308833102037497651/reviews?hl=zh-TW
碳烤雄大香雞排,NJ,"在地嚮導 · 757 則評論 · 3,545 張相片",1 年前,4 顆星,"醬不錯吃 蜜汁味
皮炸得是願意吃的 不會太厚或太油
肉不會過乾
整體算不錯
切塊邊走邊吃 有方便",https://www.google.com/maps/contrib/109872323262190383094/reviews?hl=zh-TW
施子韓國烤肉,YintingLiao,16 則評論 · 4 張相片,8 個月前,5 顆星,評論有人說夭壽好吃 真的夭壽好吃,https://www.google.com/maps/contrib/107700501257717773760/reviews?hl=zh-TW
施子韓國烤肉,施立文,在地嚮導 · 20 則評論 · 18 張相片,1 年前,5 顆星,夭壽好吃,https://www.google.com/maps/contrib/108661073349258166763/reviews?hl=zh-TW
施子韓國烤肉,yuda Uruha,12 則評論 · 3 張相片,1 年前,5 顆星,,https://www.google.com/maps/contrib/110264210331284930484/reviews?hl=zh-TW
霞蜜罐罐烤奶,Ping Feng,在地嚮導 · 55 則評論 · 61 張相片,2 個月前,1 顆星,"點了桂花烤奶
完全沒桂花的香味
一度懷疑嘴巴是不是有問題",https://www.google.com/maps/contrib/111308411307315964707/reviews?hl=zh-TW
陳家阿嬤拔絲地瓜—高雄&台南,劉小蛙,在地嚮導 · 106 則評論 · 470 張相片,7 小時前,5 顆星,"令人吃驚的拔絲地瓜，超級好吃！！
雖然要排隊，但整體全部都好好吃，不膩口。",https://www.google.com/maps/contrib/101839014435645258842/reviews?hl=zh-TW
陳家阿嬤拔絲地瓜—高雄&台南,笑笑看,在地嚮導 · 143 則評論 · 146 張相片,3 天前,5 顆星,看到網路推薦來嚐鮮.可以單點也可以選綜合.內容物可自選要幾種綜合.大份的超過癮.推薦,https://www.google.com/maps/contrib/102017796226617730331/reviews?hl=zh-TW
陳家阿嬤拔絲地瓜—高雄&台南,Pei,在地嚮導 · 55 則評論 · 398 張相片,2 週前,5 顆星,,https://www.google.com/maps/contrib/112959023378589514134/reviews?hl=zh-TW
陳家阿嬤拔絲地瓜—高雄&台南,羽溪,3 則評論,3 週前,5 顆星,撿到便宜了 是我超愛的拔絲地瓜 小盒50真的很便宜份量又夠🥺老闆快收攤了還送我多出來的拔絲地瓜 是天使吧😍,https://www.google.com/maps/contrib/101123897767709720248/reviews?hl=zh-TW
陳家阿嬤拔絲地瓜—高雄&台南,haha Tai,"在地嚮導 · 497 則評論 · 1,478 張相片",3 週前,5 顆星,"超好吃，份量也很多，好便宜！
薯條脆的好好吃，地瓜切大塊，每一口吃得到裡面的軟地瓜，而不是只吃的到甜脆的糖，條件搭配起來很好吃！",https://www.google.com/maps/contrib/112224851687873112532/reviews?hl=zh-TW
陳家阿嬤拔絲地瓜—高雄&台南,Wan Yu Chang,"在地嚮導 · 61 則評論 · 1,082 張相片",1 個月前,5 顆星,排隊等了半個鐘頭，值得值得😊，拔絲地瓜、拔絲QQ球、拔絲薯條，都很強、很好吃，一口一口無法停止，熱著吃，冷時吃都好吃～好棒的甜點小吃～,https://www.google.com/maps/contrib/112732116564606072157/reviews?hl=zh-TW
陳家阿嬤拔絲地瓜—高雄&台南,Fish,在地嚮導 · 164 則評論 · 225 張相片,1 個月前,4 顆星,"就是想像中的拔絲地瓜，口感酥脆，好吃但沒特別驚艷
排隊人潮絡繹不絕但出餐速度也快",https://www.google.com/maps/contrib/113219134044447177744/reviews?hl=zh-TW
陳家阿嬤拔絲地瓜—高雄&台南,drounaym,"在地嚮導 · 180 則評論 · 1,223 張相片",1 個月前,4 顆星,湯圓好吃😋,https://www.google.com/maps/contrib/117873300331892647977/reviews?hl=zh-TW
陳家阿嬤拔絲地瓜—高雄&台南,Iris,在地嚮導 · 146 則評論 · 89 張相片,1 個月前,5 顆星,"我覺得拔絲地瓜球還好

最推！（地瓜/芋頭/薯條）！
薯條吃起來真的很特別，再加上他的糖衣都是脆殼的～我很喜歡♡

- 小盒的$50（老闆都會把它鋪平，我覺得算便宜！）

下次去台南的夜市也會懷念他的拔絲薯條～
因為似乎很少地方看得見～

也希望有機會嚐得到「限定版」：（拔絲湯圓）💕",https://www.google.com/maps/contrib/117179577585368879393/reviews?hl=zh-TW
陳家阿嬤拔絲地瓜—高雄&台南,奶蘇,在地嚮導 · 83 則評論 · 190 張相片,1 個月前,5 顆星,"季節限定的湯圓$50（小）
是季節限定的會詢問是否要加花生粉，口感不會太硬QQ的好吃

拔絲地瓜、薯條、地瓜球$50（小）
地瓜球是有餡的地瓜味蠻濃的，薯條跟地瓜也都很好吃！甜味適中酥脆也不黏牙

值得回訪～",https://www.google.com/maps/contrib/108484338548925602070/reviews?hl=zh-TW
陳家阿嬤拔絲地瓜—高雄&台南,陳小圓,在地嚮導 · 54 則評論 · 410 張相片,2 個月前,5 顆星,首推地瓜好吃😋,https://www.google.com/maps/contrib/110574070183907934426/reviews?hl=zh-TW
陳家阿嬤拔絲地瓜—高雄&台南,Leo XIE,在地嚮導 · 72 則評論 · 23 張相片,2 個月前,5 顆星,綜合必點 每個都好吃 拔絲芋頭很驚艷,https://www.google.com/maps/contrib/109501971859582133647/reviews?hl=zh-TW
陳家阿嬤拔絲地瓜—高雄&台南,Y,在地嚮導 · 60 則評論 · 10 張相片,2 個月前,4 顆星,"花園夜市糖裹的均勻又厚好吃
武聖夜市糖比較薄容易濕軟吃到油味
花園做的比較好吃
武聖不夠甜希望可以改善

更新

最近花園夜市油耗味比較重
地瓜都沒有裹糖味",https://www.google.com/maps/contrib/110734691942536284998/reviews?hl=zh-TW
陳家阿嬤拔絲地瓜—高雄&台南,金城武,"在地嚮導 · 561 則評論 · 4,534 張相片",2 個月前,2 顆星,都是冷的，吃起來不怎麼甜，沒有外脆內軟的口感，饒河夜市的比較好吃,https://www.google.com/maps/contrib/116981309550055887652/reviews?hl=zh-TW
陳家阿嬤拔絲地瓜—高雄&台南,勝彥（LOOK ROAD）,在地嚮導 · 451 則評論 · 786 張相片,2 個月前,5 顆星,"✔ 陳家阿嬤拔絲地瓜芋頭 🍠🍠（**超推！**🔥）
這個真的 大推！地瓜和芋頭外面裹上一層薄薄的糖衣，咬下去 酥脆又香甜，最特別的是 放涼了也很好吃，完全不會變硬或影響口感，真的是來這裡必吃的小吃之一！",https://www.google.com/maps/contrib/100087028734037061713/reviews?hl=zh-TW
陳家阿嬤拔絲地瓜—高雄&台南,PLEASE,"在地嚮導 · 689 則評論 · 1,666 張相片",2 個月前,5 顆星,一個人吃點綜合小份就夠了 地瓜、地瓜球、芋頭都正常好吃 薯條比較少見 馬鈴薯配上糖也很好吃 冷掉後超級硬脆 牙籤根本刺不進去 建議倒著吃,https://www.google.com/maps/contrib/111787356057502873147/reviews?hl=zh-TW
陳家阿嬤拔絲地瓜—高雄&台南,su H,在地嚮導 · 119 則評論 · 56 張相片,2 個月前,5 顆星,好像是點了拔絲地瓜、地瓜球、薯條，總之全部吃完最推薦薯條耶！真是沒想到，其他的覺得太硬了，薯條反而很剛好，裡面口感綿密,https://www.google.com/maps/contrib/106305902392729419299/reviews?hl=zh-TW
陳家阿嬤拔絲地瓜—高雄&台南,Brian Chou,在地嚮導 · 52 則評論 · 172 張相片,2 個月前,5 顆星,剛開市就人山人海,https://www.google.com/maps/contrib/104774321016403334809/reviews?hl=zh-TW
陳家阿嬤拔絲地瓜—高雄&台南,Manrong weng,在地嚮導 · 22 則評論 · 7 張相片,3 個月前,5 顆星,薯條意外的好吃，竟然可以脆到像吃餅乾，但還是覺得地瓜最好吃，雖然稍微有點人潮，但服務人員的動作快，一下就排到,https://www.google.com/maps/contrib/114236044298253643799/reviews?hl=zh-TW
陳家阿嬤拔絲地瓜—高雄&台南,Chi ni Hsu,在地嚮導 · 874 則評論 · 885 張相片,3 個月前,5 顆星,"拔絲地瓜薯條好好吃
回購了",https://www.google.com/maps/contrib/109707275909542109682/reviews?hl=zh-TW
陳家阿嬤拔絲地瓜—高雄&台南,Jenny Chien,"在地嚮導 · 659 則評論 · 2,440 張相片",3 個月前,5 顆星,"台南夜市美食，拔絲地瓜好吃
喜歡拔絲地瓜＞芋頭＞薯條",https://www.google.com/maps/contrib/103735100458022368830/reviews?hl=zh-TW
陳家阿嬤拔絲地瓜—高雄&台南,吳阿杰,在地嚮導 · 122 則評論 · 619 張相片,4 個月前,5 顆星,"來之前做過功課，網路推薦的武聖夜市美食，幾乎都會提到這一間，再加上開車在入口處排隊入場時，就會看到阿嬤拔絲地瓜前的排隊人潮，所以就跟著一起排隊，一起買綜合大盒的拔絲地瓜。

✅原本以為東西都是熱著時好吃，但想不到拔絲薯條反倒是冷了之後好吃，有買的朋友可以嘗試把薯條多放一下後變冷了再吃，會由乾硬變酥脆。",https://www.google.com/maps/contrib/112630424581229703606/reviews?hl=zh-TW
陳家阿嬤拔絲地瓜—高雄&台南,羅懷旻,在地嚮導 · 22 則評論 · 2 張相片,4 個月前,5 顆星,糖搖的炒均勻，外酥內軟，好像有淡淡的薑味道,https://www.google.com/maps/contrib/110177028270908219326/reviews?hl=zh-TW
陳家阿嬤拔絲地瓜—高雄&台南,廖,在地嚮導 · 42 則評論 · 192 張相片,4 個月前,5 顆星,"高雄沒買到 逛武聖夜市即便很多人也是要排一下 約排10分鐘左右就拿到美食 外層糖衣不會很厚 也不死甜 不知道要選啥的就挑綜合 每種都能食到
拔絲地瓜
薯條
QQ蛋
芋頭",https://www.google.com/maps/contrib/110763248911412825207/reviews?hl=zh-TW
陳家阿嬤拔絲地瓜—高雄&台南,Joyce Hou,在地嚮導 · 63 則評論 · 172 張相片,4 個月前,5 顆星,已追蹤好長一段時間  終於等到一個月一次來高雄瑞豐夜市擺攤的機會買到了  地瓜  薯條  就連地瓜球也真得好好吃  只可惜當天沒有芋頭  期待下次可以吃到,https://www.google.com/maps/contrib/106391626191510160178/reviews?hl=zh-TW
陳家阿嬤拔絲地瓜—高雄&台南,MPC,在地嚮導 · 484 則評論 · 931 張相片,4 個月前,1 顆星,被ig網紅騙來 台南店排了半小時 輪到我的時候地瓜還沒了😑 點了綜合大份的100不知道在吃什麼 又硬又乾 先說我是很喜歡吃甜點的人 吃了幾口就膩到不行了 甜爆 居然還買大份的...根本沒吃完 真的很雷 想買的人建議沒人排隊再買,https://www.google.com/maps/contrib/104911127323670365455/reviews?hl=zh-TW
陳家阿嬤拔絲地瓜—高雄&台南,黃書偉,在地嚮導 · 14 則評論 · 2 張相片,4 個月前,5 顆星,,https://www.google.com/maps/contrib/103083758637745279149/reviews?hl=zh-TW
陳家阿嬤拔絲地瓜—高雄&台南,一歲就很可愛,"在地嚮導 · 324 則評論 · 4,759 張相片",5 個月前,5 顆星,"2024/08/9晚上，常訪
大盒（$100）、小盒（$50）
擺攤訊息可以看店家的限動，現場排隊人潮相當多，製作台相當乾淨，大、小盒都可以混搭，糖衣不會太厚，也不會太黏牙難咬，吃不完放冰箱也不錯吃。",https://www.google.com/maps/contrib/113548105953174037742/reviews?hl=zh-TW
陳家阿嬤拔絲地瓜—高雄&台南,吃飽再睡,在地嚮導 · 82 則評論 · 35 張相片,5 個月前,5 顆星,"夜市必吃美食之一
沒有特別去追但有看到都會買
據點蠻多的
在很多夜市吃過！
不知道不同人的炒法是否不同
有注意不同老闆的好吃程度有差！
第一次吃是在潮州夜市 因距離較近

有注意到潮州夜市的拔絲地瓜較脆口
口感比較好！尤其是芋頭部分真的好吃
本身不喜歡吃芋頭的人 都覺得好吃

因為有去林園買過一次 覺得就有差
不知道炒法是否一樣
當時吃到的地瓜糖就沒均勻 地瓜球裡面沒有熟

之後都推薦朋友只購買潮州夜市的了",https://www.google.com/maps/contrib/104946368873682271965/reviews?hl=zh-TW
陳家阿嬤拔絲地瓜—高雄&台南,川川,在地嚮導 · 36 則評論 · 183 張相片,5 個月前,5 顆星,"好吃不黏牙

拔絲地瓜、芋頭、地瓜球、薯條
可單一品項購買，也可以混搭

個人最喜歡地瓜球💕",https://www.google.com/maps/contrib/118057196642898726751/reviews?hl=zh-TW
陳家阿嬤拔絲地瓜—高雄&台南,黃正皓,1 則評論,5 個月前,5 顆星,吃過阿嬤這麼多分店 還是覺得瑞豐夜市那對夫妻做的最好吃，很脆又不會很膩,https://www.google.com/maps/contrib/117075943514824670351/reviews?hl=zh-TW
陳家阿嬤拔絲地瓜—高雄&台南,詹秀君,"在地嚮導 · 135 則評論 · 1,102 張相片",5 個月前,5 顆星,下班路過瑞豐夜市，跟風年輕人尋找美食，好吃的拔絲地瓜😋😋😋😋,https://www.google.com/maps/contrib/105256899421348565124/reviews?hl=zh-TW
陳家阿嬤拔絲地瓜—高雄&台南,Mina Su,在地嚮導 · 167 則評論 · 663 張相片,5 個月前,5 顆星,"外層裹上的糖～完全不黏牙，也不死甜👏🏻👏🏻

◾️拔絲薯條
◾️拔絲地瓜球
◾️拔絲地瓜
◾️拔絲芋頭

大份100元/小份50元（可單買或任選2、3、4種綜合）

食後感：拔絲地瓜球好好吃🤤完全可以單點一盒！

➖➖➖➖➖➖➖➖ ➖➖➖➖➖
🌈 ig 追蹤  @s2c49 看更多吃喝玩樂
🔎地區：#mina吃台南
🔎類型：#mina吃夜市
➖➖➖➖➖➖➖➖ ➖➖➖➖➖

店家資訊↓ ↓ ↓

📍 陳家阿嬤拔絲地瓜
🏠 台南市中西區武聖路69巷（武聖夜市）

#taiwan #taiwnesefood
#tainan #tainanfood #yummy #FoodPorn #FoodGasm #foodie #探店
#台南美食 #武聖夜市 #mina吃貨人生 #ig美食 #陳家阿嬤拔絲地瓜 #夜市美食 #拔絲地瓜 #拔絲薯條 #拔絲地瓜球 #拔絲芋頭",https://www.google.com/maps/contrib/117508477966100934299/reviews?hl=zh-TW
陳家阿嬤拔絲地瓜—高雄&台南,Charles,在地嚮導 · 72 則評論 · 76 張相片,5 個月前,2 顆星,油黑、普通、等太久,https://www.google.com/maps/contrib/118009698981589979455/reviews?hl=zh-TW
陳家阿嬤拔絲地瓜—高雄&台南,Anika Chen,在地嚮導 · 65 則評論 · 16 張相片,6 個月前,5 顆星,"真的好好吃，
去台南都會為了這家特地跑夜市。
第一次買剩地瓜和芋頭，
上次終於吃到薯條和QQ球，
都好好吃沒有雷🤤",https://www.google.com/maps/contrib/112858600143604957411/reviews?hl=zh-TW
陳家阿嬤拔絲地瓜—高雄&台南,麥可元,在地嚮導 · 103 則評論 · 16 張相片,6 個月前,5 顆星,第一次吃，整個驚為天人餒，也太好吃了。可惜住在宜蘭，下次有機會去南部一定再去捧場。讚！,https://www.google.com/maps/contrib/110194519690961278937/reviews?hl=zh-TW
陳家阿嬤拔絲地瓜—高雄&台南,悠悠矢塔,在地嚮導 · 667 則評論 · 769 張相片,6 個月前,5 顆星,"東西冷冷的，但不錯吃
100綜合就很多了",https://www.google.com/maps/contrib/114100993773212750276/reviews?hl=zh-TW
陳家阿嬤拔絲地瓜—高雄&台南,見楓,28 則評論 · 1 張相片,6 個月前,1 顆星,非常不推薦，一邊製作一邊拼命講話噴口水，衛生堪慮,https://www.google.com/maps/contrib/112246615924335021694/reviews?hl=zh-TW
陳家阿嬤拔絲地瓜—高雄&台南,T M,在地嚮導 · 20 則評論 · 16 張相片,7 個月前,5 顆星,去武聖夜市必吃,https://www.google.com/maps/contrib/112220424628993985833/reviews?hl=zh-TW
陳家阿嬤拔絲地瓜—高雄&台南,JUN L͟A͟N͟,在地嚮導 · 34 則評論 · 6 張相片,7 個月前,5 顆星,"真的很好吃～～～地瓜跟地瓜球的超愛，地瓜情還有內餡！
前一晚忘記冰起來隔天早上吃還是一樣好吃！",https://www.google.com/maps/contrib/117294709858445871046/reviews?hl=zh-TW
陳家阿嬤拔絲地瓜—高雄&台南,Eva Yin,"在地嚮導 · 451 則評論 · 5,303 張相片",7 個月前,5 顆星,"穿梭在台南、高雄的夜市裡頭的「陳家阿嬤拔絲地瓜芋頭」

現炸現裹砂糖快速翻炒,吃起來口感脆口不黏牙,地瓜球裡頭有包餡、拔絲薯條越吃越刷嘴,不管熱熱吃還是回家放入冷凍後食用都很可以。
.
🔺拔絲地瓜、芋頭、薯條、地瓜球 💰50 元(小盒)100元(大盒),可單買一種口味也可以混搭）

地瓜拔絲就算囉，連芋頭、薯條、地瓜球都拔絲！

大家應該都知道台南夜市是按照日期開的吧？這邊就把陳家阿嬤拔絲地瓜出沒地點整理出來：

週一｜台南鹽行夜市、高雄岡山夜市
週二｜台南鐘厝夜市、高雄九曲堂夜市
週三｜台南武聖夜市、台南國宅夜市、高雄大社夜市
週四｜台南歸仁夜市、高雄德昌夜市
週五｜台南復華夜市、高雄仁武夜市、高雄林園夜市
週六｜台南永大夜市、台南武聖夜市、高雄路竹夜市
週日｜高雄南都夜市、屏東里港夜市",https://www.google.com/maps/contrib/109890313854804669886/reviews?hl=zh-TW
陳家阿嬤拔絲地瓜—高雄&台南,內湖黃阿偉-房產知識家,在地嚮導 · 137 則評論 · 330 張相片,8 個月前,5 顆星,"口味選擇多 小份份量又很足
排隊人流很大，但出餐速度真的夠快",https://www.google.com/maps/contrib/104028419509660455303/reviews?hl=zh-TW
陳家阿嬤拔絲地瓜—高雄&台南,jheg lin,在地嚮導 · 29 則評論,8 個月前,3 顆星,以前沒排隊的時候，每個禮拜都會去買，現在生意好排隊排成那樣，就沒再買了，生意好態度也差很多,https://www.google.com/maps/contrib/116482535923501748546/reviews?hl=zh-TW
陳家阿嬤拔絲地瓜—高雄&台南,Wan-chien Hsiao,在地嚮導 · 163 則評論 · 383 張相片,8 個月前,4 顆星,"地瓜蠻好吃的～薯條就是甜甜的？
排隊人龍（武聖夜市）看起來有點長但其實移動速度蠻快
可以嘗試！小份50大份100四種（地瓜、薯條、地瓜球、芋頭）都可以混",https://www.google.com/maps/contrib/100011984963066536756/reviews?hl=zh-TW
陳家阿嬤拔絲地瓜—高雄&台南,Finn,在地嚮導 · 44 則評論 · 27 張相片,9 個月前,3 顆星,"就是拔絲地瓜
不用等那麼久的話我會考慮回購
有排隊就真的可以pass了",https://www.google.com/maps/contrib/108139859513018343594/reviews?hl=zh-TW
陳家阿嬤拔絲地瓜—高雄&台南,rita liu,"在地嚮導 · 620 則評論 · 2,098 張相片",9 個月前,5 顆星,超讚超罪惡,https://www.google.com/maps/contrib/107615358750193882081/reviews?hl=zh-TW
陳家阿嬤拔絲地瓜—高雄&台南,瑋哥（笨笨屋）,在地嚮導 · 24 則評論 · 60 張相片,9 個月前,5 顆星,,https://www.google.com/maps/contrib/117601233258860932716/reviews?hl=zh-TW
陳家阿嬤拔絲地瓜—高雄&台南,柴爸幸福吃喝,在地嚮導 · 192 則評論 · 957 張相片,9 個月前,5 顆星,"武聖夜市排隊名攤
買了地瓜球、薯條
顛覆了口感、超級好吃的裹糖，堪稱完美的組合 …",https://www.google.com/maps/contrib/111126334505135203368/reviews?hl=zh-TW
陳家阿嬤拔絲地瓜—高雄&台南,張盛文（colven）,"在地嚮導 · 296 則評論 · 2,264 張相片",9 個月前,5 顆星,"很棒的點心
值得試試",https://www.google.com/maps/contrib/106534161175169593755/reviews?hl=zh-TW
陳家阿嬤拔絲地瓜—高雄&台南,黃依萍,在地嚮導 · 140 則評論 · 707 張相片,9 個月前,5 顆星,"個人非常熱愛地瓜球
但第一次看到拔絲地瓜球
其他產品也想試試 …",https://www.google.com/maps/contrib/105574393229678692461/reviews?hl=zh-TW
陳家阿嬤拔絲地瓜—高雄&台南,Sean Lu,在地嚮導 · 123 則評論 · 380 張相片,9 個月前,5 顆星,"年輕人認真做的美食 買回去也好吃
大份$100 地瓜+薯條",https://www.google.com/maps/contrib/117649575529962078190/reviews?hl=zh-TW
陳家阿嬤拔絲地瓜—高雄&台南,ʏᴜᴊɪᴇ,在地嚮導 · 118 則評論 · 154 張相片,10 個月前,5 顆星,拔絲薯條超好吃😋 …,https://www.google.com/maps/contrib/108883960972124065403/reviews?hl=zh-TW
陳家阿嬤拔絲地瓜—高雄&台南,6-08廖哲禾,在地嚮導 · 168 則評論 · 25 張相片,10 個月前,4 顆星,"五星給地瓜球、蕃薯
四星給薯條（太乾了）
啊芋頭沒有點",https://www.google.com/maps/contrib/107927565226921285102/reviews?hl=zh-TW
陳家阿嬤拔絲地瓜—高雄&台南,朋,"在地嚮導 · 369 則評論 · 1,791 張相片",10 個月前,5 顆星,"我人生第一次買拔絲地瓜，遇到好瓜！
糖很縝密的裹在地瓜、芋頭、地瓜球、薯條上，脆脆的但不會卡牙齒，糖也不會過甜，熱吃冷吃都很好吃，我覺得我吃到的不只是地瓜，而是吃到一個手工藝品，太完美了bravo!
個人最愛芋頭，雖然有點小乾，但真的太好吃，最驚豔是薯條，因為我不愛吃薯條，結果被嚇到，嚇薯！

不評分，直封台南第一名拔絲地瓜。",https://www.google.com/maps/contrib/100548337328096383651/reviews?hl=zh-TW
陳家阿嬤拔絲地瓜—高雄&台南,Wenny Yu,"在地嚮導 · 481 則評論 · 3,137 張相片",10 個月前,5 顆星,"台南武聖夜市一定要吃的拔絲地瓜和QQ球💙💙

店家的光線打得超好，看起來油亮油亮的，經過的每個人都垂涎三尺😂

假日總是大排長龍，大概等15分鐘到30分鐘，不過排隊動線設計良好，店家服務人員雖然很忙，但語氣不會不耐煩喔！是去台南夜市一定要吃的店家！

📍小盒50、大盒100
可以綜合口味，有芋頭、QQ球、薯條、拔絲地瓜可以自由搭配。

最推薦拔絲地瓜，糖衣厚度剛剛好，買好的時候店家不會綁起來會散熱，吃起來還會脆脆的，只是放久會軟掉比較不太好吃～

📍QQ球
內餡有包餡料，是蕃薯地瓜球，兩個人吃一個小的份量剛好，點大盒應該會很膩。",https://www.google.com/maps/contrib/116047525372588610408/reviews?hl=zh-TW
陳家阿嬤拔絲地瓜—高雄&台南,Chinghan Ho,在地嚮導 · 157 則評論 · 122 張相片,11 個月前,5 顆星,"可以混裝很貼心
地瓜跟薯條好好吃
芋頭有點乾，地瓜球還是比較喜歡傳統的作法不要沾糖",https://www.google.com/maps/contrib/116567739776085563513/reviews?hl=zh-TW
陳家阿嬤拔絲地瓜—高雄&台南,薛弘淵,在地嚮導 · 169 則評論 · 303 張相片,11 個月前,5 顆星,拔絲薯條吃起來很怪，應該是我個人口味不愛，所以只給四顆星，其他的都很讚。,https://www.google.com/maps/contrib/100840926754647831623/reviews?hl=zh-TW
陳家阿嬤拔絲地瓜—高雄&台南,陳Cindy,在地嚮導 · 48 則評論 · 13 張相片,11 個月前,3 顆星,"在夜市購買
排隊半個小時
地瓜有焦味 …",https://www.google.com/maps/contrib/105516306252868113566/reviews?hl=zh-TW
陳家阿嬤拔絲地瓜—高雄&台南,胡紅蟳,在地嚮導 · 33 則評論 · 15 張相片,11 個月前,5 顆星,網傳武聖夜市必吃攤位，週六晚上過去排了約三十分鐘。五十元的份量足夠兩人吃巧嚐鮮，一百元會覺得太膩。拔絲薯條很有特色但也很不怎麼樣，地瓜及芋頭還不錯，等半個小時極限了 再久可以跳過沒關係！,https://www.google.com/maps/contrib/114065689443575807034/reviews?hl=zh-TW
陳家阿嬤拔絲地瓜—高雄&台南,Cloud Yang,在地嚮導 · 177 則評論 · 34 張相片,11 個月前,2 顆星,"具有可以排隊一小時的耐心再買。
大社夜市看到的，原本想說拔絲要等很正常，等到自己排到前面才知道是店家SOP很有問題，只能等前面客人買到他所需的產品後，後面客人才能繼續購買，後面客人無法買現有的商品。
店家自己寫賞味期限一小時，結果不讓客人買現有商品🤷🏻‍♀️",https://www.google.com/maps/contrib/100284752435645192625/reviews?hl=zh-TW
陳家阿嬤拔絲地瓜—高雄&台南,Lisa,"在地嚮導 · 424 則評論 · 2,122 張相片",11 個月前,3 顆星,"看不少網紅推薦，來到武聖夜市，第一次就直接買大份綜合
外皮酥脆，但也點偏甜，三個人吃都覺得有點膩口，如果外層糖衣甜度能再降些應該會很讚",https://www.google.com/maps/contrib/116536315154277025400/reviews?hl=zh-TW
陳家阿嬤拔絲地瓜—高雄&台南,海龍王彼得,在地嚮導 · 97 則評論 · 327 張相片,11 個月前,5 顆星,"超級好吃
50元量很多！！！
六顆地瓜球加半盒拔絲地瓜
地瓜球吃起來是實心的
口感較Q(咬久嘴巴會酸
地瓜切的比較小塊（剛剛好
裹的糖很薄脆
可以說一口吃可以連吃好幾個不會膩
是目前心目中數一數二的拔絲地瓜",https://www.google.com/maps/contrib/112410608799875976712/reviews?hl=zh-TW
陳家阿嬤拔絲地瓜—高雄&台南,王紫綝,13 則評論 · 5 張相片,11 個月前,5 顆星,"看來武聖店才是本體
到處吃了那麼多阿嬤
只有武聖店的好吃 …",https://www.google.com/maps/contrib/108705419709448246340/reviews?hl=zh-TW
陳家阿嬤拔絲地瓜—高雄&台南,林Lisa,在地嚮導 · 25 則評論 · 15 張相片,11 個月前,3 顆星,"生意愈好品質越差，地瓜切的愈來愈小，大火炸的苦苦黑黑的

（歸仁）夜市工作人員手腳超慢，前面排11個，我排了1個小時才拿到產品 …",https://www.google.com/maps/contrib/115315418716576928686/reviews?hl=zh-TW
陳家阿嬤拔絲地瓜—高雄&台南,邱羽禔,"在地嚮導 · 675 則評論 · 3,040 張相片",1 年前,5 顆星,"看沒什麼人排隊，買來吃看看，一開始不抱期待，想說不就是拔絲地瓜嘛~怎麼這麼夯？
吃了之後....😳哇！不會硬梆梆的耶！外層是酥脆的，裡面的地瓜熱騰騰軟綿綿的，超級好吃👍
地瓜球、薯條都有買，我覺得都不錯，只是可能已經習慣薯條的口味，突然吃到甜的又比較硬一點，所以不太習慣，個人覺得還是拔絲地瓜最讚👍",https://www.google.com/maps/contrib/116262323731712414727/reviews?hl=zh-TW
陳家阿嬤拔絲地瓜—高雄&台南,Chia Ho Lin,在地嚮導 · 256 則評論 · 328 張相片,1 年前,3 顆星,"綜合 小50
薯條不錯 其他一般 芋頭糟糕 不值得排這麼久",https://www.google.com/maps/contrib/111916200628725798026/reviews?hl=zh-TW
陳家阿嬤拔絲地瓜—高雄&台南,柴犬王,"在地嚮導 · 405 則評論 · 1,026 張相片",1 年前,4 顆星,"小份50大份100
很划算但要排很久
口味不錯",https://www.google.com/maps/contrib/117958078707604003941/reviews?hl=zh-TW
陳家阿嬤拔絲地瓜—高雄&台南,范睿淵（淵子）,在地嚮導 · 20 則評論 · 167 張相片,1 年前,5 顆星,,https://www.google.com/maps/contrib/107097467994231113065/reviews?hl=zh-TW
陳家阿嬤拔絲地瓜—高雄&台南,fang,在地嚮導 · 47 則評論 · 12 張相片,1 年前,5 顆星,,https://www.google.com/maps/contrib/111894640306941793944/reviews?hl=zh-TW
陳家阿嬤拔絲地瓜—高雄&台南,Tomato,在地嚮導 · 108 則評論 · 472 張相片,1 年前,5 顆星,"位於武聖夜市的拔絲地瓜大約排了10分鐘
買了大盒的，拔絲地瓜口感是軟的、薯條超脆很特別、地瓜球裡面是有餡的",https://www.google.com/maps/contrib/117920639335112046447/reviews?hl=zh-TW
陳家阿嬤拔絲地瓜—高雄&台南,Yiting Huang,"在地嚮導 · 761 則評論 · 2,942 張相片",1 年前,4 顆星,"100元大份的，份量十足，糖衣不會太厚，地瓜香甜鬆軟，不過這天的芋頭內部有點硬。
每次看到都很多人在排隊，所以試試看，不過排隊前進的蠻快，不會等很久。",https://www.google.com/maps/contrib/113409889407250508439/reviews?hl=zh-TW
陳家阿嬤拔絲地瓜—高雄&台南,草莓牛奶糖,在地嚮導 · 79 則評論 · 113 張相片,1 年前,5 顆星,"Ig:birthday1204
拔絲地瓜跟芋頭都好好吃！！
切的大小剛剛好 外層的糖脆脆的 🤤 …",https://www.google.com/maps/contrib/113745686620551036695/reviews?hl=zh-TW
陳家阿嬤拔絲地瓜—高雄&台南,華黎林,在地嚮導 · 291 則評論 · 447 張相片,1 年前,5 顆星,"好吃！大份$100
拔絲地瓜球、拔絲薯條、地瓜都很有特色！下次會來回購～",https://www.google.com/maps/contrib/107434872862975122320/reviews?hl=zh-TW
陳家阿嬤拔絲地瓜—高雄&台南,李佩玟,在地嚮導 · 58 則評論 · 55 張相片,1 年前,5 顆星,"昨天在武聖夜市吃到剛起鍋的拔絲地瓜，超好吃❤️
可惜沒有固定店面，只能在夜市買～",https://www.google.com/maps/contrib/115840732834071171814/reviews?hl=zh-TW
陳家阿嬤拔絲地瓜—高雄&台南,Ysean Kok,25 則評論 · 27 張相片,1 年前,1 顆星,不太好，只是很甜。不明白為什麼它如此出名卻排著長隊。沒什麼特別的，只是人工甜味劑。,https://www.google.com/maps/contrib/117588178106412568317/reviews?hl=zh-TW
陳家阿嬤拔絲地瓜—高雄&台南,CHIA,在地嚮導 · 230 則評論 · 9 張相片,1 年前,5 顆星,地瓜>地瓜球>薯條,https://www.google.com/maps/contrib/105697903127964387943/reviews?hl=zh-TW
陳家阿嬤拔絲地瓜—高雄&台南,大海之子,"在地嚮導 · 316 則評論 · 2,429 張相片",1 年前,5 顆星,"不得不說這個真的是
👉目前台南夜市最夯的店家
不管在哪一個夜市看到都是很多人 …",https://www.google.com/maps/contrib/100170006736834118358/reviews?hl=zh-TW
陳家阿嬤拔絲地瓜—高雄&台南,E.C Chen,"在地嚮導 · 233 則評論 · 1,844 張相片",1 年前,4 顆星,地瓜糖霜很厚很脆很甜 地瓜本身也挑選的很優質 薯條非常好吃 地瓜球也很特別 店員盛裝到很滿 吃的很爽! 缺點就是冷卻很耗時間 後面真的等半小時以上 很累~,https://www.google.com/maps/contrib/110382332559857158889/reviews?hl=zh-TW
陳家阿嬤拔絲地瓜—高雄&台南,Iggy tzu tzu,在地嚮導 · 32 則評論 · 29 張相片,1 年前,5 顆星,好好吃🤤大推馬鈴薯薯條：）,https://www.google.com/maps/contrib/109143594758330473953/reviews?hl=zh-TW
陳家阿嬤拔絲地瓜—高雄&台南,邱曉絹,在地嚮導 · 60 則評論 · 37 張相片,1 年前,4 顆星,,https://www.google.com/maps/contrib/108868184910521065015/reviews?hl=zh-TW
陳家阿嬤拔絲地瓜—高雄&台南,雨婷,在地嚮導 · 38 則評論 · 5 張相片,1 年前,5 顆星,,https://www.google.com/maps/contrib/108404434549866624774/reviews?hl=zh-TW
陳家阿嬤拔絲地瓜—高雄&台南,走遍世界去旅行,在地嚮導 · 67 則評論 · 17 張相片,1 年前,5 顆星,用料實在👍🏻 …,https://www.google.com/maps/contrib/109764115031042788234/reviews?hl=zh-TW
陳家阿嬤拔絲地瓜—高雄&台南,K J,在地嚮導 · 95 則評論 · 4 張相片,1 年前,1 顆星,"我再也不相信部落客了
昨天買一堆
全家人都不肯吃 …",https://www.google.com/maps/contrib/108080593467436270864/reviews?hl=zh-TW
陳家阿嬤拔絲地瓜—高雄&台南,Kudea,在地嚮導 · 235 則評論 · 675 張相片,1 年前,4 顆星,排隊時間餐點美味脆口,https://www.google.com/maps/contrib/104740205120186865582/reviews?hl=zh-TW
陳家阿嬤拔絲地瓜—高雄&台南,吳小綠,在地嚮導 · 124 則評論 · 718 張相片,1 年前,5 顆星,"店員很活潑
除了拔絲地瓜還有芋頭、薯條、地瓜球可選
可以自由搭配
第一次來買所以點了綜合的
外層包覆的糖不會太多但卻均勻
吃起來很順口
拔絲薯條意外的超搭超好吃
地瓜球不是空心的.裡面有滿滿的餡
雖然排隊人潮很多但還是會願意回購👍",https://www.google.com/maps/contrib/114407847826892306653/reviews?hl=zh-TW
陳家阿嬤拔絲地瓜—高雄&台南,Roro,在地嚮導 · 101 則評論 · 58 張相片,1 年前,5 顆星,"剛好遇到不用排隊綜合100
實在太屌了太多了 太好吃了 一定要給一個讚
被我列為：排隊不會排
沒有排隊一定會買",https://www.google.com/maps/contrib/114185637114829376396/reviews?hl=zh-TW
陳家阿嬤拔絲地瓜—高雄&台南,林俊宏,在地嚮導 · 38 則評論 · 14 張相片,1 年前,5 顆星,外皮脆甜，內部鬆軟，吃起來有沒有到很油膩，六點半左右才會準備好全部的項目，但是六點就已經有排隊人潮，要有等待的準備。,https://www.google.com/maps/contrib/106598207651958865168/reviews?hl=zh-TW
陳家阿嬤拔絲地瓜—高雄&台南,Jasmine Chang,"在地嚮導 · 780 則評論 · 1,064 張相片",1 年前,5 顆星,可以買大盒的回家 吃不完冷凍 冰冰的吃也好好吃,https://www.google.com/maps/contrib/110556605783206321245/reviews?hl=zh-TW
陳家阿嬤拔絲地瓜—高雄&台南,蓁昀,在地嚮導 · 41 則評論 · 1 張相片,1 年前,1 顆星,之前吃覺得很好吃，不知道是生意越來越好的關係，地瓜太乾不像以前那麼好吃了,https://www.google.com/maps/contrib/102533086037457479176/reviews?hl=zh-TW
陳家阿嬤拔絲地瓜—高雄&台南,rosting chiu,"在地嚮導 · 567 則評論 · 2,616 張相片",1 年前,2 顆星,點小份綜合個人覺得一般，芋頭不好吃。,https://www.google.com/maps/contrib/115417977136543407255/reviews?hl=zh-TW
陳家阿嬤拔絲地瓜—高雄&台南,Blair Hsu,在地嚮導 · 101 則評論 · 106 張相片,1 年前,5 顆星,"花園夜市排隊名攤
點了小份綜合（芋頭+地瓜）
十分驚艷願意再排隊",https://www.google.com/maps/contrib/113062892983421382926/reviews?hl=zh-TW
陳家阿嬤拔絲地瓜—高雄&台南,芋頭仔,"在地嚮導 · 760 則評論 · 3,733 張相片",1 年前,4 顆星,"非常好吃的拔絲總匯
尤其是地瓜球有包餡
吃起來很不一樣
芋頭跟地瓜也都很好吃
唯獨薯條我覺得不OK
下次不加…",https://www.google.com/maps/contrib/118379341785629502548/reviews?hl=zh-TW
陳家阿嬤拔絲地瓜—高雄&台南,林哲賢,在地嚮導 · 151 則評論 · 261 張相片,1 年前,4 顆星,最推拔絲芋頭，芋頭味香，其次地瓜香甜鬆綿；拔絲QQ蛋第一次見到還不錯；拔絲薯條熱熱吃偏甜，放涼馬鈴薯味更突出反而更好吃。兩人作業等待時間較久，建議買個東西邊吃邊排隊。,https://www.google.com/maps/contrib/107745148343180120104/reviews?hl=zh-TW
陳家阿嬤拔絲地瓜—高雄&台南,Jan Su,在地嚮導 · 378 則評論 · 957 張相片,1 年前,5 顆星,拔絲薯條真的超好吃死而無憾，記得看店家ig免得跑錯夜市,https://www.google.com/maps/contrib/107943374160868778370/reviews?hl=zh-TW
陳家阿嬤拔絲地瓜—高雄&台南,楊承翰,在地嚮導 · 66 則評論 · 18 張相片,1 年前,2 顆星,真的不行吃到都涼掉 偏膩,https://www.google.com/maps/contrib/117172836865538271330/reviews?hl=zh-TW
陳家阿嬤拔絲地瓜—高雄&台南,Fun Fun,"在地嚮導 · 1,710 則評論 · 2,480 張相片",1 年前,4 顆星,第一次看到可以有這麼多選擇的拔絲地瓜，好棒啊,https://www.google.com/maps/contrib/117464584028902703962/reviews?hl=zh-TW
陳家阿嬤拔絲地瓜—高雄&台南,Hazel,"在地嚮導 · 146 則評論 · 1,317 張相片",1 年前,5 顆星,"📍陳家阿嬤拔絲地瓜 #台南 #北區

禮拜三一進到武聖夜市就看到滿滿的人潮在排隊 …",https://www.google.com/maps/contrib/102723365502084356107/reviews?hl=zh-TW
陳家阿嬤拔絲地瓜—高雄&台南,auchara pronsitti,"在地嚮導 · 127 則評論 · 1,332 張相片",1 年前,4 顆星,食物好吃又便宜，但是人太多，走路很困難，座位也很少。,https://www.google.com/maps/contrib/109918162131791328206/reviews?hl=zh-TW
陳家阿嬤拔絲地瓜—高雄&台南,廖宏峻,9 則評論 · 30 張相片,1 年前,5 顆星,,https://www.google.com/maps/contrib/113935484762087059469/reviews?hl=zh-TW
陳家阿嬤拔絲地瓜—高雄&台南,Eva Wang,"在地嚮導 · 1,153 則評論 · 5,498 張相片",1 年前,2 顆星,賣相很好，可是沒有地瓜味，地瓜口感乾，外糖也沒有蜜味，後悔買了它,https://www.google.com/maps/contrib/108303173088817325599/reviews?hl=zh-TW
陳家阿嬤拔絲地瓜—高雄&台南,影子,"在地嚮導 · 351 則評論 · 4,187 張相片",2 年前,5 顆星,好吃😋😋😋😋 …,https://www.google.com/maps/contrib/102203572069394367187/reviews?hl=zh-TW
陳家阿嬤拔絲地瓜—高雄&台南,邱韻璉,在地嚮導 · 107 則評論 · 38 張相片,2 年前,5 顆星,"我在仁武夜市看到大排長龍，看到有拔絲地瓜球很特別，就跟著排隊買🤣

我點綜合大份 …",https://www.google.com/maps/contrib/101000437171545954950/reviews?hl=zh-TW
陳家阿嬤拔絲地瓜—高雄&台南,楊彩琳,"在地嚮導 · 2,261 則評論 · 11,452 張相片",2 年前,4 顆星,"很特別的夜市小吃！♪( ´▽｀)素食可吃。
有拔絲薯條、地瓜、芋頭、地瓜球～第一次看到，雖然很高熱量但還是要吃，週末去排隊人潮非常多！大概要等30分鐘以上⋯
小份50大份100元，可以混合裝（不推薦芋頭⋯）
然後很甜ㄗㄗ哈哈～～～朝聖一下！",https://www.google.com/maps/contrib/108895656329368458767/reviews?hl=zh-TW
陳家阿嬤拔絲地瓜—高雄&台南,莊宜璇,在地嚮導 · 49 則評論 · 40 張相片,2 年前,4 顆星,還不錯，但是排隊要一陣子，口味還可以，畢竟沒吃過拔絲薯條、地瓜球（有餡非空心），可以來試試看，一個人點小份的就好，不然吃到後面可能會膩，建議買個無糖茶搭配，蠻甜的。,https://www.google.com/maps/contrib/105655803751469730469/reviews?hl=zh-TW
陳家阿嬤拔絲地瓜—高雄&台南,詹俊彥,"在地嚮導 · 1,657 則評論 · 12,513 張相片",2 年前,5 顆星,每種都不錯吃,https://www.google.com/maps/contrib/115820183116644355221/reviews?hl=zh-TW
陳家阿嬤拔絲地瓜—高雄&台南,Wan Chang,"在地嚮導 · 244 則評論 · 1,216 張相片",2 年前,5 顆星,排隊排很長，拔絲薯條必點，地瓜偏乾，芋頭也偏乾，整體來說可以為了拔絲薯條回訪好幾次的店家🤩 …,https://www.google.com/maps/contrib/105020236418003474992/reviews?hl=zh-TW
陳家阿嬤拔絲地瓜—高雄&台南,wt hsu,在地嚮導 · 233 則評論 · 348 張相片,2 年前,4 顆星,這次買了綜合100元的(沒加薯條，聽說比較油)，地瓜好吃、芋頭比較乾、地瓜球是有包餡的，最喜歡地瓜球！店員都蠻親切的，一開門就去排隊結果還是排了至少半小時，人真的很多！,https://www.google.com/maps/contrib/102307568339563872426/reviews?hl=zh-TW
陳家阿嬤拔絲地瓜—高雄&台南,李依璇,在地嚮導 · 27 則評論 · 16 張相片,2 年前,4 顆星,好吃但甜度滿高所以吃多會有點膩，缺點是因為炸完還要等冷卻加上人潮需要等很久，但每次來台南還是會想來吃。,https://www.google.com/maps/contrib/105543069040810880108/reviews?hl=zh-TW
陳家阿嬤拔絲地瓜—高雄&台南,黃Ling,2 則評論,2 年前,5 顆星,"與家人來逛花園夜市，一走進去看到『陳家阿嬤拔絲地瓜』，直接走去買，哈哈
抵擋不了誘惑，買了一大盒綜合，選了綜合（薯條、地瓜、地瓜球），有等一下下（因為一個鍋只能炸一種），但美食是值得等待的",https://www.google.com/maps/contrib/116005644458891933478/reviews?hl=zh-TW
陳家阿嬤拔絲地瓜—高雄&台南,Ling,2 則評論,2 年前,5 顆星,看到朋友po文吃拔絲地瓜，在朋友的推薦下，我也來到花園夜市買陳家阿嬤拔絲地瓜，平日人潮不多，這次買了一盒薯條，好吃到忘記拍照，想到的時候已經吃完了。,https://www.google.com/maps/contrib/103165891927448440707/reviews?hl=zh-TW
陳家阿嬤拔絲地瓜—高雄&台南,LIN JAN,114 則評論 · 145 張相片,2 年前,5 顆星,"20230322

⭐️先說結論 「非 常 驚  艷」 …",https://www.google.com/maps/contrib/105838773161431981496/reviews?hl=zh-TW
陳家阿嬤拔絲地瓜—高雄&台南,milk Hot,在地嚮導 · 39 則評論 · 71 張相片,2 年前,5 顆星,"近幾次要去吃不是忘記就是撲空（瑞豐只有星期一才有擺
今天終於吃到了 …",https://www.google.com/maps/contrib/108789649760389331344/reviews?hl=zh-TW
陳家阿嬤拔絲地瓜—高雄&台南,Tana,在地嚮導 · 143 則評論 · 242 張相片,2 年前,4 顆星,"大盒$100買了綜合
好可惜薯條賣完了⋯沒吃到⋯
但地瓜球跟芋頭好吃",https://www.google.com/maps/contrib/101943378521830389792/reviews?hl=zh-TW
陳家阿嬤拔絲地瓜—高雄&台南,黃智姈,在地嚮導 · 10 則評論 · 5 張相片,2 年前,5 顆星,"來花園夜市必買這間，這次買的是地瓜球，好好吃
一到夜市馬上買一盒吃，逛完後也買了回家吃，哈哈👍🏻 …",https://www.google.com/maps/contrib/111071156018112596716/reviews?hl=zh-TW
陳家阿嬤拔絲地瓜—高雄&台南,Tai Chen,在地嚮導 · 27 則評論 · 2 張相片,2 年前,5 顆星,時間還未開始就已排滿人，買一份綜合，有薯條、地瓜、芋頭和QQ球，100$，很好吃！,https://www.google.com/maps/contrib/118349940115265327091/reviews?hl=zh-TW
陳家阿嬤拔絲地瓜—高雄&台南,湯閔雯,8 則評論,2 年前,5 顆星,"去台南玩時 必逛花園夜市
剛好看到人大排長龍的拔絲地瓜
都來了 不排白不排 …",https://www.google.com/maps/contrib/114731535863840399916/reviews?hl=zh-TW
陳家阿嬤拔絲地瓜—高雄&台南,Lin,在地嚮導 · 20 則評論 · 8 張相片,2 年前,5 顆星,超好吃又不黏牙，是我吃過最讚的🤍 …,https://www.google.com/maps/contrib/116754583229841737509/reviews?hl=zh-TW
陳家阿嬤拔絲地瓜—高雄&台南,Yu lin lin,8 則評論 · 1 張相片,2 年前,5 顆星,"某次來台南玩時買了一次就愛上！
雖然要排隊但很值得等待！
今天禮拜四來花園夜市買一波，平日排隊人潮較少一點，沒有等很久，假日來就會先去逛夜市買點小東西來排隊邊等邊吃剛剛好，等待時間還可以接受，因為有4種品項老闆一次只能炸一種，如果買的時候想要買綜合的就要等比較久了！
外皮脆脆的用叉子叉還會滑掉😂
但咬下去裡面是軟嫩香甜的！真的很有驚艷感，不黏牙，甜度也適中，不會甜到很膩，一個人吃一份都沒問題，真的是滿健康的甜點！
推薦蕃薯跟薯條還有地瓜球👍👍👍
只要有來台南玩都不論是帶屏東還是台中的朋友來吃，每次買到都顧不上拍照就被瞬間秒殺！
買到後不能放太久，外皮的糖會融化，這點比較可惜，可能因為用的是麥芽糖的關係比較天然所以耐放程度較低！
推薦給想吃一次就上癮的朋友唷！",https://www.google.com/maps/contrib/107923498887931650380/reviews?hl=zh-TW
陳家阿嬤拔絲地瓜—高雄&台南,許小米,在地嚮導 · 112 則評論 · 147 張相片,2 年前,3 顆星,"我覺得地瓜、芋頭
比較好吃😋
薯條含油比較重～
而且也不脆
地瓜球還可以⋯有內餡🫢",https://www.google.com/maps/contrib/116981145546219087261/reviews?hl=zh-TW
陳家阿嬤拔絲地瓜—高雄&台南,湘湘,17 則評論 · 11 張相片,2 年前,2 顆星,"份量多 但口味soso
可能是網路上廣告推的太高，讓人有預期心理…….但…真的還好-3-..",https://www.google.com/maps/contrib/106937937037875949197/reviews?hl=zh-TW
陳家阿嬤拔絲地瓜—高雄&台南,徐素英,2 則評論,2 年前,1 顆星,"感覺都故意給人家排隊，製作過程非常非常的慢，還不如前面入口進來的那家。
炸的還黑黑的，吃起來很苦！
唉！廣告效果吧！",https://www.google.com/maps/contrib/109983506049512496595/reviews?hl=zh-TW
陳家阿嬤拔絲地瓜—高雄&台南,李宇嘉,在地嚮導 · 56 則評論 · 109 張相片,2 年前,5 顆星,我自己最愛是芋頭❤️但是每樣都很好吃👍👍 …,https://www.google.com/maps/contrib/117221264787706541328/reviews?hl=zh-TW
陳家阿嬤拔絲地瓜—高雄&台南,k NOVIRA,在地嚮導 · 128 則評論 · 63 張相片,2 年前,4 顆星,地瓜味很重，但我覺得脆度還可以再脆一點，而且少一個味道。吃過台南最好吃的拔絲地瓜是一個無名夜市賣的，幸好都沒人發現🌚🌚🌚 …,https://www.google.com/maps/contrib/112683787185179209504/reviews?hl=zh-TW
陳家阿嬤拔絲地瓜—高雄&台南,Serpent,在地嚮導 · 242 則評論 · 222 張相片,2 年前,3 顆星,"需要排隊 回家冰過味道更好
因為人潮多沒有時間讓他冷卻 有糖沒有完全凝固的狀態 有點影響口感
推薦地瓜芋頭薯條
地瓜球不推薦",https://www.google.com/maps/contrib/113928560767732198269/reviews?hl=zh-TW
陳家阿嬤拔絲地瓜—高雄&台南,李宗翰,"在地嚮導 · 779 則評論 · 2,245 張相片",2 年前,5 顆星,"不過甜不會太膩
芋頭地瓜鬆軟配上外層糖衣很讚",https://www.google.com/maps/contrib/102928023350382783325/reviews?hl=zh-TW
陳家阿嬤拔絲地瓜—高雄&台南,Emily,在地嚮導 · 17 則評論 · 6 張相片,2 年前,5 顆星,超好吃的拔絲地瓜和芋頭~還有很特別的拔絲薯條和地瓜球，都非常美味👍顧客很多，需要排隊，但好吃的美食，是值得等待的啦😊男服務人員態度非常好，都笑眯眯的，而且都會裝滿，完全不手軟，也會把炸焦的淘汰掉，兼顧美味和品質的拔絲地瓜，大力推薦😆 …,https://www.google.com/maps/contrib/101399925260622126087/reviews?hl=zh-TW
陳家阿嬤拔絲地瓜—高雄&台南,Kuo Hsiu Huang,在地嚮導 · 172 則評論 · 192 張相片,2 年前,2 顆星,瑞豐夜市排了將近一小時，前面還一個朋友代排的，兩個女的各買了一份，老闆賣到地瓜球剛好沒了，還自己把最後的四顆地瓜球都給她，感受不太好,https://www.google.com/maps/contrib/116079387218297609424/reviews?hl=zh-TW
陳家阿嬤拔絲地瓜—高雄&台南,祐祐,在地嚮導 · 59 則評論 · 57 張相片,2 年前,1 顆星,"一吃不得了了地瓜不甜就算了糖衣還帶苦😱
被評論吸引來的真的不值得啊
排隊人潮也多到誇張 …",https://www.google.com/maps/contrib/108800860784583116825/reviews?hl=zh-TW
陳家阿嬤拔絲地瓜—高雄&台南,Rick Yang,在地嚮導 · 265 則評論 · 124 張相片,2 年前,5 顆星,"東西真的好吃，點綜合可以一口氣吃到四種不同品項讓人滿足。
可惜的是每次瑞豐這邊大概都要等半小時以上....",https://www.google.com/maps/contrib/107680582542909565078/reviews?hl=zh-TW
陳家阿嬤拔絲地瓜—高雄&台南,L,在地嚮導 · 97 則評論 · 27 張相片,2 年前,1 顆星,今天去林園夜市買，排隊時看到服務員嚼檳榔吐在手上丟掉，也沒洗手直接拿夾子處理剛上桌的薯條⋯有點可怕,https://www.google.com/maps/contrib/103683171606453620625/reviews?hl=zh-TW
陳家阿嬤拔絲地瓜—高雄&台南,李鴻傑,2 則評論 · 11 張相片,2 年前,5 顆星,上週五在仁武夜市買的拔絲地瓜超好吃！！吃過這麼多家拔絲地瓜，最愛陳家阿嬤😍 …,https://www.google.com/maps/contrib/104025014207371208478/reviews?hl=zh-TW
陳家阿嬤拔絲地瓜—高雄&台南,高脩堯,在地嚮導 · 15 則評論 · 8 張相片,2 年前,1 顆星,"實在建議不要網購此店家。
本人12/14網上下單成功，1/8抵達，耗時幾近一個月，中間還沒有任何通知，唯一的通知只有在1/10時說是取貨最後一天，但明明是1/12，真的很傻眼，造成取貨諸多不便，不會再回購了，好吃不懂的尊重人有什麼用？",https://www.google.com/maps/contrib/115673243550685182531/reviews?hl=zh-TW
陳家阿嬤拔絲地瓜—高雄&台南,吳欣欣,11 則評論 · 1 張相片,2 年前,1 顆星,"一顆星也不想給
上次去買已經是尾聲，炸物區的人告知（可能買不到因為已經沒有地瓜可以炸），
但已經特地跑到所以還是排排看的心態排了，我後面陸續還有人排隊所以我不是最後一個。 …",https://www.google.com/maps/contrib/108137933559595294326/reviews?hl=zh-TW
陳家阿嬤拔絲地瓜—高雄&台南,Miffy Chang,在地嚮導 · 350 則評論 · 697 張相片,2 年前,5 顆星,"小份$50 大份$100 都會裝到滿出來
拔絲薯條真的很好吃
拔絲芋頭最耐吃
拔絲地瓜球是有包餡的那種
拔絲地瓜正常發揮

直接綜合買起來～～全部都吃得到～",https://www.google.com/maps/contrib/112566906845449392316/reviews?hl=zh-TW
陳家阿嬤拔絲地瓜—高雄&台南,鄧聖宗,3 則評論,2 年前,5 顆星,,https://www.google.com/maps/contrib/106226470104889157957/reviews?hl=zh-TW
陳家阿嬤拔絲地瓜—高雄&台南,黃國師,3 則評論,2 年前,5 顆星,拔絲薯條好脆，香甜的糖衣跟馬鈴薯的香氣搭配，很涮嘴,https://www.google.com/maps/contrib/101556166943179709791/reviews?hl=zh-TW
陳家阿嬤拔絲地瓜—高雄&台南,Long Liou (愛吃龍),"在地嚮導 · 284 則評論 · 1,527 張相片",2 年前,5 顆星,"楠梓夜市的陳家阿嬤拔絲地瓜芋頭。
上次看到超多人排隊，所以今天排隊買一下。
酥脆鹹甜的滋味，好吃😋像極了愛情☺️☺️ …",https://www.google.com/maps/contrib/100612719183223359788/reviews?hl=zh-TW
陳家阿嬤拔絲地瓜—高雄&台南,煦Xu,5 則評論,2 年前,5 顆星,,https://www.google.com/maps/contrib/111255438290004740444/reviews?hl=zh-TW
陳家阿嬤拔絲地瓜—高雄&台南,黃小熊,"在地嚮導 · 928 則評論 · 1,788 張相片",2 年前,5 顆星,買了一份綜合大份100元。裡面最喜歡薯條。我自己搭配小黃瓜可以解膩,https://www.google.com/maps/contrib/115878343825284993656/reviews?hl=zh-TW
陳家阿嬤拔絲地瓜—高雄&台南,Cloud,在地嚮導 · 191 則評論 · 98 張相片,2 年前,4 顆星,"要排隊 要排隊 要排隊
拔絲地瓜芋頭偏普通
然後拔絲的薯條不錯 …",https://www.google.com/maps/contrib/108758705795184145814/reviews?hl=zh-TW
陳家阿嬤拔絲地瓜—高雄&台南,Vivian C,在地嚮導 · 46 則評論 · 18 張相片,2 年前,3 顆星,很普通😳🥺 …,https://www.google.com/maps/contrib/111327094628406887718/reviews?hl=zh-TW
陳家阿嬤拔絲地瓜—高雄&台南,許肯,"在地嚮導 · 701 則評論 · 2,420 張相片",2 年前,4 顆星,"小份50 大份100
有地瓜、薯條、芋頭、QQ蛋
甜而不膩，味道還不錯",https://www.google.com/maps/contrib/111701438437889124264/reviews?hl=zh-TW
陳家阿嬤拔絲地瓜—高雄&台南,H,在地嚮導 · 38 則評論 · 8 張相片,2 年前,4 顆星,,https://www.google.com/maps/contrib/105233868525373969536/reviews?hl=zh-TW
陳家阿嬤拔絲地瓜—高雄&台南,Mina Happy,"在地嚮導 · 338 則評論 · 1,004 張相片",2 年前,5 顆星,"都好吃！🤤
脆度：地瓜圓>薯條>芋頭>地瓜
牙口不好的人，地瓜圓跟薯條可能會比較吃力 …",https://www.google.com/maps/contrib/101556409538762303969/reviews?hl=zh-TW
陳家阿嬤拔絲地瓜—高雄&台南,林念,3 則評論,2 年前,5 顆星,,https://www.google.com/maps/contrib/113811070558508227617/reviews?hl=zh-TW
陳家阿嬤拔絲地瓜—高雄&台南,野生的蔥,5 則評論 · 2 張相片,2 年前,5 顆星,"老闆人很好 東西超好吃的！
第一次評論不就給你們了！！",https://www.google.com/maps/contrib/104871494282441861648/reviews?hl=zh-TW
陳家阿嬤拔絲地瓜—高雄&台南,Yan Xiao,2 則評論,2 年前,5 顆星,"吃過蠻多拔絲地瓜 算是很好吃的
而且品項很特別的地瓜球跟薯條
#必吃美食
不過要耐心等待就是了！",https://www.google.com/maps/contrib/113814418522132216275/reviews?hl=zh-TW
陳家阿嬤拔絲地瓜—高雄&台南,Iris,在地嚮導 · 422 則評論 · 733 張相片,2 年前,4 顆星,"排隊很多人，但還算快
可能要趁熱吃比較好吃",https://www.google.com/maps/contrib/102786171640648543227/reviews?hl=zh-TW
陳家阿嬤拔絲地瓜—高雄&台南,Hsuan,"在地嚮導 · 477 則評論 · 29,963 張相片",2 年前,5 顆星,在瑞豐夜市剛好碰到,https://www.google.com/maps/contrib/110412406093522681427/reviews?hl=zh-TW
陳家阿嬤拔絲地瓜—高雄&台南,噎,在地嚮導 · 189 則評論 · 546 張相片,2 年前,5 顆星,👍🏻 …,https://www.google.com/maps/contrib/103793183812817123419/reviews?hl=zh-TW
陳家阿嬤拔絲地瓜—高雄&台南,Joann,"在地嚮導 · 463 則評論 · 1,143 張相片",2 年前,4 顆星,"營業地點和時間建議當天查看店家fb/Ig比較準確～
如果發現排隊人潮多 就不建議趕時間的人～因為品項都是檯面上賣完就要等待 而炸鍋只有一個 全部品項有四個 尤其要綜合真的要運氣不然就要等很久🥲
這間很特別 除了常見的拔絲地瓜和拔絲芋頭以外 竟然有拔絲地瓜球跟薯條🤤
很幸運點到綜合（剛好買到當批最後的芋頭XD）
薯條是裡面我最喜歡的 吃起來硬脆硬脆
地瓜口感鬆鬆軟軟
芋頭有點乾 但芋頭味很香
地瓜球裡面有包餡料 皮是偏厚的地瓜球
外面的糖衣可能因為天氣熱所以不硬脆 但甜味上不會很甜是剛剛好的
吃起來意外有飽足感 是健康的零嘴🤣",https://www.google.com/maps/contrib/114243631338856682676/reviews?hl=zh-TW
陳家阿嬤拔絲地瓜—高雄&台南,邱麗美,在地嚮導 · 68 則評論 · 343 張相片,2 年前,5 顆星,很好吃，不要太甜Q有嚼勁,https://www.google.com/maps/contrib/113197025145862210457/reviews?hl=zh-TW
陳家阿嬤拔絲地瓜—高雄&台南,Tiffany,在地嚮導 · 394 則評論 · 747 張相片,2 年前,5 顆星,"排隊排了40分鐘，覺得蠻好吃的！尤其是地瓜～～
但放隔夜似乎味道就會變得怪怪的 會建議當天就要吃完！",https://www.google.com/maps/contrib/110146765468320786569/reviews?hl=zh-TW
陳家阿嬤拔絲地瓜—高雄&台南,Bianca,在地嚮導 · 77 則評論 · 251 張相片,2 年前,5 顆星,除了經典的拔絲地瓜，非常特別的還有拔絲芋頭、拔絲薯條和拔絲地瓜球，但個人覺得還是經典最好吃!!!!! 麥芽糖衣完整包覆地瓜，現場排隊可以看到起鍋後，風扇全力送風吹涼的同時，店家一邊翻著地瓜，到最後糖衣成型，湯匙敲打糖衣發出喀喀聲響，非常療癒 ❤️,https://www.google.com/maps/contrib/111497989292155801517/reviews?hl=zh-TW
陳家阿嬤拔絲地瓜—高雄&台南,WJC_LG844,8 則評論 · 2 張相片,2 年前,5 顆星,"每次去買每次品質都很好，薯條超級好吃，每次都會有很多人排隊，我都提早當第一個排隊🥰
買到工作人員都會跟我打招呼😅
幫忙裝盒的那個男生超親民也會主動跟我們打招呼….人超好食物又好吃
真的大大推薦👍 …",https://www.google.com/maps/contrib/109139640008656296570/reviews?hl=zh-TW
陳家阿嬤拔絲地瓜—高雄&台南,戴眉煊,在地嚮導 · 24 則評論 · 36 張相片,2 年前,5 顆星,"瘋掉 好好吃….
真的要買大袋的
地瓜有夠神… …",https://www.google.com/maps/contrib/103278391649687032882/reviews?hl=zh-TW
陳家阿嬤拔絲地瓜—高雄&台南,ming ming,在地嚮導 · 187 則評論 · 31 張相片,2 年前,5 顆星,俗又大碗 好吃口感酥脆 很紮實,https://www.google.com/maps/contrib/101592327034742880083/reviews?hl=zh-TW
陳家阿嬤拔絲地瓜—高雄&台南,歐文,在地嚮導 · 122 則評論 · 801 張相片,2 年前,5 顆星,"2022-06-22

大份$100 小份$50 …",https://www.google.com/maps/contrib/114331935985889750978/reviews?hl=zh-TW
陳家阿嬤拔絲地瓜—高雄&台南,ChiChi Lin,在地嚮導 · 284 則評論,2 年前,5 顆星,看到誇張排隊人潮也試試看，第一次吃就驚為天人，太～好～吃～了～啊～直接買綜合口味，地瓜芋頭薯條QQ球都有，微甜香酥脆爽不油膩，50元份量裝到滿出來，推～,https://www.google.com/maps/contrib/116937605400667553780/reviews?hl=zh-TW
陳家阿嬤拔絲地瓜—高雄&台南,Tzu Lee,"在地嚮導 · 273 則評論 · 1,108 張相片",2 年前,5 顆星,地瓜球超好吃，可惜薯條賣完了🥺 …,https://www.google.com/maps/contrib/112287948183547201279/reviews?hl=zh-TW
陳家阿嬤拔絲地瓜—高雄&台南,C C,"在地嚮導 · 1,815 則評論 · 11,104 張相片",2 年前,5 顆星,"要排隊
但不會很久
大份100小份50 …",https://www.google.com/maps/contrib/109580218625208366839/reviews?hl=zh-TW
陳家阿嬤拔絲地瓜—高雄&台南,Ming Jie Lin,在地嚮導 · 104 則評論 · 236 張相片,2 年前,5 顆星,"可以追蹤他們家的ig/fb
才知道今天在哪擺攤
我是在網路上看到有人分享來吃看看 …",https://www.google.com/maps/contrib/100711600781406701458/reviews?hl=zh-TW
陳家阿嬤拔絲地瓜—高雄&台南,ny Sun,在地嚮導 · 114 則評論 · 547 張相片,2 年前,5 顆星,"一路殺去大樹就為了排拔絲地瓜❤️
👉拔絲地瓜真的五顆星！一開始在排隊聽到老闆娘在把地瓜分開的聲音感覺很硬，結果地瓜吃起來完全不會過硬也不死甜 或炸過頭的苦味。
👉但是薯條真的就是硬 吃起來香香的
個人覺得薯條沒裹糖比較好吃…

👉地瓜球的部分裡面是有內餡的
但吃起來有一種隔夜然後再炸的口感
比較不推薦。
👉芋頭今天沒買到

🎖價錢分為二種🎖
✌🏻小份50元
✌🏻大份100元

🔍當天排了一個小時整體來說我覺得是值得
看老闆辛苦的炸薯條 地瓜 等等
真的很辛苦。
地瓜的大小是好入口的不會吃的時候黏得到處都是～",https://www.google.com/maps/contrib/104113077662753905293/reviews?hl=zh-TW
陳家阿嬤拔絲地瓜—高雄&台南,CHUANG PEI-CHI,在地嚮導 · 16 則評論 · 18 張相片,2 年前,5 顆星,"真的敲級～～～～～～好吃.ᐟ.ᐟ.ᐟ.ᐟ
薯條QQ球地瓜芋頭都超讚辣♡\(*ˊᗜˋ*)/♡
吃一次就回不去那種(ˊo̴̶̷̤  ̫ o̴̶̷̤ˋ)
請大家一定要買爆吃爆阿嬤ㄉ拔絲地瓜ꉂꉂ◟(˃᷄ꇴ˂᷅ ૂ๑)༡л̵ʱªʱª✧˖°""",https://www.google.com/maps/contrib/111935075436883325172/reviews?hl=zh-TW
陳家阿嬤拔絲地瓜—高雄&台南,黃筱涵,1 則評論,2 年前,5 顆星,,https://www.google.com/maps/contrib/117709631185948756857/reviews?hl=zh-TW
陳家阿嬤拔絲地瓜—高雄&台南,高雄愛吃貨怡寶,在地嚮導 · 158 則評論 · 142 張相片,2 年前,5 顆星,"目前戰績 每個禮拜五都去排隊都有買到😍
超 級 好 粗 !!!!! （阿嬤厲害喔 …",https://www.google.com/maps/contrib/107994499614377781034/reviews?hl=zh-TW
陳家阿嬤拔絲地瓜—高雄&台南,綿綿羊,在地嚮導 · 17 則評論 · 5 張相片,2 年前,5 顆星,想不到阿嬤地瓜也用地標了🤣從之前大社夜市買到現在啦！身為拔絲地瓜愛好者，這家真的是我心中的第一名，尤其是薯條超好吃我自己能吃掉一盒😱可是我都買綜合比較划算每樣都吃的到因為其他的也都很好吃啊！2人以上建議一定要買大盒不然會後悔喔哈哈哈😆現在每次去都要排隊😂但很值得啦！因為真的很好吃，被報導出來不知道該哭還是該笑 ，但我..還是想哭，因為現在想吃都要排隊啦，目前也比較沒空還好他們有推真空包裝偶爾解解饞～但我還是比較愛現煮的啦！那個外酥內軟的口感跟味道，真的很滿足我的味蕾欸👍 服務態度也不會說紅了就囂張 這點值得讚賞 完蛋了..打完我又嘴饞了😋看來找天又要去排隊了🥹🥹但為了好吃的美食我願意等待啦  也沒想到會紅起來只有之前拍的照片哈哈哈 想看照片可以去他們粉專看～ …,https://www.google.com/maps/contrib/108012513922487339918/reviews?hl=zh-TW
陳家阿嬤拔絲地瓜—高雄&台南,葉姿蘭,在地嚮導 · 34 則評論 · 5 張相片,2 年前,5 顆星,,https://www.google.com/maps/contrib/107981881863895184660/reviews?hl=zh-TW
黃記辣脆腸,Ting Ting,在地嚮導 · 27 則評論 · 16 張相片,1 個月前,1 顆星,"東西不好吃 脆腸一小撮100就算了
超級硬 根本咬不了之外 兩位老闆態度超差
想練牙口跟心情不好的 可以來",https://www.google.com/maps/contrib/103769651316573190137/reviews?hl=zh-TW
黃記辣脆腸,Nina,在地嚮導 · 122 則評論 · 103 張相片,3 個月前,2 顆星,辣脆腸份量偏少，幾乎都是酸菜，偏偏酸菜又重鹹🥺,https://www.google.com/maps/contrib/108954137545532149132/reviews?hl=zh-TW
黃記辣脆腸,黃書偉,在地嚮導 · 14 則評論 · 2 張相片,4 個月前,5 顆星,,https://www.google.com/maps/contrib/103083758637745279149/reviews?hl=zh-TW
黃記辣脆腸,游緹,12 則評論 · 4 張相片,5 個月前,1 顆星,結帳順序沒說清楚，根本沒標示要把碗「放在」桌上，排在我後面的客人可能是常客，所以直接把碗放在桌上推到離老闆最近的地方，而我是把碗拿著，老闆做完前面那一組客人的餐後，直接拿桌上的碗問說是誰的，結果先做他的，這已經是「插隊」行為了好嗎，奉勸要來的客人把碗好好「放在」桌上，不過我不會再來了，真的沒想到後面的客人也當作沒事欸,https://www.google.com/maps/contrib/117068571605392238999/reviews?hl=zh-TW
黃記辣脆腸,77,在地嚮導 · 81 則評論 · 36 張相片,5 個月前,1 顆星,東西酸掉了！應該是目前吃過最難吃的辣脆腸,https://www.google.com/maps/contrib/106602915055342572154/reviews?hl=zh-TW
黃記辣脆腸,F,5 則評論,7 個月前,1 顆星,"老闆沒戴口罩邊聊天邊剪食物
真夠難吃",https://www.google.com/maps/contrib/100713933737116061110/reviews?hl=zh-TW
黃記辣脆腸,Lillian,在地嚮導 · 29 則評論 · 8 張相片,7 個月前,1 顆星,老闆娘講話超沒禮貌 不知道是欠他錢還是怎樣,https://www.google.com/maps/contrib/104071874268661612944/reviews?hl=zh-TW
黃記辣脆腸,Pony,在地嚮導 · 380 則評論 · 20 張相片,8 個月前,1 顆星,東西酸的,https://www.google.com/maps/contrib/117243031715593726706/reviews?hl=zh-TW
黃記辣脆腸,Chun Chun,在地嚮導 · 120 則評論 · 89 張相片,9 個月前,1 顆星,玉米筍酸掉？,https://www.google.com/maps/contrib/111529147129054082018/reviews?hl=zh-TW
黃記辣脆腸,郁雯,23 則評論 · 8 張相片,10 個月前,1 顆星,"您好不知道怎麼與您聯繫
今天大約19:30至現場購買辣脆腸
回到家要吃大約21:00 吃的內容物都是酸的⋯
味道也不太好 整個都浪費掉也沒吃到
目前是還未將餐點丟掉
想請問怎麼與您聯繫呢😓",https://www.google.com/maps/contrib/109395772812421428087/reviews?hl=zh-TW
黃記辣脆腸,Sabine Nice,在地嚮導 · 133 則評論 · 158 張相片,10 個月前,1 顆星,排隊完全沒順序，已經很多人在等，老闆還一直閒聊，速度超級慢，而且完全把客人當空氣！,https://www.google.com/maps/contrib/117027333907660453007/reviews?hl=zh-TW
黃記辣脆腸,Zoe,"在地嚮導 · 734 則評論 · 3,549 張相片",1 年前,5 顆星,"點小辣 吃起來像大辣🌶️
很辣很夠味 👍",https://www.google.com/maps/contrib/105720951993522223963/reviews?hl=zh-TW
黃記辣脆腸,Tseng Luna,2 則評論,1 年前,1 顆星,點小份的脆腸只有七塊脆腸……..超級少，全部都是酸菜,https://www.google.com/maps/contrib/102530946695993684297/reviews?hl=zh-TW
黃記辣脆腸,Xian Yao,在地嚮導 · 9 則評論 · 4 張相片,1 年前,1 顆星,"買了兩次，第一次到家後發現東西跟價錢不符合，被多收五十元，想說算了都離開了
今天去逛武聖，女朋友想吃所以又買了一次，結帳我大概算一算大概一百七到一百五，直接跟我喊兩百五，結帳後覺得不對

後來當面跟他把所有品項對一次，還堅持說我有夾蔬菜什麼的，金額怎麼加也對不上兩百五，才退我一百

袋子裡面的竹籤在對品項的時候拿走也不給我了，算錯錢連個抱歉的態度也沒有

大家買的人自己注意金額品項對不對

之後去武聖夜市管理處直接請他注意這家攤商，管理處只推說是消費糾紛等等

所以夜市管理處只能收錢不能管理有問題的攤商嗎？",https://www.google.com/maps/contrib/100655933354063657768/reviews?hl=zh-TW
黃記辣脆腸,陳偉維,43 則評論,1 年前,1 顆星,真心覺得難吃，怎麼排成這樣，買了125雖然不多，但是這樣就吃不完了…,https://www.google.com/maps/contrib/107012159971755222317/reviews?hl=zh-TW
黃記辣脆腸,Eric Huang,"在地嚮導 · 191 則評論 · 1,212 張相片",1 年前,3 顆星,脆腸口感清脆，麻辣好吃，但榨菜好鹹！排隊人很多，沒有好吃到要排隊的程度！,https://www.google.com/maps/contrib/115060814096963862651/reviews?hl=zh-TW
黃記辣脆腸,Dash Wang,"在地嚮導 · 355 則評論 · 1,564 張相片",1 年前,5 顆星,很好吃！但偏辣喔！怕辣的別點小辣！,https://www.google.com/maps/contrib/110081926479420309168/reviews?hl=zh-TW
黃記辣脆腸,K T,在地嚮導 · 37 則評論 · 3 張相片,1 年前,2 顆星,"一次店，份量跟另一家比真的差超多的
另一家買120元一大袋
這裡買兩百多竟然只有約一半的份量😅
味道見仁見智，但真的不會一試即成主顧啦😂",https://www.google.com/maps/contrib/108498291567505376847/reviews?hl=zh-TW
黃記辣脆腸,雨雨,在地嚮導 · 114 則評論 · 37 張相片,1 年前,1 顆星,排隊毫無順序可言，告知老闆我先來的，還被忽略！硬是叫了後面的人！感受超差！！！,https://www.google.com/maps/contrib/116500213595634013454/reviews?hl=zh-TW
蔬菜園辣脆腸,KYLE CHOU,在地嚮導 · 30 則評論 · 11 張相片,3 週前,1 顆星,真的很難吃 完全沒入味 而且臭酸了 直接送上丟拉圾桶照,https://www.google.com/maps/contrib/106762313335776623187/reviews?hl=zh-TW
蔬菜園辣脆腸,陳建男,在地嚮導 · 9 則評論 · 71 張相片,4 個月前,4 顆星,,https://www.google.com/maps/contrib/101403933927189161371/reviews?hl=zh-TW
蔬菜園辣脆腸,candy Ya,2 則評論,4 個月前,5 顆星,,https://www.google.com/maps/contrib/111196620403599396502/reviews?hl=zh-TW
蔬菜園辣脆腸,魏子涵,在地嚮導 · 27 則評論 · 31 張相片,7 個月前,1 顆星,酸菜好吃（但這不是餐點是配菜），雞胗 脆腸 豆乾 豬肝 都有臭酸味，只有米血能吃。,https://www.google.com/maps/contrib/118371771752913820324/reviews?hl=zh-TW
蔬菜園辣脆腸,香菇頭,1 則評論 · 1 張相片,9 個月前,5 顆星,好吃😋，會在訪👍,https://www.google.com/maps/contrib/100269906354493585778/reviews?hl=zh-TW
蔬菜園辣脆腸,Wei ting Cong,13 則評論 · 1 張相片,9 個月前,1 顆星,明明是辣脆腸但整個味道像水煮，貢丸跟星星腸有酸掉的味道，真不開心🫤🫤,https://www.google.com/maps/contrib/109490418781198014120/reviews?hl=zh-TW
蔬菜園辣脆腸,郭詠灃,在地嚮導 · 29 則評論 · 9 張相片,1 年前,1 顆星,實在傻眼，想說體驗看看…第一次購買回到家吃，豆腐臭酸的……,https://www.google.com/maps/contrib/102095534957797271292/reviews?hl=zh-TW
蔬菜園辣脆腸,SHU YIN,在地嚮導 · 32 則評論,1 年前,3 顆星,味道很夠味，！但奇怪了？怎麼沒看到辣脆腸，只有鹹菜而已呢？,https://www.google.com/maps/contrib/104479295968186687142/reviews?hl=zh-TW
蔬菜園辣脆腸,Chiaki,在地嚮導 · 14 則評論 · 17 張相片,1 年前,1 顆星,"調味真的不錯，
但口感讓人以為在吃甘蔗。",https://www.google.com/maps/contrib/105769020528253805492/reviews?hl=zh-TW
蔬菜園辣脆腸,Emily Huang,14 則評論 · 4 張相片,1 年前,1 顆星,買了一整袋的雞肝，每個吃起來都像冷凍過的，乾乾粉粉的,https://www.google.com/maps/contrib/110725772136912078323/reviews?hl=zh-TW
蔬菜園辣脆腸,金田先生,在地嚮導 · 29 則評論 · 11 張相片,1 年前,5 顆星,"我媽吃到馬上流眼淚.....
讚",https://www.google.com/maps/contrib/101948041983584927382/reviews?hl=zh-TW
蔬菜園辣脆腸,connie yang,4 則評論 · 1 張相片,1 年前,5 顆星,買了辣脆腸和豆皮豆乾很入味好吃，蔬菜點了龍鬚菜和四季豆很新鮮脆口，口味可以調整鹹淡,https://www.google.com/maps/contrib/100506542233933037347/reviews?hl=zh-TW
蔬菜園辣脆腸,GY H,在地嚮導 · 166 則評論 · 581 張相片,1 年前,3 顆星,"只收現金，無載具發票，酸菜要另外加購。

📍推薦：杏鮑菇、筍片，口感佳且入味。
📍正常：高麗菜、花椰菜，調味偏淡，重口味者可搭配重口味的筍片、酸菜味道較剛好。
📍不推：苦瓜，口味生、味道重，吃不習慣。",https://www.google.com/maps/contrib/108261438312251676986/reviews?hl=zh-TW
蔬菜園辣脆腸,bro,在地嚮導 · 156 則評論 · 126 張相片,1 年前,5 顆星,"武聖夜市內，小排隊，但前後等不到10分鐘。
偏鹹，可是每樣都超新鮮超好吃！價格合理！
我點了 芋頭粿、豆包、杏鮑菇，花椰菜、海菜、小黃瓜，下次還要吃別的菜，要記得叫老闆醬料和酸菜少一點😂",https://www.google.com/maps/contrib/113759009590006168180/reviews?hl=zh-TW
湖美孫師兄豆花,劉子瑜,1 則評論,3 週前,5 顆星,豆花超好吃的，糖水不會太甜！很幸運遇到豆花伯伯！😁 …,https://www.google.com/maps/contrib/100694716198604786192/reviews?hl=zh-TW
湖美孫師兄豆花,hsinhui,3 則評論 · 1 張相片,3 週前,5 顆星,,https://www.google.com/maps/contrib/101773915767446982206/reviews?hl=zh-TW
湖美孫師兄豆花,Haru Chen培莉,在地嚮導 · 13 則評論,4 週前,5 顆星,,https://www.google.com/maps/contrib/104859570080231860109/reviews?hl=zh-TW
湖美孫師兄豆花,Wayne Lo,"在地嚮導 · 668 則評論 · 1,439 張相片",1 個月前,5 顆星,"無意間遇到 用Google map才知道老爺爺到處擺攤 我在西門路703巷遇到
優點就是便宜基本款25元 加料例如薏仁加五元 算我吃過豆花最不甜的一點都不甜 份量小小一杯",https://www.google.com/maps/contrib/101000303333400202117/reviews?hl=zh-TW
湖美孫師兄豆花,萊夫方程式Life Eq.,"在地嚮導 · 189 則評論 · 1,425 張相片",1 個月前,5 顆星,"出沒巷弄的豆花攤車
純豆花25塊，加料+5元
在旁邊的茶店喝茶
看到馬上奔跑過去",https://www.google.com/maps/contrib/106308656899538038518/reviews?hl=zh-TW
湖美孫師兄豆花,Anita Liu,9 則評論 · 2 張相片,1 個月前,5 顆星,逛國華街的時候剛好巧遇阿伯！豆花很傳統好吃且甜而不膩,https://www.google.com/maps/contrib/108572615215087567378/reviews?hl=zh-TW
湖美孫師兄豆花,coofootra,"在地嚮導 · 445 則評論 · 10,596 張相片",2 個月前,5 顆星,傳統的味道,https://www.google.com/maps/contrib/117825641680415047464/reviews?hl=zh-TW
湖美孫師兄豆花,Rou,"在地嚮導 · 225 則評論 · 5,409 張相片",3 個月前,5 顆星,可以看到在店附近推著攤位（安平育平路附近）價格便宜，豆花好吃,https://www.google.com/maps/contrib/102841693624774388391/reviews?hl=zh-TW
湖美孫師兄豆花,Amber Amber,在地嚮導 · 29 則評論,3 個月前,5 顆星,好吃,https://www.google.com/maps/contrib/111539549286265574052/reviews?hl=zh-TW
湖美孫師兄豆花,檬,在地嚮導 · 52 則評論 · 89 張相片,3 個月前,5 顆星,從小吃到大，可遇不可求，如果有遇到一定要來上一碗！,https://www.google.com/maps/contrib/111024399004918984438/reviews?hl=zh-TW
湖美孫師兄豆花,達叔的塔羅命理與美食之旅,"在地嚮導 · 763 則評論 · 6,196 張相片",3 個月前,5 顆星,"這是台南的傳奇小攤
湖美孫師兄豆花
是流動的手推攤車
看到這樣的攤車
我這老漢就很想推......

點了薏仁豆花吃
因為沒有我愛的花生
薏仁吃起來還可以
但是豆花很讚
豆香味濃口感軟嫩
原味豆花25元
加料變成30元
實在有夠便宜的
而且還很好吃

如果妳走在台南路上
跟叔叔一樣人品很好
就有機會遇到孫師兄
記得一定要買來吃

#台南美食
#豆花",https://www.google.com/maps/contrib/107199418399240861323/reviews?hl=zh-TW
湖美孫師兄豆花,ガンダムエアリアル,在地嚮導 · 15 則評論 · 3 張相片,3 個月前,5 顆星,老闆態度認真感動到我，還有豆花非常好吃甜度適中。,https://www.google.com/maps/contrib/115331298925212333289/reviews?hl=zh-TW
湖美孫師兄豆花,Chiahwa Lin,在地嚮導 · 22 則評論,4 個月前,5 顆星,"豆花好吃! 老闆親切! 佛心價位!
市售的店豆花無人能及!
看到老闆的餐車，
來一杯豆花，
回味古早味，
很棒!",https://www.google.com/maps/contrib/103658666668883407348/reviews?hl=zh-TW
湖美孫師兄豆花,張艾嫩,"在地嚮導 · 470 則評論 · 9,755 張相片",4 個月前,5 顆星,美味🤤,https://www.google.com/maps/contrib/116467416355560009393/reviews?hl=zh-TW
湖美孫師兄豆花,黃子豪,10 則評論 · 1 張相片,4 個月前,5 顆星,好吃😋 …,https://www.google.com/maps/contrib/110573509450003535620/reviews?hl=zh-TW
湖美孫師兄豆花,黃雅雯,15 則評論 · 3 張相片,4 個月前,5 顆星,"在兩個不同且開車距離15分鐘的地方遇到伯伯兩次，推著推車走這麼遠的地方，覺得真的是緣分就買了兩個吃看看（綠豆和珍珠）
豆花非常綿密，糖水不會很甜，真的是古早味的豆花，小小一杯才30$，真的經濟又實惠！
而且伯伯有重聽，很怕把我的餐點做錯，所以問了三次🥹真的很可愛還跟我道歉",https://www.google.com/maps/contrib/107069336426117623976/reviews?hl=zh-TW
湖美孫師兄豆花,李小妮,在地嚮導 · 134 則評論 · 808 張相片,5 個月前,5 顆星,好吃不甜膩的豆花，還可以拜託伯伯半糖就好🥰🥰,https://www.google.com/maps/contrib/104204178056927991084/reviews?hl=zh-TW
湖美孫師兄豆花,晏淳（Yam）,1 則評論,6 個月前,5 顆星,路過民生路，剛好看到老闆辛苦的推者豆花車，買了3碗手工豆花才90元，炒糖漿很香好吃、綠豆、紅豆煮的入味、粉圓很Q都好好吃，純手工的店家，大家多捧場,https://www.google.com/maps/contrib/111112217658100322486/reviews?hl=zh-TW
湖美孫師兄豆花,Carrie Zan,11 則評論 · 8 張相片,8 個月前,5 顆星,"簡單、清爽、美味😋
一杯$25，加料$30，價錢非常佛心。我只加薏仁一樣，完全不會很甜，也非常消暑。
老闆也很好、客氣，自己推車賣豆花辛苦了，祝福人客多多～
Ps.我是在神農街遇到的（週六）",https://www.google.com/maps/contrib/110033340716442337288/reviews?hl=zh-TW
湖美孫師兄豆花,wei steph,"在地嚮導 · 646 則評論 · 2,065 張相片",9 個月前,5 顆星,"在假日的國華街上碰到了一位伯伯賣傳統豆花。他的豆花價格實在，口味也不會過於甜膩，真是佛心來的。伯伯非常客氣，希望大家有機會的話，多多支持他。

（伯伯都是步行，推著小推車走很遠來擺攤的！）",https://www.google.com/maps/contrib/117472155303736004094/reviews?hl=zh-TW
湖美孫師兄豆花,亮亮兒,"在地嚮導 · 970 則評論 · 4,219 張相片",9 個月前,5 顆星,"假日國華街遇到～

傳統豆花 佛心價格
口味也不會過於甜膩
伯伯很客氣
希望大家有遇到多多支持一下

（伯伯都步行 推著小推車推超遠擺攤！）",https://www.google.com/maps/contrib/113573329041654747094/reviews?hl=zh-TW
湖美孫師兄豆花,Wang Kevin,在地嚮導 · 101 則評論 · 543 張相片,10 個月前,5 顆星,阿北沒有固定位置，我在神農街遇到，銅板手工豆花必吃！,https://www.google.com/maps/contrib/117008869772640911003/reviews?hl=zh-TW
湖美孫師兄豆花,海獺,8 則評論 · 3 張相片,10 個月前,5 顆星,兒時記憶中的豆花，入口即化,https://www.google.com/maps/contrib/110354225563272629638/reviews?hl=zh-TW
湖美孫師兄豆花,Rose Hsu,"在地嚮導 · 211 則評論 · 3,233 張相片",10 個月前,5 顆星,台南必吃豆花，傳統豆花一杯25元好佛心,https://www.google.com/maps/contrib/105432563394852011611/reviews?hl=zh-TW
湖美孫師兄豆花,sandra lin,在地嚮導 · 117 則評論 · 490 張相片,11 個月前,5 顆星,"阿伯推著推車 隨叫隨停 ，阿伯有點重聽但講話輕聲細語 服務超好
豆花屬傳統款，嫩綿  配料選紅豆、薏仁，不過甜有煮透
便宜又好吃 值得推推

用自己的杯子裝也可以 沒有折五元
價格合理  支持👍",https://www.google.com/maps/contrib/114294778039342354380/reviews?hl=zh-TW
湖美孫師兄豆花,Tiffany Hsieh,7 則評論,11 個月前,5 顆星,,https://www.google.com/maps/contrib/116088665690644645874/reviews?hl=zh-TW
湖美孫師兄豆花,周芷盈,在地嚮導 · 115 則評論 · 4 張相片,1 年前,5 顆星,"便宜好吃！！是傳統手作豆花不是粉泡的
豆花份量也很多 超便宜糖水也很好吃
推推",https://www.google.com/maps/contrib/117191420368045610069/reviews?hl=zh-TW
湖美孫師兄豆花,Chen,在地嚮導 · 7 則評論,1 年前,5 顆星,,https://www.google.com/maps/contrib/107002499821220815889/reviews?hl=zh-TW
湖美孫師兄豆花,Meteor Yu,"在地嚮導 · 583 則評論 · 2,994 張相片",1 年前,5 顆星,"無意間看到的豆花，就買了試一試。
豆花的豆香味濃郁，是一個很傳統的味道，粉圓吃起來很Q，與糖水的組合非常消暑，吃到最後會稍微甜。

2024.02.17",https://www.google.com/maps/contrib/105635130810762919968/reviews?hl=zh-TW
湖美孫師兄豆花,He-Fe Ho,在地嚮導 · 46 則評論 · 10 張相片,1 年前,5 顆星,必須推，每次去臺南玩都要追著阿伯，來吃兩杯😂好喜歡阿伯樸實的豆花，希望看到評論的人都來吃！多推推，比那些觀光客聚集的豆花好多了 …,https://www.google.com/maps/contrib/116217774848042487209/reviews?hl=zh-TW
湖美孫師兄豆花,Hi MJ,"在地嚮導 · 894 則評論 · 1,047 張相片",1 年前,5 顆星,豆花好吃 勝過很多店家 老人推車 態度又好 要多支持,https://www.google.com/maps/contrib/113723860304535270660/reviews?hl=zh-TW
湖美孫師兄豆花,Mm,在地嚮導 · 26 則評論 · 11 張相片,1 年前,5 顆星,"很好吃的傳統豆花
和其他豆花店不一樣
吃起來入口即化 不假滑 手工的就是好吃
豆花只有熱的但是很好吃",https://www.google.com/maps/contrib/100711002725195228311/reviews?hl=zh-TW
湖美孫師兄豆花,rling,9 則評論 · 2 張相片,1 年前,5 顆星,很傳統的豆花，綠豆口味非常好吃！,https://www.google.com/maps/contrib/113304661366475197489/reviews?hl=zh-TW
湖美孫師兄豆花,Hannah Lin,在地嚮導 · 17 則評論 · 15 張相片,1 年前,5 顆星,回台必吃的味道😋,https://www.google.com/maps/contrib/108169125837251179925/reviews?hl=zh-TW
湖美孫師兄豆花,沈裕家,在地嚮導 · 118 則評論 · 214 張相片,1 年前,5 顆星,好吃👍可遇不可求，你想吃就吃得到嗎,https://www.google.com/maps/contrib/107744649832571052407/reviews?hl=zh-TW
湖美孫師兄豆花,Yun,在地嚮導 · 24 則評論 · 8 張相片,1 年前,5 顆星,別看伯伯一個攤子，他的豆花真的很好吃。一杯綜合豆花（綠豆、紅豆、珍珠），帶走著邊吃邊逛國華街，很快就吃完了！可惜忘了拍照😅,https://www.google.com/maps/contrib/108189827689900556191/reviews?hl=zh-TW
湖美孫師兄豆花,Jolin Lu,在地嚮導 · 47 則評論 · 34 張相片,1 年前,5 顆星,很親切的阿伯👍🏻,https://www.google.com/maps/contrib/111082287024701756287/reviews?hl=zh-TW
湖美孫師兄豆花,廖斐昭,在地嚮導 · 23 則評論 · 3 張相片,1 年前,5 顆星,阿北豆花好吃！很親和！推過車真的有重，請多支持~,https://www.google.com/maps/contrib/107009297140007430616/reviews?hl=zh-TW
湖美孫師兄豆花,sa Li,在地嚮導 · 40 則評論 · 33 張相片,1 年前,5 顆星,"超便宜超好吃😋 豆花超綿密 料也多
阿伯年紀比較大一點 大聲一點點+慢慢說阿伯聽就好！！ 阿伯也很親切可愛🥰
營業時間非上面寫的 大家可以看相片裡有人拍攝喔！",https://www.google.com/maps/contrib/101375998057476633979/reviews?hl=zh-TW
湖美孫師兄豆花,Tina sun,17 則評論 · 7 張相片,1 年前,5 顆星,,https://www.google.com/maps/contrib/100813174755396490221/reviews?hl=zh-TW
速立邁沙威瑪,杜怡慧,在地嚮導 · 124 則評論 · 407 張相片,2 週前,3 顆星,"看到一堆人排隊就來試試
麵包小小一個，1片生菜，洋蔥，肉有咖哩味
唯一特別的是麵包表面脆脆的
吃完有種空虛感",https://www.google.com/maps/contrib/112803957893283034477/reviews?hl=zh-TW
速立邁沙威瑪,Appuww,4 則評論,1 個月前,1 顆星,你好 之前很好吃 今天禮拜五 我去武聖吃 變了 還是..這間不是你們的？,https://www.google.com/maps/contrib/114558108325085709287/reviews?hl=zh-TW
速立邁沙威瑪,Wei,"在地嚮導 · 686 則評論 · 1,484 張相片",2 個月前,5 顆星,沙威瑪好吃！咖喱香、麵包脆。美乃滋有說要少一點但是還是覺得太多。排隊30分鐘才買到，每次去都很多人。,https://www.google.com/maps/contrib/110429825691447643000/reviews?hl=zh-TW
速立邁沙威瑪,537,在地嚮導 · 222 則評論 · 15 張相片,2 個月前,5 顆星,喜歡美乃滋多多的沙威瑪,https://www.google.com/maps/contrib/104745833416992074968/reviews?hl=zh-TW
速立邁沙威瑪,Ping Feng,在地嚮導 · 55 則評論 · 61 張相片,2 個月前,1 顆星,"一堆人排隊還以為多好吃
吃完一整個空虛
麵包小小一個 幾片生菜 洋蔥 肉末 50",https://www.google.com/maps/contrib/111308411307315964707/reviews?hl=zh-TW
速立邁沙威瑪,Carol H,在地嚮導 · 40 則評論 · 7 張相片,4 個月前,3 顆星,不僅變貴，麵包還變小🫠 …,https://www.google.com/maps/contrib/104980536403472539342/reviews?hl=zh-TW
速立邁沙威瑪,Charles,在地嚮導 · 72 則評論 · 76 張相片,5 個月前,2 顆星,料少、難吃、價位高,https://www.google.com/maps/contrib/118009698981589979455/reviews?hl=zh-TW
速立邁沙威瑪,台南幫飲料安中店小e,在地嚮導 · 230 則評論 · 505 張相片,6 個月前,5 顆星,"小時候吃到現在
35元～現在50元
好吃😋 …",https://www.google.com/maps/contrib/101073832431968273365/reviews?hl=zh-TW
速立邁沙威瑪,NJ,"在地嚮導 · 757 則評論 · 3,545 張相片",7 個月前,4 顆星,"莫名很多人排隊的沙威瑪(?)
不過不錯吃到是
麵包有烤 有加一點生菜 不錯",https://www.google.com/maps/contrib/109872323262190383094/reviews?hl=zh-TW
速立邁沙威瑪,Timothy,在地嚮導 · 19 則評論,7 個月前,4 顆星,"好吃
綁包頭的姊姊漂亮",https://www.google.com/maps/contrib/105605443274421724454/reviews?hl=zh-TW
速立邁沙威瑪,大河馬叔叔,"在地嚮導 · 937 則評論 · 12,378 張相片",11 個月前,4 顆星,"我不知道為什麼要買沙威瑪看到大家都在排隊我就跟著排隊
我就是隨波逐流因為隨波逐流不用想
排隊就是最好吃的",https://www.google.com/maps/contrib/113543977950280835096/reviews?hl=zh-TW
速立邁沙威瑪,Chien,在地嚮導 · 48 則評論 · 30 張相片,11 個月前,3 顆星,"看網路上有人推薦來吃的
要排隊排一段時間
肉還滿柴的 吃過一次就不會想要回購",https://www.google.com/maps/contrib/113791106524931276785/reviews?hl=zh-TW
速立邁沙威瑪,Lin Lin,在地嚮導 · 59 則評論 · 14 張相片,1 年前,1 顆星,"態度很差 東西能好吃到哪？
一個詢問 什麼時候開始賣
連看一眼都不看就被揮手像在趕小貓小狗一樣這種基本尊重都沒有！
而且裡面2-3人都是這種態度
生意好到老闆可以囂張",https://www.google.com/maps/contrib/113013259144486056420/reviews?hl=zh-TW
速立邁沙威瑪,Peizu Lee,在地嚮導 · 31 則評論 · 21 張相片,1 年前,5 顆星,麵包酥、調味也好，雖然只有一種口味，但真的很好吃。,https://www.google.com/maps/contrib/113232616371009808511/reviews?hl=zh-TW
速立邁沙威瑪,Ha Hyu,在地嚮導 · 34 則評論 · 26 張相片,1 年前,1 顆星,第一次逛武聖，看到人群排隊心想應該很好吃，跟著排了20幾分鐘，拿到手冷的，麵包空洞又硬，肉末沒幾塊，好奇這些排隊的客人是回頭還是都第一次購買、真的是我這輩子吃過最難吃的沙威瑪,https://www.google.com/maps/contrib/115247832835698057898/reviews?hl=zh-TW
速立邁沙威瑪,皮小丘,"在地嚮導 · 221 則評論 · 3,059 張相片",1 年前,5 顆星,麵皮有點脆，又香香的。  肉有點微微的焦香味，非常好吃。,https://www.google.com/maps/contrib/112293304829360984653/reviews?hl=zh-TW
速立邁沙威瑪,Eva GUO,在地嚮導 · 20 則評論 · 3 張相片,1 年前,1 顆星,"看到有人先點兩份，才跟著點了一份，老闆卻問：你有看到肉嗎？
沒有預定那為什麼剛剛前面的可以訂？（夜市的管委可以訂，一般客人去旁邊烘乾！？）
還沒好就說還沒好，態度差又一堆廢話
因為動作慢才一堆人排隊，千萬不要浪費生命排這種都是美乃滋的麵包",https://www.google.com/maps/contrib/110940589467246164156/reviews?hl=zh-TW
速立邁沙威瑪,Cristine,在地嚮導 · 177 則評論 · 730 張相片,1 年前,5 顆星,好吃，可以加一點辣,https://www.google.com/maps/contrib/105243598560322540543/reviews?hl=zh-TW
速立邁沙威瑪,妤安以恩,"在地嚮導 · 1,746 則評論 · 5,153 張相片",1 年前,4 顆星,老婆的回憶,https://www.google.com/maps/contrib/102389665994885426796/reviews?hl=zh-TW
速立邁沙威瑪,Eric Huang,"在地嚮導 · 191 則評論 · 1,212 張相片",1 年前,2 顆星,排隊成這樣，食物卻讓人大失所望，一點點肉而已，完全沒感覺在吃沙威瑪。一次店！,https://www.google.com/maps/contrib/115060814096963862651/reviews?hl=zh-TW
速立邁沙威瑪,Bernie,在地嚮導 · 256 則評論 · 297 張相片,1 年前,5 顆星,"排隊要半小時起跳
沙威瑪切的非常慢沒太大意義
因為肉很少咬下去都是美乃滋
肉只有口感沒有味道",https://www.google.com/maps/contrib/104331959851119936730/reviews?hl=zh-TW
速立邁沙威瑪,QQQ Q,在地嚮導 · 36 則評論 · 11 張相片,1 年前,5 顆星,"從小吃到大 就算離開台南
一樣會為了買沙威馬回去",https://www.google.com/maps/contrib/112693322075148648647/reviews?hl=zh-TW
速立邁沙威瑪,愛拍屁喵喵,在地嚮導 · 146 則評論 · 723 張相片,1 年前,1 顆星,明明可以製作的快一點，三個人力也不是不足，就偏偏要慢慢來製造排隊人潮，飢餓行銷，口味是有比其它攤好吃一咪咪，但實在不值得花大把的時間排它。,https://www.google.com/maps/contrib/100567123168839167198/reviews?hl=zh-TW
速立邁沙威瑪,楊彩琳,"在地嚮導 · 2,261 則評論 · 11,452 張相片",2 年前,4 顆星,"夜市銅板美食
一份45元，很多人排隊～大概等15分鐘。
味道還不錯，麵包有烤過會脆脆的，美乃滋加滿多的(＞人＜;)記得點餐時要請店員加少一點！減少一下熱量哈哈😜😜 …",https://www.google.com/maps/contrib/108895656329368458767/reviews?hl=zh-TW
速立邁沙威瑪,LEE ee,在地嚮導 · 826 則評論 · 349 張相片,2 年前,1 顆星,"強烈建議不要放肉跟菜了
直接麵包夾一整根美乃滋就好
我如果有糖尿病一定直接去世",https://www.google.com/maps/contrib/113210752914248849735/reviews?hl=zh-TW
速立邁沙威瑪,葉葉,"在地嚮導 · 510 則評論 · 2,080 張相片",2 年前,2 顆星,"排隊要排很久真的大可不必他就是普通偏乾偏小然後美乃滋多到你會吐的沙威瑪，
相信我，其他評論叫你不要跟風排是真的不是在唬爛，他不是什麼真的隱藏版美食，就是大家跟著排而已
已經幫你踩過雷ㄌ，夜市有更多好吃的東西，你真的可以把錢省起來。
-
麵包小小個，美乃滋多爆，是半個麵包整面擠上
已經點了少醬還是超多，膩
麵包在火烤過後已經有點過硬，一咬下去就會脆掉
整體吃起來沒有一體感
肉也沒有說很好吃很特別，肉跟生菜也不多
真的想吃沙威瑪可以買啦，可能不用排隊的時候再買ㄅ。（然後把醬去掉",https://www.google.com/maps/contrib/102250758364175543822/reviews?hl=zh-TW
速立邁沙威瑪,鄭小象,在地嚮導 · 19 則評論 · 12 張相片,2 年前,5 顆星,去夜市一定會買2份，一份當場吃完，一份隔天氣炸烤箱再加熱當早餐，一樣美味！,https://www.google.com/maps/contrib/104570551499891162349/reviews?hl=zh-TW
速立邁沙威瑪,維特Witt,在地嚮導 · 28 則評論 · 21 張相片,2 年前,5 顆星,"沒人排隊的時候去買
價格反應在份量
漲價後一份45個人覺得稍貴
不過服務態度加了很多分

真的是加很多美乃滋的沙威瑪
我還蠻喜歡美乃滋的
所以還蠻符合我的口味
推薦給喜歡美乃滋的你！",https://www.google.com/maps/contrib/117725379174585519137/reviews?hl=zh-TW
速立邁沙威瑪,王姿璇,5 則評論 · 3 張相片,2 年前,4 顆星,"老闆娘態度很親切
餐點製作用心
沙威瑪有點小
肉偏乾 嚐鮮即可",https://www.google.com/maps/contrib/107058424256402367999/reviews?hl=zh-TW
速立邁沙威瑪,張簡伯涵,在地嚮導 · 49 則評論 · 40 張相片,2 年前,1 顆星,"先不管好不好吃
等了那麼久
等來的是老闆一句溫馨的 姬芭勒
還砸錢
重點是還不好吃
再來一遍我就是狗",https://www.google.com/maps/contrib/110228083435817181993/reviews?hl=zh-TW
速立邁沙威瑪,Wei-Chung C,在地嚮導 · 87 則評論 · 1 張相片,2 年前,1 顆星,廢到笑，還在排隊的你現在停損還來得及,https://www.google.com/maps/contrib/105032184291804877727/reviews?hl=zh-TW
速立邁沙威瑪,Pei,"在地嚮導 · 539 則評論 · 3,300 張相片",2 年前,3 顆星,不懂排隊的點...,https://www.google.com/maps/contrib/113260810714202768561/reviews?hl=zh-TW
速立邁沙威瑪,Iris,在地嚮導 · 422 則評論 · 733 張相片,2 年前,4 顆星,"麵包外皮微脆，餡料不多
要排隊",https://www.google.com/maps/contrib/102786171640648543227/reviews?hl=zh-TW
速立邁沙威瑪,麥朵IG: lovefood.maiduo,"在地嚮導 · 874 則評論 · 2,493 張相片",2 年前,3 顆星,"IG:lovefood.maiduo

每次武聖夜市都排隊很夯的沙威瑪！

平日晚上過來幾乎不用排(๑•́ ₃ •̀๑)
一個40元，但是也小小個。

好吃在於它的麵包烤得很酥脆，但是也反應在它價格上，內餡其實很空虛，不然味道其實很好。

如果排隊要很久，我是不建議去排隊啦🤣～會覺得排隊排那麼久吃到空虛。

不排隊才建議買。

🏠店名：速立邁沙威瑪
📍地址：700台南市中西區武聖路69巷101號（武聖夜市）

#台南美食 #台南旅遊 #台南  #臺灣 #台灣旅遊 #台灣景點 #臺南美食 #臺南 #臺南旅遊 #台南小吃 #沙威瑪 #臺灣景點 #旅遊景點 #臺南小吃  #臺灣旅遊",https://www.google.com/maps/contrib/113946707285957535014/reviews?hl=zh-TW
速立邁沙威瑪,豬寶寶,在地嚮導 · 38 則評論 · 131 張相片,3 年前,5 顆星,"好吃 會想排隊等的唯一一家沙威瑪
重點是老闆整年裝扮都一樣，白上衣西裝褲
冬天只有加個毛帽太強了",https://www.google.com/maps/contrib/111066468821182334322/reviews?hl=zh-TW
速立邁沙威瑪,Kuanwei Chen,在地嚮導 · 131 則評論 · 143 張相片,3 年前,3 顆星,味道還不錯，麵包酥脆但偏小，肉給的也偏少些。,https://www.google.com/maps/contrib/108386557977405690787/reviews?hl=zh-TW
速立邁沙威瑪,趙貞盈,在地嚮導 · 84 則評論 · 23 張相片,3 年前,5 顆星,很好吃！目前吃過最好吃的沙威瑪,https://www.google.com/maps/contrib/113709336695134784677/reviews?hl=zh-TW
速立邁沙威瑪,ying ming,在地嚮導 · 736 則評論 · 555 張相片,3 年前,5 顆星,沙威瑪中排名在前三名,https://www.google.com/maps/contrib/115637555597569398082/reviews?hl=zh-TW
速立邁沙威瑪,王曉凡,在地嚮導 · 74 則評論 · 23 張相片,3 年前,3 顆星,吃快20年的顧客路過。味道跟麵包脆度還維持著，但現在沒有番茄了，覺得品質跟用料越來越差，倒還不如漲價，不然懶得每次回台南特地來吃。推薦旁邊的碳烤雞排,https://www.google.com/maps/contrib/101824809375262937732/reviews?hl=zh-TW
速立邁沙威瑪,wei hsu,"在地嚮導 · 153 則評論 · 1,154 張相片",3 年前,5 顆星,從學生時期，這間沙威瑪還在逢甲路雙子星夜市時就開始吃，數十年依然美味可口，連小孩都成“老主顧”啦！在武聖和花園夜市皆有輪流擺攤，最好早點去購買，不然，大排長龍啊！,https://www.google.com/maps/contrib/112313251158732053659/reviews?hl=zh-TW
速立邁沙威瑪,林大慶,14 則評論,3 年前,4 顆星,,https://www.google.com/maps/contrib/102110225148722929804/reviews?hl=zh-TW
速立邁沙威瑪,悠寶,"在地嚮導 · 1,485 則評論 · 6,693 張相片",3 年前,4 顆星,"看到排隊來跟一下～
咖喱口味的，麵包會抹一層美乃滋
加一片生菜跟些許洋蔥 …",https://www.google.com/maps/contrib/104529697923417154591/reviews?hl=zh-TW
速立邁沙威瑪,關李屁氏,105 則評論 · 68 張相片,3 年前,1 顆星,麵包都擠好美乃滋放好洋蔥了，雞肉也切好了，還在那邊滾雞肉。排了15分鐘終於拿到手，一吃...冷的，雞肉粉粉的，也沒口感，不好吃，根本飢餓行銷，不用浪費時間排隊了！,https://www.google.com/maps/contrib/108147761514747046436/reviews?hl=zh-TW
速立邁沙威瑪,Dean Wang,9 則評論 · 1 張相片,4 年前,1 顆星,非常普通，加完料麵包居然還可以完美蓋回去，小號沙威瑪,https://www.google.com/maps/contrib/107811148113921427536/reviews?hl=zh-TW
速立邁沙威瑪,Gee Lee,在地嚮導 · 172 則評論 · 616 張相片,4 年前,1 顆星,觀光客排隊人潮不少，排了一陣子有點期待(牌子說明排隊路線及規則)，非以往黑胡椒炒洋蔥肉，僅放肉跟美乃汁，比平常麵包店肉堡少了蛋，分量很少且貴，有點不知道吃的是...建議買之前先爬文。,https://www.google.com/maps/contrib/104333595596266693084/reviews?hl=zh-TW
速立邁沙威瑪,Ryan Wu,在地嚮導 · 67 則評論 · 87 張相片,4 年前,1 顆星,"這次回台南排了好長的隊伍才買到，沒想到...變好難吃！
肉很乾柴沒什麼味道，麵包也非常普通，完全不會有想把它吃完的動力...
印象中小時候這家店還不錯啊，怎麼會變這樣子呢？",https://www.google.com/maps/contrib/112755263217643413112/reviews?hl=zh-TW
速立邁沙威瑪,JL Lee,在地嚮導 · 29 則評論 · 1 張相片,4 年前,5 顆星,,https://www.google.com/maps/contrib/102557218429228565377/reviews?hl=zh-TW
速立邁沙威瑪,葳倫,在地嚮導 · 66 則評論 · 61 張相片,4 年前,2 顆星,不錯吃，份量太小，但態度跟以前還沒爆紅差很多，路竹有一攤不輸他們的沙威瑪，好吃份量算多，態度也不會跩的二五八萬的,https://www.google.com/maps/contrib/107259714014646790516/reviews?hl=zh-TW
速立邁沙威瑪,Rita Cheng,在地嚮導 · 31 則評論 · 60 張相片,4 年前,3 顆星,,https://www.google.com/maps/contrib/101710070268327870194/reviews?hl=zh-TW
速立邁沙威瑪,是好奇的啵魯先生啊,"在地嚮導 · 72 則評論 · 1,340 張相片",4 年前,3 顆星,"吃貨們大家好⛄️三星=普通還可以⛄️
👇👇三人六手完美默契沙威瑪秀👇👇
還在架攤就開始排隊了，讓我頗好奇 …",https://www.google.com/maps/contrib/116720848733707902826/reviews?hl=zh-TW
速立邁沙威瑪,阿勛,在地嚮導 · 42 則評論 · 132 張相片,4 年前,5 顆星,"路過就跟著排隊了😊
還沒開賣就一堆人在排隊了
果真是道地的台灣人 …",https://www.google.com/maps/contrib/107193696901918642333/reviews?hl=zh-TW
速立邁沙威瑪,梁盛文,在地嚮導 · 301 則評論 · 95 張相片,4 年前,5 顆星,努力排隊中,https://www.google.com/maps/contrib/104591185417777340343/reviews?hl=zh-TW
速立邁沙威瑪,Allen Hsiao,"776 則評論 · 3,658 張相片",4 年前,4 顆星,"BC。40元便宜又好吃。
帶點咖哩味道的調味。",https://www.google.com/maps/contrib/101894354717785029914/reviews?hl=zh-TW
速立邁沙威瑪,Pei Huang,在地嚮導 · 51 則評論 · 13 張相片,4 年前,4 顆星,一份價格40元，麵包薄脆有口感，包裹雞肉、蔬菜與醬料，比例得宜，整體吃起來口味十分均衡。份量小，算是吃巧不吃飽的夜市小吃。,https://www.google.com/maps/contrib/110821460229029526915/reviews?hl=zh-TW
速立邁沙威瑪,藍紫芸,在地嚮導 · 44 則評論 · 54 張相片,5 年前,1 顆星,"看到很多人就跟著排隊了，整體一起咬的時候肉跟不存在一樣，桂冠美乃滋存在感過高，麵包過度酥脆，咬得上顎很痛 QQ
另外，我正在享用津津有味的統大雞排時，甚至離攤位有些距離，老闆跨出一大步向前問：你們有沒有帶口罩？解釋了只是因為在吃雞排所以沒有戴上，請問是要怎麼戴著口罩吃雞排",https://www.google.com/maps/contrib/109332485377417937506/reviews?hl=zh-TW
速立邁沙威瑪,就是愛旅行,"在地嚮導 · 276 則評論 · 1,447 張相片",5 年前,2 顆星,料有點少，口味普通，喜歡吃酥脆麵包的話麵包還不錯，不過不會想再排隊了。,https://www.google.com/maps/contrib/109757515615159128782/reviews?hl=zh-TW
速立邁沙威瑪,吳漢陽,"在地嚮導 · 11 則評論 · 2,812 張相片",5 年前,4 顆星,,https://www.google.com/maps/contrib/104877505562917033064/reviews?hl=zh-TW
速立邁沙威瑪,峻,在地嚮導 · 22 則評論,5 年前,1 顆星,,https://www.google.com/maps/contrib/114666245846659656401/reviews?hl=zh-TW
速立邁沙威瑪,Isaac Ho,"在地嚮導 · 515 則評論 · 3,936 張相片",5 年前,5 顆星,"位於Poya入口附近，常有人排隊。這個特別之處在於麵包。包子皮酥脆，每一口都發出爆裂聲！我給麵包5顆星！

至於餡料，肉、洋蔥、生菜和蛋黃醬很一般，平均只有3顆星。 …",https://www.google.com/maps/contrib/111250182654380629133/reviews?hl=zh-TW
速立邁沙威瑪,Hemeia,在地嚮導 · 268 則評論 · 106 張相片,5 年前,5 顆星,"喜歡麵包很酥脆
肉紮實沒有水水的
對於愛吃沙拉醬的人很喜歡
熱量高所以小小一個剛好",https://www.google.com/maps/contrib/114044283776274738931/reviews?hl=zh-TW
速立邁沙威瑪,Mars,在地嚮導 · 284 則評論 · 407 張相片,5 年前,4 顆星,"好吃
但真的排好久",https://www.google.com/maps/contrib/108089846805806354417/reviews?hl=zh-TW
速立邁沙威瑪,Zhu Zhu,"在地嚮導 · 416 則評論 · 1,901 張相片",5 年前,5 顆星,先說數量 再說要不要特製 然後要不要提袋,https://www.google.com/maps/contrib/104142098280304462208/reviews?hl=zh-TW
速立邁沙威瑪,C.Y Mao,在地嚮導 · 181 則評論 · 185 張相片,5 年前,2 顆星,"脆的麵包皮
料有點少",https://www.google.com/maps/contrib/116618349620385009447/reviews?hl=zh-TW
速立邁沙威瑪,心好,9 則評論 · 1 張相片,5 年前,2 顆星,"真的不用去排隊 不值得
要吃莎威瑪還是推新竹東門街",https://www.google.com/maps/contrib/113462349354240682233/reviews?hl=zh-TW
速立邁沙威瑪,Jazz,在地嚮導 · 406 則評論 · 853 張相片,6 年前,3 顆星,麵包烤的表皮脆脆的 料還算多 口味也還不錯,https://www.google.com/maps/contrib/105937224118038703247/reviews?hl=zh-TW
速立邁沙威瑪,Dorry,在地嚮導 · 121 則評論 · 56 張相片,6 年前,3 顆星,麵包是脆，但講實在話排那麼久吃到感覺真的很普通……,https://www.google.com/maps/contrib/104328470319452640192/reviews?hl=zh-TW
速立邁沙威瑪,Tody,"在地嚮導 · 1,445 則評論 · 7,891 張相片",6 年前,3 顆星,"痾
真的過譽了
真的好吃的點就是再約麵包特別酥脆 …",https://www.google.com/maps/contrib/107338134109624270501/reviews?hl=zh-TW
速立邁沙威瑪,小蛙蛙,在地嚮導 · 434 則評論 · 14 張相片,6 年前,5 顆星,口味蠻特別的。麵包很脆，但不喜歡的會覺得太乾，偏小，味道蠻喜歡,https://www.google.com/maps/contrib/113325047371472375902/reviews?hl=zh-TW
速立邁沙威瑪,陳建宇,"在地嚮導 · 209 則評論 · 3,008 張相片",6 年前,4 顆星,個人在台南最喜歡的沙威瑪,https://www.google.com/maps/contrib/103751873851017277544/reviews?hl=zh-TW
速立邁沙威瑪,Ivy Chen,在地嚮導 · 269 則評論 · 987 張相片,6 年前,5 顆星,麵包又脆又軟。餡料有洋蔥、雞肉和蔬菜。美味多汁。我喜歡它！,https://www.google.com/maps/contrib/115910632781917726590/reviews?hl=zh-TW
速立邁沙威瑪,Chen Yuan Wang,在地嚮導 · 295 則評論 · 519 張相片,7 年前,1 顆星,"不懂為什麼那麼多人排隊
麵包超級乾，不好吃，沒有什麼特色",https://www.google.com/maps/contrib/107715516350006758089/reviews?hl=zh-TW
速立邁沙威瑪,Chiu Scott,在地嚮導 · 30 則評論 · 10 張相片,8 年前,2 顆星,那麼多部落客推薦，味道比路邊還差，不推薦來吃,https://www.google.com/maps/contrib/108564189878324095573/reviews?hl=zh-TW
麻糬-武聖店,alavi sadre anne jessica,在地嚮導 · 22 則評論 · 14 張相片,3 個月前,5 顆星,一位可愛的小女士，精心製作了多種口味的精美麻糬。我們點了12個什錦，有紅豆沙、花生、黑芝麻、芋頭和地瓜（我想）。出色的！所以如果你路過的話就去看她吧！,https://www.google.com/maps/contrib/110324739886615955434/reviews?hl=zh-TW
麻糬-武聖店,Shon Wu,在地嚮導 · 34 則評論 · 15 張相片,6 個月前,4 顆星,"每次去武聖夜市，都會經過，因為攤子不起眼，常常經過也不會買。但有次買綜合的，吃吃看，卻驚覺麻糬很好吃，現包現吃！皮很Q彈又軟，花生跟紅豆都很好吃！星期三跟六才有賣，星期五去都沒有買到！
買個100元都吃到很飽！很新鮮、不會像有的皮都很硬，很不Q，都像機器包的！",https://www.google.com/maps/contrib/100380010230277593339/reviews?hl=zh-TW
麻糬-武聖店,邱鵬蓁,10 則評論,1 年前,5 顆星,超好吃  請問在那幾個夜市有排,https://www.google.com/maps/contrib/102261005983590975864/reviews?hl=zh-TW
麻糬-武聖店,辛奕萱,4 則評論 · 13 張相片,1 年前,5 顆星,看上面留言評論很高 去逛武聖順特別去買這家麻糬 先買一盒試吃 沒想到真的真的是這麼好吃.. 有驚艷到!!! 馬上又再去買了幾盒帶回家分享朋友... 真的好吃❤,https://www.google.com/maps/contrib/117539079677123129067/reviews?hl=zh-TW
麻糬-武聖店,E.C Chen,"在地嚮導 · 233 則評論 · 1,844 張相片",1 年前,5 顆星,老闆!! 你們真的太低調了啦!! Google也很難找到!! 建議先取一個不錯的店名讓大家好找~ 無意間買到你們攤的麻糬 ㄧ吃驚為天人!!! 我也是麻糬愛好者 吃過滿多地方的麻糬 不得不說你們這家實在是好吃到誇張!! 外皮那個軟嫩Q度跟嚼勁 ㄧ吃就知道這是很厲害的麻糬 整個塞進去 一直咀嚼 就慢慢入口即化 非常誇張.. 然後內餡各個口味也是塞好塞滿 整個融為一體. 尤其花生口味好吃到我回高雄還念念不忘..吃過你們家的麻糬讓我為了你們到武聖夜市又多了個理由😂 有買回去給朋友家人吃他們也說比花蓮有名的麻糬還好吃 長輩喜歡芝麻 一開始入口有芝麻偏苦的自然風味 但馬上就香甜味道慢慢上來~ 低調不起眼的攤位 但完全吃的出來是用心好好調理制作的美味小吃! 真的不要這麼低調 你們麻糬的好吃程度值得大力推薦!!!👍👍👍以後一定會每去一次必買一次!!!,https://www.google.com/maps/contrib/110382332559857158889/reviews?hl=zh-TW
阿河豆乳雞豆乳翅,うちわ煮,在地嚮導 · 252 則評論 · 347 張相片,3 個月前,5 顆星,真是太好吃了。孩子很不高興。,https://www.google.com/maps/contrib/110840800607745883830/reviews?hl=zh-TW
阿河豆乳雞豆乳翅,愛吃的豬豬,117 則評論 · 377 張相片,1 年前,5 顆星,"這家豆乳雞真的很好吃
他的雞脖子比頂呱呱還好吃",https://www.google.com/maps/contrib/114784212741453068993/reviews?hl=zh-TW
阿河豆乳雞豆乳翅,曼陀螺,"在地嚮導 · 1,205 則評論 · 31,725 張相片",1 年前,5 顆星,沒有吃過豆乳雞豆乳翅的朋友可以吃看看，中年人創業不易值得多多支持。推薦給在地鄉親及來武聖玩的朋友。,https://www.google.com/maps/contrib/116336963473545624292/reviews?hl=zh-TW
函館日式丼飯-台南武聖夜市店,頭份分隊,1 則評論,1 個月前,5 顆星,,https://www.google.com/maps/contrib/115564162988289830382/reviews?hl=zh-TW
函館日式丼飯-台南武聖夜市店,Katie K,在地嚮導 · 18 則評論 · 12 張相片,2 個月前,1 顆星,"老闆請我們直接點餐不用寫單，結果比我們晚來的在兩分鐘內拿到餐點。我們坐了十分鐘，老闆都沒有發現自己沒有做餐。
當下沒有其他客人，令人不解怎麼會漏掉。",https://www.google.com/maps/contrib/111939886881948444819/reviews?hl=zh-TW
函館日式丼飯-台南武聖夜市店,吳銘豪,在地嚮導 · 395 則評論 · 178 張相片,1 年前,5 顆星,,https://www.google.com/maps/contrib/108290575437966624714/reviews?hl=zh-TW
函館日式丼飯-台南武聖夜市店,黃楙棊,8 則評論 · 7 張相片,1 年前,5 顆星,,https://www.google.com/maps/contrib/114748326037419578813/reviews?hl=zh-TW
326臭臭鍋,: D,13 則評論 · 11 張相片,3 天前,5 顆星,,https://www.google.com/maps/contrib/116938229987119281444/reviews?hl=zh-TW
326臭臭鍋,皮小丘,"在地嚮導 · 221 則評論 · 3,059 張相片",8 個月前,5 顆星,,https://www.google.com/maps/contrib/112293304829360984653/reviews?hl=zh-TW
326臭臭鍋,曼陀螺,"在地嚮導 · 1,205 則評論 · 31,725 張相片",1 年前,5 顆星,CP值很高的小火鍋店，武聖必吃店家，推薦給各位。,https://www.google.com/maps/contrib/116336963473545624292/reviews?hl=zh-TW
326臭臭鍋,Olivia Chou,在地嚮導 · 53 則評論 · 122 張相片,1 年前,5 顆星,價格實惠，餐點好吃。熱門時段會很多人要耐心等待座位。值得一吃。,https://www.google.com/maps/contrib/106068896282355217381/reviews?hl=zh-TW
326臭臭鍋,金玉の旅遊部落格,"在地嚮導 · 266 則評論 · 1,696 張相片",1 年前,5 顆星,"幾年前在職訓上課的時候 剛好看到隱藏在夜市看起來CP值很高的小火鍋店 ！？
那天下課就特別約了職訓同學一起來吃 真的CP值很高 那時候一鍋牛雜+一碗白飯100元解決 完全是下課後的小確幸！
-
牛雜鍋給的牛雜一點也不小氣 還給了一大塊吸附滿滿湯頭的深坑臭豆腐 臭氣四溢超爽🤣
原本以為口味上會普普通通 吃完後認真覺得可以無限回購 加上帶了男朋友去吃也超喜歡！ 已經不知道買了幾次 從100元有找到現在140元了還是覺得很划算！
-
還有吃過什錦鍋、腸旺鍋、大腸鴨血鍋 價位上雖然有差別 如果對牛雜膩了真的可以試試大腸鴨血鍋 料超多 湯頭很清甜加辣更過癮 鴨血也不會說沒入味 大腸就像圖片中的一樣很大！大腸鴨血很超值😍
甚至現在最愛吃的是大腸鴨血鍋！ 可惜的是豆腐不是跟牛雜鍋一樣一大塊⋯不過也算多了！想吃少一點就可以點腸旺鍋🤤🤤
-
我都在善化夜市買的 離家裡比較近 這是第一間可以讓我突然想吃就騎摩托車去買的火鍋攤🤤
缺點大概只有每次都要等很久🫠  夏天竟然也是要等20分以上的😵
要吃到CP值高的餐點 付出一點勞力是值得的哈哈😂",https://www.google.com/maps/contrib/112164141518939164359/reviews?hl=zh-TW
土耳其手工烙餅雞肉捲,吳翊寧,12 則評論 · 5 張相片,1 個月前,5 顆星,,https://www.google.com/maps/contrib/115188161880110217740/reviews?hl=zh-TW
土耳其手工烙餅雞肉捲,黃筠婷,2 則評論,4 個月前,5 顆星,,https://www.google.com/maps/contrib/100105083152650942204/reviews?hl=zh-TW
土耳其手工烙餅雞肉捲,Su,15 則評論 · 6 張相片,10 個月前,5 顆星,"有人知道為什麼暫停營業嗎
好不容易有動力去夜市
怎麼突然就沒了",https://www.google.com/maps/contrib/114597972684547174025/reviews?hl=zh-TW
土耳其手工烙餅雞肉捲,塞利姆,2 則評論 · 12 張相片,11 個月前,5 顆星,老闆很親切！！！,https://www.google.com/maps/contrib/105804688293534838516/reviews?hl=zh-TW
土耳其手工烙餅雞肉捲,RLu,在地嚮導 · 58 則評論 · 54 張相片,1 年前,5 顆星,完全忘記拍照就直接下肚了，老闆很客氣，東西也好吃，第一次購買加了番茄醬、美乃滋、優格（土耳其優格），一口下去整個很清爽👍 …,https://www.google.com/maps/contrib/111613371707457216896/reviews?hl=zh-TW
土耳其手工烙餅雞肉捲,含含,"在地嚮導 · 267 則評論 · 1,610 張相片",1 年前,4 顆星,"價位是>>一捲100；兩捲180
總共有四種醬可以選 一捲可以挑兩種醬搭配
我們買了一捲番茄醬+美乃滋 跟 一捲辣椒醬+優格
份量個人覺得給得很有誠意
跟臺灣的沙威瑪比起來肉量真的多很多
個人認為一捲90在夜市小吃算中價位 但挺飽的
下次會想嘗試只有辣椒醬的口味 因為我覺得可能被優格中和掉了
喜歡辣辣的感覺><

現場需要小排隊因為一次只能烤一片餅
但其實前進速度算快除非有人一次點很多
但當天排隊大部分人都是一~兩捲在點而已!

兩位老闆也很熱情很可愛ouo",https://www.google.com/maps/contrib/110864915603062330512/reviews?hl=zh-TW
土耳其手工烙餅雞肉捲,E.C Chen,"在地嚮導 · 233 則評論 · 1,844 張相片",1 年前,4 顆星,"超級好吃!!!!! 花園夜市一定要買~
醬料很順口又入味 餅皮香脆 肉絲滑香嫩",https://www.google.com/maps/contrib/110382332559857158889/reviews?hl=zh-TW
土耳其手工烙餅雞肉捲,曼陀螺,"在地嚮導 · 1,205 則評論 · 31,725 張相片",1 年前,5 顆星,土耳其人用雙手製作的烙餅，是最道地的土耳其手工烙餅，沒吃過土耳其人親手製作的烙餅，建議可以嘗鮮吃看看，或許你會喜歡，推薦給喜歡吃土耳其人手工製作出的烙餅的朋友，老闆非常友善有趣，可以跟他們聊天。,https://www.google.com/maps/contrib/116336963473545624292/reviews?hl=zh-TW
小飛新疆烤肉串,棕毛大型犬,在地嚮導 · 465 則評論 · 588 張相片,1 個月前,5 顆星,"牛肉串最好吃也是我唯一會回購的！！
醬汁醃的味道也真的很讚
但其他滷肉、鴕鳥肉、雞皮都不是我的菜🥲 …",https://www.google.com/maps/contrib/110380988967303621629/reviews?hl=zh-TW
小飛新疆烤肉串,慕安,11 則評論 · 8 張相片,7 個月前,5 顆星,,https://www.google.com/maps/contrib/114318617746087243148/reviews?hl=zh-TW
小飛新疆烤肉串,Rocky Chou,在地嚮導 · 18 則評論 · 4 張相片,8 個月前,5 顆星,味道不會太重，烤的好吃😋,https://www.google.com/maps/contrib/112874146486910457629/reviews?hl=zh-TW
小飛新疆烤肉串,Boni ka,在地嚮導 · 112 則評論 · 73 張相片,8 個月前,5 顆星,是好吃的👍🏻 …,https://www.google.com/maps/contrib/103749728770531370555/reviews?hl=zh-TW
小飛新疆烤肉串,曼陀螺,"在地嚮導 · 1,205 則評論 · 31,725 張相片",1 年前,5 顆星,看起來還不錯，可以吃看看。,https://www.google.com/maps/contrib/116336963473545624292/reviews?hl=zh-TW
吉哆啦銅鑼燒,YZ Liam,127 則評論 · 3 張相片,1 個月前,5 顆星,讚！,https://www.google.com/maps/contrib/118397424635567740220/reviews?hl=zh-TW
吉哆啦銅鑼燒,陳燕生,2 則評論 · 17 張相片,7 個月前,5 顆星,,https://www.google.com/maps/contrib/115020113406903975346/reviews?hl=zh-TW
吉哆啦銅鑼燒,家誼,在地嚮導 · 14 則評論 · 7 張相片,10 個月前,5 顆星,,https://www.google.com/maps/contrib/115786471015975040763/reviews?hl=zh-TW
吉哆啦銅鑼燒,Huang睿鈺（Ray）,"在地嚮導 · 746 則評論 · 2,145 張相片",10 個月前,5 顆星,小銅鑼燒,https://www.google.com/maps/contrib/112582307383562793095/reviews?hl=zh-TW
吉哆啦銅鑼燒,微笑,13 則評論 · 2 張相片,1 年前,5 顆星,非常好吃的銅鑼燒🧡,https://www.google.com/maps/contrib/109642418305895833393/reviews?hl=zh-TW
吉哆啦銅鑼燒,小軟,"在地嚮導 · 132 則評論 · 1,116 張相片",1 年前,5 顆星,"最近很喜愛的銅鑼燒
12入100 6入60
有很多種口味選擇
單吃銅鑼燒不加料也好吃
比較偏乾 但我覺得還不錯 布丁奶油很不錯",https://www.google.com/maps/contrib/100170328555541796735/reviews?hl=zh-TW
吉哆啦銅鑼燒,曼陀螺,"在地嚮導 · 1,205 則評論 · 31,725 張相片",1 年前,5 顆星,生意很好的銅鑼燒，排隊需要15分鐘，口味很多，餅皮不是我喜歡的那種，餡料不錯，推薦給大家試試。,https://www.google.com/maps/contrib/116336963473545624292/reviews?hl=zh-TW
35年老店現煎小鳥蛋（小北.武聖.永華）,Y I,"在地嚮導 · 1,849 則評論 · 9,971 張相片",10 個月前,5 顆星,"7顆$35
12顆$50

可以選擇兩種醬，這次點醬油膏跟海苔粉

他們的海苔粉是海苔鹽，有點過鹹😂",https://www.google.com/maps/contrib/103916878421002513171/reviews?hl=zh-TW
2486辣脆腸,william (陳),在地嚮導 · 141 則評論 · 91 張相片,1 週前,1 顆星,老闆很厭世，東西沒有預想的好吃 沒味道,https://www.google.com/maps/contrib/100770021526377068443/reviews?hl=zh-TW
2486辣脆腸,鄭阿嵐,"在地嚮導 · 698 則評論 · 3,117 張相片",3 個月前,4 顆星,"🌸評論很差，但現場在地人很多，我還是排隊來試。先說結論：東西實在入味、好吃、便宜，蔬菜1份才20元，特別推薦蘿蔔、四季豆等。招牌脆腸個人覺得偏硬但可接受。
👉評論差是來自老闆「態度」，觀察現場只有1個人確實忙不過來，導致口氣比較不友善。建議至少可作購買告知事項（如夾1個代表1份、只能現場排等、要辣請先說等）來分攤些事務，可能會較佳。
➡️整體而言，下次再來武聖夜市，這家是回購名單。",https://www.google.com/maps/contrib/108678988947602277562/reviews?hl=zh-TW
2486辣脆腸,Russell Tong,3 則評論 · 4 張相片,3 個月前,1 顆星,"脆腸真的超老 難吃到不行
老闆娘也超搞笑的 後面一堆人排隊放著不理 自己去擺弄食物 把食物左放到右 右放到左 袋子裡的湯汁倒一倒 一堆人看著她弄了十分鐘 硬是沒補貨 不知道在幹嘛 態度還超差 翻十個白眼🙄
沒吃過那麼難吃的脆腸",https://www.google.com/maps/contrib/116971476614083098721/reviews?hl=zh-TW
2486辣脆腸,葉偉澤,"在地嚮導 · 273 則評論 · 3,110 張相片",4 個月前,5 顆星,不過不失,https://www.google.com/maps/contrib/108085119897266808230/reviews?hl=zh-TW
2486辣脆腸,黃阿莫,13 則評論 · 2 張相片,4 個月前,1 顆星,女的態度差 食物有夠普 值得六星評論,https://www.google.com/maps/contrib/109940316021929189849/reviews?hl=zh-TW
2486辣脆腸,Justin,在地嚮導 · 166 則評論 · 84 張相片,5 個月前,1 顆星,,https://www.google.com/maps/contrib/102158752724278107884/reviews?hl=zh-TW
2486辣脆腸,李惠珍,8 則評論 · 1 張相片,10 個月前,2 顆星,老闆娘很有個性，問了也不太回答不知道是幾個意思，其中點了一份筍片有算錢但整包滷味裡面卻只有我夾的那片真的很傻眼！,https://www.google.com/maps/contrib/107204830053248071936/reviews?hl=zh-TW
2486辣脆腸,黑暗（addq2211501）,15 則評論 · 8 張相片,10 個月前,5 顆星,超好吃 尤其是茭白筍,https://www.google.com/maps/contrib/102119273096590396699/reviews?hl=zh-TW
2486辣脆腸,Z L,在地嚮導 · 45 則評論 · 8 張相片,10 個月前,1 顆星,"脆腸沒了不會先說 要自己問
好不容易排到才說沒了
一副你要其他的就點其他的 不要就直接離開
要不要改名叫2486辣滷味",https://www.google.com/maps/contrib/118263964201869138943/reviews?hl=zh-TW
2486辣脆腸,56施盈如,在地嚮導 · 40 則評論 · 25 張相片,11 個月前,5 顆星,,https://www.google.com/maps/contrib/113642405809697431359/reviews?hl=zh-TW
2486辣脆腸,Nicholas Lee,在地嚮導 · 34 則評論 · 17 張相片,1 年前,1 顆星,老闆娘真的很可悲。出來做生意怨氣那麼大做什麼？？沒人欠你，你是在兇什麼？怪不得看起來身體那麼差。可憐,https://www.google.com/maps/contrib/117644647293750017336/reviews?hl=zh-TW
2486辣脆腸,吳函育,10 則評論 · 3 張相片,1 年前,5 顆星,"老闆比較有原則
✔️盆子不能直接放在食物上
✔️夾一個就是要一份
✔️錢不能放桌上，因為桌上有食物
✔️可以調整醬料
整體來說，環境很乾淨，東西很便宜又好吃，排隊也很快！會再持續購買👍🏻",https://www.google.com/maps/contrib/113684743404057490097/reviews?hl=zh-TW
2486辣脆腸,陳鏡方,在地嚮導 · 50 則評論 · 7 張相片,1 年前,5 顆星,"老闆娘態度 問答時不太耐煩
但東西好吃而且便宜 還是給了五星
肝連肉、豬心 40塊 給的蠻大塊
其他蔬菜、辣脆腸 吃起來也蠻新鮮的

一人作業 手腳算蠻快的
人不多去排的 前面三張單
大概等了5-6分鐘 還行",https://www.google.com/maps/contrib/116382708783999486533/reviews?hl=zh-TW
2486辣脆腸,陳小麗,在地嚮導 · 24 則評論 · 7 張相片,1 年前,1 顆星,東西好吃，但是店員只有一位（她很忙碌，火氣也很大，態度不是很友善）真的要等超久，吃美食要有心理準備，如果老闆多點親切，客人應該也很願意等吧！！！！,https://www.google.com/maps/contrib/117854936470293711394/reviews?hl=zh-TW
2486辣脆腸,阿彣,在地嚮導 · 33 則評論 · 6 張相片,1 年前,1 顆星,,https://www.google.com/maps/contrib/111790493099306066781/reviews?hl=zh-TW
2486辣脆腸,M.H. Chiou,3 則評論 · 2 張相片,1 年前,1 顆星,排隊也不說排哪裡，根本隨便插隊隨便用搶的，等到一肚子氣，服務態度極差！,https://www.google.com/maps/contrib/109009919823939311403/reviews?hl=zh-TW
2486辣脆腸,花花,在地嚮導 · 53 則評論 · 18 張相片,1 年前,5 顆星,東西便宜！調味也很好吃！,https://www.google.com/maps/contrib/112250109604323552598/reviews?hl=zh-TW
2486辣脆腸,Kiki V,"在地嚮導 · 344 則評論 · 1,245 張相片",3 週前,5 顆星,脆腸👍🏻米血👍🏻 有酸菜➕小辣超夠味OMG💕💕💕 …,https://www.google.com/maps/contrib/107702853520120822804/reviews?hl=zh-TW
2486辣脆腸,Lily Wu,"在地嚮導 · 826 則評論 · 2,365 張相片",5 個月前,5 顆星,"2024/11/10
平價好吃👍",https://www.google.com/maps/contrib/110927602648808886170/reviews?hl=zh-TW
2486辣脆腸,KonyWu,在地嚮導 · 67 則評論 · 32 張相片,5 個月前,3 顆星,"動線跟夾取方式沒標示，傻傻排隊沒有用，搶盆子才是王道。
明明是現成食物，兩個人手卻沒好好善用，造成假行排隊人潮，很可惜。",https://www.google.com/maps/contrib/110843158818095838187/reviews?hl=zh-TW
2486辣脆腸,棕毛大型犬,在地嚮導 · 465 則評論 · 588 張相片,6 個月前,3 顆星,"不難吃但是只有香油和甜，加了辣也沒有提升風味。 湊合著吃還可以。但就不用特別。
以前明明在武聖那邊吃過，因為太沒記憶點，來新永華夜市又點，後悔。",https://www.google.com/maps/contrib/110380988967303621629/reviews?hl=zh-TW
2486辣脆腸,曾貴鈴,1 則評論,6 個月前,4 顆星,個人覺得好吃，會特別花30分鐘的路程跑去買，還很便宜,https://www.google.com/maps/contrib/110827310954011947185/reviews?hl=zh-TW
2486辣脆腸,慕慕,5 則評論 · 1 張相片,8 個月前,1 顆星,態 度 超 差,https://www.google.com/maps/contrib/101790036607213919536/reviews?hl=zh-TW
2486辣脆腸,游昆,7 則評論 · 1 張相片,9 個月前,5 顆星,羅傑說你是2486,https://www.google.com/maps/contrib/107635240856112708484/reviews?hl=zh-TW
2486辣脆腸,C.Cheng A.,3 則評論 · 1 張相片,1 年前,5 顆星,,https://www.google.com/maps/contrib/117403110214753166236/reviews?hl=zh-TW
2486辣脆腸,Hsuan,878 則評論,1 年前,5 顆星,,https://www.google.com/maps/contrib/101100386697068150745/reviews?hl=zh-TW
2486辣脆腸,KM H,在地嚮導 · 63 則評論 · 22 張相片,1 年前,3 顆星,"觀光客第一次來買，但完全不知道買的流程，還是其他客人告知的，然後超多觀光客第一次來買也都不知道，傻傻站在那邊排隊，東西好吃便宜，但是真的誠心建議可以貼一下購買的流程

而且只有一個人作業，點兩樣排超過40分鐘",https://www.google.com/maps/contrib/111267090029477341648/reviews?hl=zh-TW
2486辣脆腸,邱10,4 則評論 · 1 張相片,1 年前,5 顆星,經濟實惠、吃得滿足，讚讚讚！,https://www.google.com/maps/contrib/108095773001409448292/reviews?hl=zh-TW
2486辣脆腸,Nicholas Lee,在地嚮導 · 34 則評論 · 17 張相片,1 年前,1 顆星,新永華夜市買的。滿手青筋的老太婆老闆娘不知道態度差幾點的？活該一輩子勞碌命窮鬼 可悲,https://www.google.com/maps/contrib/117644647293750017336/reviews?hl=zh-TW
2486辣脆腸,王詩雅,在地嚮導 · 13 則評論 · 2 張相片,1 年前,5 顆星,,https://www.google.com/maps/contrib/112775296785588650072/reviews?hl=zh-TW
2486辣脆腸,Luna,在地嚮導 · 23 則評論 · 1 張相片,1 年前,1 顆星,"態度差到不行 第一次來不清楚流程
老闆娘不知道在兇什麼
老闆站在旁邊不知道在幹嘛
做服務業然後不懂得怎麼溝通 還會瞪客人 超爛的店家",https://www.google.com/maps/contrib/105925591708808016177/reviews?hl=zh-TW
2486辣脆腸,Matt Chen,在地嚮導 · 11 則評論 · 2 張相片,1 年前,3 顆星,普通，食材普遍沒入味。,https://www.google.com/maps/contrib/113546730984318379207/reviews?hl=zh-TW
2486辣脆腸,邱懸,"在地嚮導 · 740 則評論 · 1,540 張相片",1 年前,5 顆星,醬汁非常好吃，我很喜歡,https://www.google.com/maps/contrib/111810726710847247621/reviews?hl=zh-TW
2486辣脆腸,pei-yu tsai,在地嚮導 · 26 則評論 · 4 張相片,1 年前,5 顆星,這一家辣脆腸真的很好吃～ 味道跟份量都很棒，很推薦,https://www.google.com/maps/contrib/109768690276677832408/reviews?hl=zh-TW
2486辣脆腸,吳宗南,13 則評論 · 5 張相片,1 年前,5 顆星,,https://www.google.com/maps/contrib/113731169009645283665/reviews?hl=zh-TW
2486辣脆腸,林子芬,7 則評論 · 1 張相片,1 年前,4 顆星,第一次買，結果有點小失望，豬耳朵裡摻雜一小撮塑膠袋掉進去吧，還好沒吃進去,https://www.google.com/maps/contrib/107209363863103132242/reviews?hl=zh-TW
2486辣脆腸,Leo Tu,3 則評論 · 2 張相片,1 年前,1 顆星,東西雖然好吃可是老闆態度很78！感覺就是一個年輕被關過出來靠老婆的人，前面一個客人沒買老闆轉頭跟老闆娘抱怨那個客人是瘋子，做我們的東西態度也有夠差，看在老闆娘看起來無奈還是結帳不然真的不買這種爛老闆的店！,https://www.google.com/maps/contrib/105718340949905176368/reviews?hl=zh-TW
2486辣脆腸,周婷婷,13 則評論 · 6 張相片,1 年前,1 顆星,態度是真的很差😏 …,https://www.google.com/maps/contrib/117593942790791018351/reviews?hl=zh-TW
2486辣脆腸,有沒有,在地嚮導 · 29 則評論 · 10 張相片,2 年前,4 顆星,"食物都蠻入味且價格實惠，想吃微辣的可以點不要辣（本身就有點辣）
新小北成功夜市擺攤時只有老闆娘一個人沒有其他員工，人多的時候要等很久，必須現場等（人無法離開現場）蠻浪費時間",https://www.google.com/maps/contrib/107782262751155421708/reviews?hl=zh-TW
2486辣脆腸,kai jung Yang,在地嚮導 · 27 則評論 · 4 張相片,2 年前,5 顆星,脆腸、豬肝、豬耳絲加辣好吃！,https://www.google.com/maps/contrib/107606326859400137327/reviews?hl=zh-TW
2486辣脆腸,Cristine,在地嚮導 · 177 則評論 · 730 張相片,2 年前,5 顆星,吃的是武聖夜市的,https://www.google.com/maps/contrib/105243598560322540543/reviews?hl=zh-TW
2486辣脆腸,pei-yu pwi,在地嚮導 · 266 則評論 · 577 張相片,2 年前,4 顆星,點了 高麗菜、花椰菜、脆腸、小黃瓜、米血、肝蓮肉等，覺得米血最驚艷，味道還不錯，有路過可以嘗試看看,https://www.google.com/maps/contrib/101283763260044877356/reviews?hl=zh-TW
2486辣脆腸,大黑呆,19 則評論 · 30 張相片,2 年前,2 顆星,態度很差,https://www.google.com/maps/contrib/105995008382286292762/reviews?hl=zh-TW
2486辣脆腸,張嬋娟,在地嚮導 · 44 則評論 · 20 張相片,2 年前,5 顆星,好吃耶！味道好讚😋 …,https://www.google.com/maps/contrib/117684967460199600236/reviews?hl=zh-TW
2486辣脆腸,藍敏瑜（Tammy Lan）,9 則評論 · 9 張相片,2 年前,2 顆星,"服務：第一次購買，不清楚購買流程和細節，店家態度不需要對客戶太差吧！
口味、食物：東西口味中下，醬汁是醬汁，食物是食物的原味，兩個是分開的🤔 …",https://www.google.com/maps/contrib/104573477709527365893/reviews?hl=zh-TW
2486辣脆腸,李宜家,15 則評論 · 4 張相片,2 年前,2 顆星,給兩顆星僅代表對食材的尊重，老闆態度差到以為口味多好吃可以這麼囂張🙃🙃🙃🙂🙂🙂 …,https://www.google.com/maps/contrib/107973733174858264026/reviews?hl=zh-TW
2486辣脆腸,姆姆,在地嚮導 · 18 則評論 · 17 張相片,2 年前,4 顆星,"第一次購買，筍片跟玉米筍，鮮甜又非常入味。沒有額外加辣，原本的辣度在微辣到小辣之間，覺得很刷嘴。除了蔬菜類以外，百頁豆腐、米血也很推薦，下次再吃吃看其他料。

個人覺得口味很下飯，比鹹水雞更多層次跟味道。",https://www.google.com/maps/contrib/114363578073916789430/reviews?hl=zh-TW
2486辣脆腸,MMM MMM (行遍天下),在地嚮導 · 18 則評論 · 32 張相片,2 年前,5 顆星,便宜又好吃cp值很高。大大推薦,https://www.google.com/maps/contrib/101837047772845402522/reviews?hl=zh-TW
2486辣脆腸,翁靖雅,11 則評論 · 1 張相片,2 年前,1 顆星,沒買過第一次買，問個問題，你態度有必要這麼差？🙄️ 是不會好好講話484 …,https://www.google.com/maps/contrib/100001048725617155281/reviews?hl=zh-TW
2486辣脆腸,shwan Yu,2 則評論,2 年前,5 顆星,好吃,https://www.google.com/maps/contrib/116966750110025274637/reviews?hl=zh-TW
2486辣脆腸,Yu Min Queen,"在地嚮導 · 320 則評論 · 1,062 張相片",2 年前,5 顆星,愛死！每次來台南必買，價格實惠，每次都夾巨大包，才一百出頭，美味好吃！微辣吃起來更過癮！夾完再去排隊！,https://www.google.com/maps/contrib/109306578944125970649/reviews?hl=zh-TW
2486辣脆腸,Jason,"在地嚮導 · 509 則評論 · 2,495 張相片",2 年前,3 顆星,口味普通，可以選擇的品項不少，加上酸菜和醬汁，類似鹽水雞的組合,https://www.google.com/maps/contrib/114964352583303269827/reviews?hl=zh-TW
2486辣脆腸,正蕾（leilei）,在地嚮導 · 34 則評論 · 93 張相片,2 年前,5 顆星,"很好吃！價格便宜～點了滿滿一袋才225🥰
米血 鳥蛋 豬肝 肝連肉 甜不辣 高麗菜 百頁豆腐都很推薦🤩尤其米血！
這次點小辣，我跟我朋友蠻能吃辣的，覺得下次可以點中辣！小辣應該是大家都能接受的程度！ …",https://www.google.com/maps/contrib/110962560001663483872/reviews?hl=zh-TW
2486辣脆腸,王書駿,在地嚮導 · 25 則評論 · 13 張相片,2 年前,4 顆星,推薦豬耳朵，百葉豆腐，米血,https://www.google.com/maps/contrib/112858339251345835590/reviews?hl=zh-TW
2486辣脆腸,Giselle Kuei,10 則評論 · 1 張相片,2 年前,5 顆星,"食材新鮮！份量足夠！超級好吃😋
自製醬汁大好き💕 …",https://www.google.com/maps/contrib/107141201471046404470/reviews?hl=zh-TW
2486辣脆腸,Jen Tsai,11 則評論,2 年前,5 顆星,超好吃,https://www.google.com/maps/contrib/111455395360036884933/reviews?hl=zh-TW
2486辣脆腸,Pammy Sun,在地嚮導 · 29 則評論 · 433 張相片,2 年前,4 顆星,種類多元，味道偏清淡，辣醬辣⋯可惜沒吃到辣脆腸，賣光光了🥹，希望下次有機會吃到😚 …,https://www.google.com/maps/contrib/111991224022656243216/reviews?hl=zh-TW
京典酵素臭豆腐武聖店,陳灌希,在地嚮導 · 64 則評論 · 67 張相片,1 週前,3 顆星,"不酥也不脆也不臭服務態度很差沒有半個人購買 全部炸好在台上 胡椒粉要求多一點也捨不得撒 這種的酵素豆腐是酥脆超臭外酥內軟的
這家沒有一樣符合只有價錢是一致👍",https://www.google.com/maps/contrib/110267651075401908211/reviews?hl=zh-TW
京典酵素臭豆腐武聖店,P Conor,在地嚮導 · 34 則評論 · 23 張相片,2 個月前,5 顆星,超 好 吃！,https://www.google.com/maps/contrib/106658563011084555848/reviews?hl=zh-TW
京典酵素臭豆腐武聖店,鄭阿嵐,"在地嚮導 · 698 則評論 · 3,117 張相片",3 個月前,4 顆星,不錯吃耶。外酥內嫩，炸得也不會刮嘴，豆腐也都很大塊，吃起來滿足。酵素應該是泡菜浸味，可推薦。,https://www.google.com/maps/contrib/108678988947602277562/reviews?hl=zh-TW
京典酵素臭豆腐武聖店,柴爸幸福吃喝,在地嚮導 · 192 則評論 · 957 張相片,7 個月前,4 顆星,"大100元

很酥脆但少了臭豆腐的臭味

普通還行",https://www.google.com/maps/contrib/111126334505135203368/reviews?hl=zh-TW
京典酵素臭豆腐武聖店,戴小薇,8 則評論 · 1 張相片,9 個月前,4 顆星,在武聖夜市第一行，因為它的好處是他是用非基因改造的臭豆腐去做的，建議要吃的人可以早點去吃，比較不會吃到別人炸剩下的油,https://www.google.com/maps/contrib/118107249114115904062/reviews?hl=zh-TW
京典酵素臭豆腐武聖店,Chiu-hsia Liao,在地嚮導 · 113 則評論 · 265 張相片,1 年前,5 顆星,"炸豆腐外酥內嫩，胡椒粉很香
小份$70、大份$100
值得再訪😋",https://www.google.com/maps/contrib/100330007170591906646/reviews?hl=zh-TW
京典酵素臭豆腐武聖店,Amber,在地嚮導 · 220 則評論 · 160 張相片,1 年前,1 顆星,長頭髮女生不知道在瞎忙什麼 ，要客人按照指示排隊然後其他人直接從前面插隊點餐？？有夠白癡的店家,https://www.google.com/maps/contrib/112771845282167417152/reviews?hl=zh-TW
三輪車大腸香腸,chung lin,在地嚮導 · 563 則評論 · 26 張相片,11 個月前,2 顆星,大腸很鹹 配料沒了都沒補,https://www.google.com/maps/contrib/107680377132728699531/reviews?hl=zh-TW
三輪車大腸香腸,simon yang,"在地嚮導 · 202 則評論 · 1,034 張相片",1 年前,4 顆星,"很有味道的攤車
大腸和香腸切塊
然後配料自己夾
生意很好
不過醬油膏是甜的
我真的不行
🤣",https://www.google.com/maps/contrib/109600760714078054532/reviews?hl=zh-TW
施記麻辣豆腐麻辣鴨血,Calvin HUANG,"在地嚮導 · 306 則評論 · 1,707 張相片",3 週前,1 顆星,"料真的夠少，東西真的不行，
價格又貴，
態度極差，愛理不理，
一件事情說了三次，
速度又慢，
想吃這種東西的，
千萬不要考慮這家，
不好吃，又貴，態度又差，
真的沒有以後了。",https://www.google.com/maps/contrib/103708189731627729414/reviews?hl=zh-TW
施記麻辣豆腐麻辣鴨血,品芸,在地嚮導 · 33 則評論 · 12 張相片,3 週前,1 顆星,"豆腐跟鴨血都NG
完全不入味",https://www.google.com/maps/contrib/102038331970022749339/reviews?hl=zh-TW
施記麻辣豆腐麻辣鴨血,吳芯宇（吳芯宇）,在地嚮導 · 41 則評論 · 43 張相片,1 個月前,5 顆星,鴨血跟魚蛋好吃，也有位子可以內用，老闆態度很好，下次逛夜市會想再來,https://www.google.com/maps/contrib/111019245070730641992/reviews?hl=zh-TW
施記麻辣豆腐麻辣鴨血,陳以智,12 則評論,1 個月前,1 顆星,泡菜鍋120連一片肉一顆蛋都沒有，菜也幾片而已，一塊超大豆腐，不知道在吃什麼東西==,https://www.google.com/maps/contrib/115575601782202285777/reviews?hl=zh-TW
施記麻辣豆腐麻辣鴨血,Winnie,12 則評論 · 1 張相片,2 個月前,1 顆星,等超久 老闆還忘記單 ？,https://www.google.com/maps/contrib/100341902913413907717/reviews?hl=zh-TW
施記麻辣豆腐麻辣鴨血,林郁馨,17 則評論 · 1 張相片,2 個月前,1 顆星,動線不明 態度超差😡😡😡,https://www.google.com/maps/contrib/107159636172199580114/reviews?hl=zh-TW
施記麻辣豆腐麻辣鴨血,陳妍萱,10 則評論 · 3 張相片,5 個月前,1 顆星,"不知道是我眼睛有問題還是怎樣。。
我點了一碗鴨血+魚蛋的（$70），另外還有多加科學麵一份（$15），收了我總共$85，結果回到家打開來一條麵影都沒看到。這不是基本的嗎？買什麼給什麼，我確實有點科學麵，賣家確實也有收我多的那15塊，什麼服務啊⋯無語死了",https://www.google.com/maps/contrib/104857312217638195825/reviews?hl=zh-TW
施記麻辣豆腐麻辣鴨血,謝小翰,"在地嚮導 · 487 則評論 · 2,203 張相片",5 個月前,3 顆星,"夜市麻辣鴨血
倒沒吃出太多特色
但如果肚子很餓可以吃一下

腸子算比較肥的那種
且沒有太多入味",https://www.google.com/maps/contrib/113722139356974449175/reviews?hl=zh-TW
施記麻辣豆腐麻辣鴨血,歐不點,7 則評論 · 1 張相片,6 個月前,1 顆星,"有很長的頭髮，拿給店員看，老闆還說是不是玉米鬚⋯⋯⋯⋯⋯
鴨血也沒入味",https://www.google.com/maps/contrib/118309794036024921255/reviews?hl=zh-TW
施記麻辣豆腐麻辣鴨血,Wind Chen,在地嚮導 · 12 則評論 · 13 張相片,10 個月前,1 顆星,"因為吃素食，特別問店家鍋具有沒有混用
店家表示有分開才點餐結帳
結果煮的夾子好像繳攪了素的 又攪葷的
有回來用素鍋
領餐還跟人員說 他們還說沒有
但長輩有看到 整鍋不敢吃",https://www.google.com/maps/contrib/105650547140182529822/reviews?hl=zh-TW
施記麻辣豆腐麻辣鴨血,Momo,6 則評論 · 4 張相片,11 個月前,1 顆星,"花120吃一個整碗都是燒焦味的東西
豆腐鴨血不入味就算了
整碗都是燒焦味要怎麼吃==
打開就覺得不對勁 吃一口直接整碗丟掉",https://www.google.com/maps/contrib/117902902593997942891/reviews?hl=zh-TW
施記麻辣豆腐麻辣鴨血,Xu Jun,在地嚮導 · 37 則評論 · 75 張相片,1 年前,4 顆星,"座位有點擁擠
這次點招牌麻辣豆腐
湯頭有藥膳味，很香很順口
點了小辣，好吃的辣
不太吃辣的可以接受",https://www.google.com/maps/contrib/115765735633696202782/reviews?hl=zh-TW
施記麻辣豆腐麻辣鴨血,菀爾,"在地嚮導 · 470 則評論 · 4,391 張相片",1 年前,4 顆星,等的時間偏長，其他沒有太多問題,https://www.google.com/maps/contrib/100691463666797834016/reviews?hl=zh-TW
施記麻辣豆腐麻辣鴨血,小晴૮ • ᴥ • ა,在地嚮導 · 27 則評論,1 年前,5 顆星,"有時來都會買
反正就是一般的麻辣鴨血(◐‿◑)",https://www.google.com/maps/contrib/105192874037904426185/reviews?hl=zh-TW
施記麻辣豆腐麻辣鴨血,張世杰,在地嚮導 · 66 則評論 · 107 張相片,1 年前,5 顆星,豆腐香氣十足,https://www.google.com/maps/contrib/110369698647499409323/reviews?hl=zh-TW
施記麻辣豆腐麻辣鴨血,126 YPC,6 則評論 · 1 張相片,1 年前,1 顆星,,https://www.google.com/maps/contrib/113152675610217100460/reviews?hl=zh-TW
旺旺涼拌滷味（武聖夜市）,HSIN-CHIN JI,在地嚮導 · 249 則評論 · 763 張相片,4 個月前,4 顆星,價格清楚，份量中等，排隊人潮眾多，賣相最吸引我的豆乾反而口感偏乾，麻油豬肝、小黃瓜、涼拌鴨掌好吃，如果等候時間還行，屬於會回購,https://www.google.com/maps/contrib/111959220142640498302/reviews?hl=zh-TW
旺旺涼拌滷味（武聖夜市）,寶可夢,在地嚮導 · 104 則評論 · 69 張相片,6 個月前,2 顆星,看很多人排，所以買買看。腰子是軟軟的不是脆的，不知道是不是不新鮮？滷味沒有很入味，但價錢有點貴，有點失望☹️,https://www.google.com/maps/contrib/106142118774028676183/reviews?hl=zh-TW
旺旺涼拌滷味（武聖夜市）,路易斯米豆,"在地嚮導 · 323 則評論 · 2,130 張相片",11 個月前,5 顆星,,https://www.google.com/maps/contrib/111328180394328489161/reviews?hl=zh-TW
旺旺涼拌滷味（武聖夜市）,麥葛門,6 則評論 · 2 張相片,1 年前,1 顆星,"點完餐付完錢
拿到手麵跟魚板沒給到",https://www.google.com/maps/contrib/108318961964339214668/reviews?hl=zh-TW
旺旺涼拌滷味（武聖夜市）,曼陀螺,"在地嚮導 · 1,205 則評論 · 31,725 張相片",1 年前,5 顆星,武聖夜市人氣攤位，需要排隊很久，若去鹽行夜市也買的到。,https://www.google.com/maps/contrib/116336963473545624292/reviews?hl=zh-TW
旺旺涼拌滷味（武聖夜市）,My Love,在地嚮導 · 21 則評論 · 2 張相片,1 年前,5 顆星,"老闆很帥
牛肉很推
涼拌菜也很棒",https://www.google.com/maps/contrib/112306391538928487516/reviews?hl=zh-TW
旺旺涼拌滷味（武聖夜市）,陳婉華,1 則評論,1 年前,5 顆星,"好吃😋
每次去武聖一定要吃到的滷味 …",https://www.google.com/maps/contrib/100843080699513929688/reviews?hl=zh-TW
旺旺涼拌滷味（武聖夜市）,胖老爹,在地嚮導 · 42 則評論 · 5 張相片,1 年前,1 顆星,"等很久吃起來真的蠻普通的
花椰菜感覺沒有很熟 梗超級硬跟鑽石差不多了
韓國炸醬麵完全沒味道
買了沒幾樣東西而已 價格超級貴的 吃起來真的很普通 不懂為什麼可以這麼多人 排這麼久
從外地來 真的有夠失望",https://www.google.com/maps/contrib/105796426325434586931/reviews?hl=zh-TW
旺旺涼拌滷味（武聖夜市）,綿綿羊,在地嚮導 · 17 則評論 · 5 張相片,2 年前,5 顆星,"有到武聖旅遊都會購買的滷味，味道依然不變會創新商品很讚吃不膩！

推薦商品：牛腱牛肚/青菜類（新鮮清脆）/豬肝也很好吃處理的很好沒有腥味～",https://www.google.com/maps/contrib/108012513922487339918/reviews?hl=zh-TW
旺旺涼拌滷味（武聖夜市）,翊彤吳（小彤）,在地嚮導 · 60 則評論 · 11 張相片,2 年前,1 顆星,"滷味都沒有味道…..豬血糕有一面還是硬的口感想吃的很老的蘿蔔，豬皮沒有味道就算了吃起來想塑膠….當初就是看很多人買才想說買一點回去民宿吃，結果完全被騙…..不推薦外地朋友購買
不推薦指數：⭐️⭐️⭐️⭐️⭐️⭐️",https://www.google.com/maps/contrib/100027227271328608612/reviews?hl=zh-TW
旺旺涼拌滷味（武聖夜市）,ㄚ斌,在地嚮導 · 54 則評論 · 4 張相片,2 年前,3 顆星,"12/14 東西沒有很入味
只有小黃瓜還行
適合口味超清淡的人去😵‍💫😵‍💫
希望只是今天的食材沒處理好
（但食材口感跟新鮮度都不錯）",https://www.google.com/maps/contrib/102534799838797962733/reviews?hl=zh-TW
旺旺涼拌滷味（武聖夜市）,張晉瑋,6 則評論,2 年前,5 顆星,怎麼可以這麼好吃,https://www.google.com/maps/contrib/104708032259107907628/reviews?hl=zh-TW
旺旺涼拌滷味（武聖夜市）,全湘琪,3 則評論,2 年前,5 顆星,每一樣東西都好吃，謝謝老闆,https://www.google.com/maps/contrib/116302120994350369151/reviews?hl=zh-TW
旺旺涼拌滷味（武聖夜市）,黃建中,6 則評論 · 7 張相片,2 年前,5 顆星,這兩位年輕人的攤滷味真的很不錯👍！價位也便宜，味道很入味，品項有20多種，比一些其他滷味攤多了很多選擇！我每次去都會光顧一下～～ …,https://www.google.com/maps/contrib/106681366273881910932/reviews?hl=zh-TW
旺旺涼拌滷味（武聖夜市）,Mina Happy,"在地嚮導 · 338 則評論 · 1,004 張相片",2 年前,5 顆星,推薦雞心,https://www.google.com/maps/contrib/101556409538762303969/reviews?hl=zh-TW
三兄弟沙茶蟹肉蒜味蟹腳,余銘昌,10 則評論,1 個月前,1 顆星,拒絕往來互 態度不好 再好吃也不會在去買了,https://www.google.com/maps/contrib/103214587988522477170/reviews?hl=zh-TW
三兄弟沙茶蟹肉蒜味蟹腳,大錦鯉,在地嚮導 · 189 則評論 · 305 張相片,1 個月前,5 顆星,要拿號碼牌才買的到的蟹腳，特大蟹腳吃起來超滿足，新產品蒜味鮑魚小貴，但蒜味超濃郁好吃,https://www.google.com/maps/contrib/116177942552405282747/reviews?hl=zh-TW
三兄弟沙茶蟹肉蒜味蟹腳,陳憶欣,在地嚮導 · 285 則評論 · 109 張相片,1 個月前,5 顆星,喜歡蟹肉及胡椒蝦，建議買回去用氣炸鍋加熱超美味😁，100分。 …,https://www.google.com/maps/contrib/114869589295927167854/reviews?hl=zh-TW
三兄弟沙茶蟹肉蒜味蟹腳,簡小祐,在地嚮導 · 17 則評論 · 17 張相片,3 個月前,1 顆星,沒擺攤還顯示營業中🙄白跑一趟 完全沒辦法詢問有無開業😮‍💨 …,https://www.google.com/maps/contrib/102394536152447136853/reviews?hl=zh-TW
三兄弟沙茶蟹肉蒜味蟹腳,CYT,"在地嚮導 · 726 則評論 · 2,134 張相片",4 個月前,5 顆星,"2024.12價格
每次都買不到蟹腳
要吃辣的好吃",https://www.google.com/maps/contrib/113598741533458674840/reviews?hl=zh-TW
三兄弟沙茶蟹肉蒜味蟹腳,雲如,5 則評論,5 個月前,1 顆星,做生意不留電話而且還讓客人不能預定這種做生意的手法已經老套了啦台南市又不是只有你們在賣而已而且重點不是非常好吃,https://www.google.com/maps/contrib/103262326428720313805/reviews?hl=zh-TW
三兄弟沙茶蟹肉蒜味蟹腳,Sinyi,5 則評論,6 個月前,1 顆星,做個生意是在囂張什麼，客人買東西還要忍受店家態度，東西多好吃也沒有心情吃！,https://www.google.com/maps/contrib/107568512924567616960/reviews?hl=zh-TW
三兄弟沙茶蟹肉蒜味蟹腳,Ann Wu,在地嚮導 · 25 則評論 · 44 張相片,7 個月前,5 顆星,"逛夜市絕對要買的！！三兄弟！！🦀🦀🦀
有時候很快賣完就會收攤了
剛好蝦子賣光光了🥺
老闆還送我一隻比較NG沒有賣相的🦐
老闆人有夠好🤩🤩🤩",https://www.google.com/maps/contrib/104137369239401834093/reviews?hl=zh-TW
三兄弟沙茶蟹肉蒜味蟹腳,波霸奶茶,1 則評論,8 個月前,5 顆星,,https://www.google.com/maps/contrib/111063726736725421332/reviews?hl=zh-TW
三兄弟沙茶蟹肉蒜味蟹腳,yu Chan,15 則評論 · 9 張相片,10 個月前,2 顆星,"第一次來不清楚點餐模式，客氣詢問怎麼點，卻迎來老闆娘語氣非常不客氣且不耐煩的態度，後來帶回的蟹腳我沒什麼吃。
不管再怎麼好吃的東西，吃的時候頭腦連結到不愉快的經驗，美味程度應該都會大打折扣吧",https://www.google.com/maps/contrib/115826175738310493024/reviews?hl=zh-TW
三兄弟沙茶蟹肉蒜味蟹腳,XV黑熊,"在地嚮導 · 432 則評論 · 2,396 張相片",10 個月前,4 顆星,"三兄弟螃蟹是去玩時吃的店，三兄弟螃蟹位於市區的大東東夜市內，該區為交通熱區，附近攤位林立，是小吃界的一級戰區，車流量相當大，交通壅塞，人潮很多，交通上需要注意安全，雖然路邊有位置，但真的也要看運氣，位置相當不好停，必須停到較遠的地方，或是騎摩托車前來較為洽當。

😍三兄弟螃蟹有豪邁的風格，螃蟹特殊的處理方法，蟹殼也不會太硬，甚至可以直接吃下去，獨家的調味醬汁，又香又辣非常涮嘴，吃起來很過癮菜色霸氣豪邁，

三兄弟螃蟹上菜速度很快，不用等到太久，老闆娘很熱情，有接地氣，價格也不貴，出菜速度甚快，是方便帶著走邊吃的小吃，前去夜市邊逛邊吃的好選擇，也可以作為回家的下酒菜。",https://www.google.com/maps/contrib/107490250840088420978/reviews?hl=zh-TW
三兄弟沙茶蟹肉蒜味蟹腳,奇諾,3 則評論,11 個月前,1 顆星,我當時最早到，還沒開賣，告訴我15分鐘後再來，再來的時候已經排很多人都拿號碼牌了，到我的時候已經不夠 要多等半小時，有號碼牌怎麼不早說？？？,https://www.google.com/maps/contrib/100592099149174615539/reviews?hl=zh-TW
三兄弟沙茶蟹肉蒜味蟹腳,張誌嘉,"在地嚮導 · 546 則評論 · 6,159 張相片",1 年前,4 顆星,台南最愛的蒜味蟹腳，可惜不知道何時開始，都要排隊了，今天剛好回公司發年終，順路拿到號碼牌，再次回味一番😋 …,https://www.google.com/maps/contrib/100093585552851589710/reviews?hl=zh-TW
三兄弟沙茶蟹肉蒜味蟹腳,曼陀螺,"在地嚮導 · 1,205 則評論 · 31,725 張相片",1 年前,5 顆星,在地老店，可以買買看。,https://www.google.com/maps/contrib/116336963473545624292/reviews?hl=zh-TW
三兄弟沙茶蟹肉蒜味蟹腳,XD,在地嚮導 · 32 則評論 · 21 張相片,1 年前,5 顆星,蒜味蟹肉感覺有一點點辣，好吃👍 …,https://www.google.com/maps/contrib/100702079387157231796/reviews?hl=zh-TW
三兄弟沙茶蟹肉蒜味蟹腳,Amber.W,在地嚮導 · 50 則評論 · 161 張相片,1 年前,5 顆星,"五點整過來買就只剩螃蟹身體
沒有蟹腳了QQ
真的要提早來排隊才有蟹腳可吃嗚嗚",https://www.google.com/maps/contrib/108937226439010138028/reviews?hl=zh-TW
三兄弟沙茶蟹肉蒜味蟹腳,Wei LoL,在地嚮導 · 49 則評論 · 8 張相片,2 年前,1 顆星,態度極差👍 …,https://www.google.com/maps/contrib/113394920643041697835/reviews?hl=zh-TW
三兄弟沙茶蟹肉蒜味蟹腳,Peggy Chen,"在地嚮導 · 770 則評論 · 3,189 張相片",2 年前,5 顆星,新營團購買了蒜味蟹腳，真的新鮮好吃，搭配飲料很讚。,https://www.google.com/maps/contrib/105525104445621557602/reviews?hl=zh-TW
三兄弟沙茶蟹肉蒜味蟹腳,宋星瀚,在地嚮導 · 90 則評論 · 12 張相片,2 年前,1 顆星,貴了點,https://www.google.com/maps/contrib/106037213255850484990/reviews?hl=zh-TW
三兄弟沙茶蟹肉蒜味蟹腳,Amberrr.C,在地嚮導 · 172 則評論 · 41 張相片,2 年前,5 顆星,"每次想吃！都從台中跑到台南買🦀️🥹
心心念念的好滋味呀～
態度方面見仁見智～我是覺得還好啦！
可能自己也是餐飲服務業？（誤😂
有買到有吃到～開心最重要😍😍",https://www.google.com/maps/contrib/113045886337447785480/reviews?hl=zh-TW
三兄弟沙茶蟹肉蒜味蟹腳,陳小姐,在地嚮導 · 63 則評論 · 15 張相片,2 年前,4 顆星,東西很好吃，但老闆娘很兇，所以扣1🌟 …,https://www.google.com/maps/contrib/113528604124910843877/reviews?hl=zh-TW
三兄弟沙茶蟹肉蒜味蟹腳,Judy Huang,在地嚮導 · 57 則評論 · 198 張相片,2 年前,5 顆星,"臉書搜尋「台南三兄弟螃蟹」，只要有擺攤，就會在當天下午公告幾點拿號碼牌、幾點開始銷售。

週一二公休、三六武聖夜市、四日花園夜市、偶爾不定時公休

2022/9/14去武聖夜市買，15:00發號碼牌，拿完號碼牌可以先離開，16:30開始叫號銷售。

輪到我時，老闆娘說每個品項最少要買150元，所以買了400元螃蟹腳、150元胡椒蝦、150元螃蟹身，蟹腳真的好吃！

胡椒蝦的蝦很新鮮很有肉、調味也很好，會辣，可惜小孩說太辣無法吃，大人吃很剛好，可以配酒。太晚去的話，會只剩胡椒蝦可以買。

螃蟹身脆脆的，整隻可以連殻吃，好吃。

我沒有遇到態度不好的問題，可是前一組客人有遇到，有聽到他們在討論店家態度。",https://www.google.com/maps/contrib/108036735125152743023/reviews?hl=zh-TW
三兄弟沙茶蟹肉蒜味蟹腳,何盈青,在地嚮導 · 34 則評論 · 3 張相片,2 年前,5 顆星,真的太好吃了，我吃過最好吃的螃蟹，他們的蒜頭真的讚！尤其是螃蟹肉，又甜又嫩，瞎子也是彈性鮮甜😋😋😛😋 …,https://www.google.com/maps/contrib/116101126329564916615/reviews?hl=zh-TW
三兄弟沙茶蟹肉蒜味蟹腳,吳文心,在地嚮導 · 49 則評論 · 21 張相片,2 年前,1 顆星,特地早點過去買 結果老闆娘連抬頭都沒有 就說號碼牌在那邊 我4點才開始賣 整個態度超級差的～不建議去買～態度有夠差,https://www.google.com/maps/contrib/108382888654062304237/reviews?hl=zh-TW
三兄弟沙茶蟹肉蒜味蟹腳,林廷科,1 則評論,3 年前,1 顆星,糟糕的店家,https://www.google.com/maps/contrib/114713419798884210249/reviews?hl=zh-TW
三兄弟沙茶蟹肉蒜味蟹腳,Ting,在地嚮導 · 173 則評論 · 179 張相片,3 年前,5 顆星,超好吃,https://www.google.com/maps/contrib/116621938088838548747/reviews?hl=zh-TW
三兄弟沙茶蟹肉蒜味蟹腳,kenken,"在地嚮導 · 915 則評論 · 6,694 張相片",3 年前,5 顆星,"炸螃蟹和蒜味螃蟹都好吃~
以螃蟹來說價位不算貴~
都在夜市擺攤，超推~！！！",https://www.google.com/maps/contrib/114535200080088072921/reviews?hl=zh-TW
三兄弟沙茶蟹肉蒜味蟹腳,Anne Q,在地嚮導 · 108 則評論 · 367 張相片,3 年前,4 顆星,"雖然態度差但東西好吃😂
蟹腳很難買 要買先看臉書粉專
並且早點去拿號碼牌（尤其是假日）
不然是買不到的～
調味滿滿蒜味很適合配酒，蟹腳新鮮好吃
另外還有買蝦，蝦子普通有幾隻粉粉不新鮮",https://www.google.com/maps/contrib/118324283149441422718/reviews?hl=zh-TW
三兄弟沙茶蟹肉蒜味蟹腳,LIN SHENG XUN,在地嚮導 · 28 則評論 · 15 張相片,3 年前,5 顆星,"聽說蟹腳要3點前排隊才買的到
我5點排到5：45才勉強買到蟹肉
蒜頭口味真的讚👍🏻 …",https://www.google.com/maps/contrib/109218110074492443936/reviews?hl=zh-TW
三兄弟沙茶蟹肉蒜味蟹腳,姵娜海,"在地嚮導 · 469 則評論 · 5,161 張相片",3 年前,5 顆星,"超～好～吃！！！🤤🤤
又香又入味又鮮甜👍👍
提到這個招牌應該沒人不知道！！！
配下酒菜的好伙食⋯⋯就算直接當點心啃都很過癮又刷嘴🤨
還沒開吃就會被濃濃香氣撲鼻，微辣微辣的口味，忍不住ㄧ支接著ㄧ支⋯⋯⋯然後只有一個字「爽」👍
包個幾份探親送禮都包準滿意，久沒吃還會想念！
每次吃都新鮮，就算已經被調味包覆，肉質的甜味依然感受得到，必推👍👍",https://www.google.com/maps/contrib/114768287770556707792/reviews?hl=zh-TW
三兄弟沙茶蟹肉蒜味蟹腳,陳秉稜,在地嚮導 · 21 則評論 · 486 張相片,3 年前,5 顆星,"蟹肉相當美味，蟹腳更是屬於極品
惟有想要買到蟹腳需要靠點運氣這點
小弟我個人覺得有改善的空間

真心覺得，如此美味的蟹腳
應該要讓更多的人有機會
能夠品嘗到才是～^_^",https://www.google.com/maps/contrib/101903688249704804830/reviews?hl=zh-TW
三兄弟沙茶蟹肉蒜味蟹腳,Jia Hao Ye,"在地嚮導 · 473 則評論 · 3,237 張相片",3 年前,5 顆星,擺攤在夜市外圍，很好吃，來夜市一定會買很好嗑,https://www.google.com/maps/contrib/116318576079746914284/reviews?hl=zh-TW
三兄弟沙茶蟹肉蒜味蟹腳,紙筷套,6 則評論 · 10 張相片,3 年前,5 顆星,"三年前偶然買到一次後,常常載著內人專程從彰化開2個小時車到台南,只為這一味!!!
不過目前累積約14次買不到,今年已超過5次買不到,...從18:00~20:00時間點到達;17:30到;17:00到,的經驗修正後,武聖約莫需15:00前到,花園需在15:30前到達.才有些微機會買到.",https://www.google.com/maps/contrib/118409078735311001826/reviews?hl=zh-TW
三兄弟沙茶蟹肉蒜味蟹腳,Sean Su,7 則評論 · 1 張相片,4 年前,1 顆星,態度極差,https://www.google.com/maps/contrib/112016944375104813211/reviews?hl=zh-TW
三兄弟沙茶蟹肉蒜味蟹腳,C C,在地嚮導 · 59 則評論 · 15 張相片,4 年前,1 顆星,"很臭又難吃
秤完重（？
拿了最前面的一包
放了很久的感覺
沙茶蟹腳整個只有臭啦🤢",https://www.google.com/maps/contrib/105774364930652795896/reviews?hl=zh-TW
三兄弟沙茶蟹肉蒜味蟹腳,Kuo Joy,"在地嚮導 · 539 則評論 · 1,187 張相片",4 年前,4 顆星,蟹腳比蟹身體好吃！ 腳比較鮮甜，相較之下身體的肉比較沒甜味也沒什麼味道！但蟹腳也太難買了吧,https://www.google.com/maps/contrib/116384801470731132654/reviews?hl=zh-TW
三兄弟沙茶蟹肉蒜味蟹腳,X uan,在地嚮導 · 17 則評論 · 12 張相片,4 年前,5 顆星,"超級好吃😋
好希望可以來台中開一間
每次都要跑去台南買
雖然可以宅配
但還是想吃到現場的那種感覺😭",https://www.google.com/maps/contrib/114747618352511549373/reviews?hl=zh-TW
三兄弟沙茶蟹肉蒜味蟹腳,T Y,7 則評論,4 年前,1 顆星,"第一次買 就覺得踩雷🙄️
到此攤位就被一個木頭人盯著看
連介紹都不願意⋯ 不知道是在做什麼生意⋯
吃了一口..嗯.. 直接整包丟了
失望啊😩😩",https://www.google.com/maps/contrib/114746287534155798765/reviews?hl=zh-TW
三兄弟沙茶蟹肉蒜味蟹腳,リョウゲツ,"在地嚮導 · 1,108 則評論 · 1,166 張相片",5 年前,5 顆星,分店越來越多、越來越多地方可以買到了！不管哪一家都是大排長龍，超好吃的！,https://www.google.com/maps/contrib/105018894442514158832/reviews?hl=zh-TW
三兄弟沙茶蟹肉蒜味蟹腳,廖文碩,,5 年前,5 顆星,,https://www.google.com/maps/contrib/110014873144890502961/reviews?hl=zh-TW
三兄弟沙茶蟹肉蒜味蟹腳,吾朗,"在地嚮導 · 1,005 則評論 · 5,449 張相片",5 年前,4 顆星,蟹肉真的好吃沒話說👍 …,https://www.google.com/maps/contrib/108770893443134049183/reviews?hl=zh-TW
三兄弟沙茶蟹肉蒜味蟹腳,MU MU,在地嚮導 · 151 則評論 · 604 張相片,5 年前,5 顆星,"第一次去買一百吃不夠
第二次去買兩百還是吃不夠
第三次去不知道要買多少！太涮嘴了吧！好吃到停不下來！",https://www.google.com/maps/contrib/115908531545594630046/reviews?hl=zh-TW
三兄弟沙茶蟹肉蒜味蟹腳,倪娜娜,在地嚮導 · 22 則評論,5 年前,5 顆星,"每次去花園夜市如果有營業必買的小吃店
雖然價格真的蠻貴的>_<
隨便買一買就好幾百了
但是就是底不過螃蟹的誘惑~~~
真的超好吃！",https://www.google.com/maps/contrib/112832909840662205578/reviews?hl=zh-TW
三兄弟沙茶蟹肉蒜味蟹腳,杰哥,3 則評論,5 年前,4 顆星,,https://www.google.com/maps/contrib/115519064715327429834/reviews?hl=zh-TW
三兄弟沙茶蟹肉蒜味蟹腳,黃芷葳,在地嚮導 · 90 則評論 · 322 張相片,6 年前,5 顆星,花園夜市超好吃的蟹腳👍👍❤️味道很夠 …,https://www.google.com/maps/contrib/117795086042205025950/reviews?hl=zh-TW
三兄弟沙茶蟹肉蒜味蟹腳,陳毅平,9 則評論 · 11 張相片,6 年前,5 顆星,,https://www.google.com/maps/contrib/100597375591784925108/reviews?hl=zh-TW
三兄弟沙茶蟹肉蒜味蟹腳,Mi Wu,"在地嚮導 · 464 則評論 · 2,390 張相片",6 年前,3 顆星,,https://www.google.com/maps/contrib/106195202385330700936/reviews?hl=zh-TW
三兄弟沙茶蟹肉蒜味蟹腳,anmy秋,在地嚮導 · 290 則評論 · 251 張相片,6 年前,5 顆星,"蟹腳新鮮好吃，價格合理
殼敲得很碎，食用時非常好剝",https://www.google.com/maps/contrib/111931856489589059675/reviews?hl=zh-TW
伊豆站,蔡幸子,"在地嚮導 · 398 則評論 · 1,925 張相片",3 週前,3 顆星,"夏天熱熱的找冰沙來喝
看到有賣火龍果冰沙就點了一杯
原本很期待有火龍果味 結果一整杯都是金桔的味道 喝到後面整個嘴巴都是金桔酸酸微苦澀的味道 沒喝完就倒掉了

去之前有看到評論寫有金桔味 原以為多了個味道是加分的 結果是扣分🫠",https://www.google.com/maps/contrib/108498010243533047718/reviews?hl=zh-TW
伊豆站,ORZ,在地嚮導 · 97 則評論 · 81 張相片,7 個月前,5 顆星,,https://www.google.com/maps/contrib/104393325509258140120/reviews?hl=zh-TW
伊豆站,Tai Chien Tsai,4 則評論 · 1 張相片,7 個月前,5 顆星,"綠豆沙好濃郁
覺得比雙X好吃 XD
花時間排隊
不如騎車過來買比較快又好吃
其他冰品也都很好吃
一定要來吃看看
吃完會想再來",https://www.google.com/maps/contrib/115100022336623089563/reviews?hl=zh-TW
伊豆站,珮慈方,在地嚮導 · 83 則評論 · 563 張相片,9 個月前,5 顆星,"冰沙系列每個口味都好吃
因為闆娘請我全部吃遍😋

老闆娘不只親切又大方
每樣都是純手工熬煮、製做的
食物天然、真材又實料👍🏻

值得推薦的好店家
歡迎大家前往嚐鮮🙌🏻
重點天天都有營業（不只有夜市時間才有喔）",https://www.google.com/maps/contrib/116783153583656838474/reviews?hl=zh-TW
伊豆站,Lucy Su,15 則評論 · 4 張相片,9 個月前,5 顆星,"用料真材實料 👍🏻👍🏻👍🏻

綠豆沙牛奶很優秀",https://www.google.com/maps/contrib/111852982248820069869/reviews?hl=zh-TW
伊豆站,Afra Wu,9 則評論 · 1 張相片,10 個月前,5 顆星,真材實料，水果新鮮，香醇可口～,https://www.google.com/maps/contrib/102405073935243346541/reviews?hl=zh-TW
伊豆站,謝宛妤,6 則評論 · 1 張相片,10 個月前,5 顆星,,https://www.google.com/maps/contrib/104081735272622141036/reviews?hl=zh-TW
伊豆站,林冠瑋,2 則評論,10 個月前,5 顆星,紅龍果冰沙好喝,https://www.google.com/maps/contrib/105363093841186189212/reviews?hl=zh-TW
伊豆站,小晴૮ • ᴥ • ა,在地嚮導 · 27 則評論,1 年前,5 顆星,推綠豆冰沙 超讚( *´︶`*),https://www.google.com/maps/contrib/105192874037904426185/reviews?hl=zh-TW
伊豆站,李小京,12 則評論 · 6 張相片,1 年前,5 顆星,最天然的水果味，CP值高的價格，紅龍果冰沙還用了金桔來提味，微酸滋味清涼消暑，大推👍👍👍 …,https://www.google.com/maps/contrib/115777194856316036386/reviews?hl=zh-TW
伊豆站,Sherry,在地嚮導 · 20 則評論 · 4 張相片,1 年前,5 顆星,超好喝，超天然，還可以適合決定口味😍😍 …,https://www.google.com/maps/contrib/100920407893384765864/reviews?hl=zh-TW
伊豆站,Mickey Tsai,13 則評論 · 3 張相片,1 年前,5 顆星,"真材實料，環境乾淨衛生，
值得再從台中跑來一次！！！",https://www.google.com/maps/contrib/106850600769915284847/reviews?hl=zh-TW
伊豆站,加零壹貳叁肆伍陸柒捌玖拾,2 則評論,1 年前,5 顆星,,https://www.google.com/maps/contrib/107287485915327448945/reviews?hl=zh-TW
伊豆站,魏仁傑,在地嚮導 · 14 則評論 · 6 張相片,1 年前,5 顆星,,https://www.google.com/maps/contrib/103677565033032580714/reviews?hl=zh-TW
伊豆站,Yumin Wang,在地嚮導 · 36 則評論 · 122 張相片,1 年前,5 顆星,"天然綠豆製造
非常美味😋 …",https://www.google.com/maps/contrib/103099569729605254793/reviews?hl=zh-TW
伊豆站,benching6,8 則評論,2 年前,5 顆星,老闆人真的很好很好 飲料也很好喝清爽～之後再來逛夜市一定會去買,https://www.google.com/maps/contrib/109523717015276621057/reviews?hl=zh-TW
伊豆站,劉小貝,在地嚮導 · 33 則評論 · 8 張相片,2 年前,5 顆星,老闆親切，人超好，飲料好喝又便宜,https://www.google.com/maps/contrib/114379942577434970759/reviews?hl=zh-TW
伊豆站,商巧聿,2 則評論 · 1 張相片,2 年前,5 顆星,"老闆娘很親切且服務貼心
冰沙很讚，真材實料又美味
特推火龍果冰沙",https://www.google.com/maps/contrib/110394795664242277900/reviews?hl=zh-TW
伊豆站,Nion nion,9 則評論,2 年前,5 顆星,阿姨跟阿北很輕切，冰很吃起來很爽口，是新鮮水果的那種鮮味，不是死甜，真的很讚🥰👍 …,https://www.google.com/maps/contrib/117476265603430959551/reviews?hl=zh-TW
伊豆站,cheer kuo,在地嚮導 · 23 則評論 · 5 張相片,2 年前,5 顆星,冰沙好喝！,https://www.google.com/maps/contrib/110342886591024781895/reviews?hl=zh-TW
伊豆站,羅安安,在地嚮導 · 17 則評論 · 10 張相片,2 年前,5 顆星,有夠讚👍🏻 …,https://www.google.com/maps/contrib/106442126885522838398/reviews?hl=zh-TW
阿堯師雞蛋糕(武聖夜市),劉小蛙,在地嚮導 · 106 則評論 · 470 張相片,8 小時前,5 顆星,需要排隊，但雞蛋糕好吃，最好拿到就要吃，口感鬆軟綿密，有餡料奶油不甜膩，原味天然，整體蠻推薦。,https://www.google.com/maps/contrib/101839014435645258842/reviews?hl=zh-TW
阿堯師雞蛋糕(武聖夜市),楊彩琳,"在地嚮導 · 2,261 則評論 · 11,452 張相片",1 週前,3 顆星,點了奶油口味，覺得普普通通,https://www.google.com/maps/contrib/108895656329368458767/reviews?hl=zh-TW
阿堯師雞蛋糕(武聖夜市),YaYa Hsueh,在地嚮導 · 90 則評論 · 128 張相片,2 週前,5 顆星,第一名雞蛋糕超好吃！,https://www.google.com/maps/contrib/113103751546143171050/reviews?hl=zh-TW
阿堯師雞蛋糕(武聖夜市),Q,"在地嚮導 · 2,069 則評論 · 3,890 張相片",2 週前,5 顆星,不錯,https://www.google.com/maps/contrib/104743521368358306807/reviews?hl=zh-TW
阿堯師雞蛋糕(武聖夜市),Sandy ABC美食旅遊,在地嚮導 · 272 則評論 · 517 張相片,1 個月前,5 顆星,"我最愛黑爵士口味啦啦啦
巧克力可可濃郁不會死甜
餡料超多滿滿的
好吃一直吃一直吃一直吃
可惜只有夜市分店有賣（淚

武聖不知道要不要排隊
我都去小北買，要排隊一下下",https://www.google.com/maps/contrib/117247569904994507429/reviews?hl=zh-TW
阿堯師雞蛋糕(武聖夜市),Let’s go!共玩,在地嚮導 · 85 則評論 · 701 張相片,1 個月前,5 顆星,"朋友點了綜合（奶油、紅豆、原味各2）50元
我點黑爵士（巧克力*3）40元
我只有吃原味、巧克力、奶油
奶油跟巧克力都蠻好吃的，而且巧克力他們說是自己做的醬，72%的確不會太甜很好吃👍🏻
剛好看到排隊人潮沒那麼多的時候買的
整體來說蠻好吃的，看到會想再買來吃。",https://www.google.com/maps/contrib/110479433604124031429/reviews?hl=zh-TW
阿堯師雞蛋糕(武聖夜市),金城武,"在地嚮導 · 561 則評論 · 4,534 張相片",2 個月前,4 顆星,還不錯吃，排一下子就買到了,https://www.google.com/maps/contrib/116981309550055887652/reviews?hl=zh-TW
阿堯師雞蛋糕(武聖夜市),W Chen,"在地嚮導 · 2,583 則評論 · 11,384 張相片",2 個月前,4 顆星,很多人排但也消化的很快，奶油、巧克力還不錯，3顆30，餡很多會爆漿,https://www.google.com/maps/contrib/115621909637068107060/reviews?hl=zh-TW
阿堯師雞蛋糕(武聖夜市),吳偉誠,"在地嚮導 · 336 則評論 · 2,603 張相片",2 個月前,4 顆星,還不錯的雞蛋糕 雖然漲價不少 偶爾吃吃還行,https://www.google.com/maps/contrib/112540703546080255856/reviews?hl=zh-TW
阿堯師雞蛋糕(武聖夜市),PLEASE,"在地嚮導 · 689 則評論 · 1,666 張相片",2 個月前,5 顆星,有蜂蜜香味 外脆內軟 奶油的不是傳統那種克林姆 是卡士達 會爆漿 很好吃 紅豆的比較一般,https://www.google.com/maps/contrib/111787356057502873147/reviews?hl=zh-TW
阿堯師雞蛋糕(武聖夜市),冠冠,在地嚮導 · 21 則評論,4 個月前,5 顆星,"有蜂蜜的香味真的好好吃
每次都點奶油口味 冰起來也超好吃啊啊啊啊",https://www.google.com/maps/contrib/107410103415103805229/reviews?hl=zh-TW
阿堯師雞蛋糕(武聖夜市),しゅうどうふ控です,在地嚮導 · 203 則評論 · 229 張相片,4 個月前,5 顆星,"奶油巨爆好吃！！！
餡多到炸開
奶香濃不會太甜
糕體很香
吃完直接回頭買四份回家",https://www.google.com/maps/contrib/109632832196826203882/reviews?hl=zh-TW
阿堯師雞蛋糕(武聖夜市),Jodie L,在地嚮導 · 18 則評論 · 17 張相片,4 個月前,5 顆星,隊伍很長，但是下得很快。超輕盈蓬鬆，內含豐富的奶凍餡料,https://www.google.com/maps/contrib/114538804418893979641/reviews?hl=zh-TW
阿堯師雞蛋糕(武聖夜市),謝易城,"在地嚮導 · 1,614 則評論 · 3,600 張相片",5 個月前,5 顆星,奶油非常好吃！ ！ ！,https://www.google.com/maps/contrib/101303315214647528935/reviews?hl=zh-TW
阿堯師雞蛋糕(武聖夜市),王帥哥,在地嚮導 · 45 則評論 · 4 張相片,7 個月前,5 顆星,還有開嗎 沒看到了,https://www.google.com/maps/contrib/103728787034831371633/reviews?hl=zh-TW
阿堯師雞蛋糕(武聖夜市),柴爸幸福吃喝,在地嚮導 · 192 則評論 · 957 張相片,9 個月前,5 顆星,"很好吃哦
武聖夜市首選的雞蛋糕，台南朋友特別推薦來買的，確實好吃😋

奶油口味最好吃",https://www.google.com/maps/contrib/111126334505135203368/reviews?hl=zh-TW
阿堯師雞蛋糕(武聖夜市),Chien,在地嚮導 · 48 則評論 · 30 張相片,11 個月前,5 顆星,"點了一個綜合的45元有六個
奶油的很好吃內餡很燙
吃得出來皮有蜂蜜香味
就算是原味也很好吃
紅豆個人覺得比較還好",https://www.google.com/maps/contrib/113791106524931276785/reviews?hl=zh-TW
阿堯師雞蛋糕(武聖夜市),高小凱,3 則評論 · 4 張相片,1 年前,5 顆星,,https://www.google.com/maps/contrib/100508031250098395191/reviews?hl=zh-TW
阿堯師雞蛋糕(武聖夜市),мм,在地嚮導 · 128 則評論 · 344 張相片,1 年前,5 顆星,"總店太遠🥹
所以每次來逛都必買的雞蛋糕🤤
奶油可能賣最好所以剛做好最燙！
個人排名：奶油=黑爵士(苦甜巧克力)>紅豆
但都很好吃啦皮很薄內餡又多
吃的時候要小心🤤

夜市才有黑爵士巧克力口味喔
總店才有芋頭口味 也好吃🤤",https://www.google.com/maps/contrib/102092691768372215325/reviews?hl=zh-TW
阿堯師雞蛋糕(武聖夜市),YJ Y,在地嚮導 · 19 則評論 · 6 張相片,1 年前,2 顆星,排隊的時候讓，後來的人插隊點餐,https://www.google.com/maps/contrib/105661343303343841785/reviews?hl=zh-TW
阿堯師雞蛋糕(武聖夜市),劉禹彤,在地嚮導 · 40 則評論 · 88 張相片,1 年前,5 顆星,"照片來不及拍就吃完了。。🤣
購買了綜合口味。裡面有原味.卡士達.紅豆。卡士達吃要小心燙口它不像有些是一坨稠稠像漿糊的那種。是屬於計較稀一點會流動的內餡不會太甜。外層雞蛋糕有個淡淡甜甜的蛋香味。原味屬於是紮實很有彈性的口感不會空空的。紅豆個人就覺得偏甜。我喜歡原味的口味🤗。價錢6顆45跟其他造型雞蛋糕比起來價錢挺可愛的",https://www.google.com/maps/contrib/101024600159430204988/reviews?hl=zh-TW
阿堯師雞蛋糕(武聖夜市),無段道楓,"在地嚮導 · 854 則評論 · 3,278 張相片",1 年前,4 顆星,"朋友推薦的雞蛋糕
稍微排隊
綜合口味包含原味奶油紅豆各二

原味太乾
奶油紅豆還不錯。奶油要注意燙口",https://www.google.com/maps/contrib/108089191503389213461/reviews?hl=zh-TW
阿堯師雞蛋糕(武聖夜市),柔柔,在地嚮導 · 89 則評論 · 27 張相片,1 年前,5 顆星,很晚去不用排隊，最愛奶油口味，超好吃～,https://www.google.com/maps/contrib/108726915581508131919/reviews?hl=zh-TW
阿堯師雞蛋糕(武聖夜市),皮小丘,"在地嚮導 · 221 則評論 · 3,059 張相片",1 年前,5 顆星,皮薄餡多又會爆漿。,https://www.google.com/maps/contrib/112293304829360984653/reviews?hl=zh-TW
阿堯師雞蛋糕(武聖夜市),丹丹,"在地嚮導 · 691 則評論 · 3,717 張相片",1 年前,4 顆星,"奶油口味超愛
每次都直接吃完 忘了拍照",https://www.google.com/maps/contrib/101644708393509125927/reviews?hl=zh-TW
阿堯師雞蛋糕(武聖夜市),楊明照,"在地嚮導 · 322 則評論 · 4,233 張相片",1 年前,5 顆星,"這攤雞蛋糕是武聖夜市的名店！因爲怕胖好久不曾光顧，在生日這天（11/16）看排隊人尚少（下午3:25）去買綜合口味2份，我和老公各一份，看價目表貼上新價格，漲了兩成，但也是多虧他們穩了許久才漲，不容易了！
沒吃完的，隔天早上放電鍋乾蒸（不加水）就恢復原來的味道了。",https://www.google.com/maps/contrib/115713039218259250005/reviews?hl=zh-TW
阿堯師雞蛋糕(武聖夜市),Yy Cc,3 則評論 · 1 張相片,1 年前,5 顆星,這家真的超好吃的，除了夜市還有自己的店面🤩 …,https://www.google.com/maps/contrib/111210658660332825445/reviews?hl=zh-TW
阿堯師雞蛋糕(武聖夜市),尹詠萱,"在地嚮導 · 987 則評論 · 2,995 張相片",1 年前,5 顆星,餡很滿 好吃,https://www.google.com/maps/contrib/103570019491887044901/reviews?hl=zh-TW
阿堯師雞蛋糕(武聖夜市),Wiwi,在地嚮導 · 232 則評論 · 481 張相片,1 年前,4 顆星,"奶油的3個一份 $30
感覺有點貴
但真的超好吃🥺 …",https://www.google.com/maps/contrib/101679902943558813529/reviews?hl=zh-TW
阿堯師雞蛋糕(武聖夜市),黃玉嫥,"在地嚮導 · 731 則評論 · 3,640 張相片",1 年前,5 顆星,"排隊不會很久～
是軟皮的那種我好喜歡！奶油的很香、巧克力比較不是我的胃口～",https://www.google.com/maps/contrib/108593103253430127067/reviews?hl=zh-TW
阿堯師雞蛋糕(武聖夜市),YPP,"在地嚮導 · 249 則評論 · 1,221 張相片",1 年前,4 顆星,雞蛋糕冷掉也好吃 但覺得原味就好了 奶油還好,https://www.google.com/maps/contrib/103684979708127280610/reviews?hl=zh-TW
阿堯師雞蛋糕(武聖夜市),黃庭毅Allen,"在地嚮導 · 1,188 則評論 · 14,279 張相片",1 年前,5 顆星,爆漿好吃。,https://www.google.com/maps/contrib/100727664915706760035/reviews?hl=zh-TW
阿堯師雞蛋糕(武聖夜市),W_,在地嚮導 · 41 則評論 · 67 張相片,1 年前,5 顆星,很厲害👍🏻 …,https://www.google.com/maps/contrib/102242049446905063076/reviews?hl=zh-TW
阿堯師雞蛋糕(武聖夜市),Emily Emily,41 則評論,2 年前,4 顆星,在小北的攤子女生用的都很乾，屢試不爽每個星期買兩次只要遇到那女的用我都像在吃乾糧，,https://www.google.com/maps/contrib/110742691722848373582/reviews?hl=zh-TW
阿堯師雞蛋糕(武聖夜市),Lin Lin,2 則評論 · 1 張相片,2 年前,5 顆星,物超所值,https://www.google.com/maps/contrib/114281225656543840621/reviews?hl=zh-TW
阿堯師雞蛋糕(武聖夜市),Y怡,在地嚮導 · 126 則評論 · 13 張相片,2 年前,5 顆星,,https://www.google.com/maps/contrib/107230932787646439638/reviews?hl=zh-TW
阿堯師雞蛋糕(武聖夜市),蔡雅雯,在地嚮導 · 31 則評論 · 1 張相片,2 年前,4 顆星,請問連假你們有排嗎禮拜日也有賣嗎,https://www.google.com/maps/contrib/103392251421060722152/reviews?hl=zh-TW
阿堯師雞蛋糕(武聖夜市),LT Wang,"在地嚮導 · 311 則評論 · 2,196 張相片",2 年前,5 顆星,人多但前進速度蠻快的，奶油口味好吃👍 …,https://www.google.com/maps/contrib/106555368276017163785/reviews?hl=zh-TW
阿堯師雞蛋糕(武聖夜市),黃大米,在地嚮導 · 112 則評論 · 7 張相片,2 年前,5 顆星,奶油口味超好吃！價格令人感動,https://www.google.com/maps/contrib/114034901116962674389/reviews?hl=zh-TW
阿堯師雞蛋糕(武聖夜市),Eileen,在地嚮導 · 22 則評論 · 5 張相片,2 年前,5 顆星,,https://www.google.com/maps/contrib/110230042396005724172/reviews?hl=zh-TW
阿堯師雞蛋糕(武聖夜市),杜比菲,在地嚮導 · 106 則評論 · 22 張相片,2 年前,4 顆星,好吃,https://www.google.com/maps/contrib/100350293281378222135/reviews?hl=zh-TW
阿堯師雞蛋糕(武聖夜市),Thundias Wang,"在地嚮導 · 813 則評論 · 3,727 張相片",2 年前,4 顆星,奶油口味真的讚,https://www.google.com/maps/contrib/115506644794259595758/reviews?hl=zh-TW
阿堯師雞蛋糕(武聖夜市),宋書豪,在地嚮導 · 63 則評論 · 577 張相片,2 年前,1 顆星,買一份雞蛋糕，連一根竹籤叉子都沒有，不知道在摳什麼。沒有餐具不然用手抓嗎？還是用倒的？莫名其妙…,https://www.google.com/maps/contrib/104331724763734956148/reviews?hl=zh-TW
阿堯師雞蛋糕(武聖夜市),Sichuan,在地嚮導 · 20 則評論 · 43 張相片,2 年前,5 顆星,"排隊排很長 但是隊伍移動速度蠻快的
雞蛋糕冷掉也好吃 奶油更讚👍🏽 …",https://www.google.com/maps/contrib/107176184830038996538/reviews?hl=zh-TW
阿堯師雞蛋糕(武聖夜市),林建豪,7 則評論 · 2 張相片,2 年前,5 顆星,太好吃了,https://www.google.com/maps/contrib/102104824030798547984/reviews?hl=zh-TW
阿堯師雞蛋糕(武聖夜市),周冠呈,在地嚮導 · 62 則評論 · 53 張相片,2 年前,4 顆星,路過吃一下 奶油口味不錯 蠻香的奶油,https://www.google.com/maps/contrib/110024542903402748790/reviews?hl=zh-TW
阿堯師雞蛋糕(武聖夜市),Ciliya,在地嚮導 · 37 則評論 · 13 張相片,2 年前,5 顆星,熱熱吃最好吃 也可以冰到隔天當早餐吃也好吃,https://www.google.com/maps/contrib/110479794601593406121/reviews?hl=zh-TW
阿堯師雞蛋糕(武聖夜市),Iris,在地嚮導 · 422 則評論 · 733 張相片,2 年前,4 顆星,外皮偏乾，整體中規中矩沒有特別突出的感覺，有淡淡蜂蜜味,https://www.google.com/maps/contrib/102786171640648543227/reviews?hl=zh-TW
阿堯師雞蛋糕(武聖夜市),花子,在地嚮導 · 153 則評論 · 48 張相片,2 年前,5 顆星,"必買必吃
每次來一定要買
現在漲價 奶油三顆25
還可以接受
料沒有變",https://www.google.com/maps/contrib/112861364783860794654/reviews?hl=zh-TW
阿堯師雞蛋糕(武聖夜市),Bianca,在地嚮導 · 77 則評論 · 251 張相片,2 年前,5 顆星,雞蛋糕愛好者認證，不是脆皮，蛋糕體本身軟綿，帶著淡淡香氣，原味表現中規中矩，紅豆是豐富豆餡，真材實料沒有夾雜大豆，值得嘉許，最後是我最喜歡的奶油口味，卡士達奶油濕潤不膩口，非常好吃 ❤️❤️❤️,https://www.google.com/maps/contrib/111497989292155801517/reviews?hl=zh-TW
阿堯師雞蛋糕(武聖夜市),Yogo Lei,"在地嚮導 · 312 則評論 · 1,071 張相片",2 年前,5 顆星,牛奶好吃,https://www.google.com/maps/contrib/110211397413346234004/reviews?hl=zh-TW
阿堯師雞蛋糕(武聖夜市),陳琮勝,在地嚮導 · 168 則評論 · 481 張相片,2 年前,5 顆星,"之前來武聖夜市無意間買到的~
我跟老婆一值念念不忘!XD …",https://www.google.com/maps/contrib/116171409341798207687/reviews?hl=zh-TW
阿堯師雞蛋糕(武聖夜市),邊走編吃,在地嚮導 · 422 則評論 · 468 張相片,3 年前,5 顆星,"這家的奶油口味超好吃!比文賢路正老牌還好吃! 內餡飽滿,口感絲滑細緻,卡士達奶香輕柔甜度低不膩口

紅豆也吃的出淡淡清香

原味則是有個蜂蜜香味",https://www.google.com/maps/contrib/101173206288626150874/reviews?hl=zh-TW
阿堯師雞蛋糕(武聖夜市),YI HSIEN WANG,在地嚮導 · 20 則評論 · 74 張相片,3 年前,1 顆星,3/30在武聖夜市買了一份綜合及一份黑爵士（巧克力口味），結果黑爵士裡面裝的不是巧克力口味，全是奶油口味，超傻眼，建議大家買了之後要確認口味無誤後再離開。,https://www.google.com/maps/contrib/118434939499410594209/reviews?hl=zh-TW
阿堯師雞蛋糕(武聖夜市),Craig,在地嚮導 · 171 則評論 · 349 張相片,3 年前,5 顆星,"品項: 綜合雞蛋糕(原味*2, 奶油*2, 紅豆*2), 才30塊!!
評價: 五顆星
評論: 雖然小小一顆, 但是有包料的內餡充足, 不膩口死甜, 價格也非常便宜, 小缺點就是排隊人潮蠻多的, 會再訪",https://www.google.com/maps/contrib/110270255988022090052/reviews?hl=zh-TW
阿堯師雞蛋糕(武聖夜市),Kuanwei Chen,在地嚮導 · 131 則評論 · 143 張相片,3 年前,5 顆星,以綜合6個30算是蠻便宜的（2個紅豆，2個奶油，2個原味）。奶油有淡淡的蜂蜜香。原味好吃不像其他家有很重的麵粉味。如果有再訪台南，會再光顧。,https://www.google.com/maps/contrib/108386557977405690787/reviews?hl=zh-TW
阿堯師雞蛋糕(武聖夜市),Christy,在地嚮導 · 29 則評論 · 31 張相片,3 年前,5 顆星,超好吃！ ！ ！ ！,https://www.google.com/maps/contrib/106103170303897872907/reviews?hl=zh-TW
阿堯師雞蛋糕(武聖夜市),Rhea Hsu,8 則評論 · 11 張相片,3 年前,5 顆星,不誇張 每次來台南都要吃,https://www.google.com/maps/contrib/108612787157264993486/reviews?hl=zh-TW
阿堯師雞蛋糕(武聖夜市),Aileen Li,"在地嚮導 · 407 則評論 · 1,165 張相片",3 年前,5 顆星,大學時期很喜歡，畢業以後每次來台南也一定要特地來武聖吃！奶油口味最好吃，不過其他口味也不錯～,https://www.google.com/maps/contrib/110771657289568849714/reviews?hl=zh-TW
阿堯師雞蛋糕(武聖夜市),蔡侑姍,在地嚮導 · 271 則評論 · 24 張相片,3 年前,4 顆星,偶然經過被它的香味吸引過來，在這之前沒聽過這家也沒吃，原來它在這裡算小有名氣，這也算無意中的收貨。,https://www.google.com/maps/contrib/105700820017344206007/reviews?hl=zh-TW
阿堯師雞蛋糕(武聖夜市),吃飯,在地嚮導 · 238 則評論 · 311 張相片,3 年前,5 顆星,找不到阿北,https://www.google.com/maps/contrib/100515841151385385330/reviews?hl=zh-TW
阿堯師雞蛋糕(武聖夜市),Blair Lee,在地嚮導 · 57 則評論 · 101 張相片,3 年前,5 顆星,"全台最愛的雞蛋糕，有蜂蜜的香味，口感也很棒
奶油口味的內餡有點鹹鹹的，吃不膩
最喜歡原味，就算冷掉還是非常好吃",https://www.google.com/maps/contrib/112691735092090255239/reviews?hl=zh-TW
阿堯師雞蛋糕(武聖夜市),Minmin Mei,在地嚮導 · 36 則評論 · 9 張相片,3 年前,5 顆星,"就算是冷了也沒有蛋腥味
甜度適中 內餡也好吃
真的好厲害😋😋😋 …",https://www.google.com/maps/contrib/105106115360424037665/reviews?hl=zh-TW
阿堯師雞蛋糕(武聖夜市),陳宥樺,1 則評論,3 年前,1 顆星,11/19在小北買了一個巧克力一個奶油結果到家才發現是奶油，下次請確認好再給客人可以嗎？,https://www.google.com/maps/contrib/104216820562454745366/reviews?hl=zh-TW
阿堯師雞蛋糕(武聖夜市),poporu yen,在地嚮導 · 88 則評論 · 27 張相片,4 年前,5 顆星,非常好吃，奶油口味的雞蛋糕餡料很足，又不會到太多、太甜，吃起來很剛好！是這輩子吃過最好吃的雞蛋糕，必吃。,https://www.google.com/maps/contrib/115495765962333936564/reviews?hl=zh-TW
阿堯師雞蛋糕(武聖夜市),Y,在地嚮導 · 70 則評論 · 19 張相片,4 年前,5 顆星,很推奶油口味的，目前吃過最好吃的雞蛋糕！,https://www.google.com/maps/contrib/114444936841896074857/reviews?hl=zh-TW
阿堯師雞蛋糕(武聖夜市),Chen Yu Wen,在地嚮導 · 709 則評論 · 123 張相片,4 年前,3 顆星,雞蛋糕香精用太多了 吃起來味道很不自然,https://www.google.com/maps/contrib/116623330004254995919/reviews?hl=zh-TW
阿堯師雞蛋糕(武聖夜市),Ruru Kitty,在地嚮導 · 39 則評論 · 18 張相片,4 年前,5 顆星,😋 …,https://www.google.com/maps/contrib/100764078450713450955/reviews?hl=zh-TW
阿堯師雞蛋糕(武聖夜市),Duncan Hsu,在地嚮導 · 32 則評論,4 年前,5 顆星,香氣濃郁，價格親民,https://www.google.com/maps/contrib/105758533129565444042/reviews?hl=zh-TW
阿堯師雞蛋糕(武聖夜市),顏楠庭,在地嚮導 · 78 則評論 · 12 張相片,4 年前,5 顆星,,https://www.google.com/maps/contrib/102564393869953761977/reviews?hl=zh-TW
阿堯師雞蛋糕(武聖夜市),阿傑,"在地嚮導 · 506 則評論 · 1,742 張相片",4 年前,5 顆星,誇張的好吃 又便宜,https://www.google.com/maps/contrib/107301428609389738743/reviews?hl=zh-TW
阿堯師雞蛋糕(武聖夜市),DD T,在地嚮導 · 80 則評論 · 784 張相片,4 年前,5 顆星,,https://www.google.com/maps/contrib/112675625111924614177/reviews?hl=zh-TW
阿堯師雞蛋糕(武聖夜市),Elly Chiu,在地嚮導 · 675 則評論 · 651 張相片,4 年前,5 顆星,巧克力、奶油口味都超讚！！,https://www.google.com/maps/contrib/115419646241789334736/reviews?hl=zh-TW
阿堯師雞蛋糕(武聖夜市),Sherry Shih,在地嚮導 · 292 則評論 · 494 張相片,5 年前,5 顆星,"台南最好吃雞蛋糕
推奶油跟抹茶",https://www.google.com/maps/contrib/107725498980156626385/reviews?hl=zh-TW
阿堯師雞蛋糕(武聖夜市),SaBi Wa,在地嚮導 · 25 則評論 · 10 張相片,5 年前,4 顆星,點奶油就好了 ～ 點其他口味會顯的蛋糕體一般般,https://www.google.com/maps/contrib/102505942432667035138/reviews?hl=zh-TW
阿堯師雞蛋糕(武聖夜市),KB,"在地嚮導 · 350 則評論 · 4,134 張相片",5 年前,5 顆星,,https://www.google.com/maps/contrib/114075058975423550777/reviews?hl=zh-TW
阿堯師雞蛋糕(武聖夜市),リョウゲツ,"在地嚮導 · 1,108 則評論 · 1,166 張相片",5 年前,4 顆星,生意超好，還沒六點就好多人在排隊，原味一份六個只要20元，口感比較偏軟嫩的雞蛋糕，味道有點偏甜，整體來說CP值很高,https://www.google.com/maps/contrib/105018894442514158832/reviews?hl=zh-TW
阿堯師雞蛋糕(武聖夜市),E B,"354 則評論 · 3,949 張相片",5 年前,5 顆星,,https://www.google.com/maps/contrib/100059061998668828009/reviews?hl=zh-TW
阿堯師雞蛋糕(武聖夜市),小貝,在地嚮導 · 111 則評論 · 41 張相片,5 年前,4 顆星,"買了原味跟奶油的
熱熱的吃 原味的口感扎實不空洞也不會太乾
奶油的個人不是很喜歡 說是爆漿也不是 整體的餡偏水",https://www.google.com/maps/contrib/105687922818515072056/reviews?hl=zh-TW
阿堯師雞蛋糕(武聖夜市),yuin,在地嚮導 · 310 則評論 · 302 張相片,5 年前,5 顆星,氣死人了！奶油燙到嘴巴！可惡還這麼好吃！！,https://www.google.com/maps/contrib/104540155140211427049/reviews?hl=zh-TW
阿堯師雞蛋糕(武聖夜市),Vivian Yeh,"在地嚮導 · 344 則評論 · 1,167 張相片",6 年前,5 顆星,阿堯師明明就是全台灣最好吃的雞蛋糕...,https://www.google.com/maps/contrib/105552732841010120068/reviews?hl=zh-TW
阿堯師雞蛋糕(武聖夜市),Ming-Fong Hong,"在地嚮導 · 970 則評論 · 14,289 張相片",6 年前,3 顆星,便宜但不算好吃，皮不脆，裡面不紮實，整體偏乾，特色是有蜂蜜味，原味一份20元有6個。,https://www.google.com/maps/contrib/114372716644205743259/reviews?hl=zh-TW
阿堯師雞蛋糕(武聖夜市),Joanna Li,"376 則評論 · 12,303 張相片",6 年前,4 顆星,奶油口味很好吃！,https://www.google.com/maps/contrib/104283103469649445422/reviews?hl=zh-TW
阿堯師雞蛋糕(武聖夜市),伶楓,在地嚮導 · 71 則評論 · 11 張相片,6 年前,4 顆星,奶油超好吃,https://www.google.com/maps/contrib/107708809422618756237/reviews?hl=zh-TW
阿堯師雞蛋糕(武聖夜市),Sodaowl,"在地嚮導 · 702 則評論 · 5,100 張相片",6 年前,4 顆星,"好吃好吃！
生意好但也不會等太久",https://www.google.com/maps/contrib/106616875819249255201/reviews?hl=zh-TW
阿堯師雞蛋糕(武聖夜市),Zhen Chiu,在地嚮導 · 55 則評論 · 223 張相片,7 年前,3 顆星,"可能是很多人都想吃阿堯師雞蛋糕的關係，阿堯師就也馬不停蹄的為客人準備，雖然是小小的攤販，人手卻十分齊全！

第一次買了奶油和抹茶口味，抹茶口味的不推🙅🏻奶油口味一咬下去爆漿倒是完全讓我驚喜😳（還有點燙到⋯）跟雞蛋糕綿綿的外皮非常搭～也因為這樣我馬上逛完夜市一圈又去回購！
但第二次就讓我有點稍稍失望，因為時間較晚可能準備收了，就多是冷掉的，口感受到蠻大影響",https://www.google.com/maps/contrib/102988563601115745388/reviews?hl=zh-TW
五番茶,Ricky Wong,6 則評論 · 8 張相片,1 年前,5 顆星,鹿谷烏龍茶味出色，前後還買了兩杯😂,https://www.google.com/maps/contrib/100311202897833592296/reviews?hl=zh-TW
五番茶,希兒,在地嚮導 · 21 則評論,1 年前,5 顆星,紅茶很好喝，很喜歡，每次逛夜市必買😍,https://www.google.com/maps/contrib/111589773057831254042/reviews?hl=zh-TW
五番茶,王雅雯,在地嚮導 · 16 則評論 · 3 張相片,1 年前,5 顆星,無糖綠後味不澀且有香氣，是我唯一一間可以喝完的無糖飲料店～推薦給大家～,https://www.google.com/maps/contrib/102734715994938958671/reviews?hl=zh-TW
台南美食武聖夜市 煎哥 蚵仔煎,吳心維,在地嚮導 · 17 則評論 · 3 張相片,1 個月前,5 顆星,武聖夜市的蚵仔煎裡這間的醬最好吃,https://www.google.com/maps/contrib/100806299166030754658/reviews?hl=zh-TW
台南美食武聖夜市 煎哥 蚵仔煎,Izu Shin Sai,在地嚮導 · 95 則評論 · 73 張相片,6 個月前,5 顆星,隨便逛逛買的，結果驚為天人的好吃，老闆做很久但是很值得！！加豆芽菜很清爽口感也很好，蛋有鐵板的焦香味，淋醬口味也很棒而且不會膩，真的非常好吃！！,https://www.google.com/maps/contrib/115578443496095968088/reviews?hl=zh-TW
台南美食武聖夜市 煎哥 蚵仔煎,陳永柔,6 則評論 · 3 張相片,8 個月前,5 顆星,"每次來武聖夜市都必吃
以前跟男友隨便吃卻意外好吃
現在已經升級老公還是常常來回味",https://www.google.com/maps/contrib/112735273257950200611/reviews?hl=zh-TW
台南美食武聖夜市 煎哥 蚵仔煎,王瑞賢,在地嚮導 · 23 則評論 · 1 張相片,1 年前,5 顆星,煎哥真的好吃,https://www.google.com/maps/contrib/114688026150249914072/reviews?hl=zh-TW
台南美食武聖夜市 煎哥 蚵仔煎,劉佳佳漢唐交趾陶劉佳玲團隊（CHI）,"在地嚮導 · 1,154 則評論 · 25,618 張相片",1 年前,5 顆星,每次過來武聖夜市，都會回訪。,https://www.google.com/maps/contrib/112139481199821831058/reviews?hl=zh-TW
台南美食武聖夜市 煎哥 蚵仔煎,洋洋媽,在地嚮導 · 20 則評論 · 3 張相片,1 年前,5 顆星,"很意外的超好吃 特地來留好評
念念不忘啊",https://www.google.com/maps/contrib/112537004019796287599/reviews?hl=zh-TW
台南美食武聖夜市 煎哥 蚵仔煎,雨,在地嚮導 · 74 則評論 · 216 張相片,1 年前,5 顆星,昨天去夜市隨便坐下來吃的，結果蝦仁煎超好吃，最後離開前又回頭打包一份,https://www.google.com/maps/contrib/105669259917603723918/reviews?hl=zh-TW
武聖夜市周爸爸雞蛋糕,周小明,在地嚮導 · 27 則評論 · 60 張相片,5 年前,5 顆星,道地古早味 老闆用心堅持自己對健康食品的理念 傳承父親好口味,https://www.google.com/maps/contrib/111539495602246959994/reviews?hl=zh-TW
Q哥地瓜球,Y I,"在地嚮導 · 1,849 則評論 · 9,971 張相片",10 個月前,4 顆星,"大份15顆$50
小份8顆$30

蠻好吃的，是三種口味的地瓜球，有另外提供巧克力粉之類的調味粉可以加
但短髮女的態度很差，跟他講話都只回一個喔，好像欠他錢，所以扣一顆星",https://www.google.com/maps/contrib/103916878421002513171/reviews?hl=zh-TW
Q哥地瓜球,CYT,"在地嚮導 · 726 則評論 · 2,134 張相片",4 個月前,5 顆星,"2024.12
熱熱吃好吃
冷掉也好吃
回台北都會想念
目前最愛地瓜球",https://www.google.com/maps/contrib/113598741533458674840/reviews?hl=zh-TW
Q哥地瓜球,高小凱,3 則評論 · 4 張相片,10 個月前,5 顆星,賣家有提供LINE PAY服務很貼心 獨特的綠色抹茶味地瓜球 紫色和原味地瓜球 有濃濃的地瓜香氣 大顆香Q酥脆 很好吃 值的推薦,https://www.google.com/maps/contrib/100508031250098395191/reviews?hl=zh-TW
Q哥地瓜球,Jia Hong Keep,在地嚮導 · 859 則評論 · 74 張相片,1 年前,5 顆星,👍👍👍,https://www.google.com/maps/contrib/110874583292449576220/reviews?hl=zh-TW
魷皇駕到（武聖夜市）,張秀雅（changhsiuya）,在地嚮導 · 136 則評論 · 95 張相片,6 個月前,5 顆星,讚！,https://www.google.com/maps/contrib/117511266592371546916/reviews?hl=zh-TW
日野章魚燒,yi s,"在地嚮導 · 304 則評論 · 6,273 張相片",5 個月前,5 顆星,"行經台南這片土地，耳聞此地有一名為武聖夜市的奇特市場，便決定前往一探究竟。在那熙熙攘攘的人潮之中，一攤小小的章魚燒攤位，竟深深吸引了我的目光。

初入口時，那金黃酥脆的外皮，如我無敵的軍隊般銳利，而內裡的章魚塊，卻又如我心中戰略的柔韌，彈牙有勁，完美無瑕。再加上那淋上的特製醬汁，恰似我在戰場上佈下的天羅地網，完美覆蓋每一口。小小章魚燒，竟蘊藏如此豐富的層次，實乃出奇制勝之妙品。

這章魚燒如同我行軍時每一個精妙的計謀，外在與內涵皆無可挑剔。台南這夜市，雖市井庸常，卻在這小小的章魚燒中，展現出一種戰無不勝的美食力量。倘若我手下的將士們能每日享用此等美味，定能在戰場上勇猛無敵。如此佳餚，堪稱美食界的阿usterlitz戰役。",https://www.google.com/maps/contrib/110792477687874815769/reviews?hl=zh-TW
日野章魚燒,朋,"在地嚮導 · 369 則評論 · 1,791 張相片",10 個月前,5 顆星,"原本是很餓，想說隨便買個東西充飢，結果超好吃！
是吃過外皮最脆的章魚燒，內餡吃起來就跟外面的差不多，但我們拿到的第一份是有點冷掉的，所以超讚！不會被燙到哭出來，我很喜歡，為什麼說第一份呢..因為我們後來覺得太好吃就回去買了一份9顆的，現在想到都還會分泌口水，極高評價！

滿分100給179。",https://www.google.com/maps/contrib/100548337328096383651/reviews?hl=zh-TW
日野章魚燒,NJ,"在地嚮導 · 757 則評論 · 3,545 張相片",7 個月前,5 顆星,"Always很推這間章魚燒XDD
來武聖必吃
外層有點口感 內軟
很好吃!!!!!",https://www.google.com/maps/contrib/109872323262190383094/reviews?hl=zh-TW
日野章魚燒,買可樂高手,在地嚮導 · 38 則評論 · 17 張相片,3 個月前,1 顆星,章魚燒好吃又便宜👍,https://www.google.com/maps/contrib/111341247971437938130/reviews?hl=zh-TW
日野章魚燒,琇瑩王,在地嚮導 · 136 則評論,10 個月前,5 顆星,這是我吃過 ，最好吃😋最好吃😋最好吃的章魚燒😋超級無敵好吃👍,https://www.google.com/maps/contrib/115921420774139132413/reviews?hl=zh-TW
日野章魚燒,鄭Amy,在地嚮導 · 132 則評論 · 57 張相片,1 年前,1 顆星,內餡吃起來軟軟的，麵粉感覺吃起來沒有熟,https://www.google.com/maps/contrib/117487419429314259109/reviews?hl=zh-TW
日野章魚燒,曼陀螺,"在地嚮導 · 1,205 則評論 · 31,725 張相片",1 年前,5 顆星,可以來吃看看。,https://www.google.com/maps/contrib/116336963473545624292/reviews?hl=zh-TW
日野章魚燒,劉小蛙,在地嚮導 · 106 則評論 · 470 張相片,8 小時前,5 顆星,點了芥末口味，芥末不會太嗆，整體大顆又好吃，第一次吃到芥末口味，可以這麼美味的。,https://www.google.com/maps/contrib/101839014435645258842/reviews?hl=zh-TW
阿發臭豆腐,LoopStep Yang,在地嚮導 · 13 則評論 · 11 張相片,1 個月前,1 顆星,"泡菜一點都沒有入味，像早晨剛採收的一樣生脆，醬汁調味也淡淡的，還好至少炸出來的豆腐外酥內軟。
說難吃對老闆太嚴苛，但整體平淡無味勉強靠辣椒配著吃完。
只給一星是因為糟蹋了泡菜令人生氣。",https://www.google.com/maps/contrib/112642140369195103388/reviews?hl=zh-TW
阿發臭豆腐,林弘哲,在地嚮導 · 19 則評論 · 21 張相片,7 個月前,1 顆星,阿就還有客人一直在撤桌子，想下班直接收攤啦,https://www.google.com/maps/contrib/106739357496925393179/reviews?hl=zh-TW
阿發臭豆腐,Y I,"在地嚮導 · 1,849 則評論 · 9,971 張相片",10 個月前,4 顆星,"可能是因為台南的緣故，泡菜吃起來有點甜，然後有添加檸檬，還有點香茅的味道，個人吃不太習慣

臭豆腐還不錯，脆脆的沒有很臭",https://www.google.com/maps/contrib/103916878421002513171/reviews?hl=zh-TW
阿發臭豆腐,黃怡禎,在地嚮導 · 11 則評論 · 3 張相片,1 年前,4 顆星,,https://www.google.com/maps/contrib/106053252201513287224/reviews?hl=zh-TW
阿發臭豆腐,黃才祐,在地嚮導 · 195 則評論 · 58 張相片,1 年前,4 顆星,特色算有添加檸檬汁 泡菜普通 老闆友善態度好,https://www.google.com/maps/contrib/112916708869647820305/reviews?hl=zh-TW
阿發臭豆腐,林宗翰,在地嚮導 · 115 則評論 · 28 張相片,2 年前,1 顆星,"一直敢人又不是吃完死不走
盤子就還有東西就在趕
有夠難吃的臭豆腐",https://www.google.com/maps/contrib/114671407394654172389/reviews?hl=zh-TW
阿發臭豆腐,zxzx105060,在地嚮導 · 62 則評論,2 年前,5 顆星,,https://www.google.com/maps/contrib/115855468108253746883/reviews?hl=zh-TW
阿發臭豆腐,Angelina chi,13 則評論 · 15 張相片,2 年前,5 顆星,好好吃夜市臭豆腐，本來以為踩雷機率高，沒想到外酥內嫩，醬料看起來無味，吃起來鹹淡事宜，泡菜脆口酸甜剛好👍推推推👍👍老闆爸媽待客都好客氣👍👍👍大推喔！,https://www.google.com/maps/contrib/103296928593539939474/reviews?hl=zh-TW
阿發臭豆腐,Thundias Wang,"在地嚮導 · 813 則評論 · 3,727 張相片",2 年前,5 顆星,"超好吃臭豆腐
醬汁帶著檸檬酸甜清香
吃來爽口完全不膩",https://www.google.com/maps/contrib/115506644794259595758/reviews?hl=zh-TW
南京冰糖醬鴨,郭小葵,"在地嚮導 · 1,220 則評論 · 18,755 張相片",4 個月前,5 顆星,113.12.11晚上來到宜蘭清溝夜市購買1/4盒的冰糖醬鴨🦆，醬汁鹹中帶甜味，本以為鴨肉會很硬不好咬，結果一吃發現很軟耶，醬料裹的很厚，差一點連手指頭都吃下去了😆😆😆好吃又獨特的冰糖醬鴨～👍,https://www.google.com/maps/contrib/114298676749702884330/reviews?hl=zh-TW
南京冰糖醬鴨,郭小葵,"在地嚮導 · 1,220 則評論 · 18,755 張相片",4 個月前,5 顆星,113.12.11晚上來到宜蘭清溝夜市購買1/4盒的冰糖醬鴨🦆，醬汁鹹中帶甜味，本以為鴨肉會很硬不好咬，結果一吃發現很軟耶，醬料裹的很厚，差一點連手指頭都吃下去了😆😆😆好吃又獨特的冰糖醬鴨～👍,https://www.google.com/maps/contrib/114298676749702884330/reviews?hl=zh-TW
蕃薯潘地瓜球-總店,飛比,"在地嚮導 · 557 則評論 · 3,227 張相片",3 個月前,5 顆星,"👉買的是綜合版，一份$50還蠻多顆的，有原味、紫薯跟梅子的樣子，個人覺得梅子的口味有點不太能接受，還是原味最好吃

👉球裡還有一點餡，也不算完全空心的

是在高雄夢時代-夜市王決賽買來吃的

*現金支付",https://www.google.com/maps/contrib/103165184186301868638/reviews?hl=zh-TW
蕃薯潘地瓜球-總店,chung lin,在地嚮導 · 563 則評論 · 26 張相片,11 個月前,3 顆星,硬硬的 沒什麼味道,https://www.google.com/maps/contrib/107680377132728699531/reviews?hl=zh-TW
蕃薯潘地瓜球-總店,林雯,在地嚮導 · 2 則評論,1 年前,5 顆星,,https://www.google.com/maps/contrib/114385156091420651689/reviews?hl=zh-TW
蕃薯潘地瓜球-總店,JASON TSENG,在地嚮導 · 28 則評論 · 3 張相片,1 年前,5 顆星,,https://www.google.com/maps/contrib/106841450302422977668/reviews?hl=zh-TW
蕃薯潘地瓜球-總店,蕭詩諭,在地嚮導 · 647 則評論 · 27 張相片,1 年前,2 顆星,,https://www.google.com/maps/contrib/101107925487492024100/reviews?hl=zh-TW
王滷味,CYT,"在地嚮導 · 726 則評論 · 2,134 張相片",3 個月前,5 顆星,"2024.12價格
很便宜
蠻入味
要加辣
推雞腳/板條
不推豬皮",https://www.google.com/maps/contrib/113598741533458674840/reviews?hl=zh-TW
餚饌廣式腸粉,社長,在地嚮導 · 16 則評論 · 77 張相片,2 週前,5 顆星,,https://www.google.com/maps/contrib/102293118035665548325/reviews?hl=zh-TW
餚饌廣式腸粉,林小芷,在地嚮導 · 39 則評論 · 2 張相片,1 個月前,5 顆星,好吃,https://www.google.com/maps/contrib/111167761044039738451/reviews?hl=zh-TW
餚饌廣式腸粉,Louisa Lei (毛毛蟲),在地嚮導 · 67 則評論 · 32 張相片,1 個月前,4 顆星,"武聖夜市新店
腸粉很q",https://www.google.com/maps/contrib/117530601547255967300/reviews?hl=zh-TW
餚饌廣式腸粉,程于瑄,在地嚮導 · 26 則評論 · 3 張相片,1 個月前,5 顆星,台南終於有好吃的廣式腸粉了～🥹 …,https://www.google.com/maps/contrib/101394585041283769711/reviews?hl=zh-TW
餚饌廣式腸粉,羅煌翔,在地嚮導 · 9 則評論 · 6 張相片,1 個月前,5 顆星,"腸粉用料實在
口味鹹淡剛剛好",https://www.google.com/maps/contrib/110162083091300230815/reviews?hl=zh-TW
茶の魔手-台南武聖店,flix net,2 則評論,1 個月前,1 顆星,女店員態度很棒給六顆星,https://www.google.com/maps/contrib/103992860034645179924/reviews?hl=zh-TW
茶の魔手-台南武聖店,台東人,7 則評論 · 1 張相片,1 個月前,1 顆星,非常誇張 點了一杯山楂烏龍半糖去冰 一杯台灣青茶溫的無糖 結果來了一杯蜂蜜檸檬微糖去冰 一杯山楂烏龍無糖 兩杯沒有一杯是對的,https://www.google.com/maps/contrib/104795391258257608022/reviews?hl=zh-TW
茶の魔手-台南武聖店,蔡兆翔,11 則評論 · 3 張相片,2 個月前,2 顆星,點了珍珠奶烏，奶粉都沒攪開，都是奶粉味😇 …,https://www.google.com/maps/contrib/103268765761403037132/reviews?hl=zh-TW
茶の魔手-台南武聖店,獅子,在地嚮導 · 226 則評論 · 338 張相片,5 個月前,2 顆星,有載具也不主動問，人家問了又說來不及了，老闆 懂環保嗎,https://www.google.com/maps/contrib/102622224864748246949/reviews?hl=zh-TW
茶の魔手-台南武聖店,蔡雨靜,1 則評論,5 個月前,5 顆星,,https://www.google.com/maps/contrib/104624684522051060293/reviews?hl=zh-TW
茶の魔手-台南武聖店,CRK Wang,在地嚮導 · 185 則評論 · 598 張相片,6 個月前,2 顆星,每次都點青梅綠微糖，但是甜度都不一樣，一下很甜一下喝起來像無糖很澀，希望店長能夠重視,https://www.google.com/maps/contrib/111328529278803407759/reviews?hl=zh-TW
茶の魔手-台南武聖店,Sukie R,在地嚮導 · 10 則評論 · 6 張相片,8 個月前,1 顆星,"在點餐人不多時，還能搞不清顧客的訂單，出單時詢問品項還說不是我的，整杯飲料被晚來的人拿走，害我浪費時間在那邊等！
到底為什麼先收錢不會認客人還不給號碼單之類的
天氣很熱，火氣都上來",https://www.google.com/maps/contrib/109244184292962945909/reviews?hl=zh-TW
茶の魔手-台南武聖店,jojonicole Kao,在地嚮導 · 8 則評論 · 1 張相片,8 個月前,4 顆星,,https://www.google.com/maps/contrib/118172486605516395367/reviews?hl=zh-TW
茶の魔手-台南武聖店,weison,12 則評論 · 1 張相片,10 個月前,2 顆星,早班戴眼鏡的小帥哥， 工作若要板著臉，一臉厭煩，這麼心不甘情不願的態度，真的很糟糕,https://www.google.com/maps/contrib/109266034595388678396/reviews?hl=zh-TW
茶の魔手-台南武聖店,顗鉉賴,在地嚮導 · 208 則評論 · 33 張相片,10 個月前,5 顆星,最好喝的奶香瀟洱,https://www.google.com/maps/contrib/101989932772880317701/reviews?hl=zh-TW
茶の魔手-台南武聖店,小芭,"在地嚮導 · 467 則評論 · 5,566 張相片",1 年前,4 顆星,店員看起來很想下班，方便臨停，他們這家的蜂蜜就算微蜜也跟全蜜一樣，只能台灣pay跟現金。,https://www.google.com/maps/contrib/109283385518762686907/reviews?hl=zh-TW
茶の魔手-台南武聖店,蕭明筠,3 則評論 · 1 張相片,1 年前,3 顆星,,https://www.google.com/maps/contrib/108581863985987449681/reviews?hl=zh-TW
茶の魔手-台南武聖店,八嘎,7 則評論,1 年前,5 顆星,,https://www.google.com/maps/contrib/112298881856251112149/reviews?hl=zh-TW
茶の魔手-台南武聖店,留言機器人,2 則評論,1 年前,1 顆星,我只能說我買的這邊他們推薦的梅子綠茶除了能拿來冰敷我的智齒其他優點都沒有 再來店員態度超差講話直接在超級裡面邊 做自己的事邊講 啊明明就有兩個店員為什麼不一個做事一個幫忙結帳 另一個就在那邊看戲當啞巴 我只能說這間店能活著全靠武聖夜市的人流在撐 因為上述原因我覺得送他們六顆星完全沒問題（多一顆星就是變這樣😀,https://www.google.com/maps/contrib/102013350485598217968/reviews?hl=zh-TW
茶の魔手-台南武聖店,Cheng Kang,在地嚮導 · 92 則評論 · 642 張相片,1 年前,5 顆星,,https://www.google.com/maps/contrib/117461686743838042859/reviews?hl=zh-TW
茶の魔手-台南武聖店,包龍星,8 則評論 · 2 張相片,1 年前,5 顆星,店員有夠ㄅ棒,https://www.google.com/maps/contrib/115043308093650203139/reviews?hl=zh-TW
茶の魔手-台南武聖店,夜阁主•憍,在地嚮導 · 42 則評論 · 14 張相片,1 年前,5 顆星,"4/29 晚上9：30左右,上班的姐姐辛苦了！！
態度真的很好,她哪怕很忙還是會用溫暖的微笑面對每一個客人😃 …",https://www.google.com/maps/contrib/108958106092817273161/reviews?hl=zh-TW
茶の魔手-台南武聖店,845098王緯翔,2 則評論 · 2 張相片,2 年前,5 顆星,"上班路上都會經過,去買的時候發現意外的好喝,大推！",https://www.google.com/maps/contrib/116595572849952415474/reviews?hl=zh-TW
茶の魔手-台南武聖店,王緯翔,1 則評論,2 年前,5 顆星,"去逛夜市必買,態度好！",https://www.google.com/maps/contrib/113945663276047022953/reviews?hl=zh-TW
茶の魔手-台南武聖店,Missy,2 則評論,2 年前,5 顆星,"長髮女店員態度很好
很會講話",https://www.google.com/maps/contrib/115939853345172181311/reviews?hl=zh-TW
茶の魔手-台南武聖店,胡得,12 則評論 · 4 張相片,2 年前,5 顆星,店員親切會跟客人聊天，飲料好喝,https://www.google.com/maps/contrib/104364288552277550253/reviews?hl=zh-TW
茶の魔手-台南武聖店,Danny,在地嚮導 · 70 則評論 · 12 張相片,2 年前,1 顆星,超級誇張點微微，喝完還有半杯的冰，可以再誇張一點，漲價也漲了，茶魔都沒有在控制分店的品質嗎，已經好幾次遇到冰都沒有微微，這樣詐欺看你們能開多久，以後都不喝茶魔了。,https://www.google.com/maps/contrib/106070128994821315401/reviews?hl=zh-TW
茶の魔手-台南武聖店,陳華中,7 則評論,2 年前,1 顆星,以前純茶類味道都蠻正常的，最近這兩個月買，常常買到喝起來完全沒味道，跟喝水一樣，品質控管非常糟糕，跟武聖二店那間一樣（全家對面），不知道是不是同一個老闆,https://www.google.com/maps/contrib/118056428019188368519/reviews?hl=zh-TW
茶の魔手-台南武聖店,丸子,在地嚮導 · 18 則評論 · 29 張相片,2 年前,5 顆星,,https://www.google.com/maps/contrib/100079079514360714020/reviews?hl=zh-TW
茶の魔手-台南武聖店,Jason,在地嚮導 · 14 則評論 · 7 張相片,2 年前,1 顆星,店員小姐態度極差，不開心可以離職不要口氣差臉又那麼臭，來買飲料不是來受氣的💁🏾‍♂️,https://www.google.com/maps/contrib/101115209670610612745/reviews?hl=zh-TW
茶の魔手-台南武聖店,荒唐事不休,2 則評論,2 年前,1 顆星,"2022/09/04 下午快四點，第一次點珍珠烏龍奶茶，不知是被男店員還是店長用""命令後輩語氣態度""告知此店不賣珍珠只賣波霸，要珍珠去另一間買。我就差沒當奧客當面嗆請問沒賣珍珠怎不修改menu把珍珠相關飲品刪除?? 客人應該被你教育教訓?",https://www.google.com/maps/contrib/109205874896293148654/reviews?hl=zh-TW
茶の魔手-台南武聖店,弱勢兒童強勢出擊,"在地嚮導 · 379 則評論 · 2,426 張相片",2 年前,5 顆星,喝飲料，專業迅速。,https://www.google.com/maps/contrib/104659563720968902456/reviews?hl=zh-TW
茶の魔手-台南武聖店,王培潔,在地嚮導 · 47 則評論 · 54 張相片,2 年前,1 顆星,買了普洱茶喝起來像喝冰水，還有一個長髮女生臉很臭,https://www.google.com/maps/contrib/111828156267754481657/reviews?hl=zh-TW
茶の魔手-台南武聖店,Wen Shih,在地嚮導 · 41 則評論 · 5 張相片,2 年前,1 顆星,"今天去買飲料
是紅髮男生幫我結帳的
沒說謝謝沒關係
但錢找錯好歹說聲不好意思吧
連問話回答的也不是他
後來飲料好了
有買袋子也沒給
現場沒有很忙 加我才兩位
看他態度那麼差我也不想跟他要了==",https://www.google.com/maps/contrib/103593673094581377747/reviews?hl=zh-TW
茶の魔手-台南武聖店,Rui,10 則評論 · 3 張相片,2 年前,5 顆星,店員親切，熱心給予幫助，祝生意興隆！,https://www.google.com/maps/contrib/100436848193131405389/reviews?hl=zh-TW
茶の魔手-台南武聖店,kevin_GoogleAccount,"在地嚮導 · 1,094 則評論 · 8,071 張相片",3 年前,5 顆星,店員主動不加價升級特大杯，真的很好喝,https://www.google.com/maps/contrib/102921777798527922003/reviews?hl=zh-TW
茶の魔手-台南武聖店,鄭運珈,17 則評論 · 3 張相片,3 年前,3 顆星,,https://www.google.com/maps/contrib/117674093024038009635/reviews?hl=zh-TW
茶の魔手-台南武聖店,林蘋蘋,1 則評論,3 年前,5 顆星,,https://www.google.com/maps/contrib/117322326780741194276/reviews?hl=zh-TW
茶の魔手-台南武聖店,陳致穎,,3 年前,5 顆星,,https://www.google.com/maps/contrib/115772466327658934449/reviews?hl=zh-TW
茶の魔手-台南武聖店,柏愷（愷哥）,在地嚮導 · 27 則評論 · 47 張相片,4 年前,4 顆星,,https://www.google.com/maps/contrib/104765760216675983385/reviews?hl=zh-TW
茶の魔手-台南武聖店,Yolanda,在地嚮導 · 88 則評論 · 1 張相片,5 年前,4 顆星,,https://www.google.com/maps/contrib/103576327194142498125/reviews?hl=zh-TW
茶の魔手-台南武聖店,李小孟,在地嚮導 · 91 則評論 · 335 張相片,5 年前,3 顆星,,https://www.google.com/maps/contrib/109541832767113187360/reviews?hl=zh-TW
茶の魔手-台南武聖店,夏語沁,在地嚮導 · 68 則評論 · 17 張相片,5 年前,1 顆星,超難吃的波霸奶茶喝一口就不行了 珍珠超級爛 超級黏 一整坨 很難吃 最難吃的茶魔...............倒掉再聯絡,https://www.google.com/maps/contrib/115520094353406606435/reviews?hl=zh-TW
茶の魔手-台南武聖店,晨曦,在地嚮導 · 173 則評論 · 553 張相片,5 年前,3 顆星,,https://www.google.com/maps/contrib/102980416033526969371/reviews?hl=zh-TW
茶の魔手-台南武聖店,陳世侃,在地嚮導 · 45 則評論 · 3 張相片,5 年前,3 顆星,,https://www.google.com/maps/contrib/101024107912989830888/reviews?hl=zh-TW
茶の魔手-台南武聖店,陳律維,10 則評論 · 1 張相片,5 年前,5 顆星,服務優質,https://www.google.com/maps/contrib/100221144880953430242/reviews?hl=zh-TW
茶の魔手-台南武聖店,劉志民（豆）,"在地嚮導 · 9 則評論 · 2,201 張相片",5 年前,5 顆星,,https://www.google.com/maps/contrib/109987000812017821890/reviews?hl=zh-TW
茶の魔手-台南武聖店,李銘駿,7 則評論 · 6 張相片,5 年前,5 顆星,,https://www.google.com/maps/contrib/105026599633677714028/reviews?hl=zh-TW
茶の魔手-台南武聖店,紹平楊,8 則評論 · 1 張相片,5 年前,5 顆星,,https://www.google.com/maps/contrib/118136914291839504155/reviews?hl=zh-TW
茶の魔手-台南武聖店,陳冠宇,,5 年前,1 顆星,,https://www.google.com/maps/contrib/102119851351319368954/reviews?hl=zh-TW
茶の魔手-台南武聖店,Mega Chen,在地嚮導 · 450 則評論 · 523 張相片,5 年前,4 顆星,,https://www.google.com/maps/contrib/111484051722799565987/reviews?hl=zh-TW
茶の魔手-台南武聖店,徐國棟,在地嚮導 · 3 則評論 · 3 張相片,5 年前,3 顆星,,https://www.google.com/maps/contrib/115435304988657898849/reviews?hl=zh-TW
茶の魔手-台南武聖店,王建凱,在地嚮導 · 8 則評論,5 年前,5 顆星,,https://www.google.com/maps/contrib/105595209335852404468/reviews?hl=zh-TW
茶の魔手-台南武聖店,賴姵伶,在地嚮導 · 66 則評論 · 29 張相片,6 年前,4 顆星,品質維持不錯,https://www.google.com/maps/contrib/117448674850375623169/reviews?hl=zh-TW
茶の魔手-台南武聖店,Ray Chen,"在地嚮導 · 1,327 則評論 · 16,388 張相片",6 年前,4 顆星,梅子綠茶好喝👍 …,https://www.google.com/maps/contrib/108274943116093821002/reviews?hl=zh-TW
茶の魔手-台南武聖店,鍾年祐,"在地嚮導 · 315 則評論 · 1,128 張相片",6 年前,5 顆星,,https://www.google.com/maps/contrib/104547567781314981154/reviews?hl=zh-TW
茶の魔手-台南武聖店,盧冠霖,在地嚮導 · 21 則評論 · 19 張相片,6 年前,4 顆星,,https://www.google.com/maps/contrib/112425551244727182874/reviews?hl=zh-TW
茶の魔手-台南武聖店,nrtceh chen,"在地嚮導 · 2,730 則評論 · 50,363 張相片",7 年前,5 顆星,"今日前去，有2男1女。
飲料好喝，服務一流",https://www.google.com/maps/contrib/108204392506728072400/reviews?hl=zh-TW
茶の魔手-台南武聖店,Hante,在地嚮導 · 16 則評論 · 13 張相片,8 年前,5 顆星,服務超好的，飲料更好喝,https://www.google.com/maps/contrib/101383667287320979019/reviews?hl=zh-TW
茶之魔手 - 武聖二店,蕭苡岑,,4 週前,5 顆星,,https://www.google.com/maps/contrib/102613557148226822247/reviews?hl=zh-TW
茶之魔手 - 武聖二店,Yuchi Huang,在地嚮導 · 23 則評論 · 13 張相片,1 個月前,5 顆星,3/28晚上8:00的妹仔超親切！服務超級好～怕我們不習慣，還讓我們試喝確認味道～超級大感謝！,https://www.google.com/maps/contrib/117388769013702371198/reviews?hl=zh-TW
茶之魔手 - 武聖二店,90%off,在地嚮導 · 656 則評論 · 466 張相片,1 個月前,5 顆星,"茶魔是一個開箱好壞店員的地方
但在這家早晚兩次來
都遇到態度好的店員
喜歡",https://www.google.com/maps/contrib/114262634613780795294/reviews?hl=zh-TW
茶之魔手 - 武聖二店,蕭美櫻,"在地嚮導 · 91 則評論 · 3,181 張相片",5 個月前,4 顆星,,https://www.google.com/maps/contrib/102884559237730366743/reviews?hl=zh-TW
茶之魔手 - 武聖二店,Am Holl,6 則評論 · 12 張相片,8 個月前,1 顆星,,https://www.google.com/maps/contrib/112149863783395952358/reviews?hl=zh-TW
茶之魔手 - 武聖二店,十三,4 則評論 · 2 張相片,10 個月前,5 顆星,"沒注意看電燈已經關了
還下車點餐
謝謝6/28晚上9:21還特別通融讓我點餐的男生店員🙏",https://www.google.com/maps/contrib/113167328128001736057/reviews?hl=zh-TW
茶之魔手 - 武聖二店,林,在地嚮導 · 101 則評論 · 4 張相片,10 個月前,1 顆星,"06/28 11:00至店買飲料
一顆星都不想給 ，我只有百鈔
你們店家也不能刷卡和行動支付
店員還指責罵我為什麼不換錢？
請問這是店家該有的水準嗎？？？
還頭一次遇到這樣 ，刷新我三觀！",https://www.google.com/maps/contrib/114647015131680940752/reviews?hl=zh-TW
茶之魔手 - 武聖二店,Ning,在地嚮導 · 1 則評論 · 6 張相片,11 個月前,5 顆星,,https://www.google.com/maps/contrib/111036757300951383846/reviews?hl=zh-TW
茶之魔手 - 武聖二店,清展王,在地嚮導 · 2 則評論,1 年前,4 顆星,,https://www.google.com/maps/contrib/102683940699589487863/reviews?hl=zh-TW
茶之魔手 - 武聖二店,Teemo,17 則評論 · 2 張相片,1 年前,1 顆星,"3/23晚上八點半左右去買飲料
員工還在戴耳機邊講電話 有客人還在講
點完餐還在跟電話中的人聊天說還有什麼茶之類的 可以尊重一下客人嗎？也只有我一個人點飲料而已 兩杯飲料等了5-10分鐘就算了還給錯吸管 點了鮮奶茶喝起來卻有青茶的味道
這感覺真的很差 不會再來第二次了",https://www.google.com/maps/contrib/104954108932124180932/reviews?hl=zh-TW
茶之魔手 - 武聖二店,劉寶民,1 則評論,1 年前,4 顆星,請老闆或店長向總公司反應一下～我常買你們家的茶。最近幾次發現冰箱有茶流一地，檢查杯子封口沒破，卻有一兩杯茶容量剩一半，最後發現杯體ㄌㄡˇ空字體處會有茶漏出！！已經好幾次了，請反應給公司改善杯體設計好嗎？,https://www.google.com/maps/contrib/110637065718706674794/reviews?hl=zh-TW
茶之魔手 - 武聖二店,Candy Momo,在地嚮導 · 29 則評論,1 年前,2 顆星,"點青茶，一杯30元，好像在喝家裡的白開水。
珍珠烏龍，一杯35，珍珠過軟，烏龍茶一樣跟水一樣。（本來想說為何小孩不太喝，他們最愛喝這類飲品，自己喝就找到原因）",https://www.google.com/maps/contrib/118375068525958692436/reviews?hl=zh-TW
茶之魔手 - 武聖二店,蔡承恩,在地嚮導 · 21 則評論 · 19 張相片,1 年前,1 顆星,打電話叫外送，連點都還沒點就說要一個小時，可能店裡沒人我能接受，但一聽到我能接受，又立馬改口要一個多小時==不想送直接說沒有外送就好，真的不能接受這樣瞎掰欸。,https://www.google.com/maps/contrib/103321028152988369879/reviews?hl=zh-TW
茶之魔手 - 武聖二店,八嘎,7 則評論,1 年前,5 顆星,,https://www.google.com/maps/contrib/112298881856251112149/reviews?hl=zh-TW
茶之魔手 - 武聖二店,侯君達,2 則評論,1 年前,1 顆星,先來的不先泡先泡別人的,https://www.google.com/maps/contrib/107238042273672758721/reviews?hl=zh-TW
茶之魔手 - 武聖二店,呂細鳳,在地嚮導 · 17 則評論 · 2 張相片,1 年前,4 顆星,好喝,https://www.google.com/maps/contrib/114457456421265572095/reviews?hl=zh-TW
茶之魔手 - 武聖二店,維哲林,6 則評論,1 年前,1 顆星,阿到底去9點還是10點休息,https://www.google.com/maps/contrib/103310545364585704767/reviews?hl=zh-TW
茶之魔手 - 武聖二店,林學彥,8 則評論 · 3 張相片,2 年前,5 顆星,剛剛去問了店員小姐有沒有廢棄的紙箱，小姐的態度超親切，原本打算要回去買飲料謝謝店員，結果已經打烊了，下次來台南一定光顧！謝謝那位店員的幫助👍 …,https://www.google.com/maps/contrib/100002211479748910115/reviews?hl=zh-TW
茶之魔手 - 武聖二店,ふゆね,在地嚮導 · 7 則評論 · 11 張相片,2 年前,5 顆星,,https://www.google.com/maps/contrib/110311307494446470644/reviews?hl=zh-TW
茶之魔手 - 武聖二店,Vans 9418,11 則評論,2 年前,1 顆星,"這家真的不好,每次要甚麼沒甚麼,飲料糖度冰塊都亂做,服務態度又爛",https://www.google.com/maps/contrib/103876750763640332772/reviews?hl=zh-TW
茶之魔手 - 武聖二店,HLhorn,3 則評論,2 年前,1 顆星,晚班一位身高很不一般的男店員，收錢找錢後不給發票，開口詢問沒給發票，只回答後面有其他人要點餐，要求離開櫃檯，再次要求給發票，結果回應發票還在跑，拒絕立刻給。後來店員堅持要現場所有客人都點完，再把全部發票放櫃臺讓大家找自己的拿取，不知道茶的魔手為什麼會用這種造成顧客困擾的點餐方式？,https://www.google.com/maps/contrib/115865949201093222886/reviews?hl=zh-TW
茶之魔手 - 武聖二店,胖達爸爸,14 則評論 · 3 張相片,2 年前,1 顆星,服務態度爛到爆，我明明買五杯卻沒有買五送一，理由是一開始沒有說，時間誤差沒有超過15秒！！！我聽你說謊！,https://www.google.com/maps/contrib/113899307956299727838/reviews?hl=zh-TW
茶之魔手 - 武聖二店,陳華中,7 則評論,2 年前,1 顆星,"早班店員態度非常不好。
店員戴耳機又帶口罩講話很小聲，在確認我點的茶飲是什麼，問了我兩次我都聽不懂再問什麼，我第三次詢問他說什麼，直接臉超臭很兇的吼我，我耐心好聲好氣的不跟你計較你帶耳機講話又小聲，倒是先對我發脾氣。
飲料拿回家後發現我叫的微冰居然整杯都是冰！其中點的青茶全都是水味。

貴店員工教育做的真好，臉臭、講話又衝、態度很跩，飲料還泡的亂七八糟",https://www.google.com/maps/contrib/118056428019188368519/reviews?hl=zh-TW
茶之魔手 - 武聖二店,皮皮,2 則評論,2 年前,1 顆星,明明買純茶類 卻用750的杯子？？,https://www.google.com/maps/contrib/115397559125750077775/reviews?hl=zh-TW
茶之魔手 - 武聖二店,蘇文弘,1 則評論,2 年前,1 顆星,說了正常甜 給我無糖,https://www.google.com/maps/contrib/108545311889835664667/reviews?hl=zh-TW
茶之魔手 - 武聖二店,慈慈,7 則評論 · 6 張相片,3 年前,5 顆星,,https://www.google.com/maps/contrib/115723948089319214585/reviews?hl=zh-TW
茶之魔手 - 武聖二店,顏偉傑,4 則評論 · 1 張相片,3 年前,1 顆星,"我有購買一杯飲品 要加料 當下沒有要飲用
要求店家分開裝 也表示承擔塑膠杯的費用
可是店家卻不同意 服務態度有待改善",https://www.google.com/maps/contrib/114251144029880590661/reviews?hl=zh-TW
茶之魔手 - 武聖二店,陳致穎,在地嚮導 · 38 則評論 · 3 張相片,3 年前,5 顆星,"看到某樓的說冰太多
感覺好像不常喝飲料內
少冰是八分冰
如果不能喝太多冰要叫微冰或是小碎冰

飲料煮的很有味道哦～",https://www.google.com/maps/contrib/101559922519830051760/reviews?hl=zh-TW
茶之魔手 - 武聖二店,Dylan Chen,"在地嚮導 · 311 則評論 · 1,313 張相片",3 年前,4 顆星,,https://www.google.com/maps/contrib/105855804346229145272/reviews?hl=zh-TW
茶之魔手 - 武聖二店,sam_寶哥 shih,在地嚮導 · 63 則評論 · 232 張相片,3 年前,1 顆星,要少冰，都說不能吃冰，還是半杯冰。,https://www.google.com/maps/contrib/109449453638172595165/reviews?hl=zh-TW
茶之魔手 - 武聖二店,賴漢禹,"在地嚮導 · 446 則評論 · 7,309 張相片",3 年前,3 顆星,夏天天氣炎熱，買杯冷飲降降火氣。,https://www.google.com/maps/contrib/106624714353466111730/reviews?hl=zh-TW
茶之魔手 - 武聖二店,蔡鎮鴻,在地嚮導 · 22 則評論 · 2 張相片,3 年前,5 顆星,,https://www.google.com/maps/contrib/117583277850781800164/reviews?hl=zh-TW
茶之魔手 - 武聖二店,尚源企業社,在地嚮導 · 201 則評論 · 166 張相片,4 年前,4 顆星,,https://www.google.com/maps/contrib/109531173051948113469/reviews?hl=zh-TW
茶之魔手 - 武聖二店,柏縉陳,在地嚮導 · 4 則評論,4 年前,5 顆星,店員小姐真美麗,https://www.google.com/maps/contrib/116944113545563151496/reviews?hl=zh-TW
茶之魔手 - 武聖二店,生活意義,10 則評論,4 年前,1 顆星,以前服務生態度還好，現在白天班這個，像欠他會錢似的，爛的要命,https://www.google.com/maps/contrib/113153799614735536567/reviews?hl=zh-TW
茶之魔手 - 武聖二店,陳昱齊,5 則評論 · 2 張相片,5 年前,1 顆星,,https://www.google.com/maps/contrib/103958167152416294484/reviews?hl=zh-TW
茶之魔手 - 武聖二店,Karim Djaoui,在地嚮導 · 177 則評論 · 161 張相片,5 年前,4 顆星,夜市是嘗試當地美食如燒烤火鍋的好地方...,https://www.google.com/maps/contrib/106858313326088885871/reviews?hl=zh-TW
茶之魔手 - 武聖二店,tasy weast,在地嚮導 · 356 則評論 · 388 張相片,6 年前,5 顆星,,https://www.google.com/maps/contrib/105049649551480141175/reviews?hl=zh-TW
茶之魔手 - 武聖二店,許小慶,在地嚮導 · 38 則評論 · 33 張相片,6 年前,4 顆星,,https://www.google.com/maps/contrib/109278841866361028384/reviews?hl=zh-TW
茶之魔手 - 武聖二店,楊忠憲,在地嚮導 · 47 則評論 · 37 張相片,6 年前,5 顆星,很棒,https://www.google.com/maps/contrib/106782687902245376792/reviews?hl=zh-TW
茶之魔手 - 武聖二店,莊芷涵,在地嚮導 · 15 則評論 · 3 張相片,6 年前,5 顆星,,https://www.google.com/maps/contrib/113217185092418126315/reviews?hl=zh-TW
茶之魔手 - 武聖二店,穎川雪,在地嚮導 · 10 則評論 · 38 張相片,6 年前,5 顆星,,https://www.google.com/maps/contrib/104365549853700082831/reviews?hl=zh-TW
茶之魔手 - 武聖二店,Hensan Chen,"在地嚮導 · 279 則評論 · 5,673 張相片",6 年前,5 顆星,,https://www.google.com/maps/contrib/105729293910229774074/reviews?hl=zh-TW
茶之魔手 - 武聖二店,Hank Lai,在地嚮導 · 19 則評論 · 1 張相片,7 年前,5 顆星,,https://www.google.com/maps/contrib/111930648893151736350/reviews?hl=zh-TW
金村 香噴三角骨 爆炸大魷魚 武聖店,Q,"在地嚮導 · 2,069 則評論 · 3,890 張相片",2 週前,4 顆星,不錯,https://www.google.com/maps/contrib/104743521368358306807/reviews?hl=zh-TW
金村 香噴三角骨 爆炸大魷魚 武聖店,靖慈,在地嚮導 · 16 則評論 · 7 張相片,2 個月前,2 顆星,"120魷魚吃兩口 覺得不新鮮
個人口味",https://www.google.com/maps/contrib/113467955521952827963/reviews?hl=zh-TW
金村 香噴三角骨 爆炸大魷魚 武聖店,Elma,在地嚮導 · 286 則評論 · 507 張相片,3 個月前,3 顆星,鹽行夜市的三角骨沒有以前好吃變很油，不會再回購了！而且份量變少，以前大份100元是兩包，現在買一百大概只有80元的份量。,https://www.google.com/maps/contrib/104578330792859495680/reviews?hl=zh-TW
金村 香噴三角骨 爆炸大魷魚 武聖店,詹佩臻,5 則評論 · 5 張相片,4 個月前,5 顆星,,https://www.google.com/maps/contrib/117603363802261331333/reviews?hl=zh-TW
金村 香噴三角骨 爆炸大魷魚 武聖店,蔡1一淮庭,2 則評論,4 個月前,5 顆星,服務態度超好,https://www.google.com/maps/contrib/103117135939926209984/reviews?hl=zh-TW
金村 香噴三角骨 爆炸大魷魚 武聖店,小手收,在地嚮導 · 90 則評論 · 4 張相片,10 個月前,5 顆星,超神三角骨 賊香,https://www.google.com/maps/contrib/111294727967302126431/reviews?hl=zh-TW
金村 香噴三角骨 爆炸大魷魚 武聖店,S.C,在地嚮導 · 9 則評論 · 7 張相片,11 個月前,5 顆星,好吃,https://www.google.com/maps/contrib/102438896121300290981/reviews?hl=zh-TW
金村 香噴三角骨 爆炸大魷魚 武聖店,黃詩涵,在地嚮導 · 78 則評論 · 44 張相片,1 年前,5 顆星,爆炸好吃的三角骨，老公買過一次吃了驚為天人！第一次吃到這麼多肉的三角骨，重點是還不油超推，還沒吃過的一定要嚐嚐看,https://www.google.com/maps/contrib/113752304698269237333/reviews?hl=zh-TW
金村 香噴三角骨 爆炸大魷魚 武聖店,朱映融,251 則評論,1 年前,5 顆星,份量挺大的，價錢也算合理，重點是東西好吃，不知不覺就把三角骨嗑完了，魷魚加一點辣，還有蒜頭、洋蔥，幾者比例調配起來剛剛好，吃起來不會很膩。,https://www.google.com/maps/contrib/110728783718061611061/reviews?hl=zh-TW
金村 香噴三角骨 爆炸大魷魚 武聖店,蘇靜雯,在地嚮導 · 27 則評論 · 1 張相片,1 年前,5 顆星,好吃,https://www.google.com/maps/contrib/112986435626958684789/reviews?hl=zh-TW
金村 香噴三角骨 爆炸大魷魚 武聖店,金玉の旅遊部落格,"在地嚮導 · 266 則評論 · 1,696 張相片",1 年前,5 顆星,"從國中就很愛吃學校附近的三角骨 大學來到台南後看到三角骨幾乎都會吸引我去買來吃！
吃過了好幾間後 完全找不到 當初的滋味 不是炸過頭就是太乾 胡椒粉不香⋯ 真的想放棄尋找記憶中的那個味道了⋯⋯
同事突然提到 金村三角骨後 完全讓我起了興趣！！ ！
距離我目前住的地方還蠻遠的 想說跟金村沒緣份了 ⋯⋯
竟然又有另外一個同事跟我提到！？ 這下真的不得不嚐鮮一下了啦！！
-
因為沒有佳里安西夜市的 所以跑來這裡留評論～～ 不管是鹽行夜市還是安西夜市都是必備排隊才買得到🥺⋯
早點到也是得排隊 只是不會等很久！
排隊不會太久 一鍋一鍋現炸 很快～
這次也有漲價 最低要$60元一份 認真說$60元一份 份量算蠻多的 加上不太喜歡吃炸物的男友竟然也跟我說很好吃！三角骨有醃過很香！加上獨門胡椒粉更香！
而且每次買都是現炸 熱熱的吃 炸的剛剛好的三角骨 真的是我的一大享受欸 尤其是吃到記憶之的三角骨～～
第一次買直接200元 發現回家根本沒人吃 最後都很收斂買個一份或者100元 自己可以吃的完的量就好🤣
真的真的很怕買不夠自己吃不夠！ 還是不要過多的好 有一次買太多很膩哈哈哈哈哈！
魷魚也很推！ 配料給的超級滿！魷魚也很新鮮下去炸～～ 魷魚店員都會排隊的時候詢問有沒有人要買 會一起下去炸～ 這樣輪到自己的時候就不用等 可以現拿🤩
-
竹籤要自己拿的樣子 買完後發現沒有竹籤又回去拿了😂
總而言之真的超級推的啦！
不枉費排隊買 想要屑屑可以告知就會給囉～ 只是放到隔夜太油了 最後也不會要了😂",https://www.google.com/maps/contrib/112164141518939164359/reviews?hl=zh-TW
金村 香噴三角骨 爆炸大魷魚 武聖店,艾橙,"在地嚮導 · 585 則評論 · 8,866 張相片",1 年前,3 顆星,武聖夜市；明明現點，但是拿的是放在旁邊已經冷掉的給客人，吃2塊就覺得膩了，優點是份量還算大,https://www.google.com/maps/contrib/106859156379666029033/reviews?hl=zh-TW
金村 香噴三角骨 爆炸大魷魚 武聖店,X DE,5 則評論,1 年前,5 顆星,很好吃，我媽媽很喜歡，說不會油，今天會在那裡擺攤？我們都是在復華夜市買的,https://www.google.com/maps/contrib/112813919425110234707/reviews?hl=zh-TW
金村 香噴三角骨 爆炸大魷魚 武聖店,Elaine Chen,15 則評論 · 7 張相片,1 年前,3 顆星,有人發現嗎？上週五去復華夜市買，覺得變不好吃,https://www.google.com/maps/contrib/109397065125671118611/reviews?hl=zh-TW
味珍白糖粿武聖夜市分店,熊貓大師,在地嚮導 · 27 則評論 · 36 張相片,3 個月前,1 顆星,不給兌換就別害人白跑一趟，去了找一圈都沒看到有開的實在是無言......,https://www.google.com/maps/contrib/104654856715169938872/reviews?hl=zh-TW
味珍白糖粿武聖夜市分店,C.C.L,在地嚮導 · 43 則評論 · 1 張相片,5 個月前,5 顆星,第一次買白糖粿，選了抹茶和梅子口味，咬下去外酥內Q，熱熱吃真的好吃😋，外面粉也增添了風味，會讓我ㄧ直回想的好滋味,https://www.google.com/maps/contrib/112412809561135469575/reviews?hl=zh-TW
味珍白糖粿武聖夜市分店,• impenny,"在地嚮導 · 1,164 則評論 · 4,983 張相片",10 個月前,5 顆星,"白糖粿有很多口味粉可以加
年糕也滿好吃的 要是有紅豆口味更棒",https://www.google.com/maps/contrib/105037170363287586432/reviews?hl=zh-TW
味珍白糖粿武聖夜市分店,Karis Cheng,在地嚮導 · 17 則評論 · 3 張相片,10 個月前,5 顆星,,https://www.google.com/maps/contrib/111442081086990099617/reviews?hl=zh-TW
阿美嬤紅茶奶-武聖店,林怡岑,在地嚮導 · 15 則評論 · 25 張相片,1 個月前,5 顆星,服務人員親切，飯糰好吃😋,https://www.google.com/maps/contrib/117587042155918829539/reviews?hl=zh-TW
阿美嬤紅茶奶-武聖店,Camilla,在地嚮導 · 494 則評論 · 14 張相片,1 個月前,5 顆星,紅茶牛奶好喝，不會很甜。,https://www.google.com/maps/contrib/117541950460777502773/reviews?hl=zh-TW
阿美嬤紅茶奶-武聖店,金城武,"在地嚮導 · 561 則評論 · 4,534 張相片",2 個月前,1 顆星,單喝紅茶又苦又澀，隨便一家連鎖的紅茶都不會長這個樣子,https://www.google.com/maps/contrib/116981309550055887652/reviews?hl=zh-TW
阿美嬤紅茶奶-武聖店,Winnie,在地嚮導 · 74 則評論 · 139 張相片,2 個月前,5 顆星,"只要去夜市就一定會買的手搖飲料
👍🏻",https://www.google.com/maps/contrib/116330925453454754926/reviews?hl=zh-TW
阿美嬤紅茶奶-武聖店,貓貓,"在地嚮導 · 871 則評論 · 2,114 張相片",4 個月前,3 顆星,奶茶有點太甜 喝到最後很口渴,https://www.google.com/maps/contrib/110804290687391318525/reviews?hl=zh-TW
阿美嬤紅茶奶-武聖店,yeah7623,19 則評論 · 3 張相片,6 個月前,5 顆星,來台南這幾天喝到最好喝的飲料,https://www.google.com/maps/contrib/106172137139509975021/reviews?hl=zh-TW
阿美嬤紅茶奶-武聖店,ki aissy,在地嚮導 · 485 則評論 · 624 張相片,7 個月前,3 顆星,紅茶牛奶，茶味苦苦的,https://www.google.com/maps/contrib/116375189420993357352/reviews?hl=zh-TW
阿美嬤紅茶奶-武聖店,高速婆婆,在地嚮導 · 106 則評論 · 3 張相片,7 個月前,5 顆星,好想再喝一次 好喝！,https://www.google.com/maps/contrib/114542518065921135555/reviews?hl=zh-TW
阿美嬤紅茶奶-武聖店,Bobo Co,在地嚮導 · 498 則評論 · 462 張相片,8 個月前,5 顆星,"來這邊喝一個可愛 踩點的概念
店家非常親切
感覺不錯👍 …",https://www.google.com/maps/contrib/118414158070069630146/reviews?hl=zh-TW
阿美嬤紅茶奶-武聖店,想瘦的女孩,在地嚮導 · 21 則評論 · 1 張相片,8 個月前,3 顆星,紅茶牛奶偏普通試過一次就好,https://www.google.com/maps/contrib/109280862170177399817/reviews?hl=zh-TW
阿美嬤紅茶奶-武聖店,Cy,10 則評論,8 個月前,5 顆星,,https://www.google.com/maps/contrib/100636179178144844893/reviews?hl=zh-TW
阿美嬤紅茶奶-武聖店,YING,在地嚮導 · 72 則評論 · 31 張相片,9 個月前,2 顆星,在新竹巨城快閃店買了70元雷夢紅茶，小孩說味道很奇怪，我和先生各喝了一口也是一種說不上來的味道，有點類似清潔劑？後來整杯倒掉了。另外有購買罐裝冷泡茶味道是ok的。,https://www.google.com/maps/contrib/113036351787500492527/reviews?hl=zh-TW
阿美嬤紅茶奶-武聖店,吳莉穎（Phoebe）,4 則評論 · 4 張相片,1 年前,5 顆星,,https://www.google.com/maps/contrib/116693957244816564118/reviews?hl=zh-TW
阿美嬤紅茶奶-武聖店,溫蒂,8 則評論 · 4 張相片,1 年前,1 顆星,"在武聖夜市。 買 紅茶去冰   只有八分滿
這真的很不行。終於知道
為什麼別間生意好
這間生意差",https://www.google.com/maps/contrib/116615932790131618504/reviews?hl=zh-TW
阿美嬤紅茶奶-武聖店,小毓,在地嚮導 · 29 則評論 · 6 張相片,1 年前,1 顆星,在武聖夜市擺攤的店員口氣很差,https://www.google.com/maps/contrib/116729348039167333083/reviews?hl=zh-TW
阿美嬤紅茶奶-武聖店,阿星阿星,在地嚮導 · 18 則評論,1 年前,5 顆星,,https://www.google.com/maps/contrib/110872909236516260458/reviews?hl=zh-TW
阿美嬤紅茶奶-武聖店,王瑜,在地嚮導 · 20 則評論 · 7 張相片,1 年前,5 顆星,,https://www.google.com/maps/contrib/100091115417198210414/reviews?hl=zh-TW
阿美嬤紅茶奶-武聖店,好運西瓜,6 則評論 · 4 張相片,1 年前,5 顆星,朋友推薦的 雖然我很討厭排隊 但值得 還不錯👍,https://www.google.com/maps/contrib/107204687678996977617/reviews?hl=zh-TW
阿美嬤紅茶奶-武聖店,Kristy Lin,"在地嚮導 · 670 則評論 · 14,019 張相片",1 年前,5 顆星,紅茶牛奶大推，好喝到爆炸！,https://www.google.com/maps/contrib/103824994081714189985/reviews?hl=zh-TW
阿美嬤紅茶奶-武聖店,시윤 ིྀ,在地嚮導 · 61 則評論 · 149 張相片,1 年前,5 顆星,好好喝ㄟ 奶茶真的很好喝  朋友外帶給我的 不然我根本不知道這間！推推,https://www.google.com/maps/contrib/100386974097332368077/reviews?hl=zh-TW
阿美嬤紅茶奶-武聖店,maggie Tim,56 則評論 · 9 張相片,1 年前,1 顆星,就一般紅茶鮮奶，拿到時茶量只有8分滿，還正常冰，瞎爆，絕對不會再買的雷店,https://www.google.com/maps/contrib/118152593382207198398/reviews?hl=zh-TW
阿美嬤紅茶奶-武聖店,拗寶,"在地嚮導 · 137 則評論 · 1,009 張相片",1 年前,3 顆星,"大東東夜市。
蠻多人排隊的，紅茶牛奶很普通，以價位來說不值得。",https://www.google.com/maps/contrib/118160205762111055874/reviews?hl=zh-TW
阿美嬤紅茶奶-武聖店,蔡旻軒,"在地嚮導 · 480 則評論 · 4,434 張相片",1 年前,5 顆星,飲料好喝是古早味紅茶，服務員非常親切地幫我們拍照,https://www.google.com/maps/contrib/100753933973433919911/reviews?hl=zh-TW
阿美嬤紅茶奶-武聖店,星球過客（Planet Traveler）,在地嚮導 · 190 則評論 · 184 張相片,1 年前,1 顆星,,https://www.google.com/maps/contrib/117367506491072461405/reviews?hl=zh-TW
阿美嬤紅茶奶-武聖店,Favorite Ryan,在地嚮導 · 272 則評論 · 370 張相片,1 年前,5 顆星,"真的好喝 、茶味重
看美女處理好像還好、結果還沒拍照 整路喝就結束了⋯有北部快閃 可以通知一下。",https://www.google.com/maps/contrib/105610424228858628212/reviews?hl=zh-TW
阿美嬤紅茶奶-武聖店,Ov O,在地嚮導 · 191 則評論 · 736 張相片,1 年前,1 顆星,"個人紀錄
台南夜市
不值得排這麼久",https://www.google.com/maps/contrib/114712213668918180382/reviews?hl=zh-TW
阿美嬤紅茶奶-武聖店,Kai,在地嚮導 · 112 則評論 · 456 張相片,1 年前,5 顆星,,https://www.google.com/maps/contrib/110706162538549638620/reviews?hl=zh-TW
阿美嬤紅茶奶-武聖店,愛吃的豬豬,117 則評論 · 377 張相片,1 年前,5 顆星,紅茶牛奶很好喝 但是60元有點貴,https://www.google.com/maps/contrib/114784212741453068993/reviews?hl=zh-TW
阿美嬤紅茶奶-武聖店,蘇（妞）,在地嚮導 · 764 則評論 · 722 張相片,1 年前,4 顆星,紅茶☕️牛奶還可以，袋子裝很不方便,https://www.google.com/maps/contrib/110195657360940603813/reviews?hl=zh-TW
阿美嬤紅茶奶-武聖店,Percival Huang,在地嚮導 · 328 則評論 · 647 張相片,1 年前,5 顆星,紅茶牛奶：🌕🌕🌕🌗🌑 …,https://www.google.com/maps/contrib/114060065849211606874/reviews?hl=zh-TW
阿美嬤紅茶奶-武聖店,柯科,在地嚮導 · 490 則評論 · 641 張相片,1 年前,5 顆星,新竹巨城快閃，一定要來喝一杯，紅茶牛奶❤️，傳統的味道果然經典🥳 …,https://www.google.com/maps/contrib/109233056516199404146/reviews?hl=zh-TW
阿美嬤紅茶奶-武聖店,liang Liang,"357 則評論 · 1,347 張相片",1 年前,3 顆星,新竹巨城快閃店買的，包裝設計還不錯，ㄧ杯紅茶牛奶80元價格偏高。,https://www.google.com/maps/contrib/101526332091005318972/reviews?hl=zh-TW
阿美嬤紅茶奶-武聖店,CC Chen,"在地嚮導 · 908 則評論 · 3,366 張相片",1 年前,2 顆星,"新竹巨城快閃店 一杯80元 感覺沒那樣好喝 特別的味道
（20230806）",https://www.google.com/maps/contrib/108866982379834605859/reviews?hl=zh-TW
阿美嬤紅茶奶-武聖店,Lexie Wu,在地嚮導 · 25 則評論 · 17 張相片,1 年前,2 顆星,這紅茶鮮奶真的不行，就是牛排店的古早味紅茶加鮮奶的味道，一袋60元，cp值低。但不能只有我看到前面那麼多評價去買，推薦客官買來自己體會。,https://www.google.com/maps/contrib/106525141105166242325/reviews?hl=zh-TW
阿美嬤紅茶奶-武聖店,S I,在地嚮導 · 226 則評論 · 272 張相片,1 年前,4 顆星,"很好喝 味道很夠
包裝很文青 很可愛",https://www.google.com/maps/contrib/113162920611422496193/reviews?hl=zh-TW
阿美嬤紅茶奶-武聖店,Deary,在地嚮導 · 300 則評論 · 635 張相片,1 年前,5 顆星,"好喝的紅茶奶必須推薦
分別在大東跟武聖夜市擺攤
現在一袋是60元

沒有現喝會有點不方便，插著吸管沒有提好感覺會漏",https://www.google.com/maps/contrib/110936299916896940011/reviews?hl=zh-TW
阿美嬤紅茶奶-武聖店,楊于萱,在地嚮導 · 279 則評論 · 771 張相片,1 年前,5 顆星,超讚的奶茶，心中的第一名奶茶👍 …,https://www.google.com/maps/contrib/114289012725991171320/reviews?hl=zh-TW
阿美嬤紅茶奶-武聖店,Corrie Deng,在地嚮導 · 127 則評論 · 473 張相片,1 年前,5 顆星,"鮮奶味很濃醇
屬於微糖以上半糖以下的甜度
整體喝起來很順口",https://www.google.com/maps/contrib/108699538268279550066/reviews?hl=zh-TW
阿美嬤紅茶奶-武聖店,EVEN CHENG,在地嚮導 · 49 則評論 · 983 張相片,1 年前,5 顆星,紅茶牛奶好喝👍🏼 …,https://www.google.com/maps/contrib/102725926205594264462/reviews?hl=zh-TW
阿美嬤紅茶奶-武聖店,Ann,在地嚮導 · 523 則評論 · 843 張相片,2 年前,1 顆星,帶有咖啡味，包裝拿著不方便,https://www.google.com/maps/contrib/110645522569491158985/reviews?hl=zh-TW
阿美嬤紅茶奶-武聖店,何雅青,在地嚮導 · 71 則評論 · 72 張相片,2 年前,5 顆星,我在大東夜市買的，滑順奶茶不膩口帶點咖啡香。配夜市滷味和蔥油餅都很搭配,https://www.google.com/maps/contrib/100916270248353360383/reviews?hl=zh-TW
阿美嬤紅茶奶-武聖店,Jessie Huang,13 則評論 · 6 張相片,2 年前,5 顆星,茶香味濃厚的奶茶，超好喝！,https://www.google.com/maps/contrib/103274026359060626736/reviews?hl=zh-TW
阿美嬤紅茶奶-武聖店,Tiffany Lin,在地嚮導 · 146 則評論 · 392 張相片,2 年前,5 顆星,沒有調甜度，差點以為會被台南的甜度齁死，結果超好喝，推推🤍 …,https://www.google.com/maps/contrib/108803340949418992628/reviews?hl=zh-TW
阿美嬤紅茶奶-武聖店,Ya-Jing Yang,在地嚮導 · 35 則評論 · 118 張相片,2 年前,5 顆星,"很好喝～
第一次是聽人家推薦去買的
結果喝一口之後決定離開夜市前再外帶兩杯
這次去台南又去買來喝
跟老闆娘聊天才知道
有人是直接帶大水壺來裝滿回屏東喝
下次或許考慮帶大水壺🤣
便宜又好喝啦！",https://www.google.com/maps/contrib/106233024609134798123/reviews?hl=zh-TW
阿美嬤紅茶奶-武聖店,Zheng Tuto,6 則評論,2 年前,5 顆星,好喝,https://www.google.com/maps/contrib/114860445876332284666/reviews?hl=zh-TW
阿美嬤紅茶奶-武聖店,H sing,在地嚮導 · 52 則評論 · 50 張相片,2 年前,5 顆星,超好喝耶 以後來台南，有好喝的飲料了,https://www.google.com/maps/contrib/100398563768977002353/reviews?hl=zh-TW
阿美嬤紅茶奶-武聖店,Mia Chen,在地嚮導 · 70 則評論 · 18 張相片,2 年前,5 顆星,紅茶牛奶超級好喝👍👍👍👍👍👍 …,https://www.google.com/maps/contrib/101606410630105877238/reviews?hl=zh-TW
阿美嬤紅茶奶-武聖店,周育寧,在地嚮導 · 18 則評論 · 30 張相片,2 年前,5 顆星,,https://www.google.com/maps/contrib/101843289518844671068/reviews?hl=zh-TW
阿美嬤紅茶奶-武聖店,Jay Hong,"在地嚮導 · 258 則評論 · 7,360 張相片",2 年前,4 顆星,,https://www.google.com/maps/contrib/104979831855567183085/reviews?hl=zh-TW
阿美嬤紅茶奶-武聖店,Ruby hair,在地嚮導 · 9 則評論 · 34 張相片,2 年前,5 顆星,"好喝到瘋掉！
連不太喝飲料的男友也後悔沒多買👍🏻👍🏻👍🏻👍🏻 …",https://www.google.com/maps/contrib/102888145286040117163/reviews?hl=zh-TW
阿美嬤紅茶奶-武聖店,Aurora Liau,在地嚮導 · 12 則評論,2 年前,4 顆星,,https://www.google.com/maps/contrib/105847082554605787412/reviews?hl=zh-TW
阿美嬤紅茶奶-武聖店,W_,在地嚮導 · 41 則評論 · 67 張相片,2 年前,5 顆星,,https://www.google.com/maps/contrib/102242049446905063076/reviews?hl=zh-TW
阿美嬤紅茶奶-武聖店,燕繡,14 則評論 · 2 張相片,2 年前,5 顆星,這紅茶的味道 讚讚耶！有點像韓國的咖啡牛奶味道，也不是一般常見的決明子紅茶，直接加買紅茶牛奶！冰冰很好喝，而且值得一提的是加了鮮奶並沒有沖淡茶本身的香味～很讚讚,https://www.google.com/maps/contrib/104533778788571672941/reviews?hl=zh-TW
阿美嬤紅茶奶-武聖店,kevin_GoogleAccount,"在地嚮導 · 1,094 則評論 · 8,071 張相片",2 年前,5 顆星,濃紅茶非常濃厚有味道。超級推薦鮮奶紅茶，超濃超香，外面很少喝到呀👍🏼👍🏼👍🏼 …,https://www.google.com/maps/contrib/102921777798527922003/reviews?hl=zh-TW
阿美嬤紅茶奶-武聖店,TSUNG-YU LIN,在地嚮導 · 361 則評論 · 681 張相片,2 年前,5 顆星,,https://www.google.com/maps/contrib/102385276222298224342/reviews?hl=zh-TW
阿美嬤紅茶奶-武聖店,島田半藏,68 則評論,3 年前,5 顆星,"這陣子喝過最好喝ㄉ鮮奶茶
老闆看我女友正，直接免費送她一杯
人正真這陣子喝過最好喝ㄉ鮮奶茶 …",https://www.google.com/maps/contrib/112751791096166572696/reviews?hl=zh-TW
鏢漢燒烤宵夜食堂 （非酒吧）,Chun Sian Lee,在地嚮導,1 個月前,5 顆星,,https://www.google.com/maps/contrib/110905018870582960556/reviews?hl=zh-TW
鏢漢燒烤宵夜食堂 （非酒吧）,yuan,3 則評論,1 個月前,5 顆星,"點了一次外送 好吃 超香👍
都想下次直接帶女朋友去店裡約會",https://www.google.com/maps/contrib/103125327316118891292/reviews?hl=zh-TW
鏢漢燒烤宵夜食堂 （非酒吧）,叮小噹,在地嚮導 · 31 則評論 · 12 張相片,1 個月前,1 顆星,"爛透了
一個炒飯是要等多久
是要等母雞下蛋484
就一個客人
等半小時一份炒飯",https://www.google.com/maps/contrib/114539574787473881589/reviews?hl=zh-TW
鏢漢燒烤宵夜食堂 （非酒吧）,林依舊（依舊）,2 則評論 · 4 張相片,2 個月前,5 顆星,,https://www.google.com/maps/contrib/102333499365184033825/reviews?hl=zh-TW
鏢漢燒烤宵夜食堂 （非酒吧）,張立凱,1 則評論,5 個月前,1 顆星,"時不時半夜，在外面講話大小聲，各種噪音
四周住戶開始在反應。
小孩老人不是睡到一半被吵醒，
隔天要上班，也被吵的無法入睡",https://www.google.com/maps/contrib/110047247637749315813/reviews?hl=zh-TW
鏢漢燒烤宵夜食堂 （非酒吧）,Brian Chen,在地嚮導 · 27 則評論 · 6 張相片,6 個月前,5 顆星,餐點現烤需要等一下，但份量很足、十分好吃,https://www.google.com/maps/contrib/117092882292198110394/reviews?hl=zh-TW
鏢漢燒烤宵夜食堂 （非酒吧）,JJ Liu,2 則評論,6 個月前,5 顆星,坐我旁邊的帥哥闆闆女友的店，某次員工餐叫了一回，吃過就忘不了的好味道🤟🏾,https://www.google.com/maps/contrib/103809960386893167451/reviews?hl=zh-TW
鏢漢燒烤宵夜食堂 （非酒吧）,豆花,在地嚮導 · 17 則評論 · 27 張相片,7 個月前,5 顆星,烤肉跟飯拌一起吃，超爽，非常美味可口,https://www.google.com/maps/contrib/114757448518954422124/reviews?hl=zh-TW
鏢漢燒烤宵夜食堂 （非酒吧）,林木木,在地嚮導 · 16 則評論 · 14 張相片,7 個月前,5 顆星,,https://www.google.com/maps/contrib/108675051417669736563/reviews?hl=zh-TW
鏢漢燒烤宵夜食堂 （非酒吧）,蘇煜翔,在地嚮導 · 45 則評論 · 8 張相片,8 個月前,5 顆星,"外送來還是熱的 好吃啊
加入愛店 有空去現場",https://www.google.com/maps/contrib/105049148652473708062/reviews?hl=zh-TW
鏢漢燒烤宵夜食堂 （非酒吧）,謝燈,在地嚮導 · 31 則評論 · 6 張相片,8 個月前,1 顆星,"第二次來...一次煙味比一次重... 對於不抽菸的人
環境真的讓我掙扎...",https://www.google.com/maps/contrib/103573943374203632644/reviews?hl=zh-TW
鏢漢燒烤宵夜食堂 （非酒吧）,是花花吖ئ,在地嚮導 · 124 則評論 · 206 張相片,10 個月前,5 顆星,意外的好吃😋半夜還有煎餃吃真的幸福❤️,https://www.google.com/maps/contrib/105718539888156123329/reviews?hl=zh-TW
鏢漢燒烤宵夜食堂 （非酒吧）,黃純樸黃純樸,在地嚮導 · 25 則評論 · 58 張相片,11 個月前,5 顆星,東西好吃又平價，感覺像是在家裡吃的感覺，沒有過多的裝璜。,https://www.google.com/maps/contrib/108943205192424823131/reviews?hl=zh-TW
鏢漢燒烤宵夜食堂 （非酒吧）,Allen,在地嚮導 · 29 則評論 · 6 張相片,11 個月前,5 顆星,烤肉飯好吃很大份，烤肉很入味，建議現場買，熊貓抽成太多，現場更有性價比,https://www.google.com/maps/contrib/102449625288746630566/reviews?hl=zh-TW
鏢漢燒烤宵夜食堂 （非酒吧）,薛予融,在地嚮導 · 40 則評論,1 年前,5 顆星,,https://www.google.com/maps/contrib/103614560176077073184/reviews?hl=zh-TW
鏢漢燒烤宵夜食堂 （非酒吧）,董季穎,4 則評論,1 年前,5 顆星,店員人很好 服務態度超好👍,https://www.google.com/maps/contrib/113748676231580589334/reviews?hl=zh-TW
鏢漢燒烤宵夜食堂 （非酒吧）,Lucien Koscu,1 則評論,1 年前,2 顆星,來了兩次，食物不錯。不過兩次都有同樣的狀況，有顧客在不該抽菸的地方抽菸。對於怕煙味的我來說，是個折磨。,https://www.google.com/maps/contrib/105625437760492494332/reviews?hl=zh-TW
鏢漢燒烤宵夜食堂 （非酒吧）,ゴアキン,,1 年前,5 顆星,,https://www.google.com/maps/contrib/109208146881478242066/reviews?hl=zh-TW
鏢漢燒烤宵夜食堂 （非酒吧）,883B 057王繹翔,,1 年前,5 顆星,,https://www.google.com/maps/contrib/106223274247304403597/reviews?hl=zh-TW
鏢漢燒烤宵夜食堂 （非酒吧）,Run kui,在地嚮導 · 10 則評論 · 3 張相片,1 年前,5 顆星,,https://www.google.com/maps/contrib/118443932792132728439/reviews?hl=zh-TW
鏢漢燒烤宵夜食堂 （非酒吧）,CC CHANG,在地嚮導 · 84 則評論 · 2 張相片,1 年前,5 顆星,煎餃好吃,https://www.google.com/maps/contrib/112458380071428383347/reviews?hl=zh-TW
鏢漢燒烤宵夜食堂 （非酒吧）,陳玄聰,12 則評論 · 4 張相片,1 年前,5 顆星,服務員 東西好吃😋 …,https://www.google.com/maps/contrib/111841225379262835216/reviews?hl=zh-TW
鏢漢燒烤宵夜食堂 （非酒吧）,崔嘉斌,6 則評論,1 年前,5 顆星,烤肉好好吃，份量很夠，老闆娘人很親切熱情，很推薦的店家,https://www.google.com/maps/contrib/102249190971238239665/reviews?hl=zh-TW
鏢漢燒烤宵夜食堂 （非酒吧）,Gloria Lee,在地嚮導 · 77 則評論 · 102 張相片,1 年前,5 顆星,推推 醬燒奶油五花蛋炒飯很好吃！老闆娘服務態度很好~有機會會再回訪！,https://www.google.com/maps/contrib/116685160011472188567/reviews?hl=zh-TW
鏢漢燒烤宵夜食堂 （非酒吧）,以煙,1 則評論,1 年前,1 顆星,點了快500的東西外加一個炸醬麵，送來的份量少的可憐，份量就一個炒飯的盒子，泡麵更誇張，雖然味道不錯，但不會在點,https://www.google.com/maps/contrib/102591899477316884391/reviews?hl=zh-TW
鏢漢燒烤宵夜食堂 （非酒吧）,驊,10 則評論 · 5 張相片,1 年前,5 顆星,"謝謝老闆的可樂！但絕對點超過20次了自己的手機優惠用完就去用女友的哈哈哈！
很好吃下班回家宵夜唯一選擇！
很推薦大家點來吃！",https://www.google.com/maps/contrib/100103924941445562532/reviews?hl=zh-TW
鏢漢燒烤宵夜食堂 （非酒吧）,小瑜,在地嚮導 · 26 則評論 · 3 張相片,1 年前,5 顆星,"炒飯超級頂今天點熊貓反應昨天飯軟硬度問題也有馬上調整還有多送🥺🥺
真的好吃到不敢在熊貓評論怕點不到🤣🤣 …",https://www.google.com/maps/contrib/101158207697322664376/reviews?hl=zh-TW
鏢漢燒烤宵夜食堂 （非酒吧）,林修緯,在地嚮導 · 15 則評論,2 年前,5 顆星,,https://www.google.com/maps/contrib/102576680719463818552/reviews?hl=zh-TW
鏢漢燒烤宵夜食堂 （非酒吧）,黃智強,在地嚮導 · 2 則評論 · 33 張相片,2 年前,5 顆星,,https://www.google.com/maps/contrib/108929385452879563220/reviews?hl=zh-TW
鏢漢燒烤宵夜食堂 （非酒吧）,GTOCHU CHU (GTO),在地嚮導 · 1 則評論,2 年前,4 顆星,,https://www.google.com/maps/contrib/109211756114753400054/reviews?hl=zh-TW
鏢漢燒烤宵夜食堂 （非酒吧）,陳怡宏,在地嚮導 · 33 則評論 · 35 張相片,2 年前,5 顆星,路過很多次但都沒機會吃，今天剛好在Uber Eats 上看到想說點來吃吃看，結果超好吃！：）（好吃到來評論）底下給一星的那位你要不要自己烤自己煮？？,https://www.google.com/maps/contrib/115461221184374350661/reviews?hl=zh-TW
鏢漢燒烤宵夜食堂 （非酒吧）,龍崎嵐,在地嚮導 · 69 則評論 · 258 張相片,2 年前,5 顆星,相當好吃 而且好便宜,https://www.google.com/maps/contrib/101578008480577095749/reviews?hl=zh-TW
鏢漢燒烤宵夜食堂 （非酒吧）,Frank Hu,8 則評論 · 2 張相片,2 年前,5 顆星,,https://www.google.com/maps/contrib/104926461425153994373/reviews?hl=zh-TW
鏢漢燒烤宵夜食堂 （非酒吧）,張琮禮,13 則評論 · 1 張相片,2 年前,5 顆星,環境氣氛很棒，老闆親切，讓客人感覺很放鬆，👍 …,https://www.google.com/maps/contrib/115580262485774747628/reviews?hl=zh-TW
鏢漢燒烤宵夜食堂 （非酒吧）,Tainan Cocktail Bar,1 則評論 · 10 張相片,2 年前,1 顆星,,https://www.google.com/maps/contrib/103101823016965921659/reviews?hl=zh-TW
鏢漢燒烤宵夜食堂 （非酒吧）,黃宏澤,11 則評論 · 1 張相片,2 年前,5 顆星,沃草 這個炒飯超好吃 心中第一,https://www.google.com/maps/contrib/105525445415672378268/reviews?hl=zh-TW
鏢漢燒烤宵夜食堂 （非酒吧）,葉姵岑,在地嚮導 · 14 則評論 · 10 張相片,2 年前,1 顆星,難吃死了，炒飯沒炒均勻，燒烤也不入味🙄️ …,https://www.google.com/maps/contrib/116849683444486230948/reviews?hl=zh-TW
鏢漢燒烤宵夜食堂 （非酒吧）,吳紫涵,在地嚮導 · 12 則評論 · 19 張相片,2 年前,5 顆星,"季節特調「滿月」很讚！
而菜單能夠直接瞭解各飲品的酒精、酸度、甜度，都有標示出來，下次來台南會再訪❤️❤️
＊沒有限時間＊
＊建議可以先打電話訂位！＊",https://www.google.com/maps/contrib/116159909607400113555/reviews?hl=zh-TW
鏢漢燒烤宵夜食堂 （非酒吧）,Ivy Su,10 則評論,2 年前,5 顆星,菜單很清楚、調酒師老闆人超好😍🥰很適合情侶朋友一起來放鬆！❤️❤️ …,https://www.google.com/maps/contrib/116491011743725512512/reviews?hl=zh-TW
鏢漢燒烤宵夜食堂 （非酒吧）,黃宣禺,7 則評論,2 年前,5 顆星,老闆人很好很好相處，店內環境舒適，是個可以心情放鬆一下的地方，推推！,https://www.google.com/maps/contrib/114720698698414474521/reviews?hl=zh-TW
鏢漢燒烤宵夜食堂 （非酒吧）,ERTY 7,在地嚮導 · 10 則評論 · 1 張相片,2 年前,5 顆星,氣氛很好的餐酒館，老闆調酒調的很好喝！裝潢也很不錯，是跟朋友聊天喝酒的好地方,https://www.google.com/maps/contrib/114436869469471141627/reviews?hl=zh-TW
鏢漢燒烤宵夜食堂 （非酒吧）,鄭詠綺,12 則評論 · 1 張相片,2 年前,5 顆星,"餐點都很好吃、服務很好
氣氛也很好，整體來說都很棒！",https://www.google.com/maps/contrib/111962411332726346777/reviews?hl=zh-TW
鏢漢燒烤宵夜食堂 （非酒吧）,尤柏仁,在地嚮導 · 15 則評論 · 6 張相片,2 年前,5 顆星,這裡的環境很舒適，很適合晚上有空想來喝點酒玩一下飛鏢的人,https://www.google.com/maps/contrib/116853922573636856394/reviews?hl=zh-TW
鏢漢燒烤宵夜食堂 （非酒吧）,周璇妤,9 則評論 · 1 張相片,2 年前,5 顆星,店裡有一隻超可愛的貓！！！我們三個女生吃的很飽，cp值很高，酒當然也好喝的沒話說，最喜歡的當然是他們的氛圍，永遠都是我與朋友聚會的首選,https://www.google.com/maps/contrib/111138103430998775202/reviews?hl=zh-TW
鏢漢燒烤宵夜食堂 （非酒吧）,陳伯宗,6 則評論,2 年前,5 顆星,白雪公主氣泡感很讚，怦然心動的水果味我很喜歡。還有酒館氣氛很讚！,https://www.google.com/maps/contrib/114719516583675001095/reviews?hl=zh-TW
鏢漢燒烤宵夜食堂 （非酒吧）,愷岑,在地嚮導 · 21 則評論 · 4 張相片,2 年前,5 顆星,酒單很多元～也很好喝 有機會會再去呦！,https://www.google.com/maps/contrib/110922924932536777687/reviews?hl=zh-TW
鏢漢燒烤宵夜食堂 （非酒吧）,蔣騰葳,20 則評論 · 1 張相片,2 年前,5 顆星,調酒師人很好，而且飲料也都很好喝，推薦和朋友一起,https://www.google.com/maps/contrib/116096440567865764939/reviews?hl=zh-TW
鏢漢燒烤宵夜食堂 （非酒吧）,Cho-yee Wong,14 則評論 · 6 張相片,2 年前,5 顆星,"真好吃，真的好好吃，讚讚讚讚讚啦，希望還有機會
去，約上朋友們一起去吃啦，絕對會再來啦，讚讚讚讚
讚。",https://www.google.com/maps/contrib/103369231601612121039/reviews?hl=zh-TW
鏢漢燒烤宵夜食堂 （非酒吧）,CC L,在地嚮導 · 34 則評論 · 31 張相片,2 年前,5 顆星,"😺店裡有一隻可愛的貓，會到處尋田水給客人摸，很有業務魂🤣🤣🤣（但好像從他的眼神中看到職業倦怠了哈哈

🍝我和朋友四人總共點了炸物拼盤、牛肉麵、可樂滷控肉飯和干貝義大利麵
炸物拼盤炸的不錯，醬料給兩種蠻開胃的；控肉飯很普比較不推；牛肉麵湯頭微辣，肉很嫩很入味，麵也煮的軟硬適中，大推；義大利麵味道上中規中矩，干貝蠻嫩的
這樣四人總共820，四個女生都蠻飽的，cp值算高，只是因為店裡人手不多，所以出餐速度偏慢，如果想快快吃完回家的人可能會不適合

🥂我們一群人有一個當日壽星兩個當月壽星，老闆人很好送很多酒，朋友酒量不好我們就沒自己額外點酒
甜白酒蠻適合愛妹酒的女生喝，很順甜度也蠻高，才5%而已
shot超用心，用了不錯的vodga還加了牛奶（詳細怎麼調我忘了XD)，真的很好喝🥰

💁‍♀️整體來說蠻喜歡這家店的氛圍，不會太吵但也適合跟朋友笑鬧，老闆人很好和有貓很加分，會讓我想二訪，喝酒單上的調酒和吃這次去菜單上沒有的餐點，再玩個飛鏢機😆",https://www.google.com/maps/contrib/109043818765843396595/reviews?hl=zh-TW
鏢漢燒烤宵夜食堂 （非酒吧）,旻芳莊,1 則評論,2 年前,5 顆星,"炒飯超好吃
二樓24小時吸貓天堂ʕ •ᴥ•ʔ",https://www.google.com/maps/contrib/109672092667749940236/reviews?hl=zh-TW
鏢漢燒烤宵夜食堂 （非酒吧）,黃品婕,11 則評論 · 5 張相片,2 年前,5 顆星,"老闆超級超級好相處好聊
調酒好喝到爆 超級會調 東西好吃
下班放鬆好去處 一定要來看看
無敵大推♡♡♡♡♡",https://www.google.com/maps/contrib/108582180767037332860/reviews?hl=zh-TW
鏢漢燒烤宵夜食堂 （非酒吧）,浩修（BaLu）,1 則評論,2 年前,5 顆星,,https://www.google.com/maps/contrib/105230593201207687282/reviews?hl=zh-TW
鏢漢燒烤宵夜食堂 （非酒吧）,Stanley Chen,4 則評論 · 4 張相片,2 年前,5 顆星,老闆調酒超好喝，又具有創意，店內環境舒適又高級，餐點好吃，大推牛肉麵及創意調酒，一定要過來試試👍 …,https://www.google.com/maps/contrib/103139528792145892146/reviews?hl=zh-TW
鏢漢燒烤宵夜食堂 （非酒吧）,王瑞君,10 則評論 · 8 張相片,2 年前,5 顆星,貓咪超親人很懂得招呼客人，老闆也都非常親切～～太讚了！,https://www.google.com/maps/contrib/100907100795147639132/reviews?hl=zh-TW
鏢漢燒烤宵夜食堂 （非酒吧）,Minnie,14 則評論 · 6 張相片,2 年前,5 顆星,"酒很好喝～還有可愛的摩羯貓貓陪酒🥰
店員很親切很好聊天～推推！ …",https://www.google.com/maps/contrib/100741382878515566283/reviews?hl=zh-TW
鏢漢燒烤宵夜食堂 （非酒吧）,林墨墨,1 則評論 · 1 張相片,2 年前,5 顆星,"與其他知名酒吧不同的是，空間上讓人十分舒適，目前也沒有限制用餐時間；外場服務親切、調酒師也會貼心詢問是否需要調整，當不知道要喝什麼的時候，也會專業的設計出適合客人的好喝調酒。
如同年輕老闆說的，他致力於改變大環境對於飛鏢餐酒館的印象，誠懇期盼此地會成為更多人的口袋名單，絕對是值得支持的優良店家。",https://www.google.com/maps/contrib/104108293540542881754/reviews?hl=zh-TW
鏢漢燒烤宵夜食堂 （非酒吧）,張絜,在地嚮導 · 58 則評論 · 69 張相片,2 年前,5 顆星,環境舒適，酒類選項都不錯，且調起來蠻符合期待的，而且食物東西蠻好吃的，老闆真的很親切，水餃有好吃。,https://www.google.com/maps/contrib/118422139404032214018/reviews?hl=zh-TW
鏢漢燒烤宵夜食堂 （非酒吧）,Eric Sanchez,20 則評論,2 年前,5 顆星,涼爽的氛圍，優質的雞尾酒,https://www.google.com/maps/contrib/113656987634568804438/reviews?hl=zh-TW
鏢漢燒烤宵夜食堂 （非酒吧）,曾睿昱,3 則評論,2 年前,5 顆星,,https://www.google.com/maps/contrib/113572352516371048268/reviews?hl=zh-TW
鏢漢燒烤宵夜食堂 （非酒吧）,林瓊雪,8 則評論 · 1 張相片,2 年前,5 顆星,老闆跟員工都很好相處，餐點好吃很推的鏢吧,https://www.google.com/maps/contrib/115382342910102360756/reviews?hl=zh-TW
鏢漢燒烤宵夜食堂 （非酒吧）,hank SU,4 則評論,2 年前,5 顆星,老闆跟闆娘很nice滿月超推，炸物是氣炸的還不賴很適合久待,https://www.google.com/maps/contrib/106952807399257797076/reviews?hl=zh-TW
鏢漢燒烤宵夜食堂 （非酒吧）,Jack Cheng,9 則評論 · 4 張相片,2 年前,5 顆星,,https://www.google.com/maps/contrib/109227019121305749798/reviews?hl=zh-TW
鏢漢燒烤宵夜食堂 （非酒吧）,王鑫,在地嚮導 · 103 則評論 · 45 張相片,2 年前,5 顆星,老板人很好，燒烤不貴,https://www.google.com/maps/contrib/117521471887494935231/reviews?hl=zh-TW
鏢漢燒烤宵夜食堂 （非酒吧）,david shon,在地嚮導 · 16 則評論 · 11 張相片,2 年前,5 顆星,絕對是五星！！很好玩酒也好喝 大家人都很棒很熱情！！,https://www.google.com/maps/contrib/102903073014353907502/reviews?hl=zh-TW
鏢漢燒烤宵夜食堂 （非酒吧）,Kenny Wang,8 則評論 · 1 張相片,2 年前,5 顆星,老闆超級Nice 剛好八月壽星 招待一堆shot 有機會一定還會再來,https://www.google.com/maps/contrib/101123485864119428076/reviews?hl=zh-TW
鏢漢燒烤宵夜食堂 （非酒吧）,柏盛,在地嚮導 · 31 則評論,2 年前,5 顆星,闆娘溫和不失溫馨小頂嘴 親手作愛的滷肉飯讓人黯然銷魂 全台南最美味 沒有之一,https://www.google.com/maps/contrib/101431518403195629090/reviews?hl=zh-TW
鏢漢燒烤宵夜食堂 （非酒吧）,陳冠穎,9 則評論 · 1 張相片,2 年前,5 顆星,老闆人很好 店員服務很親切,https://www.google.com/maps/contrib/107014920899016596108/reviews?hl=zh-TW
鏢漢燒烤宵夜食堂 （非酒吧）,劉邑宣,2 則評論,2 年前,5 顆星,,https://www.google.com/maps/contrib/108107040238222423670/reviews?hl=zh-TW
鏢漢燒烤宵夜食堂 （非酒吧）,王凱弘,11 則評論 · 2 張相片,2 年前,5 顆星,超讚，貓咪超可愛，滷肉飯超好吃！！,https://www.google.com/maps/contrib/103098671957758831400/reviews?hl=zh-TW
鏢漢燒烤宵夜食堂 （非酒吧）,Steven Wang (碩輔),9 則評論 · 6 張相片,2 年前,5 顆星,,https://www.google.com/maps/contrib/111790864697584695914/reviews?hl=zh-TW
鏢漢燒烤宵夜食堂 （非酒吧）,李信嶸拖土,6 則評論 · 4 張相片,2 年前,5 顆星,氣氛佳 環境好 服務人員態度很讚,https://www.google.com/maps/contrib/106424474327143497762/reviews?hl=zh-TW
鏢漢燒烤宵夜食堂 （非酒吧）,Anson Chen,4 則評論,2 年前,5 顆星,"老闆人帥 調酒也很讚
滷肉飯聽說很棒 下次要吃！
超級大推大推大推",https://www.google.com/maps/contrib/111891318166345126600/reviews?hl=zh-TW
鏢漢燒烤宵夜食堂 （非酒吧）,郭胖,3 則評論,2 年前,5 顆星,氣氛很好，酒很好喝，服務員很正,https://www.google.com/maps/contrib/107938691709293479516/reviews?hl=zh-TW
鏢漢燒烤宵夜食堂 （非酒吧）,Su,2 則評論,2 年前,5 顆星,適合放鬆聊天的地方 服務很好👍 …,https://www.google.com/maps/contrib/101948170054924235572/reviews?hl=zh-TW
鏢漢燒烤宵夜食堂 （非酒吧）,Cathy,在地嚮導 · 36 則評論 · 14 張相片,2 年前,5 顆星,環境舒適，可以射飛鏢，店員也很親切～,https://www.google.com/maps/contrib/114960802685438016005/reviews?hl=zh-TW
鏢漢燒烤宵夜食堂 （非酒吧）,郭巧雯,10 則評論 · 1 張相片,2 年前,5 顆星,"老闆人爆幹超好
超貼心 長超帥
酒很好喝！
還有很優良打鏢環境
東西也很好吃
星星我想給七顆
但系統只給五顆
這邊在補兩顆🌟 🌟",https://www.google.com/maps/contrib/103140968774465476185/reviews?hl=zh-TW
鏢漢燒烤宵夜食堂 （非酒吧）,牟翊愷,3 則評論,2 年前,5 顆星,,https://www.google.com/maps/contrib/103206523202866356761/reviews?hl=zh-TW
鏢漢燒烤宵夜食堂 （非酒吧）,蘇姵伃,11 則評論 · 4 張相片,2 年前,5 顆星,"一樓的環境很舒適適合坐下聊天吃燒烤
二樓24hr鏢機想打隨時都可以去打鏢，還有貓貓可以摸，舒適度滿分✧٩(ˊωˋ*)و✧",https://www.google.com/maps/contrib/100742166427473742203/reviews?hl=zh-TW
鏢漢燒烤宵夜食堂 （非酒吧）,柯伃臻（柯魚）,在地嚮導 · 18 則評論 · 5 張相片,2 年前,5 顆星,"超棒的地方👍
碳烤有夠香超好吃
樓上還有飛鏢可以玩
還有超多可愛貓貓
推推",https://www.google.com/maps/contrib/101518127525523821392/reviews?hl=zh-TW
鏢漢燒烤宵夜食堂 （非酒吧）,卓俊杰,7 則評論,2 年前,5 顆星,燒烤好吃,https://www.google.com/maps/contrib/101071473783588707996/reviews?hl=zh-TW
鏢漢燒烤宵夜食堂 （非酒吧）,PING,12 則評論 · 6 張相片,2 年前,5 顆星,有可愛的貓咪！,https://www.google.com/maps/contrib/100137937133914558889/reviews?hl=zh-TW
鏢漢燒烤宵夜食堂 （非酒吧）,chuan,12 則評論 · 2 張相片,2 年前,5 顆星,烤功了得，要甜一點酸一點淡一點鹹一點都可以，主委加碼五星好評,https://www.google.com/maps/contrib/113254173393810475390/reviews?hl=zh-TW
鏢漢燒烤宵夜食堂 （非酒吧）,steven hsu,4 則評論 · 2 張相片,2 年前,5 顆星,環境舒適 貓咪很可愛,https://www.google.com/maps/contrib/112130879495901910768/reviews?hl=zh-TW
鏢漢燒烤宵夜食堂 （非酒吧）,嘉南藥理大學B0709033,1 則評論 · 1 張相片,2 年前,5 顆星,"平價碳烤也好吃
每天啤酒都有優惠
很適合學生聯誼社聚的飛鏢吧",https://www.google.com/maps/contrib/111970905112620640270/reviews?hl=zh-TW
鏢漢燒烤宵夜食堂 （非酒吧）,林紹童,6 則評論 · 2 張相片,2 年前,5 顆星,調酒好喝，環境舒服！,https://www.google.com/maps/contrib/112320160748806373854/reviews?hl=zh-TW
鏢漢燒烤宵夜食堂 （非酒吧）,Rich騏騏,10 則評論 · 2 張相片,2 年前,5 顆星,好地方，涼爽又有趣,https://www.google.com/maps/contrib/112863132381351049095/reviews?hl=zh-TW
鏢漢燒烤宵夜食堂 （非酒吧）,York Wei,在地嚮導 · 28 則評論 · 365 張相片,2 年前,5 顆星,氣氛不錯,https://www.google.com/maps/contrib/115182921941121711471/reviews?hl=zh-TW
鏢漢燒烤宵夜食堂 （非酒吧）,鄭雨潔,15 則評論 · 4 張相片,2 年前,5 顆星,不錯,https://www.google.com/maps/contrib/101893869848561316269/reviews?hl=zh-TW
鏢漢燒烤宵夜食堂 （非酒吧）,UNA HUNG,8 則評論 · 2 張相片,2 年前,5 顆星,黑市碳烤串燒美味多汁，老闆親切。,https://www.google.com/maps/contrib/104674109396797921148/reviews?hl=zh-TW
鏢漢燒烤宵夜食堂 （非酒吧）,郭學穎,7 則評論 · 1 張相片,2 年前,5 顆星,平價美味燒烤，一口燒肉一口啤酒，此生無憾。,https://www.google.com/maps/contrib/111323379032657786648/reviews?hl=zh-TW
鏢漢燒烤宵夜食堂 （非酒吧）,CHEN YU,10 則評論 · 3 張相片,2 年前,5 顆星,好吃好吃！ 二樓飛鏢24小時 想來就來～ 還有貓貓們,https://www.google.com/maps/contrib/106779087350719481205/reviews?hl=zh-TW
鏢漢燒烤宵夜食堂 （非酒吧）,楊東偉,7 則評論 · 1 張相片,2 年前,5 顆星,,https://www.google.com/maps/contrib/110459597047188226085/reviews?hl=zh-TW
鏢漢燒烤宵夜食堂 （非酒吧）,munu Lu,在地嚮導 · 20 則評論 · 7 張相片,2 年前,5 顆星,好粗好粗,https://www.google.com/maps/contrib/115961836761035343692/reviews?hl=zh-TW
鏢漢燒烤宵夜食堂 （非酒吧）,wei,在地嚮導 · 19 則評論 · 10 張相片,2 年前,5 顆星,"好店(*•̀ᴗ•́*)و ̑̑ 想私藏又想分享
牛五花豬五花四季豆雞心 什麼都好好吃⋯",https://www.google.com/maps/contrib/117974797911140723315/reviews?hl=zh-TW
鏢漢燒烤宵夜食堂 （非酒吧）,鍾哲遠,8 則評論 · 4 張相片,2 年前,5 顆星,,https://www.google.com/maps/contrib/114433073810996796956/reviews?hl=zh-TW
鏢漢燒烤宵夜食堂 （非酒吧）,小建,4 則評論 · 2 張相片,2 年前,5 顆星,有飛鏢可打有貓可擼,https://www.google.com/maps/contrib/108865674867872645134/reviews?hl=zh-TW
鏢漢燒烤宵夜食堂 （非酒吧）,黃歆雅（可愛女人）,8 則評論,2 年前,5 顆星,吃消夜啦！,https://www.google.com/maps/contrib/105480876443848659228/reviews?hl=zh-TW
鏢漢燒烤宵夜食堂 （非酒吧）,Jessica Yeh,13 則評論 · 6 張相片,2 年前,5 顆星,,https://www.google.com/maps/contrib/107376972513208548074/reviews?hl=zh-TW
鏢漢燒烤宵夜食堂 （非酒吧）,Nick Chen,31 則評論 · 10 張相片,2 年前,5 顆星,"老闆烤功跟食神一樣
太神啦",https://www.google.com/maps/contrib/112741554144878820848/reviews?hl=zh-TW
鏢漢燒烤宵夜食堂 （非酒吧）,蘇敬倫,7 則評論 · 6 張相片,2 年前,5 顆星,"大口吃肉！大口喝酒的好去處
老闆烤功我給滿分💯 …",https://www.google.com/maps/contrib/113628416834058274413/reviews?hl=zh-TW
鏢漢燒烤宵夜食堂 （非酒吧）,鐵手調酒團,4 則評論 · 1 張相片,2 年前,5 顆星,,https://www.google.com/maps/contrib/105152076081202823265/reviews?hl=zh-TW
鏢漢燒烤宵夜食堂 （非酒吧）,李晟,25 則評論 · 6 張相片,2 年前,5 顆星,平價好吃的烤肉,https://www.google.com/maps/contrib/114022623177495373710/reviews?hl=zh-TW
鏢漢燒烤宵夜食堂 （非酒吧）,B0810187 CNU,2 則評論,2 年前,5 顆星,"碳烤的串燒很香很好吃！還有飛鏢機超級讚
老闆親切好聊天，2樓是24小時很讚",https://www.google.com/maps/contrib/111032961635892428948/reviews?hl=zh-TW
鏢漢燒烤宵夜食堂 （非酒吧）,77,在地嚮導 · 28 則評論 · 13 張相片,2 年前,5 顆星,好吃 可是老闆很胖,https://www.google.com/maps/contrib/114159559101883454980/reviews?hl=zh-TW
鏢漢燒烤宵夜食堂 （非酒吧）,林育任,5 則評論,2 年前,5 顆星,很好吃,https://www.google.com/maps/contrib/117353369776493374990/reviews?hl=zh-TW
鏢漢燒烤宵夜食堂 （非酒吧）,張凱炫,13 則評論 · 1 張相片,2 年前,5 顆星,好吃,https://www.google.com/maps/contrib/114750306905128246890/reviews?hl=zh-TW
鏢漢燒烤宵夜食堂 （非酒吧）,郭立信,5 則評論 · 1 張相片,2 年前,5 顆星,吃超好吃是好吃,https://www.google.com/maps/contrib/118430279882569648187/reviews?hl=zh-TW
鏢漢燒烤宵夜食堂 （非酒吧）,張峻豪,在地嚮導 · 15 則評論 · 1 張相片,2 年前,5 顆星,,https://www.google.com/maps/contrib/100298316346215537475/reviews?hl=zh-TW
鏢漢燒烤宵夜食堂 （非酒吧）,林嬅昀,在地嚮導 · 19 則評論 · 9 張相片,2 年前,5 顆星,品質非常良好😍 …,https://www.google.com/maps/contrib/113766386446242488136/reviews?hl=zh-TW
鏢漢燒烤宵夜食堂 （非酒吧）,貝樂嶼,"在地嚮導 · 176 則評論 · 1,100 張相片",2 年前,5 顆星,感覺是個很酷的店，路過買幾支燒烤。,https://www.google.com/maps/contrib/116683069931970029897/reviews?hl=zh-TW
鏢漢燒烤宵夜食堂 （非酒吧）,林冠廷,4 則評論,2 年前,5 顆星,讚,https://www.google.com/maps/contrib/106300963354553872254/reviews?hl=zh-TW
鏢漢燒烤宵夜食堂 （非酒吧）,楊鎧謙,6 則評論 · 1 張相片,2 年前,5 顆星,"當作宵夜是很棒的選擇
老闆又親切
歡迎大家來吃～～！",https://www.google.com/maps/contrib/115047814436889163746/reviews?hl=zh-TW
鏢漢燒烤宵夜食堂 （非酒吧）,李季旻,4 則評論,2 年前,5 顆星,炭烤的東西便宜好吃,https://www.google.com/maps/contrib/116231828803756402140/reviews?hl=zh-TW
鏢漢燒烤宵夜食堂 （非酒吧）,陳科丞,1 則評論,2 年前,5 顆星,鹹豬肉好吃大推,https://www.google.com/maps/contrib/108276908425070366321/reviews?hl=zh-TW
鏢漢燒烤宵夜食堂 （非酒吧）,許丕睿,5 則評論 · 1 張相片,2 年前,5 顆星,雞心 杏鮑菇爆推 很爽,https://www.google.com/maps/contrib/118353010249701318282/reviews?hl=zh-TW
鏢漢燒烤宵夜食堂 （非酒吧）,Dora Yang,在地嚮導 · 18 則評論 · 21 張相片,2 年前,5 顆星,"經過時傳來的香味令人流連忘返
台南難得的深夜美食
撫慰我空虛的胃
推！",https://www.google.com/maps/contrib/110257082834246860209/reviews?hl=zh-TW
鏢漢燒烤宵夜食堂 （非酒吧）,Lian yuan Zeng,12 則評論,2 年前,5 顆星,,https://www.google.com/maps/contrib/111414446298567502211/reviews?hl=zh-TW
鏢漢燒烤宵夜食堂 （非酒吧）,羅璽阜,在地嚮導 · 37 則評論,3 年前,5 顆星,,https://www.google.com/maps/contrib/103331043845692247185/reviews?hl=zh-TW
鏢漢燒烤宵夜食堂 （非酒吧）,Tim Lin,8 則評論 · 2 張相片,3 年前,4 顆星,,https://www.google.com/maps/contrib/109018653287236765062/reviews?hl=zh-TW
鏢漢燒烤宵夜食堂 （非酒吧）,T Lin,在地嚮導 · 255 則評論 · 901 張相片,3 年前,5 顆星,讚！,https://www.google.com/maps/contrib/107576391916726188461/reviews?hl=zh-TW
鏢漢燒烤宵夜食堂 （非酒吧）,Chun,12 則評論 · 4 張相片,4 年前,4 顆星,,https://www.google.com/maps/contrib/103418650833481880386/reviews?hl=zh-TW
鏢漢燒烤宵夜食堂 （非酒吧）,喔烏龜喔烏龜,在地嚮導 · 30 則評論 · 44 張相片,4 年前,5 顆星,"超讚的喝酒必來
有飛鏢可打
老闆人超好",https://www.google.com/maps/contrib/111666278773618551360/reviews?hl=zh-TW
鏢漢燒烤宵夜食堂 （非酒吧）,Pericles Tsai,在地嚮導 · 20 則評論 · 3 張相片,4 年前,5 顆星,店內裝潢優、氣氛佳，有貓貓！,https://www.google.com/maps/contrib/107316035136842814499/reviews?hl=zh-TW
鏢漢燒烤宵夜食堂 （非酒吧）,蘇郁婷,"在地嚮導 · 434 則評論 · 1,553 張相片",4 年前,4 顆星,場地舒服，但位置不明顯。大東夜市附近,https://www.google.com/maps/contrib/114442251022833901095/reviews?hl=zh-TW
鏢漢燒烤宵夜食堂 （非酒吧）,陳宜嫻,8 則評論 · 1 張相片,4 年前,5 顆星,"貓貓可愛(((o(*ﾟ▽ﾟ*)o)))有貓就讚！
青蘋果很好喝！",https://www.google.com/maps/contrib/105982906637823480462/reviews?hl=zh-TW
鏢漢燒烤宵夜食堂 （非酒吧）,林采謙,9 則評論 · 5 張相片,4 年前,5 顆星,貓貓好香，還不來嚕爆，卡比羅斯卡好喝，喜歡~,https://www.google.com/maps/contrib/112147931839073667812/reviews?hl=zh-TW
鏢漢燒烤宵夜食堂 （非酒吧）,陳楨荃,10 則評論 · 15 張相片,4 年前,5 顆星,老闆超讚 有香噴噴的貓❤️❤️,https://www.google.com/maps/contrib/108475194924422828105/reviews?hl=zh-TW
鏢漢燒烤宵夜食堂 （非酒吧）,水水,9 則評論 · 4 張相片,4 年前,5 顆星,,https://www.google.com/maps/contrib/109972727284377548495/reviews?hl=zh-TW
鏢漢燒烤宵夜食堂 （非酒吧）,郭建志,1 則評論,4 年前,5 顆星,環境好，氣氛佳，有酒喝，有飛鏢射，有貓咪可玩，，，,https://www.google.com/maps/contrib/111860352958472384992/reviews?hl=zh-TW
鏢漢燒烤宵夜食堂 （非酒吧）,jay (阿Jay),在地嚮導 · 24 則評論 · 9 張相片,4 年前,5 顆星,有貓~,https://www.google.com/maps/contrib/117818028294709445984/reviews?hl=zh-TW
鏢漢燒烤宵夜食堂 （非酒吧）,陳宸宸,在地嚮導 · 29 則評論 · 6 張相片,4 年前,5 顆星,"貓咪可愛 環境好
想喝東西玩貓咪射飛鏢都來",https://www.google.com/maps/contrib/110076496572269424864/reviews?hl=zh-TW
鏢漢燒烤宵夜食堂 （非酒吧）,momo,在地嚮導 · 36 則評論 · 22 張相片,4 年前,5 顆星,"有可愛貓貓 店員們人又很親切٩(˃̶͈̀௰˂̶͈́)و
超推 氣氛超棒",https://www.google.com/maps/contrib/102026036557984908279/reviews?hl=zh-TW
鏢漢燒烤宵夜食堂 （非酒吧）,森,16 則評論 · 3 張相片,4 年前,5 顆星,環境好，服務人員親切，很棒,https://www.google.com/maps/contrib/103533352236078782319/reviews?hl=zh-TW
鏢漢燒烤宵夜食堂 （非酒吧）,Jok Liu,"在地嚮導 · 281 則評論 · 2,198 張相片",4 年前,5 顆星,"老闆很友善
玩鏢、撲克、骰子都有
飛鏢機台是鳳凰 …",https://www.google.com/maps/contrib/115666327300067884226/reviews?hl=zh-TW
鏢漢燒烤宵夜食堂 （非酒吧）,陳柏翰,,4 年前,5 顆星,,https://www.google.com/maps/contrib/103071824575435272586/reviews?hl=zh-TW
鏢漢燒烤宵夜食堂 （非酒吧）,彭宇謙,6 則評論,4 年前,5 顆星,"氣氛很好的酒吧
老闆推推👍🏻
Chill~ …",https://www.google.com/maps/contrib/107788991234263521654/reviews?hl=zh-TW
鏢漢燒烤宵夜食堂 （非酒吧）,李祐陞,15 則評論,4 年前,5 顆星,老闆健談 酒好喝～,https://www.google.com/maps/contrib/101822306718471341965/reviews?hl=zh-TW
鏢漢燒烤宵夜食堂 （非酒吧）,何品謙,6 則評論,4 年前,5 顆星,小藍真的親切又可愛,https://www.google.com/maps/contrib/111490379974016232428/reviews?hl=zh-TW
鏢漢燒烤宵夜食堂 （非酒吧）,Leo Lin,6 則評論,4 年前,5 顆星,"bartender根本天菜
調的酒又超好喝
環境舒適根本第二個家
pizza也是人間美味",https://www.google.com/maps/contrib/112239113989290472983/reviews?hl=zh-TW
鏢漢燒烤宵夜食堂 （非酒吧）,黃玟榤,6 則評論 · 1 張相片,4 年前,5 顆星,,https://www.google.com/maps/contrib/104764913555819835628/reviews?hl=zh-TW
鏢漢燒烤宵夜食堂 （非酒吧）,Lion,14 則評論 · 8 張相片,4 年前,5 顆星,氣氛好,https://www.google.com/maps/contrib/113146447644196901444/reviews?hl=zh-TW
鏢漢燒烤宵夜食堂 （非酒吧）,何育慈,在地嚮導 · 21 則評論 · 3 張相片,4 年前,5 顆星,"老闆超好聊調酒也好喝
不一定要射飛鏢也有牌可以玩
貓咪們超口愛很親人❤️",https://www.google.com/maps/contrib/101582796160710057921/reviews?hl=zh-TW
鏢漢燒烤宵夜食堂 （非酒吧）,趙心妍,1 則評論,4 年前,5 顆星,,https://www.google.com/maps/contrib/116235203089472845153/reviews?hl=zh-TW
鏢漢燒烤宵夜食堂 （非酒吧）,HsiangLing Huang,12 則評論 · 2 張相片,4 年前,5 顆星,有貓咪 酒好喝 超讚,https://www.google.com/maps/contrib/101526591354739607709/reviews?hl=zh-TW
鏢漢燒烤宵夜食堂 （非酒吧）,卓佳妤,在地嚮導 · 12 則評論,4 年前,5 顆星,很棒的地方 老闆很熱情👍👍 …,https://www.google.com/maps/contrib/101831144592832259623/reviews?hl=zh-TW
鏢漢燒烤宵夜食堂 （非酒吧）,拿扳手敲欺負薔薇的人,在地嚮導 · 40 則評論 · 6 張相片,4 年前,5 顆星,年輕人就是要來鏢漢打鏢呀!!牛肉麵又好吃~~~~,https://www.google.com/maps/contrib/117122903020540839404/reviews?hl=zh-TW
鏢漢燒烤宵夜食堂 （非酒吧）,范修瑋,3 則評論,4 年前,5 顆星,Bartender 很親切，環境很好沒有煙味，兩隻貓超可愛❤️,https://www.google.com/maps/contrib/106318474174537978330/reviews?hl=zh-TW
鏢漢燒烤宵夜食堂 （非酒吧）,李少白,在地嚮導 · 18 則評論,4 年前,5 顆星,改到長榮路的地點很不錯 有飛鏢也有桌遊 適合放鬆. 老闆親切大方 偶爾還會等客人玩到盡興.,https://www.google.com/maps/contrib/100875637101130902033/reviews?hl=zh-TW
鏢漢燒烤宵夜食堂 （非酒吧）,石凱文,2 則評論,4 年前,5 顆星,壞境優美 調酒不錯喝,https://www.google.com/maps/contrib/103311162586969501529/reviews?hl=zh-TW
鏢漢燒烤宵夜食堂 （非酒吧）,林庭緯,2 則評論,4 年前,5 顆星,環境優美 在大東夜市旁邊 一二五還可以帶外食,https://www.google.com/maps/contrib/101490496964279148076/reviews?hl=zh-TW
鏢漢燒烤宵夜食堂 （非酒吧）,YanTing Lin,14 則評論 · 5 張相片,4 年前,5 顆星,環境很好 給人很舒服的感覺 外面還有陽台可以抽煙 兩隻貓很可愛 在飛鏢吧可以喝到很不錯的調酒 物超所值,https://www.google.com/maps/contrib/104219103363887021633/reviews?hl=zh-TW
鏢漢燒烤宵夜食堂 （非酒吧）,Rido Chen (綠豆),"在地嚮導 · 228 則評論 · 6,600 張相片",4 年前,5 顆星,,https://www.google.com/maps/contrib/103356489801559214761/reviews?hl=zh-TW
鏢漢燒烤宵夜食堂 （非酒吧）,陳玟伶,4 則評論,4 年前,5 顆星,,https://www.google.com/maps/contrib/118149002504900456109/reviews?hl=zh-TW
鏢漢燒烤宵夜食堂 （非酒吧）,張張,9 則評論,4 年前,5 顆星,,https://www.google.com/maps/contrib/110604941665130187576/reviews?hl=zh-TW
鏢漢燒烤宵夜食堂 （非酒吧）,黃妤婕,7 則評論,4 年前,5 顆星,,https://www.google.com/maps/contrib/116731176154743602058/reviews?hl=zh-TW
鏢漢燒烤宵夜食堂 （非酒吧）,Peter小勳,在地嚮導 · 15 則評論 · 45 張相片,5 年前,5 顆星,老闆跟店員都非常的棒也非常的好客，而且就算你們不會飛鏢或者不知道怎麼玩店員跟老闆也都會非常用心的教導而且裡面也要販賣各式鏢品跟美食還有各式酒類可以讓大家做選擇！  激推,https://www.google.com/maps/contrib/113786835364235758192/reviews?hl=zh-TW
鏢漢燒烤宵夜食堂 （非酒吧）,James Jou,6 則評論,5 年前,5 顆星,,https://www.google.com/maps/contrib/106497694630878998001/reviews?hl=zh-TW
鏢漢燒烤宵夜食堂 （非酒吧）,蘇宏穎,在地嚮導 · 1 則評論 · 1 張相片,5 年前,5 顆星,,https://www.google.com/maps/contrib/103753945882476271269/reviews?hl=zh-TW
鏢漢燒烤宵夜食堂 （非酒吧）,陳映羽,"在地嚮導 · 295 則評論 · 1,797 張相片",5 年前,5 顆星,老闆很親切，價位合理，很有人情味,https://www.google.com/maps/contrib/100392931856966678342/reviews?hl=zh-TW
鏢漢燒烤宵夜食堂 （非酒吧）,yung chang chen,在地嚮導 · 11 則評論 · 5 張相片,5 年前,5 顆星,,https://www.google.com/maps/contrib/103135370100424749964/reviews?hl=zh-TW
鏢漢燒烤宵夜食堂 （非酒吧）,Garry Yeung,"在地嚮導 · 1,084 則評論 · 5,619 張相片",5 年前,4 顆星,"老闆很親切
二樓飛鏢可以 $100 鏢到飽 但還是要低消一杯飲料",https://www.google.com/maps/contrib/109408391225484508113/reviews?hl=zh-TW
鏢漢燒烤宵夜食堂 （非酒吧）,王仁宏,在地嚮導 · 60 則評論 · 31 張相片,5 年前,4 顆星,,https://www.google.com/maps/contrib/114882623345259072001/reviews?hl=zh-TW
鏢漢燒烤宵夜食堂 （非酒吧）,西川梓奈（Nishikawa_Shina）,在地嚮導 · 33 則評論 · 12 張相片,5 年前,5 顆星,,https://www.google.com/maps/contrib/118307853362996395704/reviews?hl=zh-TW
鏢漢燒烤宵夜食堂 （非酒吧）,AC,在地嚮導 · 90 則評論 · 63 張相片,5 年前,5 顆星,"老闆人超好 想喝什麼想玩什麼跟老闆說
下面是跟老闆要求的特調",https://www.google.com/maps/contrib/106999392852310991009/reviews?hl=zh-TW
鏢漢燒烤宵夜食堂 （非酒吧）,邱大皮,"在地嚮導 · 155 則評論 · 1,597 張相片",5 年前,5 顆星,老闆親切好聊,https://www.google.com/maps/contrib/101396943015257528060/reviews?hl=zh-TW
鏢漢燒烤宵夜食堂 （非酒吧）,Ivan Cheng,在地嚮導 · 82 則評論 · 13 張相片,5 年前,5 顆星,放鬆的去處,https://www.google.com/maps/contrib/104733404316067686749/reviews?hl=zh-TW
鏢漢燒烤宵夜食堂 （非酒吧）,Wen Zhu,9 則評論 · 6 張相片,5 年前,5 顆星,,https://www.google.com/maps/contrib/102966528508547069440/reviews?hl=zh-TW
鏢漢燒烤宵夜食堂 （非酒吧）,蔡宗奇,在地嚮導 · 16 則評論 · 15 張相片,6 年前,5 顆星,,https://www.google.com/maps/contrib/105019807364201462725/reviews?hl=zh-TW
鏢漢燒烤宵夜食堂 （非酒吧）,陳紫穎,5 則評論,6 年前,5 顆星,,https://www.google.com/maps/contrib/107496525881287878261/reviews?hl=zh-TW
鏢漢燒烤宵夜食堂 （非酒吧）,Steven,在地嚮導 · 107 則評論 · 44 張相片,6 年前,5 顆星,老闆很nice,https://www.google.com/maps/contrib/112490159559160165689/reviews?hl=zh-TW
鏢漢燒烤宵夜食堂 （非酒吧）,Rain,在地嚮導 · 2 則評論 · 271 張相片,6 年前,4 顆星,,https://www.google.com/maps/contrib/117511924615136652618/reviews?hl=zh-TW
鏢漢燒烤宵夜食堂 （非酒吧）,吳芓葳職安碩專（夢遊Joännä凱莉）,在地嚮導 · 60 則評論 · 322 張相片,6 年前,4 顆星,打鏢好去處，裡面還有綠茶,https://www.google.com/maps/contrib/113934908909283387937/reviews?hl=zh-TW
鏢漢燒烤宵夜食堂 （非酒吧）,Craig Bossley,"在地嚮導 · 629 則評論 · 4,744 張相片",6 年前,5 顆星,他們目前（2018 年 9 月）正在經歷所有權變更，但空間很小，可以玩飛鏢、喝點飲料或抽根菸。這很有趣,https://www.google.com/maps/contrib/100662311680296276670/reviews?hl=zh-TW
鏢漢燒烤宵夜食堂 （非酒吧）,游仁和,"在地嚮導 · 108 則評論 · 2,132 張相片",6 年前,5 顆星,店內調酒令人為之驚艷，老闆毛哥幽默風趣((長相也很幽默,https://www.google.com/maps/contrib/113993978419057287115/reviews?hl=zh-TW
鏢漢燒烤宵夜食堂 （非酒吧）,jer le Lin,在地嚮導 · 20 則評論 · 5 張相片,6 年前,5 顆星,,https://www.google.com/maps/contrib/100134471308387325145/reviews?hl=zh-TW
鏢漢燒烤宵夜食堂 （非酒吧）,Yeh Tony,在地嚮導 · 283 則評論 · 885 張相片,6 年前,5 顆星,,https://www.google.com/maps/contrib/113605840521584166461/reviews?hl=zh-TW
鏢漢燒烤宵夜食堂 （非酒吧）,YUNG-HSIN LIN,"在地嚮導 · 223 則評論 · 1,747 張相片",6 年前,5 顆星,,https://www.google.com/maps/contrib/103358240213180208149/reviews?hl=zh-TW
鏢漢燒烤宵夜食堂 （非酒吧）,黃茂墉,在地嚮導 · 19 則評論,6 年前,4 顆星,,https://www.google.com/maps/contrib/113189734932019375023/reviews?hl=zh-TW
鏢漢燒烤宵夜食堂 （非酒吧）,chen hungjui,"在地嚮導 · 32 則評論 · 2,697 張相片",6 年前,5 顆星,,https://www.google.com/maps/contrib/100265009839234003944/reviews?hl=zh-TW
鏢漢燒烤宵夜食堂 （非酒吧）,Matthew Coles,在地嚮導 · 9 則評論 · 3 張相片,7 年前,5 顆星,非常有趣，是玩飛鏢遊戲的好地方。,https://www.google.com/maps/contrib/100500564094100940439/reviews?hl=zh-TW
鏢漢燒烤宵夜食堂 （非酒吧）,孫鋅瀚,3 則評論,7 年前,5 顆星,店長是個正妹！,https://www.google.com/maps/contrib/103225737706915576305/reviews?hl=zh-TW
越周到台越美食,便隨,8 則評論 · 5 張相片,1 天前,5 顆星,,https://www.google.com/maps/contrib/104277951020468054065/reviews?hl=zh-TW
越周到台越美食,草莓糖葫蘆,在地嚮導 · 14 則評論 · 6 張相片,1 天前,5 顆星,"內用環境乾淨
服務態度很棒😍",https://www.google.com/maps/contrib/101712739351932550805/reviews?hl=zh-TW
越周到台越美食,蔡柏帆,1 張相片,1 天前,5 顆星,好吃,https://www.google.com/maps/contrib/111079238868401549273/reviews?hl=zh-TW
越周到台越美食,angie Yen,9 則評論,2 天前,5 顆星,口味清爽 食材新鮮鮮甜 份量很足夠 (可能快打烊老闆默默加送很多^^）CP值很高 有種回家吃飯的親切放鬆的氛圍  老闆已準備搾好的新鮮檸檬汁放冰箱 就不用再自己動手手擠檸檬汁到河粉裡了 很棒,https://www.google.com/maps/contrib/104002311637101777923/reviews?hl=zh-TW
越周到台越美食,Mitch Wu,在地嚮導 · 21 則評論 · 24 張相片,2 天前,5 顆星,皮蛋瘦肉粥、海鮮河粉清爽好吃～老闆娘好親切,https://www.google.com/maps/contrib/101391082017329364367/reviews?hl=zh-TW
越周到台越美食,lee jocelyn,1 則評論,2 天前,4 顆星,"河粉的湯頭海鮮～很鮮美，份量也很大
老闆娘還送好吃的茶葉蛋，很開心👍🏻
雖然在武聖夜市裡面，但店裡面很舒服呢 …",https://www.google.com/maps/contrib/105933518057464874390/reviews?hl=zh-TW
越周到台越美食,成凱西,8 則評論 · 4 張相片,3 天前,5 顆星,老板娘熱情的招待自己私廚料理，及介紹武聖夜市小吃，地點離夜市近，推~,https://www.google.com/maps/contrib/102325999959919773761/reviews?hl=zh-TW
越周到台越美食,Kwanwon,10 則評論 · 6 張相片,4 天前,5 顆星,"超級好吃！！！有淡淡的檸檬味 好喜歡
不會太油膩
而且很便宜！ 超級大碗😭

老闆娘還請了滷蛋～下次再去買！！！",https://www.google.com/maps/contrib/100174886102213741213/reviews?hl=zh-TW
越周到台越美食,呂雞蛋妹,7 則評論,4 天前,5 顆星,,https://www.google.com/maps/contrib/112775636748507050954/reviews?hl=zh-TW
越周到台越美食,Liou C.Y,在地嚮導 · 12 則評論,5 天前,5 顆星,划算，好吃，冷氣很舒服！環境乾淨,https://www.google.com/maps/contrib/107193285729234239141/reviews?hl=zh-TW
越周到台越美食,多多綠,在地嚮導 · 8 則評論 · 68 張相片,1 週前,5 顆星,點了海鮮河粉和豬腳，老闆娘送蔥蛋(太棒了)，海鮮河粉加檸檬汁後，湯口味更鮮甜，為什麼這樣我也不知道，好吃，豬腳也不錯，好吃，滷到有夠入味，下次出差經過再來吃其它項,https://www.google.com/maps/contrib/106769196506585132412/reviews?hl=zh-TW
越周到台越美食,沈美娟,在地嚮導 · 14 則評論 · 10 張相片,1 週前,5 顆星,老闆娘很親切，食物好吃！湯頭是用心熬煮的！位置雖不多，但有冷氣。,https://www.google.com/maps/contrib/115612373827533998330/reviews?hl=zh-TW
越周到台越美食,陳悦,在地嚮導 · 53 則評論 · 44 張相片,1 週前,5 顆星,"河粉湯頭清甜
老闆娘非常客氣服務非常好
店內有冷氣不怕吃的滿頭大汗
老闆娘自己做的辣椒非常有勁
喜歡吃辣的可以加一些！",https://www.google.com/maps/contrib/104244506819442807971/reviews?hl=zh-TW
越周到台越美食,沈冠宏,3 則評論,1 週前,5 顆星,,https://www.google.com/maps/contrib/117197349525829378387/reviews?hl=zh-TW
越周到台越美食,Zei,14 則評論 · 4 張相片,1 週前,5 顆星,好吃,https://www.google.com/maps/contrib/114699864465377707304/reviews?hl=zh-TW
越周到台越美食,Vadym Kaplun,在地嚮導 · 56 則評論 · 35 張相片,1 週前,5 顆星,煮得很快，非常友好，美味，而且價格合理。謝謝你！,https://www.google.com/maps/contrib/117704977427714754471/reviews?hl=zh-TW
越周到台越美食,你好,1 則評論,2 週前,5 顆星,東西好吃，份量足夠，價格實惠，老闆娘人很好👍,https://www.google.com/maps/contrib/112113838023169529075/reviews?hl=zh-TW
越周到台越美食,Debbie Huang,在地嚮導 · 14 則評論 · 12 張相片,2 週前,5 顆星,,https://www.google.com/maps/contrib/115875033068463662985/reviews?hl=zh-TW
越周到台越美食,cyc chien,在地嚮導 · 190 則評論 · 373 張相片,2 週前,4 顆星,"不是一般的飯湯粥,是用米熬煮的粥真材實料。",https://www.google.com/maps/contrib/104684945425427707184/reviews?hl=zh-TW
越周到台越美食,momo0124,在地嚮導 · 204 則評論 · 134 張相片,2 週前,5 顆星,好吃！,https://www.google.com/maps/contrib/100798076893410030180/reviews?hl=zh-TW
越周到台越美食,董卓軍,在地嚮導 · 13 則評論 · 6 張相片,2 週前,5 顆星,這是粥，不是飯加湯，放心來買,https://www.google.com/maps/contrib/113735286619990622593/reviews?hl=zh-TW
越周到台越美食,907 K,1 則評論,2 週前,5 顆星,好吃，方便,https://www.google.com/maps/contrib/115465898980449191397/reviews?hl=zh-TW
越周到台越美食,柳耀勛,5 則評論 · 3 張相片,2 週前,5 顆星,,https://www.google.com/maps/contrib/105139557405465443154/reviews?hl=zh-TW
越周到台越美食,Catherine,35 則評論 · 21 張相片,2 週前,5 顆星,"第一次買就被圈粉了🤤🤤
太好吃了吧
買了一碗鍋燒意麵跟豬肉河粉
小孩第一次主動說還要菜跟肉😱
一直說好好吃喔！明天還要再吃
豬肉河粉也超好吃😋我明天還要吃",https://www.google.com/maps/contrib/111095922549869879878/reviews?hl=zh-TW
越周到台越美食,loliba08,在地嚮導 · 221 則評論 · 358 張相片,3 週前,5 顆星,好吃 新鮮又健康,https://www.google.com/maps/contrib/114345040542009696309/reviews?hl=zh-TW
越周到台越美食,范亞靜,1 則評論,3 週前,5 顆星,,https://www.google.com/maps/contrib/111974859938685909837/reviews?hl=zh-TW
越周到台越美食,柔安,1 則評論 · 1 張相片,3 週前,5 顆星,"在foodpanda 上下單了豬肉河粉
湯麵有分開裝 另外付了檸檬汁
湯頭清甜 份量足料又多 價錢不貴 cp值高！
而且闆娘很熱情 還多送了份蔥花蛋招待
推薦大家都來嚐嚐看😋",https://www.google.com/maps/contrib/117047750713990547854/reviews?hl=zh-TW
越周到台越美食,Leona,12 則評論 · 3 張相片,3 週前,5 顆星,闆娘很親切，食材新鮮，東西好吃😋,https://www.google.com/maps/contrib/101014896674713729962/reviews?hl=zh-TW
越周到台越美食,Yic Su,16 則評論 · 5 張相片,3 週前,5 顆星,東西好吃 老闆娘非常健談^^,https://www.google.com/maps/contrib/104425931305092755514/reviews?hl=zh-TW
越周到台越美食,陳冠瑋,9 則評論 · 1 張相片,3 週前,5 顆星,"老闆娘很nice ,份量超多",https://www.google.com/maps/contrib/107017887398674932777/reviews?hl=zh-TW
越周到台越美食,楊庭绒,10 則評論 · 5 張相片,3 週前,5 顆星,"份量很大
湯頭很棒",https://www.google.com/maps/contrib/115257547531375148018/reviews?hl=zh-TW
越周到台越美食,潘嘉宇,2 則評論,4 週前,5 顆星,料多價格公道 闆娘超Nice！,https://www.google.com/maps/contrib/114452213297220680059/reviews?hl=zh-TW
越周到台越美食,張熊熊,10 則評論 · 1 張相片,4 週前,5 顆星,料很實在，口味不錯，cp值高的店！,https://www.google.com/maps/contrib/116621548516727122322/reviews?hl=zh-TW
越周到台越美食,陳平芳,5 則評論,4 週前,5 顆星,別人推薦來的 老闆娘人很親切 推推,https://www.google.com/maps/contrib/117276273548953206848/reviews?hl=zh-TW
越周到台越美食,R.T. CC,2 則評論,4 週前,5 顆星,餐點好吃，蔥蛋好吃，雖然小小店家，但口味不錯,https://www.google.com/maps/contrib/105312232078549756149/reviews?hl=zh-TW
越周到台越美食,吳柏緯,6 則評論,1 個月前,5 顆星,老闆娘很親切，用料品質很好，食材非常新鮮，下次一定會再來訪,https://www.google.com/maps/contrib/109022808298529515074/reviews?hl=zh-TW
越周到台越美食,Lijung Lin,1 則評論 · 2 張相片,1 個月前,5 顆星,這家店很不錯，靠近武聖夜市的巷子裡，老闆說湯是自己熬煮、肉片是腰內肉、鍋燒除了甜不辣和肉丸之外其餘都是新鮮食材。今天點了海鮮河粉，裡面有大顆蛤蜊、蝦子、花枝和肉片，味道清爽好吃，很讚！下次要來嚐嚐特製無菜單餐盒,https://www.google.com/maps/contrib/108760366560144859793/reviews?hl=zh-TW
越周到台越美食,鹿珂,6 則評論,1 個月前,5 顆星,"四訪店家🤣老闆娘人很好很可愛🥺
皮蛋瘦肉粥真的很好吃 買第四次了🤣
讚讚👍",https://www.google.com/maps/contrib/103293081277485666198/reviews?hl=zh-TW
越周到台越美食,蘇彥蓁,11 則評論 · 3 張相片,1 個月前,5 顆星,老闆娘很親切，這次點的是牛肉河粉，湯頭鮮美，茶葉蛋很入味，下次還想嚐嚐其他產品，首次體驗非常好👍 …,https://www.google.com/maps/contrib/107035880709983026198/reviews?hl=zh-TW
越周到台越美食,JOHN,9 則評論 · 2 張相片,1 個月前,5 顆星,老闆娘人很好😆,https://www.google.com/maps/contrib/117971686270951571112/reviews?hl=zh-TW
越周到台越美食,Ya wen Chan,在地嚮導 · 39 則評論 · 3 張相片,1 個月前,5 顆星,老闆娘人很好！東西也好吃 會再回訪🫶 …,https://www.google.com/maps/contrib/107668131518228766900/reviews?hl=zh-TW
越周到台越美食,shun-kai Lin,在地嚮導 · 7 則評論 · 31 張相片,1 個月前,5 顆星,,https://www.google.com/maps/contrib/107370483555011618196/reviews?hl=zh-TW
越周到台越美食,陳宗遠,3 則評論,1 個月前,5 顆星,老闆看到我們一團人來後，直接收拾她在使用的桌子讓我們併桌，之後還送了我們滷蛋，實在是人很好。,https://www.google.com/maps/contrib/102252190308279165456/reviews?hl=zh-TW
越周到台越美食,monica Wang,2 則評論,1 個月前,5 顆星,非常好吃,https://www.google.com/maps/contrib/115316103054308825114/reviews?hl=zh-TW
越周到台越美食,芳稼,12 則評論 · 3 張相片,1 個月前,5 顆星,,https://www.google.com/maps/contrib/113228434338693046709/reviews?hl=zh-TW
越周到台越美食,Zoya L,,1 個月前,5 顆星,,https://www.google.com/maps/contrib/107791706267494912448/reviews?hl=zh-TW
越周到台越美食,歐家宏,,1 個月前,5 顆星,,https://www.google.com/maps/contrib/105446879112209216989/reviews?hl=zh-TW
越周到台越美食,黃宜聖,10 則評論,1 個月前,5 顆星,老闆娘人很大方，食物也很好吃,https://www.google.com/maps/contrib/106634864639718799175/reviews?hl=zh-TW
越周到台越美食,蔡繡安,5 則評論 · 4 張相片,1 個月前,5 顆星,還不錯吃⋯⋯如果有辣椒醬就更好了⋯⋯,https://www.google.com/maps/contrib/112563716334681383121/reviews?hl=zh-TW
越周到台越美食,侯廷錡,"在地嚮導 · 277 則評論 · 1,227 張相片",1 個月前,5 顆星,好吃,https://www.google.com/maps/contrib/111348916971700224010/reviews?hl=zh-TW
越周到台越美食,沈昕盐,1 則評論,1 個月前,5 顆星,因為老闆不小心忘記放蛤蜊，還免費送了一顆茶葉蛋，嘿嘿,https://www.google.com/maps/contrib/114229345599254136592/reviews?hl=zh-TW
越周到台越美食,蕭圓圓,在地嚮導 · 24 則評論 · 4 張相片,1 個月前,5 顆星,餐點好吃，老闆娘很好客,https://www.google.com/maps/contrib/104370929317017943220/reviews?hl=zh-TW
越周到台越美食,張耘芝,10 則評論 · 10 張相片,1 個月前,5 顆星,粥是米熬的很軟的粥！河粉的湯也熬的很香！便當配菜不馬虎認真好吃😋,https://www.google.com/maps/contrib/111364485454820467566/reviews?hl=zh-TW
越周到台越美食,黃綮宥,4 則評論,1 個月前,5 顆星,,https://www.google.com/maps/contrib/109849494054268064585/reviews?hl=zh-TW
越周到台越美食,Ri Yu,在地嚮導 · 19 則評論 · 5 張相片,1 個月前,5 顆星,"營業到很晚～～!!!!
老闆娘超好的
東西很好吃!!
辣粉有兩種可以選擇
（不過還是希望有生辣椒(*¯︶¯*)）",https://www.google.com/maps/contrib/111313070659606452571/reviews?hl=zh-TW
越周到台越美食,楊曉琳,4 則評論,1 個月前,5 顆星,越周到 在外送平台已回購數次 很好吃 料多實在 今天店家還送五顆茶葉蛋（超級香）謝謝闆娘招待,https://www.google.com/maps/contrib/113057101416336179251/reviews?hl=zh-TW
越周到台越美食,五元,4 則評論,1 個月前,5 顆星,第一次吃 體驗很不錯 闆娘也很熱情 招待了餐點,https://www.google.com/maps/contrib/106423053352073045204/reviews?hl=zh-TW
越周到台越美食,宋星瀚,在地嚮導 · 90 則評論 · 12 張相片,1 個月前,5 顆星,感動….老闆娘幫我外送皮蛋瘦肉粥！服務很好👍,https://www.google.com/maps/contrib/106037213255850484990/reviews?hl=zh-TW
越周到台越美食,杜昇茂,4 則評論 · 2 張相片,1 個月前,5 顆星,天然食材適合全家人的餐點,https://www.google.com/maps/contrib/114536620234044270539/reviews?hl=zh-TW
越周到台越美食,Allie Chen,4 則評論 · 11 張相片,1 個月前,5 顆星,"二訪的好店家，夏天有冷氣可以吹，不怕喝熱湯流汗～
闆娘很親切可愛！看評論大家推薦皮蛋瘦肉粥，真的好好吃🤤 …",https://www.google.com/maps/contrib/103370718050991515558/reviews?hl=zh-TW
越周到台越美食,洪耀南（Dapper Hung）,在地嚮導 · 6 則評論 · 258 張相片,1 個月前,5 顆星,,https://www.google.com/maps/contrib/113601722922496173457/reviews?hl=zh-TW
越周到台越美食,Evangeline劉玉琳,20 則評論 · 5 張相片,1 個月前,5 顆星,老板娘很貼心，冬天喝熱湯最適合了,https://www.google.com/maps/contrib/100185915106974935204/reviews?hl=zh-TW
越周到台越美食,氨,4 則評論 · 5 張相片,1 個月前,5 顆星,,https://www.google.com/maps/contrib/118036338273558898095/reviews?hl=zh-TW
越周到台越美食,吳展霈,5 則評論 · 1 張相片,1 個月前,5 顆星,環境整潔，餐點好吃價格合理，老闆娘隨時都保持笑容,https://www.google.com/maps/contrib/115957763791293588577/reviews?hl=zh-TW
越周到台越美食,Pu Pu,6 則評論 · 2 張相片,1 個月前,5 顆星,第一次吃 有請蔥蛋 還不錯,https://www.google.com/maps/contrib/116862952888292641866/reviews?hl=zh-TW
越周到台越美食,Queena Q,在地嚮導 · 72 則評論 · 19 張相片,1 個月前,5 顆星,滿滿營養，讚讚,https://www.google.com/maps/contrib/112119990315562295406/reviews?hl=zh-TW
越周到台越美食,李橘子,6 則評論,1 個月前,5 顆星,老闆娘非常的親切，餐點也好吃😛,https://www.google.com/maps/contrib/109442829303595511145/reviews?hl=zh-TW
越周到台越美食,qaz33787,在地嚮導 · 10 則評論,1 個月前,5 顆星,"隱藏巷弄裡的小店，乾淨衛生
河粉湯頭清甜好吃
開到晚上10點，晚下班的人也可以吃到熱騰騰的料理👍 …",https://www.google.com/maps/contrib/114261014599096608952/reviews?hl=zh-TW
越周到台越美食,邱宛屏,10 則評論 · 9 張相片,1 個月前,5 顆星,老板娘態度親切，用料實在，餐點細緻，適合早午餐，廣東粥料多，香氣逼人，值得一試！,https://www.google.com/maps/contrib/109490498731435440889/reviews?hl=zh-TW
越周到台越美食,無宇,在地嚮導 · 22 則評論 · 3 張相片,1 個月前,5 顆星,店面不大但簡約乾淨，要外帶可以先打電話點餐，價格實惠，還有提供洗手間,https://www.google.com/maps/contrib/112615642443672604299/reviews?hl=zh-TW
越周到台越美食,李寶根,在地嚮導 · 20 則評論 · 33 張相片,1 個月前,5 顆星,老闆娘超熱情，粥跟意麵都超好吃的，超級推薦可以來試試看～,https://www.google.com/maps/contrib/111806298504625160398/reviews?hl=zh-TW
越周到台越美食,史瑞克,8 則評論 · 2 張相片,1 個月前,5 顆星,"老闆娘親切
意麵跟粥都有水準
蝦子新鮮",https://www.google.com/maps/contrib/117780616223488934185/reviews?hl=zh-TW
越周到台越美食,葉大君,2 則評論,1 個月前,5 顆星,,https://www.google.com/maps/contrib/108864142158072441043/reviews?hl=zh-TW
越周到台越美食,王姵絨,6 則評論 · 1 張相片,1 個月前,5 顆星,餐點好吃 老闆娘人很好,https://www.google.com/maps/contrib/116698167679375961609/reviews?hl=zh-TW
越周到台越美食,Money Chang,4 則評論,1 個月前,4 顆星,"點了：豬肉河粉、蔥花蛋、一份小菜。
經濟實惠，吃好飽，像回家吃飯的感覺，很放鬆！",https://www.google.com/maps/contrib/102456386720496786340/reviews?hl=zh-TW
越周到台越美食,謝Aho,30 則評論 · 13 張相片,1 個月前,5 顆星,"很好吃，用料豐富！
謝謝老闆的茶葉蛋😁",https://www.google.com/maps/contrib/110615010242204921203/reviews?hl=zh-TW
越周到台越美食,woanyuh song,在地嚮導 · 12 則評論 · 79 張相片,1 個月前,5 顆星,,https://www.google.com/maps/contrib/118048735689437696396/reviews?hl=zh-TW
越周到台越美食,祐慈,3 則評論,1 個月前,5 顆星,好吃又便宜,https://www.google.com/maps/contrib/105702611501306614425/reviews?hl=zh-TW
越周到台越美食,fish yu,10 則評論 · 4 張相片,1 個月前,5 顆星,河粉價格划算份量足，口味清爽，打卡有送茶葉蛋,https://www.google.com/maps/contrib/112165979287209440866/reviews?hl=zh-TW
越周到台越美食,CHOU JJL,3 則評論,1 個月前,5 顆星,河粉好吃，價錢便宜，cp值很高,https://www.google.com/maps/contrib/103746408369438565157/reviews?hl=zh-TW
越周到台越美食,burgeon1987,在地嚮導 · 35 則評論,1 個月前,5 顆星,鍋燒意麵湯頭不錯，皮蛋瘦肉粥好吃😋闆娘人很客氣,https://www.google.com/maps/contrib/106312564309321575849/reviews?hl=zh-TW
越周到台越美食,Hua,2 則評論,1 個月前,5 顆星,好吃 好飽,https://www.google.com/maps/contrib/101531818831588055006/reviews?hl=zh-TW
越周到台越美食,陳俐雯,在地嚮導 · 20 則評論 · 5 張相片,1 個月前,5 顆星,"河粉好吃且料多
闆娘客氣送蔥蛋",https://www.google.com/maps/contrib/114856619316805681197/reviews?hl=zh-TW
越周到台越美食,白世昌,3 則評論 · 7 張相片,1 個月前,5 顆星,自己是三餐老是在外的人，第一次來吃，感覺就是家裡在煮的家常菜一樣。,https://www.google.com/maps/contrib/102956821507447615276/reviews?hl=zh-TW
越周到台越美食,La Cotto,在地嚮導 · 100 則評論 · 97 張相片,1 個月前,5 顆星,"湯頭鮮美，要親自品嚐才能體會到版娘的用心，不吝嗇的選用溫體豬肉來做鍋燒意麵的配菜，新鮮美味，
大推健康餐盒，配菜不是單純水煮的味道，主菜肉品不油不膩！值得推薦，但建議要預約喔~",https://www.google.com/maps/contrib/103032676326012352799/reviews?hl=zh-TW
越周到台越美食,王曉蜂,2 則評論,1 個月前,5 顆星,薑母鴨好吃，老闆娘人美心善，對客人一級棒,https://www.google.com/maps/contrib/100229079948815524973/reviews?hl=zh-TW
越周到台越美食,王秋萍,1 則評論,1 個月前,4 顆星,,https://www.google.com/maps/contrib/106704266612614697118/reviews?hl=zh-TW
越周到台越美食,Xi Lun Zhang,7 則評論 · 2 張相片,1 個月前,5 顆星,老闆、老闆娘親切，粥很好吃，很常來這邊吃粥,https://www.google.com/maps/contrib/104158126879846789826/reviews?hl=zh-TW
越周到台越美食,Rita Lee,在地嚮導 · 34 則評論 · 14 張相片,1 個月前,4 顆星,河粉CP值很高，味道也還不錯,https://www.google.com/maps/contrib/113455867723480117524/reviews?hl=zh-TW
越周到台越美食,LyTW Hol,2 則評論,1 個月前,5 顆星,我吃了海鮮河粉。我很高興這是一個很大的數字。我收到了一份煎蛋捲作為服務。,https://www.google.com/maps/contrib/117282949581542227270/reviews?hl=zh-TW
越周到台越美食,Shih Allen,13 則評論 · 2 張相片,1 個月前,5 顆星,"河粉加入檸檬汁後 酸爽開胃
湯頭清甜 老闆娘熱情待客☺️",https://www.google.com/maps/contrib/111998911753434789954/reviews?hl=zh-TW
越周到台越美食,cy g,9 則評論 · 2 張相片,1 個月前,5 顆星,闆娘人超好！🥰,https://www.google.com/maps/contrib/114862246550796689188/reviews?hl=zh-TW
越周到台越美食,買雅雯,在地嚮導 · 6 則評論 · 62 張相片,1 個月前,5 顆星,闆娘非常親切，河粉湯頭鮮甜，重點是冷氣很涼,https://www.google.com/maps/contrib/115476077742774572241/reviews?hl=zh-TW
越周到台越美食,周慧庭,1 則評論 · 1 張相片,1 個月前,5 顆星,老闆娘人超好很客氣，份量也很足夠東西又好吃😋👍 …,https://www.google.com/maps/contrib/108366204658911819607/reviews?hl=zh-TW
越周到台越美食,李邦誠,14 則評論 · 1 張相片,1 個月前,5 顆星,,https://www.google.com/maps/contrib/107575446694741593884/reviews?hl=zh-TW
越周到台越美食,周雅芬,3 則評論,1 個月前,5 顆星,,https://www.google.com/maps/contrib/104719161663689587046/reviews?hl=zh-TW
越周到台越美食,張順利,2 則評論,1 個月前,5 顆星,這家店美食很周司,https://www.google.com/maps/contrib/116734325096585224866/reviews?hl=zh-TW
越周到台越美食,Jay A,6 則評論 · 1 張相片,1 個月前,5 顆星,方便又好吃,https://www.google.com/maps/contrib/113463267768669553061/reviews?hl=zh-TW
越周到台越美食,王子漢,4 則評論 · 3 張相片,1 個月前,5 顆星,好吃,https://www.google.com/maps/contrib/104936360484169176149/reviews?hl=zh-TW
越周到台越美食,林沂,7 則評論 · 3 張相片,2 個月前,5 顆星,"突然很想吃粥，在估狗上找到這間
雖然在巷子裡但很好找
老闆娘很親切，粥也很好吃
下次想吃吃看鍋燒意麵❤️",https://www.google.com/maps/contrib/100048446580876170767/reviews?hl=zh-TW
越周到台越美食,Ruby Kuo,3 則評論,2 個月前,5 顆星,海鮮河粉好吃料又多，超推,https://www.google.com/maps/contrib/106063768705647593506/reviews?hl=zh-TW
越周到台越美食,雨小,2 則評論 · 1 張相片,2 個月前,5 顆星,"鍋燒烏龍 湯都好喝
老闆親切",https://www.google.com/maps/contrib/101366672300736081364/reviews?hl=zh-TW
越周到台越美食,廖珮妘,9 則評論 · 3 張相片,2 個月前,5 顆星,老闆娘很親切🫶🫶 …,https://www.google.com/maps/contrib/106344941081190224493/reviews?hl=zh-TW
越周到台越美食,Peter Wu (JK),3 則評論,2 個月前,5 顆星,"我在foodpanda點外賣的
餐點份量很足夠 很好吃 味道有店舖特色
愛上了 吃飽飽的",https://www.google.com/maps/contrib/116326098536980955843/reviews?hl=zh-TW
越周到台越美食,蔡旻衡,在地嚮導 · 19 則評論 · 10 張相片,2 個月前,5 顆星,"老闆娘很客氣  這次去還多送了一顆茶葉蛋👍
他們家的粥 真滴讚 粥就要有粥的樣子 米要煮到爛 這能叫做粥 …",https://www.google.com/maps/contrib/102586880924450369821/reviews?hl=zh-TW
越周到台越美食,陳一誠,在地嚮導 · 47 則評論 · 19 張相片,2 個月前,5 顆星,親和力十足，料理實在，物美價廉👍👍👍,https://www.google.com/maps/contrib/112852759567254704850/reviews?hl=zh-TW
越周到台越美食,卓子鈞,在地嚮導 · 38 則評論 · 10 張相片,2 個月前,5 顆星,好吃 老闆還送煎蛋,https://www.google.com/maps/contrib/103178464511135266039/reviews?hl=zh-TW
越周到台越美食,周韋漢,8 則評論 · 2 張相片,2 個月前,5 顆星,冷冷的天來這裡吃熱熱的河粉 讚👍 老闆還有招待蔥蛋,https://www.google.com/maps/contrib/116023767102164876482/reviews?hl=zh-TW
越周到台越美食,Eric Chen,9 則評論 · 1 張相片,2 個月前,4 顆星,今天吃牛肉河粉，湯頭很清甜，很好喝，料也蠻有誠意的,https://www.google.com/maps/contrib/115349097689600274961/reviews?hl=zh-TW
越周到台越美食,謝佩君,11 則評論 · 9 張相片,2 個月前,5 顆星,"闆娘很親切 河粉很好吃
湯很清爽，豬肉很嫩
還可以訂健康餐盒👍
下次要再來全部吃一輪
推薦大家來吃看看喔",https://www.google.com/maps/contrib/111172823603874873184/reviews?hl=zh-TW
越周到台越美食,莊祐詡,在地嚮導 · 166 則評論 · 48 張相片,2 個月前,4 顆星,老闆娘親切，地點很隱密。環境乾淨，食物美味。,https://www.google.com/maps/contrib/114985136624862424759/reviews?hl=zh-TW
越周到台越美食,張柏文,在地嚮導 · 29 則評論 · 94 張相片,2 個月前,5 顆星,餐點好吃，來台南找不太到粥，多數都是鹹粥（米根本沒煮爛），皮蛋瘦肉粥味道不錯，還有放油條，現場還有看到有提供待用餐的布條，有空肯定多多光顧支持生意。,https://www.google.com/maps/contrib/108268799470888042866/reviews?hl=zh-TW
越周到台越美食,宋俊逸,11 則評論 · 7 張相片,2 個月前,5 顆星,份量十足～,https://www.google.com/maps/contrib/109528876895752850516/reviews?hl=zh-TW
越周到台越美食,鄭佳蒨,17 則評論 · 2 張相片,2 個月前,5 顆星,老闆娘很健談 料很多 謝謝招待,https://www.google.com/maps/contrib/114079565717058278218/reviews?hl=zh-TW
越周到台越美食,wang zi,9 則評論 · 6 張相片,2 個月前,5 顆星,"老闆娘好可愛 很健談像回老家吃飯的感覺
東西好吃又便宜 好難得了🥹 …",https://www.google.com/maps/contrib/118425765442543728770/reviews?hl=zh-TW
越周到台越美食,沈恬嘉,3 則評論,2 個月前,5 顆星,"大大稱讚老闆娘的服務態度，
餐點「鍋燒意麵」🧑‍🍳🧑‍🍳🍽️🍽️🥢🥢
更是好吃到爆🙂🙂🙂 …",https://www.google.com/maps/contrib/107421124705353008195/reviews?hl=zh-TW
越周到台越美食,飲水思源PCLearn0915,在地嚮導 · 5 則評論 · 38 張相片,2 個月前,5 顆星,偉大的,https://www.google.com/maps/contrib/115100085096269384827/reviews?hl=zh-TW
越周到台越美食,李俊杰,5 則評論,2 個月前,5 顆星,,https://www.google.com/maps/contrib/106454071717800423212/reviews?hl=zh-TW
越周到台越美食,吳偉誠,"在地嚮導 · 336 則評論 · 2,603 張相片",2 個月前,4 顆星,"武聖夜市附近的小店

內用位置不多 整體蠻乾淨 餐具桌面廁所都很乾淨

海鮮河粉湯頭清甜 河粉份量不少

燒肉餐盒有兩個蔬菜 一個煎蛋 一片燒肉跟一碗餛飩湯 燒肉口味比較重 剛好配飯吃

闆娘待客親切，還送了一份玉米煎蛋",https://www.google.com/maps/contrib/112540703546080255856/reviews?hl=zh-TW
越周到台越美食,仲尼黃,在地嚮導 · 44 則評論 · 14 張相片,2 個月前,5 顆星,皮蛋瘦肉粥很好吃,https://www.google.com/maps/contrib/110581107825159119415/reviews?hl=zh-TW
越周到台越美食,fish Wang,7 則評論,2 個月前,5 顆星,湯頭鮮美，老闆娘親切，晚一點都沒有餐點可以吃，難得找到一家好吃又開得比較晚的店,https://www.google.com/maps/contrib/116899677293832383325/reviews?hl=zh-TW
越周到台越美食,宋柏賢（SPH）,12 則評論 · 3 張相片,2 個月前,5 顆星,"料多實在
還有闆娘招待的茶葉蛋👍👍 …",https://www.google.com/maps/contrib/117832356130398142827/reviews?hl=zh-TW
越周到台越美食,龍彥凱,7 則評論 · 3 張相片,2 個月前,4 顆星,老闆招待茶葉蛋,https://www.google.com/maps/contrib/116121114761741914563/reviews?hl=zh-TW
越周到台越美食,M Q,11 則評論 · 1 張相片,2 個月前,5 顆星,老闆娘親切招待，非常感謝,https://www.google.com/maps/contrib/113177201241329288476/reviews?hl=zh-TW
越周到台越美食,Hnn J,9 則評論 · 6 張相片,2 個月前,5 顆星,我們點牛肉河粉 好吃 老闆娘還送我們他自製的茶葉蛋,https://www.google.com/maps/contrib/108622425367493114607/reviews?hl=zh-TW
越周到台越美食,K,12 則評論,2 個月前,5 顆星,"湯頭很讚😎
老闆娘很用心又貼心還多送東西💛 …",https://www.google.com/maps/contrib/104153204617097265613/reviews?hl=zh-TW
越周到台越美食,陳尤娟A,7 則評論,2 個月前,5 顆星,買回家，媽媽説好吃~,https://www.google.com/maps/contrib/103706931949783170703/reviews?hl=zh-TW
越周到台越美食,心諮-王韻涵,在地嚮導 · 53 則評論 · 12 張相片,2 個月前,5 顆星,"初一還有開 讚
經濟實惠😻",https://www.google.com/maps/contrib/104348017919868822074/reviews?hl=zh-TW
越周到台越美食,rain,10 則評論,2 個月前,5 顆星,闆娘人很nice餐點也好吃，推一下,https://www.google.com/maps/contrib/100359786700446336873/reviews?hl=zh-TW
越周到台越美食,張宇,2 則評論,3 個月前,5 顆星,老闆娘服務態度非常好，東西好吃👍,https://www.google.com/maps/contrib/107599867967957304977/reviews?hl=zh-TW
越周到台越美食,鄭方形,4 則評論 · 2 張相片,3 個月前,5 顆星,好吃,https://www.google.com/maps/contrib/102750312306578900418/reviews?hl=zh-TW
越周到台越美食,鄭雅瑄,6 則評論,3 個月前,5 顆星,,https://www.google.com/maps/contrib/106955539816108852596/reviews?hl=zh-TW
越周到台越美食,郭昱玲,3 則評論 · 1 張相片,3 個月前,5 顆星,乾淨又美味，料多實在，好吃😋 …,https://www.google.com/maps/contrib/109624503108458996511/reviews?hl=zh-TW
越周到台越美食,CoCo Lin,8 則評論 · 7 張相片,3 個月前,5 顆星,老闆娘人好，東西又好吃😋，推薦 …,https://www.google.com/maps/contrib/117850089867910130008/reviews?hl=zh-TW
越周到台越美食,Harry Pon,5 則評論 · 1 張相片,3 個月前,5 顆星,餐點美味，老闆娘很親切！,https://www.google.com/maps/contrib/111070083004021632672/reviews?hl=zh-TW
越周到台越美食,鍾祁,6 則評論 · 2 張相片,3 個月前,5 顆星,餐點美味,https://www.google.com/maps/contrib/102311028321181430514/reviews?hl=zh-TW
越周到台越美食,陳鏡方,在地嚮導 · 50 則評論 · 7 張相片,3 個月前,5 顆星,"粥裡的白飯是有燉軟的 不是湯泡飯
用料豐富 值得推薦",https://www.google.com/maps/contrib/116382708783999486533/reviews?hl=zh-TW
越周到台越美食,陳怡君,9 則評論 · 4 張相片,3 個月前,5 顆星,老闆娘非常用心！食材認真準備！,https://www.google.com/maps/contrib/117728669282301896622/reviews?hl=zh-TW
越周到台越美食,王品瑜,9 則評論 · 3 張相片,3 個月前,5 顆星,"老闆娘超親切！☺️☺️
薑母鴨好吃，超高CP值！
肯定會再來
推推 👍",https://www.google.com/maps/contrib/104985182794486366172/reviews?hl=zh-TW
越周到台越美食,patrick lu,17 則評論,3 個月前,5 顆星,滿滿的人情味，老闆娘很親切,https://www.google.com/maps/contrib/106467951925255484171/reviews?hl=zh-TW
越周到台越美食,陳思頻,13 則評論 · 5 張相片,3 個月前,5 顆星,非常好吃 價格公道,https://www.google.com/maps/contrib/114265309539421154603/reviews?hl=zh-TW
越周到台越美食,Ben Lee,在地嚮導 · 21 則評論 · 3 張相片,3 個月前,5 顆星,"非常非常好吃的一間店
回家吃餐點時，可以感受到老闆娘對食物的熱愛
到店拿餐點時，老闆娘真誠的對待客人 …",https://www.google.com/maps/contrib/104164995450303688959/reviews?hl=zh-TW
越周到台越美食,姚迪谷,"在地嚮導 · 340 則評論 · 3,233 張相片",3 個月前,5 顆星,"20250105
無論是食材或是口味，均能吃得出細心與用心，老闆娘的滷肉入味軟嫩，一口咬下香味滿溢，會讓人信念與會做的好味道。 …",https://www.google.com/maps/contrib/116269741876980348242/reviews?hl=zh-TW
越周到台越美食,黃勢傑,2 則評論,3 個月前,5 顆星,"老闆服務佳
食物好吃",https://www.google.com/maps/contrib/117887421672481079769/reviews?hl=zh-TW
越周到台越美食,陳孟旻,9 則評論 · 15 張相片,3 個月前,5 顆星,"Cp值蠻高的，老闆娘人好，多放很多料
店面比較隱密，不好發現哦！",https://www.google.com/maps/contrib/111088784800049625421/reviews?hl=zh-TW
越周到台越美食,陶如成,,3 個月前,5 顆星,,https://www.google.com/maps/contrib/101766945466775031568/reviews?hl=zh-TW
越周到台越美食,Mavis Li,在地嚮導 · 56 則評論 · 46 張相片,4 個月前,5 顆星,"冷冷的天來上一碗皮蛋瘦肉粥
還有老闆娘的貼心贈送蔥蛋",https://www.google.com/maps/contrib/103045967455221361958/reviews?hl=zh-TW
越周到台越美食,吳偉誠,9 則評論 · 3 張相片,4 個月前,5 顆星,私藏小吃店 料多實在 湯底鮮甜 太餓了我繼續吃,https://www.google.com/maps/contrib/114704094461513389508/reviews?hl=zh-TW
越周到台越美食,宜萱楊,9 則評論 · 7 張相片,4 個月前,5 顆星,大碗～,https://www.google.com/maps/contrib/105270389464310364649/reviews?hl=zh-TW
越周到台越美食,黃平運,10 則評論 · 4 張相片,4 個月前,5 顆星,"東西大碗又好吃～～
重點老闆娘很親切👍",https://www.google.com/maps/contrib/103649943961090876532/reviews?hl=zh-TW
越周到台越美食,蔥,5 則評論 · 7 張相片,4 個月前,5 顆星,,https://www.google.com/maps/contrib/111735256876938998696/reviews?hl=zh-TW
越周到台越美食,大盜江洋,7 則評論 · 4 張相片,4 個月前,5 顆星,,https://www.google.com/maps/contrib/106487097780572154153/reviews?hl=zh-TW
越周到台越美食,黃淑茵,6 則評論 · 1 張相片,4 個月前,5 顆星,特製皮蛋瘦肉粥加上肉鬆有夠好吃的，大碗又便宜,https://www.google.com/maps/contrib/112371982053523164855/reviews?hl=zh-TW
越周到台越美食,謝森澤,在地嚮導 · 10 則評論 · 9 張相片,4 個月前,5 顆星,餐點好吃，人很nice,https://www.google.com/maps/contrib/100619796622094951100/reviews?hl=zh-TW
越周到台越美食,Lin Hung,19 則評論 · 2 張相片,4 個月前,5 顆星,海鮮河粉 👍 …,https://www.google.com/maps/contrib/111709332660838719148/reviews?hl=zh-TW
越周到台越美食,蔡式彬,4 則評論 · 7 張相片,4 個月前,5 顆星,餐點好吃 料豐富  適合晚點才吃又想吃粥的來吃,https://www.google.com/maps/contrib/114102222185725248799/reviews?hl=zh-TW
越周到台越美食,Vanessa Agron,5 則評論 · 1 張相片,4 個月前,5 顆星,,https://www.google.com/maps/contrib/118350932899169354311/reviews?hl=zh-TW
越周到台越美食,鄭川,3 則評論 · 3 張相片,4 個月前,5 顆星,餐點美味，有機會再吃不同餐點看看。,https://www.google.com/maps/contrib/107876795887272305909/reviews?hl=zh-TW
越周到台越美食,進擊光,在地嚮導 · 23 則評論 · 1 張相片,4 個月前,5 顆星,老闆 老闆娘都很客氣,https://www.google.com/maps/contrib/105031548586383756527/reviews?hl=zh-TW
越周到台越美食,林廷芝,8 則評論 · 5 張相片,5 個月前,5 顆星,半路經過想說外帶幾份晚餐回家，老闆老闆娘人好好還送今天自滷的蛋蛋給小朋友們吃😋好貼心❤️,https://www.google.com/maps/contrib/102709227624925493852/reviews?hl=zh-TW
越周到台越美食,haha huang,在地嚮導 · 37 則評論 · 31 張相片,5 個月前,5 顆星,河粉份量大，湯頭不錯，粥也很好吃,https://www.google.com/maps/contrib/111435104921862531195/reviews?hl=zh-TW
越周到台越美食,秀,在地嚮導 · 19 則評論 · 11 張相片,5 個月前,5 顆星,好吃價格很親民🫶🏻☺️晚上肚子餓好去處！ …,https://www.google.com/maps/contrib/106524496894864499862/reviews?hl=zh-TW
越周到台越美食,Chialin Sun,14 則評論 · 1 張相片,5 個月前,5 顆星,老闆娘親切，湯頭用料都有用心,https://www.google.com/maps/contrib/104621296118009246090/reviews?hl=zh-TW
越周到台越美食,陳珮宜,4 則評論,5 個月前,5 顆星,食材新鮮又好吃,https://www.google.com/maps/contrib/103434254447635179897/reviews?hl=zh-TW
越周到台越美食,Weiwei Chen,1 則評論,5 個月前,5 顆星,老闆親切、冷氣涼,https://www.google.com/maps/contrib/102027474060478942189/reviews?hl=zh-TW
越周到台越美食,Je C,在地嚮導 · 22 則評論 · 2 張相片,5 個月前,5 顆星,餐點好吃、價位親民,https://www.google.com/maps/contrib/105356832873928747105/reviews?hl=zh-TW
越周到台越美食,Show Lee,"在地嚮導 · 130 則評論 · 4,471 張相片",5 個月前,5 顆星,感謝店家在颱風天還辛苦營業，才能在風大雨大的颱風天夜晚吃到暖心的餐點～～,https://www.google.com/maps/contrib/102204092435882457706/reviews?hl=zh-TW
越周到台越美食,Ching-Yi Chen (Jean),在地嚮導 · 16 則評論 · 9 張相片,5 個月前,5 顆星,"河粉份量很大 湯頭也很香!
喜歡吃酸 所以加了2包檸檬🤣下次想直接去現場吃~ …",https://www.google.com/maps/contrib/100270573307680232790/reviews?hl=zh-TW
越周到台越美食,連叡斈,8 則評論 · 1 張相片,5 個月前,5 顆星,粥料多！老闆娘服務態度很好！,https://www.google.com/maps/contrib/106533379337847200638/reviews?hl=zh-TW
越周到台越美食,dong sin,24 則評論 · 8 張相片,6 個月前,5 顆星,今天點海鮮河粉，超大碗 價格也便宜 好吃推薦,https://www.google.com/maps/contrib/112547673819056878480/reviews?hl=zh-TW
越周到台越美食,王智乾,11 則評論 · 2 張相片,6 個月前,5 顆星,好吃！老闆娘很親切！推薦！,https://www.google.com/maps/contrib/117617190729573755772/reviews?hl=zh-TW
越周到台越美食,林佩蓁,4 則評論,6 個月前,5 顆星,鍋燒麵好吃～下次再去買粥來吃吃看,https://www.google.com/maps/contrib/115196821116306334018/reviews?hl=zh-TW
越周到台越美食,Cai-Tong Dong,在地嚮導 · 15 則評論 · 36 張相片,6 個月前,5 顆星,老闆人超親切，粥濃稠、口味佳！河粉份量多，下次再試看看其他餐點。,https://www.google.com/maps/contrib/116127780536844365425/reviews?hl=zh-TW
越周到台越美食,李雅婷,7 則評論 · 2 張相片,6 個月前,5 顆星,老闆娘很親切，粥很濃稠。,https://www.google.com/maps/contrib/102593719860235805340/reviews?hl=zh-TW
越周到台越美食,顏秀容,17 則評論,6 個月前,5 顆星,謝謝老闆娘,https://www.google.com/maps/contrib/103362691686358470639/reviews?hl=zh-TW
越周到台越美食,Cindy,5 則評論 · 12 張相片,6 個月前,5 顆星,粥份量很多,https://www.google.com/maps/contrib/104642989050322613077/reviews?hl=zh-TW
越周到台越美食,肯尼,在地嚮導 · 49 則評論 · 5 張相片,6 個月前,5 顆星,好吃,https://www.google.com/maps/contrib/106982093271804060055/reviews?hl=zh-TW
越周到台越美食,特樂希,13 則評論 · 3 張相片,6 個月前,5 顆星,"粥好吃，實實在在的粥，非飯湯!!!
老闆娘很熱情，也很願意傾聽消費者的意見。",https://www.google.com/maps/contrib/109617398020604866676/reviews?hl=zh-TW
越周到台越美食,JEAN WU,13 則評論,6 個月前,5 顆星,鹹淡適中，很美味,https://www.google.com/maps/contrib/112024349815814998069/reviews?hl=zh-TW
越周到台越美食,佑理,8 則評論 · 2 張相片,6 個月前,5 顆星,好吃吃吃,https://www.google.com/maps/contrib/107627764392915710845/reviews?hl=zh-TW
越周到台越美食,蔡立信,5 則評論 · 2 張相片,6 個月前,5 顆星,便宜又好吃 老闆娘人還很好,https://www.google.com/maps/contrib/104468206737398343866/reviews?hl=zh-TW
越周到台越美食,張竣為,10 則評論 · 1 張相片,6 個月前,5 顆星,,https://www.google.com/maps/contrib/116932622408511288582/reviews?hl=zh-TW
越周到台越美食,KU辜,在地嚮導 · 70 則評論 · 3 張相片,7 個月前,5 顆星,"有冷氣的越南河粉，
湯頭的部分是老闆娘親自熬的，不是用高湯粉，在煮的時候就能聞到家裡熬的排骨湯味道。
河粉會額外加越南的魚露，怕太鹹的可以跟老闆娘說少加一點。",https://www.google.com/maps/contrib/115845843920644078766/reviews?hl=zh-TW
越周到台越美食,小羊,19 則評論 · 3 張相片,7 個月前,4 顆星,"不是正宗的越南河粉～
老闆娘態度很好
比較推薦粥👍👍 …",https://www.google.com/maps/contrib/113896119678803519225/reviews?hl=zh-TW
越周到台越美食,Eric,在地嚮導 · 152 則評論 · 348 張相片,8 個月前,5 顆星,很不錯很親切的點了一份牛肉河粉聞起來很香這樣，正帶回去吃,https://www.google.com/maps/contrib/103425746861255916853/reviews?hl=zh-TW
越周到台越美食,周小茹,在地嚮導 · 34 則評論 · 46 張相片,9 個月前,5 顆星,,https://www.google.com/maps/contrib/105481074387478143010/reviews?hl=zh-TW
越周到台越美食,Ruby,在地嚮導 · 14 則評論 · 22 張相片,11 個月前,5 顆星,餐點份量非常大！好吃美味又健康💕💕,https://www.google.com/maps/contrib/112662905688850060521/reviews?hl=zh-TW
越周到台越美食,Sharon Chou,14 則評論 · 5 張相片,11 個月前,5 顆星,"這家小店離武聖夜市只有幾步的距離，
但是CP值卻比夜市的任何一攤都還高，
老闆娘很親切，出餐速度也快，
我們一家人都點不同品項，
但不管是河粉、鍋燒、粥品都很好吃，
而且用料實在，份量十足，
一樣花80元，
在夜市買吃的已經填不飽肚子了，
但在這家店卻吃到心滿意足！
值得再訪！",https://www.google.com/maps/contrib/102116077747825618962/reviews?hl=zh-TW
越周到台越美食,曾昭穎,在地嚮導 · 5 則評論 · 4 張相片,1 年前,5 顆星,,https://www.google.com/maps/contrib/112907000176080687639/reviews?hl=zh-TW
越周到台越美食,龍恐,在地嚮導 · 16 則評論 · 2 張相片,1 年前,5 顆星,銅板美食，闆娘很用心，湯頭濃郁，連鍋燒意麵的肉片還醃漬過很入味，料多，餐點非常好吃，大推喔,https://www.google.com/maps/contrib/104114507661847577293/reviews?hl=zh-TW
越周到台越美食,潘素蓉,15 則評論 · 9 張相片,1 年前,5 顆星,"新鮮美味😋
闆娘佛心❤️",https://www.google.com/maps/contrib/115810715399650503379/reviews?hl=zh-TW
越周到台越美食,趙秋月,11 則評論 · 4 張相片,1 年前,5 顆星,"我又來了！在武聖夜市旁巷子裡的「越周到」廣東粥、鍋燒系列~
闆娘每天都用雞大骨、豬大骨下去熬三個小時湯頭濃郁鮮美,食材新鮮豐富,吃過一次後就一直想再來。
聽說這裏的客戶有許多位都是天天來報到的餒
CP值超高的",https://www.google.com/maps/contrib/103587581136706220732/reviews?hl=zh-TW
越周到台越美食,林靜慧,1 張相片,1 年前,5 顆星,,https://www.google.com/maps/contrib/111909012830378712687/reviews?hl=zh-TW
越周到台越美食,白如玉,1 則評論 · 1 張相片,1 年前,5 顆星,,https://www.google.com/maps/contrib/101667717987814434425/reviews?hl=zh-TW
越周到台越美食,耶律磊（馨心）,在地嚮導 · 22 則評論 · 4 張相片,1 年前,5 顆星,,https://www.google.com/maps/contrib/117820094343319215788/reviews?hl=zh-TW
越周到台越美食,錢慧芳,9 則評論,1 年前,5 顆星,皮蛋瘦肉粥超好吃的+鍋燒意麵湯頭好喝蝦子又大又彈牙，值得推推推,https://www.google.com/maps/contrib/116563300551180118742/reviews?hl=zh-TW
越周到台越美食,雨晴寶寶rain sun baby,7 則評論 · 2 張相片,1 年前,5 顆星,,https://www.google.com/maps/contrib/106839756910112269979/reviews?hl=zh-TW
糖心室串串糖葫蘆,小瑜,,2 個月前,1 顆星,,https://www.google.com/maps/contrib/115914259138856967653/reviews?hl=zh-TW
糖心室串串糖葫蘆,loser MC_,4 則評論,4 個月前,5 顆星,糖到心裡去 好吃到起飛,https://www.google.com/maps/contrib/100540628963583946756/reviews?hl=zh-TW
糖心室串串糖葫蘆,杜冠霖,30 則評論 · 4 張相片,4 個月前,5 顆星,好吃不會膩,https://www.google.com/maps/contrib/106880452923373243150/reviews?hl=zh-TW
糖心室串串糖葫蘆,王玉婷,6 則評論 · 1 張相片,4 個月前,5 顆星,"超好吃 ！
老闆老闆娘都很甜",https://www.google.com/maps/contrib/101063251605986665151/reviews?hl=zh-TW
糖心室串串糖葫蘆,李玟葶,4 則評論,1 年前,5 顆星,糖葫蘆跟老闆娘一樣甜美可人！超贊👍,https://www.google.com/maps/contrib/117733105275877943736/reviews?hl=zh-TW
糖心室串串糖葫蘆,Kelly CHENG,在地嚮導 · 55 則評論 · 8 張相片,1 年前,5 顆星,,https://www.google.com/maps/contrib/118068831096053707203/reviews?hl=zh-TW
糖心室串串糖葫蘆,ledd Yeh,在地嚮導 · 16 則評論 · 900 張相片,1 年前,4 顆星,,https://www.google.com/maps/contrib/103305552940663353648/reviews?hl=zh-TW
糖心室串串糖葫蘆,覃勤,2 則評論 · 4 張相片,1 年前,5 顆星,,https://www.google.com/maps/contrib/103177859368530801614/reviews?hl=zh-TW
糖心室串串糖葫蘆,Chieh Ying,7 則評論 · 2 張相片,1 年前,5 顆星,讚讚,https://www.google.com/maps/contrib/110483131991859527690/reviews?hl=zh-TW
糖心室串串糖葫蘆,葉少禹,5 則評論 · 1 張相片,1 年前,5 顆星,好吃一直吃，老闆人好好，讚讚讚👍,https://www.google.com/maps/contrib/106054677615863772571/reviews?hl=zh-TW
糖心室串串糖葫蘆,SS雪莉,13 則評論 · 10 張相片,1 年前,5 顆星,不會很甜！好吃 支持年輕老闆！,https://www.google.com/maps/contrib/104924576842579777403/reviews?hl=zh-TW
糖心室串串糖葫蘆,Tomo Yama,14 則評論 · 6 張相片,1 年前,5 顆星,老闆 帥 又大方贊贊贊,https://www.google.com/maps/contrib/118052985379247086843/reviews?hl=zh-TW
糖心室串串糖葫蘆,安安,1 則評論,1 年前,5 顆星,四顆150太划算了啦,https://www.google.com/maps/contrib/100276367688518852630/reviews?hl=zh-TW
糖心室串串糖葫蘆,孫小珮,在地嚮導 · 125 則評論 · 145 張相片,1 年前,5 顆星,"已經連續兩個禮拜五來買一串犒賞上班五天的自己😍😍😇
老闆老闆娘很nice推推
東西放在冰箱裡面不會黏風沙灰塵感覺很衛生
剛好大益停機車超友善好喜歡",https://www.google.com/maps/contrib/112070491015054643849/reviews?hl=zh-TW
糖心室串串糖葫蘆,jjj,2 則評論,1 年前,5 顆星,,https://www.google.com/maps/contrib/116407266577900576840/reviews?hl=zh-TW
糖心室串串糖葫蘆,KappaEn,15 則評論 · 4 張相片,1 年前,5 顆星,老闆和老闆和藹可親 糖葫蘆也很讚,https://www.google.com/maps/contrib/108783712494520375521/reviews?hl=zh-TW
糖心室串串糖葫蘆,紋欸、,在地嚮導 · 15 則評論 · 8 張相片,1 年前,5 顆星,老闆好帥老闆娘很正，吃過這家後好吃到回不去了,https://www.google.com/maps/contrib/109616153318993648404/reviews?hl=zh-TW
糖心室串串糖葫蘆,郭冠呈,6 則評論 · 1 張相片,1 年前,5 顆星,老闆很帥老闆娘很正 吃過這間就回不去了,https://www.google.com/maps/contrib/115406541854486156964/reviews?hl=zh-TW
糖心室串串糖葫蘆,包偉辰,在地嚮導 · 16 則評論 · 11 張相片,1 年前,5 顆星,老闆很帥，老闆娘很正,https://www.google.com/maps/contrib/116409492565947365553/reviews?hl=zh-TW
糖心室串串糖葫蘆,小蝸牛,7 則評論 · 8 張相片,1 年前,5 顆星,好吃的,https://www.google.com/maps/contrib/102769827768754049668/reviews?hl=zh-TW
糖心室串串糖葫蘆,庭伊葉,在地嚮導 · 35 則評論 · 48 張相片,1 年前,5 顆星,"#糖心宝 超讚 🤩💗💟💌
超甜不膩， ♡ͥ ♡ͦ ♡ͮ ♡ͤ ( ˘ ³˘)♡

冬天補充熱量好罪惡 =）
💌💌💌👍",https://www.google.com/maps/contrib/102439785726171266049/reviews?hl=zh-TW
糖心室串串糖葫蘆,林宇茹,3 則評論,1 年前,5 顆星,草莓很大顆也很好吃😋,https://www.google.com/maps/contrib/109498040311340267781/reviews?hl=zh-TW
糖心室串串糖葫蘆,君劉,3 則評論,1 年前,5 顆星,"闆娘漂亮親切
餐點好吃不甜膩",https://www.google.com/maps/contrib/111084824203794265116/reviews?hl=zh-TW
糖心室串串糖葫蘆,朱大同,1 則評論,1 年前,5 顆星,糖葫蘆水果新鮮，特地使用蛋糕冰櫃（既乾淨又衛生），看得出老闆的用心，值得推薦！,https://www.google.com/maps/contrib/115792812376834520630/reviews?hl=zh-TW
糖心室串串糖葫蘆,xin,1 則評論,1 年前,5 顆星,糖葫蘆很好吃，會為了吃糖葫蘆去大益夜市,https://www.google.com/maps/contrib/116803833569585231501/reviews?hl=zh-TW
糖心室串串糖葫蘆,陳心,在地嚮導 · 34 則評論 · 1 張相片,1 年前,5 顆星,"好吃到繞回來買第二隻
美女闆娘還認出我：你剛剛有來～
我說因為很好吃😝
闆娘說喜歡可以五星好評
我就來嚕😙",https://www.google.com/maps/contrib/101879405885707282754/reviews?hl=zh-TW
糖心室串串糖葫蘆,謝惠真,10 則評論 · 1 張相片,1 年前,5 顆星,糖葫蘆水果新鮮又好吃，重點店員服務很親切熱情。,https://www.google.com/maps/contrib/100060802622800101652/reviews?hl=zh-TW
糖心室串串糖葫蘆,陳俐安,6 則評論 · 1 張相片,1 年前,5 顆星,攤車佈置十分可愛 ，各種口味的糖葫蘆任君挑選，各種口味都好吃，風味不同，甜而不膩，也不太黏牙，推薦！,https://www.google.com/maps/contrib/108616587961663902524/reviews?hl=zh-TW
糖心室串串糖葫蘆,邱布布,12 則評論 · 3 張相片,1 年前,5 顆星,,https://www.google.com/maps/contrib/108725138140965353362/reviews?hl=zh-TW
糖心室串串糖葫蘆,蔡珊珊,6 則評論 · 1 張相片,1 年前,5 顆星,第一眼看到老闆送來的糖葫蘆，直覺的說～哇～也太澎湃和美味了，視覺和味覺都滿足到了，能感受到老闆的用心👍,https://www.google.com/maps/contrib/105797341286821575831/reviews?hl=zh-TW
糖心室串串糖葫蘆,黃葉香,,1 年前,5 顆星,,https://www.google.com/maps/contrib/115949977316595951730/reviews?hl=zh-TW
糖心室串串糖葫蘆,x,2 則評論,1 年前,5 顆星,超好吃😋,https://www.google.com/maps/contrib/105845192221621610455/reviews?hl=zh-TW
糖心室串串糖葫蘆,鹿先生,4 則評論 · 1 張相片,1 年前,5 顆星,糖葫蘆😍不買後悔,https://www.google.com/maps/contrib/108689808756703421344/reviews?hl=zh-TW
糖心室串串糖葫蘆,000,8 則評論 · 4 張相片,1 年前,5 顆星,草莓超大顆超甜超好吃！！！店員也很正😻,https://www.google.com/maps/contrib/101445942461209653546/reviews?hl=zh-TW
糖心室串串糖葫蘆,蔡翔宇,3 則評論 · 2 張相片,1 年前,5 顆星,"好吃
草苺超大顆的",https://www.google.com/maps/contrib/106129039232777840482/reviews?hl=zh-TW
糖心室串串糖葫蘆,晴晴,11 則評論 · 2 張相片,1 年前,5 顆星,"糖葫蘆新鮮好吃不甜膩
老闆娘漂亮又親切
值得再訪🧡 …",https://www.google.com/maps/contrib/103516428056932479596/reviews?hl=zh-TW
糖心室串串糖葫蘆,楊志偉,1 張相片,1 年前,4 顆星,,https://www.google.com/maps/contrib/104981132575748515272/reviews?hl=zh-TW
糖心室串串糖葫蘆,黃Yumi,在地嚮導 · 59 則評論 · 76 張相片,2 年前,5 顆星,剛好看到這間買我最喜歡吃的糖葫蘆，就覺得一定要買幾根回來吃，吃完後才發現有點驚艷到我了，因為他的糖不是那種跟外面也是有些裹得很厚，他是每一顆都有裹得很好，然後糖也很薄不會吃到最後像是再吃糖果的感覺，蕃茄跟蜜餞的部分也是都跟平時古早味一樣，老闆跟老闆娘也是都對每個人非常親切和靄，能感覺他們在做每一隻糖葫蘆都是很認真用心的對待👍 …,https://www.google.com/maps/contrib/114897469661917311351/reviews?hl=zh-TW
糖心室串串糖葫蘆,劉忠衍,10 則評論 · 2 張相片,2 年前,5 顆星,好吃😋 …,https://www.google.com/maps/contrib/110814927937574090813/reviews?hl=zh-TW
糖心室串串糖葫蘆,阿骨,2 則評論 · 4 張相片,2 年前,5 顆星,好吃的東西不用多說了,https://www.google.com/maps/contrib/115847766176825394687/reviews?hl=zh-TW
糖心室串串糖葫蘆,花惹發廢片,12 則評論 · 3 張相片,2 年前,5 顆星,"老闆跟老闆娘和藹可親
東西好吃 來台南玩必買的美食之一
推推",https://www.google.com/maps/contrib/104418655674522081077/reviews?hl=zh-TW
糖心室串串糖葫蘆,Ruth,"在地嚮導 · 259 則評論 · 2,027 張相片",2 年前,5 顆星,"3根蕃茄蜜餞100$
連續2天買了6根
外帶包裝包得很用心꒰⑅°͈꒳°͈꒱･*♡♡♡
蕃茄新鮮好吃👍🏻 …",https://www.google.com/maps/contrib/104396283961919176512/reviews?hl=zh-TW
糖心室串串糖葫蘆,歐買尬,在地嚮導 · 117 則評論 · 606 張相片,2 年前,5 顆星,好吃便宜,https://www.google.com/maps/contrib/116313989097137113971/reviews?hl=zh-TW
糖心室串串糖葫蘆,CKC,"在地嚮導 · 514 則評論 · 8,443 張相片",2 年前,5 顆星,小朋友的最愛❤️😄 …,https://www.google.com/maps/contrib/109153291373567881795/reviews?hl=zh-TW
糖心室串串糖葫蘆,jerry chang,12 則評論 · 10 張相片,2 年前,5 顆星,好吃😋老闆娘親切 …,https://www.google.com/maps/contrib/103006357619978700274/reviews?hl=zh-TW
糖心室串串糖葫蘆,林瓏穎,,2 年前,5 顆星,,https://www.google.com/maps/contrib/103113900806760943677/reviews?hl=zh-TW
糖心室串串糖葫蘆,李韋誌,4 則評論 · 1 張相片,2 年前,5 顆星,超好吃，人也恨好,https://www.google.com/maps/contrib/109523502936292724816/reviews?hl=zh-TW
糖心室串串糖葫蘆,劉冠廷,3 則評論 · 7 張相片,2 年前,5 顆星,好吃,https://www.google.com/maps/contrib/116334565331336692522/reviews?hl=zh-TW
糖心室串串糖葫蘆,王小維,3 則評論,2 年前,5 顆星,好吃,https://www.google.com/maps/contrib/111759848573744983398/reviews?hl=zh-TW
糖心室串串糖葫蘆,John,在地嚮導 · 17 則評論 · 5 張相片,2 年前,5 顆星,會讓你一吃再吃的美味食物，值得來買 讚～,https://www.google.com/maps/contrib/105831985890330862040/reviews?hl=zh-TW
糖心室串串糖葫蘆,余姿靜,13 則評論 · 5 張相片,2 年前,5 顆星,"老闆堅持不用色素跟任何添加劑，超級棒
不然坊間的糖葫蘆需要色素來讓賣像好看
還有添加物讓食材可以久放
現在還是越天然越好，很棒的店家",https://www.google.com/maps/contrib/111772183764196509303/reviews?hl=zh-TW
糖心室串串糖葫蘆,洪FU,在地嚮導 · 8 則評論 · 2 張相片,2 年前,5 顆星,"味覺甜甜外，視覺也甜甜，古早味加上新創
讓糖葫蘆不再侷限番茄.草莓",https://www.google.com/maps/contrib/101146130958101950461/reviews?hl=zh-TW
糖心室串串糖葫蘆,Cody,10 則評論 · 2 張相片,2 年前,5 顆星,好吃，可以再來～,https://www.google.com/maps/contrib/108518460600632753373/reviews?hl=zh-TW
糖心室串串糖葫蘆,林承義,8 則評論 · 4 張相片,2 年前,5 顆星,,https://www.google.com/maps/contrib/102216875131552201054/reviews?hl=zh-TW
糖心室串串糖葫蘆,吳國輝,6 則評論,2 年前,5 顆星,超好吃😋 …,https://www.google.com/maps/contrib/100599864553505692481/reviews?hl=zh-TW
糖心室串串糖葫蘆,余季霖,4 則評論 · 1 張相片,2 年前,5 顆星,,https://www.google.com/maps/contrib/117513817156663387973/reviews?hl=zh-TW
糖心室串串糖葫蘆,yu,在地嚮導 · 46 則評論 · 10 張相片,2 年前,5 顆星,,https://www.google.com/maps/contrib/110852010131060191399/reviews?hl=zh-TW
糖心室串串糖葫蘆,陳建銘,4 則評論 · 1 張相片,2 年前,5 顆星,,https://www.google.com/maps/contrib/110193638376007135126/reviews?hl=zh-TW
糖心室串串糖葫蘆,通訊行回收手機,在地嚮導 · 39 則評論 · 2 張相片,2 年前,5 顆星,"好吃 又衛生
沒有色素！ …",https://www.google.com/maps/contrib/114903158038465634562/reviews?hl=zh-TW
糖心室串串糖葫蘆,郭蕙瑜,在地嚮導 · 9 則評論 · 6 張相片,2 年前,5 顆星,好吃~吃過最好吃的糖葫蘆,https://www.google.com/maps/contrib/106530904906512072779/reviews?hl=zh-TW
糖心室串串糖葫蘆,蔡素珠,1 則評論 · 2 張相片,2 年前,5 顆星,,https://www.google.com/maps/contrib/117325862183329715068/reviews?hl=zh-TW
糖心室串串糖葫蘆,李懿純,2 則評論,2 年前,5 顆星,好吃讚,https://www.google.com/maps/contrib/105395429019729445472/reviews?hl=zh-TW
糖心室串串糖葫蘆,hippo,15 則評論 · 2 張相片,2 年前,5 顆星,好吃,https://www.google.com/maps/contrib/108375269842580962771/reviews?hl=zh-TW
糖心室串串糖葫蘆,七九,8 則評論,2 年前,5 顆星,給五星是因為老闆跟我一樣帥😂 …,https://www.google.com/maps/contrib/112059910442768939190/reviews?hl=zh-TW
糖心室串串糖葫蘆,張勝凱,5 則評論 · 2 張相片,2 年前,5 顆星,,https://www.google.com/maps/contrib/105008015221480274537/reviews?hl=zh-TW
糖心室串串糖葫蘆,妲己,6 則評論,2 年前,5 顆星,非常好吃！老闆、老闆娘態度非常和藹可親，很帥、很美哦！,https://www.google.com/maps/contrib/101712703257503721559/reviews?hl=zh-TW
糖心室串串糖葫蘆,王宏翌,7 則評論,2 年前,5 顆星,水果新鮮 用料實在,https://www.google.com/maps/contrib/103500920604466563344/reviews?hl=zh-TW
糖心室串串糖葫蘆,吳昇鴻,在地嚮導 · 24 則評論 · 30 張相片,2 年前,5 顆星,"真的很好吃欸
感性滷味 真心推薦",https://www.google.com/maps/contrib/115305357151201239088/reviews?hl=zh-TW
糖心室串串糖葫蘆,鄭奕倩,10 則評論 · 1 張相片,2 年前,5 顆星,超好吃的糖葫蘆，甜度剛好，水果新鮮，闆娘nice，推推❤️,https://www.google.com/maps/contrib/112811829686977552851/reviews?hl=zh-TW
糖心室串串糖葫蘆,林心怡,10 則評論 · 2 張相片,2 年前,5 顆星,水果新鮮 甜而不膩 👍 …,https://www.google.com/maps/contrib/116742913561348058253/reviews?hl=zh-TW
糖心室串串糖葫蘆,洪國碩,在地嚮導 · 37 則評論 · 25 張相片,2 年前,5 顆星,老闆娘用料實在，東西好吃,https://www.google.com/maps/contrib/111928701785218593617/reviews?hl=zh-TW
糖心室串串糖葫蘆,黃威仁,7 則評論 · 3 張相片,2 年前,5 顆星,"新鮮好吃😋
吃好吃滿就對了👍 …",https://www.google.com/maps/contrib/114926822432555908810/reviews?hl=zh-TW
糖心室串串糖葫蘆,terrence,1 則評論 · 1 張相片,2 年前,5 顆星,,https://www.google.com/maps/contrib/108286071985868239542/reviews?hl=zh-TW
糖心室串串糖葫蘆,江家年,9 則評論 · 5 張相片,2 年前,5 顆星,好的！,https://www.google.com/maps/contrib/111066388646800640073/reviews?hl=zh-TW
糖心室串串糖葫蘆,林傳恩,2 則評論,2 年前,5 顆星,超好吃的糖葫蘆 闆娘很親切漂亮喲☺️,https://www.google.com/maps/contrib/102018435212565735882/reviews?hl=zh-TW
糖心室串串糖葫蘆,鄭雯娟,2 則評論,2 年前,5 顆星,水果很新鮮，好吃,https://www.google.com/maps/contrib/106206522232717299952/reviews?hl=zh-TW
糖心室串串糖葫蘆,林巧巧,在地嚮導 · 81 則評論 · 125 張相片,2 年前,5 顆星,第一次購買吃吃看.很親切.蠻乾淨的.價位可以.好吃.大推,https://www.google.com/maps/contrib/103197127093348550494/reviews?hl=zh-TW
糖心室串串糖葫蘆,王宥甯,在地嚮導 · 96 則評論 · 621 張相片,2 年前,5 顆星,草莓好吃😋大顆一點會更讚👍🏿 …,https://www.google.com/maps/contrib/100065180636326596684/reviews?hl=zh-TW
糖心室串串糖葫蘆,沈旻誼,6 則評論,2 年前,5 顆星,支持年青人創業、甜而不膩、真這是我吃過最優的糖葫蘆、還有、還有闆娘超正唷真是養眼又可口😂😂😂 …,https://www.google.com/maps/contrib/103207713669666242130/reviews?hl=zh-TW
糖心室串串糖葫蘆,鄭又瑄,12 則評論 · 6 張相片,2 年前,5 顆星,"美麗糖衣搭配草莓超級爽口，顆顆像寶石一樣晶瑩剔透。
重點是還有帥哥美女親切服務，想不到小小攤位有讓我驚艷到。",https://www.google.com/maps/contrib/115616656865591160260/reviews?hl=zh-TW
糖心室串串糖葫蘆,森Mori,在地嚮導 · 11 則評論 · 17 張相片,2 年前,5 顆星,好粗～年輕人創業　＋＋Ｕ,https://www.google.com/maps/contrib/109570820802407242018/reviews?hl=zh-TW
糖心室串串糖葫蘆,達,"在地嚮導 · 941 則評論 · 3,018 張相片",2 年前,5 顆星,便宜 好吃,https://www.google.com/maps/contrib/109338494997273666297/reviews?hl=zh-TW
糖心室串串糖葫蘆,V Y,2 則評論,2 年前,5 顆星,好吃~👍 …,https://www.google.com/maps/contrib/113108484641147686777/reviews?hl=zh-TW
糖心室串串糖葫蘆,陳建賓,1 則評論 · 1 張相片,2 年前,5 顆星,超好吃的,https://www.google.com/maps/contrib/118431683853558611643/reviews?hl=zh-TW
糖心室串串糖葫蘆,catherine wu,7 則評論,2 年前,5 顆星,超好吃,https://www.google.com/maps/contrib/114922809186543772852/reviews?hl=zh-TW
糖心室串串糖葫蘆,愛吃遊玩人生,在地嚮導 · 176 則評論 · 177 張相片,2 年前,5 顆星,好吃😋 delicious …,https://www.google.com/maps/contrib/114029505445474757427/reviews?hl=zh-TW
糖心室串串糖葫蘆,吳美慧,1 則評論,2 年前,5 顆星,,https://www.google.com/maps/contrib/112540134906170593479/reviews?hl=zh-TW
糖心室串串糖葫蘆,小瑋,7 則評論,2 年前,5 顆星,爽脆 超級好吃的😋 …,https://www.google.com/maps/contrib/112884029457454806164/reviews?hl=zh-TW
糖心室串串糖葫蘆,Hsiao Chiu,2 則評論 · 1 張相片,2 年前,5 顆星,超讚的❤️,https://www.google.com/maps/contrib/108547937951183795744/reviews?hl=zh-TW
糖心室串串糖葫蘆,Shiue_er,6 則評論 · 1 張相片,2 年前,5 顆星,,https://www.google.com/maps/contrib/100246493500333988049/reviews?hl=zh-TW
糖心室串串糖葫蘆,梁峻瑀,1 則評論,2 年前,5 顆星,,https://www.google.com/maps/contrib/107478552072926615481/reviews?hl=zh-TW
糖心室串串糖葫蘆,黃淑榮,,2 年前,5 顆星,,https://www.google.com/maps/contrib/100316366169437407126/reviews?hl=zh-TW
糖心室串串糖葫蘆,王漢珽,4 則評論 · 1 張相片,2 年前,5 顆星,大推，糖葫蘆好吃,https://www.google.com/maps/contrib/114170619083110171754/reviews?hl=zh-TW
糖心室串串糖葫蘆,林晉宇,2 則評論,2 年前,5 顆星,,https://www.google.com/maps/contrib/101611435124726511497/reviews?hl=zh-TW
糖心室串串糖葫蘆,林秉緯,4 則評論 · 6 張相片,2 年前,5 顆星,,https://www.google.com/maps/contrib/103519844617547352239/reviews?hl=zh-TW
糖心室串串糖葫蘆,阿鼎,1 則評論 · 1 張相片,2 年前,5 顆星,,https://www.google.com/maps/contrib/104317211269703262029/reviews?hl=zh-TW
糖心室串串糖葫蘆,欣怡渣,4 則評論 · 2 張相片,2 年前,5 顆星,我吃過最好吃的糖葫蘆讚讚👍🏻 …,https://www.google.com/maps/contrib/104334994517112420182/reviews?hl=zh-TW
糖心室串串糖葫蘆,億聯油脂,3 則評論,2 年前,5 顆星,很好吃 推推,https://www.google.com/maps/contrib/102882210396360712620/reviews?hl=zh-TW
糖心室串串糖葫蘆,Zoe maria,在地嚮導 · 81 則評論 · 23 張相片,2 年前,5 顆星,水果爆甜爆好吃😋 …,https://www.google.com/maps/contrib/103158543552697706931/reviews?hl=zh-TW
糖心室串串糖葫蘆,姚仲宇,2 則評論,2 年前,5 顆星,"超好粗～
大家快來吃",https://www.google.com/maps/contrib/109794891536437704884/reviews?hl=zh-TW
糖心室串串糖葫蘆,Showshow Lin,4 則評論 · 5 張相片,2 年前,5 顆星,好吃,https://www.google.com/maps/contrib/116503279271613108153/reviews?hl=zh-TW
鬍鬚生炒無骨鴨肉羹,Una Hsieh,在地嚮導 · 25 則評論 · 33 張相片,1 週前,5 顆星,份量可，雖較少生炒的鍋氣香味，但其他部分都喜歡。,https://www.google.com/maps/contrib/105098147693735888317/reviews?hl=zh-TW
鬍鬚生炒無骨鴨肉羹,Fanny Fanny,在地嚮導 · 108 則評論,1 週前,1 顆星,不好吃，湯太甜又稠，確定有炒過？完全沒香味，雷。,https://www.google.com/maps/contrib/101757518860119191031/reviews?hl=zh-TW
鬍鬚生炒無骨鴨肉羹,翔,18 則評論 · 4 張相片,3 週前,1 顆星,只能說難吃又貴，沒吃過這麼難吃的鴨肉羹，而且吃起來也不像鴨肉羹，只能說是筍子羹，爛透了👎！ …,https://www.google.com/maps/contrib/100367436367020367175/reviews?hl=zh-TW
鬍鬚生炒無骨鴨肉羹,ZY,在地嚮導 · 17 則評論 · 2 張相片,1 個月前,1 顆星,"這個叫鴨肉羹…不要鬧了吧
單論價格和份量就完全不行，更不用說味道了…
一上桌我還女友光肉眼看都傻眼了…那個湯的樣子和黏稠程度..看起來就不會好吃
味道也不對  我加了大量的醋和辣椒粉才勉強吃的下去 鴨肉沒鴨肉味 筍子沒筍味  湯到底是什麼鬼，我不知道我到底買了什麼？

我第一次來武聖夜市逛的差不多想說吃個熱湯  結果就踩雷  而且還是雷到不行的那種
一顆星都嫌多",https://www.google.com/maps/contrib/103446895188162668797/reviews?hl=zh-TW
鬍鬚生炒無骨鴨肉羹,EN KUO,在地嚮導 · 57 則評論 · 51 張相片,2 個月前,5 顆星,最好吃的鴨肉羹🤤,https://www.google.com/maps/contrib/107164823736584138849/reviews?hl=zh-TW
鬍鬚生炒無骨鴨肉羹,Wayne Tseng,"在地嚮導 · 1,102 則評論 · 6,712 張相片",3 個月前,3 顆星,,https://www.google.com/maps/contrib/114039371777751313267/reviews?hl=zh-TW
鬍鬚生炒無骨鴨肉羹,Lee Lei,在地嚮導 · 294 則評論 · 381 張相片,6 個月前,1 顆星,肉有一個怪味道…..說不上來….,https://www.google.com/maps/contrib/105552133003592081061/reviews?hl=zh-TW
鬍鬚生炒無骨鴨肉羹,台中古天樂,"在地嚮導 · 1,573 則評論 · 8,863 張相片",6 個月前,3 顆星,2024/10/4 甜了點😌我不推,https://www.google.com/maps/contrib/111067631615627451155/reviews?hl=zh-TW
鬍鬚生炒無骨鴨肉羹,渝蒨,8 則評論 · 1 張相片,9 個月前,1 顆星,我懷疑這是史萊姆羹吧！,https://www.google.com/maps/contrib/115795239147217272497/reviews?hl=zh-TW
鬍鬚生炒無骨鴨肉羹,samantha Chen,在地嚮導 · 101 則評論 · 127 張相片,10 個月前,1 顆星,湯頭酸酸甜甜，肉有腥味，而且有的肉片很乾澀，個人覺得不是很好吃,https://www.google.com/maps/contrib/108694884995799312380/reviews?hl=zh-TW
鬍鬚生炒無骨鴨肉羹,Alan,在地嚮導 · 58 則評論 · 6 張相片,1 年前,1 顆星,上餐的時候 手指縫插進羹裡 所以我整碗都不吃了,https://www.google.com/maps/contrib/100549037262630534986/reviews?hl=zh-TW
鬍鬚生炒無骨鴨肉羹,EI W,在地嚮導 · 35 則評論 · 13 張相片,1 年前,1 顆星,超腥臭 喝一口就走了,https://www.google.com/maps/contrib/107522265408054014829/reviews?hl=zh-TW
鬍鬚生炒無骨鴨肉羹,KB,在地嚮導 · 31 則評論 · 13 張相片,1 年前,1 顆星,跟嘉義的差超多，鴨肉不香，筍絲超少，然後價格偏貴，吃過別的地方的鴨肉羹來吃這裡會失望。,https://www.google.com/maps/contrib/117789943591360451273/reviews?hl=zh-TW
鬍鬚生炒無骨鴨肉羹,曼陀螺,"在地嚮導 · 1,205 則評論 · 31,725 張相片",1 年前,5 顆星,不是我喜歡的口味風格。食材新鮮，生意很好，值得推薦給附近的朋友來吃。,https://www.google.com/maps/contrib/116336963473545624292/reviews?hl=zh-TW
鬍鬚生炒無骨鴨肉羹,皮小丘,"在地嚮導 · 221 則評論 · 3,059 張相片",1 年前,5 顆星,好吃,https://www.google.com/maps/contrib/112293304829360984653/reviews?hl=zh-TW
鬍鬚生炒無骨鴨肉羹,Ez Too,18 則評論 · 5 張相片,1 年前,5 顆星,從小吃到大！！去小北有看到必買,https://www.google.com/maps/contrib/103565985612039561804/reviews?hl=zh-TW
鬍鬚生炒無骨鴨肉羹,E.C Chen,"在地嚮導 · 233 則評論 · 1,844 張相片",1 年前,5 顆星,這家炒鴨肉 超級無敵好吃!!! 蔥 蒜辣椒獨特沙茶炒到收汁!! 整個入味到不行..每一口都真材實料 太好吃了啦!!!!!!!必點!!!!,https://www.google.com/maps/contrib/110382332559857158889/reviews?hl=zh-TW
鬍鬚生炒無骨鴨肉羹,芋頭仔,"在地嚮導 · 760 則評論 · 3,733 張相片",1 年前,2 顆星,"味道不錯 鴨肉也很大片
但價格也不便宜就是了…
熱天在內用區喝 會大粒汗小粒汗",https://www.google.com/maps/contrib/118379341785629502548/reviews?hl=zh-TW
鬍鬚生炒無骨鴨肉羹,周育民,在地嚮導 · 1 則評論 · 1 張相片,1 年前,5 顆星,,https://www.google.com/maps/contrib/104297681681538632191/reviews?hl=zh-TW
鬍鬚生炒無骨鴨肉羹,陳俊維,7 則評論 · 3 張相片,1 年前,1 顆星,,https://www.google.com/maps/contrib/102913386599837889161/reviews?hl=zh-TW
鬍鬚生炒無骨鴨肉羹,Tyler C (tylersohungry),在地嚮導 · 151 則評論 · 608 張相片,1 年前,5 顆星,"武聖夜市美食好讚讚，生炒鴨肉羹酸甜好滋味 🥰

生炒鴨肉羹也是我來武聖夜市必吃的一道料理
勾芡的羹湯，嚐起來酸酸甜甜
搭配筍絲脆脆的口感
實在是好滿足～～～ 🥰

主食有米飯、米粉、麵可以選擇
也可以單點鴨肉羹歐
有來武聖夜市的話，來嚐嚐看吧 😍",https://www.google.com/maps/contrib/112392771194273501083/reviews?hl=zh-TW
(鬍鬚） 生炒無骨鴨肉羹,Amanda Chou,"在地嚮導 · 13 則評論 · 1,058 張相片",7 個月前,4 顆星,,https://www.google.com/maps/contrib/113699530922240625374/reviews?hl=zh-TW
(鬍鬚） 生炒無骨鴨肉羹,黃伊城,11 則評論,7 個月前,1 顆星,別鬧了 這個可以叫鴨肉羹嗎？ 真好騙，一碗80賣那什麼東西？ 建議沒吃過鴨肉羹的不用吃了，去嘉義吃比較實際，便宜又好吃。,https://www.google.com/maps/contrib/106555163000502182012/reviews?hl=zh-TW
(鬍鬚） 生炒無骨鴨肉羹,西西里黃后,"在地嚮導 · 1,199 則評論 · 10,498 張相片",8 個月前,4 顆星,湯很濃稠，勾芡膏膏的，味道不錯，小孩也喜歡,https://www.google.com/maps/contrib/102858401474617049866/reviews?hl=zh-TW
(鬍鬚） 生炒無骨鴨肉羹,YUAN YU WU,12 則評論 · 2 張相片,11 個月前,5 顆星,不能只有我被雷,https://www.google.com/maps/contrib/108932065357560222147/reviews?hl=zh-TW
(鬍鬚） 生炒無骨鴨肉羹,謝明呈,13 則評論 · 5 張相片,1 年前,1 顆星,是不是以為麵勾芡加幾片肉就可以開店賺錢了？？？,https://www.google.com/maps/contrib/100498787874182891367/reviews?hl=zh-TW
(鬍鬚） 生炒無骨鴨肉羹,涼涼,"在地嚮導 · 178 則評論 · 6,273 張相片",1 年前,5 顆星,,https://www.google.com/maps/contrib/102590284370465631311/reviews?hl=zh-TW
(鬍鬚） 生炒無骨鴨肉羹,ANDY LIAO,"在地嚮導 · 628 則評論 · 2,980 張相片",1 年前,4 顆星,湯頭美味，加點黑醋更優。,https://www.google.com/maps/contrib/106510065630159985957/reviews?hl=zh-TW
(鬍鬚） 生炒無骨鴨肉羹,黃翌瑄,8 則評論 · 5 張相片,1 年前,1 顆星,"完全沒學到嘉義的精髓
鴨肉不香 料很少 很貴 cp值超低",https://www.google.com/maps/contrib/113454498219482012241/reviews?hl=zh-TW
(鬍鬚） 生炒無骨鴨肉羹,史瑞隆,在地嚮導 · 29 則評論 · 197 張相片,1 年前,3 顆星,,https://www.google.com/maps/contrib/117753634671836157449/reviews?hl=zh-TW
(鬍鬚） 生炒無骨鴨肉羹,Kate Lin,在地嚮導 · 22 則評論 · 7 張相片,1 年前,1 顆星,吃過雲林的生炒鴨肉羹，會覺得這間味道實在不行！！！料也沒多少，一碗要價85元真的很盤，倒不如吃旁邊的蚵仔煎.....,https://www.google.com/maps/contrib/112518872681291570547/reviews?hl=zh-TW
(鬍鬚） 生炒無骨鴨肉羹,Roy Yeh,在地嚮導 · 6 則評論,1 年前,5 顆星,,https://www.google.com/maps/contrib/103158300641460911783/reviews?hl=zh-TW
(鬍鬚） 生炒無骨鴨肉羹,z77 M,在地嚮導 · 55 則評論 · 6 張相片,1 年前,3 顆星,太稠了,https://www.google.com/maps/contrib/116989452907546001052/reviews?hl=zh-TW
(鬍鬚） 生炒無骨鴨肉羹,Smith John,在地嚮導 · 106 則評論 · 291 張相片,1 年前,3 顆星,中規中矩，老闆娘很漂亮,https://www.google.com/maps/contrib/112137388261334516385/reviews?hl=zh-TW
(鬍鬚） 生炒無骨鴨肉羹,Ate,"在地嚮導 · 559 則評論 · 1,232 張相片",1 年前,2 顆星,"太稠
沒什麼料
麵普通
不好吃",https://www.google.com/maps/contrib/100854636909211931861/reviews?hl=zh-TW
(鬍鬚） 生炒無骨鴨肉羹,廖清水,在地嚮導 · 27 則評論 · 3 張相片,6 年前,3 顆星,已關店,https://www.google.com/maps/contrib/110687502735133460094/reviews?hl=zh-TW
(鬍鬚） 生炒無骨鴨肉羹,楊琢琨,在地嚮導 · 295 則評論 · 242 張相片,6 年前,4 顆星,我會再來吃,https://www.google.com/maps/contrib/113978216191309204597/reviews?hl=zh-TW
(鬍鬚） 生炒無骨鴨肉羹,Anthony Bidard,在地嚮導 · 13 則評論 · 3 張相片,6 年前,5 顆星,台灣最好吃的肉乾！我們原本應該去另一家餐廳，但被那股令人驚嘆的氣味所吸引後改變了計劃,https://www.google.com/maps/contrib/110290169103635133774/reviews?hl=zh-TW
(鬍鬚） 生炒無骨鴨肉羹,皮老闆,在地嚮導 · 160 則評論 · 995 張相片,6 年前,5 顆星,"南部口味的銅板小吃,武聖夜市起家到現今的店面,軟嫩無骨鴨肉羹, 喜歡吃的到米粒口感的鴨米血,便宜好吃~",https://www.google.com/maps/contrib/107222129187480673945/reviews?hl=zh-TW
(鬍鬚） 生炒無骨鴨肉羹,Chin-yao Huang,"在地嚮導 · 51 則評論 · 1,730 張相片",6 年前,4 顆星,,https://www.google.com/maps/contrib/116042221715238927171/reviews?hl=zh-TW
(鬍鬚） 生炒無骨鴨肉羹,王凱禾,,7 年前,5 顆星,,https://www.google.com/maps/contrib/114333747829372662529/reviews?hl=zh-TW
(鬍鬚） 生炒無骨鴨肉羹,Lisa Wu,在地嚮導 · 391 則評論 · 120 張相片,7 年前,5 顆星,湯好喝，環境整潔,https://www.google.com/maps/contrib/116520568915718420451/reviews?hl=zh-TW
(鬍鬚） 生炒無骨鴨肉羹,WEI DING,在地嚮導 · 988 則評論 · 942 張相片,7 年前,5 顆星,"物美價廉，湯頭不像一般那麼鹹，份量十足！
新開的店，透過Go麻吉才知道，更超值！",https://www.google.com/maps/contrib/114233494708769141264/reviews?hl=zh-TW
(鬍鬚） 生炒無骨鴨肉羹,紀柔,在地嚮導 · 117 則評論 · 461 張相片,7 年前,3 顆星,在武聖夜市也有擺攤的鬍鬚鴨肉羹，羹的口味偏甜鴨肉份量滿多的，說不上來好吃，但是是可以選擇用餐的店家，環境乾淨明亮舒服。,https://www.google.com/maps/contrib/113794288092064302375/reviews?hl=zh-TW
(鬍鬚） 生炒無骨鴨肉羹,Alien Ho,在地嚮導 · 60 則評論 · 4 張相片,7 年前,5 顆星,"好吃乾淨衛生,使用陶器皿,看得出店家的用心！第一次去點的鴨肉米粉羹和鴨血非常好吃~羹裡面放洋蔥感覺健康清血，下次會再去。",https://www.google.com/maps/contrib/115955441749957641095/reviews?hl=zh-TW
巧虎牛排,愛車人試 AWeiAutoLife,在地嚮導 · 19 則評論 · 8 張相片,1 週前,5 顆星,,https://www.google.com/maps/contrib/113306855196219307859/reviews?hl=zh-TW
巧虎牛排,Cheng,在地嚮導 · 55 則評論 · 25 張相片,1 個月前,5 顆星,豬排好好吃，肉質軟嫩超級讚👍👍👍 …,https://www.google.com/maps/contrib/104541108179887043003/reviews?hl=zh-TW
巧虎牛排,天開兄,在地嚮導 · 27 則評論 · 10 張相片,4 個月前,1 顆星,找不到地方能評論， 肉用化學方法醃到 只有脆口感、完全完無肉味。,https://www.google.com/maps/contrib/110827901859011532409/reviews?hl=zh-TW
巧虎牛排,劉怡文,在地嚮導 · 48 則評論 · 26 張相片,9 個月前,1 顆星,"不好吃
醬沒味道，一上餐立馬翻蛋，都燒焦又黏著，烤盤應該刷一點油",https://www.google.com/maps/contrib/100064730812977038314/reviews?hl=zh-TW
巧虎牛排,曼陀螺,"在地嚮導 · 1,205 則評論 · 31,725 張相片",1 年前,5 顆星,本地牛排老店。,https://www.google.com/maps/contrib/116336963473545624292/reviews?hl=zh-TW
濟陽堂正味烤肉刈包武聖店,Elly Shih,在地嚮導 · 72 則評論 · 20 張相片,3 週前,5 顆星,超好吃😋,https://www.google.com/maps/contrib/110477967366288537316/reviews?hl=zh-TW
濟陽堂正味烤肉刈包武聖店,Yo shi,13 則評論 · 1 張相片,3 個月前,1 顆星,"邊抽菸邊包裝刈包
煙燻口味嗎？
邊講話聊天噴口水
還不帶口罩
應該叫做煙燻口水刈包
看到如此惡劣的環境
認真覺得去夜店前面擺攤好了
不要來夜市",https://www.google.com/maps/contrib/103524300404093350213/reviews?hl=zh-TW
濟陽堂正味烤肉刈包武聖店,徐采薇,在地嚮導 · 116 則評論 · 1 張相片,3 個月前,1 顆星,"超級噁心又難吃的掛包
老闆剛抽完菸再用那隻二手煙的手拿掛包
又一直聊天噴口水在掛包上
想吃老闆二手菸跟口水的歡迎去買",https://www.google.com/maps/contrib/112949788447461027152/reviews?hl=zh-TW
濟陽堂正味烤肉刈包武聖店,王家宏,4 則評論,4 個月前,1 顆星,邊做邊講話。都吃他的口水就好了 還不帶口罩。,https://www.google.com/maps/contrib/101024691973737656780/reviews?hl=zh-TW
濟陽堂正味烤肉刈包武聖店,Traveler,"在地嚮導 · 1,394 則評論 · 8,081 張相片",8 個月前,5 顆星,"這間刈包的肉是用烤肉片
重點是老闆給的很多啊！！
滿滿的肉塞爆刈包有夠多
每一口都能咬到烤肉片😋
好吃又很滿足，很推薦！",https://www.google.com/maps/contrib/103560637853484371094/reviews?hl=zh-TW
濟陽堂正味烤肉刈包武聖店,漫（慢人）,145 則評論 · 587 張相片,1 年前,5 顆星,"此店的刈包是包烤肉
在一旁小鍋滷完後上鐵板烤過
再由前台包製
想要即食者會再加上“厚”衛生紙讓你不至於燙手",https://www.google.com/maps/contrib/101691333715308022545/reviews?hl=zh-TW
濟陽堂正味烤肉刈包武聖店,曼陀螺,"在地嚮導 · 1,205 則評論 · 31,725 張相片",1 年前,5 顆星,老闆烤肉烤的很用心，大家可以試看看好不好吃，算是有特色的店。,https://www.google.com/maps/contrib/116336963473545624292/reviews?hl=zh-TW
星之蝦滑 手打蝦滑,劉旻芳,5 則評論 · 1 張相片,7 個月前,5 顆星,"非常好吃
不過闆娘最近都沒有出現了，不知道是不是收攤了？😭😭😭😭 …",https://www.google.com/maps/contrib/101269778221628482129/reviews?hl=zh-TW
星之蝦滑 手打蝦滑,郭子豪,8 則評論,8 個月前,5 顆星,,https://www.google.com/maps/contrib/112688226203227651787/reviews?hl=zh-TW
星之蝦滑 手打蝦滑,Lynn,14 則評論 · 1 張相片,9 個月前,5 顆星,辣味的好吃 希望台中也有🥺 …,https://www.google.com/maps/contrib/116925470265739757654/reviews?hl=zh-TW
星之蝦滑 手打蝦滑,彌生,在地嚮導 · 466 則評論 · 62 張相片,9 個月前,5 顆星,不錯吃,https://www.google.com/maps/contrib/109657059441617016768/reviews?hl=zh-TW
星之蝦滑 手打蝦滑,Jin Hsu,2 則評論 · 1 張相片,1 年前,5 顆星,,https://www.google.com/maps/contrib/109504393352089780421/reviews?hl=zh-TW
星之蝦滑 手打蝦滑,加農,7 則評論,1 年前,5 顆星,蝦子很新鮮 超香👍,https://www.google.com/maps/contrib/108829284933852002303/reviews?hl=zh-TW
星之蝦滑 手打蝦滑,WEN WANG,12 則評論 · 1 張相片,1 年前,5 顆星,很好吃 是夜市沒有的新奇食物,https://www.google.com/maps/contrib/114414735314901921834/reviews?hl=zh-TW
星之蝦滑 手打蝦滑,Hannah Guo,14 則評論 · 4 張相片,1 年前,5 顆星,,https://www.google.com/maps/contrib/106659825346686891350/reviews?hl=zh-TW
星之蝦滑 手打蝦滑,郭美雲,7 則評論 · 1 張相片,1 年前,5 顆星,,https://www.google.com/maps/contrib/109268093702745618127/reviews?hl=zh-TW
星之蝦滑 手打蝦滑,陳愉珊,在地嚮導 · 20 則評論 · 4 張相片,1 年前,5 顆星,"闆娘很正，很細心介紹～
推泰式酸辣蝦滑冬粉煲，冬粉吸飽湯汁很入味，蝦滑很Q彈，非常唰嘴～
可以在夜市吃到很有特色的小吃，給個大拇指👍
位置在H37，只要看到攤位有一堆卡比就是那家了！",https://www.google.com/maps/contrib/107612102190964505103/reviews?hl=zh-TW
