餐廳名稱,地址,餐廳連結,latitude,longitude,distance,st_score,st_price,st_total_com,st_tag
方家雞肉飯,103台北市大同區寧夏路060攤位號 ,https://www.google.com/maps/place/%E6%96%B9%E5%AE%B6%E9%9B%9E%E8%82%89%E9%A3%AF/data=!4m7!3m6!1s0x3442a96b20d64d03:0x75b1bf97ad69bc3a!8m2!3d25.056349!4d121.5152918!16s%2Fg%2F1tg76rm7!19sChIJA03WIGupQjQROrxprZe_sXU?authuser=0&hl=zh-TW&rclk=1,25.056349,121.5127169,0.0379934270915068,4.0,$1-200,1549,"['滷肉飯', '炒青菜', '蔥', '排骨', '雞油', '醬', '必比登', '矩陣', '堂食', '玉子燒']"
圓環邊蚵仔煎,103台北市大同區寧夏路46號 ,https://www.google.com/maps/place/%E5%9C%93%E7%92%B0%E9%82%8A%E8%9A%B5%E4%BB%94%E7%85%8E/data=!4m7!3m6!1s0x3442a96b20b81421:0x82d3c5ad2016f2b8!8m2!3d25.0564052!4d121.515281!16s%2Fg%2F11c3_65814!19sChIJIRS4IGupQjQRuPIWIK3F04I?authuser=0&hl=zh-TW&rclk=1,25.0564052,121.5127061,0.0321728595138933,4.0,$1-200,3722,"['米糕', '米其林', '元慶蠔', '太白粉', '矩陣', '佇列', '輸送帶', '蘿蔔排骨湯', '蛤蜊湯', '1965年']"
李掌伯（原寧夏夜市里長伯麻辣臭豆腐鴨血蚵仔麵線）,103台北市大同區寧夏路22之9號 ,https://www.google.com/maps/place/%E6%9D%8E%E6%8E%8C%E4%BC%AF%EF%BC%88%E5%8E%9F%E5%AF%A7%E5%A4%8F%E5%A4%9C%E5%B8%82%E9%87%8C%E9%95%B7%E4%BC%AF%E9%BA%BB%E8%BE%A3%E8%87%AD%E8%B1%86%E8%85%90%E9%B4%A8%E8%A1%80%E8%9A%B5%E4%BB%94%E9%BA%B5%E7%B7%9A%EF%BC%89/data=!4m7!3m6!1s0x3442a96b39b0fb99:0x13f60e5205635aba!8m2!3d25.0554229!4d121.514996!16s%2Fg%2F1thx696p!19sChIJmfuwOWupQjQRulpjBVIO9hM?authuser=0&hl=zh-TW&rclk=1,25.0554229,121.5124211,0.14472152966447,3.7,$1-200,3057,"['麻辣鴨血', '抄手', '腸旺', '大腸麵線', '炸豆腐', '破布子', '王子麵', '金莎', '炸豆腐', '辣湯']"
豬肝榮仔,103台北市大同區寧夏路010攤位 ,https://www.google.com/maps/place/%E8%B1%AC%E8%82%9D%E6%A6%AE%E4%BB%94/data=!4m7!3m6!1s0x3442a96add70ff59:0x72e98fd458791b6b!8m2!3d25.056914!4d121.5155708!16s%2Fg%2F1xb2b7yk!19sChIJWf9w3WqpQjQRaxt5WNSP6XI?authuser=0&hl=zh-TW&rclk=1,25.056914,121.5129959,0.0327892018183883,4.2,$1-200,1076,"['豬肝湯', '肉粽', '芋頭糕', '肉羹', '必比登', '排隊', '冬菜', '肚湯', '內臟', '形狀']"
寧夏夜市-爆漿脆皮魷魚,103台北市大同區寧夏夜市第89攤 ,https://www.google.com/maps/place/%E5%AF%A7%E5%A4%8F%E5%A4%9C%E5%B8%82-%E7%88%86%E6%BC%BF%E8%84%86%E7%9A%AE%E9%AD%B7%E9%AD%9A/data=!4m7!3m6!1s0x3442a9c2cf6e4aab:0x5e53146c9bbeb952!8m2!3d25.0560564!4d121.5154202!16s%2Fg%2F11sfg7g_1_!19sChIJq0puz8KpQjQRUrm-m2wUU14?authuser=0&hl=zh-TW&rclk=1,25.0560564,121.5128453,0.0699283230919252,4.1,$1-200,606,"['小黃瓜', '椒鹽', '炸魷魚', '排隊', '豆薯', '芥末', '粉', '水梨', '荸薺', '尤卡']"
菇之居,103台北市大同區第82攤寧夏夜市 ,https://www.google.com/maps/place/%E8%8F%87%E4%B9%8B%E5%B1%85/data=!4m7!3m6!1s0x3442a958b457c1ff:0x6c584ab78197deb4!8m2!3d25.0560564!4d121.5154024!16s%2Fg%2F11q3vkfy77!19sChIJ_8FXtFipQjQRtN6XgbdKWGw?authuser=0&hl=zh-TW&rclk=1,25.0560564,121.5128275,0.0698058880135424,4.6,$1-200,51,"['炸', '金針菇', '秀珍菇', '週六', 'qq', '玉米筍', '香菇', '碗', '酥脆']"
豆花莊,103台北市大同區寧夏路49號 ,https://www.google.com/maps/place/%E8%B1%86%E8%8A%B1%E8%8E%8A/data=!4m7!3m6!1s0x3442a96ac201a925:0x60c17d7623069c74!8m2!3d25.057382!4d121.5155865!16s%2Fg%2F1v6qf9rt!19sChIJJakBwmqpQjQRdJwGI3Z9wWA?authuser=0&hl=zh-TW&rclk=1,25.057382,121.5130116,0.0803405956022181,4.1,$,5569,"['糖水', '芋圓', '寧夏夜市', '甘蔗', '粉圓', '粉粿', '白玉', '芝麻湯圓', '芋頭', '葛切']"
環記麻油雞,103台北市大同區寧夏路44號 ,https://www.google.com/maps/place/%E7%92%B0%E8%A8%98%E9%BA%BB%E6%B2%B9%E9%9B%9E/data=!4m7!3m6!1s0x3442a96b2129eb95:0x11a1b09e391357!8m2!3d25.056338!4d121.51526!16s%2Fg%2F1th26285!19sChIJlespIWupQjQRVxM5nrChEQA?authuser=0&hl=zh-TW&rclk=1,25.056338,121.5126851,0.0399119903891822,3.5,$200-400,1361,"['麵線', '腰子', '豬肝', '赤肉', '荷包蛋', '下水', '米酒', '人蔘雞湯', '芝麻雞', '枸杞']"
冰霖古早味豆花,103台北市大同區民生西路210號 ,https://www.google.com/maps/place/%E5%86%B0%E9%9C%96%E5%8F%A4%E6%97%A9%E5%91%B3%E8%B1%86%E8%8A%B1/data=!4m7!3m6!1s0x3442a96adbcf6ac1:0x12fc2f4a520ac7ee!8m2!3d25.0569429!4d121.5151079!16s%2Fg%2F1tczh550!19sChIJwWrP22qpQjQR7scKUkov_BI?authuser=0&hl=zh-TW&rclk=1,25.0569429,121.512533,0.0384794630643924,4.1,$,3288,"['芋圓', '寧夏夜市', '雪花冰', '糖水', '粉圓', '燒仙草', '湯圓', '孤獨的美食家', '銀耳', '黑糖']"
寧夏夜市千歲宴,103台北市大同區寧夏路58號2樓 ,https://www.google.com/maps/place/%E5%AF%A7%E5%A4%8F%E5%A4%9C%E5%B8%82%E5%8D%83%E6%AD%B2%E5%AE%B4/data=!4m7!3m6!1s0x3442a96adeefe8bd:0xc681b7e661a28ab8!8m2!3d25.056676!4d121.515363!16s%2Fg%2F11gzgyny5!19sChIJvejv3mqpQjQRuIqiYea3gcY?authuser=0&hl=zh-TW&rclk=1,25.056676,121.5127881,0.0010692045683929,4.4,$400-800,305,"['小吃', '冷氣', '美食', '道', '集合', '主持人', '辦桌', '蚵仔煎', '雞排', '地瓜']"
寧夏夜市-林振櫂燒麻糬,103台北市大同區寧夏路97號攤位 ,https://www.google.com/maps/place/%E5%AF%A7%E5%A4%8F%E5%A4%9C%E5%B8%82-%E6%9E%97%E6%8C%AF%E6%AB%82%E7%87%92%E9%BA%BB%E7%B3%AC/data=!4m7!3m6!1s0x3442a96adfd9129b:0x625970dfca7bdc5!8m2!3d25.0559817!4d121.5153223!16s%2Fg%2F1tcypjs1!19sChIJmxLZ32qpQjQRxb2n_A2XJQY?authuser=0&hl=zh-TW&rclk=1,25.0559817,121.5127474,0.0780876174520814,3.6,$,863,"['芝麻', '煉乳', '花生粉', '麻吉', '糖水', '剉冰', '綜合口味', '紅豆湯', '花生湯', '粉都']"
東石鮮蚵,103台北市大同區寧夏路66號 ,https://www.google.com/maps/place/%E6%9D%B1%E7%9F%B3%E9%AE%AE%E8%9A%B5/data=!4m7!3m6!1s0x3442a96addd2aaeb:0x91b9891d9aa7a1c8!8m2!3d25.0568402!4d121.5153561!16s%2Fg%2F1tc_z54_!19sChIJ66rS3WqpQjQRyKGnmh2JuZE?authuser=0&hl=zh-TW&rclk=1,25.0568402,121.5127812,0.0171446331005219,3.6,$1-200,554,"['蚵仔煎', '粥', '鍋', '意麵', '蝦仁', '虱目魚肚', '蛤蜊', '炒飯', '腰子', '赤肉']"
劉芋仔蛋黃芋餅,103台北市大同區寧夏路091攤位 ,https://www.google.com/maps/place/%E5%8A%89%E8%8A%8B%E4%BB%94%E8%9B%8B%E9%BB%83%E8%8A%8B%E9%A4%85/data=!4m7!3m6!1s0x3442a96abb408fef:0xb0565d872bddb91b!8m2!3d25.0560045!4d121.5153256!16s%2Fg%2F1tmxnq8m!19sChIJ749Au2qpQjQRG7ndK4ddVrA?authuser=0&hl=zh-TW&rclk=1,25.0560045,121.5127507,0.0755479323797442,3.6,$,2767,"['芋頭', '肉鬆', '排隊', '芋泥', '鹹蛋黃', '桃持', '必比登', '紙袋', '肉乾', '山藥球']"
干單食堂,103台北市大同區寧夏路22之7號之 ,https://www.google.com/maps/place/%E5%B9%B2%E5%96%AE%E9%A3%9F%E5%A0%82/data=!4m7!3m6!1s0x3442a96b3812c401:0xb0dbcb65453f8057!8m2!3d25.0553115!4d121.5149689!16s%2Fg%2F11dzdh351c!19sChIJAcQSOGupQjQRV4A_RWXL27A?authuser=0&hl=zh-TW&rclk=1,25.0553115,121.512394,0.1573510672974127,3.9,$1-200,190,"['花捲', '雞腿', '扣肉', '寧夏夜市', '梅干', '饅頭', '割包', '薑汁燒肉', '創意', '花生醬']"
蚵仔煎大王,103台北市大同區寧夏路56號 ,https://www.google.com/maps/place/%E8%9A%B5%E4%BB%94%E7%85%8E%E5%A4%A7%E7%8E%8B/data=!4m7!3m6!1s0x3442a96adf0738c7:0x3791b6a31439a499!8m2!3d25.0566078!4d121.5153576!16s%2Fg%2F12m8_0522!19sChIJxzgH32qpQjQRmaQ5FKO2kTc?authuser=0&hl=zh-TW&rclk=1,25.0566078,121.5127827,0.0086431173349574,2.9,$1-200,1283,"['蝦仁', '豬肝湯', '腰子', '蛋殼', '太白粉', '勾芡', '源環片蚵仔煎', '炒飯', '麵粉', '元慶蠔']"
馥陽鍋貼水餃專賣店,103台北市大同區寧夏路26-2號 ,https://www.google.com/maps/place/%E9%A6%A5%E9%99%BD%E9%8D%8B%E8%B2%BC%E6%B0%B4%E9%A4%83%E5%B0%88%E8%B3%A3%E5%BA%97/data=!4m7!3m6!1s0x3442a96b3a34be8f:0xd636b5a47215a806!8m2!3d25.05561!4d121.515049!16s%2Fg%2F1tg7_4px!19sChIJj740OmupQjQRBqgVcqS1NtY?authuser=0&hl=zh-TW&rclk=1,25.05561,121.5124741,0.1233175302385445,3.7,$1-200,1693,"['紅油抄手', '夜市', '米糕', '四神湯', '汁', '筍', '生意', '地瓜葉', '苦瓜', '蔬菜湯']"
詹記無骨排骨酥（寧夏夜市）,103台北市大同區民生西路北區015 ,https://www.google.com/maps/place/%E8%A9%B9%E8%A8%98%E7%84%A1%E9%AA%A8%E6%8E%92%E9%AA%A8%E9%85%A5%EF%BC%88%E5%AF%A7%E5%A4%8F%E5%A4%9C%E5%B8%82%EF%BC%89/data=!4m7!3m6!1s0x3442a940ad1a5e09:0x64efc3080976ed7d!8m2!3d25.0569552!4d121.515799!16s%2Fg%2F11tjmn8sht!19sChIJCV4arUCpQjQRfe12CQjD72Q?authuser=0&hl=zh-TW&rclk=1,25.0569552,121.5132241,0.0530811674848455,4.3,$1-200,47,"['肉', '炸', '麻辣', '價格', '湯麵']"
林記麻辣臭豆腐,103台北市大同區寧夏路70號寧夏夜市攤位 ,https://www.google.com/maps/place/%E6%9E%97%E8%A8%98%E9%BA%BB%E8%BE%A3%E8%87%AD%E8%B1%86%E8%85%90/data=!4m7!3m6!1s0x3442a94000aa8d15:0x52753e016c3c5c12!8m2!3d25.0561251!4d121.515451!16s%2Fg%2F11h17hryp!19sChIJFY2qAECpQjQRElw8bAE-dVI?authuser=0&hl=zh-TW&rclk=1,25.0561251,121.5128761,0.0627047920572382,3.9,$1-200,456,"['魚乾', '鴨血', '大腸', '豆皮', '泡菜', '高麗菜', '王子麵', '麵線', '炸臭豆腐', '冬粉']"
詹記鷄脚翅,103台北市大同區民生西路231號 ,https://www.google.com/maps/place/%E8%A9%B9%E8%A8%98%E9%B7%84%E8%84%9A%E7%BF%85/data=!4m7!3m6!1s0x3442a96ae8566079:0x4f7b45e031f62c5d!8m2!3d25.0572008!4d121.515709!16s%2Fg%2F11f67fcczp!19sChIJeWBW6GqpQjQRXSz2MeBFe08?authuser=0&hl=zh-TW&rclk=1,25.0590659,121.512799,0.2636766080004422,2.9,$1-200,304,"['滷味', '酸菜', '寧夏夜市', '豬血糕', '甜不辣', '排隊', '海帶', '百頁', '雞腳', '辣跟']"
賴雞蛋蚵仔煎,103台北市大同區民生西路198之22號 ,https://www.google.com/maps/place/%E8%B3%B4%E9%9B%9E%E8%9B%8B%E8%9A%B5%E4%BB%94%E7%85%8E/data=!4m7!3m6!1s0x3442a96af0801c71:0x8e71289ecd4c2996!8m2!3d25.0569597!4d121.5160317!16s%2Fg%2F1tcwj7w4!19sChIJcRyA8GqpQjQRlilMzZ4ocY4?authuser=0&hl=zh-TW&rclk=1,25.0569597,121.5134568,0.0738899474523644,3.5,$1-200,2053,"['蚵仔', '寧夏夜市', '腰子', '豬肝湯', '排隊', '太白粉', '帶位', '源環片蚵仔煎', '恰恰', '施家麻油腰花']"
飄香牛肉麵館,103台北市大同區寧夏路12號1樓 ,https://www.google.com/maps/place/%E9%A3%84%E9%A6%99%E7%89%9B%E8%82%89%E9%BA%B5%E9%A4%A8/data=!4m7!3m6!1s0x3442a96b4fc2cd97:0xf0da57b27b650713!8m2!3d25.0546535!4d121.5147485!16s%2Fg%2F1td35yb1!19sChIJl83CT2upQjQREwdle7JX2vA?authuser=0&hl=zh-TW&rclk=1,25.0546535,121.5121736,0.2335165595171716,4.2,$200-400,1087,"['滷味', '牛筋', 'qr code', '酸菜', '鹹', '夜市', '炸醬麵', '微辣', '霹靂', '台北國際牛肉麵節']"
大橋頭 祥記純糖麻糬 寧夏店,103台北市大同區寧夏路24號 ,https://www.google.com/maps/place/%E5%A4%A7%E6%A9%8B%E9%A0%AD+%E7%A5%A5%E8%A8%98%E7%B4%94%E7%B3%96%E9%BA%BB%E7%B3%AC+%E5%AF%A7%E5%A4%8F%E5%BA%97/data=!4m7!3m6!1s0x3442a96ade8d25b3:0x2245b09f7ac66daf!8m2!3d25.0567882!4d121.5154148!16s%2Fg%2F1tlblvr2!19sChIJsyWN3mqpQjQRr23Gep-wRSI?authuser=0&hl=zh-TW&rclk=1,25.0567882,121.5128399,0.0124636894152622,3.7,$,640,"['煉乳', '芝麻', '碗', '剉冰', '芋頭', '花生粉', '紅豆', 'QQ', '延山夜市', '麥角']"
寧夏014老牌魷魚羹炒米粉,103台北市大同區寧夏路014攤位 ,https://www.google.com/maps/place/%E5%AF%A7%E5%A4%8F014%E8%80%81%E7%89%8C%E9%AD%B7%E9%AD%9A%E7%BE%B9%E7%82%92%E7%B1%B3%E7%B2%89/data=!4m7!3m6!1s0x3442a945bdd50f71:0x82285ec72f3dddb!8m2!3d25.056888!4d121.5155221!16s%2Fg%2F11j2nl66kr!19sChIJcQ_VvUWpQjQR293zcuyFIgg?authuser=0&hl=zh-TW&rclk=1,25.056888,121.5129472,0.0275110077402466,4.1,,128,"['湯', '魚漿', '碗', '辣椒', '甜', '蒜味', '醋', '桌', '勾芡', '豆芽菜']"
山東赤肉蒸餃,103台北市大同區寧夏路050攤位 ,https://www.google.com/maps/place/%E5%B1%B1%E6%9D%B1%E8%B5%A4%E8%82%89%E8%92%B8%E9%A4%83/data=!4m7!3m6!1s0x3442a96b26cadf95:0xd9e98243c245d5f4!8m2!3d25.0564937!4d121.5153145!16s%2Fg%2F1tcyhr68!19sChIJld_KJmupQjQR9NVFwkOC6dk?authuser=0&hl=zh-TW&rclk=1,25.0564937,121.5127396,0.0218386975222231,3.9,$1-200,269,"['酸辣湯', '夜市', '籠', '皮', '沾醬', 'Q', '鮮', '肉餡', '香油', '薑味']"
宏冠土魠魚羹,103台北市大同區寧夏路寧夏夜市 ,https://www.google.com/maps/place/%E5%AE%8F%E5%86%A0%E5%9C%9F%E9%AD%A0%E9%AD%9A%E7%BE%B9/data=!4m7!3m6!1s0x3442a93faaaaaaab:0xe8e52c88a057d997!8m2!3d25.0555386!4d121.5151667!16s%2Fg%2F1tdkph45!19sChIJq6qqqj-pQjQRl9lXoIgs5eg?authuser=0&hl=zh-TW&rclk=1,25.0555386,121.5125918,0.1286092693855393,3.8,$1-200,308,"['滷肉飯', '湯', '炸', '醋', '寧夏夜市', '炒米粉', '魚塊', '魚卵', '勾芡', '魚蛋']"
牛媽媽控肉飯（沙茶牛肉）,103台北市大同區寧夏路第44號攤位 ,https://www.google.com/maps/place/%E7%89%9B%E5%AA%BD%E5%AA%BD%E6%8E%A7%E8%82%89%E9%A3%AF%EF%BC%88%E6%B2%99%E8%8C%B6%E7%89%9B%E8%82%89%EF%BC%89/data=!4m7!3m6!1s0x3442a96b4623ff23:0xd2f6ec90ed8ea866!8m2!3d25.0567024!4d121.5153868!16s%2Fg%2F1td2x4vm!19sChIJI_8jRmupQjQRZqiO7ZDs9tI?authuser=0&hl=zh-TW&rclk=1,25.0567024,121.5128119,0.0029512323359891,3.1,$1-200,888,"['炒麵', '牛雜', '碗', '焢肉飯', '筍乾', '牛肉湯', '羊肉', '夜市', '空心菜', '牛肉麵']"
阿桐阿寶四神湯,103台北市大同區民生西路153號 ,https://www.google.com/maps/place/%E9%98%BF%E6%A1%90%E9%98%BF%E5%AF%B6%E5%9B%9B%E7%A5%9E%E6%B9%AF/data=!4m7!3m6!1s0x3442a96a67c9be13:0xba1ef70fcd5a52bc!8m2!3d25.0573968!4d121.5177947!16s%2Fg%2F1tdp79yj!19sChIJE77JZ2qpQjQRvFJazQ_3Hro?authuser=0&hl=zh-TW&rclk=1,25.0573968,121.5152198,0.2575987139806269,4.0,$1-200,7752,"['肉粽', '肉包', '燒賣', '米酒', '藥酒', '薏仁', '當歸', '赤肉', '寧夏夜市', '烹飪酒精']"
深海郭魚湯,103台北市大同區寧夏路046攤位 ,https://www.google.com/maps/place/%E6%B7%B1%E6%B5%B7%E9%83%AD%E9%AD%9A%E6%B9%AF/data=!4m7!3m6!1s0x3442a9ec43cd766b:0xac77620e7e5a2a60!8m2!3d25.0564794!4d121.51531!16s%2Fg%2F11g0kc85x7!19sChIJa3bNQ-ypQjQRYCpafg5id6w?authuser=0&hl=zh-TW&rclk=1,25.0564794,121.5127351,0.023484795770235,3.4,$1-200,49,"['滷肉飯', '味噌湯', '碗', '雞', '甜', '皮', '口感', '油', '空虛', '調味']"
料理長胡椒蝦,103台北市大同區寧夏路005攤位 ,https://www.google.com/maps/place/%E6%96%99%E7%90%86%E9%95%B7%E8%83%A1%E6%A4%92%E8%9D%A6/data=!4m7!3m6!1s0x3442a96adff880f3:0x1a4c10fa319b06ba!8m2!3d25.0568771!4d121.5155915!16s%2Fg%2F1tffrmj8!19sChIJ84D432qpQjQRugabMfoQTBo?authuser=0&hl=zh-TW&rclk=1,25.0568771,121.5130166,0.0312489047049691,4.6,$400-600,286,"['蒜頭', '泰國蝦', '夜市', '排隊', '口味', 'cp值', '外帶', '酸辣', '洗手', '電話']"
艋舺雞排 台北寧夏店,103台北市大同區民生西路207號 ,https://www.google.com/maps/place/%E8%89%8B%E8%88%BA%E9%9B%9E%E6%8E%92+%E5%8F%B0%E5%8C%97%E5%AF%A7%E5%A4%8F%E5%BA%97/data=!4m7!3m6!1s0x3442a997d6e6a4f5:0xb0ad7df49c9a7b93!8m2!3d25.057265!4d121.5163679!16s%2Fg%2F11q1gw7l92!19sChIJ9aTm1pepQjQRk3uanPR9rbA?authuser=0&hl=zh-TW&rclk=1,25.057265,121.513793,0.1199100006818197,4.2,$1-200,1287,"['外送', '杏鮑菇', '辣妹', '皮', '優惠', '海苔', '韓式炸雞', '煉乳', '炸香蕉', '司機']"
鴻記鐵板燒蔥餅捲,103台北市大同區寧夏路85號攤位 ,https://www.google.com/maps/place/%E9%B4%BB%E8%A8%98%E9%90%B5%E6%9D%BF%E7%87%92%E8%94%A5%E9%A4%85%E6%8D%B2/data=!4m7!3m6!1s0x3442a96abb05591f:0x3213b8b30c0eac3b!8m2!3d25.0560298!4d121.5154165!16s%2Fg%2F1td0kq3w!19sChIJH1kFu2qpQjQRO6wODLO4EzI?authuser=0&hl=zh-TW&rclk=1,25.0560298,121.5128416,0.0728375712986298,3.0,$1-200,329,"['起司', '泡菜', '炒麵', '蛋餅', '捲餅', '打拋', '鐵板麵', '夜市', '河粉', '蔥油餅']"
寧夏禺買の壽司屋,103台北市大同區寧夏路26-1號 ,https://www.google.com/maps/place/%E5%AF%A7%E5%A4%8F%E7%A6%BA%E8%B2%B7%E3%81%AE%E5%A3%BD%E5%8F%B8%E5%B1%8B/data=!4m7!3m6!1s0x3442a9fd189f1ee5:0xb8207f8f7b1e62d8!8m2!3d25.0555455!4d121.515025!16s%2Fg%2F11vq7swg2m!19sChIJ5R6fGP2pQjQR2GIee49_ILg?authuser=0&hl=zh-TW&rclk=1,25.0555455,121.5124501,0.1308462031111575,4.3,$200-400,174,"['生魚片', '醋飯', '鮭魚', '牡蠣', '炸', '握壽司', '丼飯', 'cp值', '寧夏夜市', '日式料理']"
太春小館,103台北市大同區民生西路198-4號 ,https://www.google.com/maps/place/%E5%A4%AA%E6%98%A5%E5%B0%8F%E9%A4%A8/data=!4m7!3m6!1s0x3442a96aa440575b:0x39ba2b1510148692!8m2!3d25.0570202!4d121.5167202!16s%2Fg%2F1v_0gglx!19sChIJW1dApGqpQjQRkoYUEBUrujk?authuser=0&hl=zh-TW&rclk=1,25.0578889,121.5133809,0.1460545167302997,4.1,$$,1136,"['炸', '毛毛蟲', '炒烏龍', '中午', '牛蒡', '生魚片', '寧夏夜市', '豬肝', '握壽司', '手卷']"
金雞畝舒肥脆皮塩水雞寧夏夜市寧夏店,103台北市大同區民生西路202號 ,https://www.google.com/maps/place/%E9%87%91%E9%9B%9E%E7%95%9D%E8%88%92%E8%82%A5%E8%84%86%E7%9A%AE%E5%A1%A9%E6%B0%B4%E9%9B%9E%E5%AF%A7%E5%A4%8F%E5%A4%9C%E5%B8%82%E5%AF%A7%E5%A4%8F%E5%BA%97/data=!4m7!3m6!1s0x3442a90067226845:0x4b83703804d906e3!8m2!3d25.056873!4d121.515286!16s%2Fg%2F11w50n99b8!19sChIJRWgiZwCpQjQR4wbZBDhwg0s?authuser=0&hl=zh-TW&rclk=1,25.056873,121.5127111,0.0222044913277839,4.9,$1-200,14,[]
瑪吉臭豆腐,103台北市大同區寧夏路80號 ,https://www.google.com/maps/place/%E7%91%AA%E5%90%89%E8%87%AD%E8%B1%86%E8%85%90/data=!4m7!3m6!1s0x3442a93d88b7c279:0x67646f6477fdbfd7!8m2!3d25.0582036!4d121.5150788!16s%2Fg%2F11ryrdt1kk!19sChIJecK3iD2pQjQR17_9d2RvZGc?authuser=0&hl=zh-TW&rclk=1,25.0582036,121.5125039,0.170600933855765,4.6,$1-200,896,"['蘋果醋', '椒鹽', '酥脆', '泡菜', '酵素', '延山夜市', '糖蘋果', '發酵', '鴨血', '寧夏夜市']"
慈音古早味阿婆飯糰,103台北市大同區民生西路198號 ,https://www.google.com/maps/place/%E6%85%88%E9%9F%B3%E5%8F%A4%E6%97%A9%E5%91%B3%E9%98%BF%E5%A9%86%E9%A3%AF%E7%B3%B0/data=!4m7!3m6!1s0x3442a96a13238453:0x765cea85e81083b4!8m2!3d25.0569466!4d121.5157511!16s%2Fg%2F1thzllkm!19sChIJU4QjE2qpQjQRtIMQ6IXqXHY?authuser=0&hl=zh-TW&rclk=1,25.0569466,121.5131762,0.0485878545028441,3.0,$1-200,528,"['油條', '鹹', '酸菜', '排隊', '肉鬆', '糯米', '夜市', '菜脯', '燒焦', '豆漿']"
黃金城&黃金薯,103台北市大同區寧夏路039攤位 ,https://www.google.com/maps/place/%E9%BB%83%E9%87%91%E5%9F%8E%26%E9%BB%83%E9%87%91%E8%96%AF/data=!4m7!3m6!1s0x3442a95934fa8ac1:0x9e15750e2d552b6e!8m2!3d25.0565746!4d121.5155194!16s%2Fg%2F11n0vth468!19sChIJwYr6NFmpQjQRbitVLQ51FZ4?authuser=0&hl=zh-TW&rclk=1,25.0565746,121.5129445,0.0199185543331222,4.5,$1-200,57,"['起司', '鮪魚', '口味', '烤馬鈴薯', '培根', '價格', '墨西哥', '燻', '焗烤', '青花菜']"
明吉小館,103台北市大同區寧夏路34號 ,https://www.google.com/maps/place/%E6%98%8E%E5%90%89%E5%B0%8F%E9%A4%A8/data=!4m7!3m6!1s0x3442a96b248b603b:0x6c78a355201a86b4!8m2!3d25.0560179!4d121.5151489!16s%2Fg%2F11bw7dgz00!19sChIJO2CLJGupQjQRtIYaIFWjeGw?authuser=0&hl=zh-TW&rclk=1,25.0560179,121.512574,0.0770852636412565,3.6,$1-200,474,"['排骨', '炒飯', '紅油抄手', '腿', '夜市', '牛肉麵', '便當', '乾麵', '酸菜', '餛飩麵']"
寧夏牛排,103台北市大同區寧夏路蓬萊國小停車場電梯出口**寧夏夜市 攤號103 ** ,https://www.google.com/maps/place/%E5%AF%A7%E5%A4%8F%E7%89%9B%E6%8E%92/data=!4m7!3m6!1s0x3442a96b234f0329:0x1e7ac7cea182abf!8m2!3d25.0558229!4d121.5152464!16s%2Fg%2F11ggzcjghf!19sChIJKQNPI2upQjQRvyoY6nys5wE?authuser=0&hl=zh-TW&rclk=1,25.0558229,121.5126715,0.0962996430715016,3.9,$1-200,93,"['夜市', '煎', '麵', '價格', '雙拼', '紅茶', '環保', '美食', '吝嗇', '杯']"
鴨頭正二代滷肉飯,103台北市大同區寧夏路40號 ,https://www.google.com/maps/place/%E9%B4%A8%E9%A0%AD%E6%AD%A3%E4%BA%8C%E4%BB%A3%E6%BB%B7%E8%82%89%E9%A3%AF/data=!4m7!3m6!1s0x3442a96add5968a3:0x200f5e7c07b5a830!8m2!3d25.0562335!4d121.5153839!16s%2Fg%2F1tl49r3v!19sChIJo2hZ3WqpQjQRMKi1B3xeDyA?authuser=0&hl=zh-TW&rclk=1,25.0562335,121.512809,0.0501206378883918,3.5,$1-200,243,"['瓜', '肉湯', '咖哩飯', '肉羹', '赤肉', '魯肉飯', '鴨蛋', '半熟', '夜市', '蛋黃']"
裕森古早味阿嬤飯糰,103台北市大同區寧夏路45巷1號 ,https://www.google.com/maps/place/%E8%A3%95%E6%A3%AE%E5%8F%A4%E6%97%A9%E5%91%B3%E9%98%BF%E5%AC%A4%E9%A3%AF%E7%B3%B0/data=!4m7!3m6!1s0x3442a96ae9a02e1d:0xea833b0e9b6bb22a!8m2!3d25.0573597!4d121.5158292!16s%2Fg%2F11b7wnd9yv!19sChIJHS6g6WqpQjQRKrJrmw47g-o?authuser=0&hl=zh-TW&rclk=1,25.0573597,121.5132543,0.0881954456152096,3.6,$1-200,421,"['鹹蛋', '油條', '紫米', '茶葉蛋', '糯米', '酸菜', '菜脯', '寧夏夜市', '白米', '飯團']"
太春小館海鮮餐廳,103台北市大同區寧夏路81號 ,https://www.google.com/maps/place/%E5%A4%AA%E6%98%A5%E5%B0%8F%E9%A4%A8%E6%B5%B7%E9%AE%AE%E9%A4%90%E5%BB%B3/data=!4m7!3m6!1s0x3442a96aa440575b:0xc49ee0d12764e1e!8m2!3d25.0587577!4d121.5151915!16s%2Fg%2F11gzsctfb!19sChIJW1dApGqpQjQRHk52Eg3uSQw?authuser=0&hl=zh-TW&rclk=1,25.0578889,121.5133809,0.1460545167302997,4.3,$$,1484,"['毛毛蟲', '豬肝', '日本料理', '米粉', '生魚片', '煎', '台菜', '寧夏夜市', '綠豆', '花雕']"
火焰德國豬腳,103台北市大同區寧夏路34-5號 ,https://www.google.com/maps/place/%E7%81%AB%E7%84%B0%E5%BE%B7%E5%9C%8B%E8%B1%AC%E8%85%B3/data=!4m7!3m6!1s0x3442a93b0e0ae27d:0xd81dca389445fd8c!8m2!3d25.0561069!4d121.5154191!16s%2Fg%2F11trf95prr!19sChIJfeIKDjupQjQRjP1FlDjKHdg?authuser=0&hl=zh-TW&rclk=1,25.0561069,121.5128442,0.0643445339737324,4.9,$1-200,43,"['夜市', '盒', '價格', '椒鹽', '塔塔醬', '酸黃瓜', '芥末', '2024年', '酥脆', '柴']"
兩點綠豆沙,103台北市大同區寧夏夜市第16攤 ,https://www.google.com/maps/place/%E5%85%A9%E9%BB%9E%E7%B6%A0%E8%B1%86%E6%B2%99/data=!4m7!3m6!1s0x3442a9c9888cde27:0xfffa2de96343a96c!8m2!3d25.0568224!4d121.5154123!16s%2Fg%2F11p028bybh!19sChIJJ96MiMmpQjQRbKlDY-kt-v8?authuser=0&hl=zh-TW&rclk=1,25.0568224,121.5128374,0.0159151892696034,4.4,,50,"['價格', '牛奶', '冰沙', '現金', '杯', '夏天']"
美華現煮海鮮麵,103台北市大同區寧夏夜市051攤號 ,https://www.google.com/maps/place/%E7%BE%8E%E8%8F%AF%E7%8F%BE%E7%85%AE%E6%B5%B7%E9%AE%AE%E9%BA%B5/data=!4m7!3m6!1s0x3442a99b8ed6c7a1:0xec237f4aaaaa87b4!8m2!3d25.0565858!4d121.5155761!16s%2Fg%2F11n5sdb7hp!19sChIJocfWjpupQjQRtIeqqkp_I-w?authuser=0&hl=zh-TW&rclk=1,25.0565858,121.5130012,0.0240794171529009,4.6,,21,"['甜', '蛤蜊', '小卷', '烏龍麵', '價格']"
寧夏夜市先來厚到章魚燒 NING XIA XIAN LAI HOU DAO TAKOYAKI,103台北市大同區寧夏路007號攤位 ,https://www.google.com/maps/place/%E5%AF%A7%E5%A4%8F%E5%A4%9C%E5%B8%82%E5%85%88%E4%BE%86%E5%8E%9A%E5%88%B0%E7%AB%A0%E9%AD%9A%E7%87%92+NING+XIA+XIAN+LAI+HOU+DAO+TAKOYAKI/data=!4m7!3m6!1s0x3442a9543d61e58f:0x5bd9a7b6bd217105!8m2!3d25.0568601!4d121.5155804!16s%2Fg%2F11f5yvz2z6!19sChIJj-VhPVSpQjQRBXEhvban2Vs?authuser=0&hl=zh-TW&rclk=1,25.0568601,121.5130055,0.0291547636490021,3.1,$1-200,58,"['熊貓', '海苔', '外送', '花枝', '照燒', '失望', '起司', '口感', '蝦子', '柴魚']"
香酥地瓜球（搬家）至民生西路209號4/18公休一日,103台北市大同區民生西路209號1樓 ,https://www.google.com/maps/place/%E9%A6%99%E9%85%A5%E5%9C%B0%E7%93%9C%E7%90%83%EF%BC%88%E6%90%AC%E5%AE%B6%EF%BC%89%E8%87%B3%E6%B0%91%E7%94%9F%E8%A5%BF%E8%B7%AF209%E8%99%9F4%2F18%E5%85%AC%E4%BC%91%E4%B8%80%E6%97%A5/data=!4m7!3m6!1s0x3442a96d17221cb3:0x87ca3bd1fcc0d0e!8m2!3d25.0572658!4d121.5163452!16s%2Fg%2F11j3v5jgyh!19sChIJsxwiF22pQjQRDg3MH72jfAg?authuser=0&hl=zh-TW&rclk=1,25.0572658,121.5137703,0.1180298300626238,4.2,$,455,"['口感', '炸', '酥脆', '排隊', '夜市', '名', '大包', '量', 'QQ', '有嚼勁']"
寧夏夜市-正港高雄！烤黑輪片,103台北市大同區寧夏路寧夏夜市 ,https://www.google.com/maps/place/%E5%AF%A7%E5%A4%8F%E5%A4%9C%E5%B8%82-%E6%AD%A3%E6%B8%AF%E9%AB%98%E9%9B%84%EF%BC%81%E7%83%A4%E9%BB%91%E8%BC%AA%E7%89%87/data=!4m7!3m6!1s0x3442a99463b12d07:0x89e672a36fb26f08!8m2!3d25.056394!4d121.5153051!16s%2Fg%2F11jzsd929p!19sChIJBy2xY5SpQjQRCG-yb6Ny5ok?authuser=0&hl=zh-TW&rclk=1,25.056394,121.5127302,0.0328456497633881,2.6,,9,['醬汁']
拌伴石頭火鍋,103台北市大同區寧夏路23-3號1樓 ,https://www.google.com/maps/place/%E6%8B%8C%E4%BC%B4%E7%9F%B3%E9%A0%AD%E7%81%AB%E9%8D%8B/data=!4m7!3m6!1s0x3442a900711f6993:0x6ca0602459c11ab2!8m2!3d25.0551286!4d121.5151461!16s%2Fg%2F11ldmxjyt3!19sChIJk2kfcQCpQjQRshrBWSRgoGw?authuser=0&hl=zh-TW&rclk=1,25.0551286,121.5125712,0.1738717636288146,4.9,$200-400,3763,"['爆炒', '寧夏夜市', '爆香', '宵夜', '傳統', '霜降', '培根', '裝潢', '炒鍋', '魚湯']"
寧夏夜市 - 二代鵝肉攤,103台北市大同區寧夏路030攤位 ,https://www.google.com/maps/place/%E5%AF%A7%E5%A4%8F%E5%A4%9C%E5%B8%82+-+%E4%BA%8C%E4%BB%A3%E9%B5%9D%E8%82%89%E6%94%A4/data=!4m7!3m6!1s0x3442a96ac0a2e77d:0x290c8562214eb6e!8m2!3d25.0568345!4d121.5155246!16s%2Fg%2F1tftnsvr!19sChIJfeeiwGqpQjQRbusUIlbIkAI?authuser=0&hl=zh-TW&rclk=1,25.0568345,121.5129497,0.0231157560555627,3.9,$1-200,102,"['腸', '冬粉', '下水湯', '價格', '碗', '柔面', '麵線', '皮', '鴨', '鈔票']"
轟炸大魷魚 寧夏夜市079,103台北市大同區寧夏路58號 ,https://www.google.com/maps/place/%E8%BD%9F%E7%82%B8%E5%A4%A7%E9%AD%B7%E9%AD%9A+%E5%AF%A7%E5%A4%8F%E5%A4%9C%E5%B8%82079/data=!4m7!3m6!1s0x3442a900276859f9:0x8d468f1722f53d7f!8m2!3d25.0566408!4d121.5153526!16s%2Fg%2F11vppwjmdh!19sChIJ-VloJwCpQjQRfz31IhePRo0?authuser=0&hl=zh-TW&rclk=1,25.0566408,121.5127777,0.0050965220824386,4.6,$1-200,8,"['炸魷魚', '洋蔥', '油']"
魷皇駕到,103台北市大同區寧夏路80號攤位號寧夏夜市 ,https://www.google.com/maps/place/%E9%AD%B7%E7%9A%87%E9%A7%95%E5%88%B0/data=!4m7!3m6!1s0x3442a928946839b7:0x606d527a6b771258!8m2!3d25.0562572!4d121.5153568!16s%2Fg%2F11s5dyp6__!19sChIJtzlolCipQjQRWBJ3a3pSbWA?authuser=0&hl=zh-TW&rclk=1,25.0562572,121.5127819,0.0474611812829976,3.8,$1-200,97,"['魷魚', '洋蔥', '椒鹽', '口味', '口感', '排', '孜然', '檸檬汁', '調味', '夜市']"
寧夏夜市 蛤！什麼蛤,103台北市大同區寧夏路35號 ,https://www.google.com/maps/place/%E5%AF%A7%E5%A4%8F%E5%A4%9C%E5%B8%82+%E8%9B%A4%EF%BC%81%E4%BB%80%E9%BA%BC%E8%9B%A4/data=!4m7!3m6!1s0x3442a900022c0807:0x1f6636e57de863f9!8m2!3d25.0563826!4d121.5156287!16s%2Fg%2F11vst6qnhl!19sChIJBwgsAgCpQjQR-WPofeU2Zh8?authuser=0&hl=zh-TW&rclk=1,25.0563826,121.5130538,0.0428884212517468,4.8,$1-200,11,"['蛤仔', '蒜', '可愛']"
寧夏素食小館,103台北市大同區寧夏路36號 ,https://www.google.com/maps/place/%E5%AF%A7%E5%A4%8F%E7%B4%A0%E9%A3%9F%E5%B0%8F%E9%A4%A8/data=!4m7!3m6!1s0x3442a96b24160afd:0x33fa2a8bb8b493af!8m2!3d25.0561428!4d121.5151479!16s%2Fg%2F1pzt0bnlh!19sChIJ_QoWJGupQjQRr5O0uIsq-jM?authuser=0&hl=zh-TW&rclk=1,25.0561428,121.512573,0.0639631689379092,3.9,$1-200,295,"['油飯', '羹', '筍', '小菜', '滷味', '夜市', '素鹵飯', '湯麵', '苦瓜', '地瓜葉']"
寧夏鐵板燒,103台北市大同區寧夏路26號 ,https://www.google.com/maps/place/%E5%AF%A7%E5%A4%8F%E9%90%B5%E6%9D%BF%E7%87%92/data=!4m7!3m6!1s0x3442a96abb408fd7:0xa9086702b763c400!8m2!3d25.05551!4d121.515029!16s%2Fg%2F1tdntlh4!19sChIJ149Au2qpQjQRAMRjtwJnCKk?authuser=0&hl=zh-TW&rclk=1,25.0560919,121.5136972,0.1127811412134847,3.5,$200-400,207,"['雞腿', '蒜', '煎', '沙朗', '套餐', '炒', '夜市', '冬瓜茶', '副菜', '碗']"
大昌沙拉船,103台北市大同區寧夏路003攤位 ,https://www.google.com/maps/place/%E5%A4%A7%E6%98%8C%E6%B2%99%E6%8B%89%E8%88%B9/data=!4m7!3m6!1s0x3442a96ad4acad1d:0xe1b2ba8333374ed1!8m2!3d25.0569245!4d121.5155885!16s%2Fg%2F1thg8446!19sChIJHa2s1GqpQjQR0U43M4O6suE?authuser=0&hl=zh-TW&rclk=1,25.0569245,121.5130136,0.0348285843573256,4.0,$1-200,143,"['美乃滋', '炸', '口感', '火腿', '廟口', '滷蛋', '排隊', '營養', '美食', '衛生']"
寧夏塩酥雞.炭烤,103台北市大同區寧夏路30-4號 ,https://www.google.com/maps/place/%E5%AF%A7%E5%A4%8F%E5%A1%A9%E9%85%A5%E9%9B%9E.%E7%82%AD%E7%83%A4/data=!4m7!3m6!1s0x3442a96b3c803009:0x3db88a8cc25f765e!8m2!3d25.0557873!4d121.5151104!16s%2Fg%2F11h1ygdyc6!19sChIJCTCAPGupQjQRXnZfwoyKuD0?authuser=0&hl=zh-TW&rclk=1,25.0557873,121.5125355,0.1027481239091831,3.2,$1-200,118,"['鹽酥雞', '錢', '價格', '寧夏夜市', '甜不辣', '豆腐', '龍珠', '柳葉魚', '肉卷', '籃子']"
寧夏夜市魷魚焿,103台北市大同區 ,https://www.google.com/maps/place/%E5%AF%A7%E5%A4%8F%E5%A4%9C%E5%B8%82%E9%AD%B7%E9%AD%9A%E7%84%BF/data=!4m7!3m6!1s0x3442a90726fe8a91:0x19281f9d68cc0984!8m2!3d25.0564543!4d121.5153197!16s%2Fg%2F11fd4v15mk!19sChIJkYr-JgepQjQRhAnMaJ0fKBk?authuser=0&hl=zh-TW&rclk=1,25.0564722,121.512846,0.0243239783109758,3.5,$1-200,27,"['米粉', '羹', '碗', '餐', '勾芡', '炒', '辣椒']"
蛋包瓜仔赤肉湯,103台北市大同區寧夏路76號 ,https://www.google.com/maps/place/%E8%9B%8B%E5%8C%85%E7%93%9C%E4%BB%94%E8%B5%A4%E8%82%89%E6%B9%AF/data=!4m7!3m6!1s0x3442a96abb252c59:0x97abd642b40eef20!8m2!3d25.0561685!4d121.515335!16s%2Fg%2F1tfbw4f0!19sChIJWSwlu2qpQjQRIO8OtELWq5c?authuser=0&hl=zh-TW&rclk=1,25.0561685,121.5127601,0.057356304277912,3.6,$1-200,88,"['滷肉飯', '價格', '咖哩飯', '肉羹', '蝦仁', '碗', '夜市', '鴨蛋', '蛋殼', '香菇']"
小巷一沙拉船,103台北市大同區寧夏路33號 ,https://www.google.com/maps/place/%E5%B0%8F%E5%B7%B7%E4%B8%80%E6%B2%99%E6%8B%89%E8%88%B9/data=!4m7!3m6!1s0x3442a926557978bf:0x3491d7bf7d8ae61a!8m2!3d25.0561123!4d121.5154393!16s%2Fg%2F11ql18nsy7!19sChIJv3h5VSapQjQRGuaKfb_XkTQ?authuser=0&hl=zh-TW&rclk=1,25.0561123,121.5128644,0.0639582894189904,3.8,$1-200,34,"['炸麵包', '夜市', '香', '番茄', '排隊', '三明治', '口感']"
王家米粉炒,103台北市大同區寧夏路054攤位號 ,https://www.google.com/maps/place/%E7%8E%8B%E5%AE%B6%E7%B1%B3%E7%B2%89%E7%82%92/data=!4m7!3m6!1s0x3442a96adf790c3f:0x66cccf7002699d8c!8m2!3d25.056588!4d121.5155788!16s%2Fg%2F11g8_2tfwl!19sChIJPwx532qpQjQRjJ1pAnDPzGY?authuser=0&hl=zh-TW&rclk=1,25.0564926,121.5129366,0.0260439711940892,3.4,$1-200,77,"['羹', '甜', '炒米粉', '魷魚', '碗', '夜市', '醋', '鮮', '臭', '湯']"
福州胡椒餅攤,103台北市大同區寧夏路45號 ,https://www.google.com/maps/place/%E7%A6%8F%E5%B7%9E%E8%83%A1%E6%A4%92%E9%A4%85%E6%94%A4/data=!4m7!3m6!1s0x3442a96ac2af41dd:0x5697607add8876ba!8m2!3d25.0571848!4d121.5156322!16s%2Fg%2F11f08db253!19sChIJ3UGvwmqpQjQRunaI3Xpgl1Y?authuser=0&hl=zh-TW&rclk=1,25.0571848,121.5130573,0.0615606986738396,3.7,$1-200,200,"['赤肉', '口感', '皮', '肉餡', '肥', '蔥', '肉汁', '冷', '有嚼勁', '油']"
詹記水果,103台北市大同區寧夏路27號 ,https://www.google.com/maps/place/%E8%A9%B9%E8%A8%98%E6%B0%B4%E6%9E%9C/data=!4m7!3m6!1s0x3442a9a3e3834705:0xe11c988db0a3f722!8m2!3d25.0557709!4d121.5152351!16s%2Fg%2F11gvx_7jg5!19sChIJBUeD46OpQjQRIvejsI2YHOE?authuser=0&hl=zh-TW&rclk=1,25.0557709,121.5126602,0.1021573912983503,4.6,,47,"['番茄', '薑味', '價格', '醬油', '沾醬', '鬼', '仙草', '牛奶', '杯', '坐']"
李家鄉魯味,103台北市大同區寧夏路 ,https://www.google.com/maps/place/%E6%9D%8E%E5%AE%B6%E9%84%89%E9%AD%AF%E5%91%B3/data=!4m7!3m6!1s0x3442a96ab954141d:0x85c5265bd112edb3!8m2!3d25.0558289!4d121.5152597!16s%2Fg%2F11f3n1pt_j!19sChIJHRRUuWqpQjQRs-0S0VsmxYU?authuser=0&hl=zh-TW&rclk=1,25.0558289,121.5126848,0.0954827458734555,3.5,$1-400,83,"['豬肝', '滷味', '麻油', '鴨', '豬血糕', '魚皮', '舌', '腰子', '酸菜', '杏鮑菇']"
越春真越式傳統料理,103台北市大同區重慶北路二段57巷19號 ,https://www.google.com/maps/place/%E8%B6%8A%E6%98%A5%E7%9C%9F%E8%B6%8A%E5%BC%8F%E5%82%B3%E7%B5%B1%E6%96%99%E7%90%86/data=!4m7!3m6!1s0x3442a9791c95ebeb:0x720ec6c1bb8f55ce!8m2!3d25.0558119!4d121.5150152!16s%2Fg%2F11h5z_9y8h!19sChIJ6-uVHHmpQjQRzlWPu8HGDnI?authuser=0&hl=zh-TW&rclk=1,25.0558119,121.5124403,0.1029872432523112,4.0,$200-400,1366,"['河粉', '米線', '炒飯', '套餐', '夜市', '酸奶', '道', '牛肉湯', '烤肉', '拼盤']"
暴暴龍迷你火鍋城,10356台北市大同區寧夏路58號 ,https://www.google.com/maps/place/%E6%9A%B4%E6%9A%B4%E9%BE%8D%E8%BF%B7%E4%BD%A0%E7%81%AB%E9%8D%8B%E5%9F%8E/data=!4m7!3m6!1s0x3442a96adeefd3d1:0x888a14ff69a431e2!8m2!3d25.0566808!4d121.5153641!16s%2Fg%2F1vd92sky!19sChIJ0dPv3mqpQjQR4jGkaf8Uiog?authuser=0&hl=zh-TW&rclk=1,25.0566808,121.5127892,0.0005317139079673,4.1,$200-400,503,"['黑蒜', '蚵仔煎', '楊桃', '培根', '夜市', '冬瓜茶', '蟑螂', '炒飯', '滷汁', '烏龍茶']"
柴進來雞蛋糕-寧夏夜市（4/25-5/1休息7天喔）,103台北市大同區寧夏路32號水羿云飛和甘記冰店中間寧夏第一大樓裡面電梯旁 ,https://www.google.com/maps/place/%E6%9F%B4%E9%80%B2%E4%BE%86%E9%9B%9E%E8%9B%8B%E7%B3%95-%E5%AF%A7%E5%A4%8F%E5%A4%9C%E5%B8%82%EF%BC%884%2F25-5%2F1%E4%BC%91%E6%81%AF7%E5%A4%A9%E5%96%94%EF%BC%89/data=!4m7!3m6!1s0x3442af8a66d955a7:0x1f49ccd385414d54!8m2!3d25.0559543!4d121.5151416!16s%2Fg%2F11h9bhp2gk!19sChIJp1XZZoqvQjQRVE1BhdPMSR8?authuser=0&hl=zh-TW&rclk=1,25.0559543,121.5125667,0.0840623799323281,4.9,,651,"['流沙', '內餡', '口味', '狗', '榛果巧克力', '花生', '麻糬', '三重奏', '卡士達', '香草']"
寧夏夜市范太太Mrs.Fan香菇肉焿,103台北市大同區寧夏路038攤位號 ,https://www.google.com/maps/place/%E5%AF%A7%E5%A4%8F%E5%A4%9C%E5%B8%82%E8%8C%83%E5%A4%AA%E5%A4%AAMrs.Fan%E9%A6%99%E8%8F%87%E8%82%89%E7%84%BF/data=!4m7!3m6!1s0x3442a96adf6ef35f:0x4122694c1fc59cac!8m2!3d25.0566371!4d121.5152443!16s%2Fg%2F11b_2mqry_!19sChIJX_Nu32qpQjQRrJzFH0xpIkE?authuser=0&hl=zh-TW&rclk=1,25.0566371,121.5126694,0.0132283889096478,2.6,,38,"['肉飯', '湯', '草菇', '羹', '排骨']"
郭董十全藥燉排骨,10356台北市大同區寧夏路58號 ,https://www.google.com/maps/place/%E9%83%AD%E8%91%A3%E5%8D%81%E5%85%A8%E8%97%A5%E7%87%89%E6%8E%92%E9%AA%A8/data=!4m7!3m6!1s0x3442a96adeefd3d1:0x9b4d0cd68f1841df!8m2!3d25.0566808!4d121.5153641!16s%2Fg%2F11b6zxlrlv!19sChIJ0dPv3mqpQjQR30EYj9YMTZs?authuser=0&hl=zh-TW&rclk=1,25.0566808,121.5127892,0.0005317139079673,2.8,$1-200,391,"['蚵仔煎', '麻油', '蝦仁', '炒飯', '滷肉飯', '腰子', '紅油抄手', '麵線', '羊肉', '豬肝湯']"
寧夏月氏激蛋蔥油餅NINGXIA YUE SHI SCALLIONS PANCAKE,103台北市大同區寧夏路62號寧夏路45巷1號對面學校側 ,https://www.google.com/maps/place/%E5%AF%A7%E5%A4%8F%E6%9C%88%E6%B0%8F%E6%BF%80%E8%9B%8B%E8%94%A5%E6%B2%B9%E9%A4%85NINGXIA+YUE+SHI+SCALLIONS+PANCAKE/data=!4m7!3m6!1s0x3442a96ade730575:0x9ed28c8bca447b06!8m2!3d25.0566069!4d121.5155639!16s%2Fg%2F11g9drbnc4!19sChIJdQVz3mqpQjQRBntEyouM0p4?authuser=0&hl=zh-TW&rclk=1,25.0566069,121.512989,0.0219647504126513,3.6,,194,"['醬料', '九層塔', '炸', '口感', '蝦餅', '酥脆', '排隊', '口味', '冷', '刷']"
FUN SUN G,10358台北市大同區寧夏夜市071號攤位 ,https://www.google.com/maps/place/FUN+SUN+G/data=!4m7!3m6!1s0x3442a935b4ba9941:0x559ca771b0a05ecf!8m2!3d25.0562122!4d121.515457!16s%2Fg%2F11fd4l9fj1!19sChIJQZm6tDWpQjQRz16gsHGnnFU?authuser=0&hl=zh-TW&rclk=1,25.0562122,121.5128821,0.0532715179012029,3.5,$1-200,160,"['雞排', '炸', '汁', '孜然', '粉', '辣', '醃', '夜市', '熊貓', '梅']"
客家放山雞,103台北市大同區寧夏路50號 ,https://www.google.com/maps/place/%E5%AE%A2%E5%AE%B6%E6%94%BE%E5%B1%B1%E9%9B%9E/data=!4m7!3m6!1s0x3442a96b20a0e655:0xbe967c9d4dc9c215!8m2!3d25.0564644!4d121.5151876!16s%2Fg%2F1tnk_2jw!19sChIJVeagIGupQjQRFcLJTZ18lr4?authuser=0&hl=zh-TW&rclk=1,25.0564644,121.5126127,0.0302916396168577,3.0,$200-400,310,"['竹筍', '白斬雞', '雞肉飯', '湯圓', '滷肉飯', '誇張', '夜市', '煎蛋', '便當', '料']"
季哲廣東粥,103台北市大同區寧夏路035攤位 ,https://www.google.com/maps/place/%E5%AD%A3%E5%93%B2%E5%BB%A3%E6%9D%B1%E7%B2%A5/data=!4m7!3m6!1s0x3442a9400f1e52af:0x3ff3e1d374515371!8m2!3d25.0565643!4d121.5154882!16s%2Fg%2F11h011q4p!19sChIJr1IeD0CpQjQRcVNRdNPh8z8?authuser=0&hl=zh-TW&rclk=1,25.0565643,121.5129133,0.0183671849219739,4.5,$1-200,81,"['碗', '價格', '皮蛋瘦肉粥', '煮', '夜市', '外帶', '吻仔魚', '配料', '夫妻', '胡椒']"
珍百味,103台北市大同區太原路240號 ,https://www.google.com/maps/place/%E7%8F%8D%E7%99%BE%E5%91%B3/data=!4m7!3m6!1s0x3442a96af78ed329:0x3a1858aea708d6f1!8m2!3d25.0568331!4d121.5168736!16s%2Fg%2F1th0kln2!19sChIJKdOO92qpQjQR8dYIp65YGDo?authuser=0&hl=zh-TW&rclk=1,25.0568331,121.5142987,0.1531879449130881,4.4,$1-200,71,"['炒飯', '便當', 'cp值', '湯', '雞腿', '燴飯', '牛腩', '滷', '蛤蜊', '佛']"
阿諾可麗餅,103台北市大同區寧夏路058攤位號 ,https://www.google.com/maps/place/%E9%98%BF%E8%AB%BE%E5%8F%AF%E9%BA%97%E9%A4%85/data=!4m7!3m6!1s0x3442a96adf9c2e15:0x894ef80b6ecaceef!8m2!3d25.056486!4d121.5153174!16s%2Fg%2F11ggw8pzvp!19sChIJFS6c32qpQjQR787Kbgv4Tok?authuser=0&hl=zh-TW&rclk=1,25.056486,121.5127425,0.0226069966827693,3.8,,111,"['價格', '草莓', '聖代', '香蕉', '酥脆', '支付', '巧克力醬', '花生醬', '煉乳', '根']"
花后-花枝燒,台北市大同區寧夏路81號攤位寧夏夜市 ,https://www.google.com/maps/place/%E8%8A%B1%E5%90%8E-%E8%8A%B1%E6%9E%9D%E7%87%92/data=!4m7!3m6!1s0x3442a94f09fb80bd:0x2e06e0f37e85f952!8m2!3d25.0563776!4d121.5154103!16s%2Fg%2F11k4m5zr4f!19sChIJvYD7CU-pQjQRUvmFfvPgBi4?authuser=0&hl=zh-TW&rclk=1,25.0563776,121.5128354,0.034435315514271,4.5,,23,"['炸', '整塊', '椒鹽', '甜', '選擇', '芥末', '蜂蜜', '夜市', '調味', '辣']"
古早味愛玉,103台北市大同區寧夏夜市137攤 ,https://www.google.com/maps/place/%E5%8F%A4%E6%97%A9%E5%91%B3%E6%84%9B%E7%8E%89/data=!4m7!3m6!1s0x3442a90e94c09337:0x7ab5f7de548f1b2a!8m2!3d25.0563583!4d121.5154108!16s%2Fg%2F11t4bx13t9!19sChIJN5PAlA6pQjQRKhuPVN73tXo?authuser=0&hl=zh-TW&rclk=1,25.0563583,121.5128359,0.0365611810374323,4.9,,9,"['阿姨', '酸甜', '檸檬']"
詹記鷄脚翅 錦西店,103台北市大同區錦西街63號 ,https://www.google.com/maps/place/%E8%A9%B9%E8%A8%98%E9%B7%84%E8%84%9A%E7%BF%85+%E9%8C%A6%E8%A5%BF%E5%BA%97/data=!4m7!3m6!1s0x3442a9403d063851:0xffa38abf6099a034!8m2!3d25.0598469!4d121.5157279!16s%2Fg%2F1td62_vh!19sChIJUTgGPUCpQjQRNKCZYL-Ko_8?authuser=0&hl=zh-TW&rclk=1,25.0590659,121.512799,0.2636766080004422,3.8,$,498,"['滷味', '鴨', '酸菜', '花生', '甜不辣', '米血', '雞翅', '豆干', '大腸', '蒟蒻']"
寧夏老牌豬血湯,103台北市大同區寧夏路29-33號 ,https://www.google.com/maps/place/%E5%AF%A7%E5%A4%8F%E8%80%81%E7%89%8C%E8%B1%AC%E8%A1%80%E6%B9%AF/data=!4m7!3m6!1s0x3442a96b235f799b:0x86f481d185f40fb!8m2!3d25.0559046!4d121.5151543!16s%2Fg%2F11c6w05mjp!19sChIJm3lfI2upQjQR-0BfGB1Ibwg?authuser=0&hl=zh-TW&rclk=1,25.0559046,121.5125794,0.0890666906339213,2.2,$1-200,126,"['臭豆腐', '滷肉飯', '豬腳', '泡菜', '炒麵', '燉排骨', '炒米粉', '夜市', '麻醬麵', '油豆腐']"
古早味糖葫蘆,103台北市大同區寧夏路061號攤位 ,https://www.google.com/maps/place/%E5%8F%A4%E6%97%A9%E5%91%B3%E7%B3%96%E8%91%AB%E8%98%86/data=!4m7!3m6!1s0x3442a96adfc00ac5:0x98a8d1175ad4f6b9!8m2!3d25.0563161!4d121.5154362!16s%2Fg%2F11hb3m6yhq!19sChIJxQrA32qpQjQRufbUWhfRqJg?authuser=0&hl=zh-TW&rclk=1,25.0563161,121.5128613,0.0415724193932466,3.3,$1-200,68,"['草莓', '價錢', '夜市', '糖霜', '色素', '語氣', '酸甜', '竹籤', '衛生紙', '橘子']"
無骨雞腿排,103台北市大同區寧夏路109號攤位 ,https://www.google.com/maps/place/%E7%84%A1%E9%AA%A8%E9%9B%9E%E8%85%BF%E6%8E%92/data=!4m7!3m6!1s0x3442a946b5cef8a3:0x980e7f42d3e16c9d!8m2!3d25.0558496!4d121.5153182!16s%2Fg%2F11fd7gg0x2!19sChIJo_jOtUapQjQRnWzh00J_Dpg?authuser=0&hl=zh-TW&rclk=1,25.0558496,121.5127433,0.0927225777474728,2.9,$1-200,128,"['價格', '煎', '夜市', '冷', '檸檬', '海鹽', '苦', '柴', '雞腿肉', '口味']"
大鐤肉焿,103台北市大同區寧夏路18號攤位號 ,https://www.google.com/maps/place/%E5%A4%A7%E9%90%A4%E8%82%89%E7%84%BF/data=!4m7!3m6!1s0x3442a96abf283ebf:0xd3d23c57a8abadd5!8m2!3d25.054766!4d121.5148032!16s%2Fg%2F11c61h9_ds!19sChIJvz4ov2qpQjQR1a2rqFc80tM?authuser=0&hl=zh-TW&rclk=1,25.054766,121.5122283,0.2200444273562808,2.6,$1-200,58,"['咖哩', '蛋', '蝦仁', '寧夏夜市', '羹', '盤', '雞肉飯', '滷肉飯', '碗', '冬菜']"
隨緣素食,103台北市大同區平陽街44號 ,https://www.google.com/maps/place/%E9%9A%A8%E7%B7%A3%E7%B4%A0%E9%A3%9F/data=!4m7!3m6!1s0x3442a96b3ee8ca35:0xbece20683569c032!8m2!3d25.0553247!4d121.5153421!16s%2Fg%2F11xk1wyhh!19sChIJNcroPmupQjQRMsBpNWggzr4?authuser=0&hl=zh-TW&rclk=1,25.0557337,121.5126701,0.106128128764322,4.4,$1-200,320,"['滷味', '炒麵', '小菜', '泡菜炒飯', '味增湯', '餛飩', '茄汁', '炒青菜', '當歸', '香椿']"
魚鮮生綜合生魚片,103台北市大同區民生西路198號12號，屈臣氏正對面寧夏夜市北側 ,https://www.google.com/maps/place/%E9%AD%9A%E9%AE%AE%E7%94%9F%E7%B6%9C%E5%90%88%E7%94%9F%E9%AD%9A%E7%89%87/data=!4m7!3m6!1s0x3442a93faaaaaaab:0x76efe0e0f07eb652!8m2!3d25.0569902!4d121.5162686!16s%2Fg%2F1wzt01v5!19sChIJq6qqqj-pQjQRUrZ-8ODg73Y?authuser=0&hl=zh-TW&rclk=1,25.0569902,121.5136937,0.0973047898182234,3.6,,45,"['價格', '鮭魚', '夜市', '軟絲', '甜蝦']"
雙連滷味,103台北市大同區民生西路159號 ,https://www.google.com/maps/place/%E9%9B%99%E9%80%A3%E6%BB%B7%E5%91%B3/data=!4m7!3m6!1s0x3442a96a677818ef:0x97336945b63dbb73!8m2!3d25.0573818!4d121.5176086!16s%2Fg%2F11bwhb43n8!19sChIJ7xh4Z2qpQjQRc7s9tkVpM5c?authuser=0&hl=zh-TW&rclk=1,25.0573818,121.5150337,0.2392483629464787,4.0,$1-200,181,"['醬', '雞腸', '米血', '豆皮', '蒟蒻', '海帶', '香油', '手套', '甜不辣', '豆乾']"
李記悶烤玉米,103台北市大同區民生西路北側人行道上010攤位 ,https://www.google.com/maps/place/%E6%9D%8E%E8%A8%98%E6%82%B6%E7%83%A4%E7%8E%89%E7%B1%B3/data=!4m7!3m6!1s0x3442a96ad4b4c34f:0x8ca21c5bf67a4db7!8m2!3d25.0569998!4d121.5157149!16s%2Fg%2F11c75z4_y5!19sChIJT8O01GqpQjQRt0169lscoow?authuser=0&hl=zh-TW&rclk=1,25.0569998,121.51314,0.049642137093773,4.5,$1-200,160,"['醬', 'cp值', '口感', '香', '甜', '寧夏夜市', '糯玉米', '中藥', '大支', '預警']"
武士食堂-寧夏店,103台北市大同區民生西路224號 ,https://www.google.com/maps/place/%E6%AD%A6%E5%A3%AB%E9%A3%9F%E5%A0%82-%E5%AF%A7%E5%A4%8F%E5%BA%97/data=!4m7!3m6!1s0x3442a97c04acbaf9:0x1bdc899396e7c64f!8m2!3d25.0568797!4d121.5147817!16s%2Fg%2F11rzwt7mkg!19sChIJ-bqsBHypQjQRT8bnlpOJ3Bs?authuser=0&hl=zh-TW&rclk=1,25.0568797,121.5122068,0.0625761682464878,4.3,$1-200,176,"['丼飯', '大阪燒', '餃', '煎', '豬排', '幽默', '寧夏夜市', '可樂餅', '牡蠣', '收藏']"
你好！台灣地瓜球,103台北市大同區寧夏路 ,https://www.google.com/maps/place/%E4%BD%A0%E5%A5%BD%EF%BC%81%E5%8F%B0%E7%81%A3%E5%9C%B0%E7%93%9C%E7%90%83/data=!4m7!3m6!1s0x3442a99cd7473c85:0xa2bf521c7f17f522!8m2!3d25.056892!4d121.5155482!16s%2Fg%2F11swn6ytzb!19sChIJhTxH15ypQjQRIvUXfxxSv6I?authuser=0&hl=zh-TW&rclk=1,25.056892,121.5129733,0.0294589521383817,2.7,$1-200,224,"['炸', '排隊', 'Q', '鍋', '竹籤', '粉', '夜市', '包', '梅', '有嚼勁']"
雙連烤地瓜,103台北市大同區民生西路198-13號 ,https://www.google.com/maps/place/%E9%9B%99%E9%80%A3%E7%83%A4%E5%9C%B0%E7%93%9C/data=!4m7!3m6!1s0x3442a96af06bc40d:0x63286c1ae1ec0c94!8m2!3d25.0569501!4d121.5164105!16s%2Fg%2F11cn5rj23t!19sChIJDcRr8GqpQjQRlAzs4RpsKGM?authuser=0&hl=zh-TW&rclk=1,25.0569501,121.5138356,0.1095754389288643,4.6,$1-200,106,"['甜', '價格', '經濟', '秤', '夜市', '皮', '點心', '小孩']"
秋雲潤餅,103台北市大同區寧夏路043攤位 ,https://www.google.com/maps/place/%E7%A7%8B%E9%9B%B2%E6%BD%A4%E9%A4%85/data=!4m7!3m6!1s0x3442a92a25a8d98d:0x97c77b5a173ae125!8m2!3d25.0565017!4d121.5154919!16s%2Fg%2F11f8wvb_bt!19sChIJjdmoJSqpQjQRJeE6F1p7x5c?authuser=0&hl=zh-TW&rclk=1,25.0565017,121.512917,0.0241098211474835,2.4,$1-200,150,"['咖哩', '高麗菜', '口感', '夜市', '口味', '炒', '潤餅捲', '花生粉', '排隊', '豆芽菜']"
柴寮仔米苔目,103台北市大同區寧夏路78號 ,https://www.google.com/maps/place/%E6%9F%B4%E5%AF%AE%E4%BB%94%E7%B1%B3%E8%8B%94%E7%9B%AE/data=!4m7!3m6!1s0x3442a93f86e0b4c5:0xbfe163b3a181092e!8m2!3d25.05817!4d121.5150919!16s%2Fg%2F12m97ggkn!19sChIJxbTghj-pQjQRLgmBobNj4b8?authuser=0&hl=zh-TW&rclk=1,25.05817,121.512517,0.1667106258448215,4.2,$1-200,1351,"['小菜', '內臟', '小吃', '傳統', '黑白切', '油豆腐', '梅花肉', '豬肝', '軟骨', '甜辣醬']"
芋頭太郎 TARO TARO,103台北市大同區寧夏路60號 ,https://www.google.com/maps/place/%E8%8A%8B%E9%A0%AD%E5%A4%AA%E9%83%8E+TARO+TARO/data=!4m7!3m6!1s0x3442a990c7d66593:0x283b299afb391845!8m2!3d25.0567183!4d121.515374!16s%2Fg%2F11pq5lplxk!19sChIJk2XWx5CpQjQRRRg5-5opOyg?authuser=0&hl=zh-TW&rclk=1,25.0567183,121.5127991,0.0037575203494384,4.4,,1641,"['豆花', '芋圓', '金牌', '冰酥', '芒果冰', '湯圓', '宇治金時', '杏仁茶', '狂想曲', '芋頭冰']"
天品滷味坊,103台北市大同區寧夏路68號 ,https://www.google.com/maps/place/%E5%A4%A9%E5%93%81%E6%BB%B7%E5%91%B3%E5%9D%8A/data=!4m7!3m6!1s0x3442a9d5ca211c0b:0x97b907d676b8c55b!8m2!3d25.0568225!4d121.5154122!16s%2Fg%2F11rz7770y5!19sChIJCxwhytWpQjQRW8W4dtYHuZc?authuser=0&hl=zh-TW&rclk=1,25.0568225,121.5128373,0.0159226584930013,2.8,$1-200,44,"['價格', '鳳爪', '豆干', '鹹', '白菜', '米血糕', '豬耳朵', '蕪菁', '百頁', '魚皮']"
焗烤海鮮貝(寧夏夜市),103台北市大同區寧夏路58號第128攤 ,https://www.google.com/maps/place/%E7%84%97%E7%83%A4%E6%B5%B7%E9%AE%AE%E8%B2%9D%28%E5%AF%A7%E5%A4%8F%E5%A4%9C%E5%B8%82%29/data=!4m7!3m6!1s0x3442a9e956999505:0x958985a001c0a852!8m2!3d25.0566808!4d121.5153641!16s%2Fg%2F11f8mdlcv4!19sChIJBZWZVumpQjQRUqjAAaCFiZU?authuser=0&hl=zh-TW&rclk=1,25.0566808,121.5127892,0.0005317139079673,5.0,,1,[]
雙連鵝肉小館,103台北市大同區民生西路171巷2號 ,https://www.google.com/maps/place/%E9%9B%99%E9%80%A3%E9%B5%9D%E8%82%89%E5%B0%8F%E9%A4%A8/data=!4m7!3m6!1s0x3442a96a6088b713:0x614d382d90981fe8!8m2!3d25.0574202!4d121.5170721!16s%2Fg%2F1tdvgw9h!19sChIJE7eIYGqpQjQR6B-YkC04TWE?authuser=0&hl=zh-TW&rclk=1,25.0574202,121.5144972,0.1905883447526675,4.1,$200-400,373,"['小菜', '價格', '甜', '湯麵', '煙燻', '酒', '冬粉', '豬血糕', '魚', '腿']"
曾家鮮果汁,103019台北市大同區寧夏路36號【in Ningxia Night Market】 寧夏夜市內 ,https://www.google.com/maps/place/%E6%9B%BE%E5%AE%B6%E9%AE%AE%E6%9E%9C%E6%B1%81/data=!4m7!3m6!1s0x3442a96b23c40233:0xc3c380e780d3abb8!8m2!3d25.0561428!4d121.5151479!16s%2Fg%2F12m9kx4bv!19sChIJMwLEI2upQjQRuKvTgOeAw8M?authuser=0&hl=zh-TW&rclk=1,25.0561428,121.512573,0.0639631689379092,3.3,$1-200,236,"['杯', '木瓜牛奶', '酪梨', '夜市', '芭樂', '布丁', '柳橙汁', '臉', '綜合果汁', '西瓜汁']"
老六高粱香腸蛋餅捲,103台北市大同區寧夏路97號攤位 ,https://www.google.com/maps/place/%E8%80%81%E5%85%AD%E9%AB%98%E7%B2%B1%E9%A6%99%E8%85%B8%E8%9B%8B%E9%A4%85%E6%8D%B2/data=!4m7!3m6!1s0x3442a90ae0856e23:0x6313dfd4f3bb4f8c!8m2!3d25.0559471!4d121.5153038!16s%2Fg%2F11s8qldpnn!19sChIJI26F4AqpQjQRjE-789TfE2M?authuser=0&hl=zh-TW&rclk=1,25.0559471,121.5127289,0.0820323579448098,3.3,$1-200,48,"['價格', '九層塔', '酒', '口感', '組合', '煎', '中等', '冷']"
東麥局燒番麥寧夏店,103台北市大同區民生西路232號 ,https://www.google.com/maps/place/%E6%9D%B1%E9%BA%A5%E5%B1%80%E7%87%92%E7%95%AA%E9%BA%A5%E5%AF%A7%E5%A4%8F%E5%BA%97/data=!4m7!3m6!1s0x3442a96cb68907a1:0xaa1956876f7d91a5!8m2!3d25.0568316!4d121.5145519!16s%2Fg%2F11rdc989fw!19sChIJoQeJtmypQjQRpZF9b4dWGao?authuser=0&hl=zh-TW&rclk=1,25.0568316,121.511977,0.0835345187904909,4.6,$1-200,152,"['烤玉米', '紅茶', '口味', '椒鹽', '土', '甜玉米', '種', '糯米', '店面', '水果']"
三元號魯肉飯,103台北市大同區重慶北路二段11號 ,https://www.google.com/maps/place/%E4%B8%89%E5%85%83%E8%99%9F%E9%AD%AF%E8%82%89%E9%A3%AF/data=!4m7!3m6!1s0x3442a96b53d1c9b5:0x6942d152898b5419!8m2!3d25.0545187!4d121.5144606!16s%2Fg%2F1tfl7c2f!19sChIJtcnRU2upQjQRGVSLiVLRQmk?authuser=0&hl=zh-TW&rclk=1,25.0545187,121.5118857,0.2567655562550208,4.0,$1-200,5231,"['肉羹', '魚翅', '鳥', '松茸', '寧夏夜市', '圓環', '蒜泥白肉', '海帶', '草菇', '赤肉']"
感恩東山鴨頭,103台北市大同區寧夏路35-43號 ,https://www.google.com/maps/place/%E6%84%9F%E6%81%A9%E6%9D%B1%E5%B1%B1%E9%B4%A8%E9%A0%AD/data=!4m7!3m6!1s0x3442a96ade0a7943:0x706b81fc21555580!8m2!3d25.056735!4d121.5157487!16s%2Fg%2F11bzzx1rzx!19sChIJQ3kK3mqpQjQRgFVVIfyBa3A?authuser=0&hl=zh-TW&rclk=1,25.0567097,121.5130901,0.0304790694996709,3.6,$1-400,86,"['米血', '大腸', '甜不辣', '豆干', '價格', '鳥', '杏鮑菇', '夜市', '舌', '海帶']"
寧夏夜市鳥蛋達人,台北市大同區寧夏夜市29攤 ,https://www.google.com/maps/place/%E5%AF%A7%E5%A4%8F%E5%A4%9C%E5%B8%82%E9%B3%A5%E8%9B%8B%E9%81%94%E4%BA%BA/data=!4m7!3m6!1s0x3442a9e7519069b9:0x6d448928de3780da!8m2!3d25.0563772!4d121.5154134!16s%2Fg%2F11thxv27zr!19sChIJuWmQUeepQjQR2oA33iiJRG0?authuser=0&hl=zh-TW&rclk=1,25.0563772,121.5128385,0.0345229011900833,3.8,,19,"['油', '煎', '起司', '胡椒', '價格']"
寧夏夜市022一品香豆腐,103台北市大同區寧夏路022攤位 ,https://www.google.com/maps/place/%E5%AF%A7%E5%A4%8F%E5%A4%9C%E5%B8%82022%E4%B8%80%E5%93%81%E9%A6%99%E8%B1%86%E8%85%90/data=!4m7!3m6!1s0x3442a96ae0a978df:0x5624b5527c579cc0!8m2!3d25.0567006!4d121.51551!16s%2Fg%2F11by_f79h_!19sChIJ33ip4GqpQjQRwJxXfFK1JFY?authuser=0&hl=zh-TW&rclk=1,25.0567006,121.5129351,0.0148153257606402,3.1,$1-200,79,"['臭豆腐', '麵線', '醬汁', '炸', '泡菜', '外帶', '大腸', '香菜', '口感', '臉']"
歐帕醬醬雞(寧夏店),103台北市大同區民生西路200號 ,https://www.google.com/maps/place/%E6%AD%90%E5%B8%95%E9%86%AC%E9%86%AC%E9%9B%9E%28%E5%AF%A7%E5%A4%8F%E5%BA%97%29/data=!4m7!3m6!1s0x3442a967fc26b4f9:0x8bccf352c398c1c8!8m2!3d25.0569513!4d121.5156608!16s%2Fg%2F11gj4kbw3c!19sChIJ-bQm_GepQjQRyMGYw1LzzIs?authuser=0&hl=zh-TW&rclk=1,25.0569513,121.5130859,0.0419829348492087,4.0,$1-200,80,"['年糕', '甜', '韓式炸雞', '辣', '價格', '外送', '口感', '熊貓', '抽菸', '雞胸肉']"
阿卡拉炸雞,103台北市大同區寧夏夜市078號攤位號 ,https://www.google.com/maps/place/%E9%98%BF%E5%8D%A1%E6%8B%89%E7%82%B8%E9%9B%9E/data=!4m7!3m6!1s0x3442a927480db3e5:0x487680c4e9e9868b!8m2!3d25.0566808!4d121.5153641!16s%2Fg%2F11sf2hx66z!19sChIJ5bMNSCepQjQRi4bp6cSAdkg?authuser=0&hl=zh-TW&rclk=1,25.0566808,121.5127892,0.0005317139079673,3.9,$1-200,26,"['腿', '排', '地瓜', '梅', '酥脆']"
洪記刈包,103台北市大同區寧夏路 ,https://www.google.com/maps/place/%E6%B4%AA%E8%A8%98%E5%88%88%E5%8C%85/data=!4m7!3m6!1s0x3442a95f3bcbbc03:0x8d150f300145c05c!8m2!3d25.0564174!4d121.5154271!16s%2Fg%2F11ty13sf0j!19sChIJA7zLO1-pQjQRXMBFATAPFY0?authuser=0&hl=zh-TW&rclk=1,25.0564174,121.5128522,0.0303820001484843,2.4,$1-200,38,"['酸菜', '四神湯', '價格', '豬', '碗', '口感', '花生粉', '薏仁', '柴', '肚']"
刈飽-做台灣的刈包,103台北市大同區民生西路198號之19 ,https://www.google.com/maps/place/%E5%88%88%E9%A3%BD-%E5%81%9A%E5%8F%B0%E7%81%A3%E7%9A%84%E5%88%88%E5%8C%85/data=!4m7!3m6!1s0x3442a97612e5a217:0x59f36e119f6deb0f!8m2!3d25.0569773!4d121.5160914!16s%2Fg%2F11rw8_ftf0!19sChIJF6LlEnapQjQRD-ttnxFu81k?authuser=0&hl=zh-TW&rclk=1,25.0569773,121.5135165,0.0801859740516185,3.8,$1-200,227,"['牛肉', '酸菜', '腿', '酸辣湯', '香菜', '筍乾', '花生粉', '麻辣', '傳統', '寧夏夜市']"
純鮮奶雞蛋糕,103台北市大同區寧夏路56-38號 ,https://www.google.com/maps/place/%E7%B4%94%E9%AE%AE%E5%A5%B6%E9%9B%9E%E8%9B%8B%E7%B3%95/data=!4m7!3m6!1s0x3442a9880fcfa1e9:0xab42a7c035a05dc0!8m2!3d25.0563111!4d121.5152593!16s%2Fg%2F11g20j1v9q!19sChIJ6aHPD4ipQjQRwF2gNcCnQqs?authuser=0&hl=zh-TW&rclk=1,25.0563111,121.5126844,0.0428113331666143,3.7,,70,"['口味', '起司', '口感', '花生', '價格', '可愛', '袋']"
那個地瓜球-寧夏店,103台北市大同區寧夏路017攤位號 ,https://www.google.com/maps/place/%E9%82%A3%E5%80%8B%E5%9C%B0%E7%93%9C%E7%90%83-%E5%AF%A7%E5%A4%8F%E5%BA%97/data=!4m7!3m6!1s0x3442a9539cd2c109:0xf919c4e5f7c8744c!8m2!3d25.056888!4d121.5155821!16s%2Fg%2F11twj3v4nc!19sChIJCcHSnFOpQjQRTHTI9-XEGfk?authuser=0&hl=zh-TW&rclk=1,25.056888,121.5130072,0.0314094126256253,3.3,$1-200,46,"['夜市', '梅', '皮', '鍋', '牙齒', '佇列', 'Q', '炸', '選擇', '失望']"
大橋頭筒仔米糕 重慶店,103台北市大同區重慶北路二段113號 ,https://www.google.com/maps/place/%E5%A4%A7%E6%A9%8B%E9%A0%AD%E7%AD%92%E4%BB%94%E7%B1%B3%E7%B3%95+%E9%87%8D%E6%85%B6%E5%BA%97/data=!4m7!3m6!1s0x3442a9a8043d6e15:0x7c7cc46fe4b34a53!8m2!3d25.0574359!4d121.513904!16s%2Fg%2F11fk4l70s9!19sChIJFW49BKipQjQRU0qz5G_EfHw?authuser=0&hl=zh-TW&rclk=1,25.0574359,121.5113291,0.1691558969827329,4.6,$1-200,2761,"['豬肝湯', '豬血', '蚵仔', '血湯', '小肥', '蘿蔔乾', '延山夜市', '油飯', '寧夏夜市', '必比登']"
東石蚵仔煎鮑魚海產粥,103台北市大同區寧夏路66號 ,https://www.google.com/maps/place/%E6%9D%B1%E7%9F%B3%E8%9A%B5%E4%BB%94%E7%85%8E%E9%AE%91%E9%AD%9A%E6%B5%B7%E7%94%A2%E7%B2%A5/data=!4m7!3m6!1s0x3442a96add7583c3:0xaebae1ba500e7a54!8m2!3d25.05684!4d121.5153562!16s%2Fg%2F11b7ts8pgh!19sChIJw4N13WqpQjQRVHoOULrhuq4?authuser=0&hl=zh-TW&rclk=1,25.0568401,121.5127812,0.0171335680198682,2.6,,34,"['炒飯', '海鮮', '麻油', '辣椒', '蝦仁', '夜市', '頭髮', '外帶', '甜']"
童年木瓜牛奶（寧夏店）114號攤,103台北市大同區寧夏路114號攤位（全家便利商店對面 ,https://www.google.com/maps/place/%E7%AB%A5%E5%B9%B4%E6%9C%A8%E7%93%9C%E7%89%9B%E5%A5%B6%EF%BC%88%E5%AF%A7%E5%A4%8F%E5%BA%97%EF%BC%89114%E8%99%9F%E6%94%A4/data=!4m7!3m6!1s0x3442a96abb408fd7:0x213c87ae7541caff!8m2!3d25.0558229!4d121.5151136!16s%2Fg%2F1v1tkslp!19sChIJ149Au2qpQjQR_8pBda6HPCE?authuser=0&hl=zh-TW&rclk=1,25.0558229,121.5125387,0.0988507569834498,4.5,$1-200,473,"['夜市', '價格', '布丁', '酪梨', '苦', '臭', '健康', '西瓜汁', '口', '糖']"
四海豆漿大王,103台北市大同區寧夏路55號 ,https://www.google.com/maps/place/%E5%9B%9B%E6%B5%B7%E8%B1%86%E6%BC%BF%E5%A4%A7%E7%8E%8B/data=!4m7!3m6!1s0x3442a96ac038f4fd:0xad5a69bd3e95fb5e!8m2!3d25.0575202!4d121.5156107!16s%2Fg%2F11zgwv9gb!19sChIJ_fQ4wGqpQjQRXvuVPr1pWq0?authuser=0&hl=zh-TW&rclk=1,25.0575202,121.5130358,0.0957417388682582,3.4,$1-200,355,"['豆漿', '蛋餅', '燒餅', '油條', '蔥', '饅頭', '飯糰', '米漿', '煎', '芝麻']"
十全羊肉,103台北市大同區寧夏路6號 ,https://www.google.com/maps/place/%E5%8D%81%E5%85%A8%E7%BE%8A%E8%82%89/data=!4m7!3m6!1s0x3442a96b5056a337:0x81433218598b4f63!8m2!3d25.0544283!4d121.5147088!16s%2Fg%2F11f3s4l8yc!19sChIJN6NWUGupQjQRY0-LWRgyQ4E?authuser=0&hl=zh-TW&rclk=1,25.0544283,121.5121339,0.2586445082296439,3.3,$1-200,36,"['湯', '油飯', '羊排', '油麵', '麵線', '豆瓣醬', '排骨', '哭', '燉', '夜市']"
香連鐵板料理,103台北市大同區寧夏路16號 ,https://www.google.com/maps/place/%E9%A6%99%E9%80%A3%E9%90%B5%E6%9D%BF%E6%96%99%E7%90%86/data=!4m7!3m6!1s0x3442a96ae8df6059:0xff0eda2fd6a5e216!8m2!3d25.0547484!4d121.5147936!16s%2Fg%2F12m9002g3!19sChIJWWDf6GqpQjQRFuKl1i_aDv8?authuser=0&hl=zh-TW&rclk=1,25.0547484,121.5122187,0.2221780313192232,4.2,$200-400,3938,"['酸梅湯', '寧夏夜市', '蛋捲', '豬血糕', '三鮮', '烏梅', '檸檬水', '去骨', '梅汁', '牛肩']"
福穎商行 潤餅製造所Taiwanese Burrito,103台北市大同區寧夏路5號 ,https://www.google.com/maps/place/%E7%A6%8F%E7%A9%8E%E5%95%86%E8%A1%8C+%E6%BD%A4%E9%A4%85%E8%A3%BD%E9%80%A0%E6%89%80Taiwanese+Burrito/data=!4m7!3m6!1s0x3442a9f571dab4cb:0xf3550b01a3a9fe38!8m2!3d25.0543888!4d121.5149714!16s%2Fg%2F11l2kkqf0q!19sChIJy7TacfWpQjQROP6powELVfM?authuser=0&hl=zh-TW&rclk=1,25.0543888,121.5123965,0.2574922822813824,4.3,$1-200,95,"['高麗菜', '花生粉', '雞腿肉', '調味', '健康', '夜市', '豆干', '招牌', '包裝', '濕紙巾']"
蔡家嘉義火雞肉飯,103台北市大同區寧夏路48號 ,https://www.google.com/maps/place/%E8%94%A1%E5%AE%B6%E5%98%89%E7%BE%A9%E7%81%AB%E9%9B%9E%E8%82%89%E9%A3%AF/data=!4m7!3m6!1s0x3442a96b20bec633:0xfcd5865787dbae4e!8m2!3d25.0564555!4d121.5153025!16s%2Fg%2F1tgp7zhl!19sChIJM8a-IGupQjQRTq7bh1eG1fw?authuser=0&hl=zh-TW&rclk=1,25.0564555,121.5127276,0.0262359586804346,3.0,$1-200,875,"['白菜', '夜市', '雞捲', '油煙', '豬肝湯', '雞油', '滷豆腐', '店員', '下水湯', '炸排骨']"
寧夏夜市-知高飯,103台北市大同區寧夏路034攤位號 ,https://www.google.com/maps/place/%E5%AF%A7%E5%A4%8F%E5%A4%9C%E5%B8%82-%E7%9F%A5%E9%AB%98%E9%A3%AF/data=!4m7!3m6!1s0x3442a94003690bb1:0xd606438829f09d0!8m2!3d25.0565845!4d121.5155778!16s%2Fg%2F1tgvb9s5!19sChIJsQtpA0CpQjQR0AmfgjhkYA0?authuser=0&hl=zh-TW&rclk=1,25.0565845,121.5130029,0.0242979712224484,3.1,$1-200,542,"['蝦仁', '筍', '滷肉飯', '滷蛋', '豬腳', '排骨', '滷汁', '香菇', '半熟蛋', '赤肉']"
魚大師寧夏店/烤魚/鹽焗台灣鯛,103台北市大同區民生西路198號1-40攤 ,https://www.google.com/maps/place/%E9%AD%9A%E5%A4%A7%E5%B8%AB%E5%AF%A7%E5%A4%8F%E5%BA%97%2F%E7%83%A4%E9%AD%9A%2F%E9%B9%BD%E7%84%97%E5%8F%B0%E7%81%A3%E9%AF%9B/data=!4m7!3m6!1s0x3442a94b13fe87cd:0x15facf78f96ef78b!8m2!3d25.0570366!4d121.5167753!16s%2Fg%2F11w89m973q!19sChIJzYf-E0upQjQRi_du-XjP-hU?authuser=0&hl=zh-TW&rclk=1,25.0570366,121.5142004,0.1476081008010968,4.8,$200-400,116,"['蛤蜊', '鮮', '價格', '土', '蒸', '酒', '甜', '奶油', '光', '薑片']"
洪記烏龍麵,103台北市大同區寧夏路34-5號 ,https://www.google.com/maps/place/%E6%B4%AA%E8%A8%98%E7%83%8F%E9%BE%8D%E9%BA%B5/data=!4m7!3m6!1s0x3442a96ac1a610d9:0x99229d4ff79cb7d8!8m2!3d25.0560461!4d121.5151677!16s%2Fg%2F11g_4l9j8!19sChIJ2RCmwWqpQjQR2Lec90-dIpk?authuser=0&hl=zh-TW&rclk=1,25.0560461,121.5125928,0.0735595810659105,3.8,$1-200,77,"['關東煮', '炒烏龍麵', '鍋', '意麵', '價格', '夜市', '碗', '行動支付', '怪味', '蛤蜊']"
維縈家鄉碳烤雞排 寧夏店,103台北市大同區民生西路198-19號 ,https://www.google.com/maps/place/%E7%B6%AD%E7%B8%88%E5%AE%B6%E9%84%89%E7%A2%B3%E7%83%A4%E9%9B%9E%E6%8E%92+%E5%AF%A7%E5%A4%8F%E5%BA%97/data=!4m7!3m6!1s0x3442a9ed6d8b8825:0x51698f94475c3bfc!8m2!3d25.0569075!4d121.5161755!16s%2Fg%2F11vc_6728q!19sChIJJYiLbe2pQjQR_DtcR5SPaVE?authuser=0&hl=zh-TW&rclk=1,25.0569075,121.5136006,0.0854835228523667,4.2,$1-200,94,"['炸', '甜', '醬', '外送', '寧夏夜市', '鹹酥雞', '炭', '微辣', '酥脆', '士林夜市']"
富樂台式涮涮鍋,103台北市大同區寧夏路67號 ,https://www.google.com/maps/place/%E5%AF%8C%E6%A8%82%E5%8F%B0%E5%BC%8F%E6%B6%AE%E6%B6%AE%E9%8D%8B/data=!4m7!3m6!1s0x3442a96abc8794a5:0x6ff70afac95e1678!8m2!3d25.0583757!4d121.515266!16s%2Fg%2F1pztnry6w!19sChIJpZSHvGqpQjQReBZeyfoK928?authuser=0&hl=zh-TW&rclk=1,25.0583757,121.5126911,0.1874801991987114,3.4,$200-400,155,"['甜點', '價錢', '沙朗', '紅豆湯', '組合肉', '小孩', '滷肉飯', '霜降', '泡菜', '配菜']"
大烹小饌｜精緻台客中式料理,103台北市大同區民生西路146-1號 ,https://www.google.com/maps/place/%E5%A4%A7%E7%83%B9%E5%B0%8F%E9%A5%8C%EF%BD%9C%E7%B2%BE%E7%B7%BB%E5%8F%B0%E5%AE%A2%E4%B8%AD%E5%BC%8F%E6%96%99%E7%90%86/data=!4m7!3m6!1s0x3442ab967746fa9b:0x27f0a0c524ef3fb0!8m2!3d25.05734!4d121.5185969!16s%2Fg%2F11b7wc57ck!19sChIJm_pGd5arQjQRsD_vJMWg8Cc?authuser=0&hl=zh-TW&rclk=1,25.05734,121.516022,0.3341582592315356,4.5,$400-600,1631,"['聚餐', '豬肝', '臭豆腐', '熱情', '雞湯', '燒豬', '蔥爆牛肉', '客家小炒', '油雞', '砂鍋魚頭']"
好吃炒羊肉,103台北市大同區寧夏路6號 ,https://www.google.com/maps/place/%E5%A5%BD%E5%90%83%E7%82%92%E7%BE%8A%E8%82%89/data=!4m7!3m6!1s0x3442a9d2a873345d:0x5f3abe90c08e61ba!8m2!3d25.0544298!4d121.5147001!16s%2Fg%2F11rwrdhfcd!19sChIJXTRzqNKpQjQRumGOwJC-Ol8?authuser=0&hl=zh-TW&rclk=1,25.0544298,121.5121252,0.2587098329338885,3.4,$1-200,88,"['湯', '麵線', '碗', '羊排', '油飯', '豆瓣醬', '油麵', '燉', '坐', '香']"
一品臭豆腐,103台北市大同區寧夏路 ,https://www.google.com/maps/place/%E4%B8%80%E5%93%81%E8%87%AD%E8%B1%86%E8%85%90/data=!4m7!3m6!1s0x3442a931a53fe0e1:0x752f482388432d47!8m2!3d25.0567544!4d121.5153922!16s%2Fg%2F11jyk98nv7!19sChIJ4eA_pTGpQjQRRy1DiCNIL3U?authuser=0&hl=zh-TW&rclk=1,25.0567275,121.5128762,0.0099301051218055,3.4,$1-200,51,"['炸', '泡菜', '麵線', '酥', '外帶', '項鍊', '里長', '蒜味', '招牌', '座位']"
冰哨酪梨牛奶,"Night Market, 寧夏路大同區台北市103 ",https://www.google.com/maps/place/%E5%86%B0%E5%93%A8%E9%85%AA%E6%A2%A8%E7%89%9B%E5%A5%B6/data=!4m7!3m6!1s0x3442a93faaaaaaab:0x2acae5c146597cdd!8m2!3d25.0556201!4d121.5151945!16s%2Fg%2F11h0ksyzq!19sChIJq6qqqj-pQjQR3XxZRsHlyio?authuser=0&hl=zh-TW&rclk=1,25.0556201,121.5126196,0.1192635999812251,4.3,$1-200,76,"['布丁', '甜', '價格', '寧夏夜市', '木瓜牛奶', '杯', '苦']"
雞蛋蚵仔煎,103台北市大同區寧夏路46號 No ,https://www.google.com/maps/place/%E9%9B%9E%E8%9B%8B%E8%9A%B5%E4%BB%94%E7%85%8E/data=!4m7!3m6!1s0x3442a9af2d60c405:0xcd5374bbe23a600b!8m2!3d25.0564053!4d121.5152811!16s%2Fg%2F11k53s21j0!19sChIJBcRgLa-pQjQRC2A64rt0U80?authuser=0&hl=zh-TW&rclk=1,25.0569597,121.5134568,0.0738899474523644,4.5,,6,[]
自然捲 烤肉捲專賣店,103台北市大同區寧夏路020攤位號 ,https://www.google.com/maps/place/%E8%87%AA%E7%84%B6%E6%8D%B2+%E7%83%A4%E8%82%89%E6%8D%B2%E5%B0%88%E8%B3%A3%E5%BA%97/data=!4m7!3m6!1s0x3442a90077b0c095:0xd1b9a8ae634e8aee!8m2!3d25.0567678!4d121.5155794!16s%2Fg%2F11ln0l832m!19sChIJlcCwdwCpQjQR7opOY66oudE?authuser=0&hl=zh-TW&rclk=1,25.0567678,121.5130045,0.0235556506384807,5.0,,1,[]
厚切牛排,103台北市大同區寧夏路97號攤位號 ,https://www.google.com/maps/place/%E5%8E%9A%E5%88%87%E7%89%9B%E6%8E%92/data=!4m7!3m6!1s0x3442a95825bd1c7d:0x40906eae8331ed6a!8m2!3d25.0559465!4d121.5153946!16s%2Fg%2F11vbjdmm32!19sChIJfRy9JVipQjQRau0xg65ukEA?authuser=0&hl=zh-TW&rclk=1,25.0558847,121.5127456,0.0888276892846374,2.3,$1-200,4,[]
飛天火爆骰子牛,103台北市大同區寧夏夜市第89攤 ,https://www.google.com/maps/place/%E9%A3%9B%E5%A4%A9%E7%81%AB%E7%88%86%E9%AA%B0%E5%AD%90%E7%89%9B/data=!4m7!3m6!1s0x3442a99ce544c763:0x84fb2b993249e9e2!8m2!3d25.0560556!4d121.5154233!16s%2Fg%2F11l2p2zhlc!19sChIJY8dE5ZypQjQR4ulJMpkr-4Q?authuser=0&hl=zh-TW&rclk=1,25.0560556,121.5128484,0.0700426349869129,3.4,$1-200,7,['烤']
一番大溪港海鮮,103台灣大同區民生西路219號 ,https://www.google.com/maps/place/%E4%B8%80%E7%95%AA%E5%A4%A7%E6%BA%AA%E6%B8%AF%E6%B5%B7%E9%AE%AE/data=!4m7!3m6!1s0x3442a96aee6d44d3:0x9dd8b3159002a86b!8m2!3d25.0572465!4d121.5161635!16s%2Fg%2F1pzt1y1jw!19sChIJ00Rt7mqpQjQRa6gCkBWz2J0?authuser=0&hl=zh-TW&rclk=1,25.0572465,121.5135886,0.1018180113409588,3.9,$400-600,183,"['價格', '炒', '菜', '透明', '寧夏夜市', '蔥爆牛肉', '公道', '魚頭', '生魚片', '雞湯']"
塩烤鮮蝦,103台北市大同區寧夏路第65攤 ,https://www.google.com/maps/place/%E5%A1%A9%E7%83%A4%E9%AE%AE%E8%9D%A6/data=!4m7!3m6!1s0x3442a9204105a515:0x6bf8e1e49419cb26!8m2!3d25.0562542!4d121.515396!16s%2Fg%2F11p028l2nq!19sChIJFaUFQSCpQjQRJssZlOTh-Gs?authuser=0&hl=zh-TW&rclk=1,25.0562542,121.5128211,0.0478960686873223,2.8,,6,['生蠔']
邱記10元碳烤,103台北市大同區寧夏路035攤位號 ,https://www.google.com/maps/place/%E9%82%B1%E8%A8%9810%E5%85%83%E7%A2%B3%E7%83%A4/data=!4m7!3m6!1s0x3442a9003ac42771:0xda0bd7153560ae8b!8m2!3d25.0564838!4d121.5156776!16s%2Fg%2F11w3891k4d!19sChIJcSfEOgCpQjQRi65gNRXXC9o?authuser=0&hl=zh-TW&rclk=1,25.0564838,121.5131027,0.0387346865550994,2.9,$200-400,12,"['價格', '評論區', '袋']"
日船章魚小丸子,103台北市大同區寧夏路109號攤位號 ,https://www.google.com/maps/place/%E6%97%A5%E8%88%B9%E7%AB%A0%E9%AD%9A%E5%B0%8F%E4%B8%B8%E5%AD%90/data=!4m7!3m6!1s0x3442a9d666e15517:0xbdfe4d736325a84e!8m2!3d25.0558125!4d121.5153065!16s%2Fg%2F11ty6576ph!19sChIJF1XhZtapQjQRTqglY3NN_r0?authuser=0&hl=zh-TW&rclk=1,25.0558125,121.5127316,0.0968910165050733,2.3,$1-200,27,"['價格', '苦味', '內餡', '盒', '失望', '店員', '柴魚片', '口感']"
阿川蚵仔麵線,103台北市大同區民生西路198-17號 ,https://www.google.com/maps/place/%E9%98%BF%E5%B7%9D%E8%9A%B5%E4%BB%94%E9%BA%B5%E7%B7%9A/data=!4m7!3m6!1s0x3442a96b2129eb95:0x410737b63d140cc1!8m2!3d25.0569791!4d121.5162818!16s%2Fg%2F1th472ls!19sChIJlespIWupQjQRwQwUPbY3B0E?authuser=0&hl=zh-TW&rclk=1,25.0569791,121.5137069,0.0981409951464911,4.3,$1-200,1635,"['壽司', '蒜', '辣油', '烤腸', '寧夏夜市', '黑醋', '柴魚', '阿宗面線', '荷爾蒙', '元慶蠔']"
小漁夫海鮮燒烤（泰國蝦.乾燒蛤.烤魷魚）,103台北市大同區寧夏路56-38號 ,https://www.google.com/maps/place/%E5%B0%8F%E6%BC%81%E5%A4%AB%E6%B5%B7%E9%AE%AE%E7%87%92%E7%83%A4%EF%BC%88%E6%B3%B0%E5%9C%8B%E8%9D%A6.%E4%B9%BE%E7%87%92%E8%9B%A4.%E7%83%A4%E9%AD%B7%E9%AD%9A%EF%BC%89/data=!4m7!3m6!1s0x3442a9c254389b11:0x241c24e93c5fef25!8m2!3d25.0562512!4d121.5152728!16s%2Fg%2F11l2p32lss!19sChIJEZs4VMKpQjQRJe9fPOkkHCQ?authuser=0&hl=zh-TW&rclk=1,25.0562512,121.5126979,0.0489940339757291,3.2,,6,['價格']
墾丁牧場炸鮮奶,103台北市大同區寧夏路012攤位號 ,https://www.google.com/maps/place/%E5%A2%BE%E4%B8%81%E7%89%A7%E5%A0%B4%E7%82%B8%E9%AE%AE%E5%A5%B6/data=!4m7!3m6!1s0x3442a9cb90747c29:0x2dc8a81926ab1ef3!8m2!3d25.0546538!4d121.5147469!16s%2Fg%2F11trk9mgf4!19sChIJKXx0kMupQjQR8x6rJhmoyC0?authuser=0&hl=zh-TW&rclk=1,25.0546538,121.512172,0.2335275285878787,1.7,$1-200,23,"['oreo', '夜市', '奶油', '吃吃看', '價錢']"
放羊吃草新疆羊肉串,103台北市大同區寧夏路寧夏夜市 ,https://www.google.com/maps/place/%E6%94%BE%E7%BE%8A%E5%90%83%E8%8D%89%E6%96%B0%E7%96%86%E7%BE%8A%E8%82%89%E4%B8%B2/data=!4m7!3m6!1s0x3442a9f6db7b9abd:0x941a08356e5cc0e2!8m2!3d25.056394!4d121.5153051!16s%2Fg%2F11sf7zk9xt!19sChIJvZp72_apQjQR4sBcbjUIGpQ?authuser=0&hl=zh-TW&rclk=1,25.056394,121.5127302,0.0328456497633881,3.3,$1-200,41,"['孜然', '香', '調味', '夜市', '鹹', '鹿肉', '零錢', '抽煙', '故意', '臉']"
龍賛鍋,103台北市大同區平陽街26號 ,https://www.google.com/maps/place/%E9%BE%8D%E8%B3%9B%E9%8D%8B/data=!4m7!3m6!1s0x3442a96b14709fc7:0xb3971fec76872380!8m2!3d25.0551839!4d121.5159171!16s%2Fg%2F11gd1t_z14!19sChIJx59wFGupQjQRgCOHduwfl7M?authuser=0&hl=zh-TW&rclk=1,25.0551839,121.5133422,0.1754582740830157,3.5,$1-200,271,"['白飯', '外送', '臭臭鍋', '麻辣', '羊肉', '藥膳', '蟑螂', '寧夏夜市', '酸菜', '臭豆腐']"
牛窟,103台北市大同區歸綏街127號 ,https://www.google.com/maps/place/%E7%89%9B%E7%AA%9F/data=!4m7!3m6!1s0x3442a941fb4551fb:0x52bb0963c23b7c76!8m2!3d25.0585659!4d121.5154955!16s%2Fg%2F11c1wwpzr7!19sChIJ-1FF-0GpQjQRdnw7wmMJu1I?authuser=0&hl=zh-TW&rclk=1,25.0585659,121.5129206,0.208709438161632,4.0,$200-400,337,"['外送', '蓋飯', '炒飯', '燴飯', '蔥爆牛肉', '牛肉湯', '食材', '牛雜', '空心菜', '沙茶']"
就愛豆乳雞,103台北市大同區民生西路 ,https://www.google.com/maps/place/%E5%B0%B1%E6%84%9B%E8%B1%86%E4%B9%B3%E9%9B%9E/data=!4m7!3m6!1s0x3442a9e6e1866f99:0x30a3ef5eba40889a!8m2!3d25.0570217!4d121.5156164!16s%2Fg%2F11v0zp0jcw!19sChIJmW-G4eapQjQRmohAul7vozA?authuser=0&hl=zh-TW&rclk=1,25.0570217,121.5130415,0.0451027683367444,4.1,$1-200,21,"['新聞', '攤販', '酥脆', '價格']"
老攤肉粥,103台北市大同區寧夏路口與民生路口 ,https://www.google.com/maps/place/%E8%80%81%E6%94%A4%E8%82%89%E7%B2%A5/data=!4m7!3m6!1s0x3442a96ac29c0743:0x12e9b58b0fc87242!8m2!3d25.0571683!4d121.5156308!16s%2Fg%2F11g__vnz8!19sChIJQwecwmqpQjQRQnLID4u16RI?authuser=0&hl=zh-TW&rclk=1,25.0571683,121.5130559,0.0598606110043744,3.8,$1-200,293,"['炸', '紅燒肉', '碗', '價格', '海鮮', '早上', '蝦仁', '小菜', '花枝', '旗魚']"
文大叔蔬食麵線 全素與蛋奶素,103台北市大同區民生西路169之2號 ,https://www.google.com/maps/place/%E6%96%87%E5%A4%A7%E5%8F%94%E8%94%AC%E9%A3%9F%E9%BA%B5%E7%B7%9A+%E5%85%A8%E7%B4%A0%E8%88%87%E8%9B%8B%E5%A5%B6%E7%B4%A0/data=!4m7!3m6!1s0x3442a903028a32ab:0xd2abdfa19577a384!8m2!3d25.0572659!4d121.5173654!16s%2Fg%2F11j8dt98mp!19sChIJqzKKAgOpQjQRhKN3laHfq9I?authuser=0&hl=zh-TW&rclk=1,25.0572659,121.5147905,0.2119226071501466,4.7,$1-200,335,"['麵線', '滷味', '小菜', '排骨', '素麵', '滷蛋', '勾芡', '豆干', '黑白', '沙茶醬']"
蓮飲料吧,103台北市大同區寧夏路001攤位 ,https://www.google.com/maps/place/%E8%93%AE%E9%A3%B2%E6%96%99%E5%90%A7/data=!4m7!3m6!1s0x3442a96b1ffb695b:0xba7bbf6d6780528d!8m2!3d25.0569448!4d121.5155948!16s%2Fg%2F1t_hwpdp!19sChIJW2n7H2upQjQRjVKAZ22_e7o?authuser=0&hl=zh-TW&rclk=1,25.0569448,121.5130199,0.0369634622522402,4.4,$1-200,204,"['甘蔗', '檸檬', '杯', '甜', '楊桃', '牛奶', '養樂多', '比例', '酸', '夜市']"
泰讚了thai like tea 寧夏店,103台北市大同區民生西路198之14號 ,https://www.google.com/maps/place/%E6%B3%B0%E8%AE%9A%E4%BA%86thai+like+tea+%E5%AF%A7%E5%A4%8F%E5%BA%97/data=!4m7!3m6!1s0x3442a97698927f1d:0x9591ac4f5e53ff5!8m2!3d25.057003!4d121.5163613!16s%2Fg%2F11y1srw98m!19sChIJHX-SmHapQjQR9T_l9cQaWQk?authuser=0&hl=zh-TW&rclk=1,25.0565474,121.5130926,0.0342285408652443,4.8,$1-200,137,"['甜', '泰式奶茶', '店員', '選擇', '班蘭', '椰', '寧夏夜市', '鴛鴦', '西米', '衛生']"
甘記燒仙草飲料店,103019台北市大同區寧夏路30之4號 ,https://www.google.com/maps/place/%E7%94%98%E8%A8%98%E7%87%92%E4%BB%99%E8%8D%89%E9%A3%B2%E6%96%99%E5%BA%97/data=!4m7!3m6!1s0x3442a96b248a37ed:0xaf3613ef0505409b!8m2!3d25.0558677!4d121.5151325!16s%2Fg%2F12m9jydhq!19sChIJ7TeKJGupQjQRm0AFBe8TNq8?authuser=0&hl=zh-TW&rclk=1,25.0558677,121.5125576,0.0935671920949401,4.0,,1431,"['雪花', '湯圓', '芋圓', '紅豆', '豆花', '芒果冰', '糖水', '奶凍', '花生湯', '酒釀']"
波諦波諦鮮做飲料-大同區飲料 大同區飲料外送 大同區果汁 雙連飲料 雙連飲料外送 雙連果汁,103台北市大同區民生西路198-16號 ,https://www.google.com/maps/place/%E6%B3%A2%E8%AB%A6%E6%B3%A2%E8%AB%A6%E9%AE%AE%E5%81%9A%E9%A3%B2%E6%96%99-%E5%A4%A7%E5%90%8C%E5%8D%80%E9%A3%B2%E6%96%99+%E5%A4%A7%E5%90%8C%E5%8D%80%E9%A3%B2%E6%96%99%E5%A4%96%E9%80%81+%E5%A4%A7%E5%90%8C%E5%8D%80%E6%9E%9C%E6%B1%81+%E9%9B%99%E9%80%A3%E9%A3%B2%E6%96%99+%E9%9B%99%E9%80%A3%E9%A3%B2%E6%96%99%E5%A4%96%E9%80%81+%E9%9B%99%E9%80%A3%E6%9E%9C%E6%B1%81/data=!4m7!3m6!1s0x3442a96aefed4e0b:0xb6b161251160574e!8m2!3d25.0569716!4d121.5162151!16s%2Fg%2F11fy5hf77z!19sChIJC07t72qpQjQRTldgESVhsbY?authuser=0&hl=zh-TW&rclk=1,25.0569716,121.5136402,0.0915269579773052,4.7,$1-200,659,"['木瓜牛奶', '佛', 'cp值', '寧夏夜市', '西瓜汁', '吐司', '香蕉', '豆乾', '酪梨', '奇異果']"
那個木瓜牛奶,103台北市大同區寧夏路 ,https://www.google.com/maps/place/%E9%82%A3%E5%80%8B%E6%9C%A8%E7%93%9C%E7%89%9B%E5%A5%B6/data=!4m7!3m6!1s0x3442a9d58a718f7f:0xb5eae6bc52f9ea93!8m2!3d25.0568267!4d121.5154266!16s%2Fg%2F11t74cfpsk!19sChIJf49xitWpQjQRk-r5Urzm6rU?authuser=0&hl=zh-TW&rclk=1,25.0563248,121.5126952,0.0410772261791049,3.9,$1-200,43,"['價格', '西瓜汁', '酪梨', '女老闆']"
阿婆特調 鴛鴦奶茶,103台北市大同區寧夏路70號 ,https://www.google.com/maps/place/%E9%98%BF%E5%A9%86%E7%89%B9%E8%AA%BF+%E9%B4%9B%E9%B4%A6%E5%A5%B6%E8%8C%B6/data=!4m7!3m6!1s0x3442a91c7ab5622d:0x50c0f499337cc5c4!8m2!3d25.0570864!4d121.5156696!16s%2Fg%2F11gxdw23hk!19sChIJLWK1ehypQjQRxMV8M5n0wFA?authuser=0&hl=zh-TW&rclk=1,25.0570864,121.5130947,0.0540503191809658,4.0,$1-200,24,"['價格', '珍珠奶茶', '紅茶', '杯', '甜', '百香果', '夜市', '雷']"
最老牌之地骨露,台北市大同區寧夏路004攤位 ,https://www.google.com/maps/place/%E6%9C%80%E8%80%81%E7%89%8C%E4%B9%8B%E5%9C%B0%E9%AA%A8%E9%9C%B2/data=!4m7!3m6!1s0x3442a93faaaaaaab:0xb86b2450faed7010!8m2!3d25.0569191!4d121.5154417!16s%2Fg%2F1tfcl0s6!19sChIJq6qqqj-pQjQREHDt-lAka7g?authuser=0&hl=zh-TW&rclk=1,25.0569191,121.5128668,0.0270248683869349,3.4,$1-200,57,"['苦', '青草茶', '杯', '夜市', '價格', '冬瓜茶', '稀釋', '身體', 'menu', '甜']"
杉味豆花,10356台北市大同區民生西路172號1樓 ,https://www.google.com/maps/place/%E6%9D%89%E5%91%B3%E8%B1%86%E8%8A%B1/data=!4m7!3m6!1s0x3442a93ed6b1e7e7:0x5cc67ba213c2d0db!8m2!3d25.0571601!4d121.5176427!16s%2Fg%2F1tz73nz3!19sChIJ5-ex1j6pQjQR29DCE6J7xlw?authuser=0&hl=zh-TW&rclk=1,25.0571601,121.5150678,0.2358504311848147,4.4,$,2543,"['芋圓', '刨冰', '燒仙草', '去札維圖法', '寧夏夜市', '蓮子', '杏仁茶', '延山夜市', '薑汁', '西班牙涼菜湯']"
水羿云飛 Wing Prime Tea,103台北市大同區寧夏路34號 ,https://www.google.com/maps/place/%E6%B0%B4%E7%BE%BF%E4%BA%91%E9%A3%9B+Wing+Prime+Tea/data=!4m7!3m6!1s0x3442a94729185397:0x77700cb2c79fe780!8m2!3d25.0560179!4d121.5151489!16s%2Fg%2F11why89b5z!19sChIJl1MYKUepQjQRgOefx7IMcHc?authuser=0&hl=zh-TW&rclk=1,25.0560179,121.512574,0.0770852636412565,4.1,$1-200,27,"['仙草', '冬瓜', '奶茶', '價格', '夜市', '香', '珍珠', '紅茶', '甜']"
現打西瓜汁(寧夏夜市),103台北市大同區寧夏路70-58號號 第126攤 ,https://www.google.com/maps/place/%E7%8F%BE%E6%89%93%E8%A5%BF%E7%93%9C%E6%B1%81%28%E5%AF%A7%E5%A4%8F%E5%A4%9C%E5%B8%82%29/data=!4m7!3m6!1s0x3442a972637868af:0xef28d1dc3ab80bd8!8m2!3d25.0566911!4d121.5153836!16s%2Fg%2F11f8mdjhdl!19sChIJr2h4Y3KpQjQR2Au4OtzRKO8?authuser=0&hl=zh-TW&rclk=1,25.0566911,121.5128087,0.0020597890545219,3.0,,8,[]
圓環阿勝愛玉冰,103台北市大同區南京西路262巷 ,https://www.google.com/maps/place/%E5%9C%93%E7%92%B0%E9%98%BF%E5%8B%9D%E6%84%9B%E7%8E%89%E5%86%B0/data=!4m7!3m6!1s0x3442a96ca357ef01:0x5a8f0d3c4bcd47ca!8m2!3d25.0536839!4d121.515057!16s%2Fg%2F1tr7g21t!19sChIJAe9Xo2ypQjQRykfNSzwNj1o?authuser=0&hl=zh-TW&rclk=1,25.0536839,121.5124821,0.3339502639648591,4.4,$1-200,439,"['糖水', '路邊攤', '楊桃', '乙酸異戊酯', '懷念', '柳橙', '夜市', '攤販', '養樂多', '復古']"
寧夏星光冰果凍小舖,103台北市大同區民生西路231號 ,https://www.google.com/maps/place/%E5%AF%A7%E5%A4%8F%E6%98%9F%E5%85%89%E5%86%B0%E6%9E%9C%E5%87%8D%E5%B0%8F%E8%88%96/data=!4m7!3m6!1s0x3442a96ae8566079:0xf7d15f833cd2f1c3!8m2!3d25.057175!4d121.5157569!16s%2Fg%2F11f30pjl_2!19sChIJeWBW6GqpQjQRw_HSPINf0fc?authuser=0&hl=zh-TW&rclk=1,25.057175,121.513182,0.0671560776697869,3.0,,3,[]
部隊紅茶,103台北市大同區寧夏路65號 ,https://www.google.com/maps/place/%E9%83%A8%E9%9A%8A%E7%B4%85%E8%8C%B6/data=!4m7!3m6!1s0x3442a9eb0181dae9:0x727fb9cbb3ad39e4!8m2!3d25.0583414!4d121.5152782!16s%2Fg%2F11ssx_j1h2!19sChIJ6dqBAeupQjQR5Dmts8u5f3I?authuser=0&hl=zh-TW&rclk=1,25.0577582,121.5129426,0.1198198938296619,4.9,$1-200,39,"['杯', '甘蔗', '百香果', '烏梅', '蘆薈', '仙草', '冬瓜', '甜', '檸檬', '珍珠']"
甜蜜紅茶,103台北市大同區寧夏路113號攤位號 ,https://www.google.com/maps/place/%E7%94%9C%E8%9C%9C%E7%B4%85%E8%8C%B6/data=!4m7!3m6!1s0x3442a91a05bf819d:0x2d04e9ccee11f167!8m2!3d25.0558214!4d121.5152995!16s%2Fg%2F11v00cqgcc!19sChIJnYG_BRqpQjQRZ_ER7szpBC0?authuser=0&hl=zh-TW&rclk=1,25.0558214,121.5127246,0.0959523185608371,4.0,,1,[]
好吸飲料店,103台北市大同區寧夏路台湾 Datong District 夜市 ,https://www.google.com/maps/place/%E5%A5%BD%E5%90%B8%E9%A3%B2%E6%96%99%E5%BA%97/data=!4m7!3m6!1s0x3442a963d9a508f1:0x8bd6b3973a5d49c2!8m2!3d25.0556497!4d121.5152022!16s%2Fg%2F11jt4hnyv8!19sChIJ8Qil2WOpQjQRwkldOpez1os?authuser=0&hl=zh-TW&rclk=1,25.0556497,121.5126273,0.1159075259367075,1.8,$1-200,4,"['西瓜', '酸']"
酪梨牛奶專賣店,103台北市大同區民生西路156-126號 ,https://www.google.com/maps/place/%E9%85%AA%E6%A2%A8%E7%89%9B%E5%A5%B6%E5%B0%88%E8%B3%A3%E5%BA%97/data=!4m7!3m6!1s0x3442a96a6ae10b6f:0xc4506f912f64852c!8m2!3d25.0572083!4d121.5183865!16s%2Fg%2F11gfhytp4f!19sChIJbwvhamqpQjQRLIVkL5FvUMQ?authuser=0&hl=zh-TW&rclk=1,25.0556201,121.5126196,0.1192635999812251,3.3,$1-200,69,"['杯', '糖', '刷子', '衛生', '懷疑', '木瓜牛奶', '清洗', '失望']"
大胖鮮水果汁,103台北市大同區民生西路153門前號 ,https://www.google.com/maps/place/%E5%A4%A7%E8%83%96%E9%AE%AE%E6%B0%B4%E6%9E%9C%E6%B1%81/data=!4m7!3m6!1s0x3442a9a55d1d5d5b:0x481807fd3d144466!8m2!3d25.0574281!4d121.5176306!16s%2Fg%2F11jg115g3f!19sChIJW10dXaWpQjQRZkQUPf0HGEg?authuser=0&hl=zh-TW&rclk=1,25.0565241,121.5138143,0.1049721638149847,4.8,$1-200,79,"['牛奶', '酪梨', '價格', '檸檬汁', '草莓', '夏天', '桔', '酸', '口感', '冬天']"
寧夏鄭記台南碗粿,103台北市大同區民生西路275 號 ,https://www.google.com/maps/place/%E5%AF%A7%E5%A4%8F%E9%84%AD%E8%A8%98%E5%8F%B0%E5%8D%97%E7%A2%97%E7%B2%BF/data=!4m7!3m6!1s0x3442a943ec33bc9d:0x3b8dfd52b8ba55ca!8m2!3d25.0571928!4d121.5139671!16s%2Fg%2F11shpgm5lg!19sChIJnbwz7EOpQjQRylW6uFL9jTs?authuser=0&hl=zh-TW&rclk=1,25.0571928,121.5139671,0.1314649175379735,4.2,$1-200,62,"['價格', '羹', '虱目魚', '道', '水', '鹹蛋黃', '香菇', '雞湯', '甜', '傳統']"
樂華夜市三鮮羹,234新北市永和區永平路146號樂華夜市內 ,https://www.google.com/maps/place/%E6%A8%82%E8%8F%AF%E5%A4%9C%E5%B8%82%E4%B8%89%E9%AE%AE%E7%BE%B9/data=!4m7!3m6!1s0x3442a9c31fe8c753:0x90793ca166229089!8m2!3d25.0084162!4d121.5113918!16s%2Fg%2F11g_y5tdf!19sChIJU8foH8OpQjQRiZAiZqE8eZA?authuser=0&hl=zh-TW&rclk=1,25.0084162,121.5088169,0.1468528836379939,4.1,$1-200,1478,"['土魠魚', '米糕', '排隊', '魷魚', '蝦仁羹', '米粉', '醋', '肉鬆', '勾芡', '魚塊']"
鐘點棧 當歸鴨【台北樂華夜市總店】銅板美食|小吃店外送推薦,234新北市永和區保平路18巷8號 ,https://www.google.com/maps/place/%E9%90%98%E9%BB%9E%E6%A3%A7+%E7%95%B6%E6%AD%B8%E9%B4%A8%E3%80%90%E5%8F%B0%E5%8C%97%E6%A8%82%E8%8F%AF%E5%A4%9C%E5%B8%82%E7%B8%BD%E5%BA%97%E3%80%91%E9%8A%85%E6%9D%BF%E7%BE%8E%E9%A3%9F%7C%E5%B0%8F%E5%90%83%E5%BA%97%E5%A4%96%E9%80%81%E6%8E%A8%E8%96%A6/data=!4m7!3m6!1s0x3442a9c2c36ee56f:0xce26595eb0ec3471!8m2!3d25.0079471!4d121.5124101!16s%2Fg%2F11c0xhbfqk!19sChIJb-Vuw8KpQjQRcTTssF5ZJs4?authuser=0&hl=zh-TW&rclk=1,25.0079471,121.5098352,0.080486831312463,4.2,$1-200,1252,"['碗', '鴨肉飯', '當歸湯', '麵線', '米血', '腿', '香腸', '鴨油', '中藥', '地瓜葉']"
郭記麻辣臭豆腐,234新北市永和區永平路180巷 ,https://www.google.com/maps/place/%E9%83%AD%E8%A8%98%E9%BA%BB%E8%BE%A3%E8%87%AD%E8%B1%86%E8%85%90/data=!4m7!3m6!1s0x3442a9c31b836ff7:0xac3c5e0246e2d388!8m2!3d25.0091445!4d121.5105224!16s%2Fg%2F1hc48yxpq!19sChIJ92-DG8OpQjQRiNPiRgJePKw?authuser=0&hl=zh-TW&rclk=1,25.0091445,121.5079475,0.2425390757840682,3.8,$1-200,1886,"['油飯', '鴨血', '羹', '樂華夜市', '魚乾', '什錦', '香菇', '肚', '四神湯', '麻辣湯']"
成銘月亮蝦餅,234新北市永和區保平路18巷2號 ,https://www.google.com/maps/place/%E6%88%90%E9%8A%98%E6%9C%88%E4%BA%AE%E8%9D%A6%E9%A4%85/data=!4m7!3m6!1s0x3442a93572fd8ea5:0x8b1224ef7f988bc!8m2!3d25.0083411!4d121.5114751!16s%2Fg%2F11qh85skd3!19sChIJpY79cjWpQjQRvIj5904isQg?authuser=0&hl=zh-TW&rclk=1,25.0083411,121.5089002,0.1396998910776497,4.0,$1-200,384,"['蝦子', '炸', '內餡', '樂華夜市', '雞排', '排隊', '酥脆', '泰式', '直播', '椒鹽']"
顏記深海旗魚串,23445新北市永和區永和路一段129號 ,https://www.google.com/maps/place/%E9%A1%8F%E8%A8%98%E6%B7%B1%E6%B5%B7%E6%97%97%E9%AD%9A%E4%B8%B2/data=!4m7!3m6!1s0x3442a9e855555555:0xf75a81ae4d0307e1!8m2!3d25.0086574!4d121.5140113!16s%2Fg%2F11gz794b9!19sChIJVVVVVeipQjQR4QcDTa6BWvc?authuser=0&hl=zh-TW&rclk=1,25.0086574,121.5114364,0.1189249031984105,4.4,$1-200,427,"['魚漿', '樂華夜市', '排隊', '水煮蛋', '芥末', '醬油', '鍋', '辣醬', '包裹', '假日']"
火烤魚-樂華店,234新北市永和區永平路192號 ,https://www.google.com/maps/place/%E7%81%AB%E7%83%A4%E9%AD%9A-%E6%A8%82%E8%8F%AF%E5%BA%97/data=!4m7!3m6!1s0x3442a9469bae50c9:0xe0d9eb8e90a387d5!8m2!3d25.0094739!4d121.510309!16s%2Fg%2F11mv0wn0_6!19sChIJyVCum0apQjQR1YejkI7r2eA?authuser=0&hl=zh-TW&rclk=1,25.0094739,121.5077341,0.274616327506975,4.7,$200-400,173,"['蛤蜊', '鹽', '鮮', '甜', '電話', '價格', '外帶', '夜市', '小卷', '鯛']"
樂華涼拌手撕雞,234新北市永和區永平路4號 ,https://www.google.com/maps/place/%E6%A8%82%E8%8F%AF%E6%B6%BC%E6%8B%8C%E6%89%8B%E6%92%95%E9%9B%9E/data=!4m7!3m6!1s0x3442a9c281568e03:0x2fd182956eceff7e!8m2!3d25.0086629!4d121.5138896!16s%2Fg%2F11by_xyz4x!19sChIJA45WgcKpQjQRfv_ObpWC0S8?authuser=0&hl=zh-TW&rclk=1,25.0086629,121.5113147,0.1067595836224711,4.3,$1-200,385,"['洋蔥', '筍', '碗', '料', '酸', '鹹水雞', '辣', '調味', '樂華夜市', '開胃']"
李來脆皮玉米-樂華夜市店,234新北市永和區永平路46號 ,https://www.google.com/maps/place/%E6%9D%8E%E4%BE%86%E8%84%86%E7%9A%AE%E7%8E%89%E7%B1%B3-%E6%A8%82%E8%8F%AF%E5%A4%9C%E5%B8%82%E5%BA%97/data=!4m7!3m6!1s0x3442a90069b75a87:0x59c8f705209e6cbc!8m2!3d25.008576!4d121.5127818!16s%2Fg%2F11w57sskl4!19sChIJh1q3aQCpQjQRvGyeIAX3yFk?authuser=0&hl=zh-TW&rclk=1,25.008576,121.5102069,0.0059368505552728,4.6,$1-200,22,"['烤玉米', '糯米', '醬料', '價格']"
大腸包小腸,234新北市永和區永平路81巷3號樂華夜市 萬客福對面 ,https://www.google.com/maps/place/%E5%A4%A7%E8%85%B8%E5%8C%85%E5%B0%8F%E8%85%B8/data=!4m7!3m6!1s0x3442a96a9921e785:0x7dce91b037bc2b08!8m2!3d25.0082858!4d121.5116362!16s%2Fg%2F11pynkrpdq!19sChIJhechmWqpQjQRCCu8N7CRzn0?authuser=0&hl=zh-TW&rclk=1,25.0106912,121.5077663,0.3453164703722703,4.8,$1-200,224,"['蒜', '價格', '米腸', '口味', '口感', '烤', '腸衣', '雞腿', '酸菜', '芥末']"
樂華許家蚵仔煎,234新北市永和區永平路11號 ,https://www.google.com/maps/place/%E6%A8%82%E8%8F%AF%E8%A8%B1%E5%AE%B6%E8%9A%B5%E4%BB%94%E7%85%8E/data=!4m7!3m6!1s0x3442a9c2844c646b:0x6dcc6b1363b5b3f2!8m2!3d25.0086631!4d121.5137272!16s%2Fg%2F1tzggbmp!19sChIJa2RMhMKpQjQR8rO1YxNrzG0?authuser=0&hl=zh-TW&rclk=1,25.0086631,121.5111523,0.0904794249647412,3.3,$1-200,361,"['豬血', '血湯', '空心菜', '肉圓', '蝦仁', '小白菜', '炒', '樂華夜市', '米粉', '記憶']"
紅花麻辣鹽水雞永和樂華直營店,234新北市永和區永和路一段 135巷2號 ,https://www.google.com/maps/place/%E7%B4%85%E8%8A%B1%E9%BA%BB%E8%BE%A3%E9%B9%BD%E6%B0%B4%E9%9B%9E%E6%B0%B8%E5%92%8C%E6%A8%82%E8%8F%AF%E7%9B%B4%E7%87%9F%E5%BA%97/data=!4m7!3m6!1s0x3442a9e27cd41f59:0xf1e55d962c22c329!8m2!3d25.008798!4d121.5139717!16s%2Fg%2F11sbf835lb!19sChIJWR_UfOKpQjQRKcMiLJZd5fE?authuser=0&hl=zh-TW&rclk=1,25.008798,121.5113968,0.1174316561642904,4.7,$200-400,1710,"['豆皮', '樂華夜市', '鹹水', '香菜', '酸菜', '通化夜市', '去骨', '線上訂餐', '透明', '茭白筍']"
小南鄭記台南碗粿（樂華夜市）,234新北市永和區永平路154號 ,https://www.google.com/maps/place/%E5%B0%8F%E5%8D%97%E9%84%AD%E8%A8%98%E5%8F%B0%E5%8D%97%E7%A2%97%E7%B2%BF%EF%BC%88%E6%A8%82%E8%8F%AF%E5%A4%9C%E5%B8%82%EF%BC%89/data=!4m7!3m6!1s0x3442a90078cc8b53:0x16bcd462a573eec5!8m2!3d25.0087909!4d121.5112317!16s%2Fg%2F11vq8yr5fb!19sChIJU4vMeACpQjQRxe5zpWLUvBY?authuser=0&hl=zh-TW&rclk=1,25.0087909,121.5086568,0.1641462532070916,4.6,$1-200,66,"['羹', '甜', '價格', '冷氣', '香', '環境', '蒜蓉', '乾麵', '油蔥酥', '鹹魚']"
阿爸の芋圓 樂華店,234新北市永和區保平路18巷1號 ,https://www.google.com/maps/place/%E9%98%BF%E7%88%B8%E3%81%AE%E8%8A%8B%E5%9C%93+%E6%A8%82%E8%8F%AF%E5%BA%97/data=!4m7!3m6!1s0x3442a9dcff982869:0x51ad8b29047e9216!8m2!3d25.0076477!4d121.5123365!16s%2Fg%2F1ptzzyg1v!19sChIJaSiY_9ypQjQRFpJ-BCmLrVE?authuser=0&hl=zh-TW&rclk=1,25.0076477,121.5097616,0.1130484151153632,4.3,$1-200,5541,"['蔗', '芋圓', '芋泥', '湯圓', '粉圓', '樂華夜市', '糖水', '薏仁', '酒釀', '有點甜']"
快樂地瓜球（永和樂華總店）,234新北市永和區永平路59號 ,https://www.google.com/maps/place/%E5%BF%AB%E6%A8%82%E5%9C%B0%E7%93%9C%E7%90%83%EF%BC%88%E6%B0%B8%E5%92%8C%E6%A8%82%E8%8F%AF%E7%B8%BD%E5%BA%97%EF%BC%89/data=!4m7!3m6!1s0x3442a9c2e732f097:0xd03fb0bc9017c12c!8m2!3d25.0084253!4d121.512343!16s%2Fg%2F11c1n2b9xg!19sChIJl_Ay58KpQjQRLMEXkLywP9A?authuser=0&hl=zh-TW&rclk=1,25.0084253,121.5097681,0.0521535101677474,3.7,$1-200,628,"['口感', '炸', 'QQ', '包', '排隊', '樂華夜市', '梅', '內餡', '酥', '粉']"
老牌黑輪,234新北市永和區永平路152巷口號 樂華夜市中間靠三叉路 ,https://www.google.com/maps/place/%E8%80%81%E7%89%8C%E9%BB%91%E8%BC%AA/data=!4m7!3m6!1s0x3442a9c376022005:0x17d24d020103c74e!8m2!3d25.0085572!4d121.5112963!16s%2Fg%2F1v2gbf_m!19sChIJBSACdsOpQjQRTscDAQJN0hc?authuser=0&hl=zh-TW&rclk=1,25.0085572,121.5087214,0.1556243260814847,3.7,$1-200,163,"['價格', '樂華夜市', '小吃', '豆皮', '蘿蔔', '冷', '米血', '王子麵', '高麗菜捲', '火鍋']"
下港排骨酥湯（僅外帶）,234新北市永和區保平路14號 ,https://www.google.com/maps/place/%E4%B8%8B%E6%B8%AF%E6%8E%92%E9%AA%A8%E9%85%A5%E6%B9%AF%EF%BC%88%E5%83%85%E5%A4%96%E5%B8%B6%EF%BC%89/data=!4m7!3m6!1s0x3442a9c2c75a2551:0x1d53b0e4301cd93a!8m2!3d25.0076463!4d121.5126053!16s%2Fg%2F1w15x3_4!19sChIJUSVax8KpQjQROtkcMOSwUx0?authuser=0&hl=zh-TW&rclk=1,25.0076463,121.5100304,0.1039248538455397,4.2,$1-200,2316,"['軟骨', '白菜', '酸菜', '樂華夜市', '油豆腐', '魚鬆', '雞湯', '香菇', '冬瓜', '筒仔米糕']"
好吃雞肉【樂華店】,234新北市永和區永平路147號 ,https://www.google.com/maps/place/%E5%A5%BD%E5%90%83%E9%9B%9E%E8%82%89%E3%80%90%E6%A8%82%E8%8F%AF%E5%BA%97%E3%80%91/data=!4m7!3m6!1s0x3442a9214313e4c7:0xec04eedb46b09d3d!8m2!3d25.008512!4d121.511081!16s%2Fg%2F11frqwld54!19sChIJx-QTQyGpQjQRPZ2wRtvuBOw?authuser=0&hl=zh-TW&rclk=1,25.008512,121.5085061,0.1774374021831763,3.4,$1-200,216,"['雞油', '雞腿', '竹筍', '骨頭', '白菜', '便當', '雞肉飯', '夜市', '油雞', '油飯']"
金門伯鹽酥雞（樂華夜市）,234新北市永和區永平路185號 ,https://www.google.com/maps/place/%E9%87%91%E9%96%80%E4%BC%AF%E9%B9%BD%E9%85%A5%E9%9B%9E%EF%BC%88%E6%A8%82%E8%8F%AF%E5%A4%9C%E5%B8%82%EF%BC%89/data=!4m7!3m6!1s0x3442a9005f54f863:0x31f1d300445ab29f!8m2!3d25.0093295!4d121.5102147!16s%2Fg%2F11x2p_12qr!19sChIJY_hUXwCpQjQRn7JaRADT8TE?authuser=0&hl=zh-TW&rclk=1,25.0093295,121.5076398,0.2781776163991871,5.0,,1,[]
樂華素食,234新北市永和區永平路38號 ,https://www.google.com/maps/place/%E6%A8%82%E8%8F%AF%E7%B4%A0%E9%A3%9F/data=!4m7!3m6!1s0x3442a9c28c405f35:0x648fc250a51652b5!8m2!3d25.0088852!4d121.5128988!16s%2Fg%2F11c539qg8q!19sChIJNV9AjMKpQjQRtVIWpVDCj2Q?authuser=0&hl=zh-TW&rclk=1,25.0088852,121.5103239,0.0365206163880965,4.5,$1-200,216,"['湯', '竹筍', '小菜', '價格', '選擇', '夜市', '圓', '便當', '油豆腐', '排隊']"
（高）樂華潤餅捲,234新北市永和區永平路164號 ,https://www.google.com/maps/place/%EF%BC%88%E9%AB%98%EF%BC%89%E6%A8%82%E8%8F%AF%E6%BD%A4%E9%A4%85%E6%8D%B2/data=!4m7!3m6!1s0x3442a9c39f92000d:0xb1c8b3b77ac098a5!8m2!3d25.0088335!4d121.5108428!16s%2Fg%2F1pzyn0q5_!19sChIJDQCSn8OpQjQRpZjAerezyLE?authuser=0&hl=zh-TW&rclk=1,25.0088335,121.5082679,0.2036641136507262,3.9,$1-200,150,"['芥末', '花生粉', '豆芽菜', '割包', '樂華夜市', '排隊', '高麗菜', '價格', '肉鬆', '口感']"
方家園臭豆腐,234新北市永和區永平路26號 ,https://www.google.com/maps/place/%E6%96%B9%E5%AE%B6%E5%9C%92%E8%87%AD%E8%B1%86%E8%85%90/data=!4m7!3m6!1s0x3442a9c2bc9706a1:0x88ecbb1bb896ec8f!8m2!3d25.0089094!4d121.513289!16s%2Fg%2F1td4xk8_!19sChIJoQaXvMKpQjQRj-yWuBu77Ig?authuser=0&hl=zh-TW&rclk=1,25.0089094,121.5107141,0.0597397908297505,3.9,$1-200,290,"['泡菜', '樂華夜市', '酥脆', '湯', '汁', '口感', '酸', '炸臭豆腐', '辣醬', '外帶']"
樂華夜市 正宗川麻辣臭豆腐,234新北市永和區永平路164號 ,https://www.google.com/maps/place/%E6%A8%82%E8%8F%AF%E5%A4%9C%E5%B8%82+%E6%AD%A3%E5%AE%97%E5%B7%9D%E9%BA%BB%E8%BE%A3%E8%87%AD%E8%B1%86%E8%85%90/data=!4m7!3m6!1s0x3442a9716c062c9b:0x84a27bc4709d0960!8m2!3d25.008912!4d121.5109143!16s%2Fg%2F11tjmqfcz_!19sChIJmywGbHGpQjQRYAmdcMR7ooQ?authuser=0&hl=zh-TW&rclk=1,25.008912,121.5083394,0.1980557123025363,3.9,$1-200,95,"['鴨血', '湯', '價格', '魚乾', '香菇', '酸菜', '碗', '選擇', '鹹', '蝦仁']"
好雞匯鹹水雞-樂華夜市,234新北市永和區保平路18巷19號一級棒烤肉對面 ,https://www.google.com/maps/place/%E5%A5%BD%E9%9B%9E%E5%8C%AF%E9%B9%B9%E6%B0%B4%E9%9B%9E-%E6%A8%82%E8%8F%AF%E5%A4%9C%E5%B8%82/data=!4m7!3m6!1s0x3442a9c2c30b1ea3:0xefc8603c09fc7357!8m2!3d25.007965!4d121.511874!16s%2Fg%2F11g8_116sy!19sChIJox4Lw8KpQjQRV3P8CTxgyO8?authuser=0&hl=zh-TW&rclk=1,25.007965,121.5092991,0.117542146453828,4.4,$1-200,114,"['小菜', '胡椒', '套餐', '口味', '外送', '價格', '煙燻', '滷', '蒟蒻', '鹽水']"
QQ王子地瓜球,234新北市永和區永平路路上(樂華夜市內 ,https://www.google.com/maps/place/QQ%E7%8E%8B%E5%AD%90%E5%9C%B0%E7%93%9C%E7%90%83/data=!4m7!3m6!1s0x3442a9c30c8db583:0x995d5231ff16339e!8m2!3d25.0094475!4d121.5100696!16s%2Fg%2F1tdy6rxt!19sChIJg7WNDMOpQjQRnjMW_zFSXZk?authuser=0&hl=zh-TW&rclk=1,25.0094475,121.5074947,0.2962312142189721,3.4,$1-200,145,"['樂華夜市', '炸', '包', '粉', '口感', '梅', '價格', '甜', '酥脆', '燒焦']"
小島湖 · 一口酥臭豆腐［樂華總店］,234新北市永和區永平路81巷2號 ,https://www.google.com/maps/place/%E5%B0%8F%E5%B3%B6%E6%B9%96+%C2%B7+%E4%B8%80%E5%8F%A3%E9%85%A5%E8%87%AD%E8%B1%86%E8%85%90%EF%BC%BB%E6%A8%82%E8%8F%AF%E7%B8%BD%E5%BA%97%EF%BC%BD/data=!4m7!3m6!1s0x3442a93207efdbb1:0x3bb02864e853ce79!8m2!3d25.008245!4d121.5115058!16s%2Fg%2F11h4g33rbt!19sChIJsdvvBzKpQjQRec5T6GQosDs?authuser=0&hl=zh-TW&rclk=1,25.008245,121.5089309,0.1389354120554586,4.4,$1-200,119,"['泡菜', '炸', '口感', '價格', '香', '酥脆', '夜市', '碗', '醬油', '大小']"
好吃當歸鴨,234新北市永和區永平路187號 ,https://www.google.com/maps/place/%E5%A5%BD%E5%90%83%E7%95%B6%E6%AD%B8%E9%B4%A8/data=!4m7!3m6!1s0x3442a9c30df5b885:0x9b1ba3dc6c30aca6!8m2!3d25.0093451!4d121.5101504!16s%2Fg%2F1tg4j21f!19sChIJhbj1DcOpQjQRpqwwbNyjG5s?authuser=0&hl=zh-TW&rclk=1,25.0086461,121.5087053,0.1575367317739568,3.4,$1-200,308,"['湯', '鴨肉', '碗', '麵線', '冬粉', '樂華夜市', '甜', '中藥', '錢', '外帶']"
何佳佳蔥油餅-樂華店(休假請看FB.IG.Google貼文),23444新北市永和區永平路186號 ,https://www.google.com/maps/place/%E4%BD%95%E4%BD%B3%E4%BD%B3%E8%94%A5%E6%B2%B9%E9%A4%85-%E6%A8%82%E8%8F%AF%E5%BA%97%28%E4%BC%91%E5%81%87%E8%AB%8B%E7%9C%8BFB.IG.Google%E8%B2%BC%E6%96%87%29/data=!4m7!3m6!1s0x3442a99e5115a047:0xb6f8f20aa4fc06e1!8m2!3d25.0093452!4d121.5104193!16s%2Fg%2F11hy9mzhqb!19sChIJR6AVUZ6pQjQR4Qb8pAry-LY?authuser=0&hl=zh-TW&rclk=1,25.0093452,121.5078444,0.2591734005395791,4.6,$1-200,204,"['胡椒', '梅子', '煎', '口感', '酥脆', '冷', '樂華夜市', '粉', '芥末', '鹽']"
巨無霸懷念潤餅捲（手工現做）,234新北市永和區永平路81巷6號 ,https://www.google.com/maps/place/%E5%B7%A8%E7%84%A1%E9%9C%B8%E6%87%B7%E5%BF%B5%E6%BD%A4%E9%A4%85%E6%8D%B2%EF%BC%88%E6%89%8B%E5%B7%A5%E7%8F%BE%E5%81%9A%EF%BC%89/data=!4m7!3m6!1s0x3442a976ca83e749:0x95e6fd9af7564768!8m2!3d25.0081564!4d121.5117395!16s%2Fg%2F11s20krgj8!19sChIJSeeDynapQjQRaEdW95r95pU?authuser=0&hl=zh-TW&rclk=1,25.0081564,121.5091646,0.1195680914471136,4.7,$1-200,150,"['豆芽菜', '高麗菜', '花生粉', '肉鬆', '豆干', '香菜', '酥', '紅糟', '紅燒肉', '飽足感']"
小么雞鹹水雞 新北永和樂華夜市店,234新北市永和區永平路 ,https://www.google.com/maps/place/%E5%B0%8F%E4%B9%88%E9%9B%9E%E9%B9%B9%E6%B0%B4%E9%9B%9E+%E6%96%B0%E5%8C%97%E6%B0%B8%E5%92%8C%E6%A8%82%E8%8F%AF%E5%A4%9C%E5%B8%82%E5%BA%97/data=!4m7!3m6!1s0x3442a9c310edc433:0x70af26e1a7961e78!8m2!3d25.0087774!4d121.5106594!16s%2Fg%2F12hkljggv!19sChIJM8TtEMOpQjQReB6Wp-Emr3A?authuser=0&hl=zh-TW&rclk=1,25.0087774,121.5080845,0.2212266634737338,4.3,$1-200,123,"['芭樂', '辣', '煙燻', '配菜', '調味', '口感', '價格', '柴', '鬼椒', '玉米筍']"
媛媛樂華煙燻滷味,234新北市永和區保平路18巷8號 ,https://www.google.com/maps/place/%E5%AA%9B%E5%AA%9B%E6%A8%82%E8%8F%AF%E7%85%99%E7%87%BB%E6%BB%B7%E5%91%B3/data=!4m7!3m6!1s0x3442a9997929b343:0x574e4b14e0d852e8!8m2!3d25.0077989!4d121.5120978!16s%2Fg%2F11pztsp2tt!19sChIJQ7MpeZmpQjQR6FLY4BRLTlc?authuser=0&hl=zh-TW&rclk=1,25.0077989,121.5095229,0.1126704312563425,3.6,$1-200,243,"['排隊', '鳳爪', '豆干', '腐皮捲', '百頁', '甜不辣', '翅', '香油', '樂華夜市', '雞腸']"
永和佳佳香鍋貼專賣店,234新北市永和區永和路一段114號 ,https://www.google.com/maps/place/%E6%B0%B8%E5%92%8C%E4%BD%B3%E4%BD%B3%E9%A6%99%E9%8D%8B%E8%B2%BC%E5%B0%88%E8%B3%A3%E5%BA%97/data=!4m7!3m6!1s0x3442a9c2a38b529f:0xfd9c6f65ea7bb66f!8m2!3d25.0074588!4d121.5136458!16s%2Fg%2F1tw1bjjt!19sChIJn1KLo8KpQjQRb7Z76mVvnP0?authuser=0&hl=zh-TW&rclk=1,25.0074588,121.5110709,0.1467461904167338,3.5,$1-200,2918,"['酸辣湯', '內餡', '水餃', '韭黃', '機器', '勾芡', '煎餃', '豆漿', '樂華夜市', '柴魚']"
天使雞排-樂華店,234新北市永和區保平路19號 ,https://www.google.com/maps/place/%E5%A4%A9%E4%BD%BF%E9%9B%9E%E6%8E%92-%E6%A8%82%E8%8F%AF%E5%BA%97/data=!4m7!3m6!1s0x3442a9c28c1bee39:0xda24af88a9498bdb!8m2!3d25.0074895!4d121.5127212!16s%2Fg%2F11fzwcmgd0!19sChIJOe4bjMKpQjQR24tJqYivJNo?authuser=0&hl=zh-TW&rclk=1,25.0074895,121.5101463,0.1191892344659462,4.8,$1-200,5415,"['甜', '炸', '樂華夜市', '肉汁', 'line', '折價', '調味', '柴', 'ㄘ', '快遞']"
樂華夜市 白雪公豬 刈包,234新北市永和區永平路36號 ,https://www.google.com/maps/place/%E6%A8%82%E8%8F%AF%E5%A4%9C%E5%B8%82+%E7%99%BD%E9%9B%AA%E5%85%AC%E8%B1%AC+%E5%88%88%E5%8C%85/data=!4m7!3m6!1s0x3442a92aff798e37:0x73eedc6b849a06!8m2!3d25.0088479!4d121.5129952!16s%2Fg%2F11txcg3l02!19sChIJN455_yqpQjQRBpqEa9zucwA?authuser=0&hl=zh-TW&rclk=1,25.0088479,121.5104203,0.0356013954226584,4.9,$1-200,70,"['肉', '花生粉', '酸菜', '價格', '肥', '香菜', '滷', '選擇', '柴', '甜']"
一級棒炭烤（樂華夜市店）,234新北市永和區保福路一段23巷18號 ,https://www.google.com/maps/place/%E4%B8%80%E7%B4%9A%E6%A3%92%E7%82%AD%E7%83%A4%EF%BC%88%E6%A8%82%E8%8F%AF%E5%A4%9C%E5%B8%82%E5%BA%97%EF%BC%89/data=!4m7!3m6!1s0x3442a9c2c2c1d8d7:0xa282e45806c7aaee!8m2!3d25.0080911!4d121.5120625!16s%2Fg%2F1wh4cklh!19sChIJ19jBwsKpQjQR7qrHBljkgqI?authuser=0&hl=zh-TW&rclk=1,25.0080911,121.5094876,0.0939585753418728,3.0,$200-400,197,"['價格', '衛生', '炸', '雞排', '口味', '燒烤', '臭豆腐', '櫛瓜', '整數', '線上點餐']"
大統牛排,234新北市永和區永平路70號 ,https://www.google.com/maps/place/%E5%A4%A7%E7%B5%B1%E7%89%9B%E6%8E%92/data=!4m7!3m6!1s0x3442a9c2f28ec50d:0xca40e4774876ae7d!8m2!3d25.0085657!4d121.5122558!16s%2Fg%2F1tdpcx8n!19sChIJDcWO8sKpQjQRfa52SHfkQMo?authuser=0&hl=zh-TW&rclk=1,25.0085657,121.5096809,0.0587722264623974,3.3,$200-400,719,"['酥皮', '夜市', '吧', '濃湯', '通心粉', '紅茶', '生菜', '雞腿', '坐', '平日']"
樂華姐妹巨無霸豬血糕,234新北市永和區永平路32-34號 ,https://www.google.com/maps/place/%E6%A8%82%E8%8F%AF%E5%A7%90%E5%A6%B9%E5%B7%A8%E7%84%A1%E9%9C%B8%E8%B1%AC%E8%A1%80%E7%B3%95/data=!4m7!3m6!1s0x3442a9c28d71d7bf:0x94be39e15e643075!8m2!3d25.0088406!4d121.5130783!16s%2Fg%2F12m98nlyl!19sChIJv9dxjcKpQjQRdTBkXuE5vpQ?authuser=0&hl=zh-TW&rclk=1,25.0088406,121.5105034,0.0394100617666112,3.9,$1-200,61,"['花生', '價格', '辣', '香菜', '口感', '樂華夜市', '外帶', '包裝']"
龍涎居雞膳食坊 永和樂華店,234新北市永和區保平路18巷6號 ,https://www.google.com/maps/place/%E9%BE%8D%E6%B6%8E%E5%B1%85%E9%9B%9E%E8%86%B3%E9%A3%9F%E5%9D%8A+%E6%B0%B8%E5%92%8C%E6%A8%82%E8%8F%AF%E5%BA%97/data=!4m7!3m6!1s0x3442a9c2c6b543e9:0x44ee16ba4d454fcd!8m2!3d25.0077288!4d121.5123889!16s%2Fg%2F11cmsc4z8k!19sChIJ6UO1xsKpQjQRzU9FTboW7kQ?authuser=0&hl=zh-TW&rclk=1,25.0077288,121.509814,0.1026496088686009,3.9,$200-400,400,"['雞湯', '麵線', '雞肉飯', '蛤蜊', '麻油', '柴', '樂華夜市', '剝皮辣椒', '藥膳', '豆乾']"
基隆美華大腸圈 永和總店,234新北市永和區永和路一段157號 ,https://www.google.com/maps/place/%E5%9F%BA%E9%9A%86%E7%BE%8E%E8%8F%AF%E5%A4%A7%E8%85%B8%E5%9C%88+%E6%B0%B8%E5%92%8C%E7%B8%BD%E5%BA%97/data=!4m7!3m6!1s0x3442a9e9d7e712f9:0x1667e837ab2ced93!8m2!3d25.0096373!4d121.5142919!16s%2Fg%2F11g6mc6qnm!19sChIJ-RLn1-mpQjQRk-0sqzfoZxY?authuser=0&hl=zh-TW&rclk=1,25.0096373,121.511717,0.1891411964298947,4.0,$1-200,780,"['小菜', '米粉', '糯米腸', '內臟', '油豆腐', '竹輪', '拼盤', '樂華夜市', '魚漿', '腸衣']"
重慶小麵酸辣粉,234新北市永和區永平路79號1 樓 ,https://www.google.com/maps/place/%E9%87%8D%E6%85%B6%E5%B0%8F%E9%BA%B5%E9%85%B8%E8%BE%A3%E7%B2%89/data=!4m7!3m6!1s0x3442a9669946cef5:0x4f029833b4f89ce!8m2!3d25.0083202!4d121.511762!16s%2Fg%2F11t156gsvj!19sChIJ9c5GmWapQjQRzolPO4Mp8AQ?authuser=0&hl=zh-TW&rclk=1,25.0083202,121.5091871,0.1118212020618669,3.9,$1-200,148,"['碗', '夜市', '涼麵', '配料', '道', '口感', '炒手', '花生', '調味', '辣油']"
肥豬的攤,23444新北市永和區保平路18巷13號 ,https://www.google.com/maps/place/%E8%82%A5%E8%B1%AC%E7%9A%84%E6%94%A4/data=!4m7!3m6!1s0x3442a9bb2f532bf1:0x96b24bfc4d550211!8m2!3d25.007813!4d121.5120626!16s%2Fg%2F11bzzz071m!19sChIJ8StTL7upQjQREQJVTfxLspY?authuser=0&hl=zh-TW&rclk=1,25.007813,121.5094877,0.1139176674970036,4.6,$200-400,1985,"['豆乳', '樂華', '紅糟', '年糕', '店面', '胡椒粉', '水果', '煉乳', '中藥', '黑糖']"
台灣G湯-樂華店,234新北市永和區永和路一段115-1號號 ,https://www.google.com/maps/place/%E5%8F%B0%E7%81%A3G%E6%B9%AF-%E6%A8%82%E8%8F%AF%E5%BA%97/data=!4m7!3m6!1s0x3442a9c2990b5839:0xedb74b27e41de4df!8m2!3d25.008092!4d121.5137972!16s%2Fg%2F11c5_6wq97!19sChIJOVgLmcKpQjQR3-Qd5CdLt-0?authuser=0&hl=zh-TW&rclk=1,25.008092,121.5112223,0.1098403772049832,3.8,$200-400,529,"['雞湯', '麵線', '鳳梨', '煮', '剝皮辣椒', '米血', '麻油雞', '人參', '何首烏', '下都']"
樂華夜市東石蚵仔煎,234新北市永和區永平路159號 ,https://www.google.com/maps/place/%E6%A8%82%E8%8F%AF%E5%A4%9C%E5%B8%82%E6%9D%B1%E7%9F%B3%E8%9A%B5%E4%BB%94%E7%85%8E/data=!4m7!3m6!1s0x3442a95a03273397:0xa7105efe2b73d293!8m2!3d25.008682!4d121.5107791!16s%2Fg%2F11t3_82cgv!19sChIJlzMnA1qpQjQRk9JzK_5eEKc?authuser=0&hl=zh-TW&rclk=1,25.008682,121.5082042,0.2082691214216885,2.2,$1-200,98,"['價格', '炒飯', '臭', '炒青菜', '椅子', '蝦仁', '節目', '炒蛋', '小卷', '瓜子']"
反轉厚奶酥 -永和樂華,234新北市永和區永平路81巷1號 ,https://www.google.com/maps/place/%E5%8F%8D%E8%BD%89%E5%8E%9A%E5%A5%B6%E9%85%A5+-%E6%B0%B8%E5%92%8C%E6%A8%82%E8%8F%AF/data=!4m7!3m6!1s0x3442a9d5b174b4e5:0x438023ae834ecb40!8m2!3d25.0082185!4d121.5119646!16s%2Fg%2F11l1f76ykh!19sChIJ5bR0sdWpQjQRQMtOg64jgEM?authuser=0&hl=zh-TW&rclk=1,25.0082185,121.5093897,0.0959456511613406,4.8,$1-200,67,"['伯爵', '紅茶', '抹茶', '價格', '莓果', 'QQ', '可可', '樂華夜市', '蛋黃', '酥皮']"
燈籠滷味 樂華店,234新北市永和區永平路2-1號 ,https://www.google.com/maps/place/%E7%87%88%E7%B1%A0%E6%BB%B7%E5%91%B3+%E6%A8%82%E8%8F%AF%E5%BA%97/data=!4m7!3m6!1s0x3442a9c2822a8f8f:0xb2faf88f9fcbd685!8m2!3d25.0087975!4d121.5139747!16s%2Fg%2F11dzdc_wh5!19sChIJj48qgsKpQjQRhdbLn4_4-rI?authuser=0&hl=zh-TW&rclk=1,25.0087975,121.5113998,0.1177144072478516,3.3,$1-400,364,"['辣', '滷汁', '王子麵', '湯', '大腸', '高麗菜', '樂華夜市', '酸菜', '衛生', '記憶']"
老鼎豐水餃王,234新北市永和區永平路145號 ,https://www.google.com/maps/place/%E8%80%81%E9%BC%8E%E8%B1%90%E6%B0%B4%E9%A4%83%E7%8E%8B/data=!4m7!3m6!1s0x3442a926e18db087:0x6f644dff376fbd84!8m2!3d25.008418!4d121.511256!16s%2Fg%2F11q4bwqlh6!19sChIJh7CN4SapQjQRhL1vN_9NZG8?authuser=0&hl=zh-TW&rclk=1,25.008418,121.5086811,0.1604670671840392,4.0,$1-200,543,"['白菜', '鮮', '牛雜', '冷麵', '酸菜', '滷味', '樂華夜市', '鳳爪', '海參', '白肉']"
小上海香酥雞（樂華店）,234新北市永和區永平路177號 ,https://www.google.com/maps/place/%E5%B0%8F%E4%B8%8A%E6%B5%B7%E9%A6%99%E9%85%A5%E9%9B%9E%EF%BC%88%E6%A8%82%E8%8F%AF%E5%BA%97%EF%BC%89/data=!4m7!3m6!1s0x3442abef8bcc8bdf:0x18ae8ddc8131c757!8m2!3d25.009017!4d121.5105147!16s%2Fg%2F11g047vkv6!19sChIJ34vMi--rQjQRV8cxgdyNrhg?authuser=0&hl=zh-TW&rclk=1,25.009017,121.5079398,0.2399175109746548,3.5,$1-200,94,"['價格', '包', '外送', '夜市', '鹹酥雞', '涮', '骨', '粉', '梅']"
老薑汕頭麵（樂華店）-原景新店,234新北市永和區保平路18巷3-1號 ,https://www.google.com/maps/place/%E8%80%81%E8%96%91%E6%B1%95%E9%A0%AD%E9%BA%B5%EF%BC%88%E6%A8%82%E8%8F%AF%E5%BA%97%EF%BC%89-%E5%8E%9F%E6%99%AF%E6%96%B0%E5%BA%97/data=!4m7!3m6!1s0x346802762b0a10b5:0xc25750a46ce325e!8m2!3d25.0077337!4d121.5121499!16s%2Fg%2F11c1tcht0f!19sChIJtRAKK3YCaDQRXjLORgp1JQw?authuser=0&hl=zh-TW&rclk=1,25.0077337,121.509575,0.1149203725290988,4.2,$1-200,344,"['小菜', '肉燥', '滷味', '碗', '炒飯', '乾麵', '豆干', '湯麵', '油', '外帶']"
嘉味仙麻油雞腿庫飯,234新北市永和區永平路2號 ,https://www.google.com/maps/place/%E5%98%89%E5%91%B3%E4%BB%99%E9%BA%BB%E6%B2%B9%E9%9B%9E%E8%85%BF%E5%BA%AB%E9%A3%AF/data=!4m7!3m6!1s0x3442a9c2a4ae3b07:0x85cdece7a8977af8!8m2!3d25.0087883!4d121.5138729!16s%2Fg%2F1td_8cd2!19sChIJBzuupMKpQjQR-HqXqOfszYU?authuser=0&hl=zh-TW&rclk=1,25.0087883,121.511298,0.1074782050442396,4.0,$1-200,833,"['麵線', '滷肉飯', '腰子', '筍', '樂華夜市', '雞湯', '滷蛋', '褲', '豬肝湯', '皮蛋']"
樂華青島餃子館,234新北市永和區永平路81巷1號 ,https://www.google.com/maps/place/%E6%A8%82%E8%8F%AF%E9%9D%92%E5%B3%B6%E9%A4%83%E5%AD%90%E9%A4%A8/data=!4m7!3m6!1s0x3442a977d5be1511:0xfb521b2c80633c8!8m2!3d25.0081193!4d121.5119458!16s%2Fg%2F11ts1ls840!19sChIJERW-1XepQjQRyDMGyLIhtQ8?authuser=0&hl=zh-TW&rclk=1,25.0081193,121.5093709,0.1024520279752744,3.2,$1-200,110,"['酸辣湯', '海鮮', '碗', '韭菜', '煮', '顏色', '內餡', '什錦', '墨西哥辣椒', '鮑魚']"
波哥500cc冷熱飲專賣攤,樂華夜市內 ,https://www.google.com/maps/place/%E6%B3%A2%E5%93%A5500cc%E5%86%B7%E7%86%B1%E9%A3%B2%E5%B0%88%E8%B3%A3%E6%94%A4/data=!4m7!3m6!1s0x3442a9c28221f591:0xb9b08a82e9cd70bc!8m2!3d25.0084739!4d121.511234!16s%2Fg%2F11h0fch4n!19sChIJkfUhgsKpQjQRvHDN6YKKsLk?authuser=0&hl=zh-TW&rclk=1,25.0084739,121.5086591,0.1621947491336535,4.1,$1-200,27,"['珍珠', '杯', '價錢', '奶茶', '紅茶', '糖', '杏仁', '傳統']"
無名雞排,234新北市永和區保平路3號 ,https://www.google.com/maps/place/%E7%84%A1%E5%90%8D%E9%9B%9E%E6%8E%92/data=!4m7!3m6!1s0x3442a9c2bb806da1:0x7758afacfd245bdc!8m2!3d25.0076225!4d121.5133428!16s%2Fg%2F11c60jwk14!19sChIJoW2Au8KpQjQR3Fsk_ayvWHc?authuser=0&hl=zh-TW&rclk=1,25.0076225,121.5107679,0.1156974593033426,4.1,$1-200,177,"['甜不辣', '鹹酥雞', '排隊', '胡椒', '玉米', '傳統', '粉', '分公司', '米血', '豆乾']"
小林拉麵,234新北市永和區保福路一段25-1號 ,https://www.google.com/maps/place/%E5%B0%8F%E6%9E%97%E6%8B%89%E9%BA%B5/data=!4m7!3m6!1s0x34680353ea4f184b:0x3cc05d23c1d13538!8m2!3d25.0085247!4d121.5128262!16s%2Fg%2F11h80ltxnb!19sChIJSxhP6lMDaDQRODXRwSNdwDw?authuser=0&hl=zh-TW&rclk=1,25.0085247,121.5102513,0.0041088790962058,4.5,$200-400,441,"['魚介', '溏心蛋', '碗', '菠菜', '夜市', '道', '辣醬', '油脂', '配菜', '禮貌']"
咖哩王子,234新北市永和區永平路153號 ,https://www.google.com/maps/place/%E5%92%96%E5%93%A9%E7%8E%8B%E5%AD%90/data=!4m7!3m6!1s0x3442a9c30ef9fa19:0x2e99107042e48aaa!8m2!3d25.0086103!4d121.5110545!16s%2Fg%2F1tfl7c2_!19sChIJGfr5DsOpQjQRqorkQnAQmS4?authuser=0&hl=zh-TW&rclk=1,25.0086103,121.5084796,0.1801174918083992,4.6,$200-400,6395,"['豬排', '炒飯', '蝦仁', '雞湯', '茶碗蒸', '咖哩牛腩', '蚵', '大麥', '炒青菜', '三色豆']"
樂華夜市東山鴨頭,234新北市永和區永平路9號 ,https://www.google.com/maps/place/%E6%A8%82%E8%8F%AF%E5%A4%9C%E5%B8%82%E6%9D%B1%E5%B1%B1%E9%B4%A8%E9%A0%AD/data=!4m7!3m6!1s0x3442a9c28452d9fd:0x1c19502b337d0e9b!8m2!3d25.0086382!4d121.5137214!16s%2Fg%2F11g_1pkyc!19sChIJ_dlShMKpQjQRmw59MytQGRw?authuser=0&hl=zh-TW&rclk=1,25.0087988,121.5096779,0.0647151509354116,2.4,$1-200,121,"['豬血糕', '豆干', '炸', '價格', '大腸', '甜不辣', '脖子', '酸', '胡椒', '蛋']"
阿國蝦仁羹,234新北市永和區永平路147號 ,https://www.google.com/maps/place/%E9%98%BF%E5%9C%8B%E8%9D%A6%E4%BB%81%E7%BE%B9/data=!4m7!3m6!1s0x3442a9c31f102293:0x2dde680d1fa3c3c9!8m2!3d25.008512!4d121.511081!16s%2Fg%2F1hm488q6p!19sChIJkyIQH8OpQjQRycOjHw1o3i0?authuser=0&hl=zh-TW&rclk=1,25.008512,121.5085061,0.1774374021831763,3.4,$1-200,513,"['土魠魚', '樂華夜市', '醋', '炒米粉', '肉羹', '花枝', '排隊', '勾芡', '魚塊', '環保']"
泗源炸雞,234新北市永和區永平路56號 ,https://www.google.com/maps/place/%E6%B3%97%E6%BA%90%E7%82%B8%E9%9B%9E/data=!4m7!3m6!1s0x3442a9c2ed13e555:0xd4e3c17b53cd6cf4!8m2!3d25.0086067!4d121.5124037!16s%2Fg%2F11c6q5kjsp!19sChIJVeUT7cKpQjQR9GzNU3vB49Q?authuser=0&hl=zh-TW&rclk=1,25.0086067,121.5098288,0.0441411465906288,3.5,$1-200,475,"['腿', '雞翅', '皮', '雞塊', '汁', '雞排', '樂華夜市', '酥脆', '鹹酥雞', '千千']"
維縈家鄉碳烤雞排 樂華店,234新北市永和區永平路10號 ,https://www.google.com/maps/place/%E7%B6%AD%E7%B8%88%E5%AE%B6%E9%84%89%E7%A2%B3%E7%83%A4%E9%9B%9E%E6%8E%92+%E6%A8%82%E8%8F%AF%E5%BA%97/data=!4m7!3m6!1s0x3442a938384b8a5f:0xf4fa578150ea7db1!8m2!3d25.0088063!4d121.5137525!16s%2Fg%2F11g08byt95!19sChIJX4pLODipQjQRsX3qUIFX-vQ?authuser=0&hl=zh-TW&rclk=1,25.0088063,121.5111776,0.0962535635554421,3.9,$1-200,147,"['醃', '汁', '價格', '油', '排隊', '香', '口感', '柴', '炭烤', '樂華夜市']"
開心城地瓜球,234新北市永和區永平路96號對面三角窗 ,https://www.google.com/maps/place/%E9%96%8B%E5%BF%83%E5%9F%8E%E5%9C%B0%E7%93%9C%E7%90%83/data=!4m7!3m6!1s0x3442a966b7016c91:0x52ab7bf0d32bfd5c!8m2!3d25.0085658!4d121.5117428!16s%2Fg%2F11sx3wt0d1!19sChIJkWwBt2apQjQRXP0r0_B7q1I?authuser=0&hl=zh-TW&rclk=1,25.0084955,121.509468,0.0805792389281706,4.1,$1-200,35,"['顏色', '名', '冷', '包', '口感', '粉', '手機', '創意', '心情', '餐']"
雲南婆婆滇緬小吃,234新北市永和區大新街12號 ,https://www.google.com/maps/place/%E9%9B%B2%E5%8D%97%E5%A9%86%E5%A9%86%E6%BB%87%E7%B7%AC%E5%B0%8F%E5%90%83/data=!4m7!3m6!1s0x3442a9e8310a942d:0x7f8ace6c46be6628!8m2!3d25.0084508!4d121.5150423!16s%2Fg%2F1jglt01z6!19sChIJLZQKMeipQjQRKGa-RmzOin8?authuser=0&hl=zh-TW&rclk=1,25.0084508,121.5124674,0.2228387266917871,4.1,$1-200,2165,"['烏塔帕姆', '粑粑', '煉乳', '炸豆腐', '裝潢', '薄片', '涼麵', '哨子', '摩摩喳喳', '西米露']"
翁記蔥抓餅(樂華夜市),234新北市永和區永平路194號 ,https://www.google.com/maps/place/%E7%BF%81%E8%A8%98%E8%94%A5%E6%8A%93%E9%A4%85%28%E6%A8%82%E8%8F%AF%E5%A4%9C%E5%B8%82%29/data=!4m7!3m6!1s0x3442a9c3749bfe4d:0xb14d8bd5325fdd46!8m2!3d25.0094976!4d121.5102983!16s%2Fg%2F11f_j3sgdp!19sChIJTf6bdMOpQjQRRt1fMtWLTbE?authuser=0&hl=zh-TW&rclk=1,25.0094976,121.5077234,0.2765954928133772,3.1,$,35,"['蛋', '起司', '鼻涕', '九層塔', '地瓜', '套餐', '選擇']"
御品香營養三明治-樂華總店,234新北市永和區永平路160號 ,https://www.google.com/maps/place/%E5%BE%A1%E5%93%81%E9%A6%99%E7%87%9F%E9%A4%8A%E4%B8%89%E6%98%8E%E6%B2%BB-%E6%A8%82%E8%8F%AF%E7%B8%BD%E5%BA%97/data=!4m7!3m6!1s0x3442a9c31ea5c35b:0xea9a24c1a95db98!8m2!3d25.0087727!4d121.5111088!16s%2Fg%2F11g9q167rb!19sChIJW8OlHsOpQjQRmNuVGkyiqQ4?authuser=0&hl=zh-TW&rclk=1,25.0087727,121.5085339,0.1761307079160973,4.4,$1-200,126,"['炸', '美乃滋', '口感', '口味', '龍蝦', '樂華夜市', '招牌', '火腿', '燻', '酥脆']"
Frozenheart凍心炸冰淇淋樂華店,234新北市永和區永平路142號 ,https://www.google.com/maps/place/Frozenheart%E5%87%8D%E5%BF%83%E7%82%B8%E5%86%B0%E6%B7%87%E6%B7%8B%E6%A8%82%E8%8F%AF%E5%BA%97/data=!4m7!3m6!1s0x3442a9d58f0e36c7:0x9583c2cbaa4e8f33!8m2!3d25.008384!4d121.5114959!16s%2Fg%2F11t7hcx_zc!19sChIJxzYOj9WpQjQRM49OqsvCg5U?authuser=0&hl=zh-TW&rclk=1,25.008384,121.508921,0.1368746115276035,5.0,,1362,"['可愛', '店員', '袋', '親切', '吃', '口味', '榴槤', '香草', '內餡', '藍莓']"
豪吃轟炸大魷魚,234新北市永和區永平路11號 ,https://www.google.com/maps/place/%E8%B1%AA%E5%90%83%E8%BD%9F%E7%82%B8%E5%A4%A7%E9%AD%B7%E9%AD%9A/data=!4m7!3m6!1s0x3442a94d8a28a619:0xe31933c8e1f81a80!8m2!3d25.0087065!4d121.5134844!16s%2Fg%2F11j_7lps42!19sChIJGaYoik2pQjQRgBr44cgzGeM?authuser=0&hl=zh-TW&rclk=1,25.0087065,121.5109095,0.0672320223794716,4.7,$1-200,35,"['辣', '炸魷魚', '洋蔥', '親切', '調味', '樂華夜市', '椒鹽', '招牌', '炒', '香']"
大發烤肉（樂華店）,23444新北市永和區永平路79號 ,https://www.google.com/maps/place/%E5%A4%A7%E7%99%BC%E7%83%A4%E8%82%89%EF%BC%88%E6%A8%82%E8%8F%AF%E5%BA%97%EF%BC%89/data=!4m7!3m6!1s0x3442a9975766cec7:0xc4bcbcece8e9446c!8m2!3d25.0082594!4d121.5119526!16s%2Fg%2F11lgp7jdht!19sChIJx85mV5epQjQRbETp6Oy8vMQ?authuser=0&hl=zh-TW&rclk=1,25.0082594,121.5093777,0.0953843286434362,4.0,$200-400,164,"['價格', '辣', '串', '雞', '冰箱', '香菇', '食材', '肉捲', '豆乾', '夜市']"
德鑫廣東粥,234新北市永和區保平路18巷11號 ,https://www.google.com/maps/place/%E5%BE%B7%E9%91%AB%E5%BB%A3%E6%9D%B1%E7%B2%A5/data=!4m7!3m6!1s0x3442a9c2c3389fcb:0x3f659645577dbd1!8m2!3d25.0078109!4d121.51206!16s%2Fg%2F11cnb0qhlg!19sChIJy584w8KpQjQR0dt3VWRZ9gM?authuser=0&hl=zh-TW&rclk=1,25.0078109,121.5094851,0.1142670184320179,3.7,$1-200,246,"['意麵', '碗', '豬肝', '蛤蜊', '貓', '皮蛋瘦肉粥', '蔥', '什錦', '魚片', '煮']"
冰的熱的,234新北市永和區大新街53號 ,https://www.google.com/maps/place/%E5%86%B0%E7%9A%84%E7%86%B1%E7%9A%84/data=!4m7!3m6!1s0x3442a9e84b386145:0x33c34685001e06ad!8m2!3d25.008553!4d121.5158887!16s%2Fg%2F11f_4rxqdv!19sChIJRWE4S-ipQjQRrQYeAIVGwzM?authuser=0&hl=zh-TW&rclk=1,25.008553,121.5133138,0.3079481413421302,4.6,$1-200,594,"['杏仁豆腐', '豆花', '雪花', '芋圓', '粉粿', '杏仁奶', '燒仙草', '鹽滷', '雪耳', '湯圓']"
無名香雞排,234新北市永和區保福路一段4號 ,https://www.google.com/maps/place/%E7%84%A1%E5%90%8D%E9%A6%99%E9%9B%9E%E6%8E%92/data=!4m7!3m6!1s0x3442a9c2bc841f2f:0xcb278c6b62609e26!8m2!3d25.0076177!4d121.5133435!16s%2Fg%2F1pzq0086z!19sChIJLx-EvMKpQjQRJp5gYmuMJ8s?authuser=0&hl=zh-TW&rclk=1,25.0076177,121.5107686,0.1162060694068873,3.8,$1-200,74,"['炸', '鹽酥雞', '胡椒', '口感', '價格', '甜不辣', '豆干', '醃', '夜市', '花枝丸']"
樂華熱炒100,234新北市永和區永平路161號 ,https://www.google.com/maps/place/%E6%A8%82%E8%8F%AF%E7%86%B1%E7%82%92100/data=!4m7!3m6!1s0x3442a9666d9d66ef:0x487f4805c4d45b7c!8m2!3d25.0086936!4d121.5108555!16s%2Fg%2F11s4_b8lv9!19sChIJ72adbWapQjQRfFvUxAVIf0g?authuser=0&hl=zh-TW&rclk=1,25.0086936,121.5082806,0.2006644178370163,3.8,$1-200,33,"['炒飯', '青菜', '價格', '炒麵', '鍋', '客家小炒', '氣味', '調味', '油', '辣']"
海盜船義式料理坊,234新北市永和區永和路一段65巷5之1號 ,https://www.google.com/maps/place/%E6%B5%B7%E7%9B%9C%E8%88%B9%E7%BE%A9%E5%BC%8F%E6%96%99%E7%90%86%E5%9D%8A/data=!4m7!3m6!1s0x3442a9dd6af292e7:0x3127073b0f4748e0!8m2!3d25.007303!4d121.512577!16s%2Fg%2F1tdqr71z!19sChIJ55Lyat2pQjQR4EhHDzsHJzE?authuser=0&hl=zh-TW&rclk=1,25.007303,121.5100021,0.1417340410148936,4.3,$200-400,2216,"['牛排', '雞腿', '玉米濃湯', '羅宋湯', '干貝', '雞排', '白酒', '湯超', '湯和', '烤餅']"
阿文悶烤燒炭烤玉米,234新北市永和區永平路183-185號 ,https://www.google.com/maps/place/%E9%98%BF%E6%96%87%E6%82%B6%E7%83%A4%E7%87%92%E7%82%AD%E7%83%A4%E7%8E%89%E7%B1%B3/data=!4m7!3m6!1s0x3442a9c30c6db063:0xe322cc0f0205c91f!8m2!3d25.009366!4d121.510156!16s%2Fg%2F1v6wm0bh!19sChIJY7BtDMOpQjQRH8kFAg_MIuM?authuser=0&hl=zh-TW&rclk=1,25.009366,121.5075811,0.285063900473699,3.9,$1-200,73,"['價格', '醬', '外送', '口感', '樂華夜市', '水煮', '種', '根', '口味']"
魷魚船現炸魷魚,新北市永和區 ,https://www.google.com/maps/place/%E9%AD%B7%E9%AD%9A%E8%88%B9%E7%8F%BE%E7%82%B8%E9%AD%B7%E9%AD%9A/data=!4m7!3m6!1s0x3442a9c2e104f707:0x76736768f81ba942!8m2!3d25.0082245!4d121.511647!16s%2Fg%2F12hkdq9bw!19sChIJB_cE4cKpQjQRQqkb-Ghnc3Y?authuser=0&hl=zh-TW&rclk=1,25.0082245,121.5090721,0.1258431528758916,3.0,$1-200,93,"['檸檬', '椒鹽', '夜市', '辣', '價格', '調味', '粉', '酸', '海苔', '表演']"
永和樂華夜市大漢草原新疆羊肉串,234新北市永和區永平路175號 ,https://www.google.com/maps/place/%E6%B0%B8%E5%92%8C%E6%A8%82%E8%8F%AF%E5%A4%9C%E5%B8%82%E5%A4%A7%E6%BC%A2%E8%8D%89%E5%8E%9F%E6%96%B0%E7%96%86%E7%BE%8A%E8%82%89%E4%B8%B2/data=!4m7!3m6!1s0x3442a9d1a096c399:0xd156590315cef23f!8m2!3d25.0090974!4d121.5103691!16s%2Fg%2F11g2wp5n8x!19sChIJmcOWoNGpQjQRP_LOFQNZVtE?authuser=0&hl=zh-TW&rclk=1,25.0090974,121.5077942,0.2562238450907038,4.0,$1-200,67,"['價格', '烤', '香料', '孜然', '調味', '外送', '豬']"
樂華小吃,234新北市永和區永平路37號 ,https://www.google.com/maps/place/%E6%A8%82%E8%8F%AF%E5%B0%8F%E5%90%83/data=!4m7!3m6!1s0x3442a9e5cf885c9f:0x3c22beda8b0d1a7e!8m2!3d25.0086346!4d121.5130134!16s%2Fg%2F11ssxgggc0!19sChIJn1yIz-WpQjQRfhoNi9q-Ijw?authuser=0&hl=zh-TW&rclk=1,25.0085458,121.5096919,0.0576807596389229,4.0,$1-200,38,"['意麵', '肉羹', '豆芽菜', '中午', '小吃攤', '大腸', '肝', '柴魚', '夜市', '丸子']"
樂華天下紅茶店,234新北市永和區永平路171號 ,https://www.google.com/maps/place/%E6%A8%82%E8%8F%AF%E5%A4%A9%E4%B8%8B%E7%B4%85%E8%8C%B6%E5%BA%97/data=!4m7!3m6!1s0x3442a9c310edc433:0x798d3df12c8677c7!8m2!3d25.0088918!4d121.5105646!16s%2Fg%2F1tfd4nt3!19sChIJM8TtEMOpQjQRx3eGLPE9jXk?authuser=0&hl=zh-TW&rclk=1,25.0088918,121.5079897,0.2324049132891202,3.4,$1-200,697,"['蜂蜜', '排隊', '樂華夜市', '鐵觀音', '柳橙', '假日', '日月潭紅茶', '蜜香紅茶', '炭', '無醣']"
IKKI 深夜食堂-永和店,234新北市永和區中山路一段135號 ,https://www.google.com/maps/place/IKKI+%E6%B7%B1%E5%A4%9C%E9%A3%9F%E5%A0%82-%E6%B0%B8%E5%92%8C%E5%BA%97/data=!4m7!3m6!1s0x3442a9c30866e067:0xbbdf5ebd62aaddc0!8m2!3d25.0096909!4d121.5105363!16s%2Fg%2F11fxzm978d!19sChIJZ-BmCMOpQjQRwN2qYr1e37s?authuser=0&hl=zh-TW&rclk=1,25.0096909,121.5079614,0.2639498885336055,4.8,$400-600,1936,"['明太子', '麻糬', '炸雞', '炒烏龍', '白醬', '聚會', '生魚片', '櫻花蝦', '山藥', '三重奏']"
樂華三鮮羹二店,234新北市永和區保平路18巷10號 ,https://www.google.com/maps/place/%E6%A8%82%E8%8F%AF%E4%B8%89%E9%AE%AE%E7%BE%B9%E4%BA%8C%E5%BA%97/data=!4m7!3m6!1s0x3442a91e76595ff9:0xa9fcbb20efb2b7bc!8m2!3d25.007934!4d121.5122468!16s%2Fg%2F11tf2qzb91!19sChIJ-V9Zdh6pQjQRvLey7yC7_Kk?authuser=0&hl=zh-TW&rclk=1,25.0081751,121.5092444,0.1113281441801394,4.3,$1-200,669,"['土魠魚', '米糕', '排隊', '炸', '魷魚', '夜市', '蝦仁羹', '醋', '勾芡', '肉鬆']"
烤麵筋、山藥餅 樂華夜市店 8品美食,234新北市永和區永平路181號 ,https://www.google.com/maps/place/%E7%83%A4%E9%BA%B5%E7%AD%8B%E3%80%81%E5%B1%B1%E8%97%A5%E9%A4%85+%E6%A8%82%E8%8F%AF%E5%A4%9C%E5%B8%82%E5%BA%97+8%E5%93%81%E7%BE%8E%E9%A3%9F/data=!4m7!3m6!1s0x3442a929c0b3d3e7:0x41238dd72fa5b5a6!8m2!3d25.0092694!4d121.5101503!16s%2Fg%2F11v3gm9fgq!19sChIJ59OzwCmpQjQRprWlL9eNI0E?authuser=0&hl=zh-TW&rclk=1,25.0086364,121.5094747,0.0800298953503749,4.5,$1-200,22,['調味']
甲林鐵板燒,234台灣永和區保平路50巷8弄16號 ,https://www.google.com/maps/place/%E7%94%B2%E6%9E%97%E9%90%B5%E6%9D%BF%E7%87%92/data=!4m7!3m6!1s0x3442a9c2deb23c99:0x689d21ea10590909!8m2!3d25.0078475!4d121.5116386!16s%2Fg%2F1pzw2tp98!19sChIJmTyy3sKpQjQRCQlZEOohnWg?authuser=0&hl=zh-TW&rclk=1,25.0078475,121.5090637,0.1445374761485111,4.3,$200-400,505,"['貓', '豆芽菜', '吃到飽', '飯湯', '佛', '夜市', '冬瓜茶', '菜脯', '雞丁', '菜飯']"
冰庫 杏仁 雪花冰,234新北市永和區永平路149號號 ,https://www.google.com/maps/place/%E5%86%B0%E5%BA%AB+%E6%9D%8F%E4%BB%81+%E9%9B%AA%E8%8A%B1%E5%86%B0/data=!4m7!3m6!1s0x3442a9c31f21e933:0xa606b06b678074a4!8m2!3d25.0085529!4d121.511035!16s%2Fg%2F11c2j1llkc!19sChIJM-khH8OpQjQRpHSAZ2uwBqY?authuser=0&hl=zh-TW&rclk=1,25.0086877,121.5098167,0.0472225193434699,3.7,$1-200,200,"['杏仁茶', '碗', '杏仁豆腐', '牛奶', '黑糖', '湯圓', '香檳', '葡萄', '油條', '煉乳']"
辛綠豆冰沙牛奶,234新北市永和區永平路183號 ,https://www.google.com/maps/place/%E8%BE%9B%E7%B6%A0%E8%B1%86%E5%86%B0%E6%B2%99%E7%89%9B%E5%A5%B6/data=!4m7!3m6!1s0x3442a944cd83d857:0xe4f0c6bcc243a64c!8m2!3d25.0093272!4d121.5101082!16s%2Fg%2F11f6dsyb_1!19sChIJV9iDzUSpQjQRTKZDwrzG8OQ?authuser=0&hl=zh-TW&rclk=1,25.0093272,121.5075333,0.2883547891873742,4.7,$1-200,157,"['杯', '綠豆沙', '料', '甜', '樂華夜市', '芋頭', '木瓜牛奶', '香瓜', '鳳梨', '傑科支付']"
Don'ts Don'ts Pasta 懂吃懂吃.義式小廚,234新北市永和區永平路180巷6號 ,https://www.google.com/maps/place/Don%27ts+Don%27ts+Pasta+%E6%87%82%E5%90%83%E6%87%82%E5%90%83.%E7%BE%A9%E5%BC%8F%E5%B0%8F%E5%BB%9A/data=!4m7!3m6!1s0x3442a9c41b8cf25d:0x2af04f248bd49f77!8m2!3d25.0092526!4d121.510769!16s%2Fg%2F11h6xm5b9m!19sChIJXfKMG8SpQjQRd5_UiyRP8Co?authuser=0&hl=zh-TW&rclk=1,25.0092526,121.5081941,0.2224890531623771,4.3,$200-400,1215,"['套餐', '明太子', '綠茶', '商業', '透抽', '玉米粒', '干貝', '叻沙', '點卡', '軟法']"
101養身鮮菜潤餅捲 素食,234新北市永和區永平路186號 ,https://www.google.com/maps/place/101%E9%A4%8A%E8%BA%AB%E9%AE%AE%E8%8F%9C%E6%BD%A4%E9%A4%85%E6%8D%B2+%E7%B4%A0%E9%A3%9F/data=!4m7!3m6!1s0x3442a9c30e7f280b:0x22eee5381d5374ab!8m2!3d25.0093452!4d121.5104193!16s%2Fg%2F11f06m5ckn!19sChIJCyh_DsOpQjQRq3RTHTjl7iI?authuser=0&hl=zh-TW&rclk=1,25.0093452,121.5078444,0.2591734005395791,4.3,$1-200,56,"['香腸', '海苔', '生菜', '樂華夜市', '花生粉', '糖', '價格', '紅麴', '健康', '卷餅']"
阿里小廚美式牛排餐廳,234新北市永和區永和路一段117號 ,https://www.google.com/maps/place/%E9%98%BF%E9%87%8C%E5%B0%8F%E5%BB%9A%E7%BE%8E%E5%BC%8F%E7%89%9B%E6%8E%92%E9%A4%90%E5%BB%B3/data=!4m7!3m6!1s0x3442a9c29ba16ab5:0x1e30885718f7bfe2!8m2!3d25.0081625!4d121.5138048!16s%2Fg%2F11cs1rc7bz!19sChIJtWqhm8KpQjQR4r_3GFeIMB4?authuser=0&hl=zh-TW&rclk=1,25.0081625,121.5112299,0.1070746444190598,4.3,$400-600,2745,"['燉飯', '羅宋湯', '牛肉湯', '酥皮', '板腱', '南瓜湯', '雞腿', '牛肝菌', '湯和', '玉米筍']"
牛力士現涮牛肉湯,23444新北市永和區保平路18巷4號 ,https://www.google.com/maps/place/%E7%89%9B%E5%8A%9B%E5%A3%AB%E7%8F%BE%E6%B6%AE%E7%89%9B%E8%82%89%E6%B9%AF/data=!4m7!3m6!1s0x3442a9676e4a3283:0x60619e401462e516!8m2!3d25.0077172!4d121.5125164!16s%2Fg%2F11hl7mz6h3!19sChIJgzJKbmepQjQRFuViFECeYWA?authuser=0&hl=zh-TW&rclk=1,25.0077172,121.5099415,0.0988635658306695,4.1,$1-200,270,"['滷', '甜', '鮮', '青菜', '牛雜', '拌麵', '牛肚', '樂華夜市', '牛舌', '拌飯']"
和陞屋牛排,234新北市永和區保平路27號 ,https://www.google.com/maps/place/%E5%92%8C%E9%99%9E%E5%B1%8B%E7%89%9B%E6%8E%92/data=!4m7!3m6!1s0x3442a9c2c8a179e9:0x172e122cc30f20b7!8m2!3d25.0073865!4d121.5123413!16s%2Fg%2F1tdbtg4h!19sChIJ6XmhyMKpQjQRtyAPwywSLhc?authuser=0&hl=zh-TW&rclk=1,25.0073865,121.5097664,0.1393470433326215,4.2,$200-400,2027,"['紅茶', '玉米', '夜市', '大塊', '鐵板麵', '雙拼', '雞排', '肉醬', '生意', '餐包']"
真味肉圓&匠一小吃店【樂華保平店】,23444新北市永和區保平路15號 ,https://www.google.com/maps/place/%E7%9C%9F%E5%91%B3%E8%82%89%E5%9C%93%26%E5%8C%A0%E4%B8%80%E5%B0%8F%E5%90%83%E5%BA%97%E3%80%90%E6%A8%82%E8%8F%AF%E4%BF%9D%E5%B9%B3%E5%BA%97%E3%80%91/data=!4m7!3m6!1s0x346802a113900069:0x7274c49be014a5c3!8m2!3d25.007485!4d121.5127126!16s%2Fg%2F11f2y8n6xl!19sChIJaQCQE6ECaDQRw6UU4JvEdHI?authuser=0&hl=zh-TW&rclk=1,25.007485,121.5101377,0.1197739118282384,4.4,$1-200,241,"['四神湯', '豬', '肉粽', '腸', '蒸', '冬粉', '皮', '薏仁', '肚', '夜市']"
Bon Bon熊掌燒,234新北市永和區永平路180巷 ,https://www.google.com/maps/place/Bon+Bon%E7%86%8A%E6%8E%8C%E7%87%92/data=!4m7!3m6!1s0x3442a9c30fd28ced:0x6cc243046fcbd50e!8m2!3d25.0091197!4d121.5106277!16s%2Fg%2F11gbwtrhnj!19sChIJ7YzSD8OpQjQRDtXLbwRDwmw?authuser=0&hl=zh-TW&rclk=1,25.0091197,121.5080528,0.2315622499759459,4.4,$1-200,50,"['珍珠奶茶', '蛋糕', '內餡', '樂華', '紅豆', '卡士達', '焦糖', '芋頭', '烤', '夫妻']"
蕭阿姨小吃店 手工饅頭,234新北市永和區保平路50巷8弄1號 ,https://www.google.com/maps/place/%E8%95%AD%E9%98%BF%E5%A7%A8%E5%B0%8F%E5%90%83%E5%BA%97+%E6%89%8B%E5%B7%A5%E9%A5%85%E9%A0%AD/data=!4m7!3m6!1s0x3442a9c32915174f:0xe843789624ee5e0c!8m2!3d25.007633!4d121.511108!16s%2Fg%2F11g6vjx7hw!19sChIJTxcVKcOpQjQRDF7uJJZ4Q-g?authuser=0&hl=zh-TW&rclk=1,25.007633,121.5085331,0.2025968712402903,4.5,$1-200,167,"['包子', '湯', '健康', '口感', '五穀', '滷', '碗', '豬腳', '蛋黃', '油']"
泰夯 (泰式熱炒),234新北市永和區永和路一段65巷1號 ,https://www.google.com/maps/place/%E6%B3%B0%E5%A4%AF+%28%E6%B3%B0%E5%BC%8F%E7%86%B1%E7%82%92%29/data=!4m7!3m6!1s0x3442a9dd4963c4ed:0x85a86648c986e599!8m2!3d25.0069996!4d121.5128026!16s%2Fg%2F11bvt1kl9v!19sChIJ7cRjSd2pQjQRmeWGyUhmqIU?authuser=0&hl=zh-TW&rclk=1,25.0069996,121.5102277,0.1729092755098691,3.9,$200-400,560,"['外送', '蝦醬', '月亮蝦餅', '空心菜', '鹹', '炒飯', '酸', '炸', '打拋', '熱情']"
官小二酸菜魚 永和樂華店,234新北市永和區中山路一段133號1樓 ,https://www.google.com/maps/place/%E5%AE%98%E5%B0%8F%E4%BA%8C%E9%85%B8%E8%8F%9C%E9%AD%9A+%E6%B0%B8%E5%92%8C%E6%A8%82%E8%8F%AF%E5%BA%97/data=!4m7!3m6!1s0x3442a9f8e52d8f67:0xe72f9b22838deccf!8m2!3d25.0098646!4d121.5105989!16s%2Fg%2F11k9q79y0q!19sChIJZ48t5fipQjQRz-yNgyKbL-c?authuser=0&hl=zh-TW&rclk=1,25.0098646,121.508024,0.2682597544360645,4.6,$200-400,1716,"['椒', '炸冰淇淋', '魚片', '魚皮', '巴沙魚', '牛蛙', '金針菇', '糍粑', '臘肉', '樂華夜市']"
嘉義阿松臭豆腐,234新北市永和區保平路18巷17號 ,https://www.google.com/maps/place/%E5%98%89%E7%BE%A9%E9%98%BF%E6%9D%BE%E8%87%AD%E8%B1%86%E8%85%90/data=!4m7!3m6!1s0x3442a9eb1cde6733:0x4ce101102e05f0e0!8m2!3d25.0079136!4d121.5120042!16s%2Fg%2F11l1yfds8l!19sChIJM2feHOupQjQR4PAFLhAB4Uw?authuser=0&hl=zh-TW&rclk=1,25.0084128,121.5088843,0.1401349051282043,3.4,,30,"['泡菜', '炸', '羹', '酥脆', '湯', '口感', '甜', '蒜味', '現在', '滿足']"
金乃家台灣炸牛排專賣店樂華店,234新北市永和區永平路5號 ,https://www.google.com/maps/place/%E9%87%91%E4%B9%83%E5%AE%B6%E5%8F%B0%E7%81%A3%E7%82%B8%E7%89%9B%E6%8E%92%E5%B0%88%E8%B3%A3%E5%BA%97%E6%A8%82%E8%8F%AF%E5%BA%97/data=!4m7!3m6!1s0x3442a937825ee697:0x57ff85005ef9de17!8m2!3d25.0085796!4d121.5138623!16s%2Fg%2F11y4dpppfh!19sChIJl-ZegjepQjQRF975XgCF_1c?authuser=0&hl=zh-TW&rclk=1,25.0085796,121.5112874,0.103418334067115,4.7,,6,[]
光頭炸雞（樂華店）,234新北市永和區永平路81巷6號 ,https://www.google.com/maps/place/%E5%85%89%E9%A0%AD%E7%82%B8%E9%9B%9E%EF%BC%88%E6%A8%82%E8%8F%AF%E5%BA%97%EF%BC%89/data=!4m7!3m6!1s0x3442a9000cbd5f65:0xb36eb93c7f99270a!8m2!3d25.0081309!4d121.5117666!16s%2Fg%2F11ybpl_1n_!19sChIJZV-9DACpQjQRCieZfzy5brM?authuser=0&hl=zh-TW&rclk=1,25.0080479,121.5092454,0.117362274664469,4.9,,16,"['雞柳', '鹹酥雞', '雞排']"
小野牛,234新北市永和區永平路81巷10號 ,https://www.google.com/maps/place/%E5%B0%8F%E9%87%8E%E7%89%9B/data=!4m7!3m6!1s0x3442a9c2ddc0aebb:0xdcda5b70d609fd2e!8m2!3d25.0080886!4d121.5117703!16s%2Fg%2F11b7ttgh_9!19sChIJu67A3cKpQjQRLv0J1nBb2tw?authuser=0&hl=zh-TW&rclk=1,25.0080886,121.5091954,0.1197705677343901,3.4,$1-200,470,"['夜市', '麵', '紅茶', '玉米濃湯', '勾芡', '雞腿', '雞排', '黑胡椒醬', '雙拼', '燒焦']"
剪刀式雞蛋糕,234新北市永和區永平路159號 ,https://www.google.com/maps/place/%E5%89%AA%E5%88%80%E5%BC%8F%E9%9B%9E%E8%9B%8B%E7%B3%95/data=!4m7!3m6!1s0x3442a9c310550001:0x98909ba78d56aa59!8m2!3d25.008682!4d121.5107791!16s%2Fg%2F1tgfmtwl!19sChIJAQBVEMOpQjQRWapWjaebkJg?authuser=0&hl=zh-TW&rclk=1,25.008682,121.5082042,0.2082691214216885,3.5,$1-200,200,"['口感', '烤', '價格', '小朋友', '樂華夜市', '冷', '包', '內餡', '偷工減料', '空洞']"
潤品客家食堂 客家鹹湯圓 板條 米苔目,234新北市永和區永平路200號 ,https://www.google.com/maps/place/%E6%BD%A4%E5%93%81%E5%AE%A2%E5%AE%B6%E9%A3%9F%E5%A0%82+%E5%AE%A2%E5%AE%B6%E9%B9%B9%E6%B9%AF%E5%9C%93+%E6%9D%BF%E6%A2%9D+%E7%B1%B3%E8%8B%94%E7%9B%AE/data=!4m7!3m6!1s0x3442a9c37523d0e5:0xc439d3f3a9409242!8m2!3d25.009993!4d121.5099491!16s%2Fg%2F1vv2pyl3!19sChIJ5dAjdcOpQjQRQpJAqfPTOcQ?authuser=0&hl=zh-TW&rclk=1,25.009993,121.5073742,0.3320070364160787,4.1,$1-200,609,"['滷肉飯', '小菜', '梅乾', '梅干', '油豆腐', '客家菜', '黑白切', '樂華夜市', '餛飩', '辣椒醬']"
北古糖葫蘆-樂華店,234新北市永和區永平路錢櫃旁 ,https://www.google.com/maps/place/%E5%8C%97%E5%8F%A4%E7%B3%96%E8%91%AB%E8%98%86-%E6%A8%82%E8%8F%AF%E5%BA%97/data=!4m7!3m6!1s0x3442a9004346ba63:0xf149b625e3f6ac35!8m2!3d25.0085659!4d121.5138969!16s%2Fg%2F11y2hrgbdf!19sChIJY7pGQwCpQjQRNaz24yW2SfE?authuser=0&hl=zh-TW&rclk=1,25.0085553,121.5101801,0.0083958409194176,3.5,$1-200,19,"['草莓', '凝固', '點', '衛生']"
鴻爐發蜜汁燒烤,234新北市永和區永平路 ,https://www.google.com/maps/place/%E9%B4%BB%E7%88%90%E7%99%BC%E8%9C%9C%E6%B1%81%E7%87%92%E7%83%A4/data=!4m7!3m6!1s0x3442a9c39f92000d:0xd4cf9b2df62ba1ab!8m2!3d25.0084684!4d121.5115048!16s%2Fg%2F11b638_xjz!19sChIJDQCSn8OpQjQRq6Er9i2bz9Q?authuser=0&hl=zh-TW&rclk=1,25.0084684,121.5089299,0.1349610318338769,3.4,$1-200,166,"['豆干', '雞翅', '米血', '雞屁股', '腿', '甜不辣', '樂華夜市', '米腸', '胡椒', '玉米筍']"
我愛法式可麗餅 可麗餅 半月燒,234新北市永和區永平路79號 ,https://www.google.com/maps/place/%E6%88%91%E6%84%9B%E6%B3%95%E5%BC%8F%E5%8F%AF%E9%BA%97%E9%A4%85+%E5%8F%AF%E9%BA%97%E9%A4%85+%E5%8D%8A%E6%9C%88%E7%87%92/data=!4m7!3m6!1s0x3442a9c2dcd32331:0x6abe0624f953367b!8m2!3d25.0083639!4d121.5117225!16s%2Fg%2F11csq7f4lc!19sChIJMSPT3MKpQjQRezZT-SQGvmo?authuser=0&hl=zh-TW&rclk=1,25.0083639,121.5091476,0.1146824720870054,4.5,$1-200,519,"['鮮奶油', '餐', '甜', '水蜜桃', '生菜', '酥', '巧克力醬', '樂華夜市', '抹醬', '花生']"
味香香生烤玉米,234新北市永和區永平路173巷8號 ,https://www.google.com/maps/place/%E5%91%B3%E9%A6%99%E9%A6%99%E7%94%9F%E7%83%A4%E7%8E%89%E7%B1%B3/data=!4m7!3m6!1s0x3442a9c310673553:0xea9950717664d4df!8m2!3d25.0087934!4d121.5101998!16s%2Fg%2F11fxw2f2w4!19sChIJUzVnEMOpQjQR39RkdnFQmeo?authuser=0&hl=zh-TW&rclk=1,25.0087934,121.5076249,0.2675577728466941,2.2,$1-200,93,"['醬料', '價格', '苦', '牙', '夜市', '口感', '大支', '小隻的', '中藥', '擺']"
樂華 素食 攤子,234新北市永和區永平路9號號 前 ,https://www.google.com/maps/place/%E6%A8%82%E8%8F%AF+%E7%B4%A0%E9%A3%9F+%E6%94%A4%E5%AD%90/data=!4m7!3m6!1s0x3442a9c285be7101:0x3796540e329d48d8!8m2!3d25.0086382!4d121.5137214!16s%2Fg%2F11f03_l1b1!19sChIJAXG-hcKpQjQR2EidMg5Uljc?authuser=0&hl=zh-TW&rclk=1,25.0087617,121.5107352,0.0526235134417885,4.6,$1-200,19,"['冬粉', '炒麵', '辣', '早餐']"
樂華夜市-拉絲小子（拔絲地瓜）,234新北市永和區永平路142號 ,https://www.google.com/maps/place/%E6%A8%82%E8%8F%AF%E5%A4%9C%E5%B8%82-%E6%8B%89%E7%B5%B2%E5%B0%8F%E5%AD%90%EF%BC%88%E6%8B%94%E7%B5%B2%E5%9C%B0%E7%93%9C%EF%BC%89/data=!4m7!3m6!1s0x3442a9900c8ed5f1:0xe4b31508adda3b9c!8m2!3d25.0084719!4d121.511561!16s%2Fg%2F11l79b4mx1!19sChIJ8dWODJCpQjQRnDvarQgVs-Q?authuser=0&hl=zh-TW&rclk=1,25.0084719,121.5089861,0.1292749462159541,4.5,,83,"['薯條', '芋頭', '酥脆', '香', '口', '冷', '愛好者', '鹹', '比例', '蒸']"
炸G行家 永和保平店,234新北市永和區保平路2-1號 ,https://www.google.com/maps/place/%E7%82%B8G%E8%A1%8C%E5%AE%B6+%E6%B0%B8%E5%92%8C%E4%BF%9D%E5%B9%B3%E5%BA%97/data=!4m7!3m6!1s0x3442a9737c59dbab:0xcdc8f5210e4b4686!8m2!3d25.007729!4d121.513162!16s%2Fg%2F11m__1x0hb!19sChIJq9tZfHOpQjQRhkZLDiH1yM0?authuser=0&hl=zh-TW&rclk=1,25.007729,121.5105871,0.0977106900833831,4.3,$1-200,191,"['雞腿', 'cp值', '汁', '地瓜', '炸雞', '雞柳', '外送', '速食', '點心', '買一送一']"
牛下來 牛滷飯專賣店,234新北市永和區保平路5號 ,https://www.google.com/maps/place/%E7%89%9B%E4%B8%8B%E4%BE%86+%E7%89%9B%E6%BB%B7%E9%A3%AF%E5%B0%88%E8%B3%A3%E5%BA%97/data=!4m7!3m6!1s0x3442a90f619d7673:0xaeae9fc446bda3ad!8m2!3d25.0075241!4d121.5131141!16s%2Fg%2F11jg2lq1j8!19sChIJc3adYQ-pQjQRraO9RsSfrq4?authuser=0&hl=zh-TW&rclk=1,25.0075241,121.5105392,0.1181073948315915,4.0,$1-200,876,"['味增湯', '布丁', '復古', '麻辣', '半熟蛋', '花椰菜', '牛雜', '牛小排', '店員', '皮蛋豆腐']"
阿呆去骨鹹水雞,234新北市永和區永平路156號號 No ,https://www.google.com/maps/place/%E9%98%BF%E5%91%86%E5%8E%BB%E9%AA%A8%E9%B9%B9%E6%B0%B4%E9%9B%9E/data=!4m7!3m6!1s0x3442a9c31e8f91d1:0xf2a990eb8a41f8af!8m2!3d25.0087907!4d121.5112325!16s%2Fg%2F11byxf6yr0!19sChIJ0ZGPHsOpQjQRr_hBiuuQqfI?authuser=0&hl=zh-TW&rclk=1,25.0083778,121.5086918,0.1598937432621892,3.8,$1-200,126,"['菜', '樂華夜市', '鹽水雞', '餐', '價格', '筍', '調味', '檯面', '想法', '花錢']"
口吅品麻辣臭豆腐&平價牛排複合店永和店,234新北市永和區永平路172號 ,https://www.google.com/maps/place/%E5%8F%A3%E5%90%85%E5%93%81%E9%BA%BB%E8%BE%A3%E8%87%AD%E8%B1%86%E8%85%90%26%E5%B9%B3%E5%83%B9%E7%89%9B%E6%8E%92%E8%A4%87%E5%90%88%E5%BA%97%E6%B0%B8%E5%92%8C%E5%BA%97/data=!4m7!3m6!1s0x3442a83248e4c7d7:0xb23478d7c6b8df34!8m2!3d25.0090402!4d121.510759!16s%2Fg%2F1tjcm4nj!19sChIJ18fkSDKoQjQRNN-4xtd4NLI?authuser=0&hl=zh-TW&rclk=1,25.0090402,121.5081841,0.216491339764732,2.8,$1-400,579,"['鴨血', '沙朗', '樂華', '連鎖店', '豬排', '鐵板', '冬瓜茶', '雞排', '板麵', '雙拼']"
北斗肉圓,234新北市永和區永貞路309號 ,https://www.google.com/maps/place/%E5%8C%97%E6%96%97%E8%82%89%E5%9C%93/data=!4m7!3m6!1s0x3442a9dcc6bf32dd:0x2aa72e34cfb591fb!8m2!3d25.0063831!4d121.5101029!16s%2Fg%2F1tdvmfkh!19sChIJ3TK_xtypQjQR-5G1zzQupyo?authuser=0&hl=zh-TW&rclk=1,25.0063831,121.507528,0.3665879921718334,3.9,$1-200,1895,"['筍', '內餡', '炸', '貢丸', '四神湯', '有嚼勁', '排隊', '辣椒', '豆腐湯', '樂華夜市']"
阿牛仔義大利麵,234新北市永和區永平路160號 ,https://www.google.com/maps/place/%E9%98%BF%E7%89%9B%E4%BB%94%E7%BE%A9%E5%A4%A7%E5%88%A9%E9%BA%B5/data=!4m7!3m6!1s0x3442a98969be57f5:0x50d8ab6b1eab5eea!8m2!3d25.0087727!4d121.5111088!16s%2Fg%2F11k3q3zjdy!19sChIJ9Ve-aYmpQjQR6l6rHmur2FA?authuser=0&hl=zh-TW&rclk=1,25.0087727,121.5085339,0.1761307079160973,3.9,,43,"['牛排', '蛋包飯', '焗烤', '餐', '外送', '玉米', '肉醬', '口感']"
【玉駕清蒸】新鮮玉米粒杯｜永和樂華店,234新北市永和區永平路81巷4號號前 ,https://www.google.com/maps/place/%E3%80%90%E7%8E%89%E9%A7%95%E6%B8%85%E8%92%B8%E3%80%91%E6%96%B0%E9%AE%AE%E7%8E%89%E7%B1%B3%E7%B2%92%E6%9D%AF%EF%BD%9C%E6%B0%B8%E5%92%8C%E6%A8%82%E8%8F%AF%E5%BA%97/data=!4m7!3m6!1s0x3442a933013a84ab:0xe52c7fe18a594d4b!8m2!3d25.0082986!4d121.5116084!16s%2Fg%2F11sfg75fn8!19sChIJq4Q6ATOpQjQRS01ZiuF_LOU?authuser=0&hl=zh-TW&rclk=1,25.0082986,121.5090335,0.1274576489467785,4.5,$1-200,123,"['口味', '海鹽', '奶油', '價格', '樂華夜市', '白醬', '鹹蛋黃', '夕陽', '罐頭', '水煎包']"
蔬軾．樂華店．創意蔬食料理．So Veg Restaurant,23443新北市永和區中山路一段136號 ,https://www.google.com/maps/place/%E8%94%AC%E8%BB%BE%EF%BC%8E%E6%A8%82%E8%8F%AF%E5%BA%97%EF%BC%8E%E5%89%B5%E6%84%8F%E8%94%AC%E9%A3%9F%E6%96%99%E7%90%86%EF%BC%8ESo+Veg+Restaurant/data=!4m7!3m6!1s0x3442a9c94005f109:0x6d6fd64ba7c3ed8e!8m2!3d25.0099006!4d121.510173!16s%2Fg%2F11rrzb6rck!19sChIJCfEFQMmpQjQRju3Dp0vWb20?authuser=0&hl=zh-TW&rclk=1,25.0099006,121.5075981,0.3072682118830405,4.8,$400-600,2507,"['臭豆腐', '燉飯', '茭白', '牛肝菌', '蛋黃', '優格冰淇淋', '細扁麵', '乾鍋', '樂華夜市', 'sherry']"
雪兒煙囪捲,234新北市永和區永平路164號 ,https://www.google.com/maps/place/%E9%9B%AA%E5%85%92%E7%85%99%E5%9B%AA%E6%8D%B2/data=!4m7!3m6!1s0x3442a9183e9f2251:0x6200c0967b1c3953!8m2!3d25.0089119!4d121.5109143!16s%2Fg%2F11q4h_p0ws!19sChIJUSKfPhipQjQRUzkce5bAAGI?authuser=0&hl=zh-TW&rclk=1,25.0089119,121.5083394,0.198053533079051,4.5,$1-200,137,"['口味', '焦糖', '烤', '口感', '樂華夜市', '肉桂', '價格', '麵團', '堅果', '點心']"
台灣鹽酥雞創始總店 樂華店,234新北市永和區永和路一段147號 ,https://www.google.com/maps/place/%E5%8F%B0%E7%81%A3%E9%B9%BD%E9%85%A5%E9%9B%9E%E5%89%B5%E5%A7%8B%E7%B8%BD%E5%BA%97+%E6%A8%82%E8%8F%AF%E5%BA%97/data=!4m7!3m6!1s0x3442a9c27e33b13b:0xdd669bd6371c277d!8m2!3d25.009095!4d121.513968!16s%2Fg%2F11df1tz0tp!19sChIJO7EzfsKpQjQRfSccN9abZt0?authuser=0&hl=zh-TW&rclk=1,25.009095,121.5113931,0.1285319865809353,4.4,$1-200,1428,"['外送', '衛生', '魷魚', '環境', '胡椒粉', '龍珠', '包裝', '熊貓', '皮蛋', '雞蛋豆腐']"
樂野鍋物 LeYe Hot Pot,234新北市永和區中山路一段166號 ,https://www.google.com/maps/place/%E6%A8%82%E9%87%8E%E9%8D%8B%E7%89%A9+LeYe+Hot+Pot/data=!4m7!3m6!1s0x3442a9a7e6ec7f3b:0x421764a36946f812!8m2!3d25.009295!4d121.509414!16s%2Fg%2F11p9cc8fl7!19sChIJO3_s5qepQjQREvhGaaNkF0I?authuser=0&hl=zh-TW&rclk=1,25.009295,121.5068391,0.3550832500747283,4.9,$400-600,2829,"['生日', '活動', '蝦仁', '花枝', '牛奶鍋', '昆布', '樂華夜市', '海陸套餐', '榴槤', '插座']"
阿婆的章魚燒,234新北市永和區永平路142號樂華夜市 ,https://www.google.com/maps/place/%E9%98%BF%E5%A9%86%E7%9A%84%E7%AB%A0%E9%AD%9A%E7%87%92/data=!4m7!3m6!1s0x3442a9c2e119226f:0x6492319d998aa797!8m2!3d25.008384!4d121.5114959!16s%2Fg%2F11hc_2ssv_!19sChIJbyIZ4cKpQjQRl6eKmZ0xkmQ?authuser=0&hl=zh-TW&rclk=1,25.008384,121.508921,0.1368746115276035,4.0,$1-200,109,"['阿公', '盒', '價格', '口感', '油', '內餡', '烤盤', '海苔', '糊', '芥末']"
老大薯條-樂華夜市,234新北市永和區永平路51之6號 ,https://www.google.com/maps/place/%E8%80%81%E5%A4%A7%E8%96%AF%E6%A2%9D-%E6%A8%82%E8%8F%AF%E5%A4%9C%E5%B8%82/data=!4m7!3m6!1s0x3442a9006534e8f9:0xd93d5b35a78bd38!8m2!3d25.0085774!4d121.5127875!16s%2Fg%2F11vzjj6b4d!19sChIJ-eg0ZQCpQjQROL14WrPVkw0?authuser=0&hl=zh-TW&rclk=1,25.0085774,121.5102126,0.0054420531437484,4.6,$1-200,5,['芥末']
麵嫂,234新北市永和區保福路一段33號 ,https://www.google.com/maps/place/%E9%BA%B5%E5%AB%82/data=!4m7!3m6!1s0x3442a9c2bc8425e5:0xcd9b64c62a260067!8m2!3d25.0089587!4d121.5127304!16s%2Fg%2F1tcw5wvm!19sChIJ5SWEvMKpQjQRZwAmKsZkm80?authuser=0&hl=zh-TW&rclk=1,25.0089587,121.5101555,0.0454596514417583,3.8,$1-200,1006,"['小菜', '醬油', '乾麵', '煮', '油蔥', '陽春麵', '滷味', '鴨蛋', '黑白切', '紅油抄手']"
泰愛了 手工泰式奶茶 樂華店,235新北市中和區永平路79號 ,https://www.google.com/maps/place/%E6%B3%B0%E6%84%9B%E4%BA%86+%E6%89%8B%E5%B7%A5%E6%B3%B0%E5%BC%8F%E5%A5%B6%E8%8C%B6+%E6%A8%82%E8%8F%AF%E5%BA%97/data=!4m7!3m6!1s0x3442a9ed4897363b:0x84884ae7524f256!8m2!3d25.0083518!4d121.5119251!16s%2Fg%2F11kb4vql09!19sChIJOzaXSO2pQjQRVvIkda6ESAg?authuser=0&hl=zh-TW&rclk=1,25.0083518,121.5093502,0.0949985989422598,4.9,$1-200,223,"['杯', '椰奶', '香', '草莓', '樂華夜市', '聖誕節', '選擇', '活動', '夏天', '親切']"
加分100%浜中特選昆布鍋物-永和樂華店,234新北市永和區永和路一段115-2號 ,https://www.google.com/maps/place/%E5%8A%A0%E5%88%86100%25%E6%B5%9C%E4%B8%AD%E7%89%B9%E9%81%B8%E6%98%86%E5%B8%83%E9%8D%8B%E7%89%A9-%E6%B0%B8%E5%92%8C%E6%A8%82%E8%8F%AF%E5%BA%97/data=!4m7!3m6!1s0x3442a93ad59e0437:0x12b1a32d6949a055!8m2!3d25.0081177!4d121.5138107!16s%2Fg%2F11p6d0xxmv!19sChIJNwSe1TqpQjQRVaBJaS2jsRI?authuser=0&hl=zh-TW&rclk=1,25.0081177,121.5112358,0.1097427073081587,4.4,$200-400,733,"['白醬', '仙草', '起司', '芋泥', '牛奶鍋', '肩', '冰沙', '現金', '王子麵', '梅汁']"
無名いざかや no-name Izakaya,234新北市永和區保平路50巷2號 ,https://www.google.com/maps/place/%E7%84%A1%E5%90%8D%E3%81%84%E3%81%96%E3%81%8B%E3%82%84+no-name+Izakaya/data=!4m7!3m6!1s0x3442a9c2d5e43547:0x81deb2bf4c1bc8c7!8m2!3d25.0071959!4d121.511309!16s%2Fg%2F11c549wzm8!19sChIJRzXk1cKpQjQRx8gbTL-y3oE?authuser=0&hl=zh-TW&rclk=1,25.0078057,121.5089431,0.157288363171523,4.6,$400-600,276,"['明太子', '炒飯', '幽默', '剝皮辣椒', '串', '蛤蜊', '山藥', '牛丼', '燒烤', '雞湯']"
狂魔炒飯x餓鬼糧倉-永和店(店休不固定，請看FB公告),234新北市永和區保平路141號 ,https://www.google.com/maps/place/%E7%8B%82%E9%AD%94%E7%82%92%E9%A3%AFx%E9%A4%93%E9%AC%BC%E7%B3%A7%E5%80%89-%E6%B0%B8%E5%92%8C%E5%BA%97%28%E5%BA%97%E4%BC%91%E4%B8%8D%E5%9B%BA%E5%AE%9A%EF%BC%8C%E8%AB%8B%E7%9C%8BFB%E5%85%AC%E5%91%8A%29/data=!4m7!3m6!1s0x3442a9ead770a3a9:0xc5099099a5861680!8m2!3d25.0059475!4d121.510231!16s%2Fg%2F11qgyvgz8d!19sChIJqaNw1-qpQjQRgBaGpZmQCcU?authuser=0&hl=zh-TW&rclk=1,25.0059475,121.5076561,0.3911724793003416,4.3,$1-200,703,"['炒麵', '鴨肉', '蝦仁', '牛肉', '鹹豬肉', '燴飯', '麻婆豆腐', '蓋飯', '龜', '內環境']"
籠飽包手作小籠包,234新北市永和區保福路一段23巷18號保平路18巷上 ,https://www.google.com/maps/place/%E7%B1%A0%E9%A3%BD%E5%8C%85%E6%89%8B%E4%BD%9C%E5%B0%8F%E7%B1%A0%E5%8C%85/data=!4m7!3m6!1s0x3442a95c61e71389:0xa3f5cd2d704f55e3!8m2!3d25.0080956!4d121.5119242!16s%2Fg%2F11rhf09xyh!19sChIJiRPnYVypQjQR41VPcC3N9aM?authuser=0&hl=zh-TW&rclk=1,25.0080956,121.5093493,0.1056278485095838,4.2,$1-200,345,"['內餡', '酸辣湯', '煎包', '汁', '樂華夜市', '原山老柴蒸包', '湯包', '豆瓣醬', '豆漿', '杏仁']"
雅香石頭火鍋(永和店),23450新北市永和區福和路381號 ,https://www.google.com/maps/place/%E9%9B%85%E9%A6%99%E7%9F%B3%E9%A0%AD%E7%81%AB%E9%8D%8B%28%E6%B0%B8%E5%92%8C%E5%BA%97%29/data=!4m7!3m6!1s0x3442a91a5a720a3b:0x9adc4d3968c25b4d!8m2!3d25.0074674!4d121.5143866!16s%2Fg%2F11srsk02gg!19sChIJOwpyWhqpQjQRTVvCaDlN3Jo?authuser=0&hl=zh-TW&rclk=1,25.0074674,121.5118117,0.1977120977799355,4.7,$400-600,1387,"['生日', '店員', '爆香', '聚餐', '冰箱', '爆炒', '宵夜', '開鍋', '乾魷魚', '算']"
菜更香蒙古烤肉,234新北市永和區永平路188號 ,https://www.google.com/maps/place/%E8%8F%9C%E6%9B%B4%E9%A6%99%E8%92%99%E5%8F%A4%E7%83%A4%E8%82%89/data=!4m7!3m6!1s0x3442a96622b038c1:0x2fb5b3c2dfbddfcc!8m2!3d25.009436!4d121.510357!16s%2Fg%2F11trsv76r0!19sChIJwTiwImapQjQRzN-938KztS8?authuser=0&hl=zh-TW&rclk=1,25.009436,121.5077821,0.2685732120403221,4.5,$1-200,319,"['白飯', '炒', '飲料', '夾', '價格', '沙茶', '荷包蛋', '碗', '外送', '豬油']"
陳記燒臘,234新北市永和區保平路32號 ,https://www.google.com/maps/place/%E9%99%B3%E8%A8%98%E7%87%92%E8%87%98/data=!4m7!3m6!1s0x3442a9c2d19d7065:0x37cdcab6d5d03408!8m2!3d25.0072932!4d121.5119014!16s%2Fg%2F1vc7_hrx!19sChIJZXCd0cKpQjQRCDTQ1bbKzTc?authuser=0&hl=zh-TW&rclk=1,25.0072932,121.5093265,0.1692231686440052,4.2,$1-200,2319,"['配菜', '便當', '排隊', '油雞', '主菜', '紅茶', '烤鴨', '發票', '招牌', '叉燒肉']"
鼎饌小火鍋堂,234新北市永和區永平路201號 ,https://www.google.com/maps/place/%E9%BC%8E%E9%A5%8C%E5%B0%8F%E7%81%AB%E9%8D%8B%E5%A0%82/data=!4m7!3m6!1s0x140dd699f22ea013:0x61f21828e656a469!8m2!3d25.0099438!4d121.5095038!16s%2Fg%2F11b6nxg8kz!19sChIJE6Au8pnWDRQRaaRW5igY8mE?authuser=0&hl=zh-TW&rclk=1,25.0099438,121.5069289,0.3698171196312423,4.1,$1-200,200,"['料', '甜', 'cp值', '冬瓜茶', '白飯', '羊肉爐', '臭臭鍋', '南瓜', '素食', '夜市']"
大鶴茶 樂華夜市店,234新北市永和區永平路81巷4號 ,https://www.google.com/maps/place/%E5%A4%A7%E9%B6%B4%E8%8C%B6+%E6%A8%82%E8%8F%AF%E5%A4%9C%E5%B8%82%E5%BA%97/data=!4m7!3m6!1s0x3442a902582affb5:0x6791a491fe445b4b!8m2!3d25.0081785!4d121.5114987!16s%2Fg%2F11tg8qpf_f!19sChIJtf8qWAKpQjQRS1tE_pGkkWc?authuser=0&hl=zh-TW&rclk=1,25.0081785,121.5089238,0.1416509784554471,4.7,,43,"['甘蔗', '紅茶', '甜', '青茶', '香', '杯', '鮮', '冬瓜']"
大叔花茶舖（樂華店）,234新北市永和區永平路26號 ,https://www.google.com/maps/place/%E5%A4%A7%E5%8F%94%E8%8A%B1%E8%8C%B6%E8%88%96%EF%BC%88%E6%A8%82%E8%8F%AF%E5%BA%97%EF%BC%89/data=!4m7!3m6!1s0x3442a92902352949:0x779385273e863242!8m2!3d25.0089094!4d121.513289!16s%2Fg%2F11p_0fgxcs!19sChIJSSk1AimpQjQRQjKGPieFk3c?authuser=0&hl=zh-TW&rclk=1,25.0089094,121.5107141,0.0597397908297505,4.9,$1-200,1261,"['奶茶', '薰衣草', '玫瑰', '桂花', '涼茶', '花草茶', '香茅', '莓果', '森林', '薄荷']"
泰桑哩SonnyChaThai樂華店｜泰式茶飲,234新北市永和區永平路181號 ,https://www.google.com/maps/place/%E6%B3%B0%E6%A1%91%E5%93%A9SonnyChaThai%E6%A8%82%E8%8F%AF%E5%BA%97%EF%BD%9C%E6%B3%B0%E5%BC%8F%E8%8C%B6%E9%A3%B2/data=!4m7!3m6!1s0x3442a92ec4f63679:0x60d3ead3ab65374a!8m2!3d25.0092694!4d121.5101503!16s%2Fg%2F11fkwc_d81!19sChIJeTb2xC6pQjQRSjdlq9Pq02A?authuser=0&hl=zh-TW&rclk=1,25.0092694,121.5075754,0.2824492112868473,4.2,$1-200,266,"['泰式奶茶', '樂華夜市', '糖', '價格', '煉乳', '美祿', '手', '道', '口味', '冰塊']"
泰享喝商行「泰式手工奶茶」,234新北市永和區保福路一段23巷18號一級棒碳烤旁 ,https://www.google.com/maps/place/%E6%B3%B0%E4%BA%AB%E5%96%9D%E5%95%86%E8%A1%8C%E3%80%8C%E6%B3%B0%E5%BC%8F%E6%89%8B%E5%B7%A5%E5%A5%B6%E8%8C%B6%E3%80%8D/data=!4m7!3m6!1s0x3442a96f07ef6571:0xae932d9e0a2603b0!8m2!3d25.0080857!4d121.5119491!16s%2Fg%2F11nl93p28j!19sChIJcWXvB2-pQjQRsAMmCp4tk64?authuser=0&hl=zh-TW&rclk=1,25.0080857,121.5093742,0.1039901145446373,4.6,$1-200,500,"['泰式奶茶', '杯', '椰奶', '糖', '煉乳', '店員', '香', '手', '紅茶', '道']"
樂華夜市 參生有杏,234新北市永和區永平路147號 ,https://www.google.com/maps/place/%E6%A8%82%E8%8F%AF%E5%A4%9C%E5%B8%82+%E5%8F%83%E7%94%9F%E6%9C%89%E6%9D%8F/data=!4m7!3m6!1s0x3442a9ca240eb141:0x10235384fb4b0b44!8m2!3d25.008512!4d121.511081!16s%2Fg%2F11s_zwscsl!19sChIJQbEOJMqpQjQRRAtL-4RTIxA?authuser=0&hl=zh-TW&rclk=1,25.008512,121.5085061,0.1774374021831763,4.2,$1-200,38,"['杏仁茶', '甜', '冰', '杏仁豆腐', '冷', '酥脆', '雪花', '糖漿', '口感', '香']"
不可不喝奶昔屋,23444新北市永和區永平路170號 ,https://www.google.com/maps/place/%E4%B8%8D%E5%8F%AF%E4%B8%8D%E5%96%9D%E5%A5%B6%E6%98%94%E5%B1%8B/data=!4m7!3m6!1s0x3442a9df21fbba39:0xdc7c0296bbbb4d12!8m2!3d25.0090385!4d121.5107613!16s%2Fg%2F11h1j26cwx!19sChIJObr7Id-pQjQREk27u5YCfNw?authuser=0&hl=zh-TW&rclk=1,25.0090385,121.5081864,0.2162200695503074,3.0,$1-200,414,"['莓果', '優酪乳', '排隊', '牛奶', '湯包', '酪梨', '小籠包', 'oreo', '故意', '木瓜']"
樂華椰奶,234新北市永和區永平路14號號前 ,https://www.google.com/maps/place/%E6%A8%82%E8%8F%AF%E6%A4%B0%E5%A5%B6/data=!4m7!3m6!1s0x3442a9c8b73a0c8d:0xa2101205e1bd8d7a!8m2!3d25.008931!4d121.5134597!16s%2Fg%2F11sc0fq0fv!19sChIJjQw6t8ipQjQReo294QUSEKI?authuser=0&hl=zh-TW&rclk=1,25.008931,121.5108848,0.0750031314930036,5.0,,5,['西米露']
樂華夜市-越南椰子冰沙咖啡,234新北市永和區永和保福路一段27號 ,https://www.google.com/maps/place/%E6%A8%82%E8%8F%AF%E5%A4%9C%E5%B8%82-%E8%B6%8A%E5%8D%97%E6%A4%B0%E5%AD%90%E5%86%B0%E6%B2%99%E5%92%96%E5%95%A1/data=!4m7!3m6!1s0x3442a97ac9a68d25:0x4f89ee86589b4c5f!8m2!3d25.0088816!4d121.5127623!16s%2Fg%2F11w5bpzmp3!19sChIJJY2myXqpQjQRX0ybWIbuiU8?authuser=0&hl=zh-TW&rclk=1,25.008448,121.5097891,0.0494349415880952,5.0,$1-200,18,"['甜', '椰奶']"
胖妞仙草奶凍,234新北市永和區永平路28號 ,https://www.google.com/maps/place/%E8%83%96%E5%A6%9E%E4%BB%99%E8%8D%89%E5%A5%B6%E5%87%8D/data=!4m7!3m6!1s0x3442a9c28ec5e905:0x9d97e870a08794a1!8m2!3d25.0088564!4d121.5130696!16s%2Fg%2F1tkb_tl9!19sChIJBenFjsKpQjQRoZSHoHDol50?authuser=0&hl=zh-TW&rclk=1,25.0087439,121.5095682,0.0730372894850505,3.4,,77,"['檸檬', '價格', '蔓越莓', '綠茶', '樂華夜市']"
莊家班麻油雞,234新北市永和區保平路28號 ,https://www.google.com/maps/place/%E8%8E%8A%E5%AE%B6%E7%8F%AD%E9%BA%BB%E6%B2%B9%E9%9B%9E/data=!4m7!3m6!1s0x3442a9c2cf9c7d89:0xaa5012fdd7f6ad7!8m2!3d25.0086816!4d121.5133089!16s%2Fg%2F1vm784fz!19sChIJiX2cz8KpQjQR12p_3S8BpQo?authuser=0&hl=zh-TW&rclk=1,25.0086816,121.5133089,0.3077462884419068,3.6,$200-400,359,"['麵線', '湯', '碗', '腰子', '雞腿', '冷', '米酒', '夜市', '豬肝', '里肌肉']"
168魷魚羹,234新北市永和區永平路81巷1號號 ,https://www.google.com/maps/place/168%E9%AD%B7%E9%AD%9A%E7%BE%B9/data=!4m7!3m6!1s0x3442a9c2dda8d1c7:0x40b5fa104923b3ca!8m2!3d25.0080473!4d121.5118461!16s%2Fg%2F11g65bz81n!19sChIJx9Go3cKpQjQRyrMjSRD6tUA?authuser=0&hl=zh-TW&rclk=1,25.0080473,121.5118461,0.1695932824648337,3.7,$1-200,69,"['臭豆腐', '麵', '價格', '沙茶', '滷肉飯', '夜市', '肉圓', '蝦仁', '碗', '花枝']"
官記 純檸檬泰式涼拌青木瓜,234新北市永和區永平路180巷1號 ,https://www.google.com/maps/place/%E5%AE%98%E8%A8%98+%E7%B4%94%E6%AA%B8%E6%AA%AC%E6%B3%B0%E5%BC%8F%E6%B6%BC%E6%8B%8C%E9%9D%92%E6%9C%A8%E7%93%9C/data=!4m7!3m6!1s0x140dd69ca9f60deb:0x7a80917c7a9bad16!8m2!3d25.0092558!4d121.5106021!16s%2Fg%2F1td5ctn2!19sChIJ6w32qZzWDRQRFq2benyRgHo?authuser=0&hl=zh-TW&rclk=1,25.0092558,121.5106021,0.0843104762802522,4.0,$1-200,1102,"['微辣', '樂華夜市', '排隊', '番茄', '魚露', '開胃', '心理', '泰國', '蝦米', '外籍配偶']"
